-1,-1303.0202087935725,31.675096990740716,690.0,1263.072,39.94820879357259,16.0
-1,-1245.0685300343416,110.58759651851852,275.0,159.07200000000012,1085.9965300343415,29.0
-1,-837.256564342677,112.03144083796305,280.0,185.27999999999997,651.9765643426771,30.0
-1,-1138.148495025784,126.16282729166691,287.0,188.9280000000001,949.2204950257836,30.0
-1,-567.5287071233504,80.12347505092596,222.0,171.74400000000009,395.7847071233504,30.0
-1,-868.241031177241,117.99295092129644,258.0,173.56799999999998,694.673031177241,30.0
-1,-563.0814591593225,77.1424522777778,230.0,173.9520000000001,389.1294591593225,30.0
-1,-764.2484392780291,120.26087656944436,278.0,206.78400000000016,557.464439278029,30.0
-1,-857.4082481793166,112.66021513888884,284.0,221.95200000000025,635.4562481793164,30.0
-1,-843.7977816121769,98.71428168981484,281.0,277.34400000000016,566.4537816121767,30.0
-1,-779.5446605188771,85.14501081481481,250.0,228.28800000000007,551.256660518877,30.0
-1,-651.8344274216395,83.6511458888889,227.0,182.78400000000013,469.05042742163937,30.0
-1,-464.4038743722846,60.3600379120371,189.0,198.72000000000008,265.6838743722845,30.0
-1,-995.7248143781734,116.88487819444444,292.0,225.6960000000001,770.0288143781733,30.0
-1,-683.8496103831546,65.86838242129647,240.0,264.4800000000001,419.36961038315457,30.0
-1,-571.6505453052445,83.19303024537044,245.0,220.99200000000016,350.6585453052444,30.0
-1,-602.9261011007495,86.62817943981493,245.0,227.71200000000016,375.21410110074936,30.0
-1,-404.0541289279034,46.04695814814824,200.0,250.08000000000013,153.97412892790328,30.0
-1,-393.4615897690814,39.76169035648154,194.0,267.16800000000006,126.29358976908134,28.0
-1,-722.5879887222418,98.43765733333332,283.0,271.96800000000013,450.6199887222416,30.0
-1,-264.9521311628784,27.449422245370343,149.0,191.4240000000001,73.5281311628783,27.0
-1,-311.21084814666983,27.82724425462957,153.0,194.68800000000013,116.52284814666972,27.0
-1,-440.9864230519754,24.066084518518466,215.0,310.75199999999967,130.2344230519757,29.0
-1,-344.9041989294876,34.926082949074065,165.0,187.9680000000001,156.9361989294875,30.0
-1,-305.9821902049897,21.094002398148103,162.0,221.2800000000001,84.70219020498963,29.0
-1,-282.1767063744428,27.624794245370285,161.0,222.04800000000012,60.128706374442665,24.0
-1,-454.85657059205016,41.30296163888884,191.0,216.86400000000003,237.9925705920501,30.0
-1,-293.46015058049056,28.182016101851797,168.0,224.25600000000009,69.2041505804905,27.0
-1,-487.1627910643055,29.61451011574066,201.0,326.6879999999995,160.474791064306,30.0
-1,-385.4203319024352,38.767126861111045,194.0,243.55200000000008,141.86833190243513,30.0
-1,-428.0358943506516,22.075752754629587,214.0,321.0239999999995,107.01189435065211,29.0
-1,-213.8270652962099,14.351714342592606,117.0,147.64800000000008,66.17906529620981,24.0
-1,-473.50129007137184,49.581051226851855,200.0,220.99200000000013,252.5092900713717,29.0
-1,-450.76539294221845,26.41286002777769,200.0,292.896,157.8693929422185,30.0
-1,-285.9335042036597,19.42602827314814,169.0,210.43200000000013,75.50150420365958,30.0
-1,-370.0380455872076,16.989657925925897,192.0,306.2399999999997,63.79804558720787,29.0
-1,-414.2526031267796,28.23859011111105,198.0,273.31199999999995,140.94060312677968,30.0
-1,-519.4252118927275,20.053423148148056,255.0,408.1919999999988,111.23321189272863,29.0
-1,-325.69531314125544,21.695445560185124,156.0,221.4720000000001,104.22331314125536,29.0
-1,-283.66846292732765,22.424290421296263,157.0,198.9120000000001,84.75646292732759,30.0
-1,-277.56721115372824,20.36433008333328,163.0,230.7840000000001,46.78321115372812,22.0
-1,-274.722907314889,20.22418725925919,136.0,205.92000000000004,68.80290731488897,24.0
-1,-336.1615647378528,26.98730729629625,189.0,258.816,77.3455647378528,25.0
-1,-382.6506041144361,30.90497598611105,163.0,206.88000000000025,175.77060411443586,28.0
-1,-329.24506226379293,18.150227097222142,169.0,268.704,60.54106226379295,26.0
-1,-463.48144829721525,21.680730074074003,202.0,317.8559999999996,145.62544829721566,29.0
-1,-181.00440321027168,17.976403805555567,112.0,117.12000000000003,63.884403210271614,25.0
-1,-311.7703425511145,20.058949699073988,153.0,227.61600000000004,84.15434255111444,28.0
-1,-351.429918693375,18.882657361111065,172.0,256.6080000000001,94.82191869337488,27.0
-1,-371.4250347989622,15.051980939814772,179.0,305.2799999999997,66.1450347989625,26.0
-1,-390.2107522364232,12.902543027777774,194.0,310.0799999999997,80.13075223642348,27.0
-1,-314.9221126353684,19.853401425925863,167.0,238.17600000000007,76.74611263536835,26.0
-1,-276.42601090751486,14.524280268518526,135.0,203.23200000000008,73.1940109075148,26.0
-1,-294.5316593194297,22.071992138888817,152.0,234.33600000000013,60.19565931942957,24.0
-1,-293.85504805667705,12.48434179166666,141.0,217.15200000000013,76.70304805667693,30.0
-1,-352.4603446330248,13.930646009259249,156.0,236.7360000000001,115.72434463302466,29.0
-1,-334.59023487433734,16.219814425925893,170.0,269.664,64.92623487433735,27.0
-1,-231.46991844707716,17.732283384259237,121.0,177.31200000000013,54.157918447077016,27.0
-1,-273.7349612743367,14.332298342592576,120.0,189.1200000000001,84.61496127433665,29.0
-1,-236.8273179285569,15.099982439814797,120.0,177.2160000000001,59.6113179285568,26.0
-1,-426.9075193969504,18.109937175925896,191.0,323.99999999999955,102.90751939695087,27.0
-1,-439.05551518647786,14.20242904166664,207.0,352.99199999999945,86.06351518647843,29.0
-1,-290.7903883971572,12.861039500000016,154.0,236.5440000000001,54.24638839715705,24.0
-1,-305.10755316644617,12.536116111111102,153.0,250.27200000000016,54.83555316644601,25.0
-1,-404.6366748768209,15.47210557407406,176.0,294.9119999999998,109.72467487682104,30.0
-1,-350.3169674725501,26.45443874074075,138.0,186.52800000000013,163.78896747254998,29.0
-1,-414.218052611412,24.093250425925863,161.0,271.968,142.25005261141206,28.0
-1,-293.4824727692135,13.39029879166666,126.0,208.12800000000004,85.35447276921344,29.0
-1,-334.251932637049,10.57031669444446,174.0,275.0399999999999,59.211932637049046,24.0
-1,-314.9736283462174,14.217550069444446,139.0,228.28800000000007,86.68562834621734,24.0
-1,-278.0504151206005,16.968727124999965,123.0,181.6320000000001,96.41841512060044,28.0
-1,-224.43714619455025,14.124301319444442,113.0,166.36800000000008,58.069146194550136,27.0
-1,-307.1708821527935,14.608543291666638,130.0,230.3040000000001,76.86688215279344,22.0
-1,-183.74521850377056,9.79159218055558,92.0,130.84800000000007,52.8972185037705,23.0
-1,-276.3633839468782,19.11623018981476,146.0,207.84000000000003,68.52338394687816,29.0
-1,-271.3238607418825,15.621978393518503,127.0,193.0560000000001,78.26786074188242,22.0
-1,-295.6391967641265,17.78346622685179,130.0,204.7680000000001,90.87119676412648,23.0
-1,-225.89650930607883,19.416945921296257,124.0,190.3680000000001,35.52850930607872,18.0
-1,-433.0119010930896,21.6347895833333,167.0,273.216,159.79590109308958,29.0
-1,-243.83198582479105,21.84954415740737,114.0,147.6480000000001,96.18398582479097,22.0
-1,-339.4890817925469,17.87081974074072,163.0,269.66400000000004,69.82508179254687,21.0
-1,-316.8576212017983,13.623772069444442,155.0,243.8400000000001,73.01762120179818,27.0
-1,-267.24220412707143,20.09703329166664,129.0,185.76000000000005,81.48220412707137,29.0
-1,-522.8742300619845,11.33101683333334,235.0,402.6239999999992,120.2502300619853,27.0
-1,-256.34329652595386,21.043158398148115,122.0,167.42400000000004,88.91929652595384,24.0
-1,-233.6413618685488,14.167360009259252,109.0,172.99200000000008,60.6493618685487,28.0
-1,-554.0185223216756,22.655466467592525,220.0,358.07999999999936,195.93852232167623,25.0
-1,-417.2429704373042,17.24278281944442,170.0,289.5359999999999,127.70697043730436,26.0
-1,-257.3580440142359,14.049035509259229,124.0,179.04000000000008,78.31804401423581,27.0
-1,-179.1030381711564,19.12759021296296,103.0,141.40800000000004,37.695038171156384,22.0
-1,-256.804283658032,12.837748458333314,114.0,186.4320000000001,70.37228365803186,26.0
-1,-295.54834487995066,12.124301324074064,126.0,208.99200000000008,86.5563448799506,30.0
-1,-297.79857149190696,9.677254796296308,137.0,220.41600000000008,77.3825714919069,29.0
-1,-226.987409933415,17.081458763888886,115.0,173.85600000000008,53.13140993341492,26.0
-1,-193.7667512422377,11.753557319444438,89.0,139.10400000000007,54.66275124223761,25.0
-1,-225.67683304597105,16.83179011111109,107.0,159.74400000000009,65.93283304597092,27.0
-1,-246.9862529615175,12.470795050925934,109.0,181.5360000000001,65.45025296151744,27.0
-1,-296.4750960530285,20.7421330416666,137.0,201.12000000000003,95.35509605302848,29.0
-1,-410.4787151187112,17.608346388888872,134.0,208.7040000000001,201.77471511871107,29.0
-1,-162.52200600350676,10.609459819444435,75.0,106.84800000000006,55.67400600350672,27.0
-1,-271.9884920165648,13.967330152777778,93.0,146.5920000000001,125.39649201656474,27.0
-1,-255.06216552010045,16.97990482407407,97.0,140.25600000000009,114.80616552010036,28.0
-1,-112.92834419005814,10.526546236111123,62.0,67.29600000000002,45.63234419005813,25.0
-1,-378.6067038948818,16.375305856481482,157.0,256.51200000000006,122.09470389488176,28.0
-1,-212.72330383875132,13.475173606481462,100.0,159.8400000000001,52.88330383875128,23.0
-1,-284.2818212561464,16.64447221296291,124.0,206.3040000000001,77.97782125614626,26.0
-1,-161.49446518892032,17.16418620370369,83.0,122.59200000000008,38.90246518892025,23.0
-1,-249.55386134585845,15.26514609259256,113.0,174.14400000000012,75.40986134585833,25.0
-1,-277.77862498723294,13.859389388888872,97.0,155.71200000000005,122.0666249872329,26.0
-1,-475.3785409399911,37.47048039814814,140.0,170.97600000000008,304.40254093999107,28.0
-1,-195.42447359421996,17.708043120370302,105.0,160.0320000000001,35.39247359421984,20.0
-1,-251.0561188136596,11.302921092592571,111.0,186.3360000000001,64.72011881365948,28.0
-1,-170.0258598705989,13.825207925925923,83.0,114.24000000000008,55.78585987059884,28.0
-1,-563.2574298376067,7.77155428703704,249.0,460.3199999999982,102.93742983760848,26.0
-1,-114.30858195180994,11.954210523148154,47.0,75.36000000000004,38.94858195180991,20.0
-1,-310.27858097769825,13.70190090277776,98.0,160.8000000000001,149.47858097769816,27.0
-1,-246.54886456603535,9.642665120370388,106.0,172.70400000000012,73.84486456603526,28.0
-1,-201.24123521462852,12.56423722222221,70.0,109.82400000000008,91.41723521462848,28.0
-1,-213.47890137449477,16.532834541666666,109.0,154.08000000000007,59.398901374494685,24.0
-1,-272.52024216591093,16.608686268518465,116.0,193.05600000000007,79.46424216591085,27.0
-1,-242.4983340160768,17.458511430555486,119.0,186.52800000000008,55.97033401607672,28.0
-1,-337.3580317190458,16.0899734583333,110.0,184.6080000000001,152.75003171904575,27.0
-1,-290.99669016988423,11.159353532407408,134.0,215.13600000000017,75.86069016988408,23.0
-1,-133.06672654397383,11.751432222222222,63.0,86.97600000000004,46.090726543973794,22.0
-1,-825.477104742375,48.410922999999976,233.0,261.79200000000026,563.6851047423747,30.0
-1,-318.2323474122908,28.120732069444383,122.0,163.2960000000001,154.93634741229064,30.0
-1,-308.0742581062259,17.08283325925922,145.0,225.31200000000007,82.7622581062258,27.0
-1,-168.0686344849943,17.389465990740728,82.0,123.07200000000007,44.99663448499423,27.0
-1,-250.2419280624384,21.61436834722212,125.0,186.0480000000001,64.1939280624383,26.0
-1,-123.6327220542334,16.92599669907404,80.0,94.46400000000006,29.16872205423336,18.0
-1,-246.96302439285043,15.28337196296294,117.0,187.29600000000008,59.66702439285036,24.0
-1,-262.14455615068226,12.170749175925916,101.0,172.51200000000003,89.63255615068225,29.0
-1,-184.2632905266698,12.379733532407398,66.0,110.68800000000006,73.57529052666975,27.0
-1,-282.2171280464115,21.17017318055555,103.0,141.98400000000012,140.23312804641137,29.0
-1,-249.4016486989338,16.013624509259266,98.0,145.5360000000001,103.8656486989337,30.0
-1,-211.56310485247624,16.409429981481473,103.0,152.06400000000008,59.49910485247614,28.0
-1,-411.250451662472,32.65840381944436,126.0,179.1360000000001,232.11445166247185,29.0
-1,-106.5555606693052,9.11734231944446,44.0,61.248000000000026,45.307560669305175,25.0
-1,-200.4988406301656,15.839073870370347,97.0,124.03200000000008,76.46684063016554,28.0
-1,-300.53030742453376,14.98017601388889,115.0,187.87200000000007,112.65830742453367,27.0
-1,-181.0810684761784,10.252412578703703,84.0,125.56800000000008,55.513068476178304,26.0
-1,-280.0428313748114,13.89577768518516,116.0,198.9120000000001,81.13083137481135,25.0
-1,-169.33259177915565,14.50996940277776,83.0,121.44000000000008,47.89259177915557,25.0
-1,-239.44723345888008,14.809179120370354,83.0,140.06400000000005,99.38323345888004,29.0
-1,-175.22868308291558,11.72693864814814,75.0,114.33600000000008,60.89268308291551,29.0
-1,-314.8354346330767,24.88567718055552,112.0,162.72000000000006,152.11543463307666,25.0
-1,-280.60356554292287,18.16808616666665,105.0,151.87200000000007,128.7315655429228,28.0
-1,-163.16721894162154,11.158325935185172,80.0,116.73600000000008,46.431218941621474,24.0
-1,-111.34891680720264,12.494856074074056,63.0,81.12000000000003,30.22891680720261,14.0
-1,-225.84087933123996,14.46570591203704,103.0,173.76000000000008,52.08087933123985,23.0
-1,-223.335382007602,10.63694356481482,89.0,153.2160000000001,70.11938200760193,26.0
-1,-422.03393466968055,22.660157611111103,108.0,151.29600000000008,270.7379346696805,30.0
-1,-253.8138681957797,15.955028148148129,115.0,181.82400000000007,71.98986819577966,29.0
-1,-117.60435278920616,12.24502745370371,65.0,76.03200000000004,41.57235278920613,22.0
-1,-215.47377428553136,16.436695527777776,106.0,156.38400000000007,59.089774285531306,26.0
-1,-283.0549740697808,25.17955312499996,100.0,124.51200000000006,158.5429740697807,27.0
-1,-137.9161985773981,7.895861361111121,50.0,74.97600000000003,62.940198577398064,26.0
-1,-250.77509471466112,16.139834935185153,113.0,195.0720000000001,55.70309471466102,25.0
-1,-133.5037384515886,9.775423550925936,56.0,75.55200000000004,57.95173845158856,23.0
-1,-178.8883810498656,17.73820541666664,87.0,125.66400000000009,53.22438104986552,23.0
-1,-100.71790667533344,17.985827157407392,75.0,63.84000000000002,36.87790667533343,21.0
-1,-205.75692901041853,16.096255481481478,100.0,137.56800000000007,68.18892901041846,29.0
-1,-184.6365809453177,16.185087319444417,90.0,127.00800000000008,57.62858094531765,24.0
-1,-376.1335739494615,16.782472898148153,130.0,216.4800000000001,159.6535739494614,30.0
-1,-170.6193819142797,13.148358791666675,91.0,119.13600000000004,51.48338191427966,25.0
-1,-191.2110494603604,12.331836754629622,75.0,118.84800000000008,72.36304946036033,26.0
-1,-254.19338211301363,14.952959611111094,116.0,189.0240000000001,65.16938211301353,23.0
-1,-392.6757951217465,19.28271068981475,161.0,273.408,119.26779512174647,30.0
-1,-106.5840300519948,9.616951476851854,47.0,62.20800000000002,44.376030051994775,23.0
-1,-187.95625939041471,21.72431901851845,105.0,142.46400000000008,45.492259390414624,23.0
-1,-255.6568475896813,15.451311347222196,105.0,177.31200000000004,78.34484758968127,29.0
-1,-270.4756383095401,13.286543370370367,101.0,168.8640000000001,101.61163830954004,23.0
-1,-215.7270707750533,16.7540356666666,104.0,165.2160000000001,50.511070775053255,22.0
-1,-199.5226910675752,18.013703601851823,108.0,145.7280000000001,53.79469106757515,28.0
-1,-345.8851629827543,21.067894902777745,111.0,166.46400000000014,179.4211629827542,29.0
-1,-107.86150470430267,16.449153578703704,61.0,65.95200000000003,41.90950470430267,22.0
-1,-131.4881458218683,12.69866206944443,61.0,82.17600000000004,49.312145821868256,24.0
-1,-248.33560581183923,15.96197099537038,88.0,133.82400000000007,114.51160581183916,30.0
-1,-234.39187781380645,18.09096277777777,109.0,160.60800000000006,73.7838778138064,25.0
-1,-217.21542972557523,14.850279328703692,95.0,145.44000000000003,71.7754297255752,29.0
-1,-179.75987369028144,16.693345314814813,82.0,111.64800000000008,68.11187369028137,27.0
-1,-109.71773936674336,13.467056189814828,64.0,78.24000000000004,31.477739366743336,22.0
-1,-173.14758563536833,13.19604323148148,81.0,112.60800000000008,60.53958563536827,22.0
-1,-173.90121813229155,17.946391393518493,95.0,122.78400000000008,51.11721813229149,23.0
-1,-314.6014867418369,15.963589421296296,142.0,219.7440000000001,94.85748674183677,25.0
-1,-149.03839009734807,17.57149863425922,80.0,97.05600000000004,51.98239009734801,25.0
-1,-291.6849253266309,12.543136606481475,114.0,187.96800000000007,103.7169253266308,27.0
-1,-166.69986231507468,12.973089157407385,84.0,116.44800000000008,50.25186231507461,25.0
-1,-116.96592360388756,12.562754648148138,58.0,76.22400000000003,40.74192360388753,25.0
-1,-177.43184448895136,17.09903939351853,70.0,82.27200000000005,95.15984448895132,27.0
-1,-124.2882374856324,15.107224810185162,78.0,85.92000000000006,38.368237485632335,20.0
-1,-195.21533356565365,12.168408180555543,79.0,108.57600000000006,86.63933356565359,27.0
-1,-140.3905376329662,15.84351398611107,67.0,94.08000000000004,46.31053763296615,24.0
-1,-117.34113491272132,12.187065620370367,53.0,65.85600000000002,51.48513491272131,20.0
-1,-153.32179801076376,12.863753550925914,62.0,94.65600000000006,58.66579801076368,30.0
-1,-149.3571738767414,11.865484314814788,59.0,89.76000000000005,59.59717387674136,24.0
-1,-148.94385836054357,22.695498328703664,116.0,106.36800000000004,42.57585836054355,18.0
-1,-133.5186822048663,17.312660768518512,63.0,86.01600000000003,47.50268220486627,24.0
-1,-240.14055375670125,16.10009737037037,111.0,151.584,88.55655375670126,28.0
-1,-208.03901299004505,19.34267819907402,97.0,145.5360000000001,62.503012990044965,30.0
-1,-196.67922386221315,19.396222495370303,102.0,140.0640000000001,56.61522386221304,27.0
-1,-214.5115200931127,16.42268087499999,109.0,152.8320000000001,61.679520093112565,23.0
-1,-196.409367935516,11.630834226851846,81.0,113.85600000000008,82.55336793551592,25.0
-1,-113.2375899198464,15.505133763888889,60.0,66.33600000000001,46.90158991984637,21.0
-1,-181.49165137903051,14.244072958333314,105.0,143.4240000000001,38.06765137903046,24.0
-1,-218.8744575983412,18.228187004629586,109.0,153.50400000000008,65.37045759834109,23.0
-1,-195.8605494636844,19.245391476851832,97.0,122.20800000000008,73.6525494636843,28.0
-1,-194.29019954552317,14.99358721296294,84.0,129.60000000000005,64.69019954552307,29.0
-1,-213.6149294684618,10.971213671296296,95.0,136.12800000000007,77.48692946846174,28.0
-1,-237.42820976921973,19.52417942592589,92.0,122.01600000000003,115.41220976921969,24.0
-1,-245.77208119120692,19.55986691666661,113.0,136.51200000000003,109.26008119120692,28.0
-1,-158.25252457432077,13.216752314814794,75.0,106.94400000000007,51.308524574320685,24.0
-1,-163.9261030174349,10.997313064814811,77.0,106.56000000000007,57.366103017434845,25.0
-1,-215.4294651925456,12.894850013888876,95.0,148.2240000000001,67.20546519254552,29.0
-1,-206.34525428418468,19.759248847222164,104.0,136.32000000000008,70.0252542841846,27.0
-1,-168.4292362259648,13.05702117129628,73.0,107.23200000000006,61.19723622596477,27.0
-1,-97.61009814295063,14.484884120370364,58.0,53.76000000000002,43.85009814295064,24.0
-1,-117.9000621856206,17.194084208333308,79.0,77.85600000000004,40.04406218562057,21.0
-1,-179.51440748991308,15.37115981944442,96.0,127.96800000000007,51.546407489912994,27.0
-1,-154.80762412200966,16.694568912037028,85.0,104.92800000000008,49.87962412200959,26.0
-1,-251.21917257084607,14.968749509259249,109.0,183.8400000000001,67.37917257084597,25.0
-1,-136.59002424874765,17.081625759259232,70.0,96.76800000000006,39.8220242487476,20.0
-1,-196.6066001685136,16.159744185185147,91.0,126.24000000000008,70.36660016851351,28.0
-1,-203.16081486437727,17.365979361111087,103.0,138.33600000000007,64.8248148643772,27.0
-1,-120.16898970711756,17.884421462962944,77.0,81.02400000000004,39.1449897071175,21.0
-1,-265.3000350663626,16.911961018518465,105.0,159.3600000000001,105.94003506636253,27.0
-1,-105.99016624566558,13.03218607870369,65.0,67.20000000000002,38.79016624566556,21.0
-1,-191.1544488833756,16.13011311574073,85.0,119.13600000000008,72.01844888337554,28.0
-1,-195.7751722136705,13.27107231944444,116.0,146.78400000000008,48.9911722136704,23.0
-1,-181.93323807721845,12.521605925925911,84.0,119.13600000000008,62.79723807721837,23.0
-1,-144.4120618576248,18.89646149074071,91.0,104.35200000000005,40.06006185762474,21.0
-1,-125.97406876536876,15.428569148148142,79.0,87.93600000000004,38.038068765368735,21.0
-1,-227.3824181637104,16.75677913425925,103.0,153.60000000000005,73.78241816371035,29.0
-1,-145.54987728137112,8.94001018981481,57.0,82.65600000000005,62.89387728137108,24.0
-1,-164.23268586619176,17.342796699074054,98.0,115.48800000000006,48.74468586619171,19.0
-1,-201.51707380184672,21.000728300925832,99.0,124.80000000000004,76.71707380184667,28.0
-1,-132.66278175412032,13.499167828703689,65.0,76.41600000000004,56.24678175412027,27.0
-1,-220.6087633307124,16.686381152777756,93.0,139.58400000000006,81.02476333071232,26.0
-1,-204.53045890491504,12.562863398148146,93.0,124.99200000000005,79.53845890491503,25.0
-1,-233.02952308704647,15.501911175925905,88.0,121.24800000000006,111.7815230870464,30.0
-1,-215.34514932839815,19.527756777777725,108.0,133.53600000000006,81.80914932839814,26.0
-1,-239.1256597001156,15.685292277777751,103.0,128.3520000000001,110.77365970011547,29.0
-1,-140.7555879189388,14.377060194444413,67.0,85.92000000000004,54.83558791893875,28.0
-1,-153.93627584025734,16.262624657407386,89.0,111.84000000000007,42.096275840257256,26.0
-1,-124.88525092037158,13.440400833333324,70.0,80.35200000000005,44.53325092037153,24.0
-1,-221.9350849733829,16.08130580092591,106.0,149.8560000000001,72.07908497338282,22.0
-1,-115.23351630456558,14.094507027777784,67.0,71.32800000000002,43.905516304565566,26.0
-1,-105.68059488351038,12.55212553703704,48.0,61.53600000000003,44.14459488351035,25.0
-1,-153.3137457814753,14.28075853703704,70.0,96.19200000000004,57.12174578147524,25.0
-1,-128.2562703626991,11.004980490740728,61.0,80.44800000000004,47.80827036269906,23.0
-1,-126.14537604544182,16.03314723148145,61.0,85.24800000000005,40.897376045441774,23.0
-1,-197.07380906475493,17.16512789814811,90.0,141.7920000000001,55.28180906475484,24.0
-1,-226.36988261438012,22.276098675925827,119.0,160.03200000000007,66.33788261438008,29.0
-1,-155.36016613644568,9.887559962962955,82.0,109.82400000000008,45.53616613644561,26.0
-1,-275.1563560536843,17.776368111111054,122.0,182.4000000000001,92.75635605368424,30.0
-1,-169.48164310680363,17.022784333333295,83.0,116.25600000000009,53.22564310680354,26.0
-1,-179.05942673993815,18.21824323611106,111.0,139.77600000000007,39.283426739938086,20.0
-1,-250.9543459374911,19.165706365740675,127.0,194.4000000000001,56.55434593749101,25.0
-1,-151.04986823637284,12.517905129629606,77.0,88.32000000000005,62.7298682363728,28.0
-1,-199.183130163652,18.15946732870368,120.0,153.79200000000006,45.39113016365193,18.0
-1,-200.9773165570253,16.208386481481472,105.0,145.92000000000007,55.057316557025246,24.0
-1,-123.88517378440326,12.843160939814808,62.0,79.77600000000004,44.10917378440322,22.0
-1,-212.4606006297438,18.507951189814776,120.0,159.55200000000008,52.9086006297437,24.0
-1,-251.80245439805708,17.698329824074026,115.0,177.8880000000001,73.91445439805699,26.0
-1,-140.28983888924054,13.643300648148134,71.0,89.56800000000005,50.72183888924049,23.0
-1,-150.8953021722662,14.981611439814776,80.0,108.38400000000006,42.51130217226616,23.0
-1,-214.75514486686035,16.009680717592566,117.0,161.7600000000001,52.99514486686024,27.0
-1,-119.00456649173624,18.34790875462958,75.0,76.80000000000003,42.2045664917362,22.0
-1,-149.91600804759094,14.3390419259259,93.0,112.70400000000006,37.21200804759086,22.0
-1,-142.9807052887539,13.09324956018517,89.0,97.05600000000004,45.92470528875388,27.0
-1,-142.6761132866567,17.384049726851824,88.0,96.96000000000004,45.71611328665665,21.0
-1,-161.31484461295645,13.353860263888874,90.0,115.39200000000008,45.92284461295639,20.0
-1,-90.45361595269942,10.320001254629634,49.0,61.53600000000004,28.917615952699386,18.0
-1,-115.1935724689203,15.088580990740722,67.0,75.64800000000004,39.545572468920255,22.0
-1,-95.24657850096187,16.69204105555553,79.0,74.97600000000001,20.27057850096188,13.0
-1,-104.94140517358336,12.991042004629628,70.0,66.528,38.41340517358334,23.0
-1,-129.9038069804019,18.90857995833329,77.0,90.43200000000006,39.47180698040184,25.0
-1,-128.48407030413392,12.61803681018518,76.0,88.41600000000004,40.06807030413388,22.0
-1,-100.54907234755842,16.081352203703684,68.0,81.21600000000004,19.333072347558392,14.0
-1,-92.67187868224605,11.19905731944444,47.0,57.696000000000026,34.975878682246005,23.0
-1,-179.30636307153424,17.38915059722219,104.0,128.44800000000006,50.85836307153416,26.0
-1,-172.16712832964134,17.690757296296223,106.0,143.23200000000006,28.93512832964128,12.0
-1,-120.2847065124621,15.042276254629613,79.0,78.52800000000002,41.75670651246208,19.0
-1,-113.6028984656158,14.710645925925906,84.0,84.57600000000002,29.026898465615773,19.0
-1,-114.3675416524012,15.410595291666665,67.0,68.83200000000002,45.53554165240118,23.0
-1,-96.48815594106796,10.38597757870371,62.0,72.48000000000003,24.008155941067944,16.0
-1,-158.78398929825295,19.855486097222148,116.0,132.09600000000006,26.68798929825289,15.0
-1,-117.7155093272108,15.762153009259237,86.0,86.30400000000003,31.41150932721078,19.0
-1,-127.50559642539352,12.20087086111113,71.0,94.94400000000006,32.56159642539346,24.0
-1,-116.55242262279596,16.623745430555523,89.0,88.80000000000003,27.75242262279594,17.0
-1,-125.85322454071186,15.820562935185157,89.0,87.55200000000005,38.30122454071181,19.0
-1,-118.08191014969633,16.031639407407376,70.0,80.06400000000002,38.01791014969629,21.0
-1,-97.14137204465668,16.605397157407385,78.0,68.25600000000001,28.88537204465667,14.0
-1,-100.11235407461152,14.01445477314813,51.0,63.552000000000014,36.56035407461151,16.0
-1,-123.24011065247794,15.344060180555545,77.0,80.83200000000004,42.4081106524779,22.0
-1,-101.27096504132078,12.363335037037016,49.0,64.22400000000002,37.04696504132075,21.0
-1,-124.57133460948758,14.717384782407388,74.0,76.70400000000002,47.86733460948756,24.0
-1,-111.26993857794902,15.213511185185183,69.0,82.65600000000003,28.61393857794899,15.0
-1,-100.54461814905676,15.300490578703686,62.0,67.10400000000003,33.440618149056725,16.0
-1,-153.97733947966637,13.946367611111102,78.0,89.66400000000004,64.31333947966633,22.0
-1,-103.66534395604516,13.101422481481451,68.0,72.76800000000003,30.897343956045116,19.0
-1,-102.99576211636808,20.42208072685185,71.0,78.24000000000002,24.755762116368047,13.0
-1,-111.32163479600788,13.28773783796298,65.0,79.96800000000005,31.353634796007825,21.0
-1,-92.2817913278401,11.117521069444436,57.0,55.96800000000002,36.31379132784007,21.0
-1,-109.00474753071992,19.16661632870369,68.0,73.05600000000004,35.94874753071987,18.0
-1,-140.63742741341943,15.574644870370344,87.0,103.20000000000005,37.43742741341939,22.0
-1,-94.65778081233633,12.190449847222204,50.0,59.61600000000002,35.041780812336285,19.0
-1,-100.4930186104394,12.409783634259249,52.0,62.112000000000016,38.38101861043938,23.0
-1,-160.17197263545057,19.675421152777748,73.0,83.90400000000004,76.26797263545055,28.0
-1,-106.15825902308396,14.50347171296296,60.0,61.152000000000015,45.006259023083935,25.0
-1,-149.33706897069607,25.7568562546296,95.0,94.75200000000008,54.58506897069599,23.0
-1,-123.61003962120378,18.730216921296226,88.0,96.09600000000005,27.51403962120373,17.0
-1,-102.2718659620067,14.563765745370356,64.0,72.09600000000002,30.175865962006675,16.0
-1,-120.05855032214208,17.886574268518512,77.0,79.00800000000002,41.05055032214205,19.0
-1,-105.295459901259,12.615028328703684,66.0,64.80000000000001,40.495459901259,24.0
-1,-92.99494412023762,11.635640893518511,52.0,61.05600000000002,31.938944120237608,20.0
-1,-85.44469772367572,10.425299060185187,52.0,60.28800000000001,25.1566977236757,14.0
-1,-158.29083630652224,15.04930724537037,95.0,119.61600000000008,38.67483630652215,23.0
-1,-112.62674872934733,14.534404203703714,64.0,71.52000000000002,41.106748729347295,24.0
-1,-108.48216850640848,15.09220291203701,62.0,77.18400000000004,31.29816850640844,17.0
-1,-123.84138374075911,19.86306769444438,91.0,91.488,32.353383740759114,16.0
-1,-134.73158976585597,15.09979825462962,83.0,87.45600000000003,47.27558976585596,26.0
-1,-160.9191284892064,14.213787717592584,81.0,114.81600000000007,46.10312848920634,26.0
-1,-84.70187237173401,16.626696245370354,49.0,53.85600000000002,30.845872371733986,17.0
-1,-101.7301404929326,11.433700912037034,56.0,62.01600000000003,39.714140492932586,23.0
-1,-106.25793816924376,15.464907550925911,67.0,68.44800000000002,37.809938169243736,20.0
-1,-105.797098386972,16.93100431944444,69.0,73.53600000000004,32.26109838697195,18.0
-1,-107.56555173977172,17.13223241666664,64.0,69.69600000000004,37.86955173977169,16.0
-1,-124.96070804230344,18.57285139814809,78.0,83.52000000000004,41.440708042303406,21.0
-1,-103.55880436225104,14.159929166666652,63.0,62.88000000000003,40.678804362251,21.0
-1,-124.1106537684236,14.316314504629624,73.0,80.54400000000003,43.56665376842356,21.0
-1,-103.76196886989514,14.280279009259235,63.0,62.496000000000016,41.265968869895126,19.0
-1,-92.69678924927815,13.553265560185189,52.0,51.16800000000002,41.52878924927815,20.0
-1,-160.4789546405391,14.399934287037013,85.0,107.71200000000005,52.76695464053905,27.0
-1,-92.8025114648684,13.839715277777762,66.0,67.68000000000002,25.12251146486836,16.0
-1,-107.41926848860076,12.302864870370373,53.0,68.64000000000001,38.77926848860073,21.0
-1,-150.62230064696013,17.0839061481481,99.0,100.22400000000006,50.39830064696007,23.0
-1,-201.19484275172988,18.702238134259204,116.0,139.39200000000008,61.80284275172981,29.0
-1,-107.73383121838567,15.159356009259234,63.0,71.32800000000003,36.40583121838565,19.0
-1,-92.8739991934808,16.37130425925925,60.0,62.97600000000004,29.89799919348077,15.0
-1,-100.4467537055107,14.88356983796296,63.0,65.47200000000002,34.97475370551068,20.0
-1,-167.82847190495738,17.559186055555518,92.0,101.47200000000004,66.35647190495732,26.0
-1,-109.06046519185988,14.828200810185184,66.0,67.29600000000002,41.76446519185988,20.0
-1,-119.61363962992436,11.910749523148134,66.0,91.00800000000004,28.60563962992433,17.0
-1,-97.85525290116507,13.078198300925914,62.0,64.80000000000003,33.05525290116506,19.0
-1,-105.29939720584038,15.07566007407404,61.0,72.00000000000003,33.29939720584035,16.0
-1,-73.25385286286067,10.851069671296314,34.0,40.80000000000001,32.45385286286065,20.0
-1,-108.81629241769666,13.054416087962958,64.0,67.39200000000002,41.42429241769664,20.0
-1,-97.85593342816992,14.315190194444458,53.0,58.46400000000002,39.39193342816992,18.0
-1,-123.55760889567796,18.103614606481457,86.0,92.44800000000004,31.109608895677905,20.0
-1,-68.21630078071588,8.195357754629642,40.0,37.152000000000015,31.06430078071587,24.0
-1,-95.15306398338316,13.954772027777793,50.0,49.24800000000002,45.90506398338315,19.0
-1,-103.82107984861469,15.509496907407392,65.0,66.62400000000001,37.19707984861467,21.0
-1,-118.03583996815574,16.95827121759258,73.0,81.31200000000003,36.72383996815572,16.0
-1,-111.01620311499758,13.410346425925924,60.0,70.27200000000003,40.744203114997546,19.0
-1,-95.67783841943182,13.24874730555555,57.0,60.57600000000002,35.1018384194318,22.0
-1,-89.46110927161308,16.115949046296276,60.0,52.70400000000002,36.75710927161306,22.0
-1,-110.30248239610609,16.523707458333337,72.0,76.03200000000004,34.270482396106054,19.0
-1,-108.37668323466366,15.329011453703703,66.0,69.60000000000002,38.77668323466363,23.0
-1,-116.58943776599982,11.585578481481472,63.0,69.21600000000002,47.3734377659998,22.0
-1,-116.52754484569545,14.407928499999992,69.0,71.61600000000003,44.91154484569541,23.0
-1,-116.3825782830218,20.1773541064814,82.0,79.584,36.7985782830218,21.0
-1,-99.9872094737133,12.567572564814794,57.0,68.73600000000003,31.25120947371327,18.0
-1,-94.20864630007055,13.227140023148149,53.0,59.23200000000003,34.97664630007053,21.0
-1,-79.43198293435137,9.75207704166666,33.0,45.31200000000001,34.11998293435136,21.0
-1,-114.50117896509552,14.685276314814798,71.0,72.48000000000002,42.02117896509551,22.0
-1,-89.73789847094434,12.840878083333314,48.0,52.896000000000015,36.84189847094432,23.0
-1,-143.74249215290524,16.6690903333333,91.0,96.00000000000006,47.74249215290519,24.0
-1,-86.79943744943635,12.833715592592585,61.0,58.84800000000001,27.951437449436337,18.0
-1,-119.72397516750648,15.638846601851832,67.0,72.00000000000003,47.72397516750643,21.0
-1,-83.75390889662052,9.932334731481497,44.0,39.84,43.913908896620526,24.0
-1,-134.20945366920472,14.711577736111108,72.0,87.07200000000003,47.137453669204696,23.0
-1,-100.28910619047736,13.445673726851853,59.0,62.11200000000003,38.177106190477325,20.0
-1,-87.43932955399521,10.719259509259262,56.0,55.296000000000014,32.143329553995194,20.0
-1,-109.90042325588246,18.058665379629605,73.0,74.20800000000004,35.69242325588241,16.0
-1,-112.44448966651066,9.455635703703724,46.0,53.376000000000026,59.06848966651063,26.0
-1,-116.96922467059773,15.750256189814817,72.0,84.00000000000001,32.96922467059772,17.0
-1,-96.77783782282064,14.315202870370342,59.0,61.82400000000002,34.9538378228206,20.0
-1,-121.21485758190072,16.031706995370342,70.0,79.68000000000002,41.53485758190071,23.0
-1,-94.15640385419492,14.579587273148135,51.0,55.39200000000002,38.7644038541949,19.0
-1,-97.25782972721058,13.60824065277778,51.0,49.728000000000016,47.52982972721056,20.0
-1,-88.13193957603116,14.304528162037023,55.0,63.93600000000004,24.19593957603113,14.0
-1,-96.70893568340514,11.789588731481482,49.0,60.00000000000002,36.70893568340512,19.0
-1,-97.3223164725196,19.1907283472222,65.0,63.64800000000002,33.674316472519585,17.0
-1,-91.71070589720644,12.968161300925916,52.0,55.680000000000014,36.030705897206445,22.0
-1,-113.26009825102471,14.171746467592582,62.0,61.34400000000002,51.91609825102469,23.0
-1,-109.72332592361406,13.071898949074058,69.0,62.49600000000002,47.22732592361404,24.0
-1,-101.70542762747084,14.302623000000006,56.0,61.248000000000026,40.4574276274708,19.0
-1,-101.18735171772929,11.03369093981482,48.0,53.47200000000002,47.715351717729256,24.0
-1,-152.3876185623155,13.479325236111109,69.0,81.31200000000004,71.07561856231547,26.0
-1,-119.42045868614576,11.688489347222232,44.0,51.26400000000002,68.15645868614574,25.0
-1,-129.0925564227838,13.247068074074043,60.0,72.57600000000002,56.51655642278377,22.0
-1,-97.64665972170545,17.66144385185183,66.0,66.72000000000004,30.92665972170539,18.0
-1,-94.43013994462062,17.670254185185172,61.0,59.90400000000003,34.52613994462059,16.0
-1,-94.10114352406691,13.181462847222212,58.0,64.12800000000001,29.97314352406691,19.0
-1,-96.82701033405084,11.563149513888886,38.0,57.02400000000002,39.8030103340508,19.0
-1,-86.88867253700943,16.147427120370367,57.0,63.55200000000003,23.336672537009395,16.0
-1,-124.82752025695908,15.261046652777756,74.0,90.14400000000003,34.68352025695903,21.0
-1,-90.7753137142775,15.305278203703688,50.0,60.000000000000014,30.775313714277488,17.0
-1,-99.09369976712412,12.062560333333328,52.0,58.27200000000002,40.82169976712411,24.0
-1,-136.3697157119761,13.944479930555538,67.0,75.07200000000003,61.29771571197608,24.0
-1,-100.99269911766248,11.544912564814814,53.0,58.36800000000002,42.62469911766247,21.0
-1,-116.53118497895524,13.680165638888868,58.0,76.70400000000002,39.827184978955216,19.0
-1,-121.75432126526997,14.88245132407406,58.0,74.11200000000002,47.64232126526993,20.0
-1,-92.79755005719652,10.791161240740738,46.0,47.616000000000014,45.18155005719651,22.0
-1,-105.44940909767276,15.62298227777777,56.0,58.56000000000002,46.889409097672754,23.0
-1,-115.13381953594278,12.022374050925922,60.0,62.20800000000003,52.92581953594275,23.0
-1,-104.2844798172102,12.550951833333327,46.0,55.68000000000002,48.604479817210176,25.0
-1,-137.72365422660556,15.852817287037004,62.0,82.84800000000004,54.87565422660553,25.0
-1,-112.84468851669732,14.014972064814796,58.0,71.90400000000004,40.94068851669728,21.0
-1,-115.46664826402004,14.77207362037036,54.0,58.75200000000002,56.71464826402004,22.0
-1,-111.91342368915038,14.289223245370366,71.0,69.88800000000003,42.02542368915034,23.0
-1,-110.15613762970024,15.876431703703672,63.0,65.85600000000001,44.300137629700224,20.0
-1,-105.26075966381322,14.292828101851835,61.0,75.36000000000003,29.900759663813187,18.0
-1,-113.85162225613686,14.246199972222184,52.0,63.55200000000003,50.29962225613683,21.0
-1,-103.73743666291034,17.18779144444441,65.0,79.48800000000003,24.24943666291032,16.0
-1,-100.03040395256517,16.557610652777758,64.0,69.40800000000002,30.62240395256516,19.0
-1,-110.04420236808495,19.251687060185148,66.0,65.95200000000003,44.09220236808494,22.0
-1,-105.16726320706331,14.086383481481466,61.0,61.34400000000002,43.823263207063285,23.0
-1,-111.08857413769272,10.746756643518532,51.0,54.91200000000002,56.1765741376927,25.0
-1,-107.75072185089768,17.362199254629612,70.0,77.08800000000004,30.66272185089764,17.0
-1,-97.22472902909738,16.84201637962963,63.0,65.47200000000004,31.75272902909733,19.0
-1,-122.42931451942508,18.313344921296277,74.0,83.32800000000003,39.10131451942504,24.0
-1,-92.56810156266816,17.26362085185183,60.0,64.22400000000002,28.344101562668147,16.0
-1,-105.62648604199936,13.76562260648148,55.0,56.25600000000002,49.37048604199934,21.0
-1,-120.24315471589163,14.84730581018518,61.0,76.32000000000004,43.92315471589161,20.0
-1,-93.12312617242068,11.701765208333336,52.0,57.40800000000004,35.71512617242063,23.0
-1,-116.69890572834066,12.953693467592576,65.0,68.64000000000003,48.05890572834063,26.0
-1,-96.44837829038624,16.593829624999977,66.0,63.45600000000003,32.9923782903862,18.0
-1,-88.56651887625986,11.52520124074075,46.0,49.440000000000026,39.12651887625983,19.0
-1,-115.9354710572372,15.649645462962962,60.0,71.04000000000002,44.89547105723718,21.0
-1,-87.80338881885221,12.204379754629644,48.0,54.24,33.56338881885221,22.0
-1,-118.97122178024216,20.52482374537025,83.0,84.96000000000004,34.01122178024211,21.0
-1,-114.99993879690636,16.77824797222217,66.0,81.02400000000004,33.97593879690631,19.0
-1,-125.67882686996217,16.058135967592584,69.0,83.32800000000005,42.350826869962106,23.0
-1,-122.0171030752629,18.20080147222217,88.0,90.52800000000003,31.48910307526284,16.0
-1,-123.86868891936282,16.936100925925896,78.0,85.24800000000003,38.62068891936279,18.0
-1,-99.29890773002852,11.313884273148144,57.0,58.94400000000002,40.3549077300285,20.0
-1,-114.24823506788776,14.354071157407397,61.0,68.35200000000003,45.89623506788772,23.0
-1,-87.43433468703718,13.52666425000001,49.0,52.320000000000014,35.114334687037164,24.0
-1,-90.65116722235132,12.151324990740765,51.0,48.576000000000015,42.0751672223513,22.0
-1,-101.727595606091,13.450786430555556,49.0,53.76000000000002,47.967595606091,20.0
-1,-94.06840097223896,15.840853185185164,62.0,64.99200000000002,29.07640097223893,19.0
-1,-148.63041014260344,15.92829028703702,91.0,97.34400000000004,51.28641014260338,22.0
-1,-102.50109535365176,15.096210009259236,66.0,70.84800000000001,31.65309535365173,17.0
-1,-108.1626842053056,11.459496356481482,61.0,57.40800000000002,50.754684205305566,23.0
-1,-99.88954818238172,14.322736967592585,65.0,68.16000000000001,31.729548182381723,20.0
-1,-111.75719602876268,17.47924453240737,66.0,73.24800000000002,38.50919602876266,18.0
-1,-97.96676656724682,17.476376425925913,77.0,68.54400000000003,29.422766567246796,16.0
-1,-97.07258730724344,11.559042550925923,58.0,54.144000000000005,42.92858730724343,21.0
-1,-86.95458383989144,11.593023472222225,50.0,48.384,38.57058383989144,24.0
-1,-91.30135491318504,12.924226995370365,62.0,56.54400000000001,34.75735491318502,21.0
-1,-105.2147382845649,13.400078768518522,65.0,72.76800000000003,32.446738284564866,17.0
-1,-117.02005526804584,17.133286189814775,72.0,74.11200000000004,42.9080552680458,21.0
-1,-74.15269553212315,6.761061828703696,30.0,34.176,39.97669553212315,25.0
-1,-130.11084017491257,18.17458634722218,88.0,94.36800000000004,35.74284017491252,20.0
-1,-112.0114070976973,15.549146648148149,60.0,66.62400000000002,45.38740709769728,22.0
-1,-116.70045221260584,16.094462050925912,74.0,74.88000000000001,41.82045221260584,22.0
-1,-120.26831882797508,14.167581532407398,58.0,71.04000000000003,49.228318827975045,22.0
-1,-129.76514752293846,14.769090749999986,66.0,73.82400000000004,55.941147522938415,21.0
-1,-111.2761199535777,19.410444310185166,69.0,76.99200000000003,34.28411995357767,17.0
-1,-105.71479161950704,13.207646212962924,59.0,55.296000000000014,50.41879161950704,23.0
-1,-93.53831240986712,10.042440254629645,44.0,43.104000000000006,50.43431240986713,23.0
-1,-113.78139507740596,15.58434607407405,65.0,62.97600000000001,50.805395077405954,22.0
-1,-105.6401441947816,13.133555490740727,56.0,65.37600000000002,40.26414419478158,23.0
-1,-103.2773358691876,12.946138189814803,49.0,60.48000000000003,42.79733586918758,21.0
-1,-97.42716125956876,12.121762342592588,57.0,57.408000000000015,40.01916125956874,22.0
-1,-109.14582650312016,15.886006787037008,58.0,59.13600000000002,50.00982650312013,24.0
-1,-86.69663703499741,12.145136925925945,54.0,56.064000000000014,30.63263703499739,18.0
-1,-117.07653028605272,14.243081634259225,59.0,69.60000000000004,47.476530286052686,24.0
-1,-107.62914189861124,13.41825873611108,69.0,69.50400000000003,38.12514189861121,23.0
-1,-88.68056703342646,13.45912535648146,51.0,56.832000000000015,31.848567033426438,19.0
-1,-107.34198101413932,11.643801763888876,52.0,54.33600000000001,53.00598101413931,24.0
-1,-112.77645106622006,15.150751268518496,69.0,81.98400000000004,30.79245106622003,16.0
-1,-114.9249884648358,17.225340175925904,61.0,77.28000000000003,37.64498846483576,20.0
-1,-114.61644108533451,13.629846824074075,63.0,67.96800000000002,46.6484410853345,24.0
-1,-102.41716065466947,14.971625527777771,48.0,59.808000000000014,42.60916065466947,22.0
-1,-124.96805378292927,18.15027155092591,63.0,83.61600000000004,41.35205378292924,18.0
-1,-98.58850594038267,15.221113870370358,60.0,65.18400000000003,33.40450594038265,20.0
-1,-127.96508797877746,16.741543055555532,80.0,94.17600000000006,33.789087978777395,20.0
-1,-132.3646275954724,17.961829916666627,89.0,85.44000000000007,46.92462759547233,22.0
-1,-130.13478319238172,16.513840370370357,69.0,78.33600000000004,51.79878319238168,21.0
-1,-85.29951992525694,12.579322699074076,41.0,51.26400000000002,34.03551992525693,19.0
-1,-131.06029079636787,17.526660578703652,76.0,81.888,49.17229079636786,25.0
-1,-107.94705512771468,13.993515800925936,60.0,67.00800000000002,40.93905512771467,23.0
-1,-158.65261648407858,20.40657562037031,86.0,102.43200000000004,56.22061648407854,27.0
-1,-74.7438248911259,10.38838056944443,40.0,46.75200000000002,27.99182489112588,17.0
-1,-121.3721575727368,13.793303217592582,65.0,82.56000000000003,38.81215757273677,20.0
-1,-111.45638043834252,18.945037731481435,72.0,75.36000000000003,36.09638043834249,19.0
-1,-146.82869289179249,16.88060553240736,87.0,92.83200000000004,53.99669289179244,22.0
-1,-78.43635702128671,10.470969199074052,40.0,42.720000000000006,35.71635702128671,21.0
-1,-113.74628783215005,18.673223763888853,75.0,85.34400000000002,28.40228783215002,16.0
-1,-95.7428861230472,13.132358550925892,49.0,60.288000000000025,35.4548861230472,19.0
-1,-107.1722756647809,14.295589657407392,53.0,62.49600000000002,44.67627566478088,23.0
-1,-113.9613153623433,16.702964120370336,71.0,78.33600000000004,35.625315362343265,19.0
-1,-133.62605542699478,19.34963104166657,92.0,91.39200000000004,42.23405542699475,22.0
-1,-106.46881695618184,14.052296555555555,74.0,75.93600000000005,30.53281695618177,19.0
-1,-121.18268445559576,15.603121495370337,78.0,81.79200000000003,39.39068445559572,25.0
-1,-102.425428181163,14.0046841435185,64.0,75.26400000000002,27.161428181162968,16.0
-1,-108.5722209357544,19.38967155555549,66.0,68.83200000000002,39.74022093575437,18.0
-1,-85.03165470629436,11.543644111111115,39.0,38.496000000000016,46.535654706294345,24.0
-1,-124.82803365854464,15.199987333333306,87.0,76.80000000000001,48.02803365854464,24.0
-1,-141.37952552540338,15.673561930555511,74.0,80.83200000000004,60.54752552540333,21.0
-1,-103.7864574114509,11.67242371759258,54.0,67.20000000000002,36.58645741145087,21.0
-1,-115.12565293625292,17.586224726851814,69.0,72.19200000000004,42.9336529362529,21.0
-1,-97.68890575494078,16.606067300925908,78.0,74.40000000000003,23.288905754940743,13.0
-1,-95.13060078249865,15.75799759259258,58.0,58.46400000000002,36.66660078249863,20.0
-1,-114.9257653731043,14.989235541666648,53.0,57.98400000000002,56.94176537310427,23.0
-1,-104.73053975697113,14.496042541666665,61.0,65.66400000000003,39.06653975697108,22.0
-1,-88.48100361432651,19.46637218518517,47.0,56.83200000000001,31.649003614326496,16.0
-1,-114.820438152039,16.330391810185176,67.0,72.76800000000001,42.052438152039,20.0
-1,-90.09956324375308,10.144205277777791,49.0,45.88800000000002,44.211563243753055,26.0
-1,-97.76080444276242,11.371472379629637,45.0,51.55200000000002,46.2088044427624,24.0
-1,-125.877724276182,16.51821080092592,76.0,79.48800000000003,46.38972427618198,19.0
-1,-119.70582764886632,15.63187941203704,69.0,78.81600000000003,40.88982764886628,17.0
-1,-100.44461253419236,16.674193277777754,61.0,61.82400000000001,38.62061253419235,21.0
-1,-104.9520324685788,22.431913930555503,79.0,83.80800000000004,21.144032468578768,12.0
-1,-102.74856757153518,16.909526425925904,59.0,62.97600000000003,39.77256757153515,20.0
-1,-79.78511403987525,11.85830006944444,39.0,42.91200000000001,36.87311403987523,20.0
-1,-103.8739401945769,15.072603986111112,67.0,58.848000000000006,45.0259401945769,23.0
-1,-88.28749551504225,16.628315680555566,60.0,62.20800000000003,26.079495515042225,17.0
-1,-107.65079647603908,14.982173097222224,62.0,70.17600000000003,37.47479647603906,21.0
-1,-106.21322853811802,16.769639106481456,57.0,69.02400000000003,37.189228538118,23.0
-1,-104.01881214712095,13.811963865740742,63.0,61.05600000000002,42.96281214712094,23.0
-1,-76.17059285313849,10.995207347222214,43.0,47.71200000000001,28.45859285313848,18.0
-1,-112.49117281388833,12.723743199074072,55.0,71.23200000000003,41.2591728138883,21.0
-1,-119.1065618160064,12.756254384259265,60.0,72.96000000000002,46.14656181600637,22.0
-1,-119.73383141056875,17.115222893518517,72.0,80.73600000000003,38.997831410568736,20.0
-1,-91.73372309847106,16.605965495370356,64.0,52.32000000000002,39.41372309847104,17.0
-1,-94.4301747624486,16.822513453703692,48.0,58.56000000000002,35.87017476244858,18.0
-1,-100.43087950450143,14.54916918055555,52.0,64.03200000000002,36.39887950450141,19.0
-1,-91.90538410898534,15.075195824074054,56.0,60.57600000000003,31.32938410898532,17.0
-1,-88.99106703128155,10.25316406944444,50.0,50.59200000000002,38.39906703128152,22.0
-1,-94.01163376650098,15.019206199074032,59.0,61.15200000000002,32.85963376650096,18.0
-1,-94.5473173866234,12.510134754629624,44.0,48.28800000000001,46.2593173866234,23.0
-1,-103.02485587353792,15.31712299537038,59.0,70.84800000000003,32.1768558735379,19.0
-1,-121.14553456926105,15.861920796296284,76.0,74.68800000000003,46.457534569261,25.0
-1,-121.70078348334768,19.639291712962923,80.0,78.14400000000003,43.55678348334765,21.0
-1,-150.61820417706883,18.09521541203696,101.0,95.61600000000006,55.00220417706876,26.0
-1,-123.16557525483177,16.854207472222203,61.0,65.76000000000002,57.40557525483173,27.0
-1,-121.90837258044662,17.174194546296256,71.0,86.49600000000004,35.412372580446586,20.0
-1,-130.5856345531055,15.794255879629633,70.0,67.20000000000003,63.38563455310548,25.0
-1,-118.53949870010392,13.165759319444426,53.0,58.17600000000001,60.36349870010393,24.0
-1,-151.09402850624133,18.15937845833329,67.0,82.75200000000004,68.3420285062413,27.0
-1,-100.7390918312177,13.661782490740745,49.0,57.216000000000015,43.52309183121768,24.0
-1,-129.38553024635013,16.674501800925928,63.0,71.32800000000002,58.05753024635011,22.0
-1,-138.54228711071187,15.566232680555537,65.0,81.98400000000004,56.55828711071183,23.0
-1,-107.38766660435743,16.90334811574072,57.0,61.05600000000004,46.33166660435741,21.0
-1,-84.07003628661477,14.582368962962963,45.0,44.35200000000002,39.71803628661475,16.0
-1,-103.92977620037314,13.889755921296285,53.0,62.11200000000002,41.817776200373125,20.0
-1,-81.89771083391102,12.238072611111102,37.0,41.47200000000001,40.42571083391102,19.0
-1,-90.8731166703351,10.010467296296293,42.0,46.08000000000001,44.79311667033509,23.0
-1,-133.0539646340644,16.812082837962922,78.0,78.81600000000003,54.23796463406436,24.0
-1,-142.50915984819093,18.36525617592593,70.0,87.74400000000006,54.76515984819087,24.0
-1,-89.2556698468087,14.62254730555555,54.0,53.088000000000015,36.16766984680868,18.0
-1,-109.03283092484546,14.813054370370358,58.0,65.66400000000002,43.36883092484543,24.0
-1,-101.0830525154346,13.274548768518509,52.0,58.94400000000002,42.139052515434585,18.0
-1,-112.27473877538412,18.13184720370367,62.0,64.80000000000001,47.4747387753841,17.0
-1,-103.90438445200888,12.607043356481494,48.0,57.98400000000002,45.92038445200886,24.0
-1,-119.04508948216642,18.041618578703662,76.0,76.60800000000003,42.43708948216639,20.0
-1,-123.91696903513888,22.776115986111048,79.0,78.72000000000004,45.19696903513884,16.0
-1,-133.37896537661155,17.37848493055551,79.0,76.32000000000004,57.05896537661153,22.0
-1,-117.33575261662304,13.73959285185183,59.0,69.79200000000003,47.543752616623024,23.0
-1,-106.3265192910856,16.521883416666647,66.0,74.88000000000004,31.446519291085558,17.0
-1,-101.92697808896602,17.206405523148124,51.0,58.27200000000003,43.65497808896599,22.0
-1,-133.77511004149065,16.937998736111066,83.0,87.07200000000003,46.70311004149063,20.0
-1,-97.54606736306056,13.863798597222234,62.0,67.20000000000003,30.34606736306053,18.0
-1,-104.45342671763748,18.17357826851851,68.0,74.40000000000003,30.05342671763744,18.0
-1,-108.62134008242204,15.23406801851852,52.0,67.10400000000001,41.517340082422045,22.0
-1,-107.55906438159496,14.586136708333324,63.0,65.76000000000002,41.79906438159495,23.0
-1,-98.5571762156213,14.778987759259254,71.0,71.23200000000001,27.32517621562128,18.0
-1,-111.84779203894236,15.922433712962976,66.0,75.36000000000004,36.48779203894232,19.0
-1,-90.1784852071588,13.74917601388889,55.0,63.07200000000002,27.10648520715877,16.0
-1,-84.05325429714946,13.20624243055556,41.0,40.60800000000001,43.44525429714946,21.0
-1,-134.29346712828203,19.97132919907401,97.0,89.76000000000002,44.53346712828203,22.0
-1,-106.84280691750546,9.374455092592603,67.0,61.632000000000026,45.21080691750543,23.0
-1,-105.76701429597134,14.529231666666664,64.0,68.16000000000003,37.60701429597131,20.0
-1,-119.95035087203976,16.59783144907407,62.0,75.26400000000004,44.68635087203971,20.0
-1,-86.47985214640713,7.269803791666665,32.0,37.24800000000001,49.23185214640712,24.0
-1,-108.4105877548166,15.50677660648146,60.0,65.76000000000003,42.65058775481656,21.0
-1,-115.13392716770409,20.48435362037037,66.0,72.48000000000003,42.65392716770404,17.0
-1,-113.1112269555898,18.87513375925925,59.0,64.12800000000003,48.983226955589785,19.0
-1,-81.67352163637932,8.90286181481483,43.0,45.888000000000005,35.78552163637932,21.0
-1,-99.10779695003627,12.324716611111112,57.0,58.56000000000002,40.547796950036265,23.0
-1,-93.16283452523584,16.84004658796293,58.0,61.72800000000003,31.43483452523581,17.0
-1,-93.37256272884645,13.22980489814817,49.0,53.95200000000001,39.42056272884644,20.0
-1,-96.12508916658,12.0523171111111,58.0,66.72000000000001,29.405089166579984,19.0
-1,-103.42976170075484,14.673562212962963,58.0,71.04000000000002,32.389761700754825,18.0
-1,-96.06788927359824,13.50141331018516,49.0,60.76800000000003,35.299889273598204,23.0
-1,-84.00221810271438,7.680898467592597,34.0,39.36000000000001,44.64221810271437,23.0
-1,-123.75602142551833,10.851278449074096,58.0,68.06400000000004,55.69202142551828,27.0
-1,-125.27832847215726,18.726943601851808,79.0,84.67200000000004,40.60632847215721,22.0
-1,-126.12224679923185,16.6594361944444,71.0,72.48000000000002,53.64224679923182,22.0
-1,-97.45263965410405,10.043109777777778,45.0,51.552000000000014,45.90063965410404,23.0
-1,-107.19824451345303,14.77352619907407,60.0,72.00000000000001,35.19824451345302,20.0
-1,-124.71113449631515,16.3803179398148,70.0,71.32800000000003,53.38313449631514,23.0
-1,-97.95957382604874,10.90131896296297,42.0,48.19200000000002,49.76757382604872,22.0
-1,-96.65745182608936,15.766592273148154,61.0,58.56000000000003,38.09745182608934,18.0
-1,-126.7147404931735,19.36237881018516,84.0,84.86400000000005,41.85074049317345,20.0
-1,-99.905220857929,16.909884009259216,57.0,68.44800000000002,31.457220857928977,18.0
-1,-110.72304967852784,12.808190671296286,54.0,63.64800000000003,47.07504967852782,26.0
-1,-97.05999624332831,21.518210939814733,72.0,66.62400000000001,30.43599624332831,18.0
-1,-93.6203173470852,17.137186162037025,64.0,62.20800000000002,31.412317347085185,15.0
-1,-102.59378391089676,18.362524453703685,53.0,62.40000000000002,40.193783910896734,23.0
-1,-107.8680479637071,14.090360106481493,57.0,71.23200000000003,36.63604796370707,20.0
-1,-124.28254809523366,18.67161283333328,73.0,69.02400000000004,55.258548095233614,22.0
-1,-130.418286693187,15.360212879629616,73.0,83.61600000000004,46.80228669318694,21.0
-1,-156.97964463358528,19.08316861574069,84.0,84.09600000000003,72.88364463358523,24.0
-1,-84.67954075292178,12.269816763888882,51.0,46.17600000000001,38.503540752921765,23.0
-1,-89.837457389196,10.905894500000006,52.0,57.02400000000002,32.81345738919599,19.0
-1,-89.98808819526593,14.094241856481467,49.0,48.576000000000015,41.41208819526591,18.0
-1,-95.21769154608624,17.83769235185183,61.0,67.20000000000002,28.017691546086223,17.0
-1,-95.4584934383777,19.29676560185177,60.0,48.67200000000002,46.78649343837769,21.0
-1,-118.676712291145,17.49433275925922,74.0,83.04000000000003,35.63671229114496,19.0
-1,-108.76520340016724,11.041692569444455,52.0,58.65600000000003,50.10920340016723,21.0
-1,-101.36962586107236,13.575107550925914,55.0,58.27200000000001,43.09762586107236,19.0
-1,-91.72239211884587,14.329571319444437,59.0,64.608,27.114392118845878,16.0
-1,-127.6178362535975,12.99205744907406,65.0,79.00800000000004,48.60983625359746,21.0
-1,-106.88659296915586,11.886775356481492,50.0,63.64800000000002,43.23859296915583,23.0
-1,-101.32465085143323,12.885908208333328,61.0,62.30400000000002,39.02065085143322,20.0
-1,-110.91843252127975,15.715005726851832,62.0,64.992,45.92643252127976,21.0
-1,-83.07823204084195,11.87755924074072,46.0,48.672,34.40623204084196,20.0
-1,-130.86937574282138,13.55746255555555,63.0,64.32000000000002,66.54937574282134,26.0
-1,-119.99121914242284,14.130901578703693,61.0,65.95200000000003,54.039219142422816,25.0
-1,-97.03634649163514,9.76636833333336,43.0,48.000000000000014,49.03634649163513,23.0
-1,-110.62041432961291,16.861966083333325,53.0,59.712000000000025,50.9084143296129,22.0
-1,-114.02909555775808,17.757614356481444,70.0,78.52800000000005,35.501095557758035,18.0
-1,-85.2180492365283,16.858592749999993,52.0,49.44000000000002,35.77804923652828,20.0
-1,-96.87713913288358,13.483332222222224,42.0,52.32000000000002,44.55713913288356,25.0
-1,-124.5489201815992,14.457530342592571,60.0,67.20000000000002,57.34892018159916,24.0
-1,-149.6885505296537,18.688010921296257,93.0,94.75200000000004,54.93655052965363,23.0
-1,-85.97066177248766,19.145105361111057,57.0,54.24000000000002,31.73066177248764,15.0
-1,-134.80590197698115,16.48206384259256,74.0,89.18400000000004,45.62190197698111,22.0
-1,-126.28734662423946,20.21199890277772,79.0,76.99200000000003,49.29534662423944,21.0
-1,-78.50309296992415,12.12683367592591,43.0,44.44800000000002,34.05509296992414,23.0
-1,-98.3067380004294,9.89271318055556,41.0,49.536000000000016,48.770738000429375,21.0
-1,-94.27036294178316,18.7626083703703,64.0,64.89600000000002,29.37436294178315,17.0
-1,-158.8566394742266,14.352055907407395,63.0,85.72800000000004,73.12863947422656,25.0
-1,-97.26194710249696,16.427199342592548,53.0,59.712000000000025,37.54994710249692,20.0
-1,-110.25736445556248,17.04495996296293,70.0,73.53600000000002,36.72136445556246,21.0
-1,-100.86084153965184,14.471300791666652,51.0,60.288000000000025,40.57284153965182,20.0
-1,-131.505208267608,15.9826883611111,61.0,71.90400000000002,59.60120826760799,24.0
-1,-79.82355068247203,11.63787584722221,40.0,45.600000000000016,34.223550682472016,19.0
-1,-89.48988724157974,17.20882573148146,62.0,59.13600000000002,30.353887241579724,19.0
-1,-125.74663548469672,15.870590782407383,77.0,84.28800000000003,41.4586354846967,22.0
-1,-167.67079149719424,14.345507129629604,89.0,115.39200000000008,52.278791497194185,24.0
-1,-106.22829568186262,18.2854338009259,55.0,64.99200000000003,41.236295681862586,19.0
-1,-108.70533974585804,14.673304222222235,56.0,53.472000000000016,55.233339745858,24.0
-1,-134.8341384325255,18.047935365740702,73.0,78.72000000000003,56.11413843252548,21.0
-1,-104.06635504631087,19.023089648148098,65.0,63.64800000000004,40.41835504631086,21.0
-1,-116.98026963863344,19.1945766898148,82.0,70.94400000000003,46.03626963863341,22.0
-1,-111.81019871692104,17.270804374999948,57.0,64.12800000000003,47.68219871692101,18.0
-1,-83.03974380430225,14.574858083333316,54.0,55.872000000000014,27.16774380430224,14.0
-1,-94.26082764260852,13.469146689814814,49.0,54.048000000000016,40.212827642608495,21.0
-1,-107.11703594526044,19.953847615740717,69.0,67.48800000000001,39.62903594526045,19.0
-1,-137.5060631160771,18.90383464351848,66.0,79.00800000000005,58.49806311607704,25.0
-1,-92.45874005041505,14.210780263888893,46.0,48.000000000000014,44.45874005041501,24.0
-1,-90.9754690647793,14.116143541666649,50.0,50.97600000000002,39.99946906477929,20.0
-1,-84.00758544853278,12.071485259259246,47.0,52.12800000000001,31.87958544853277,22.0
-1,-136.2527825084225,15.452456597222213,60.0,73.44000000000003,62.81278250842249,25.0
-1,-81.67171317564298,14.43268250462962,36.0,45.88800000000002,35.78371317564296,16.0
-1,-100.13501952822622,13.509130388888876,52.0,55.00800000000002,45.12701952822621,20.0
-1,-116.22097063265072,20.875263527777747,80.0,84.57600000000004,31.644970632650693,15.0
-1,-103.01943486663669,19.99633034259257,66.0,67.48800000000003,35.53143486663666,20.0
-1,-97.02884802684866,15.073481532407396,60.0,61.44000000000002,35.58884802684865,19.0
-1,-116.67411061822484,16.03408818981479,64.0,76.51200000000003,40.1621106182248,20.0
-1,-115.56217949999642,19.162283374999944,63.0,75.84000000000003,39.72217949999639,18.0
-1,-105.63556819270036,15.280297425925912,51.0,58.84800000000003,46.78756819270034,19.0
-1,-84.38087625619995,16.181527953703704,52.0,52.320000000000014,32.06087625619994,18.0
-1,-89.53050063413781,17.10838875925925,59.0,50.20800000000001,39.32250063413779,22.0
-1,-125.01186367823126,16.563796949074035,66.0,81.88800000000005,43.12386367823121,18.0
-1,-110.17174332533465,14.127493208333323,59.0,56.83200000000003,53.33974332533461,24.0
-1,-117.50349929264712,16.539938689814804,60.0,64.80000000000004,52.70349929264709,20.0
-1,-89.61519645365908,11.620080671296291,51.0,51.360000000000014,38.25519645365907,21.0
-1,-92.04504726231312,13.655048500000005,41.0,46.176000000000016,45.86904726231312,22.0
-1,-100.6632850542566,14.681824546296276,61.0,65.47200000000002,35.19128505425658,23.0
-1,-112.10957130608168,15.197665972222213,71.0,83.32800000000005,28.781571306081645,17.0
-1,-90.96927159355354,17.08925640277779,49.0,53.76000000000002,37.20927159355353,17.0
-1,-111.70615297436838,14.238114152777776,55.0,63.168000000000006,48.53815297436837,24.0
-1,-153.37880608052433,15.89974294907408,62.0,66.72000000000003,86.6588060805243,29.0
-1,-93.3929259707076,15.8340787824074,50.0,54.72000000000001,38.67292597070758,18.0
-1,-95.44061756077052,15.779076907407376,48.0,53.18400000000002,42.25661756077051,19.0
-1,-108.71192060714176,17.642362671296247,60.0,63.07200000000003,45.63992060714174,20.0
-1,-110.37665284910996,18.71101903703697,63.0,75.84000000000003,34.53665284910992,19.0
-1,-116.08647776217984,21.505264685185104,72.0,79.77600000000004,36.310477762179794,16.0
-1,-114.70698809501388,19.595801879629576,68.0,69.40800000000003,45.29898809501384,20.0
-1,-100.49932214251294,17.39545144444442,63.0,68.83200000000002,31.66732214251291,17.0
-1,-104.93365417806604,14.21333584259258,69.0,69.21600000000001,35.717654178066034,19.0
-1,-120.41650240842374,16.835011268518485,66.0,78.33600000000004,42.0805024084237,19.0
-1,-118.738664384456,11.463462671296302,58.0,62.30400000000002,56.43466438445597,26.0
-1,-115.47350975936207,15.637107717592562,63.0,63.93600000000001,51.53750975936207,23.0
-1,-95.9581999241829,15.162757277777777,47.0,54.33600000000002,41.622199924182894,20.0
-1,-116.28960440538634,19.417493023148072,68.0,82.75200000000004,33.537604405386304,19.0
-1,-131.06668883177443,16.388603916666668,67.0,70.75200000000002,60.31468883177441,24.0
-1,-143.1464870891104,18.395442129629576,75.0,75.64800000000004,67.49848708911037,24.0
-1,-97.14242228306958,12.26928271759261,47.0,55.87200000000002,41.27042228306956,20.0
-1,-97.9629823295848,15.457867777777752,48.0,54.33600000000002,43.62698232958477,21.0
-1,-90.9014529995064,11.787995060185189,44.0,48.192000000000014,42.709452999506375,23.0
-1,-95.6246996893306,14.232870236111124,51.0,49.536000000000016,46.0886996893306,20.0
-1,-121.57502754308078,15.208330601851838,68.0,73.63200000000002,47.94302754308076,22.0
-1,-102.78454038631344,18.83618871759251,69.0,69.79200000000003,32.9925403863134,17.0
-1,-100.04235349477216,13.768690851851831,61.0,59.71200000000003,40.33035349477214,23.0
-1,-92.35350655844702,15.658167384259247,65.0,65.95200000000001,26.401506558447007,17.0
-1,-100.13304022914868,13.934803995370368,55.0,61.72800000000002,38.40504022914865,18.0
-1,-104.55791711128144,12.204807333333347,48.0,60.288,44.26991711128144,23.0
-1,-124.75374472242352,15.056430254629584,74.0,84.19200000000004,40.5617447224235,22.0
-1,-93.90641736510376,12.605376884259288,48.0,51.45600000000002,42.45041736510374,22.0
-1,-126.83748024576224,19.85083843055553,76.0,76.80000000000001,50.03748024576222,19.0
-1,-116.1101227066647,15.924999560185157,58.0,73.15200000000004,42.95812270666465,21.0
-1,-107.09939724174228,14.492058847222218,52.0,61.344000000000015,45.75539724174227,26.0
-1,-99.1411883539122,11.33922949537036,51.0,52.12800000000002,47.0131883539122,24.0
-1,-100.07006315571434,16.5333426712963,57.0,61.34400000000003,38.7260631557143,19.0
-1,-121.81978548755971,10.003652935185208,45.0,51.16800000000003,70.65178548755969,24.0
-1,-109.81420816930458,12.260772745370373,53.0,53.76000000000002,56.05420816930455,26.0
-1,-106.61959345962188,19.092949388888854,67.0,72.48000000000002,34.139593459621864,18.0
-1,-90.89022960402076,17.457794824074067,63.0,64.89600000000003,25.99422960402074,13.0
-1,-93.1076516519464,14.997724435185177,51.0,58.36800000000001,34.7396516519464,20.0
-1,-103.59572885935071,14.087971833333349,51.0,63.45600000000002,40.139728859350704,20.0
-1,-98.23945549880716,16.528525055555548,52.0,56.160000000000025,42.079455498807135,24.0
-1,-150.08512789948946,18.059313833333302,89.0,98.40000000000003,51.68512789948943,20.0
-1,-122.5891231119714,19.13340718055553,70.0,72.96000000000004,49.62912311197135,19.0
-1,-93.66502910167056,10.573172763888888,46.0,55.872000000000014,37.79302910167054,21.0
-1,-113.45257658004068,17.696747245370343,64.0,73.82400000000003,39.62857658004066,20.0
-1,-111.79981590654334,14.838695726851844,59.0,62.01600000000003,49.78381590654332,22.0
-1,-126.8660646494978,19.586499370370333,69.0,70.464,56.4020646494978,25.0
-1,-108.87631789917586,13.904103601851846,55.0,59.42400000000003,49.45231789917583,24.0
-1,-94.72727914118649,13.933930037037047,62.0,59.904000000000025,34.82327914118645,20.0
-1,-127.67756383477838,15.336343222222208,60.0,63.55200000000002,64.12556383477836,25.0
-1,-95.61507031382084,13.690483763888889,55.0,60.384000000000015,35.231070313820815,19.0
-1,-105.66388701523287,13.552583467592587,46.0,56.16000000000002,49.50388701523288,23.0
-1,-103.59659917829158,11.021805050925934,50.0,64.89600000000003,38.700599178291554,21.0
-1,-141.92698762545177,14.832674212962948,75.0,94.46400000000006,47.46298762545173,22.0
-1,-99.13969509346234,10.523939398148151,44.0,48.192000000000014,50.94769509346232,24.0
-1,-84.87842158555353,13.584344518518495,43.0,47.13600000000001,37.74242158555352,20.0
-1,-109.3816948119204,12.67476193518519,52.0,59.23200000000002,50.14969481192037,22.0
-1,-111.4947256800814,17.686814629629605,69.0,75.36000000000003,36.13472568008137,19.0
-1,-92.50663311050675,18.88659997222217,48.0,48.48000000000002,44.02663311050673,23.0
-1,-131.70129696464608,20.36142598611103,81.0,82.27200000000003,49.429296964646056,22.0
-1,-101.9505161675012,16.867706050925904,56.0,63.93600000000004,38.01451616750116,19.0
-1,-85.66290318237148,10.293953412037023,31.0,35.42400000000001,50.23890318237148,23.0
-1,-137.3631587709787,16.033239361111104,68.0,81.31200000000003,56.051158770978674,23.0
-1,-140.3550671477146,13.2625131759259,60.0,81.12000000000002,59.23506714771459,22.0
-1,-105.78108240426076,13.787631162037048,55.0,64.99200000000003,40.78908240426073,23.0
-1,-94.04761565017238,18.71276993981477,64.0,74.11200000000004,19.93561565017234,14.0
-1,-86.60584611733557,14.04824389351852,47.0,55.48800000000001,31.117846117335567,18.0
-1,-95.0054126773796,17.93758614351847,63.0,66.62400000000001,28.3814126773796,15.0
-1,-124.93200250278248,19.76460801851845,64.0,75.45600000000005,49.476002502782414,21.0
-1,-113.39977014204216,11.743602495370387,40.0,51.74400000000002,61.65577014204215,23.0
-1,-106.6528672493458,12.286378555555556,47.0,56.44800000000002,50.20486724934578,23.0
-1,-117.3197325367362,16.577725638888875,62.0,68.83200000000001,48.48773253673621,23.0
-1,-119.86004112994372,18.26157110185182,63.0,73.53600000000002,46.3240411299437,21.0
-1,-107.20408659545365,14.122043064814807,47.0,59.80800000000003,47.39608659545362,21.0
-1,-130.62243284603,16.966529291666635,70.0,69.02400000000003,61.59843284602998,24.0
-1,-104.120694446115,19.26839475462957,64.0,69.02400000000002,35.09669444611499,21.0
-1,-121.26730856539388,18.73252626388883,73.0,79.68000000000004,41.58730856539385,20.0
-1,-78.95992177834094,16.19623612499999,45.0,47.040000000000006,31.919921778340942,20.0
-1,-80.45937699572218,9.857556231481484,38.0,40.03200000000001,40.42737699572216,25.0
-1,-85.9115891535299,12.909294537037036,52.0,52.896,33.0155891535299,21.0
-1,-143.46459068331265,20.95883678703698,74.0,75.74400000000004,67.72059068331261,20.0
-1,-122.87371104789196,14.087625509259247,55.0,62.97600000000003,59.89771104789192,23.0
-1,-81.8121586273246,11.24682397222223,34.0,40.992,40.82015862732461,19.0
-1,-102.0185723272574,13.245333944444432,51.0,54.14400000000002,47.87457232725739,23.0
-1,-113.39288215306954,12.21369353703703,48.0,54.048000000000016,59.34488215306953,24.0
-1,-111.34319361795424,17.83280386111109,53.0,58.75200000000003,52.5911936179542,18.0
-1,-81.38834381728094,15.136847120370362,48.0,51.07200000000002,30.316343817280917,15.0
-1,-107.4198450592198,20.304252736111103,63.0,69.40800000000003,38.01184505921978,17.0
-1,-101.09017156527248,18.989216930555536,62.0,65.95200000000003,35.138171565272444,21.0
-1,-107.6875756541252,14.805192430555543,66.0,69.79200000000002,37.89557565412518,19.0
-1,-95.16242035466512,17.720871273148145,61.0,64.41600000000003,30.74642035466509,19.0
-1,-128.3520244071073,17.46807926388885,79.0,80.83200000000002,47.52002440710727,18.0
-1,-131.24562329150183,18.564417925925863,80.0,81.02400000000004,50.22162329150179,23.0
-1,-127.73232099490198,18.68983782407401,78.0,81.98400000000005,45.74832099490193,21.0
-1,-90.3947678861083,12.976969375000005,50.0,53.18400000000002,37.210767886108286,23.0
-1,-108.31331473331028,15.530122023148133,62.0,68.92800000000003,39.38531473331027,22.0
-1,-98.64975478691927,13.106961356481504,46.0,53.47200000000002,45.17775478691927,21.0
-1,-111.23857244982912,12.788364092592596,45.0,55.58400000000002,55.654572449829104,23.0
-1,-85.23864325505068,15.392039805555545,48.0,55.776000000000025,29.462643255050654,16.0
-1,-105.51818201787114,13.764673749999982,41.0,45.6,59.918182017871146,19.0
-1,-112.63288665201873,14.57664108796295,73.0,69.31200000000003,43.32088665201871,22.0
-1,-103.31148138442788,14.453667625,50.0,55.96800000000001,47.34348138442786,21.0
-1,-96.40295790212024,16.42282145370368,67.0,69.12000000000002,27.28295790212024,17.0
-1,-108.52937737723396,13.778975231481487,61.0,64.224,44.30537737723396,25.0
-1,-117.57049872654731,14.249747236111103,63.0,62.01600000000003,55.55449872654729,25.0
-1,-99.7854392875138,14.63585497222222,52.0,48.86400000000002,50.9214392875138,23.0
-1,-132.67770521815044,23.753784597222204,75.0,88.22400000000005,44.4537052181504,15.0
-1,-92.14147165263802,16.03083986111109,57.0,58.75200000000002,33.38947165263801,19.0
-1,-109.14861716003996,16.477432013888873,61.0,65.37600000000003,43.77261716003993,21.0
-1,-118.180651319585,20.086473347222142,78.0,81.31200000000003,36.86865131958497,20.0
-1,-117.53904750752532,15.671888499999977,63.0,74.30400000000003,43.23504750752527,19.0
-1,-110.41905485257472,14.725875453703704,54.0,61.72800000000003,48.6910548525747,21.0
-1,-101.01922415474156,17.338467532407368,69.0,66.048,34.97122415474155,19.0
-1,-93.52005482490496,12.898305884259251,46.0,53.664000000000016,39.85605482490495,19.0
-1,-117.2165624142126,18.39786948611106,68.0,74.59200000000003,42.62456241421257,21.0
-1,-117.64381392094192,14.581624453703714,62.0,64.992,52.65181392094191,24.0
-1,-100.92859281814334,18.142882041666645,52.0,58.56000000000002,42.36859281814333,17.0
-1,-97.47108556728062,14.510738106481464,43.0,47.808000000000014,49.6630855672806,21.0
-1,-125.27971597310568,16.358680157407385,45.0,57.79200000000003,67.48771597310564,24.0
-1,-98.55517262513813,16.439456162037033,61.0,61.44000000000002,37.1151726251381,20.0
-1,-102.93069295130356,17.333625347222203,56.0,68.25600000000003,34.674692951303534,17.0
-1,-94.38360457895573,15.043087768518488,52.0,51.16800000000003,43.21560457895569,22.0
-1,-106.57315022734387,19.4918921759259,72.0,67.58400000000003,38.98915022734384,20.0
-1,-91.1941314703148,11.575820384259256,57.0,62.496000000000016,28.698131470314785,20.0
-1,-100.7643086392005,16.287509365740725,56.0,56.92800000000001,43.83630863920049,20.0
-1,-112.28275751588978,14.625870629629636,61.0,65.18400000000003,47.09875751588976,23.0
-1,-116.12310314407836,17.709242624999955,72.0,71.80800000000002,44.31510314407835,22.0
-1,-115.79029687027317,11.523738023148136,56.0,64.60800000000003,51.18229687027311,25.0
-1,-109.27088240696932,21.72593931018512,70.0,69.79200000000002,39.4788824069693,19.0
-1,-99.4380124647659,16.494846745370353,58.0,61.44000000000002,37.99801246476588,17.0
-1,-136.24964704453097,17.73373962499997,81.0,85.63200000000002,50.61764704453092,21.0
-1,-96.16369883674966,14.00408190277778,45.0,51.74400000000002,44.419698836749646,23.0
-1,-110.3649879450972,19.31901129166659,82.0,78.33600000000004,32.02898794509716,16.0
-1,-121.02504408523382,23.52646805092589,86.0,79.48800000000003,41.53704408523379,19.0
-1,-100.01773030017505,13.959840328703676,47.0,57.984000000000016,42.033730300175016,20.0
-1,-98.44078877663028,21.434889143518497,66.0,62.68800000000002,35.752788776630254,19.0
-1,-140.18381864937294,20.58688478240736,69.0,85.63200000000002,54.551818649372926,21.0
-1,-86.17128820779593,8.55116063425927,42.0,43.77600000000001,42.39528820779592,24.0
-1,-97.64348948084644,12.923687439814811,38.0,41.856000000000016,55.787489480846446,21.0
-1,-106.84013795619634,17.361847773148146,53.0,53.85600000000002,52.98413795619632,21.0
-1,-145.0247582178199,15.217498685185166,68.0,82.94400000000005,62.080758217819856,22.0
-1,-97.90471299146355,17.28545062962961,63.0,65.47200000000002,32.432712991463525,20.0
-1,-122.78856334947122,17.907630740740654,74.0,83.90400000000005,38.88456334947117,21.0
-1,-102.51865762967536,18.003643374999985,64.0,72.28800000000003,30.230657629675324,16.0
-1,-93.15824353978977,18.01573184259257,54.0,67.29600000000003,25.86224353978972,17.0
-1,-101.52149493687963,14.41926340277779,50.0,59.13600000000002,42.38549493687962,18.0
-1,-113.65005715764148,13.02728376388888,53.0,57.792000000000016,55.85805715764145,23.0
-1,-92.37525793869406,9.79074645833335,49.0,47.904,44.47125793869406,24.0
-1,-92.54838237203344,13.466320578703694,45.0,53.95200000000001,38.59638237203343,23.0
-1,-105.37805850840024,16.57981995833332,65.0,70.46400000000003,34.91405850840022,21.0
-1,-111.04310281448812,16.763687305555514,77.0,84.09600000000002,26.947102814488108,16.0
-1,-93.51344162165108,13.985560481481471,50.0,47.52000000000001,45.993441621651066,22.0
-1,-116.32270685295072,11.60519899074074,57.0,58.176000000000016,58.14670685295072,24.0
-1,-124.7251181520474,14.491135504629629,56.0,66.62400000000002,58.10111815204736,25.0
-1,-116.47211880005815,16.717454199074055,83.0,77.08800000000005,39.3841188000581,23.0
-1,-81.23001556216806,13.099652736111103,43.0,44.256000000000014,36.97401556216804,21.0
-1,-97.4557618822424,14.964716194444422,55.0,65.28000000000003,32.17576188224237,20.0
-1,-97.1579228965395,13.153723472222214,56.0,55.29600000000003,41.86192289653948,25.0
-1,-98.64731385525891,14.327358504629611,60.0,58.65600000000002,39.99131385525889,21.0
-1,-111.05330679984372,17.602090828703687,66.0,72.28800000000003,38.76530679984369,17.0
-1,-130.43127187903866,14.109266078703676,54.0,70.08000000000003,60.35127187903864,27.0
-1,-86.18346023407256,18.28199169444442,52.0,56.352000000000025,29.831460234072534,12.0
-1,-141.32140306993583,17.820449361111084,75.0,92.25600000000004,49.065403069935805,23.0
-1,-120.18709383031891,18.240143398148103,71.0,73.05600000000003,47.131093830318896,24.0
-1,-130.75432271274315,13.039951416666662,59.0,73.82400000000003,56.93032271274315,21.0
-1,-74.15480431658261,14.125061523148146,36.0,44.928,29.226804316582605,17.0
-1,-86.78363972413882,13.421981578703711,49.0,50.01600000000001,36.7676397241388,21.0
-1,-84.51745512321585,13.163331499999996,41.0,47.61600000000001,36.901455123215854,18.0
-1,-87.16586896305438,13.557862976851862,47.0,49.632000000000005,37.53386896305437,22.0
-1,-95.21827398784596,14.326388240740746,50.0,53.37600000000002,41.842273987845935,21.0
-1,-124.05877495047103,17.540591620370314,72.0,81.21600000000004,42.842774950471,22.0
-1,-92.024465902326,15.138036486111105,57.0,59.23200000000002,32.79246590232597,20.0
-1,-128.527157436866,16.235006134259223,73.0,85.44000000000005,43.08715743686592,23.0
-1,-105.47340957032604,17.277569657407376,62.0,70.08000000000004,35.393409570326,19.0
-1,-122.52184072028102,17.252616310185164,77.0,73.53600000000003,48.98584072028099,22.0
-1,-104.50837445218828,14.922292902777755,55.0,69.79200000000003,34.716374452188255,18.0
-1,-104.42654842775504,12.96676358333334,51.0,50.97600000000002,53.450548427755024,24.0
-1,-91.85115029781132,20.477671064814743,70.0,67.00800000000001,24.843150297811317,17.0
-1,-76.765251383055,11.042535199074074,47.0,44.928,31.837251383055,22.0
-1,-135.77804067529155,16.153936675925888,81.0,80.92800000000004,54.850040675291496,23.0
-1,-110.26425459987864,19.968874185185157,63.0,72.96000000000001,37.304254599878654,20.0
-1,-82.61526356685053,11.195002861111105,42.0,42.72000000000001,39.89526356685052,22.0
-1,-115.02025657645092,18.06176023148144,69.0,65.08800000000001,49.93225657645091,21.0
-1,-90.6873241822804,13.95800225925924,46.0,55.20000000000002,35.48732418228039,21.0
-1,-106.13771843272406,16.711477601851826,69.0,70.17600000000002,35.96171843272404,21.0
-1,-121.4457547673778,14.706542324074068,71.0,79.87200000000004,41.57375476737776,22.0
-1,-110.76682950094016,13.208458972222216,64.0,73.44000000000003,37.32682950094014,20.0
-1,-108.98877597844798,17.833361509259234,60.0,62.78400000000003,46.20477597844795,18.0
-1,-86.53039432971812,15.58731912037035,54.0,56.83200000000002,29.6983943297181,18.0
-1,-142.0946094636226,19.698833495370312,107.0,114.91200000000006,27.18260946362254,18.0
-1,-85.99037356015421,12.9981117175926,38.0,46.848000000000006,39.1423735601542,18.0
-1,-86.22517558025183,13.212418717592582,46.0,45.792000000000016,40.43317558025181,21.0
-1,-96.67876884665851,17.32752562962962,50.0,50.88000000000002,45.79876884665851,20.0
-1,-104.496257193678,17.343304393518512,68.0,69.98400000000002,34.51225719367798,20.0
-1,-93.05178180039944,15.825752453703698,52.0,57.31200000000001,35.73978180039942,19.0
-1,-100.14189058295626,14.199676490740751,59.0,56.64000000000002,43.50189058295624,23.0
-1,-104.96775254405016,16.864535319444432,69.0,70.84800000000001,34.11975254405015,19.0
-1,-106.89942638706222,15.12076132407406,62.0,73.15200000000003,33.747426387062184,18.0
-1,-80.48922219408358,11.37109050000002,42.0,44.16000000000001,36.32922219408357,23.0
-1,-100.14409490903844,16.762928087962937,63.0,57.88800000000002,42.25609490903841,23.0
-1,-107.03768029678356,15.315819333333328,63.0,72.76800000000003,34.26968029678353,18.0
-1,-99.0326526016529,15.286368726851856,64.0,61.05600000000002,37.97665260165289,20.0
-1,-104.43439581773092,15.089100717592572,49.0,61.15200000000003,43.28239581773088,19.0
-1,-125.78707873966268,17.784056796296266,76.0,74.88000000000004,50.90707873966264,25.0
-1,-105.56119504592394,11.911837990740752,50.0,50.59200000000001,54.96919504592392,26.0
-1,-103.22594689825482,12.171087222222228,58.0,58.75200000000002,44.47394689825479,22.0
-1,-116.87203752346464,15.868118967592569,80.0,88.89600000000003,27.976037523464598,17.0
-1,-118.85336521004744,21.10645803240734,71.0,73.72800000000004,45.12536521004738,17.0
-1,-95.48788661564316,11.87570072685186,50.0,51.552000000000014,43.93588661564316,21.0
-1,-92.91731463734774,14.98659408796296,53.0,55.87200000000002,37.04531463734772,19.0
-1,-92.76121468920454,16.699559138888876,56.0,64.12800000000003,28.633214689204515,15.0
-1,-101.18505587838712,21.652665560185127,65.0,61.15200000000003,40.0330558783871,20.0
-1,-97.13167979165286,21.82375867592588,70.0,60.76800000000002,36.36367979165284,18.0
-1,-102.66343582717514,14.437598537037024,62.0,64.32000000000002,38.34343582717511,23.0
-1,-85.88770020604673,17.315649347222212,57.0,56.83200000000002,29.055700206046705,17.0
-1,-92.94015781988314,14.1221485185185,53.0,62.01600000000003,30.924157819883117,18.0
-1,-109.33488103261656,17.67258708333329,63.0,66.912,42.42288103261654,20.0
-1,-110.65628957626592,20.056826439814778,56.0,74.68800000000003,35.96828957626588,20.0
-1,-98.622593417505,17.14422252777775,63.0,64.22400000000003,34.398593417504955,19.0
-1,-80.88068724379319,13.623182425925918,43.0,49.728000000000016,31.15268724379317,19.0
-1,-93.01456495051704,13.19232686574074,52.0,52.128000000000014,40.88656495051703,23.0
-1,-94.82749315254333,16.46600081018519,52.0,58.75200000000002,36.07549315254329,18.0
-1,-83.4374714303492,14.646615620370357,44.0,49.72800000000002,33.70947143034919,20.0
-1,-105.68782618807234,12.257194055555528,48.0,45.312000000000005,60.37582618807232,22.0
-1,-113.12800332488968,26.05501774074072,66.0,48.96,64.16800332488967,24.0
-1,-90.5118766782337,14.055313819444445,43.0,40.03200000000001,50.47987667823369,24.0
-1,-83.93067122759632,13.658591388888912,38.0,42.91200000000002,41.01867122759629,21.0
-1,-98.54378797500505,14.119021421296305,49.0,55.58400000000002,42.95978797500501,22.0
-1,-108.3129105526762,17.880311745370335,60.0,66.432,41.88091055267618,18.0
-1,-91.454236073186,15.80355581944443,42.0,53.472000000000016,37.98223607318598,21.0
-1,-85.62098319942749,16.400323606481493,43.0,45.02400000000001,40.59698319942748,20.0
-1,-95.57652889915428,15.999117638888888,51.0,59.52000000000002,36.05652889915426,17.0
-1,-103.56690847793396,15.710956736111113,56.0,62.01600000000003,41.55090847793394,23.0
-1,-70.77084448629606,13.776612384259249,37.0,35.42400000000001,35.34684448629606,18.0
-1,-121.46043380954356,15.587110069444435,67.0,71.04000000000002,50.420433809543525,23.0
-1,-125.65352335540416,21.16747690277771,79.0,80.64000000000004,45.0135233554041,18.0
-1,-104.95381049350064,15.69116696296298,49.0,53.18400000000002,51.76981049350063,25.0
-1,-92.79825275231669,14.989554361111107,50.0,46.84800000000001,45.950252752316665,21.0
-1,-112.292506337876,19.244942634259232,77.0,74.97600000000003,37.31650633787599,19.0
-1,-96.04848735537104,14.412025768518504,48.0,46.65600000000002,49.39248735537101,22.0
-1,-122.226043049748,16.817148787037006,75.0,81.31200000000003,40.91404304974798,22.0
-1,-107.29095967559158,15.87106255555553,53.0,56.64000000000003,50.65095967559154,21.0
-1,-113.8542597231641,20.184452699074008,64.0,59.13600000000003,54.71825972316408,20.0
-1,-110.74585890504493,15.853408148148118,51.0,62.01600000000003,48.7298589050449,20.0
-1,-111.57708625146066,16.7744949259259,69.0,70.46400000000003,41.11308625146062,21.0
-1,-89.1176323795178,13.594284023148148,42.0,46.368000000000016,42.74963237951778,20.0
-1,-96.8392843655354,14.197724254629636,48.0,57.50400000000002,39.33528436553538,19.0
-1,-91.71044220079987,18.66875029166664,55.0,53.568000000000026,38.14244220079987,22.0
-1,-107.38774507213938,23.25563421759253,74.0,71.71200000000003,35.67574507213934,18.0
-1,-99.1860172587256,13.625006657407404,52.0,65.56800000000003,33.61801725872559,20.0
-1,-129.2337660736154,12.570500865740728,55.0,68.64000000000003,60.59376607361535,23.0
-1,-97.09224599544328,15.158794384259252,49.0,52.60800000000002,44.48424599544327,24.0
-1,-96.92302630385343,19.64192558333331,64.0,63.55200000000002,33.37102630385341,19.0
-1,-107.20724257903342,18.212340398148108,67.0,67.10400000000001,40.103242579033406,23.0
-1,-119.3754442674418,18.52401053703703,70.0,76.70400000000004,42.67144426744175,23.0
-1,-104.69656277980738,16.64025507407405,56.0,55.10400000000002,49.59256277980735,22.0
-1,-104.03205365023786,18.176600574074016,55.0,57.79200000000002,46.24005365023784,23.0
-1,-126.67829076385402,11.778225351851852,56.0,62.49600000000002,64.182290763854,25.0
-1,-77.28000368767721,14.687897180555558,49.0,46.08000000000001,31.2000036876772,18.0
-1,-148.83535874486745,19.568542032407336,91.0,96.48000000000005,52.35535874486741,20.0
-1,-112.8472698433238,15.084871120370344,74.0,82.94400000000005,29.90326984332374,19.0
-1,-111.18079253035609,21.730355430555445,76.0,80.73600000000003,30.44479253035605,20.0
-1,-93.86254485207049,15.77315324074071,55.0,59.13600000000002,34.726544852070454,19.0
-1,-90.34411732999074,18.477729064814778,53.0,61.82400000000002,28.520117329990715,17.0
-1,-103.18711679299122,11.637911425925934,46.0,47.90400000000001,55.28311679299121,22.0
-1,-105.26817793232657,15.426285546296304,54.0,51.45600000000001,53.81217793232653,22.0
-1,-111.76316141854804,19.148942328703672,63.0,72.86400000000003,38.89916141854801,20.0
-1,-101.57850421571378,19.104196574074027,64.0,56.736000000000026,44.84250421571375,21.0
-1,-89.8155640572834,13.534058249999973,43.0,52.51200000000002,37.303564057283374,20.0
-1,-151.7703508800385,25.049465745370348,88.0,96.28800000000004,55.48235088003845,20.0
-1,-116.5524364350262,16.222420231481493,56.0,52.89600000000002,63.65643643502617,21.0
-1,-121.0572644365272,18.384276092592547,74.0,78.24000000000004,42.81726443652716,20.0
-1,-96.59631043563851,12.199674041666652,47.0,53.08800000000001,43.508310435638506,21.0
-1,-138.6819711437855,15.48174224537036,77.0,89.56800000000004,49.11397114378545,25.0
-1,-106.38097510713828,20.92413443981471,67.0,69.21600000000002,37.16497510713826,22.0
-1,-95.5506404813592,15.61900116666664,59.0,63.744000000000014,31.80664048135919,19.0
-1,-83.53779287215932,13.45763753703701,41.0,47.71200000000002,35.8257928721593,21.0
-1,-104.61742102867083,14.11687853703704,54.0,61.05600000000003,43.56142102867081,24.0
-1,-97.44482875072843,15.781864740740756,58.0,56.92800000000002,40.51682875072844,19.0
-1,-140.37539568440548,18.21853893981477,79.0,92.06400000000004,48.31139568440543,21.0
-1,-100.1382068404937,15.012206569444436,51.0,51.84000000000002,48.29820684049368,24.0
-1,-98.78971624001622,18.739853458333297,61.0,67.20000000000002,31.58971624001621,19.0
-1,-95.952717660866,13.394160842592592,43.0,52.51200000000002,43.44071766086599,22.0
-1,-102.98362032573382,12.53720688425926,44.0,50.78400000000003,52.19962032573381,24.0
-1,-117.03163388070834,16.895385129629606,68.0,72.96000000000004,44.0716338807083,21.0
-1,-98.98007061807502,12.36063165277778,41.0,43.58400000000002,55.396070618074994,24.0
-1,-107.5419311954625,16.56055400925924,60.0,62.78400000000003,44.75793119546246,21.0
-1,-98.7786763258304,15.40114324999999,55.0,58.75200000000002,40.02667632583038,21.0
-1,-97.43960095931214,15.699927569444446,62.0,58.27200000000002,39.16760095931213,19.0
-1,-121.32779945898436,18.51866695370365,56.0,64.32000000000002,57.00779945898435,19.0
-1,-101.63228844825244,13.48112493518518,48.0,48.28800000000002,53.34428844825242,24.0
-1,-94.6193191097353,11.756288768518528,40.0,48.000000000000014,46.619319109735294,22.0
-1,-91.48750555386516,11.606713773148144,39.0,49.248000000000026,42.23950555386512,23.0
-1,-108.56777104081812,6.966149162037044,28.0,40.12800000000001,68.4397710408181,25.0
-1,-86.63979642538332,16.257876578703698,53.0,55.48800000000003,31.15179642538329,16.0
-1,-93.85794863153473,16.647898675925898,54.0,54.33600000000002,39.52194863153469,19.0
-1,-93.36619420432582,13.144434458333327,41.0,48.28800000000002,45.07819420432581,25.0
-1,-103.16205732709771,15.31650368518518,54.0,54.81600000000002,48.3460573270977,22.0
-1,-86.96337341176778,16.469509708333312,49.0,55.29600000000002,31.667373411767752,19.0
-1,-101.32298779892228,13.653092300925923,46.0,49.72800000000001,51.59498779892226,22.0
-1,-95.41284502771092,14.062757328703675,50.0,55.87200000000003,39.540845027710894,24.0
-1,-111.22206324817571,16.688159129629618,64.0,64.12800000000003,47.094063248175694,21.0
-1,-112.99711449732082,17.139937171296275,65.0,71.90400000000002,41.0931144973208,21.0
-1,-91.8715534681114,11.935290074074071,54.0,59.52000000000001,32.35155346811139,19.0
-1,-97.08788009333536,14.28626602314813,56.0,59.13600000000002,37.95188009333534,19.0
-1,-96.2688212672478,16.693559666666637,53.0,56.54400000000001,39.72482126724779,23.0
-1,-103.1898224751395,15.807383365740742,49.0,57.40800000000003,45.78182247513946,21.0
-1,-98.46606767773504,16.813843999999975,65.0,58.84800000000002,39.61806767773502,21.0
-1,-115.62889588413384,18.34377493055552,65.0,67.00800000000002,48.620895884133816,22.0
-1,-84.81320708968428,14.821626013888896,48.0,48.38400000000001,36.42920708968428,20.0
-1,-94.04326000617772,16.13441720833331,47.0,50.68800000000002,43.355260006177694,19.0
-1,-98.294013004701,16.060533476851866,50.0,55.20000000000003,43.09401300470096,20.0
-1,-111.3725085248218,14.254200749999985,55.0,60.19200000000002,51.180508524821775,22.0
-1,-85.13488851571157,15.374999467592591,52.0,55.10400000000002,30.030888515711545,18.0
-1,-114.27369679885456,15.16784923148146,65.0,66.52800000000002,47.74569679885454,26.0
-1,-99.7378083185675,14.247846712962954,52.0,58.176000000000016,41.561808318567486,21.0
-1,-98.570609053061,18.320074337962904,56.0,63.26400000000002,35.30660905306098,19.0
-1,-109.37080504943152,14.687302296296291,67.0,70.84800000000003,38.52280504943148,21.0
-1,-69.56266833149778,7.817846949074072,27.0,37.82400000000001,31.73866833149776,19.0
-1,-90.50903167627744,19.113544180555543,48.0,52.12800000000003,38.3810316762774,16.0
-1,-96.11188709459913,12.222000175925936,32.0,41.760000000000005,54.35188709459912,19.0
-1,-115.05418759450605,15.255252023148133,57.0,67.68,47.374187594506026,21.0
-1,-104.24234255270284,15.283914472222218,59.0,60.960000000000015,43.28234255270282,26.0
-1,-123.4226793924195,13.48024734259259,59.0,58.94400000000003,64.47867939241947,22.0
-1,-95.5690813503757,14.494532074074066,47.0,49.44000000000002,46.12908135037568,25.0
-1,-107.66173222066688,20.294860509259166,67.0,69.40800000000003,38.253732220666855,17.0
-1,-96.3529928128178,9.23920893518519,45.0,53.95200000000001,42.400992812817776,24.0
-1,-132.8873005773825,14.290269120370349,69.0,86.59200000000004,46.295300577382456,21.0
-1,-91.83652824769142,14.3190909537037,40.0,46.17600000000001,45.66052824769141,20.0
-1,-93.04192564187451,12.5143016388889,52.0,51.84000000000002,41.20192564187451,21.0
-1,-84.46256175459727,14.690188268518495,54.0,54.81600000000001,29.646561754597265,18.0
-1,-103.22395962155636,17.24261698148146,54.0,59.42400000000002,43.79995962155635,19.0
-1,-125.81431727604296,17.732835759259224,72.0,80.06400000000005,45.75031727604293,20.0
-1,-127.6467112562584,16.27445883333332,72.0,73.82400000000004,53.822711256258366,23.0
-1,-104.1204692697535,12.044246106481458,49.0,53.472000000000016,50.64846926975348,25.0
-1,-130.48081844336207,19.141574962962927,73.0,73.53600000000004,56.94481844336201,22.0
-1,-130.22219216210567,20.24776910185184,58.0,71.71200000000002,58.51019216210565,21.0
-1,-89.66189612896895,18.57856550462959,60.0,58.56000000000002,31.10189612896894,17.0
-1,-84.88732673992826,13.710593337962964,38.0,46.272000000000006,38.61532673992825,18.0
-1,-101.02067251978715,14.5659069074074,52.0,53.18400000000002,47.83667251978713,24.0
-1,-95.22642777625036,15.657187800925888,47.0,56.44800000000001,38.77842777625033,21.0
-1,-107.59901062920729,16.186347759259245,60.0,57.69600000000002,49.90301062920725,21.0
-1,-113.70758327452384,17.019933087962915,59.0,64.03200000000002,49.675583274523824,22.0
-1,-132.1362970606489,15.043058842592584,76.0,68.73600000000005,63.40029706064885,26.0
-1,-106.9171571015262,17.21342054629627,63.0,67.29600000000003,39.62115710152619,23.0
-1,-107.54159748952716,17.05522589814812,58.0,73.44000000000001,34.10159748952715,19.0
-1,-114.25959025454566,16.153712361111104,62.0,67.68000000000002,46.57959025454564,23.0
-1,-98.91942104701216,16.316008550925936,48.0,53.472000000000016,45.44742104701213,17.0
-1,-122.37934067075068,15.083793430555536,60.0,78.24000000000004,44.13934067075064,22.0
-1,-88.3156150181431,15.71666580555554,47.0,53.37600000000001,34.939615018143094,18.0
-1,-95.641381150613,16.083450976851836,56.0,61.15200000000003,34.489381150612964,20.0
-1,-100.89145304968444,16.204815837962943,57.0,63.36000000000004,37.53145304968441,21.0
-1,-133.89421242214516,14.44330449537036,66.0,71.71200000000003,62.18221242214513,25.0
-1,-142.6983459688393,20.717331930555524,80.0,84.86400000000003,57.83434596883929,21.0
-1,-108.88239110790236,13.467831685185187,55.0,58.08000000000002,50.80239110790233,24.0
-1,-156.5578371056119,15.541509666666649,78.0,98.59200000000004,57.96583710561184,23.0
-1,-94.09767252700146,10.985261356481493,44.0,54.91200000000003,39.18567252700143,21.0
-1,-123.04565822668413,16.710381300925885,65.0,66.72000000000004,56.32565822668407,23.0
-1,-106.5739494295168,21.275233597222176,67.0,75.26400000000004,31.309949429516745,17.0
-1,-94.56465463033716,15.312755583333333,50.0,52.22400000000003,42.340654630337134,22.0
-1,-104.41102652471912,13.357538898148164,52.0,59.80800000000002,44.60302652471909,22.0
-1,-87.70045149719374,14.433289773148145,43.0,47.13600000000001,40.56445149719374,21.0
-1,-117.51374044560666,19.122497129629625,76.0,71.61600000000001,45.89774044560664,20.0
-1,-163.87245114625426,21.78907642129625,80.0,83.04000000000005,80.8324511462542,25.0
-1,-113.9388674437414,13.389375745370357,56.0,65.37600000000003,48.56286744374137,26.0
-1,-100.63917645325203,14.696082013888866,59.0,59.13600000000002,41.50317645325203,24.0
-1,-110.40500220888798,17.805802115740732,60.0,56.06400000000003,54.34100220888795,21.0
-1,-93.74349018757528,17.038850865740713,56.0,53.664000000000016,40.07949018757528,18.0
-1,-139.13547504942557,17.962535763888848,66.0,74.20800000000004,64.92747504942552,25.0
-1,-94.99885360145277,15.253103046296298,55.0,59.32800000000001,35.67085360145276,19.0
-1,-117.66654989445384,12.931331314814823,48.0,60.19200000000003,57.47454989445383,25.0
-1,-128.14605142317745,13.47532317592591,56.0,72.86400000000003,55.2820514231774,24.0
-1,-95.54234445150897,15.458968833333309,52.0,59.23200000000001,36.31034445150895,21.0
-1,-86.86569019648775,17.033861870370373,45.0,49.82400000000001,37.04169019648773,16.0
-1,-109.58424015132404,19.07862156481477,74.0,84.00000000000001,25.584240151324032,15.0
-1,-112.87448025842076,19.004256870370323,65.0,76.60800000000005,36.26648025842072,18.0
-1,-138.87651383884327,20.558219583333283,86.0,90.04800000000004,48.82851383884321,22.0
-1,-93.91795322043136,12.981934944444438,49.0,48.000000000000014,45.91795322043134,23.0
-1,-112.75233767098592,18.39268087499997,64.0,73.24800000000002,39.50433767098589,21.0
-1,-100.39492298649398,17.032042388888872,53.0,57.312000000000026,43.08292298649395,21.0
-1,-110.07633587372038,20.640041902777703,73.0,72.19200000000002,37.88433587372037,21.0
-1,-89.79403400436244,10.695786138888902,39.0,39.456,50.33803400436244,26.0
-1,-97.66146102128909,16.790968268518483,56.0,65.66400000000003,31.99746102128905,17.0
-1,-107.11183701234872,17.293701851851814,62.0,65.76000000000002,41.3518370123487,22.0
-1,-88.11188272272355,11.51824763425926,45.0,46.36800000000001,41.74388272272354,24.0
-1,-118.59698756417762,16.893615879629593,72.0,76.41600000000003,42.1809875641776,24.0
-1,-102.71065971934766,14.40208169444441,58.0,69.88800000000003,32.822659719347634,14.0
-1,-99.09470031765234,19.601348027777767,57.0,60.480000000000025,38.61470031765232,18.0
-1,-117.06785793687736,18.40866972222218,72.0,72.38400000000003,44.68385793687733,20.0
-1,-87.98657311470326,13.638948171296292,46.0,54.52800000000002,33.45857311470324,22.0
-1,-68.49752337837909,12.792873328703706,36.0,37.440000000000005,31.05752337837908,18.0
-1,-105.03344628118244,15.383681837962955,48.0,49.05600000000002,55.97744628118243,21.0
-1,-88.86570239590029,15.378607740740716,37.0,47.32800000000002,41.53770239590028,18.0
-1,-101.80805541743516,18.10290145833329,59.0,65.76000000000002,36.04805541743515,20.0
-1,-103.06201238283064,11.007275856481488,53.0,55.68000000000002,47.382012382830624,25.0
-1,-96.57029866594002,14.619863791666656,61.0,68.06400000000004,28.506298665939976,22.0
-1,-121.23826793708348,19.434524583333257,67.0,83.42400000000004,37.81426793708346,20.0
-1,-101.37057701516044,14.68942333333334,47.0,52.89600000000002,48.47457701516042,25.0
-1,-101.19541130474396,15.41791170370368,65.0,58.46400000000002,42.731411304743936,25.0
-1,-128.38152583739344,16.293955638888875,78.0,85.53600000000003,42.845525837393424,24.0
-1,-128.38623727674954,16.40436687962961,65.0,78.72000000000003,49.66623727674952,25.0
-1,-125.4744840940072,18.667858773148104,82.0,84.09600000000003,41.37848409400718,21.0
-1,-79.83222710818414,11.162204828703697,40.0,48.28800000000001,31.544227108184128,18.0
-1,-112.0660521252527,15.279990601851836,64.0,66.91200000000002,45.15405212525267,25.0
-1,-111.73444078817036,14.88036276388888,63.0,62.68800000000002,49.04644078817035,23.0
-1,-102.4933362884211,15.386643583333315,49.0,52.99200000000002,49.501336288421086,25.0
-1,-103.1727221176524,10.399207379629638,48.0,52.41600000000002,50.7567221176524,25.0
-1,-124.33014691102557,15.398755101851846,51.0,61.44000000000001,62.89014691102554,22.0
-1,-103.77163719806492,13.02898434259258,47.0,55.87200000000003,47.899637198064895,22.0
-1,-102.04580123606458,15.852014782407378,61.0,73.82400000000003,28.22180123606455,18.0
-1,-137.57956842055611,15.574429287036995,72.0,88.60800000000005,48.97156842055606,23.0
-1,-90.52864244958012,12.11130124537037,38.0,45.984000000000016,44.54464244958013,19.0
-1,-102.48928445631796,18.1421835694444,71.0,63.26400000000002,39.22528445631794,19.0
-1,-123.1865240588204,23.396933388888783,82.0,79.48800000000003,43.69852405882037,21.0
-1,-106.3321698028366,14.523075796296284,56.0,63.55200000000002,42.78016980283658,23.0
-1,-109.366298911953,16.516305851851826,56.0,71.13600000000002,38.23029891195298,18.0
-1,-105.26738309795353,12.010539055555538,58.0,63.74400000000003,41.5233830979535,23.0
-1,-94.33873274752796,13.738495874999993,49.0,50.40000000000001,43.938732747527936,23.0
-1,-149.60344166204106,19.43994744907398,90.0,100.51200000000006,49.09144166204102,21.0
-1,-93.07679913844257,12.85563689814816,50.0,53.280000000000015,39.79679913844255,22.0
-1,-95.4351063842855,11.651930421296294,44.0,53.95200000000002,41.483106384285485,23.0
-1,-100.57278422390824,15.86282213425926,49.0,56.92800000000003,43.6447842239082,21.0
-1,-106.674029878382,20.229326861111065,60.0,64.60800000000002,42.06602987838196,19.0
-1,-83.3704028133987,11.81903737500001,41.0,47.616000000000014,35.75440281339868,22.0
-1,-110.24884187353108,14.490975083333309,59.0,73.92000000000003,36.32884187353105,22.0
-1,-106.1148787989398,13.320591495370374,63.0,60.864000000000026,45.25087879893977,25.0
-1,-97.84744873527188,11.05194305092592,39.0,53.56800000000002,44.27944873527185,24.0
-1,-138.93949290910723,17.71057381018516,63.0,70.65600000000002,68.28349290910722,26.0
-1,-102.23653440414606,17.65565218518517,58.0,64.99200000000003,37.24453440414603,18.0
-1,-98.23581714512623,15.478613069444426,52.0,54.81600000000003,43.4198171451262,20.0
-1,-116.40594288415733,20.444981180555462,70.0,67.20000000000002,49.205942884157295,22.0
-1,-103.7166155122361,19.954704319444392,68.0,71.13600000000002,32.58061551223608,18.0
-1,-84.09917109869315,17.418683532407414,55.0,52.896000000000015,31.203171098693133,18.0
-1,-100.2565135681338,15.943134578703706,46.0,56.35200000000002,43.904513568133794,21.0
-1,-113.50949913195424,12.938749398148136,57.0,63.16800000000002,50.34149913195422,22.0
-1,-112.3960257249916,17.305406199074042,62.0,58.17600000000002,54.220025724991565,23.0
-1,-81.57157798836451,14.608471444444444,45.0,46.656000000000006,34.915577988364504,20.0
-1,-103.491213918548,12.304568787037043,64.0,58.27200000000003,45.21921391854797,25.0
-1,-101.43313292561967,17.561746990740716,56.0,54.43200000000001,47.00113292561966,18.0
-1,-98.73545381780282,16.67765663425924,54.0,58.75200000000001,39.98345381780281,22.0
-1,-82.87067469086453,12.514126939814822,44.0,48.09600000000001,34.77467469086452,17.0
-1,-123.71441846166869,16.725520787037002,63.0,80.54400000000004,43.17041846166864,21.0
-1,-92.53380196636712,16.177261365740705,50.0,55.872000000000014,36.6618019663671,19.0
-1,-101.5831215909692,15.806590287037038,57.0,58.94400000000002,42.63912159096918,20.0
-1,-98.85715549027428,13.894675398148138,52.0,57.40800000000002,41.44915549027424,21.0
-1,-94.92645706428532,11.850257203703704,58.0,60.288000000000025,34.6384570642853,20.0
-1,-102.72578523117885,19.70171625925922,67.0,72.86400000000003,29.86178523117881,18.0
-1,-138.08498356158725,19.660157370370296,69.0,67.58400000000003,70.50098356158723,22.0
-1,-127.26760372020571,14.058234731481486,63.0,72.09600000000003,55.17160372020568,22.0
-1,-93.84457662175706,17.55723776388887,53.0,52.51200000000002,41.33257662175703,20.0
-1,-113.22775004395604,17.306351518518504,64.0,62.68800000000003,50.53975004395602,22.0
-1,-134.2177205949967,11.835555717592582,60.0,69.60000000000004,64.61772059499665,26.0
-1,-93.1574520067741,16.953598967592573,52.0,55.00800000000002,38.14945200677408,19.0
-1,-109.77684291972808,12.640395203703696,59.0,68.25600000000001,41.52084291972807,22.0
-1,-113.73736460822768,14.159635351851836,58.0,64.03200000000002,49.70536460822764,22.0
-1,-115.81566314996618,14.01562286574073,75.0,73.72800000000002,42.08766314996616,23.0
-1,-91.78154480277983,19.6936174953703,52.0,59.61600000000002,32.16554480277982,19.0
-1,-93.3852131371566,14.077469222222204,48.0,53.088000000000015,40.297213137156575,23.0
-1,-114.0137666317042,14.517824435185185,50.0,64.70400000000004,49.309766631704186,23.0
-1,-116.658894001222,19.276418824074007,70.0,70.56000000000003,46.09889400122197,22.0
-1,-91.52344917189872,13.617194249999992,40.0,44.16000000000001,47.36344917189872,20.0
-1,-103.7586746597976,16.822988708333316,70.0,66.43200000000002,37.326674659797575,21.0
-1,-119.11137719710666,19.40210131944438,82.0,70.94400000000005,48.16737719710662,22.0
-1,-94.910014030964,16.259774851851827,53.0,57.02400000000002,37.88601403096398,20.0
-1,-106.1399627010156,12.359479685185171,49.0,63.45600000000003,42.68396270101558,21.0
-1,-75.45042263123017,14.960734666666648,39.0,40.03200000000001,35.418422631230165,20.0
-1,-89.20093302360794,12.549738694444455,50.0,52.60800000000002,36.592933023607934,24.0
-1,-98.1915314992044,14.219470629629626,50.0,57.120000000000026,41.07153149920437,22.0
-1,-94.79190840253588,15.893890842592567,51.0,60.768000000000015,34.02390840253585,20.0
-1,-119.8408634403705,21.561184648148156,50.0,51.64800000000001,68.19286344037049,25.0
-1,-127.6646327856719,18.12873217592588,65.0,68.83200000000002,58.83263278567188,24.0
-1,-115.87030254720598,14.646486439814815,60.0,60.864000000000026,55.00630254720596,25.0
-1,-113.7850388720418,15.18854014814817,61.0,56.73600000000002,57.04903887204178,25.0
-1,-103.16813217719589,17.523468138888866,59.0,55.00800000000002,48.16013217719587,22.0
-1,-89.63544873987237,16.90956181944442,52.0,50.784000000000006,38.85144873987237,20.0
-1,-99.77965927336535,18.2470946018518,55.0,60.38400000000002,39.395659273365325,18.0
-1,-91.00939534622796,12.88581237500001,40.0,48.672,42.33739534622797,20.0
-1,-134.36567767261283,18.587309208333284,85.0,80.92800000000004,53.43767767261279,22.0
-1,-101.12828062584752,12.36145668055554,52.0,62.11200000000002,39.016280625847486,22.0
-1,-86.45564754355846,13.108077842592571,42.0,49.536000000000016,36.91964754355845,20.0
-1,-95.97277386147434,15.353993875,53.0,59.23200000000003,36.74077386147432,19.0
-1,-130.3108953476563,16.921239532407398,67.0,72.28800000000003,58.02289534765628,21.0
-1,-78.92305500336292,17.45461697685183,44.0,49.82400000000001,29.0990550033629,15.0
-1,-99.53654762272647,14.835117277777783,49.0,46.368000000000016,53.16854762272646,20.0
-1,-130.38615411762768,18.66504269907401,85.0,93.02400000000004,37.36215411762766,22.0
-1,-91.91541438427024,12.841904291666651,50.0,53.18400000000001,38.73141438427022,21.0
-1,-113.1116113224438,15.983812393518493,61.0,67.68000000000002,45.43161132244378,24.0
-1,-91.22339273448124,10.095610574074092,35.0,38.400000000000006,52.823392734481246,23.0
-1,-95.90692974182129,13.28092629166667,49.0,53.280000000000015,42.62692974182125,23.0
-1,-77.10040218643117,14.671133185185177,49.0,48.96000000000001,28.14040218643116,15.0
-1,-86.73741151826292,10.342969745370368,39.0,42.43200000000001,44.30541151826292,25.0
-1,-86.68936154511462,11.737718226851843,40.0,49.44000000000001,37.24936154511462,22.0
-1,-97.6824360035026,15.336682277777768,57.0,61.05600000000002,36.626436003502576,24.0
-1,-95.67954309498812,11.612447851851872,42.0,49.05600000000002,46.62354309498811,22.0
-1,-133.2768133982112,13.393555481481478,71.0,96.57600000000004,36.70081339821115,21.0
-1,-96.8916531780157,13.433697777777793,48.0,62.88000000000003,34.01165317801567,22.0
-1,-137.93508290888224,22.11779699074071,70.0,74.97600000000003,62.95908290888222,26.0
-1,-89.04188192384291,12.988004666666656,42.0,42.336000000000006,46.70588192384291,22.0
-1,-95.27436565710006,12.359049722222228,43.0,48.00000000000002,47.27436565710004,22.0
-1,-91.10773932648144,12.52989730092594,47.0,51.36000000000002,39.74773932648141,22.0
-1,-99.81891370350738,14.104493749999987,55.0,62.97600000000003,36.84291370350736,20.0
-1,-91.47324789423972,15.344911124999982,50.0,48.67200000000002,42.80124789423971,21.0
-1,-97.25946683608234,13.527174527777817,47.0,49.728000000000016,47.53146683608232,20.0
-1,-100.84526579244954,18.47759961574072,63.0,60.09600000000002,40.74926579244953,22.0
-1,-116.21014715451672,19.731157467592556,68.0,72.57600000000004,43.6341471545167,20.0
-1,-89.92168345709722,18.647106078703708,52.0,51.93600000000002,37.9856834570972,16.0
-1,-83.01934130976636,15.611200495370367,51.0,52.51200000000002,30.50734130976634,18.0
-1,-107.09426873108929,16.859844152777757,51.0,60.48000000000003,46.61426873108923,23.0
-1,-120.2454557759538,17.40585460185181,69.0,80.83200000000004,39.41345577595376,18.0
-1,-119.8613919355069,12.539487495370372,49.0,58.65600000000002,61.20539193550688,24.0
-1,-108.71017350625505,18.87800909259258,63.0,63.84000000000003,44.870173506255,19.0
-1,-101.05042270368878,17.76021037499997,59.0,60.57600000000004,40.474422703688745,17.0
-1,-85.51157657569932,13.536386754629634,43.0,46.368000000000016,39.143576575699306,20.0
-1,-79.91906912985243,10.34380583796298,45.0,45.12000000000001,34.79906912985241,22.0
-1,-90.19383953833275,10.856387671296304,44.0,47.13600000000001,43.05783953833275,24.0
-1,-108.72347445139437,17.34233577777772,68.0,69.888,38.83547445139435,16.0
-1,-88.21904925146237,13.509522004629629,54.0,53.85600000000002,34.36304925146235,18.0
-1,-109.76042389218486,16.99028942129625,66.0,68.73600000000003,41.02442389218484,21.0
-1,-102.68818140237408,19.18957287499995,62.0,65.95200000000003,36.73618140237406,17.0
-1,-122.9977645275307,16.773746125000002,61.0,67.68000000000004,55.31776452753066,25.0
-1,-116.72687646692,16.73814337037035,57.0,58.75200000000002,57.974876466919966,23.0
-1,-89.57858378070127,17.956869157407418,50.0,63.45600000000003,26.12258378070124,16.0
-1,-67.78932010474192,12.9750591064815,32.0,38.688,29.10132010474192,18.0
-1,-101.73694648090986,13.483146203703711,53.0,53.760000000000026,47.976946480909845,24.0
-1,-95.39198470285342,18.71863748611108,54.0,60.096000000000025,35.2959847028534,16.0
-1,-106.68539784002364,16.753237726851818,67.0,69.69600000000001,36.98939784002361,23.0
-1,-107.44435294974852,19.5686513101852,53.0,68.54400000000004,38.90035294974848,20.0
-1,-111.88605492646548,19.414204124999934,80.0,73.15200000000002,38.73405492646546,21.0
-1,-72.47284866819626,13.137263388888888,37.0,33.792,38.680848668196255,23.0
-1,-143.17933537569712,17.409421782407378,81.0,100.80000000000004,42.37933537569709,21.0
-1,-148.97384147877196,18.346414995370328,75.0,97.53600000000004,51.43784147877192,24.0
-1,-98.00764217553072,14.126905689814809,51.0,59.23200000000003,38.77564217553069,20.0
-1,-89.29680776837574,13.11749980092591,51.0,53.08800000000002,36.20880776837573,20.0
-1,-109.23274505476502,16.258761023148118,54.0,64.89600000000003,44.336745054765,20.0
-1,-83.16388856492577,13.858365652777776,41.0,42.048000000000016,41.11588856492576,22.0
-1,-90.2436736025346,15.968762824074052,46.0,56.73600000000002,33.5076736025346,19.0
-1,-111.990411686627,19.50688512962957,67.0,73.92000000000002,38.070411686627,23.0
-1,-100.2507257290336,14.12229648148149,53.0,61.34400000000002,38.90672572903357,22.0
-1,-95.30172449228984,14.027136694444437,57.0,58.27200000000003,37.02972449228983,20.0
-1,-85.9985935899125,16.454022939814852,47.0,50.01600000000002,35.98259358991249,21.0
-1,-86.81487243282103,10.649021532407408,36.0,46.08000000000002,40.73487243282101,21.0
-1,-133.13866887326554,24.15834031018518,81.0,76.32000000000001,56.81866887326552,23.0
-1,-79.01266296606391,11.394185199074066,45.0,45.60000000000001,33.412662966063905,21.0
-1,-125.1742183891129,18.248872342592566,62.0,66.52800000000002,58.64621838911288,24.0
-1,-72.0794928576247,13.2799630509259,38.0,45.408,26.671492857624703,20.0
-1,-100.4984576945964,14.84919327777774,71.0,70.84800000000001,29.65045769459638,21.0
-1,-91.53042223929566,20.290291162037025,54.0,64.70400000000002,26.826422239295635,16.0
-1,-93.46223689097825,15.340174754629606,41.0,50.78400000000002,42.67823689097822,24.0
-1,-92.4767502911032,13.170772162037036,43.0,52.80000000000002,39.676750291103176,21.0
-1,-106.14073415121568,14.019191069444444,55.0,63.16800000000003,42.97273415121565,23.0
-1,-115.77166284864612,17.199969912036984,59.0,67.00800000000002,48.763662848646085,24.0
-1,-72.13426537184895,13.829308680555547,36.0,45.21600000000002,26.91826537184893,16.0
-1,-91.32064863133064,16.402721101851842,49.0,53.95200000000003,37.368648631330615,19.0
-1,-92.14399198716634,11.994502375000009,38.0,42.43200000000001,49.71199198716634,22.0
-1,-104.74293161171867,17.80296972222219,60.0,69.50400000000002,35.238931611718655,17.0
-1,-92.56778124480311,18.39361671759256,58.0,64.51200000000001,28.055781244803097,17.0
-1,-93.08937016466008,15.509594972222208,49.0,56.160000000000025,36.92937016466005,21.0
-1,-79.7723192737447,12.204185037037035,39.0,41.28000000000001,38.49231927374469,20.0
-1,-67.52021047628278,14.217078388888869,39.0,44.448000000000015,23.072210476282773,16.0
-1,-143.49824790131504,16.570757569444435,76.0,80.44800000000002,63.05024790131501,26.0
-1,-104.28542415654904,13.778264726851866,49.0,52.224000000000025,52.061424156549,22.0
-1,-112.71644554665797,21.542721967592595,65.0,65.56800000000001,47.14844554665794,21.0
-1,-103.22144368223005,18.2097699768518,58.0,72.19200000000004,31.029443682230006,17.0
-1,-103.7584010119877,16.175525115740722,50.0,57.024000000000015,46.73440101198768,19.0
-1,-87.50232182787465,17.77237618518517,62.0,63.26400000000001,24.23832182787464,15.0
-1,-96.6793131778912,17.074104486111104,62.0,65.47200000000002,31.207313177891177,18.0
-1,-127.54947043589893,18.445887925925884,80.0,87.55200000000004,39.99747043589889,19.0
-1,-93.6679874764864,13.543541736111088,62.0,67.77600000000001,25.891987476486392,18.0
-1,-82.60589135959343,13.273441999999976,41.0,44.832000000000015,37.77389135959341,20.0
-1,-84.17031504668714,15.82128924074074,44.0,42.048000000000016,42.12231504668713,20.0
-1,-114.65243476198688,19.01968123611104,70.0,68.92800000000003,45.72443476198684,24.0
-1,-91.88653369586775,18.39127370833333,55.0,52.32000000000002,39.56653369586774,17.0
-1,-93.34435596102416,15.619922740740742,47.0,58.27200000000002,35.072355961024144,19.0
-1,-97.9130191794413,13.226828851851852,51.0,50.88000000000001,47.0330191794413,21.0
-1,-97.2695326104701,13.702169773148132,43.0,46.56000000000001,50.70953261047009,24.0
-1,-119.67974018042618,16.231859513888867,45.0,51.648000000000025,68.03174018042616,24.0
-1,-101.5679082060773,16.5798835046296,57.0,68.06400000000004,33.50390820607728,20.0
-1,-116.54460521424022,17.98302759722218,68.0,72.09600000000003,44.44860521424018,22.0
-1,-137.86989670552208,14.271141097222207,63.0,67.48800000000003,70.38189670552207,25.0
-1,-116.5577324698526,12.090403726851845,54.0,71.90400000000002,44.653732469852585,21.0
-1,-120.60455299546022,22.435842523148075,77.0,86.40000000000005,34.204552995460176,20.0
-1,-85.65478882993922,14.753687842592583,52.0,57.50400000000002,28.1507888299392,17.0
-1,-94.48840794752796,17.412623263888857,52.0,57.40800000000003,37.08040794752792,17.0
-1,-105.45493271977212,18.70788606481472,65.0,65.08800000000002,40.366932719772095,23.0
-1,-106.8294202049961,18.333486791666644,70.0,77.08800000000002,29.74142020499608,17.0
-1,-102.52856143868485,16.094798499999996,59.0,64.70400000000002,37.82456143868482,19.0
-1,-98.43763412175818,18.5075687546296,59.0,56.928000000000026,41.50963412175815,18.0
-1,-91.68360652746878,17.300917564814824,43.0,43.29600000000001,48.38760652746877,20.0
-1,-100.66153616944976,16.56875742129628,39.0,45.21600000000001,55.44553616944974,25.0
-1,-134.84006601344348,14.656446671296289,53.0,71.90400000000004,62.93606601344344,22.0
-1,-94.08114237151808,16.529356800925935,49.0,56.640000000000015,37.44114237151806,19.0
-1,-101.55993850023818,19.37461062499995,68.0,71.13600000000002,30.423938500238147,16.0
-1,-106.99309361342064,16.627221402777785,49.0,59.32800000000002,47.6650936134206,21.0
-1,-92.92537123606766,16.436820273148157,45.0,49.824000000000005,43.10137123606765,24.0
-1,-110.68970770268469,14.928138175925907,55.0,57.69600000000002,52.993707702684645,25.0
-1,-85.37758176118976,16.315440171296295,43.0,50.59200000000002,34.78558176118974,19.0
-1,-108.7269063142706,15.089706449074086,59.0,72.76800000000003,35.95890631427058,20.0
-1,-101.17466773150772,16.02000931944443,51.0,63.07200000000002,38.10266773150771,20.0
-1,-100.37523341815952,18.458179064814807,57.0,62.208000000000034,38.16723341815948,20.0
-1,-96.41901655456444,12.846886893518525,58.0,65.66400000000003,30.75501655456441,18.0
-1,-86.03269336503837,14.058233296296269,47.0,44.64000000000002,41.39269336503836,22.0
-1,-94.18885653571628,13.74404711574073,42.0,51.07200000000002,43.11685653571625,21.0
-1,-103.27049727336744,11.996168055555556,34.0,37.24800000000001,66.02249727336745,21.0
-1,-111.98352971708692,17.38378565740738,61.0,67.48800000000003,44.49552971708689,18.0
-1,-89.21544661641593,11.843907958333318,40.0,41.664000000000016,47.55144661641592,22.0
-1,-94.01626940695644,15.008031805555545,54.0,57.600000000000016,36.41626940695642,21.0
-1,-92.85521675217932,15.654939925925907,50.0,53.85600000000003,38.9992167521793,18.0
-1,-107.29123930215071,20.00587931944438,63.0,64.32000000000004,42.97123930215069,18.0
-1,-86.13927440386675,11.559435481481486,46.0,53.18400000000001,32.95527440386673,22.0
-1,-108.51446421330267,22.18631343981478,66.0,61.72800000000003,46.78646421330266,18.0
-1,-110.5983161966291,18.241338740740677,67.0,61.82400000000003,48.77431619662907,21.0
-1,-83.54108409037869,15.854000467592575,49.0,51.45600000000001,32.08508409037868,20.0
-1,-90.7975008128118,11.906091189814816,42.0,43.77600000000002,47.02150081281177,23.0
-1,-78.88765428086253,14.438598796296262,50.0,51.36,27.527654280862546,17.0
-1,-103.1428959553104,13.661301847222225,48.0,47.71200000000001,55.430895955310376,26.0
-1,-99.87359554449684,17.907340333333263,55.0,61.056000000000026,38.81759554449681,22.0
-1,-99.76374367278603,16.281396180555532,53.0,63.744000000000014,36.01974367278603,20.0
-1,-97.19399806769016,17.37781174074066,50.0,58.08000000000002,39.11399806769015,21.0
-1,-97.60634265424642,16.64061075925926,63.0,61.82400000000002,35.782342654246406,18.0
-1,-105.70256520956482,18.706162976851825,53.0,64.60800000000002,41.09456520956481,19.0
-1,-104.62205735872053,16.032137374999984,62.0,70.56000000000002,34.0620573587205,17.0
-1,-92.19031375733157,12.14454386111112,44.0,46.75200000000002,45.43831375733154,24.0
-1,-79.43889708515255,14.375675236111112,37.0,41.56800000000001,37.87089708515254,19.0
-1,-108.0463155296807,16.779824749999992,51.0,66.04800000000003,41.99831552968066,19.0
-1,-95.87489267967472,17.748236287036985,59.0,62.59200000000002,33.28289267967472,19.0
-1,-86.89549715151726,14.924033814814807,47.0,54.52800000000002,32.36749715151724,18.0
-1,-129.37601243931317,19.3944010416666,57.0,66.72000000000003,62.65601243931314,24.0
-1,-90.43479638579636,16.53933273148144,48.0,54.62400000000002,35.81079638579634,20.0
-1,-101.14538750945545,11.132792453703706,50.0,51.744000000000014,49.40138750945543,25.0
-1,-105.72059206945865,19.784296597222188,65.0,79.00800000000004,26.712592069458594,19.0
-1,-94.40716311151616,17.61277589351848,49.0,60.288000000000025,34.11916311151614,18.0
-1,-87.80039495846867,14.359323064814788,44.0,45.40800000000001,42.39239495846866,20.0
-1,-89.95582131606895,12.460408972222222,51.0,45.50400000000002,44.45182131606894,24.0
-1,-149.53160740929363,19.14838245833328,65.0,81.40800000000003,68.1236074092936,24.0
-1,-103.6772198632642,17.42678824999996,55.0,59.80800000000003,43.86921986326419,20.0
-1,-86.41128431224848,14.260375305555536,42.0,51.840000000000025,34.57128431224845,21.0
-1,-104.96834965924056,14.847523018518526,52.0,55.48800000000002,49.48034965924055,24.0
-1,-73.06393773688791,14.115687199074053,38.0,44.928,28.135937736887904,17.0
-1,-74.37058322511756,13.056543240740748,36.0,38.112,36.25858322511756,22.0
-1,-97.91697897963464,14.85208274999998,54.0,55.87200000000002,42.04497897963463,23.0
-1,-86.19158945587527,16.005856310185173,43.0,57.21600000000003,28.975589455875244,15.0
-1,-94.92337242262224,15.518637685185157,59.0,60.768000000000015,34.155372422622214,19.0
-1,-109.34562891476244,20.20708377777773,68.0,62.01600000000002,47.32962891476243,23.0
-1,-97.14406549189536,17.84885427777775,51.0,63.55200000000003,33.59206549189534,19.0
-1,-106.07069546866452,13.695626300925936,53.0,59.80800000000002,46.26269546866449,22.0
-1,-89.83731857831546,20.80936555555552,53.0,50.49600000000002,39.34131857831543,16.0
-1,-123.62347504212518,18.46676371296288,69.0,79.77600000000004,43.84747504212514,19.0
-1,-111.04407284675383,18.084044189814808,68.0,63.07200000000002,47.97207284675381,20.0
-1,-89.33194239042372,14.766259074074068,47.0,47.32800000000002,42.003942390423695,23.0
-1,-134.2302546503784,17.096509527777766,64.0,74.88000000000004,59.350254650378375,23.0
-1,-126.88143878315331,17.360844087962906,68.0,68.44800000000004,58.43343878315329,24.0
-1,-89.53772580537611,12.68816520370371,40.0,44.92800000000001,44.609725805376094,22.0
-1,-92.11782462883284,14.54029393981479,42.0,49.824000000000005,42.29382462883283,20.0
-1,-86.28016770940337,12.669243375000011,41.0,43.29600000000001,42.98416770940337,22.0
-1,-85.27586963480462,15.745889273148128,40.0,46.08000000000002,39.1958696348046,18.0
-1,-102.05086785495038,16.23249770833332,48.0,57.98400000000002,44.06686785495036,21.0
-1,-127.8329046243525,15.56161362499998,62.0,67.29600000000003,60.53690462435246,24.0
-1,-91.0238716102614,13.438467407407408,39.0,45.216000000000015,45.80787161026138,23.0
-1,-101.42273995058358,14.398256898148142,46.0,51.552000000000014,49.87073995058357,21.0
-1,-103.2406950137777,16.707602884259217,48.0,55.68000000000002,47.56069501377768,20.0
-1,-108.62759701621292,17.13897810648144,60.0,65.56800000000003,43.05959701621289,21.0
-1,-89.70832832381049,16.537573999999978,49.0,53.66400000000002,36.04432832381047,20.0
-1,-135.28952655739192,16.365188782407365,65.0,81.02400000000003,54.26552655739189,24.0
-1,-106.07779204648756,16.70387926851847,63.0,54.24000000000003,51.83779204648754,26.0
-1,-100.6348707180944,13.987243865740734,55.0,57.12000000000002,43.51487071809437,21.0
-1,-97.98692395706688,14.325710499999994,39.0,48.384000000000015,49.60292395706688,19.0
-1,-113.97394708044834,13.69536067592592,53.0,56.83200000000003,57.14194708044832,26.0
-1,-103.7342828740388,17.257341513888875,56.0,60.480000000000025,43.25428287403877,23.0
-1,-107.334465652273,11.358433462962957,47.0,54.52800000000003,52.80646565227298,24.0
-1,-89.9460735825842,12.37066543518517,46.0,46.656000000000006,43.290073582584206,23.0
-1,-90.39893424988684,15.394484124999964,48.0,61.056000000000026,29.342934249886817,16.0
-1,-108.45923318222674,20.14665913888885,62.0,68.16000000000004,40.29923318222671,19.0
-1,-114.1158414272691,13.00396864351852,54.0,53.56800000000002,60.54784142726909,26.0
-1,-94.29783906316332,17.97776185185182,49.0,57.88800000000001,36.40983906316329,20.0
-1,-89.66730657518308,14.227763791666655,50.0,62.016000000000034,27.65130657518304,16.0
-1,-82.15986891857885,12.376968884259282,32.0,36.96000000000001,45.19986891857885,24.0
-1,-88.28585184955978,13.03363739814813,38.0,49.05600000000002,39.22985184955975,21.0
-1,-112.91164276419232,16.910644574074045,58.0,71.42400000000004,41.48764276419228,24.0
-1,-92.21802147636858,14.645985435185189,47.0,40.03200000000001,52.186021476368566,24.0
-1,-109.91130783329274,17.982673902777712,60.0,71.52000000000002,38.39130783329272,21.0
-1,-107.70006739955608,14.985370574074071,56.0,59.04000000000003,48.66006739955605,23.0
-1,-107.47510989859214,18.622027097222208,54.0,53.18400000000002,54.29110989859212,19.0
-1,-96.71921043911496,20.24859311111108,56.0,53.376000000000026,43.34321043911493,20.0
-1,-97.42604542704105,17.0093521296296,49.0,51.93600000000002,45.49004542704101,21.0
-1,-89.75617765274875,15.278681768518496,52.0,52.99200000000002,36.76417765274873,20.0
-1,-107.31969203004113,16.448367361111103,50.0,69.88800000000003,37.43169203004109,22.0
-1,-94.89130249629882,20.24772100462957,63.0,58.65600000000003,36.23530249629879,20.0
-1,-104.47282610400794,15.325097388888866,59.0,59.61600000000004,44.8568261040079,24.0
-1,-109.00281585100844,16.470504726851818,59.0,74.68800000000003,34.314815851008404,19.0
-1,-94.30841654886936,20.612510009259196,65.0,52.704000000000015,41.60441654886933,21.0
-1,-112.0582089166659,18.655189236111067,58.0,72.09600000000003,39.962208916665865,18.0
-1,-85.18617686928792,11.279192504629629,31.0,39.55200000000001,45.63417686928792,22.0
-1,-128.34277932163343,18.440913749999947,65.0,67.20000000000005,61.14277932163338,24.0
-1,-89.27057623784248,10.573355069444451,43.0,48.48000000000001,40.79057623784247,18.0
-1,-79.8239604075299,13.949928013888872,42.0,44.35200000000001,35.471960407529885,22.0
-1,-106.1710657845682,16.310452324074046,70.0,68.83200000000002,37.33906578456819,21.0
-1,-84.84207320529279,11.554882898148152,44.0,47.32800000000002,37.51407320529278,23.0
-1,-91.3128501471599,14.173819624999975,44.0,44.06400000000001,47.24885014715991,23.0
-1,-121.01395846017826,12.459581699074102,47.0,56.73600000000002,64.27795846017824,26.0
-1,-97.62538484602509,16.495531222222212,58.0,64.03200000000002,33.59338484602506,18.0
-1,-83.07281868981755,15.01975340277778,40.0,40.896000000000015,42.17681868981754,20.0
-1,-73.99156261188297,13.894027999999976,38.0,42.43200000000001,31.55956261188296,18.0
-1,-108.5861173444955,13.63565072685186,54.0,62.112000000000016,46.47411734449548,25.0
-1,-92.46251958726566,15.106269384259226,42.0,49.536000000000016,42.92651958726565,18.0
-1,-80.91365126648849,17.303543865740725,49.0,53.952000000000005,26.96165126648848,16.0
-1,-98.63023791118276,14.749818259259268,54.0,57.40800000000003,41.22223791118272,20.0
-1,-104.93726242312876,18.030816310185173,43.0,52.51200000000002,52.42526242312876,18.0
-1,-91.6714824780404,15.54791173148148,56.0,52.032000000000025,39.63948247804037,20.0
-1,-94.02238726571431,16.637229226851836,57.0,55.29600000000002,38.72638726571429,20.0
-1,-120.7566629829362,17.943562083333298,68.0,78.24000000000002,42.51666298293619,22.0
-1,-81.24998615830748,13.114257050925913,46.0,49.824000000000005,31.42598615830748,21.0
-1,-148.20685948182756,20.122941097222167,71.0,85.53600000000003,62.67085948182753,19.0
-1,-100.60359854344333,14.664187249999992,58.0,63.36000000000004,37.24359854344328,20.0
-1,-87.98493008078137,13.71965362962961,41.0,52.99200000000002,34.99293008078136,21.0
-1,-85.56084693833554,15.198500939814814,49.0,47.52000000000001,38.040846938335534,24.0
-1,-82.89615451495533,18.87985055092588,53.0,55.58400000000002,27.31215451495531,16.0
-1,-115.53551168686838,15.318781458333346,61.0,64.32000000000002,51.21551168686835,24.0
-1,-105.03046388534833,16.532922819444416,52.0,60.00000000000002,45.0304638853483,22.0
-1,-95.46390305958133,16.29942746759255,52.0,59.23200000000004,36.23190305958128,23.0
-1,-142.71253643460452,19.45663792129629,69.0,74.78400000000003,67.92853643460448,22.0
-1,-97.49943023370562,16.92677219444442,43.0,54.62400000000001,42.87543023370561,18.0
-1,-86.15285908286592,17.802839027777747,53.0,48.96000000000002,37.19285908286589,19.0
-1,-93.11332032376323,17.3527157037037,49.0,50.11200000000002,43.00132032376322,20.0
-1,-108.33020200477178,16.449827601851833,57.0,57.50400000000001,50.826202004771766,24.0
-1,-106.3900977442865,15.14091594444444,56.0,75.16800000000003,31.222097744286472,17.0
-1,-103.63282925699822,17.51385535185182,56.0,63.64800000000003,39.98482925699819,20.0
-1,-75.69474100103605,10.486001453703713,31.0,33.408,42.28674100103605,21.0
-1,-91.94944457958223,14.156357282407384,55.0,58.94400000000002,33.00544457958222,21.0
-1,-110.82358976390265,17.63762473148147,48.0,59.32800000000001,51.49558976390262,24.0
-1,-83.11085856294959,14.709103805555548,50.0,55.10400000000002,28.00685856294957,16.0
-1,-116.39125346162125,17.40145679629624,68.0,72.09600000000002,44.29525346162123,26.0
-1,-101.267600062986,18.792979976851807,59.0,68.16000000000003,33.10760006298596,19.0
-1,-112.4179407827495,18.940170245370307,63.0,72.38400000000003,40.03394078274946,23.0
-1,-130.73900576765487,17.861642657407376,69.0,87.74400000000006,42.99500576765482,17.0
-1,-97.46153442990816,15.627812101851829,40.0,47.52000000000002,49.94153442990815,19.0
-1,-98.44177017626616,22.88169206018516,60.0,68.06400000000004,30.37777017626611,16.0
-1,-93.46705887334002,19.38167562962961,51.0,56.832,36.635058873340014,17.0
-1,-114.43078387673351,16.586504763888875,61.0,69.50400000000003,44.92678387673349,23.0
-1,-76.05426971815801,12.621234236111112,46.0,46.46400000000001,29.590269718158,19.0
-1,-94.3548514428458,20.810625685185133,60.0,59.04000000000002,35.31485144284579,14.0
-1,-93.9050855727568,15.318292055555558,52.0,50.20800000000001,43.69708557275678,20.0
-1,-107.049933626916,16.896932509259223,53.0,66.62400000000004,40.42593362691596,19.0
-1,-69.74592196307259,10.993411439814842,33.0,38.592000000000006,31.15392196307258,18.0
-1,-116.26483477238618,17.89230151851847,62.0,63.45600000000003,52.80883477238615,19.0
-1,-94.94364499997852,18.109682319444374,50.0,56.25600000000002,38.687644999978495,20.0
-1,-94.16719409057588,13.805310643518483,50.0,50.01600000000002,44.151194090575856,22.0
-1,-100.37398274414848,18.100255712962923,67.0,64.60800000000002,35.765982744148474,18.0
-1,-100.22610408263768,17.303551685185155,59.0,60.48000000000003,39.74610408263764,23.0
-1,-114.02324530149002,16.047360962962962,63.0,66.62400000000002,47.39924530148999,23.0
-1,-98.60653281463848,17.738082902777734,57.0,64.99200000000002,33.614532814638466,16.0
-1,-87.69365629809852,12.231919393518517,49.0,51.16800000000002,36.5256562980985,24.0
-1,-102.836495434086,15.835828796296274,50.0,62.49600000000003,40.340495434085966,17.0
-1,-92.50061799801642,17.918886092592555,54.0,53.28000000000001,39.22061799801642,21.0
-1,-98.85895115411638,17.468878736111076,53.0,64.12800000000003,34.730951154116354,21.0
-1,-110.27286786451644,20.760441726851788,62.0,66.91200000000002,43.3608678645164,21.0
-1,-83.44237629729803,14.274791800925922,42.0,46.75200000000002,36.69037629729801,19.0
-1,-104.79605575244082,13.514085532407409,48.0,59.904000000000025,44.8920557524408,21.0
-1,-78.40299176641783,19.432766425925923,52.0,49.632000000000026,28.770991766417804,14.0
-1,-90.50213522675612,11.859857745370364,44.0,57.02400000000002,33.4781352267561,20.0
-1,-98.35695587727474,17.45163598611108,57.0,66.91200000000002,31.44495587727472,19.0
-1,-98.17914046234642,13.728664393518503,54.0,61.248000000000026,36.93114046234639,23.0
-1,-98.4921484687326,12.981716555555549,46.0,57.79200000000003,40.700148468732586,23.0
-1,-95.19162944690282,20.078330046296244,62.0,61.15200000000001,34.03962944690281,19.0
-1,-116.40401028581354,20.893059046296205,74.0,76.60800000000002,39.79601028581352,20.0
-1,-98.79587752585564,23.3739347268518,69.0,70.56000000000003,28.23587752585561,17.0
-1,-78.50913186041848,14.938491009259268,36.0,38.784000000000006,39.72513186041847,21.0
-1,-86.20325648701396,11.239601592592615,39.0,39.936000000000014,46.267256487013945,23.0
-1,-108.46252139612848,19.21272097685181,66.0,69.79200000000003,38.67052139612843,22.0
-1,-98.19565840594451,13.265881138888874,40.0,53.85600000000002,44.339658405944505,20.0
-1,-107.5597259697193,14.241759254629626,52.0,60.00000000000001,47.55972596971928,19.0
-1,-105.94020243975478,12.277111740740729,48.0,60.00000000000004,45.940202439754735,23.0
-1,-89.34872570078676,12.432017023148138,35.0,49.920000000000016,39.42872570078675,19.0
-1,-81.61270760138714,15.161730935185174,51.0,50.208000000000006,31.404707601387138,18.0
-1,-95.51604762279486,15.46841394444442,52.0,59.712000000000025,35.80404762279483,18.0
-1,-89.43542504410024,13.23791950925924,41.0,48.67200000000002,40.763425044100224,26.0
-1,-101.49706461422944,17.956889944444406,54.0,65.85600000000002,35.64106461422941,17.0
-1,-76.9709132478893,10.986662749999995,39.0,46.368,30.60291324788929,18.0
-1,-89.62870154005749,19.04342693981481,52.0,57.69600000000003,31.932701540057455,17.0
-1,-88.79099382327716,17.078034629629613,45.0,43.488000000000014,45.30299382327715,21.0
-1,-104.697591122521,20.58374616666661,64.0,68.64000000000003,36.05759112252098,16.0
-1,-112.49468037611592,13.56045708333331,45.0,61.24800000000002,51.24668037611591,26.0
-1,-107.18416804859612,18.081983736111088,57.0,65.18400000000003,42.000168048596095,20.0
-1,-88.7834549664496,14.458982282407373,49.0,53.47200000000002,35.31145496644957,21.0
-1,-91.4765452355395,15.680441208333326,52.0,56.54400000000001,34.93254523553949,20.0
-1,-96.5401521512522,15.637581074074063,56.0,56.06400000000003,40.47615215125215,22.0
-1,-98.9007394865063,18.62334234722216,52.0,60.672000000000025,38.22873948650627,19.0
-1,-85.00373648331254,16.661669597222204,44.0,47.23200000000001,37.77173648331252,18.0
-1,-173.0098549748946,15.738962148148154,76.0,96.48000000000006,76.52985497489453,27.0
-1,-99.51285664572409,12.215020259259262,45.0,50.20800000000002,49.30485664572405,25.0
-1,-132.45811482658738,21.61406235648141,71.0,74.30400000000004,58.154114826587325,21.0
-1,-109.96767897103156,14.823191249999974,48.0,58.46400000000003,51.50367897103153,26.0
-1,-101.59475488563088,12.135579810185185,36.0,48.28800000000002,53.30675488563086,22.0
-1,-95.9341374847213,20.03409677314812,55.0,57.98400000000003,37.95013748472128,20.0
-1,-138.37454634918566,16.55505093981476,74.0,87.45600000000003,50.918546349185625,26.0
-1,-76.78562578114793,17.48866645370371,38.0,44.83200000000002,31.9536257811479,18.0
-1,-104.31507242557905,19.23736851388886,53.0,50.97600000000002,53.33907242557903,19.0
-1,-100.42871966128472,10.168142074074083,36.0,43.77600000000001,56.65271966128471,22.0
-1,-105.31526752219776,14.329945004629614,48.0,58.46400000000001,46.85126752219774,25.0
-1,-66.66261240028943,18.68843369444444,44.0,46.94400000000001,19.71861240028942,13.0
-1,-87.36845110711778,16.770659148148145,43.0,55.296000000000014,32.072451107117764,17.0
-1,-88.06874526586958,12.995605185185166,40.0,48.48000000000002,39.58874526586956,21.0
-1,-88.05793611084829,14.759454620370382,44.0,45.216000000000015,42.841936110848266,21.0
-1,-98.52142355121264,15.999861106481458,37.0,46.27200000000001,52.24942355121264,20.0
-1,-78.59957081534151,13.419025374999986,39.0,38.59200000000001,40.0075708153415,19.0
-1,-90.8258106808804,11.4638538148148,50.0,56.06400000000003,34.761810680880366,24.0
-1,-100.66342142367364,21.16604723611101,67.0,67.87200000000003,32.79142142367362,16.0
-1,-92.11772084991873,14.16303549537036,51.0,47.61600000000002,44.5017208499187,23.0
-1,-89.92774111923381,12.404616101851849,37.0,41.95200000000002,47.97574111923379,21.0
-1,-86.99373292101257,19.24901185648143,44.0,43.488000000000014,43.50573292101255,19.0
-1,-90.719607143113,19.792471819444373,53.0,53.18400000000002,37.535607143112976,20.0
-1,-108.42805954166631,12.615759259259258,45.0,53.47200000000001,54.95605954166631,21.0
-1,-88.43590805901422,15.119767106481458,37.0,48.86400000000002,39.57190805901421,18.0
-1,-108.56407905611948,13.628216805555557,49.0,54.91200000000002,53.65207905611946,25.0
-1,-115.52939937804248,16.121595986111117,50.0,50.304000000000016,65.22539937804247,23.0
-1,-101.75554902302122,16.000824222222207,52.0,52.80000000000001,48.95554902302121,22.0
-1,-100.04339317399402,15.479001912037027,49.0,53.472000000000016,46.571393173994,24.0
-1,-90.73436447700112,11.910554879629633,44.0,56.73600000000001,33.998364477001104,20.0
-1,-92.59075103125996,18.20599615277776,54.0,56.44800000000002,36.14275103125995,18.0
-1,-85.73012342822325,11.761491592592597,34.0,41.47200000000001,44.25812342822324,22.0
-1,-120.509200496283,19.34260763888883,66.0,86.20800000000004,34.30120049628296,17.0
-1,-89.06773253432402,14.026562550925911,42.0,45.50400000000002,43.56373253432401,23.0
-1,-121.66877905436554,16.49026668981479,49.0,58.27200000000002,63.39677905436552,20.0
-1,-94.76734034842482,17.261870819444418,53.0,56.44800000000002,38.3193403484248,19.0
-1,-102.23445209070384,15.694765152777768,52.0,52.320000000000014,49.91445209070381,25.0
-1,-82.17590698150346,15.304721722222196,46.0,47.90400000000002,34.271906981503435,21.0
-1,-95.36853131350338,16.031993097222195,57.0,63.45600000000002,31.91253131350336,19.0
-1,-90.55553225438918,15.029400194444444,52.0,50.40000000000002,40.15553225438916,22.0
-1,-98.60263424435708,16.872391111111078,52.0,53.95200000000001,44.65063424435707,21.0
-1,-109.64444455842552,14.870933717592589,43.0,53.95200000000002,55.69244455842552,22.0
-1,-120.23927109513724,13.21570096296295,49.0,52.89600000000003,67.34327109513723,23.0
-1,-97.24122347870453,17.566687194444416,52.0,56.06400000000002,41.177223478704505,21.0
-1,-95.09232407850998,12.803579027777792,45.0,49.63200000000002,45.46032407850996,21.0
-1,-93.97736332452968,17.9653606759259,49.0,57.120000000000026,36.85736332452967,18.0
-1,-126.7356444099652,16.85450465740735,67.0,76.32000000000004,50.41564440996516,23.0
-1,-102.99308356445744,17.557336921296255,49.0,52.41600000000002,50.57708356445743,22.0
-1,-136.2079725580265,17.81043214351852,55.0,59.13600000000003,77.07197255802647,25.0
-1,-103.125871159791,15.831610236111096,48.0,58.56000000000002,44.565871159790966,20.0
-1,-83.33158200318017,15.289005092592577,38.0,43.872000000000014,39.45958200318016,19.0
-1,-147.83971024082624,13.287924249999971,52.0,71.23200000000003,76.60771024082621,28.0
-1,-95.47382938246768,11.76602183796298,47.0,43.77600000000002,51.69782938246765,27.0
-1,-110.2005419345222,14.154991157407393,60.0,62.01600000000003,48.18454193452217,24.0
-1,-138.05136322567978,18.441319754629543,61.0,73.24800000000005,64.80336322567973,23.0
-1,-90.45079234428576,20.33822986111109,61.0,59.61600000000003,30.83479234428574,16.0
-1,-87.27530004152828,11.426650046296302,38.0,48.67200000000001,38.60330004152828,20.0
-1,-91.2568327182941,10.700702833333358,35.0,41.28000000000001,49.976832718294105,24.0
-1,-92.7593570714098,13.625928513888878,45.0,50.78400000000002,41.97535707140978,22.0
-1,-134.08837331008866,20.49502476388883,79.0,76.51200000000004,57.57637331008861,22.0
-1,-114.60643058987787,17.293060268518474,52.0,55.77600000000002,58.83043058987787,24.0
-1,-102.25882869632856,14.78256838888888,58.0,62.49600000000002,39.76282869632853,21.0
-1,-107.61395281357812,16.803783407407376,64.0,60.86400000000003,46.74995281357809,23.0
-1,-109.43881880875294,14.827335027777776,43.0,50.68800000000002,58.75081880875292,24.0
-1,-96.5167068130524,16.37276423611111,45.0,52.70400000000002,43.81270681305238,20.0
-1,-82.9987465542605,17.887512597222177,48.0,55.58400000000002,27.41474655426048,16.0
-1,-87.49901225464849,15.793337833333323,41.0,44.35200000000002,43.14701225464847,20.0
-1,-79.85759731137087,14.527079407407388,44.0,48.096,31.76159731137086,19.0
-1,-85.66841634859884,14.775268060185164,47.0,47.04000000000002,38.62841634859882,20.0
-1,-100.5554695172294,18.46876262499995,56.0,54.81600000000002,45.7394695172294,23.0
-1,-95.69485369768904,17.46312085185183,50.0,53.18400000000002,42.51085369768902,17.0
-1,-93.00805552270371,17.643481773148142,57.0,55.58400000000003,37.4240555227037,20.0
-1,-100.07074866229492,12.184559814814822,45.0,48.576000000000015,51.49474866229492,25.0
-1,-91.16670232865866,16.84424821296295,47.0,54.81600000000002,36.35070232865864,19.0
-1,-106.97050492557231,16.515698310185154,49.0,60.48000000000003,46.490504925572296,19.0
-1,-106.1789550531191,14.247897833333344,50.0,55.776000000000025,50.40295505311907,24.0
-1,-98.0071193121008,13.753667597222218,54.0,49.632000000000026,48.375119312100765,27.0
-1,-106.40822034974298,17.78620249999996,59.0,62.30400000000004,44.10422034974293,19.0
-1,-97.18031577427342,15.706934041666669,52.0,62.59200000000003,34.5883157742734,18.0
-1,-85.84296624039087,18.588731893518467,48.0,53.95200000000002,31.89096624039085,18.0
-1,-105.6834712830562,16.654096416666658,58.0,62.68800000000002,42.99547128305619,21.0
-1,-107.83058698662808,20.65737927777773,60.0,68.06400000000004,39.766586986628056,20.0
-1,-83.13027786564555,16.501403620370347,43.0,42.720000000000006,40.41027786564554,19.0
-1,-85.09413086689428,17.29432830555555,54.0,56.54400000000003,28.55013086689424,17.0
-1,-93.65224120089272,15.090026416666667,50.0,59.13600000000003,34.5162412008927,20.0
-1,-134.03714338666043,18.095091574074043,70.0,69.31200000000004,64.72514338666038,22.0
-1,-85.54531453581131,13.423626824074043,33.0,43.39200000000001,42.1533145358113,24.0
-1,-107.33540708470672,14.69048891666666,47.0,60.19200000000002,47.143407084706695,23.0
-1,-94.27466508891236,17.594555814814786,53.0,56.06400000000002,38.21066508891235,22.0
-1,-100.37854631174449,16.318660023148134,54.0,61.152000000000015,39.22654631174448,23.0
-1,-104.2177550085372,20.72432846759254,54.0,60.57600000000003,43.64175500853717,19.0
-1,-91.59171106923267,18.862223532407373,52.0,51.55200000000002,40.039711069232645,20.0
-1,-90.91722427913588,12.120506023148147,40.0,55.39200000000002,35.525224279135834,21.0
-1,-81.69571453566711,15.2004075925926,51.0,47.61599999999999,34.07971453566712,19.0
-1,-73.56819962329519,13.164864550925916,34.0,37.344,36.22419962329518,21.0
-1,-95.98307135554106,19.629945495370304,61.0,62.68800000000003,33.29507135554103,17.0
-1,-87.72883322066028,15.658164726851842,45.0,47.71200000000002,40.01683322066026,22.0
-1,-100.44609039317244,15.387028694444432,53.0,56.35200000000002,44.09409039317241,23.0
-1,-83.8208455843648,12.825268439814822,38.0,37.05600000000001,46.76484558436479,22.0
-1,-133.7904833663962,15.987196615740746,76.0,81.02400000000003,52.76648336639617,24.0
-1,-104.04109686685815,17.999566648148086,53.0,62.01600000000003,42.02509686685814,19.0
-1,-105.39477651628536,16.354535874999986,53.0,59.23200000000004,46.16277651628532,24.0
-1,-110.23858244283994,16.791093745370336,52.0,54.62400000000003,55.61458244283992,21.0
-1,-127.77181495369592,21.17629420370361,78.0,80.25600000000003,47.51581495369589,20.0
-1,-117.87879862179234,13.595721634259254,49.0,57.98400000000002,59.89479862179232,25.0
-1,-91.89908719520348,17.85959743981477,52.0,54.62400000000002,37.275087195203454,19.0
-1,-112.72430209221412,20.455942981481407,61.0,65.08800000000002,47.636302092214095,19.0
-1,-121.10527600631772,20.6481473101851,65.0,71.90400000000002,49.201276006317705,22.0
-1,-96.37385362247896,13.23805016203703,37.0,44.73600000000001,51.63785362247895,23.0
-1,-79.426074246328,15.51383869907404,48.0,48.00000000000002,31.42607424632797,20.0
-1,-108.58610544031356,20.6406541203703,67.0,67.20000000000003,41.38610544031354,17.0
-1,-79.66124982599894,14.455780629629633,45.0,46.94400000000001,32.71724982599892,21.0
-1,-91.221474386121,14.073614958333298,40.0,51.64800000000002,39.57347438612097,19.0
-1,-113.63678745088134,16.683509518518484,65.0,65.18400000000003,48.45278745088132,24.0
-1,-111.11725289320697,18.17603658796289,71.0,75.84000000000005,35.27725289320692,23.0
-1,-93.9709413299474,11.744575435185196,39.0,43.10400000000002,50.86694132994738,24.0
-1,-78.10791204247596,13.142278291666663,40.0,36.960000000000015,41.14791204247595,22.0
-1,-80.84803052775914,22.96701739814811,47.0,43.87200000000001,36.97603052775913,16.0
-1,-105.88708322517002,13.78907058796296,47.0,52.12800000000002,53.75908322517,23.0
-1,-90.0221145450626,15.361492444444432,49.0,56.54400000000002,33.47811454506259,18.0
-1,-92.7000461324004,18.123033189814773,53.0,57.216000000000015,35.48404613240038,21.0
-1,-91.55738511249402,16.451234305555538,46.0,53.760000000000026,37.797385112493984,23.0
-1,-104.50137499743865,14.745949060185156,54.0,54.14400000000002,50.357374997438605,25.0
-1,-77.63797399325345,11.976662486111106,34.0,35.712,41.92597399325345,22.0
-1,-86.85968039547967,18.50262424074073,48.0,46.368000000000016,40.491680395479655,18.0
-1,-117.22774187440068,14.3820609675926,52.0,54.04800000000002,63.17974187440068,25.0
-1,-108.17948548427998,16.152864620370373,55.0,55.968000000000025,52.21148548427995,25.0
-1,-118.34995887617788,11.518478453703716,38.0,52.704000000000015,65.64595887617786,24.0
-1,-106.2685732458723,14.275443560185185,49.0,63.74400000000003,42.52457324587228,22.0
-1,-86.54162929351006,17.553685935185168,54.0,53.37600000000002,33.16562929351004,19.0
-1,-103.85221503577309,17.775363527777763,56.0,60.38400000000003,43.468215035773056,18.0
-1,-95.5240670242298,14.132893768518484,50.0,57.02400000000002,38.50006702422976,22.0
-1,-74.94025328330949,18.0257398148148,46.0,43.68000000000001,31.26025328330949,17.0
-1,-89.56779833065787,14.892019953703691,50.0,49.63200000000001,39.93579833065786,22.0
-1,-89.1043129982401,11.402771680555563,44.0,54.14400000000003,34.96031299824008,23.0
-1,-108.50686413639532,18.14517259259257,44.0,49.536000000000016,58.970864136395306,24.0
-1,-128.64988836709722,12.497960787037025,54.0,66.81600000000003,61.83388836709719,26.0
-1,-109.90488710949543,17.953479078703662,62.0,64.41600000000003,45.488887109495415,22.0
-1,-115.65433604996976,14.153789810185172,54.0,69.50400000000002,46.15033604996974,21.0
-1,-88.53656721723308,12.656068828703686,43.0,50.30400000000002,38.232567217233054,23.0
-1,-100.86931408472644,14.606978962962966,49.0,51.55200000000003,49.31731408472643,22.0
-1,-101.14588968027284,12.128099319444445,45.0,49.536000000000016,51.60988968027283,22.0
-1,-108.59647840197874,18.86727501851846,54.0,63.93600000000003,44.66047840197872,19.0
-1,-69.05428997921348,9.139014601851864,26.0,34.272,34.78228997921347,19.0
-1,-70.54531032402318,13.693761675925929,37.0,37.440000000000005,33.105310324023165,19.0
-1,-108.88141028488825,18.505146736111083,57.0,57.79200000000002,51.08941028488821,18.0
-1,-125.30487502830846,15.141807027777752,56.0,72.48000000000005,52.82487502830841,25.0
-1,-120.11445321396177,17.995724337962898,67.0,61.15200000000003,58.96245321396172,24.0
-1,-92.99527685153814,15.277988087962967,42.0,55.10400000000002,37.89127685153811,23.0
-1,-88.06900362580862,11.621283888888891,42.0,48.28800000000002,39.7810036258086,23.0
-1,-102.353799170071,13.68774823611111,53.0,48.67200000000001,53.681799170071,23.0
-1,-143.73639147313654,18.273064217592573,61.0,68.92800000000003,74.80839147313651,25.0
-1,-107.28848191664628,14.942055888888888,57.0,64.03200000000002,43.25648191664624,22.0
-1,-95.68719552637307,19.946160652777746,60.0,62.78400000000001,32.90319552637306,17.0
-1,-110.91451582458286,17.170194736111092,53.0,56.83200000000002,54.08251582458284,23.0
-1,-120.00819844477262,17.482082777777734,56.0,57.98400000000002,62.024198444772594,23.0
-1,-108.8287199353852,17.011106624999968,44.0,48.38400000000002,60.44471993538518,20.0
-1,-93.63053924474292,14.90773266666666,44.0,46.36800000000002,47.2625392447429,22.0
-1,-102.10835429588036,18.633518495370318,52.0,59.61600000000004,42.49235429588033,22.0
-1,-79.62245280241835,17.20095139814814,45.0,53.568000000000026,26.05445280241833,15.0
-1,-114.21936231930492,16.359217986111084,66.0,70.75200000000002,43.4673623193049,20.0
-1,-96.92448195058068,15.788936643518486,55.0,50.496000000000016,46.42848195058068,26.0
-1,-86.13893995634496,9.071223671296307,31.0,45.312000000000005,40.826939956344944,24.0
-1,-96.28982939923571,16.398837569444428,67.0,66.144,30.145829399235705,19.0
-1,-121.56484113914756,19.392533819444385,66.0,68.73600000000002,52.828841139147535,21.0
-1,-83.02416716236795,15.623274768518511,49.0,53.18400000000001,29.840167162367933,17.0
-1,-122.6141030225963,18.7013225092592,70.0,75.93600000000002,46.67810302259628,24.0
-1,-76.83235737634837,17.359240620370336,35.0,39.64800000000001,37.184357376348366,20.0
-1,-89.58707606638526,17.11569707407407,45.0,51.552000000000014,38.03507606638525,18.0
-1,-89.6116511379969,17.390938185185153,44.0,54.720000000000006,34.891651137996895,17.0
-1,-72.14957499982656,11.3224542361111,33.0,42.144000000000005,30.00557499982655,17.0
-1,-83.61097350506284,14.586658319444435,33.0,38.976000000000006,44.63497350506284,18.0
-1,-85.39469429560344,15.922647013888874,53.0,57.31200000000002,28.08269429560343,15.0
-1,-86.76389453578543,16.053457763888872,42.0,53.472000000000016,33.2918945357854,19.0
-1,-89.66508774641267,13.200587893518504,34.0,41.28000000000001,48.38508774641265,22.0
-1,-95.70792898184528,18.388749314814792,47.0,58.94400000000002,36.76392898184525,19.0
-1,-78.82015232574322,13.584291861111106,34.0,39.55200000000001,39.268152325743216,21.0
-1,-103.5835818983622,15.143471375,50.0,62.20800000000002,41.3755818983622,21.0
-1,-103.73910022776008,19.63406126851847,59.0,65.28000000000003,38.45910022776005,19.0
-1,-81.46350252778997,15.144142240740765,47.0,46.46400000000001,34.99950252778996,19.0
-1,-94.24126657056728,18.818793277777747,52.0,55.58400000000002,38.65726657056727,17.0
-1,-85.18062941668502,13.039139833333326,31.0,34.464000000000006,50.71662941668502,22.0
-1,-95.7714859169374,15.978535777777752,41.0,47.808000000000014,47.96348591693739,20.0
-1,-81.87136029711988,13.238384861111117,37.0,45.60000000000002,36.271360297119855,21.0
-1,-95.40618846615712,14.654606393518508,46.0,62.88000000000002,32.526188466157095,19.0
-1,-85.26305017542681,17.347459601851828,43.0,45.50400000000001,39.7590501754268,19.0
-1,-114.0217573265259,14.22922176851849,49.0,60.096000000000025,53.92575732652588,23.0
-1,-91.57820708372996,17.93699667592589,52.0,50.40000000000002,41.17820708372993,17.0
-1,-120.9213706648917,16.179981490740722,70.0,72.86400000000003,48.057370664891664,21.0
-1,-94.34122134182653,13.638042939814824,49.0,52.22400000000002,42.1172213418265,22.0
-1,-89.99298379928575,12.542181263888892,41.0,49.344000000000015,40.64898379928575,21.0
-1,-94.3463742714994,13.814320523148124,42.0,56.54400000000002,37.80237427149938,22.0
-1,-111.93325806022554,18.49421000925922,66.0,64.51200000000003,47.42125806022551,21.0
-1,-92.97901834625158,13.554412592592556,36.0,45.60000000000001,47.37901834625157,22.0
-1,-89.17930621311247,12.10050806018517,44.0,47.04000000000001,42.139306213112455,28.0
-1,-106.38429002629016,11.198902749999986,44.0,60.57600000000002,45.80829002629012,25.0
-1,-126.97130824319004,18.34696895370366,54.0,60.48,66.49130824319005,20.0
-1,-122.75975817170658,24.613703078703644,73.0,69.31200000000003,53.44775817170655,19.0
-1,-103.03933167921387,21.65350677777776,66.0,65.18400000000003,37.855331679213855,18.0
-1,-82.5992260892015,16.867181199074064,38.0,46.94400000000002,35.65522608920148,19.0
-1,-93.38755981779131,19.02364208796296,46.0,40.032,53.35555981779132,18.0
-1,-82.8005035937113,13.236291388888878,33.0,42.04800000000001,40.75250359371129,19.0
-1,-99.4943582733852,18.884472282407373,46.0,66.72000000000003,32.77435827338516,17.0
-1,-103.58744313086004,16.30984772685184,50.0,48.672000000000025,54.91544313086001,20.0
-1,-110.93189969896102,17.45119712037034,57.0,60.672000000000025,50.25989969896099,19.0
-1,-79.80097700405368,13.272757680555548,41.0,46.27200000000001,33.528977004053665,21.0
-1,-98.51604801869176,18.39965294907404,50.0,56.83200000000002,41.684048018691726,19.0
-1,-101.16921164884296,13.529680777777774,46.0,57.40800000000002,43.76121164884294,23.0
-1,-89.31807968234611,11.796870865740736,30.0,32.64,56.67807968234611,24.0
-1,-90.75798571076535,13.768861888888877,49.0,54.81600000000002,35.941985710765344,21.0
-1,-83.56700052596904,21.89758513425924,49.0,54.72000000000002,28.847000525969012,13.0
-1,-99.42134741236475,16.643543597222205,43.0,45.88800000000002,53.53334741236475,23.0
-1,-93.19582390942584,12.742784578703713,36.0,41.66400000000001,51.53182390942584,22.0
-1,-101.113015591551,18.119288768518487,56.0,53.376000000000026,47.73701559155098,21.0
-1,-91.08372456397116,19.96561569907404,52.0,49.920000000000016,41.16372456397116,18.0
-1,-109.21237101043856,17.71598463425921,60.0,65.08800000000004,44.12437101043853,22.0
-1,-85.93527790907018,12.167521328703694,42.0,51.93600000000001,33.99927790907018,21.0
-1,-93.85563762362938,17.113811245370346,53.0,54.81600000000002,39.03963762362937,21.0
-1,-85.3643392763328,17.438526722222218,47.0,51.36000000000002,34.004339276332786,18.0
-1,-116.7493865225252,22.79302415740736,72.0,64.41600000000003,52.33338652252519,19.0
-1,-105.61428303647466,17.810400787036997,55.0,63.74400000000003,41.87028303647463,23.0
-1,-98.42070510785364,16.760168527777775,41.0,56.06400000000003,42.35670510785361,21.0
-1,-88.85426530991543,13.238261736111118,37.0,42.81600000000002,46.03826530991542,22.0
-1,-99.14041442341129,14.465606870370364,53.0,54.62400000000002,44.51641442341124,19.0
-1,-123.8223406682477,14.224143310185168,56.0,66.81600000000003,57.00634066824767,27.0
-1,-82.28247379911984,13.129993726851824,39.0,47.61600000000002,34.66647379911982,18.0
-1,-114.99558418154048,21.33385153703692,53.0,56.54400000000002,58.45158418154045,20.0
-1,-97.47260012865776,14.993593870370333,47.0,53.95200000000003,43.52060012865774,23.0
-1,-95.04260281080852,16.444050370370324,49.0,57.696000000000026,37.34660281080849,22.0
-1,-96.26185701918818,14.08738421759261,46.0,57.120000000000026,39.14185701918816,21.0
-1,-122.4890450448152,17.164996967592533,62.0,61.536000000000016,60.953045044815184,24.0
-1,-124.84638796753129,12.535039467592592,45.0,54.04800000000002,70.79838796753127,25.0
-1,-151.30714304566504,21.12020975462956,78.0,65.18400000000003,86.12314304566503,27.0
-1,-87.87968498402824,11.384709703703695,36.0,42.048000000000016,45.83168498402822,23.0
-1,-83.88586815062939,14.482946643518508,43.0,45.12000000000002,38.765868150629366,23.0
-1,-95.11915623985504,17.566166300925893,64.0,62.016000000000034,33.10315623985501,17.0
-1,-80.51585577061468,14.076548398148145,43.0,45.408000000000015,35.10785577061467,22.0
-1,-99.98148237537232,13.141390717592556,48.0,55.20000000000002,44.781482375372285,27.0
-1,-107.6551590598002,21.128361083333296,59.0,58.56000000000003,49.09515905980018,16.0
-1,-91.34424175981364,18.785923226851818,46.0,51.45600000000002,39.88824175981361,18.0
-1,-101.9234749241152,14.90544901388887,42.0,53.85600000000002,48.06747492411517,24.0
-1,-102.45480131203888,18.79986588888885,57.0,61.53600000000004,40.91880131203883,20.0
-1,-84.50446793918888,10.77110257870372,36.0,42.24000000000001,42.26446793918888,23.0
-1,-116.56537847399854,14.342594916666632,56.0,57.984000000000016,58.58137847399852,26.0
-1,-96.93819325412127,15.577478296296269,49.0,58.56000000000002,38.37819325412125,21.0
-1,-91.82601606156098,18.675943962962908,48.0,54.91200000000002,36.91401606156096,19.0
-1,-110.02702287352952,14.488707416666676,55.0,58.84800000000002,51.17902287352949,25.0
-1,-96.02477201927248,17.877013208333313,48.0,49.920000000000016,46.10477201927247,20.0
-1,-129.26553830885308,18.654544458333277,63.0,71.80800000000004,57.457538308853046,22.0
-1,-87.4559409920505,13.223171722222212,41.0,50.01600000000002,37.43994099205048,19.0
-1,-117.74122073012296,11.583927152777784,40.0,48.67200000000001,69.06922073012295,22.0
-1,-87.1245659366317,15.240575782407408,42.0,45.98400000000001,41.14056593663169,21.0
-1,-97.15562869018882,11.328674384259257,36.0,53.66400000000002,43.49162869018879,23.0
-1,-81.46023058028926,13.631359425925911,43.0,47.52000000000002,33.940230580289246,22.0
-1,-76.70587386291376,10.948050685185182,30.0,39.168000000000006,37.53787386291376,20.0
-1,-94.86727557561969,17.488094222222202,52.0,45.31200000000002,49.55527557561965,22.0
-1,-87.44363708679722,11.52294877777778,35.0,42.24,45.203637086797215,25.0
-1,-93.2409413651092,18.61295202777772,52.0,49.72800000000001,43.51294136510919,21.0
-1,-92.01040775015846,14.393307249999989,41.0,54.91200000000003,37.09840775015844,18.0
-1,-109.89605552227806,12.3255783287037,49.0,60.096000000000025,49.80005552227804,26.0
-1,-105.78634926307534,13.031334370370343,42.0,57.408000000000015,48.37834926307532,22.0
-1,-94.27139709357527,14.266914532407384,40.0,45.984000000000016,48.28739709357526,19.0
-1,-114.13822082653884,16.158914222222208,63.0,64.41600000000003,49.7222208265388,25.0
-1,-70.96967114098078,15.587426518518516,39.0,41.76000000000001,29.209671140980767,18.0
-1,-125.41657155144152,19.16570098148141,73.0,73.15200000000003,52.26457155144149,21.0
-1,-84.70693848483688,14.734528162037035,42.0,45.50400000000001,39.20293848483688,23.0
-1,-98.12326509906222,12.797681976851845,35.0,40.99200000000001,57.131265099062205,23.0
-1,-111.23935172146912,15.972982680555532,48.0,61.632000000000026,49.60735172146909,23.0
-1,-99.61409269092384,16.125172583333324,52.0,52.608000000000025,47.00609269092383,21.0
-1,-119.077270609438,14.97310709259259,58.0,57.02400000000003,62.053270609437966,24.0
-1,-88.97437950920178,14.775677902777762,35.0,39.744000000000014,49.23037950920177,22.0
-1,-106.81017829814174,19.371799074074044,60.0,56.64000000000002,50.170178298141714,19.0
-1,-87.19939252227252,12.878212074074067,36.0,42.048,45.15139252227251,21.0
-1,-89.92657557499543,15.323938587962957,44.0,47.808000000000014,42.11857557499541,21.0
-1,-93.60640130608502,17.128359041666624,48.0,59.712000000000025,33.89440130608499,18.0
-1,-99.74669850526148,13.578702949074064,44.0,49.82400000000002,49.92269850526148,24.0
-1,-66.35763172110012,11.805021481481484,28.0,34.656,31.701631721100124,20.0
-1,-112.11879118199596,15.45340816203703,57.0,56.736000000000026,55.38279118199595,26.0
-1,-111.58464205927456,16.08195642129628,55.0,63.45600000000003,48.128642059274526,20.0
-1,-153.24685945649472,17.984190032407398,60.0,67.39200000000002,85.8548594564947,25.0
-1,-99.46299833534904,17.14093424074072,43.0,54.81600000000002,44.64699833534901,21.0
-1,-108.21681140333266,18.50422043981474,46.0,56.544000000000025,51.672811403332624,23.0
-1,-94.56219497963272,17.663793337962908,53.0,59.80800000000003,34.754194979632686,21.0
-1,-84.65278753341553,15.088441583333324,50.0,55.29600000000002,29.356787533415503,20.0
-1,-83.78169973649048,11.406428453703729,33.0,38.784000000000006,44.99769973649047,21.0
-1,-95.84389207454642,16.64013280555554,40.0,43.488000000000014,52.3558920745464,21.0
-1,-110.46694235742544,14.980704578703694,42.0,48.000000000000014,62.46694235742544,24.0
-1,-73.68024346910735,13.272567000000004,32.0,33.984,39.696243469107344,22.0
-1,-119.6560481206478,19.46804949999993,52.0,67.20000000000003,52.45604812064778,20.0
-1,-91.2220985188836,13.957412611111126,38.0,41.66400000000001,49.55809851888358,24.0
-1,-112.81294812792692,17.361545087962934,43.0,49.82400000000003,62.9889481279269,23.0
-1,-119.63373924724613,13.48613561574074,43.0,44.83200000000002,74.8017392472461,25.0
-1,-103.46815852674548,14.452947171296277,58.0,78.14400000000003,25.324158526745432,14.0
-1,-87.16979239859575,14.32733187962962,41.0,50.01600000000002,37.153792398595726,21.0
-1,-95.92416920816515,14.156291662037034,44.0,47.23200000000001,48.69216920816513,22.0
-1,-96.79789472609276,16.19231389814812,54.0,63.64800000000001,33.149894726092754,22.0
-1,-91.36466808655024,10.184267634259244,35.0,45.69600000000002,45.66866808655022,23.0
-1,-103.25689647751432,16.46613924537037,51.0,58.75200000000002,44.504896477514286,20.0
-1,-101.03324654044428,18.859672777777742,51.0,50.40000000000001,50.633246540444254,18.0
-1,-110.79760227434836,9.736741606481482,37.0,45.984000000000016,64.81360227434833,26.0
-1,-81.65230620770973,9.576581861111118,32.0,33.888000000000005,47.76430620770972,23.0
-1,-82.40559676261496,18.3584283148148,45.0,41.66400000000001,40.74159676261496,19.0
-1,-87.39816843166147,15.68059498148147,33.0,43.39200000000002,44.00616843166146,19.0
-1,-82.79357546371891,16.848732120370354,43.0,43.296000000000014,39.497575463718896,19.0
-1,-112.81019435077911,17.282202398148115,57.0,63.64800000000003,49.162194350779096,22.0
-1,-75.04271449873885,9.52597847222222,29.0,37.248000000000005,37.79471449873884,19.0
-1,-112.08492725893063,17.95805573148143,47.0,58.94400000000002,53.14092725893062,23.0
-1,-90.02674472476181,21.89842973611109,55.0,59.04000000000003,30.98674472476179,16.0
-1,-93.41630552700934,17.65764483333331,51.0,55.20000000000002,38.216305527009325,18.0
-1,-107.4327361412036,13.2854299861111,50.0,55.68000000000004,51.75273614120356,26.0
-1,-98.18533891060324,19.65670883333328,52.0,59.61600000000003,38.56933891060322,18.0
-1,-99.20144830635836,14.035559634259243,48.0,61.92000000000002,37.28144830635835,22.0
-1,-146.35206423237332,18.067177999999977,62.0,68.16000000000003,78.19206423237331,23.0
-1,-98.3554852372545,14.356511212962976,49.0,54.24000000000002,44.11548523725447,25.0
-1,-97.20785791586847,13.490500203703684,39.0,54.72000000000002,42.48785791586847,23.0
-1,-106.0635517482692,16.208149282407383,47.0,46.368000000000016,59.69555174826918,22.0
-1,-82.61427604707129,17.26996333796297,46.0,53.28000000000002,29.334276047071263,17.0
-1,-84.36144820712111,19.303834495370342,44.0,45.21600000000001,39.14544820712111,15.0
-1,-87.58307644625938,12.650016259259274,37.0,41.76,45.823076446259385,21.0
-1,-109.03032799600932,14.422279694444418,51.0,52.416000000000025,56.614327996009294,24.0
-1,-103.16082808581876,18.35084348611105,59.0,61.344000000000015,41.816828085818734,21.0
-1,-106.71203509967349,16.080274638888852,50.0,59.04000000000002,47.67203509967345,24.0
-1,-76.31383895600973,17.422408976851823,38.0,35.52,40.793838956009736,18.0
-1,-108.35655630490768,15.944251708333336,56.0,54.62400000000002,53.73255630490768,23.0
-1,-96.30815971398695,17.915685680555498,53.0,56.83200000000003,39.47615971398694,23.0
-1,-114.71683254523182,15.962171134259265,49.0,55.10400000000003,59.61283254523181,25.0
-1,-116.01779682019568,18.5122342222222,70.0,81.88800000000003,34.12979682019566,17.0
-1,-109.02113604591008,17.80471120833329,53.0,57.02400000000002,51.99713604591005,20.0
-1,-98.05740554372662,17.28037164814808,52.0,52.60800000000002,45.4494055437266,23.0
-1,-101.45155004292926,18.018321861111083,53.0,61.53600000000003,39.915550042929226,19.0
-1,-112.78329838369795,12.047277949074063,47.0,59.23200000000003,53.55129838369794,28.0
-1,-104.07951936914748,11.168493282407397,39.0,47.52000000000002,56.559519369147466,25.0
-1,-75.42296449034016,12.70701366203703,38.0,47.71200000000002,27.710964490340142,17.0
-1,-78.6258858726957,13.780317828703684,42.0,46.56000000000002,32.06588587269568,18.0
-1,-102.53316730741564,14.800666208333304,55.0,63.84000000000002,38.69316730741562,25.0
-1,-98.15296132017411,14.192825152777782,48.0,54.14400000000002,44.00896132017409,21.0
-1,-85.23576717155015,14.96656474074076,41.0,43.39200000000001,41.84376717155014,20.0
-1,-105.93557489262946,14.25071409722223,49.0,55.58400000000002,50.35157489262944,22.0
-1,-99.44563896051406,11.356894481481502,43.0,52.60800000000002,46.83763896051404,27.0
-1,-115.5430473625984,15.51285323148147,53.0,61.05600000000002,54.487047362598375,21.0
-1,-89.92913798533326,15.40210872685183,44.0,56.83200000000002,33.09713798533324,20.0
-1,-113.15504419571742,18.001197208333295,64.0,65.95200000000004,47.20304419571738,21.0
-1,-90.00722932401484,14.068913773148113,42.0,44.35200000000001,45.655229324014826,24.0
-1,-128.5312324827138,11.601828833333338,56.0,77.47200000000004,51.05923248271376,22.0
-1,-99.89573006155652,15.25606737962962,56.0,54.72000000000003,45.17573006155649,23.0
-1,-79.62911086493295,13.168626763888874,33.0,31.776,47.85311086493296,23.0
-1,-84.22754161156067,20.815132171296284,41.0,42.14400000000001,42.083541611560655,17.0
-1,-107.46915192575378,20.49575811111104,58.0,49.92000000000002,57.54915192575376,19.0
-1,-93.82485920734864,15.8731418796296,36.0,42.81600000000002,51.00885920734863,22.0
-1,-95.75452534764248,14.26469997685184,35.0,38.49600000000001,57.25852534764248,20.0
-1,-100.63513036206164,15.562053222222213,45.0,57.98400000000002,42.65113036206161,25.0
-1,-94.9368617670546,19.0916644027777,54.0,57.888000000000034,37.04886176705457,20.0
-1,-105.13552723607152,14.574742287037038,39.0,45.88800000000001,59.24752723607149,22.0
-1,-86.09314605608847,12.355116212962963,41.0,50.97600000000002,35.117146056088444,22.0
-1,-84.94787950442921,16.84561648611112,46.0,45.984,38.963879504429215,18.0
-1,-114.1893103705377,14.18304115740742,45.0,43.48800000000002,70.70131037053768,24.0
-1,-97.49879716297406,17.711512236111083,54.0,51.07200000000002,46.42679716297404,22.0
-1,-118.86153003644318,16.83984536574072,51.0,60.76800000000003,58.09353003644315,18.0
-1,-106.95680107340748,15.602418134259224,51.0,54.81600000000003,52.14080107340746,22.0
-1,-109.37701454120035,14.176555490740736,50.0,57.21600000000003,52.161014541200345,21.0
-1,-88.04169038489314,15.487114337962934,44.0,51.64800000000002,36.39369038489312,21.0
-1,-105.41545353583092,14.871585328703691,49.0,53.47200000000002,51.94345353583089,26.0
-1,-103.34987630742025,13.420011555555543,49.0,57.69600000000002,45.65387630742022,24.0
-1,-107.9818533189004,19.933982981481424,56.0,51.16800000000002,56.81385331890037,21.0
-1,-91.57655533240694,13.573269870370368,44.0,48.96000000000001,42.61655533240694,23.0
-1,-78.0684938900481,16.992631175925915,37.0,41.76000000000001,36.30849389004809,19.0
-1,-89.4225134627082,17.463593856481467,42.0,49.15200000000002,40.270513462708166,21.0
-1,-100.47457431973942,15.023151453703711,49.0,50.68800000000002,49.786574319739394,21.0
-1,-100.21144650048606,9.517259023148153,51.0,61.248,38.963446500486064,23.0
-1,-105.32385362200957,16.056682106481475,54.0,56.25600000000003,49.06785362200954,23.0
-1,-109.80120842267884,16.56164347685185,58.0,56.25600000000003,53.545208422678826,24.0
-1,-104.45856557785544,16.076006282407405,52.0,48.76800000000001,55.690565577855445,23.0
-1,-82.76115422948786,12.809659800925914,40.0,45.792000000000016,36.96915422948785,20.0
-1,-106.70898425292316,15.773452874999954,53.0,57.88800000000002,48.82098425292315,24.0
-1,-84.65720158434634,16.49632462499999,46.0,50.304000000000016,34.35320158434632,20.0
-1,-123.17159237246094,18.69889906481474,62.0,71.23200000000004,51.939592372460886,21.0
-1,-80.60338682002862,15.81029511111111,44.0,39.36000000000001,41.24338682002861,19.0
-1,-104.84204764259584,16.656882097222212,57.0,58.84800000000003,45.99404764259582,22.0
-1,-100.53268316481862,14.437124800925924,44.0,52.12800000000002,48.4046831648186,23.0
-1,-97.90404276183506,16.19800837037036,45.0,48.192000000000014,49.71204276183504,21.0
-1,-92.96437302356424,20.749457912036952,49.0,60.38400000000002,32.58037302356423,18.0
-1,-105.80436991143144,12.248346254629617,51.0,58.17600000000004,47.628369911431406,20.0
-1,-97.5763498033378,12.693872587962948,56.0,56.73600000000002,40.84034980333777,24.0
-1,-106.14937448043176,15.94841449999998,49.0,55.68000000000003,50.46937448043173,22.0
-1,-102.91569767042176,16.054341476851818,53.0,59.04000000000002,43.875697670421744,22.0
-1,-109.30844300726376,15.804559430555544,45.0,47.13600000000002,62.17244300726373,21.0
-1,-99.85558001821336,17.067686703703693,43.0,50.78400000000002,49.07158001821333,20.0
-1,-103.65858572984186,16.624730851851822,59.0,63.16800000000003,40.49058572984183,22.0
-1,-138.28759976536,34.9232341111111,84.0,72.096,66.19159976536,15.0
-1,-97.83545573441438,14.868307986111091,49.0,48.09600000000002,49.73945573441437,25.0
-1,-102.55299921430635,13.219976157407404,38.0,48.192000000000014,54.36099921430636,25.0
-1,-93.23481263547104,19.04623247222217,49.0,54.72000000000001,38.51481263547101,17.0
-1,-94.14366041810064,14.574442157407397,49.0,49.05600000000002,45.08766041810062,19.0
-1,-120.15054629923168,15.38586948611109,58.0,57.60000000000004,62.55054629923164,25.0
-1,-111.50181873797024,13.406934648148146,52.0,53.95200000000003,57.54981873797022,24.0
-1,-87.32300443900391,15.55393951388886,44.0,47.13600000000002,40.1870044390039,21.0
-1,-81.69064290001805,19.33856101851847,48.0,53.472000000000016,28.218642900018036,16.0
-1,-101.91694711333344,13.271773722222225,42.0,52.800000000000026,49.116947113333424,21.0
-1,-89.00412235381499,17.46613711111106,45.0,49.53600000000001,39.46812235381498,18.0
-1,-108.82440727400189,15.218678370370366,52.0,69.21600000000004,39.60840727400184,20.0
-1,-111.36205876002458,13.939557240740715,49.0,56.92800000000003,54.43405876002454,24.0
-1,-99.07141799359928,13.935053657407405,45.0,51.36000000000002,47.711417993599255,23.0
-1,-85.03501239630728,14.952439851851864,35.0,33.696000000000005,51.33901239630728,21.0
-1,-78.79777095600213,11.89137635648148,36.0,40.32,38.47777095600213,21.0
-1,-101.63440756678295,14.507762986111096,46.0,60.96000000000004,40.67440756678292,23.0
-1,-77.77831237281873,11.482588379629622,31.0,37.248,40.530312372818734,22.0
-1,-114.45590871702048,16.267970921296264,63.0,63.74400000000003,50.71190871702046,23.0
-1,-93.63807515872008,13.24721144907406,34.0,43.584,50.05407515872009,22.0
-1,-94.83304310772644,8.31530590740741,37.0,51.45600000000002,43.377043107726415,27.0
-1,-84.87132617801124,12.1841288287037,36.0,42.336000000000006,42.53532617801124,22.0
-1,-99.8960932902352,19.141016273148097,50.0,59.90400000000003,39.992093290235154,20.0
-1,-97.61023889068176,17.163477453703702,53.0,48.76800000000002,48.84223889068173,20.0
-1,-88.2203000931637,20.455939907407384,49.0,44.16000000000002,44.06030009316368,20.0
-1,-99.9616012783388,15.666565967592572,41.0,43.872000000000014,56.08960127833879,20.0
-1,-92.27313797628692,14.051153939814794,50.0,51.07200000000001,41.20113797628692,21.0
-1,-87.14842786846826,12.680995541666674,31.0,36.384,50.76442786846826,19.0
-1,-88.33325534727035,13.927922504629638,38.0,42.33600000000001,45.99725534727034,20.0
-1,-113.75588101627386,18.06739216666666,61.0,59.80800000000003,53.94788101627384,21.0
-1,-93.08423004756531,16.74055186574071,46.0,54.91200000000002,38.1722300475653,22.0
-1,-91.5622904299236,10.13241372222221,45.0,55.10400000000003,36.45829042992358,24.0
-1,-106.87862315030324,18.67396343981478,54.0,54.33600000000003,52.542623150303214,20.0
-1,-114.80812598765348,16.032531337962947,53.0,52.992000000000026,61.81612598765344,25.0
-1,-80.1261912686186,12.233674791666653,36.0,50.016,30.1101912686186,20.0
-1,-75.99533327435373,14.02061671759258,36.0,39.26400000000001,36.73133327435371,19.0
-1,-85.21410954297147,14.0669249398148,44.0,54.62400000000002,30.59010954297145,17.0
-1,-105.7015415948377,17.60982106018516,61.0,60.19200000000002,45.509541594837685,22.0
-1,-111.84128037077038,14.76803901388889,56.0,57.88800000000003,53.95328037077035,24.0
-1,-108.88600099398212,15.310846388888876,52.0,61.34400000000003,47.54200099398208,24.0
-1,-117.65570404432432,19.803621018518456,67.0,64.60800000000003,53.04770404432428,21.0
-1,-114.18528132415352,19.92223998611106,64.0,64.51200000000001,49.6732813241535,19.0
-1,-109.26195413899076,19.52037069444437,63.0,60.86400000000001,48.39795413899075,22.0
-1,-122.688105054781,15.73343717592591,52.0,60.67200000000003,62.01610505478097,23.0
-1,-98.60188099829526,16.769216421296267,46.0,52.99200000000003,45.60988099829522,20.0
-1,-110.45935371122252,14.4481191712963,47.0,51.55200000000002,58.90735371122251,28.0
-1,-99.69591821038787,19.207582476851837,48.0,50.68800000000002,49.00791821038784,20.0
-1,-127.49374860794411,19.47658817592586,76.0,81.60000000000004,45.89374860794409,23.0
-1,-96.3828047733441,14.461872995370356,51.0,48.768000000000015,47.61480477334408,23.0
-1,-96.1634759155759,20.19386562037031,50.0,52.992000000000026,43.17147591557588,18.0
-1,-94.80418676534424,15.336553175925912,47.0,57.696000000000026,37.108186765344215,20.0
-1,-91.76664782670755,16.339454847222196,40.0,43.96800000000001,47.79864782670754,21.0
-1,-96.3126783900236,12.49354744907405,43.0,48.768000000000015,47.544678390023584,21.0
-1,-108.73719892911367,18.43171245370369,49.0,58.56000000000003,50.17719892911364,19.0
-1,-112.55499269963894,15.084764694444424,50.0,65.37600000000003,47.1789926996389,22.0
-1,-88.01809385905696,15.1638910648148,48.0,49.920000000000016,38.09809385905695,21.0
-1,-110.2429542846628,14.181520935185167,55.0,60.96000000000003,49.28295428466278,23.0
-1,-116.3898759246478,16.08755860648146,40.0,50.40000000000002,65.98987592464778,26.0
-1,-113.72246436946686,13.9419657824074,51.0,49.82400000000002,63.89846436946684,27.0
-1,-88.98855784071418,16.363725064814787,39.0,45.21600000000002,43.77255784071415,18.0
-1,-89.96975617716157,20.01388977314811,51.0,48.96000000000002,41.00975617716155,19.0
-1,-93.83748100222348,13.14047669444443,42.0,49.05600000000001,44.78148100222346,23.0
-1,-115.78441650495608,13.87020525925925,48.0,57.69600000000002,58.08841650495605,25.0
-1,-104.1498183921962,15.163618287037032,58.0,56.352000000000025,47.79781839219618,23.0
-1,-81.34246656837773,10.32757267592592,36.0,42.528000000000006,38.814466568377725,21.0
-1,-99.77258898823304,13.366129527777778,43.0,56.160000000000025,43.612588988233,22.0
-1,-84.06606224504978,16.150564129629625,40.0,38.304000000000016,45.76206224504976,19.0
-1,-94.3993248709706,13.416388787037029,31.0,35.040000000000006,59.3593248709706,20.0
-1,-134.63793077134767,22.36934304629627,69.0,82.56000000000004,52.07793077134762,19.0
-1,-139.18177423555028,16.415479361111082,60.0,78.14400000000003,61.037774235550245,22.0
-1,-96.56267120554884,15.270622546296272,47.0,53.28000000000001,43.28267120554883,22.0
-1,-96.69909529923744,14.143039013888874,43.0,43.296000000000014,53.40309529923742,24.0
-1,-95.69135006358606,15.664092810185169,43.0,47.52000000000002,48.17135006358604,22.0
-1,-101.60053006064,15.339099865740726,47.0,55.20000000000002,46.40053006063999,21.0
-1,-117.43456818218785,11.56678074537036,37.0,50.88000000000002,66.55456818218781,26.0
-1,-100.88090651000806,22.24552845370364,60.0,62.01600000000003,38.86490651000804,20.0
-1,-92.58555799095517,16.831299791666673,57.0,55.29600000000002,37.28955799095512,21.0
-1,-119.9706072942382,18.098312379629565,58.0,67.96800000000003,52.00260729423817,25.0
-1,-106.70583095379877,14.139067601851847,50.0,46.27200000000001,60.43383095379875,25.0
-1,-118.12399939999484,21.14721371759251,60.0,65.66400000000002,52.45999939999481,23.0
-1,-100.55554889029916,16.70165355555552,54.0,56.448000000000015,44.10754889029913,23.0
-1,-106.38114386723818,15.92232755555554,44.0,55.872000000000014,50.509143867238166,24.0
-1,-105.2948229468833,12.577412763888882,36.0,42.52800000000001,62.766822946883295,24.0
-1,-82.79773477253792,16.217708055555526,35.0,47.13600000000001,35.661734772537905,19.0
-1,-100.79860009204876,21.442570101851786,67.0,55.48800000000002,45.310600092048745,21.0
-1,-90.53855966200132,14.626374745370352,40.0,46.17600000000002,44.36255966200129,23.0
-1,-98.5886254344289,15.112164925925924,50.0,53.66400000000001,44.9246254344289,21.0
-1,-121.61408897652773,13.465319796296283,56.0,77.76000000000003,43.85408897652768,23.0
-1,-110.22301003181911,19.01607687499988,60.0,69.40800000000002,40.8150100318191,23.0
-1,-111.23734937027815,16.647431981481468,47.0,53.66400000000002,57.57334937027815,22.0
-1,-104.3133585761187,15.03936001851849,46.0,56.06400000000003,48.249358576118674,19.0
-1,-125.49797248482471,20.38646465277774,59.0,66.72000000000003,58.7779724848247,21.0
-1,-87.24972721197157,15.174396976851847,42.0,43.96800000000001,43.28172721197157,20.0
-1,-92.7380030972528,10.089636435185184,34.0,40.51200000000001,52.2260030972528,23.0
-1,-110.06116577315456,17.40575648148143,50.0,52.51200000000002,57.54916577315453,22.0
-1,-97.42445001999508,23.140538634259222,64.0,60.672000000000025,36.75245001999506,15.0
-1,-96.00411798261852,16.969537777777752,43.0,48.09600000000001,47.908117982618506,18.0
-1,-100.358096177392,16.366336087962974,49.0,50.78400000000002,49.57409617739199,20.0
-1,-85.02367423504339,15.30035646296296,39.0,44.06400000000001,40.95967423504337,20.0
-1,-88.65205634831544,19.60999224999997,43.0,42.33600000000001,46.31605634831543,18.0
-1,-127.0308480834212,20.638685819444355,69.0,62.97600000000003,64.05484808342118,24.0
-1,-103.69092727533815,18.806290435185147,52.0,52.32000000000002,51.37092727533813,23.0
-1,-77.41671738866225,14.584617847222216,35.0,39.93600000000001,37.48071738866224,19.0
-1,-107.86752149712348,18.02883377777773,54.0,64.80000000000003,43.06752149712345,20.0
-1,-118.57220634170798,18.253214555555516,63.0,62.97600000000004,55.59620634170796,22.0
-1,-103.42832365940848,17.69207698611107,56.0,62.49600000000003,40.93232365940845,22.0
-1,-94.2609068213409,15.511436504629634,50.0,49.82400000000003,44.43690682134087,22.0
-1,-91.88148789956496,13.352847888888896,43.0,45.216000000000015,46.665487899564944,22.0
-1,-94.31278740845038,10.355627689814808,39.0,51.16800000000002,43.14478740845036,25.0
-1,-95.19692321488796,14.685938717592547,43.0,50.112000000000016,45.08492321488794,26.0
-1,-101.64797901115456,15.393343652777755,37.0,43.296000000000014,58.35197901115453,23.0
-1,-100.06341576541108,15.134682365740725,44.0,48.76800000000001,51.29541576541105,22.0
-1,-86.05351722546408,15.098129611111103,41.0,47.424000000000014,38.62951722546406,21.0
-1,-85.9779830356043,12.361138722222206,33.0,45.98400000000001,39.99398303560429,24.0
-1,-117.39307924570451,16.529155935185127,56.0,84.48000000000005,32.91307924570446,19.0
-1,-97.66322217493529,15.634550615740745,43.0,55.29600000000003,42.36722217493524,22.0
-1,-148.90545788738086,13.64979917592592,70.0,105.79200000000006,43.11345788738082,21.0
-1,-100.43340012674412,17.78268252777774,47.0,55.68000000000002,44.75340012674411,21.0
-1,-111.57577010363158,19.855629861111098,49.0,50.68800000000002,60.88777010363157,18.0
-1,-108.14207037187695,17.463030087962935,48.0,54.43200000000002,53.71007037187694,20.0
-1,-88.46589562799579,16.451259185185158,49.0,53.664000000000016,34.801895627995776,19.0
-1,-75.42388855908933,11.576548476851862,27.0,33.6,41.82388855908934,19.0
-1,-99.57389573278994,15.367089023148136,49.0,50.11200000000002,49.46189573278991,24.0
-1,-77.72325769511684,10.714942333333338,33.0,40.51200000000001,37.21125769511683,22.0
-1,-93.7051927901892,15.829170050925924,47.0,61.92000000000002,31.78519279018917,14.0
-1,-83.72013611226282,16.496449564814807,33.0,38.40000000000001,45.320136112262816,19.0
-1,-69.56063492801046,12.757002240740745,33.0,36.864,32.696634928010454,21.0
-1,-91.78725986621524,19.9076999768518,49.0,56.64000000000002,35.14725986621522,19.0
-1,-78.36967048764652,17.4248087083333,44.0,54.43200000000003,23.937670487646493,11.0
-1,-108.9672819708766,12.321077749999994,44.0,46.176000000000016,62.7912819708766,26.0
-1,-108.49194248804292,13.50081387962963,46.0,46.08000000000001,62.41194248804292,27.0
-1,-92.75763588361784,18.03647248611106,53.0,54.14400000000002,38.61363588361783,20.0
-1,-98.0662386817344,11.98869136111112,45.0,60.19200000000004,37.87423868173436,22.0
-1,-78.49219064789821,12.175657222222217,33.0,36.864,41.62819064789821,22.0
-1,-95.04918407000748,16.874372953703677,57.0,60.57600000000002,34.47318407000744,20.0
-1,-94.53461565577156,16.968297532407373,46.0,54.048000000000016,40.48661565577154,21.0
-1,-82.32478209537919,16.692937199074066,46.0,50.30400000000001,32.02078209537919,18.0
-1,-99.27431421920716,17.5830215694444,57.0,66.14400000000002,33.13031421920713,20.0
-1,-84.81088061715388,12.91298551851852,46.0,47.904,36.90688061715389,22.0
-1,-110.68842058736688,16.902324722222193,47.0,61.728000000000016,48.96042058736687,20.0
-1,-99.62376943460546,16.101649305555522,59.0,59.424000000000014,40.19976943460544,20.0
-1,-90.62463672935186,21.60755593055552,56.0,53.47200000000002,37.15263672935183,17.0
-1,-94.60869886045774,17.670146319444406,38.0,45.888000000000005,48.72069886045773,19.0
-1,-86.79665543856346,16.167091462962958,36.0,42.24,44.55665543856346,22.0
-1,-83.58764812422788,14.131209458333316,39.0,44.73600000000001,38.85164812422788,21.0
-1,-96.27888513191432,13.080927828703675,48.0,53.47200000000003,42.806885131914285,23.0
-1,-109.32760172730224,16.49067980092589,46.0,59.13600000000002,50.19160172730222,19.0
-1,-94.68325150189744,14.379996944444429,49.0,52.89600000000003,41.78725150189741,22.0
