-1,-1457.6042740053128,196.48276300000043,303.0,81.79200000000006,1375.8122740053127,30.0
-1,-391.69368408054765,53.83664855092603,207.0,188.6400000000001,203.05368408054755,27.0
-1,-256.4996500239196,38.6295871203704,206.0,184.32000000000005,72.17965002391949,21.0
-1,-256.3348977578488,31.373850185185145,183.0,185.18400000000008,71.15089775784875,26.0
-1,-401.7254613437301,67.28377487962968,240.0,218.40000000000012,183.32546134373,25.0
-1,-371.96673566278207,57.59033541203711,214.0,172.89600000000007,199.07073566278203,29.0
-1,-274.7399802284132,49.10932459722232,199.0,166.27199999999996,108.46798022841324,27.0
-1,-283.8580639452861,55.80596318518517,200.0,169.7280000000002,114.1300639452859,27.0
-1,-360.3992650885821,58.637944347222266,251.0,194.01600000000016,166.38326508858196,27.0
-1,-311.08129082598447,38.27551524074076,230.0,214.368,96.71329082598446,26.0
-1,-293.9216895717178,30.91584006944447,207.0,227.1360000000001,66.7856895717177,25.0
-1,-268.7757873270908,49.75286904166675,198.0,145.2480000000001,123.52778732709068,27.0
-1,-322.91544193173047,48.62752249537044,224.0,208.6080000000001,114.30744193173037,29.0
-1,-243.45814837756484,31.052531388888884,206.0,199.1999999999999,44.25814837756493,19.0
-1,-284.3340404757476,54.33620447685184,225.0,182.4960000000001,101.83804047574752,26.0
-1,-311.0967645386073,39.98866261574079,225.0,205.72799999999984,105.3687645386075,23.0
-1,-336.5845450190851,41.96248682870369,232.0,246.43199999999996,90.1525450190852,24.0
-1,-311.1100680657901,32.975339912037,237.0,227.90399999999983,83.20606806579023,23.0
-1,-415.2272805427336,60.87908198611127,253.0,246.8160000000001,168.4112805427335,25.0
-1,-270.7801356906547,30.803263652777776,218.0,224.64000000000004,46.14013569065462,20.0
-1,-236.48769879510783,28.58756332870365,177.0,180.57600000000008,55.91169879510777,23.0
-1,-297.4858412384025,36.2120394583334,231.0,243.93600000000004,53.54984123840248,21.0
-1,-297.71914263578253,22.806721402777782,234.0,257.66400000000004,40.05514263578251,20.0
-1,-289.1403271235464,30.219923435185148,226.0,247.68000000000004,41.46032712354636,22.0
-1,-269.2139509471324,28.421033657407424,223.0,219.6479999999999,49.56595094713248,19.0
-1,-282.49835559156514,35.11795185648151,215.0,218.11199999999997,64.38635559156519,22.0
-1,-303.2153542654244,26.842368750000023,226.0,258.8159999999999,44.399354265424485,20.0
-1,-266.54262538210287,24.595172953703702,215.0,228.384,38.158625382102855,20.0
-1,-307.6926124735573,19.28759375,274.0,271.5839999999999,36.1086124735574,16.0
-1,-299.8569601952113,24.518209791666678,224.0,250.08,49.77696019521126,21.0
-1,-355.9907830975502,21.39326445370366,265.0,312.0959999999994,43.89478309755081,20.0
-1,-350.49223844699407,27.803401726851856,310.0,302.5919999999996,47.90023844699451,15.0
-1,-251.55740874901792,28.00697155555551,206.0,213.31199999999987,38.24540874901806,20.0
-1,-285.6324103733168,27.101608013888868,206.0,235.10400000000013,50.528410373316646,19.0
-1,-255.72691532350427,27.57789436574071,188.0,214.08,41.64691532350431,18.0
-1,-260.0089594034152,23.262512995370383,223.0,224.544,35.46495940341523,16.0
-1,-197.7883696379792,25.626039148148138,165.0,165.02399999999997,32.76436963797919,18.0
-1,-259.90446613229534,18.40804316203705,228.0,234.43199999999976,25.4724661322956,17.0
-1,-311.1143038952418,18.11109707870366,246.0,263.80799999999994,47.30630389524184,21.0
-1,-267.7552972850681,21.170857425925917,223.0,227.04,40.71529728506813,19.0
-1,-281.76037732348226,22.264339509259248,199.0,222.43199999999996,59.32837732348232,24.0
-1,-272.53835787907576,22.147048555555507,226.0,237.79200000000003,34.74635787907573,20.0
-1,-240.2877266688916,23.84758324537033,193.0,203.712,36.57572666889163,17.0
-1,-191.25959766758731,22.849790694444405,179.0,168.768,22.49159766758735,13.0
-1,-302.3417938271502,15.414597870370365,260.0,271.00799999999987,31.33379382715032,19.0
-1,-269.2434293193001,21.76144822222224,220.0,230.4,38.84342931930008,18.0
-1,-236.4640771049665,22.7639480324074,162.0,189.31199999999995,47.15207710496653,24.0
-1,-286.90979210125977,17.140926615740742,236.0,258.2400000000002,28.6697921012596,14.0
-1,-222.32516217108144,23.11454143055552,164.0,186.624,35.70116217108143,21.0
-1,-242.8469751726735,22.56493717129627,201.0,209.66400000000004,33.18297517267345,18.0
-1,-207.59779154545703,24.897875703703644,142.0,171.64800000000005,35.94979154545696,16.0
-1,-295.8779329443466,21.767302671296257,183.0,245.56800000000007,50.309932944346514,21.0
-1,-247.2372666076924,24.860058828703696,187.0,197.7599999999999,49.47726660769251,22.0
-1,-188.1320070765028,19.47033399074072,149.0,155.32800000000006,32.804007076502764,18.0
-1,-219.0187982169637,18.15886339351848,197.0,201.696,17.32279821696369,12.0
-1,-167.3305540376361,21.297642384259216,124.0,128.92800000000005,38.40255403763604,16.0
-1,-230.63216200836357,22.9522555231481,160.0,176.35199999999995,54.28016200836359,21.0
-1,-239.3101215815084,24.377952009259243,164.0,195.74400000000009,43.566121581508334,18.0
-1,-209.88761042184316,20.431548685185163,158.0,179.52000000000012,30.367610421843,14.0
-1,-199.0130386718247,16.87174106481477,152.0,166.7520000000001,32.2610386718246,19.0
-1,-239.19133230160335,15.239321555555538,174.0,207.1680000000001,32.02333230160325,17.0
-1,-162.3658038375914,12.990996379629614,137.0,136.80000000000004,25.56580383759137,20.0
-1,-158.6621525370969,20.32307924999994,103.0,122.49600000000004,36.16615253709684,17.0
-1,-217.7429629722646,24.09812656481479,150.0,151.488,66.25496297226458,22.0
-1,-181.07827161480344,19.04528756018513,131.0,143.90400000000005,37.17427161480339,22.0
-1,-167.25385986134884,20.944558879629614,119.0,127.488,39.76585986134883,18.0
-1,-158.0253834792447,19.184870370370323,106.0,124.99200000000006,33.03338347924465,17.0
-1,-166.93033525007857,18.04193601388888,119.0,121.15200000000004,45.77833525007853,21.0
-1,-199.24249575208904,15.576460592592571,127.0,153.9840000000001,45.25849575208898,22.0
-1,-132.4820450610126,17.76315967592589,81.0,93.21600000000004,39.26604506101255,20.0
-1,-123.43053654150552,13.20446765277775,73.0,90.14400000000006,33.28653654150546,19.0
-1,-156.53463703048726,15.779561527777751,103.0,117.88800000000003,38.64663703048723,20.0
-1,-201.56969835044043,19.865968222222225,130.0,140.83200000000002,60.737698350440425,23.0
-1,-229.46360899124767,33.918247921296285,171.0,171.83999999999995,57.62360899124779,20.0
-1,-179.21772088495203,24.272953615740644,107.0,130.84800000000007,48.36972088495195,18.0
-1,-176.2385447009447,20.008337699074037,104.0,130.75200000000007,45.48654470094462,18.0
-1,-307.8321644801999,21.776801712962943,163.0,248.3520000000001,59.48016448019981,23.0
-1,-211.8628151440657,23.083663787037,113.0,163.29600000000005,48.56681514406568,21.0
-1,-210.0054612848473,19.707326763888855,127.0,161.37600000000006,48.629461284847245,21.0
-1,-168.50414151569737,17.217845027777756,106.0,130.84800000000007,37.6561415156973,19.0
-1,-152.82022035140378,19.2690816157407,98.0,114.43200000000004,38.38822035140375,21.0
-1,-162.55145874845212,18.04101176851849,119.0,118.75200000000004,43.79945874845208,19.0
-1,-155.88873752985353,18.40992448148145,90.0,119.71200000000006,36.17673752985347,18.0
-1,-131.54513315815043,17.277949319444428,83.0,86.88000000000004,44.66513315815039,20.0
-1,-146.34913440328222,14.918219777777765,79.0,96.09600000000005,50.25313440328216,21.0
-1,-125.47357754739627,18.834080143518477,86.0,93.79200000000004,31.681577547396245,14.0
-1,-269.6316205983001,18.336231342592534,143.0,207.5520000000001,62.07962059829999,27.0
-1,-244.03253965166024,24.35433111111105,148.0,200.1600000000001,43.87253965166006,21.0
-1,-134.82243303142792,18.555056245370327,99.0,102.91200000000003,31.91043303142788,18.0
-1,-165.15478930236026,25.2041949907407,83.0,87.64800000000004,77.50678930236023,24.0
-1,-136.58185178085057,14.734655736111089,78.0,92.92800000000004,43.65385178085054,25.0
-1,-136.7447484335502,14.9094578287037,79.0,86.30400000000004,50.44074843355016,23.0
-1,-220.60762748406427,21.44910118981478,103.0,136.51200000000009,84.09562748406418,27.0
-1,-141.40069099831888,20.60003232870364,75.0,97.15200000000006,44.24869099831883,19.0
-1,-181.18818665417675,20.309541282407388,100.0,127.96800000000007,53.220186654176665,22.0
-1,-153.4336630028892,18.47168224537033,87.0,100.22400000000006,53.20966300288913,21.0
-1,-136.3406957259899,16.161763439814802,102.0,115.00800000000004,21.33269572598984,13.0
-1,-127.52303060203704,19.65722187037036,79.0,82.46400000000004,45.05903060203698,16.0
-1,-244.527164290984,16.77997520370367,106.0,151.8720000000001,92.65516429098388,28.0
-1,-133.3661186064428,15.949754893518502,63.0,87.74400000000004,45.62211860644277,18.0
-1,-251.39460889953503,19.972544504629592,108.0,144.09600000000006,107.29860889953495,28.0
-1,-119.31550288506216,11.183644268518512,75.0,83.42400000000002,35.89150288506214,23.0
-1,-205.33109054018104,21.666290745370343,121.0,156.00000000000009,49.33109054018095,20.0
-1,-176.80915945167942,16.30418178703704,111.0,119.42400000000006,57.38515945167936,20.0
-1,-384.90765922806327,18.29396051388888,208.0,322.75199999999955,62.15565922806373,20.0
-1,-154.271455904768,14.831796495370345,82.0,98.11200000000004,56.15945590476797,24.0
-1,-139.15240350171763,14.349693944444416,83.0,101.56800000000004,37.58440350171757,20.0
-1,-126.22298678691666,17.699566212962925,64.0,79.87200000000004,46.35098678691661,18.0
-1,-127.2245781150025,14.034316620370335,65.0,79.29600000000003,47.92857811500247,24.0
-1,-238.5879598163653,16.613653861111107,87.0,127.87200000000009,110.71595981636524,29.0
-1,-146.81107277144886,14.592302328703685,57.0,85.53600000000004,61.27507277144882,24.0
-1,-181.3001827713855,18.97729051851847,83.0,116.16000000000008,65.14018277138538,21.0
-1,-150.64404294130384,18.100043398148102,82.0,99.36000000000008,51.28404294130377,22.0
-1,-130.62557531348517,14.982983504629631,63.0,82.08000000000004,48.54557531348514,21.0
-1,-144.39624525854742,15.666485782407385,65.0,83.61600000000004,60.78024525854737,23.0
-1,-124.2147120544465,14.625729203703685,68.0,80.73600000000003,43.47871205444645,22.0
-1,-223.2316693079057,18.19420202777773,111.0,172.2240000000001,51.00766930790562,22.0
-1,-145.38508073448526,15.38937093518516,84.0,104.54400000000004,40.8410807344852,22.0
-1,-125.67932137829334,16.77200831481481,61.0,75.93600000000004,49.7433213782933,18.0
-1,-142.3821030377423,12.394939435185186,76.0,89.18400000000004,53.19810303774225,23.0
-1,-95.80633409020489,12.796670046296288,54.0,68.35200000000003,27.45433409020485,16.0
-1,-134.65612129643424,16.322510759259256,75.0,84.76800000000004,49.8881212964342,19.0
-1,-112.93037739672044,11.292822662037022,57.0,71.13600000000004,41.79437739672041,20.0
-1,-121.95649902659191,19.598848629629583,84.0,85.15200000000004,36.80449902659187,18.0
-1,-155.6776884717945,16.377733310185164,79.0,100.51200000000006,55.16568847179445,22.0
-1,-174.07117814356442,15.991458189814807,106.0,118.08000000000004,55.99117814356438,20.0
-1,-141.6449806335278,13.399446189814796,79.0,95.13600000000004,46.50898063352777,23.0
-1,-131.40040284323572,16.09717616666665,58.0,74.88000000000004,56.52040284323568,22.0
-1,-207.357076222609,20.669159749999967,100.0,140.25600000000009,67.10107622260891,28.0
-1,-129.56430455338804,17.433725513888856,65.0,71.23200000000003,58.33230455338801,19.0
-1,-105.51326725824072,10.195546078703693,55.0,70.08000000000003,35.433267258240704,22.0
-1,-163.89669327961406,17.95704656481477,84.0,108.76800000000006,55.12869327961401,19.0
-1,-112.47011099452246,12.704174902777773,51.0,68.64000000000003,43.83011099452244,20.0
-1,-145.34151046068484,20.23321332870364,62.0,75.93600000000004,69.4055104606848,23.0
-1,-170.9580569235959,13.85348721296296,70.0,105.60000000000008,65.35805692359585,24.0
-1,-141.44018493750906,15.898855643518482,52.0,76.41600000000004,65.02418493750903,21.0
-1,-151.4130520211349,12.281594240740723,54.0,72.00000000000003,79.41305202113485,27.0
-1,-119.98299758274948,13.877302962962965,63.0,79.20000000000003,40.782997582749445,22.0
-1,-267.89520876204995,20.73796970833328,142.0,190.08000000000004,77.81520876204989,26.0
-1,-156.13458208111368,20.17257751388884,98.0,109.24800000000003,46.88658208111362,22.0
-1,-146.1587461211381,18.509687837962908,81.0,95.61600000000006,50.54274612113807,20.0
-1,-108.67903274525052,15.352346481481469,46.0,57.984000000000016,50.6950327452505,21.0
-1,-215.45365474109863,16.68458345370366,84.0,130.94400000000007,84.50965474109859,27.0
-1,-140.8241583131977,16.778002675925908,64.0,83.04000000000003,57.78415831319765,22.0
-1,-244.7591794740054,29.25466676388885,165.0,153.60000000000002,91.15917947400538,25.0
-1,-134.70237348058757,14.240317657407394,57.0,78.43200000000003,56.27037348058754,20.0
-1,-154.90514600852498,15.54975924074074,73.0,95.80800000000004,59.09714600852493,28.0
-1,-145.19107126194754,15.75091289351851,62.0,89.37600000000005,55.81507126194749,25.0
-1,-125.91720461188714,13.869707222222203,50.0,67.48800000000003,58.42920461188711,22.0
-1,-140.82813017933947,18.80659246296293,62.0,79.96800000000002,60.86013017933944,20.0
-1,-162.23962365177093,18.917026893518475,93.0,104.06400000000004,58.17562365177087,21.0
-1,-178.93246320810948,17.874735856481465,72.0,87.26400000000004,91.66846320810944,26.0
-1,-123.27207607812367,17.078621240740702,73.0,74.20800000000003,49.064076078123655,25.0
-1,-125.8958791909943,14.441081902777782,62.0,70.36800000000002,55.52787919099426,20.0
-1,-134.61522866403843,15.49089503703703,67.0,85.72800000000004,48.8872286640384,26.0
-1,-136.1147427234755,21.592983287036983,80.0,85.63200000000006,50.482742723475454,20.0
-1,-139.39088019656484,11.576584199074052,87.0,94.17600000000004,45.21488019656479,21.0
-1,-136.89870841595405,18.012910805555517,78.0,88.12800000000004,48.770708415954,22.0
-1,-175.89503947129884,14.507025810185182,76.0,106.94400000000007,68.95103947129877,23.0
-1,-124.50835313343576,21.68920541203699,74.0,78.52800000000002,45.98035313343572,20.0
-1,-169.20240198379128,17.445030629629592,83.0,105.12000000000003,64.08240198379124,22.0
-1,-118.38305924622436,11.823921745370347,50.0,59.13600000000002,59.24705924622433,23.0
-1,-118.13308404872171,14.29702274999998,74.0,80.92800000000004,37.20508404872167,23.0
-1,-131.40478066587218,13.97632480555554,64.0,82.56000000000004,48.84478066587213,24.0
-1,-115.97960403715469,12.889321185185176,53.0,69.12000000000002,46.85960403715467,21.0
-1,-133.86012017199897,11.966168842592587,76.0,82.17600000000002,51.68412017199896,24.0
-1,-125.17968644388456,11.800312314814803,80.0,96.96000000000004,28.219686443884505,17.0
-1,-149.56743221546083,15.521398236111091,65.0,91.77600000000004,57.79143221546079,22.0
-1,-143.81434257582623,16.865637328703663,56.0,83.04000000000005,60.774342575826175,19.0
-1,-137.1527251770678,17.793970513888862,66.0,82.17600000000004,54.97672517706776,19.0
-1,-152.6675695692869,15.235322814814795,62.0,90.72000000000004,61.947569569286856,23.0
-1,-137.57780223049485,22.59194491203701,80.0,73.92000000000002,63.65780223049485,22.0
-1,-92.60944801105678,10.216576773148155,49.0,57.31200000000002,35.297448011056765,20.0
-1,-191.49501652954228,16.963970342592575,67.0,106.94400000000006,84.55101652954221,25.0
-1,-154.07471989858223,16.871519958333305,66.0,93.88800000000003,60.18671989858219,23.0
-1,-87.98462334556945,11.87938562037038,41.0,42.81600000000001,45.16862334556944,19.0
-1,-157.3421842205899,18.037997124999947,64.0,84.86400000000003,72.47818422058985,24.0
-1,-141.7466921721597,13.34029216203702,54.0,78.24000000000004,63.50669217215966,27.0
-1,-155.2591560950317,13.337974773148115,57.0,81.40800000000004,73.85115609503167,24.0
-1,-264.1558013839986,15.568660601851825,116.0,206.40000000000012,57.75580138399847,22.0
-1,-220.05693489865973,31.68133442129625,91.0,88.992,131.06493489865974,26.0
-1,-151.29700233045645,17.07438304629628,90.0,111.74400000000006,39.55300233045639,20.0
-1,-190.0755277010112,13.425420583333327,65.0,105.21600000000004,84.85952770101115,26.0
-1,-218.399703672469,11.314853777777772,82.0,141.0240000000001,77.3757036724689,25.0
-1,-145.41070851389242,17.08381512037031,54.0,82.46400000000004,62.946708513892375,23.0
-1,-107.48216324377957,18.36160346296292,66.0,74.88000000000004,32.60216324377952,17.0
-1,-133.10258306942097,12.348698509259249,38.0,62.97600000000003,70.12658306942096,22.0
-1,-122.23930425362364,11.53111863888888,52.0,59.23200000000002,63.007304253623616,24.0
-1,-150.59069974628937,13.69694426388889,64.0,90.52800000000003,60.06269974628932,23.0
-1,-140.7467806806444,16.272810902777753,69.0,88.70400000000004,52.04278068064436,24.0
-1,-102.62338330385975,14.349847657407398,53.0,60.28800000000003,42.335383303859714,23.0
-1,-123.82590136845138,14.567620546296288,58.0,73.44000000000004,50.38590136845135,26.0
-1,-177.02498740210928,13.167702236111104,58.0,96.28800000000004,80.73698740210921,26.0
-1,-140.52422490468035,14.895909250000008,71.0,79.77600000000002,60.74822490468031,24.0
-1,-121.79218780230076,13.1755830787037,44.0,59.52000000000002,62.272187802300735,23.0
-1,-134.1566428204693,15.712785865740711,80.0,96.57600000000004,37.58064282046924,20.0
-1,-98.37336148055944,12.079067828703698,54.0,65.08800000000004,33.2853614805594,20.0
-1,-117.18483623157752,13.547971615740725,51.0,66.62400000000002,50.5608362315775,23.0
-1,-137.0393127932031,16.908997379629643,43.0,57.79200000000002,79.24731279320306,27.0
-1,-104.27085229193425,12.103747949074071,52.0,57.98400000000002,46.286852291934224,21.0
-1,-146.30179593965025,21.176441009259182,72.0,90.72000000000004,55.581795939650206,21.0
-1,-127.19013616895307,13.31281277777776,45.0,67.58400000000003,59.60613616895304,26.0
-1,-175.4296189615947,16.590431430555537,84.0,113.08800000000006,62.34161896159464,22.0
-1,-208.5165836259378,18.331086259259216,93.0,131.04000000000008,77.47658362593775,24.0
-1,-163.21135634016298,15.969310847222191,61.0,88.60800000000005,74.60335634016292,26.0
-1,-127.35652009557988,16.613557217592582,81.0,85.44000000000004,41.91652009557984,19.0
-1,-166.47434708987117,15.725780324074064,71.0,109.72800000000008,56.74634708987112,20.0
-1,-111.57616258138827,14.63448818055554,65.0,66.33600000000003,45.24016258138825,24.0
-1,-131.30280341691238,16.92753292129626,59.0,77.08800000000004,54.21480341691234,21.0
-1,-169.94868083440673,14.014703101851826,68.0,103.68000000000006,66.26868083440667,25.0
-1,-198.654876163084,28.83294883796295,92.0,87.07199999999999,111.582876163084,26.0
-1,-111.83682553790452,12.264764254629617,46.0,60.57600000000002,51.26082553790452,26.0
-1,-123.68509791055698,12.583803194444435,47.0,66.33600000000003,57.34909791055695,25.0
-1,-149.16961746462292,13.895402597222208,80.0,98.11200000000004,51.05761746462286,19.0
-1,-202.2924198389209,16.916553504629608,89.0,124.99200000000008,77.30041983892085,22.0
-1,-109.78568092058268,14.587024129629604,48.0,56.544000000000025,53.24168092058267,22.0
-1,-165.55057630736476,17.85513262962958,71.0,100.60800000000008,64.94257630736469,21.0
-1,-114.37172210388157,14.235041268518517,58.0,69.88800000000003,44.48372210388152,20.0
-1,-128.76329615929512,15.834842138888853,51.0,76.80000000000004,51.96329615929508,21.0
-1,-147.8125034807382,17.736418337962903,81.0,92.35200000000005,55.46050348073815,25.0
-1,-112.06782681835476,12.61565171759258,48.0,65.47200000000002,46.59582681835472,23.0
-1,-142.7292820516061,16.6183239259259,57.0,84.96000000000004,57.76928205160607,23.0
-1,-162.16744021476038,17.834446037037015,62.0,76.512,85.65544021476038,23.0
-1,-211.1942611864088,14.524917597222188,77.0,135.93600000000006,75.25826118640872,23.0
-1,-188.00567919909983,20.70241507407401,92.0,130.5600000000001,57.44567919909977,24.0
-1,-128.68217771096766,18.57247225925921,71.0,74.68800000000003,53.99417771096764,20.0
-1,-147.36091525432067,8.88028480555558,76.0,88.70400000000005,58.65691525432064,21.0
-1,-112.77879815449172,22.94308117592585,57.0,66.52800000000003,46.25079815449168,17.0
-1,-137.7079644747261,15.550634768518506,94.0,97.44000000000004,40.26796447472608,19.0
-1,-134.23775636778103,14.709061935185176,96.0,84.09600000000003,50.141756367781,21.0
-1,-119.2571563584724,15.504307708333323,49.0,65.18400000000003,54.07315635847239,19.0
-1,-137.87421531336673,16.42187106944443,50.0,74.30400000000003,63.57021531336671,19.0
-1,-121.8170328217213,12.92281231018518,52.0,61.63200000000002,60.18503282172128,25.0
-1,-114.1485867817542,14.191353615740727,53.0,72.38400000000003,41.76458678175418,21.0
-1,-152.82863397380453,15.310962912037024,66.0,90.24000000000004,62.58863397380448,28.0
-1,-132.85342745129054,15.197469828703673,66.0,82.27200000000005,50.581427451290494,24.0
-1,-118.3003154496883,12.568060027777754,57.0,65.56800000000001,52.73231544968828,25.0
-1,-89.38427723850128,10.12848903240741,37.0,50.112000000000016,39.27227723850128,19.0
-1,-114.54051481413327,16.844384986111095,52.0,66.72000000000001,47.82051481413328,21.0
-1,-89.9235804593321,14.73529741666665,54.0,53.28000000000002,36.64358045933207,18.0
-1,-145.92254196809586,19.465689958333293,62.0,80.25600000000003,65.66654196809581,20.0
-1,-140.74451172263477,12.764483050925932,49.0,73.24800000000003,67.49651172263474,25.0
-1,-141.39710147066197,18.11699415740738,68.0,85.05600000000004,56.34110147066193,19.0
-1,-92.27812942154584,14.041976018518504,41.0,50.97600000000002,41.3021294215458,23.0
-1,-191.28700667879792,32.6561948148148,108.0,109.44000000000004,81.84700667879787,18.0
-1,-176.19062715297594,17.592158203703626,71.0,119.04000000000008,57.150627152975865,25.0
-1,-122.38250898140528,14.554894564814798,64.0,67.58400000000003,54.79850898140525,25.0
-1,-99.75832637733166,12.516962435185182,50.0,61.82400000000002,37.93432637733163,19.0
-1,-96.84742441840112,14.123426587962962,48.0,57.02400000000003,39.82342441840108,20.0
-1,-110.0426679829626,9.75155693055555,42.0,61.248000000000026,48.79466798296259,21.0
-1,-119.78288049405506,16.063615546296298,49.0,65.37600000000002,54.406880494055045,19.0
-1,-102.6758236114914,11.030475541666648,35.0,48.67200000000001,54.00382361149138,26.0
-1,-132.8611988405218,16.29222047685182,56.0,80.44800000000002,52.413198840521794,20.0
-1,-87.16473337166218,9.527491865740734,39.0,44.25600000000001,42.908733371662166,23.0
-1,-96.87948284042368,15.128963481481478,54.0,57.31200000000003,39.56748284042367,20.0
-1,-199.74125334971723,18.157479999999985,81.0,139.0080000000001,60.73325334971717,24.0
-1,-121.9140832519339,14.07586107870371,51.0,70.36800000000004,51.54608325193387,25.0
-1,-110.22616120125248,12.75675353240738,38.0,45.88800000000001,64.33816120125246,24.0
-1,-107.89553155993978,11.92039213425926,53.0,59.32800000000002,48.567531559939766,22.0
-1,-105.69247526378815,10.43086924074074,43.0,56.16000000000002,49.53247526378816,22.0
-1,-112.11572846752154,13.209105958333309,51.0,59.04000000000003,53.0757284675215,21.0
-1,-105.76925116552329,12.117908027777776,48.0,51.64800000000002,54.12125116552327,23.0
-1,-137.05544646999664,12.881854768518522,51.0,67.29600000000002,69.75944646999663,24.0
-1,-152.33918423355834,13.620513430555564,48.0,71.71200000000003,80.62718423355831,24.0
-1,-115.60582689023995,14.483693685185187,55.0,67.39200000000002,48.21382689023995,22.0
-1,-148.7215462471965,15.47720449074072,54.0,86.30400000000004,62.41754624719646,21.0
-1,-110.5163040037164,17.532793814814795,56.0,60.67200000000003,49.84430400371636,22.0
-1,-108.19243595145284,10.925266583333324,46.0,54.91200000000003,53.280435951452816,25.0
-1,-123.17527134999736,17.003720976851806,67.0,79.39200000000004,43.78327134999731,20.0
-1,-128.53071571073974,14.072511916666636,57.0,75.45600000000005,53.07471571073971,21.0
-1,-165.45012004592826,15.308558120370376,62.0,96.57600000000004,68.8741200459282,20.0
-1,-114.54119204260948,17.573713560185144,47.0,61.24800000000003,53.29319204260944,22.0
-1,-109.7826648027367,16.014368939814805,67.0,67.68000000000002,42.10266480273668,19.0
-1,-120.8935595356686,12.075339180555536,40.0,58.46400000000003,62.42955953566858,25.0
-1,-104.82989128774328,10.723372643518523,31.0,42.624,62.20589128774328,21.0
-1,-149.02059814151298,12.777309055555548,56.0,91.58400000000005,57.43659814151293,22.0
-1,-132.7126357404086,14.27228610185184,79.0,85.72800000000004,46.98463574040854,21.0
-1,-107.1093244514452,11.021245537037052,37.0,50.59200000000002,56.51732445144518,20.0
-1,-138.97266498220964,17.570357148148123,97.0,106.94400000000006,32.028664982209584,16.0
-1,-126.7242426283519,15.605789037037011,54.0,67.29600000000003,59.42824262835187,18.0
-1,-128.49788607330714,15.593787314814792,62.0,77.66400000000004,50.83388607330709,23.0
-1,-132.55588294211844,12.732490342592577,59.0,80.25600000000004,52.29988294211839,22.0
-1,-111.82368061467466,13.52125050462962,57.0,59.13600000000002,52.68768061467463,23.0
-1,-138.5519000854362,14.1471047037037,53.0,75.36000000000004,63.19190008543614,20.0
-1,-217.06655243401804,12.751763347222198,83.0,136.8000000000001,80.26655243401794,26.0
-1,-133.44120275671764,13.677164611111111,53.0,74.97600000000003,58.46520275671762,24.0
-1,-136.85477215348538,12.569883694444435,67.0,81.31200000000004,55.54277215348535,22.0
-1,-120.40405704057208,15.208546430555527,57.0,72.76800000000003,47.63605704057204,20.0
-1,-119.21982024385386,16.21732204166664,56.0,72.28800000000003,46.93182024385384,20.0
-1,-121.00966551900136,16.80441436574071,60.0,70.27200000000003,50.7376655190013,20.0
-1,-90.96901413519028,10.15398373611112,30.0,44.44800000000001,46.521014135190285,23.0
-1,-92.07741627778483,12.747943990740746,41.0,43.68000000000002,48.397416277784814,20.0
-1,-170.60756499162906,19.8746266666666,87.0,105.31200000000004,65.295564991629,22.0
-1,-109.7209192105917,10.64538124074074,56.0,60.00000000000004,49.72091921059167,21.0
-1,-120.1553019452667,13.690777439814806,53.0,62.30400000000004,57.85130194526667,24.0
-1,-116.68030326204872,14.533377773148136,52.0,67.20000000000003,49.480303262048686,20.0
-1,-110.79764285607524,13.446374041666656,42.0,60.28800000000002,50.50964285607522,21.0
-1,-117.69431549627927,10.807762000000013,48.0,65.47200000000002,52.22231549627927,20.0
-1,-125.29123420212858,12.750331907407398,62.0,77.66400000000003,47.62723420212855,21.0
-1,-115.17199712011558,10.608930328703702,42.0,48.672000000000025,66.49999712011555,26.0
-1,-106.11210530573038,12.976569893518509,48.0,59.71200000000002,46.40010530573037,21.0
-1,-127.9063668139444,12.753033268518518,55.0,69.88800000000003,58.01836681394437,23.0
-1,-127.74100670160053,13.223004092592587,53.0,64.22400000000003,63.5170067016005,25.0
-1,-110.63657894340602,9.363391300925922,51.0,76.89600000000002,33.74057894340601,18.0
-1,-136.7744704822669,20.162386319444416,63.0,90.04800000000004,46.72647048226689,16.0
-1,-89.97299641697835,14.64176011111107,47.0,56.83200000000002,33.140996416978325,18.0
-1,-92.08151515538196,9.7439729814815,47.0,52.22400000000002,39.857515155381954,24.0
-1,-135.70128551863806,11.188991851851842,62.0,83.90400000000004,51.79728551863802,20.0
-1,-162.55984264080476,15.42653756944441,57.0,100.12800000000006,62.4318426408047,20.0
-1,-111.65376361484272,11.3660537361111,38.0,53.95200000000002,57.701763614842704,24.0
-1,-105.17107068526332,15.406347199074052,56.0,68.54400000000003,36.62707068526328,19.0
-1,-117.7061708328911,15.12455221759258,47.0,55.58400000000003,62.12217083289107,21.0
-1,-115.89537332446127,13.411460805555548,48.0,63.45600000000003,52.43937332446124,24.0
-1,-125.55360218310858,13.46545733796295,52.0,72.38400000000003,53.16960218310855,24.0
-1,-120.496348577197,14.00578893518517,49.0,65.76000000000003,54.73634857719697,26.0
-1,-123.28975468297682,13.448750921296284,53.0,63.84000000000002,59.4497546829768,25.0
-1,-180.2940996752984,14.456057296296304,68.0,114.81600000000006,65.47809967529832,29.0
-1,-102.77295915654052,9.3869697962963,37.0,54.240000000000016,48.53295915654049,19.0
-1,-111.32258766271087,16.323167879629604,48.0,64.22400000000002,47.09858766271085,17.0
-1,-118.18395308665204,15.764398310185168,43.0,55.68000000000003,62.50395308665203,24.0
-1,-120.76731911881056,16.093525935185163,51.0,61.34400000000002,59.423319118810525,24.0
-1,-122.36697902646064,14.254287731481474,49.0,68.64000000000003,53.72697902646062,21.0
-1,-107.48596885290937,8.29351349074074,30.0,40.41600000000001,67.06996885290934,27.0
-1,-149.03239684884846,15.219105333333315,47.0,68.73600000000002,80.29639684884846,26.0
-1,-94.44658683073196,11.099136634259269,44.0,49.34400000000001,45.10258683073194,23.0
-1,-92.93413783709894,14.953370745370345,53.0,65.37600000000002,27.55813783709893,14.0
-1,-96.90361610505386,13.872444009259269,41.0,47.52000000000001,49.38361610505385,20.0
-1,-130.40371549954122,17.68108966666661,65.0,76.41600000000004,53.98771549954119,26.0
-1,-118.82819952672992,13.2979904537037,41.0,56.928000000000026,61.90019952672991,24.0
-1,-139.90783639571683,12.499492185185174,49.0,81.31200000000004,58.59583639571679,23.0
-1,-101.8744266759866,11.384982643518526,43.0,52.704,49.17042667598661,22.0
-1,-95.79849418380869,9.973302430555574,34.0,53.66400000000002,42.13449418380867,20.0
-1,-98.78159149003272,14.473428986111118,41.0,51.45600000000002,47.32559149003271,20.0
-1,-113.98170499694557,15.34391486111111,46.0,61.056000000000026,52.925704996945534,20.0
-1,-92.26600398644229,10.86879307870369,35.0,43.96800000000001,48.29800398644227,24.0
-1,-122.60346960488236,12.836012606481466,47.0,66.52800000000002,56.07546960488233,20.0
-1,-171.86743764679306,12.464093925925914,63.0,106.08000000000006,65.787437646793,23.0
-1,-129.70104270423008,13.092587578703691,51.0,74.20800000000003,55.49304270423005,22.0
-1,-112.0516277727064,10.978580875000011,46.0,51.64800000000002,60.4036277727064,26.0
-1,-149.65620445584202,14.308057351851833,56.0,81.21600000000004,68.44020445584198,24.0
-1,-131.53618347316424,11.797911944444447,38.0,60.960000000000015,70.57618347316424,25.0
-1,-114.39951966837457,14.090331824074047,61.0,63.36000000000003,51.03951966837454,25.0
-1,-146.1911674098003,13.625469810185166,63.0,87.74400000000006,58.44716740980023,22.0
-1,-113.85934955590896,13.026097990740716,58.0,64.70400000000002,49.15534955590894,22.0
-1,-101.68689096840605,11.423237435185191,44.0,53.66400000000002,48.02289096840601,21.0
-1,-111.03532770656884,11.549817351851852,37.0,51.360000000000014,59.67532770656884,22.0
-1,-139.06154830855377,15.741442912037018,60.0,79.10400000000004,59.95754830855371,21.0
-1,-119.93313515905852,12.57957842129629,48.0,64.03200000000002,55.90113515905849,23.0
-1,-141.97477828471952,15.684787874999977,56.0,80.73600000000003,61.23877828471949,20.0
-1,-115.1677682507998,15.473606074074048,44.0,62.016000000000034,53.15176825079978,22.0
-1,-157.04047612941932,15.591180652777757,56.0,90.91200000000003,66.12847612941927,21.0
-1,-115.0359713922678,14.256856347222202,46.0,58.75200000000002,56.28397139226777,23.0
-1,-120.95243940289984,9.982124597222226,51.0,69.79200000000002,51.16043940289981,20.0
-1,-124.69004756539228,14.832832981481484,52.0,68.73600000000003,55.954047565392266,19.0
-1,-121.20461871884852,16.637179638888878,55.0,61.24800000000002,59.95661871884849,23.0
-1,-162.25334309123434,16.05663494444441,81.0,105.21600000000008,57.03734309123427,23.0
-1,-156.25858017247575,18.250992638888803,77.0,93.31200000000004,62.94658017247571,22.0
-1,-83.31013580973831,10.957842254629638,30.0,39.168000000000006,44.1421358097383,23.0
-1,-134.8765592518747,15.704765425925922,54.0,84.38400000000004,50.49255925187468,19.0
-1,-65.15078466942353,10.527482768518531,36.0,42.72000000000001,22.43078466942352,13.0
-1,-83.86284314215474,10.818133194444446,31.0,37.05600000000001,46.80684314215473,25.0
-1,-115.679416731205,18.444042986111057,61.0,74.49600000000004,41.18341673120498,20.0
-1,-166.90733538638412,14.668677143518495,61.0,100.60800000000006,66.29933538638406,23.0
-1,-116.64999037589146,17.890581800925872,52.0,63.45600000000002,53.19399037589143,22.0
-1,-138.87887308541403,12.846379291666658,65.0,81.79200000000003,57.086873085414,24.0
-1,-175.00186370307233,11.77084152777778,70.0,103.29600000000006,71.70586370307227,24.0
-1,-102.13020522440642,10.346962810185184,39.0,55.68000000000002,46.4502052244064,23.0
-1,-101.83018345345904,15.868614171296269,60.0,73.44000000000004,28.390183453458995,16.0
-1,-127.29620478842564,16.31581938425923,70.0,85.82400000000005,41.47220478842559,20.0
-1,-109.75253284821537,15.117385805555552,51.0,65.08800000000002,44.66453284821535,17.0
-1,-128.61766664118608,13.983303675925926,48.0,63.93600000000003,64.68166664118606,21.0
-1,-91.15996353543676,9.109965740740746,25.0,30.336,60.82396353543676,22.0
-1,-84.9990047772936,14.260121388888894,33.0,42.81600000000001,42.18300477729359,20.0
-1,-100.59583145281576,12.599967648148152,65.0,73.53600000000004,27.059831452815715,15.0
-1,-151.23009834087253,12.265127402777775,65.0,78.24000000000004,72.99009834087249,23.0
-1,-108.07880188290632,11.758208819444429,36.0,48.67200000000002,59.4068018829063,22.0
-1,-107.719712408771,11.407344162037033,43.0,46.368000000000016,61.351712408770965,25.0
-1,-182.1456204822095,18.244070106481427,74.0,114.62400000000008,67.52162048220944,25.0
-1,-136.4768165511653,15.875992300925914,68.0,80.35200000000006,56.12481655116525,20.0
-1,-132.8293200213793,11.231180564814816,49.0,67.68000000000004,65.14932002137925,26.0
-1,-134.17247952133752,13.845280328703687,49.0,81.50400000000003,52.66847952133749,20.0
-1,-124.81266534022922,12.892622180555556,52.0,68.92800000000003,55.8846653402292,24.0
-1,-93.79517568329256,15.058053587962933,38.0,54.72000000000001,39.07517568329256,20.0
-1,-115.7063175503121,10.5665407037037,48.0,59.904000000000025,55.80231755031208,21.0
-1,-137.05546322118175,16.302545421296266,57.0,73.15200000000004,63.903463221181696,21.0
-1,-94.36822896077456,14.607774375000016,42.0,51.552000000000014,42.81622896077455,17.0
-1,-136.25621873619798,16.00871162962958,53.0,76.12800000000003,60.12821873619795,21.0
-1,-101.84438174097691,16.022810657407387,44.0,56.25600000000002,45.588381740976914,16.0
-1,-106.43979759028387,16.851266513888863,50.0,56.25600000000004,50.18379759028384,19.0
-1,-123.17419363511362,15.697111648148129,53.0,70.46400000000003,52.71019363511359,23.0
-1,-84.75787579880884,10.821888782407411,34.0,43.77600000000001,40.98187579880884,23.0
-1,-132.52982953178588,14.610548152777756,40.0,59.904000000000025,72.62582953178585,23.0
-1,-96.49677505687416,18.936708634259265,41.0,47.99999999999999,48.49677505687416,16.0
-1,-129.884994271741,15.797899814814777,67.0,75.26400000000004,54.62099427174095,23.0
-1,-112.05934484266578,15.098541148148133,54.0,65.76000000000002,46.29934484266576,23.0
-1,-199.05891461081512,13.804451287037017,75.0,125.76000000000008,73.29891461081506,24.0
-1,-111.12282084267164,15.314901925925904,46.0,58.75200000000002,52.370820842671606,21.0
-1,-95.14117457391994,13.18988081481483,40.0,40.03200000000001,55.10917457391993,24.0
-1,-144.58316397638714,12.113604023148127,59.0,85.44000000000004,59.14316397638712,25.0
-1,-110.28468275652152,10.562076736111116,36.0,47.42400000000001,62.860682756521534,21.0
-1,-138.44662531237373,15.785403828703688,66.0,81.02400000000003,57.42262531237368,23.0
-1,-120.80098142485966,14.827559157407398,52.0,71.04000000000003,49.76098142485963,19.0
-1,-109.19211522287956,13.605338453703697,40.0,56.54400000000002,52.648115222879525,21.0
-1,-125.43222137149462,15.864727736111082,48.0,73.24800000000003,52.18422137149458,21.0
-1,-127.51336734316642,19.034199226851804,63.0,83.90400000000004,43.60936734316638,21.0
-1,-83.0914781073102,10.879322435185191,46.0,50.20800000000002,32.883478107310175,20.0
-1,-113.22882072907444,11.394707486111113,42.0,59.61600000000003,53.61282072907441,24.0
-1,-133.57470540429927,11.074826874999989,45.0,70.75200000000004,62.82270540429924,25.0
-1,-119.19142848476064,16.081884287037024,48.0,60.96000000000002,58.23142848476061,20.0
-1,-110.78903252033058,13.303611833333337,49.0,62.88000000000003,47.90903252033055,23.0
-1,-97.6634070548392,15.505731768518483,53.0,53.664,43.9994070548392,20.0
-1,-121.36449201234528,11.715179097222222,45.0,61.82400000000003,59.54049201234525,22.0
-1,-100.19155415972536,13.303062574074074,41.0,48.96,51.23155415972536,21.0
-1,-112.41052595237068,14.18741079166665,53.0,63.26400000000002,49.146525952370666,22.0
-1,-130.32450866779484,18.25152892592588,60.0,74.97600000000003,55.34850866779482,20.0
-1,-160.4875638010362,16.577768319444424,59.0,86.59200000000006,73.89556380103615,29.0
-1,-117.95806500514875,15.223369046296304,50.0,67.39200000000004,50.56606500514874,18.0
-1,-115.59980739893273,17.849085416666647,70.0,86.20800000000004,29.391807398932663,17.0
-1,-91.98626846275845,15.090753634259237,40.0,50.40000000000002,41.5862684627584,19.0
-1,-131.09766050152786,15.878868356481432,65.0,88.41600000000005,42.68166050152781,20.0
-1,-102.41696905907295,15.407754828703691,40.0,53.66400000000002,48.75296905907295,21.0
-1,-142.99842033578506,9.8704155462963,54.0,76.41600000000004,66.58242033578502,25.0
-1,-109.05008334186256,11.415803569444437,40.0,62.40000000000002,46.65008334186256,24.0
-1,-117.00605315168386,15.133312175925926,49.0,61.44000000000002,55.56605315168384,23.0
-1,-113.0178516010755,13.288332236111104,41.0,58.65600000000003,54.36185160107547,20.0
-1,-113.9331809117561,12.72463237962964,55.0,63.45600000000003,50.47718091175607,23.0
-1,-93.82353829361568,9.70685094907409,36.0,47.52000000000002,46.30353829361568,23.0
-1,-110.69814428083016,17.65848599999995,54.0,68.44800000000004,42.25014428083013,21.0
-1,-102.26583147691792,10.114708847222229,39.0,55.48800000000003,46.777831476917896,23.0
-1,-120.19926351765588,13.835544212962954,50.0,69.69600000000003,50.50326351765584,20.0
-1,-105.32363085851289,12.084220259259276,41.0,60.38400000000003,44.93963085851286,26.0
-1,-123.73776164425703,14.73701837499999,50.0,68.25600000000003,55.48176164425702,24.0
-1,-97.01925599178152,13.051297402777744,44.0,55.10400000000003,41.91525599178151,19.0
-1,-112.24811876639916,11.492804138888872,45.0,67.58400000000003,44.664118766399135,22.0
-1,-111.0682080400814,12.859134268518517,40.0,54.048000000000016,57.020208040081386,23.0
-1,-98.15720525782235,13.594360375,38.0,51.55200000000002,46.60520525782235,21.0
-1,-109.27907384123743,9.571863740740744,36.0,47.424000000000014,61.85507384123743,27.0
-1,-117.05531406835058,13.87141817129628,53.0,70.84800000000003,46.20731406835055,21.0
-1,-139.26009687762493,15.553751351851824,51.0,78.91200000000005,60.34809687762488,26.0
-1,-130.24115719341336,10.78643796296296,51.0,68.35200000000003,61.889157193413325,23.0
-1,-99.90368868888224,14.959719930555536,43.0,55.29600000000003,44.60768868888219,21.0
-1,-139.5730747574246,17.208214305555494,45.0,64.99200000000002,74.58107475742459,24.0
-1,-140.30807274644815,18.06714660185177,66.0,91.20000000000006,49.10807274644808,24.0
-1,-120.1058142082671,17.65414014351848,78.0,76.99200000000002,43.11381420826708,21.0
-1,-129.49809276403963,16.325385787037,61.0,78.33600000000003,51.16209276403964,24.0
-1,-160.38713417999793,14.31427830555553,63.0,93.21600000000004,67.1711341799979,26.0
-1,-149.64508870830804,12.850699893518518,55.0,81.31200000000004,68.33308870830801,23.0
-1,-114.47043044102712,14.534689453703676,49.0,67.87200000000003,46.5984304410271,19.0
-1,-103.23361777223352,11.383437708333338,33.0,48.384000000000015,54.84961777223352,21.0
-1,-139.6382517619084,16.413961037037023,82.0,86.68800000000005,52.950251761908376,25.0
-1,-130.64733599919467,14.67121315740739,45.0,72.28800000000003,58.35933599919464,24.0
-1,-103.94421120996655,10.656010671296292,40.0,60.19200000000002,43.75221120996653,20.0
-1,-128.29517769533606,14.50264463425926,51.0,73.15200000000003,55.14317769533605,21.0
-1,-124.6798399510724,13.70800668518518,48.0,65.37600000000003,59.30383995107238,22.0
-1,-99.74856583001193,10.82383983796296,38.0,52.320000000000014,47.42856583001192,24.0
-1,-97.6794836395574,11.677200597222235,41.0,50.112000000000016,47.56748363955738,22.0
-1,-128.12440580873852,9.644832087962971,40.0,60.672000000000025,67.45240580873848,23.0
-1,-110.65653838330472,14.91742697222223,51.0,58.36800000000003,52.28853838330469,22.0
-1,-94.16695212127348,11.388205912037028,35.0,50.01600000000001,44.15095212127348,23.0
-1,-118.83745186843656,17.496135111111105,63.0,74.30400000000004,44.53345186843652,17.0
-1,-124.199398243154,10.677252060185182,43.0,62.30400000000002,61.89539824315399,26.0
-1,-90.22524576864411,12.174862074074088,49.0,53.856000000000016,36.3692457686441,20.0
-1,-107.07185048753716,14.143624833333307,39.0,61.440000000000026,45.63185048753713,21.0
-1,-132.55623216880394,15.81752987499998,54.0,75.16800000000003,57.38823216880391,21.0
-1,-162.2588310004077,15.649257907407405,62.0,101.18400000000004,61.07483100040765,22.0
-1,-123.45572588301968,12.404599337962964,51.0,63.45600000000003,59.99972588301964,26.0
-1,-90.59378230517518,14.725105282407394,39.0,49.152000000000015,41.44178230517516,20.0
-1,-97.14993705745194,13.146957458333304,38.0,47.32800000000001,49.821937057451926,19.0
-1,-108.23675317128315,10.746052935185178,40.0,49.05600000000002,59.180753171283136,23.0
-1,-121.75700450656656,12.592198703703712,57.0,66.04800000000003,55.70900450656653,21.0
-1,-111.30687077108207,12.435243435185184,42.0,56.736000000000026,54.57087077108205,22.0
-1,-134.35517454471056,15.720990273148107,48.0,76.51200000000004,57.84317454471053,21.0
-1,-112.7008071389414,14.863224662037014,50.0,55.488000000000014,57.212807138941386,23.0
-1,-103.0701581137473,15.19555363425926,45.0,55.20000000000002,47.87015811374727,20.0
-1,-137.3863082682521,13.59439849537037,63.0,70.56000000000004,66.82630826825203,27.0
-1,-134.2042254373341,12.817401749999998,47.0,71.23200000000003,62.97222543733407,24.0
-1,-98.16237510570534,15.733347944444434,40.0,51.74400000000002,46.41837510570531,15.0
-1,-136.32863703304582,11.341897375000032,55.0,64.80000000000003,71.52863703304578,25.0
-1,-164.55843597118155,18.94525970833324,76.0,98.78400000000006,65.77443597118149,22.0
-1,-93.60157332551078,13.843789634259265,36.0,43.29600000000001,50.30557332551078,21.0
-1,-122.89920410689209,14.181931120370354,49.0,71.61600000000004,51.28320410689204,24.0
-1,-94.34017929154425,11.9607359537037,34.0,42.62400000000001,51.71617929154424,22.0
-1,-100.02069502924212,13.24043841666666,37.0,54.81600000000002,45.204695029242096,20.0
-1,-88.63417015589852,12.610287935185166,37.0,50.78400000000002,37.85017015589849,21.0
-1,-111.67144698188616,17.14132326851851,53.0,64.32000000000002,47.35144698188613,18.0
-1,-84.91564042435047,12.07309601388889,34.0,42.91200000000001,42.00364042435046,24.0
-1,-82.17754324132213,15.226408023148132,50.0,54.62400000000002,27.553543241322103,17.0
-1,-114.79511716434388,10.7869341388889,47.0,58.27200000000003,56.52311716434386,26.0
-1,-120.95393591379084,14.563696439814809,50.0,70.94400000000003,50.00993591379081,19.0
-1,-93.8104043169154,16.50703282407404,41.0,51.552000000000014,42.25840431691539,19.0
-1,-110.37912066716116,13.54819518055554,42.0,57.21600000000002,53.16312066716112,22.0
-1,-115.63088179090664,13.403618509259246,43.0,60.76800000000002,54.86288179090661,19.0
-1,-122.58463024914109,10.73644318055555,48.0,77.08800000000004,45.49663024914105,25.0
-1,-90.1673309335038,10.001412787037026,38.0,57.21600000000002,32.95133093350376,17.0
-1,-144.18002219115414,13.861442314814804,57.0,84.86400000000005,59.3160221911541,24.0
-1,-122.7151539289154,15.272198796296262,74.0,77.95200000000006,44.76315392891536,26.0
-1,-106.74976279701484,11.608953347222217,44.0,58.84800000000003,47.901762797014825,22.0
-1,-109.66348764056704,13.793762300925906,44.0,66.62400000000004,43.039487640567,21.0
-1,-95.17445847138283,10.841166555555558,28.0,42.43200000000001,52.74245847138285,22.0
-1,-114.52683115459448,12.248269388888884,48.0,66.33600000000003,48.19083115459444,26.0
-1,-139.09544614600233,14.087944273148132,59.0,77.18400000000003,61.91144614600231,23.0
-1,-101.8665233192354,16.755961013888864,44.0,50.59200000000002,51.274523319235385,21.0
-1,-79.40349681623084,10.636070708333344,31.0,39.936000000000014,39.46749681623083,21.0
-1,-90.00750933264948,15.31943051851853,41.0,52.60800000000002,37.39950933264946,19.0
-1,-129.84791833982305,12.734554356481471,54.0,72.76800000000003,57.07991833982303,22.0
-1,-111.34720111323398,11.86861352777778,36.0,48.576000000000015,62.77120111323397,22.0
-1,-132.66829678560464,15.350349796296271,51.0,78.72000000000003,53.94829678560461,22.0
-1,-112.62433109550808,15.939395180555517,49.0,58.36800000000002,54.256331095508045,23.0
-1,-124.1525318505616,18.14860934259257,63.0,66.24000000000002,57.91253185056157,28.0
-1,-148.06226427360417,17.59417293981478,69.0,97.24800000000003,50.81426427360413,25.0
-1,-127.6024849187216,14.553339620370345,49.0,69.21600000000002,58.38648491872158,26.0
-1,-103.33674974019334,13.178477958333332,43.0,54.91200000000003,48.42474974019332,20.0
-1,-140.23373582649427,14.993831481481466,59.0,77.28000000000004,62.953735826494224,23.0
-1,-107.9155387764126,14.858111532407415,51.0,59.04000000000003,48.87553877641258,22.0
-1,-101.73572412994284,14.963617134259266,45.0,50.304000000000016,51.43172412994284,21.0
-1,-107.42044467809164,14.32476698148148,44.0,53.28000000000002,54.140444678091605,20.0
-1,-104.28416725710171,13.310040402777778,39.0,48.28800000000002,55.996167257101696,22.0
-1,-159.5105575947117,14.086852615740714,55.0,90.24000000000004,69.27055759471168,22.0
-1,-124.35788514342003,10.930674837962956,43.0,65.95200000000003,58.40588514342002,21.0
-1,-129.60220428701368,16.015146101851837,59.0,75.84000000000005,53.76220428701364,21.0
-1,-102.38067242792286,10.909279578703726,39.0,44.73600000000001,57.64467242792285,24.0
-1,-123.70905227047272,12.621778305555544,47.0,69.12000000000003,54.589052270472685,22.0
-1,-94.04623753605358,10.49097804166668,33.0,39.07200000000001,54.974237536053565,25.0
-1,-145.66717682195366,16.757793611111097,66.0,99.84000000000006,45.82717682195361,18.0
-1,-106.065318790004,14.58249116203705,38.0,50.01600000000002,56.04931879000397,24.0
-1,-105.76824796693997,14.521789643518536,49.0,54.81600000000002,50.95224796693993,23.0
-1,-121.1475416956734,20.84027758333333,56.0,69.31200000000003,51.835541695673385,21.0
-1,-132.95054259753613,13.989731185185171,48.0,70.65600000000002,62.2945425975361,23.0
-1,-92.31163304298022,12.217187990740731,38.0,51.74400000000002,40.56763304298019,22.0
-1,-80.19075360601482,11.502708824074082,29.0,39.07200000000001,41.11875360601481,20.0
-1,-136.45102242128277,16.02156374999996,58.0,80.64000000000003,55.81102242128275,20.0
-1,-88.865469959617,14.255560837962946,36.0,45.984000000000016,42.88146995961699,22.0
-1,-109.47414647037024,13.566119157407387,46.0,55.39200000000002,54.08214647037021,23.0
-1,-126.62778467493152,10.319792629629628,41.0,64.60800000000002,62.01978467493152,26.0
-1,-100.81598467872054,13.075771481481466,46.0,51.55200000000002,49.26398467872052,26.0
-1,-107.48568359942158,14.923103680555537,41.0,52.32000000000002,55.16568359942155,24.0
-1,-92.41939508198408,13.19220801388889,44.0,47.42400000000001,44.99539508198407,22.0
-1,-136.26345647743534,18.469538009259217,60.0,73.24800000000005,63.015456477435286,22.0
-1,-87.15806269966487,11.22893571759258,34.0,44.064000000000014,43.09406269966486,22.0
-1,-100.06766510719844,12.900543972222184,37.0,55.96800000000001,44.09966510719843,23.0
-1,-107.36601140364095,14.97598886574072,36.0,53.76000000000002,53.60601140364093,23.0
-1,-96.0803990070269,17.370623467592527,42.0,56.92800000000002,39.15239900702687,19.0
-1,-126.9557390275326,18.536709995370348,60.0,74.30400000000004,52.65173902753254,19.0
-1,-98.8485493078287,12.057587856481486,32.0,47.32800000000001,51.52054930782869,22.0
-1,-101.89107796003964,13.928561708333316,39.0,51.552000000000014,50.33907796003962,23.0
-1,-91.01111595421558,15.42103710185184,37.0,49.53600000000002,41.47511595421556,21.0
-1,-81.23506185685791,10.005070888888891,29.0,40.80000000000001,40.4350618568579,25.0
-1,-129.86697145857875,11.182068013888882,47.0,63.45600000000003,66.4109714585787,25.0
-1,-173.17323266382982,14.84802187962961,70.0,108.76800000000009,64.40523266382975,22.0
-1,-107.61070657835243,9.659324986111116,43.0,57.60000000000003,50.010706578352426,23.0
-1,-98.04419037863238,13.79604040277776,51.0,60.38400000000001,37.660190378632365,20.0
-1,-102.20973596781366,14.63598927314814,42.0,48.48000000000001,53.72973596781364,24.0
-1,-118.26713067566595,9.77960628240741,40.0,56.73600000000002,61.53113067566595,24.0
-1,-123.78207623773612,12.451895513888868,46.0,70.17600000000003,53.6060762377361,24.0
-1,-109.22884308013894,14.41808940740739,44.0,55.77600000000003,53.452843080138905,23.0
-1,-101.797723238394,8.18561541203704,43.0,64.41600000000003,37.38172323839397,19.0
-1,-86.52696248105156,11.583901625000005,36.0,46.36800000000001,40.15896248105154,20.0
-1,-145.39704827856764,11.552944902777782,51.0,79.77600000000004,65.62104827856761,25.0
-1,-98.5688429408458,12.648334652777782,37.0,46.368000000000016,52.20084294084579,23.0
-1,-130.96092500650735,12.636693379629628,47.0,63.84000000000003,67.12092500650732,26.0
-1,-102.72905628706268,14.222600314814809,56.0,55.008,47.72105628706268,22.0
-1,-145.31133743082185,12.34101971296295,51.0,85.15200000000003,60.15933743082183,26.0
-1,-121.37390606354074,15.309798449074052,50.0,69.69600000000004,51.677906063540696,20.0
-1,-104.01460986743648,12.937654726851852,46.0,51.93600000000002,52.07860986743647,22.0
-1,-113.86612480498326,15.455422504629617,49.0,61.82400000000003,52.04212480498323,22.0
-1,-85.44340322073126,11.693531953703705,30.0,38.304,47.13940322073125,23.0
-1,-107.43087770955864,12.324246097222238,39.0,50.68800000000002,56.74287770955861,23.0
-1,-104.52248557823395,10.881528189814828,40.0,52.51200000000002,52.010485578233926,24.0
-1,-139.3629133627377,13.59981661111108,58.0,80.44800000000004,58.91491336273765,24.0
-1,-108.73006534556556,12.654704708333336,37.0,50.112000000000016,58.618065345565526,24.0
-1,-113.84218986897922,14.22837146296293,47.0,72.28800000000004,41.55418986897918,19.0
-1,-106.05886999942835,12.04780951851853,41.0,56.544000000000025,49.51486999942835,21.0
-1,-115.7344277169041,13.254759574074058,45.0,63.26400000000003,52.47042771690407,22.0
-1,-130.45958778927246,9.437567805555569,45.0,65.76000000000002,64.69958778927246,25.0
-1,-101.82597666892656,15.007017356481493,51.0,60.09600000000001,41.72997666892656,20.0
-1,-129.90469084911837,11.243440379629623,50.0,66.43200000000003,63.47269084911835,25.0
-1,-142.63041556761405,15.709610458333318,63.0,92.64000000000006,49.990415567614,22.0
-1,-102.3209898097208,9.327994282407424,43.0,53.76000000000002,48.560989809720766,26.0
-1,-115.50134175050604,16.046641046296266,53.0,74.49600000000004,41.00534175050601,17.0
-1,-98.85240644636254,10.878763412037046,34.0,46.368000000000016,52.48440644636252,24.0
-1,-111.6658933335892,13.153265027777785,47.0,59.13600000000002,52.529893333589165,25.0
-1,-94.60114019256211,13.79401934722222,50.0,51.26400000000002,43.3371401925621,23.0
-1,-142.1937279579808,13.269937180555536,59.0,81.69600000000004,60.49772795798077,25.0
-1,-98.06081742293722,12.029208240740738,35.0,49.632000000000005,48.428817422937215,22.0
-1,-114.49463227139508,11.521081129629634,35.0,48.09600000000001,66.39863227139507,27.0
-1,-109.79695442982842,14.32228822685183,37.0,58.36800000000002,51.42895442982839,20.0
-1,-90.12717691461832,14.175348370370356,49.0,51.839999999999975,38.28717691461836,17.0
-1,-87.41364882923062,10.574284212962962,38.0,43.39200000000001,44.02164882923061,21.0
-1,-105.50758254807396,15.387598861111094,42.0,53.95200000000003,51.55558254807393,21.0
-1,-116.87459872679992,12.326281208333318,54.0,67.58400000000002,49.29059872679992,24.0
-1,-161.56770246502975,16.85045206481482,67.0,91.68000000000004,69.88770246502969,28.0
-1,-107.39289508805952,13.756588546296287,52.0,70.36800000000001,37.02489508805951,20.0
-1,-178.8715120783889,17.342612435185103,75.0,120.09600000000007,58.77551207838881,24.0
-1,-89.90215164251723,13.42303815740742,40.0,49.44000000000001,40.46215164251722,22.0
-1,-111.56495599373768,17.245375226851824,54.0,68.35200000000003,43.21295599373763,22.0
-1,-118.0470408168716,12.171619476851838,46.0,60.384000000000015,57.66304081687159,25.0
-1,-170.7248852113371,14.087978712962933,58.0,101.37600000000003,69.34888521133703,24.0
-1,-120.27099918135978,11.3875587175926,42.0,65.76000000000003,54.51099918135975,23.0
-1,-129.12823969757665,15.231835481481452,54.0,73.92000000000004,55.2082396975766,23.0
-1,-84.88077861251551,12.189323800925925,30.0,42.81600000000001,42.06477861251551,20.0
-1,-110.54344217954971,16.008873578703696,46.0,65.85600000000004,44.68744217954969,18.0
-1,-155.30746131401224,15.71396566666664,58.0,101.66400000000006,53.64346131401217,20.0
-1,-137.9969397118309,13.052608351851855,46.0,71.04000000000003,66.95693971183086,24.0
-1,-117.16560301054898,9.845417708333342,40.0,58.17600000000002,58.98960301054896,26.0
-1,-136.1948399428306,14.654477393518505,58.0,71.71200000000003,64.48283994283058,25.0
-1,-106.00119850920088,12.176276777777788,35.0,47.808000000000014,58.19319850920088,23.0
-1,-102.2281084767007,14.248038305555538,40.0,58.36800000000002,43.86010847670068,20.0
-1,-117.34545019709928,15.370853115740717,48.0,59.80800000000003,57.53745019709923,27.0
-1,-108.9798737225704,13.066143009259246,43.0,51.16800000000003,57.81187372257038,24.0
-1,-81.34214277925443,12.010330597222232,29.0,39.26400000000001,42.07814277925442,19.0
-1,-127.97090719654614,14.435887930555523,50.0,75.45600000000005,52.51490719654608,19.0
-1,-119.2147618270088,12.728728666666656,41.0,53.28000000000002,65.93476182700878,25.0
-1,-120.5248075634646,8.312730731481487,38.0,56.92800000000002,63.59680756346457,22.0
-1,-157.0131070953703,17.867145379629576,66.0,100.60800000000006,56.40510709537024,21.0
-1,-99.43113498140409,8.215712731481487,26.0,42.432,56.99913498140408,24.0
-1,-125.9319060157006,10.86495925,49.0,73.24800000000003,52.68390601570056,23.0
-1,-101.05617341855472,12.816539944444443,49.0,53.08800000000002,47.96817341855471,20.0
-1,-91.78957633311606,15.463778828703688,36.0,48.28800000000002,43.50157633311604,20.0
-1,-102.0978417637168,16.808081912037004,47.0,59.04000000000003,43.05784176371676,20.0
-1,-118.13228120320196,10.634754430555551,38.0,55.68000000000002,62.45228120320193,25.0
-1,-108.39593928526884,13.375634444444447,44.0,57.312000000000026,51.083939285268826,22.0
-1,-98.67612932274064,12.58173546296296,30.0,45.31200000000001,53.364129322740624,22.0
-1,-91.75211321495698,11.65097677314813,33.0,44.73600000000001,47.016113214956974,20.0
-1,-104.13683827657457,16.714995379629602,47.0,60.67200000000002,43.46483827657454,21.0
-1,-88.2539458654314,11.50402335185186,33.0,44.64000000000001,43.61394586543141,22.0
-1,-87.0775487712895,11.689983990740748,32.0,42.24000000000001,44.83754877128949,21.0
-1,-107.21539769765442,14.07129092129628,46.0,57.408000000000015,49.80739769765441,20.0
-1,-99.40580336974712,11.8453292638889,35.0,40.70400000000001,58.70180336974712,25.0
-1,-135.65656708123177,13.337449550925909,50.0,73.63200000000003,62.02456708123173,24.0
-1,-102.34755458429736,13.86918826388887,35.0,46.65600000000001,55.69155458429734,24.0
-1,-95.57495026000616,12.139918601851836,37.0,48.768000000000015,46.806950260006126,22.0
-1,-173.93035994859167,14.722788101851853,76.0,99.64800000000008,74.28235994859159,26.0
-1,-102.3985757929393,12.598695962962964,43.0,58.84800000000002,43.55057579293928,20.0
-1,-148.0232938403632,18.46190881944437,62.0,103.39200000000004,44.63129384036316,20.0
-1,-115.06681831716556,12.940759050925903,36.0,57.408000000000015,57.658818317165554,22.0
-1,-109.36259263145335,12.314310333333326,49.0,61.536,47.82659263145338,21.0
-1,-88.66801947167025,11.417149078703725,36.0,39.936000000000014,48.73201947167023,23.0
-1,-99.34381804947662,13.865367819444447,41.0,49.82400000000002,49.519818049476605,24.0
-1,-103.62865136004098,13.57878021759258,41.0,46.84800000000001,56.78065136004096,27.0
-1,-89.83386020465315,10.96360429166666,37.0,46.368,43.46586020465314,22.0
-1,-102.62390133543248,10.72497545833334,33.0,51.744000000000014,50.879901335432486,21.0
-1,-81.28269852384585,14.20265122685185,39.0,50.49600000000002,30.786698523845825,17.0
-1,-166.44572646292403,14.167288226851882,65.0,99.07200000000006,67.37372646292397,28.0
-1,-130.2513909598563,13.587935462962944,48.0,74.20800000000004,56.04339095985627,20.0
-1,-116.7135484146301,9.634152259259263,41.0,58.84800000000002,57.86554841463008,28.0
-1,-79.7384082627213,10.436580708333354,31.0,36.48,43.2584082627213,24.0
-1,-155.46204056148542,13.110961629629614,51.0,90.33600000000004,65.12604056148538,22.0
-1,-88.55293023884826,14.6609969074074,42.0,46.65600000000001,41.89693023884824,22.0
-1,-124.19007424203612,13.159106537037005,57.0,76.89600000000004,47.29407424203609,20.0
-1,-96.66704755125606,14.45673570833331,42.0,52.60800000000001,44.05904755125605,21.0
-1,-116.21749489776742,12.285190263888882,49.0,63.74400000000004,52.47349489776739,20.0
-1,-86.58776536086069,14.428174300925916,41.0,49.056,37.531765360860696,19.0
-1,-114.78479939070748,11.252457435185184,42.0,61.34400000000002,53.44079939070748,22.0
-1,-143.2464178610923,13.790354319444424,53.0,77.37600000000005,65.87041786109226,25.0
-1,-104.2553597237412,10.7692192777778,37.0,48.09600000000001,56.1593597237412,27.0
-1,-135.54424682849233,13.250983680555532,52.0,75.26400000000004,60.280246828492295,23.0
-1,-110.0529289475154,13.897206754629613,44.0,59.04000000000003,51.01292894751538,24.0
-1,-145.29322080090196,15.431062648148147,62.0,82.36800000000005,62.9252208009019,27.0
-1,-93.54722401800016,11.909766333333344,40.0,41.18400000000002,52.36322401800014,25.0
-1,-139.63458468664842,12.582177749999987,54.0,83.52000000000005,56.11458468664837,26.0
-1,-120.63702113152009,12.172545569444436,40.0,57.21600000000002,63.42102113152004,25.0
-1,-80.29260128694187,13.774052995370363,32.0,47.52000000000001,32.77260128694186,17.0
-1,-121.67688989483987,11.63489991203703,43.0,60.67200000000002,61.00488989483986,23.0
-1,-105.21990861014412,14.581107328703707,51.0,60.86400000000003,44.3559086101441,22.0
-1,-115.31496826765238,16.70912251851849,64.0,67.68000000000004,47.63496826765233,21.0
-1,-101.93740694441532,16.301135041666637,51.0,65.18400000000001,36.75340694441532,17.0
-1,-110.01727127226772,14.109099037037032,40.0,58.46400000000002,51.55327127226771,21.0
-1,-138.90738286354795,13.317467486111104,51.0,80.54400000000004,58.36338286354791,21.0
-1,-98.78369687741667,10.902281796296316,36.0,47.232000000000006,51.55169687741667,23.0
-1,-155.76903753788656,17.763905060185184,67.0,97.63200000000006,58.13703753788649,26.0
-1,-118.98996224703266,19.23364123148144,55.0,75.16800000000003,43.82196224703263,20.0
-1,-130.75928030083446,15.2229441759259,51.0,79.20000000000003,51.55928030083444,21.0
-1,-94.90793138660126,11.082650319444438,33.0,52.032000000000025,42.87593138660123,20.0
-1,-126.5769652006569,14.78488449074072,49.0,79.39200000000004,47.184965200656855,20.0
-1,-109.21438177188551,13.488511018518505,43.0,57.792000000000016,51.42238177188551,22.0
-1,-99.72490127688744,16.44962175,47.0,58.65600000000003,41.06890127688742,19.0
-1,-102.00372818229958,10.686721092592578,46.0,62.01600000000002,39.98772818229956,22.0
-1,-98.42993795947726,12.96758975000001,45.0,60.288000000000025,38.14193795947724,20.0
-1,-92.31975043947357,9.82819963425928,33.0,41.376000000000005,50.94375043947356,24.0
-1,-101.95991673600535,14.501572412037026,47.0,53.856000000000016,48.10391673600535,23.0
-1,-99.04800756245608,12.261303129629631,35.0,48.19200000000001,50.85600756245608,24.0
-1,-140.75383257446742,15.009478337962936,54.0,84.57600000000004,56.17783257446738,22.0
-1,-118.470687354761,9.755307976851864,42.0,55.00800000000002,63.46268735476099,26.0
-1,-90.26397405322412,11.544676111111134,34.0,42.81600000000001,47.44797405322413,23.0
-1,-120.84986469056427,15.804840643518489,45.0,61.72800000000003,59.121864690564266,27.0
-1,-112.27580396148358,12.835501361111104,47.0,62.208000000000034,50.06780396148354,22.0
-1,-105.9845786874916,11.80287667592593,40.0,57.21600000000002,48.76857868749158,23.0
-1,-103.12732566366006,14.371682865740745,45.0,62.59200000000003,40.535325663660025,23.0
-1,-151.0067555249154,19.18151225462958,62.0,79.10400000000003,71.90275552491538,29.0
-1,-122.21240569608536,20.22920603240737,69.0,84.76800000000003,37.444405696085326,18.0
-1,-124.1300724228504,15.093457439814795,56.0,73.53600000000006,50.59407242285032,25.0
-1,-87.92486776914247,10.841458148148163,38.0,49.05600000000002,38.86886776914245,20.0
-1,-90.8917123010276,13.482592203703684,37.0,45.69600000000002,45.19571230102758,24.0
-1,-104.72857366199344,16.35035515740741,39.0,53.18400000000002,51.54457366199343,21.0
-1,-110.79072650596352,15.443325064814784,50.0,62.49600000000003,48.29472650596351,22.0
-1,-100.2464930091016,19.81967810648144,53.0,68.06400000000001,32.182493009101606,17.0
-1,-125.12734635335882,19.160617629629577,69.0,80.92800000000004,44.19934635335878,18.0
-1,-99.68483587871135,16.383791087962965,41.0,52.416000000000025,47.26883587871134,21.0
-1,-79.03179097464019,14.277105004629632,36.0,41.28000000000001,37.75179097464018,19.0
-1,-110.6307568459275,15.199363231481462,50.0,62.40000000000003,48.230756845927466,21.0
-1,-102.8348125909504,11.870321319444452,47.0,53.56800000000002,49.26681259095039,24.0
-1,-99.97393850215109,15.55448072222222,42.0,56.06400000000003,43.90993850215104,18.0
-1,-120.6830578984827,12.41404659722222,37.0,57.31200000000002,63.37105789848269,25.0
-1,-107.87982506267888,14.298370115740708,36.0,60.00000000000003,47.87982506267885,23.0
-1,-95.52940777566178,12.854357412037029,32.0,44.640000000000015,50.889407775661766,22.0
-1,-104.90002968817303,15.103415874999984,40.0,55.29600000000002,49.60402968817302,22.0
-1,-98.54570949184966,14.027244023148128,36.0,53.56800000000002,44.97770949184964,22.0
-1,-131.88155107119132,15.262814287037026,55.0,69.12000000000003,62.761551071191306,23.0
-1,-101.69289567646103,15.537067532407407,48.0,55.10400000000001,46.58889567646101,23.0
-1,-129.4678593965976,14.04062635648146,43.0,67.29600000000002,62.17185939659757,24.0
-1,-96.57759019165113,14.089243731481472,45.0,57.12000000000002,39.45759019165111,21.0
-1,-104.73594930606414,11.343897763888878,34.0,49.152000000000015,55.58394930606413,22.0
-1,-111.7481671861642,14.171824935185176,37.0,54.14400000000002,57.60416718616419,23.0
-1,-98.772718370087,13.572001837962963,41.0,51.648000000000025,47.12471837008698,23.0
-1,-92.23151405841828,17.220871800925885,55.0,55.68,36.55151405841826,19.0
-1,-101.73240808619796,11.90483505555553,44.0,60.09600000000002,41.636408086197946,22.0
-1,-94.12362099571337,17.331472810185193,41.0,51.74400000000002,42.37962099571333,17.0
-1,-111.98820139546328,11.823625416666667,52.0,58.65600000000003,53.33220139546325,23.0
-1,-94.6398689176744,14.03257558796298,44.0,47.71200000000001,46.92786891767437,24.0
-1,-126.96955261328245,17.174658106481466,73.0,94.17600000000004,32.79355261328239,21.0
-1,-174.59632694682355,18.010891499999936,83.0,114.81600000000006,59.78032694682349,24.0
-1,-99.815569240039,13.766134601851874,46.0,54.912000000000006,44.903569240039005,20.0
-1,-99.48096406465662,15.201613814814802,45.0,55.39200000000002,44.088964064656594,22.0
-1,-131.37153821998345,16.05128863888887,48.0,71.52000000000002,59.85153821998342,21.0
-1,-93.60042650926768,15.814406513888889,41.0,50.88000000000002,42.72042650926765,17.0
-1,-163.55493822395272,14.63639374999998,72.0,108.19200000000006,55.362938223952646,23.0
-1,-95.75593862754098,10.81876046296298,31.0,41.760000000000005,53.99593862754099,24.0
-1,-86.06415712080786,9.899370888888898,27.0,36.096,49.96815712080786,25.0
-1,-124.531877301938,13.988619435185155,48.0,67.96800000000003,56.56387730193797,24.0
-1,-122.7349381890622,16.946832712962923,60.0,76.22400000000003,46.510938189062166,21.0
-1,-158.39779057842694,13.962294787037068,70.0,105.50400000000006,52.89379057842688,29.0
-1,-101.68995246968568,16.140601976851826,57.0,63.45600000000002,38.23395246968566,18.0
-1,-107.69945328199049,16.243557921296286,51.0,64.32000000000002,43.37945328199047,19.0
-1,-94.71645368279398,14.551226847222193,48.0,58.08000000000003,36.63645368279396,23.0
-1,-110.38010361619496,19.35750144444437,52.0,69.31200000000004,41.06810361619492,19.0
-1,-83.76904073672725,11.974406560185187,38.0,40.32,43.44904073672725,23.0
-1,-106.7037401925608,13.87552421759258,36.0,58.56000000000002,48.14374019256076,20.0
-1,-106.70405308062634,11.11301040277778,44.0,61.63200000000003,45.072053080626304,21.0
-1,-124.16185629109324,19.771048953703666,67.0,71.13600000000004,53.02585629109321,25.0
-1,-116.21851648584106,13.407587722222232,37.0,52.03200000000002,64.18651648584105,23.0
-1,-91.51067589145272,16.233173208333312,45.0,58.27200000000003,33.23867589145271,18.0
-1,-92.0286979030663,15.031709675925908,52.0,53.95200000000003,38.07669790306628,20.0
-1,-86.4367941178013,13.08036455555558,31.0,37.34400000000001,49.09279411780129,22.0
-1,-110.25512246626796,14.072283782407414,51.0,58.84800000000002,51.40712246626792,26.0
-1,-90.81009170320227,12.36016313888889,33.0,45.12000000000001,45.69009170320227,20.0
-1,-151.24927347664692,18.437279939814776,63.0,79.10400000000004,72.14527347664686,27.0
-1,-91.97734431431272,10.655795375000006,38.0,50.97600000000001,41.0013443143127,23.0
-1,-133.3454455360855,14.167669518518482,47.0,71.52000000000002,61.825445536085454,23.0
-1,-89.6502548393838,15.131515495370346,39.0,48.86400000000002,40.78625483938379,21.0
-1,-134.43388242204722,14.130544083333325,68.0,96.57600000000004,37.857882422047176,20.0
-1,-112.5157234952091,13.892004574074049,44.0,59.61600000000003,52.89972349520908,25.0
-1,-105.78058458418307,12.546408185185186,53.0,65.37600000000003,40.40458458418306,22.0
-1,-104.29889006867242,16.729878986111085,54.0,59.04000000000003,45.2588900686724,23.0
-1,-117.79062540254142,15.62085423611109,53.0,71.04000000000003,46.75062540254139,23.0
-1,-71.84265661803282,11.540499837962974,31.0,33.696000000000005,38.146656618032814,19.0
-1,-85.21740482945556,13.7337979861111,43.0,52.22400000000002,32.99340482945554,20.0
-1,-67.58107891840511,9.493273467592614,33.0,41.856,25.72507891840512,17.0
-1,-108.5526989911654,14.055377087962968,50.0,60.096000000000025,48.456698991165375,21.0
-1,-109.29772439457196,11.772640499999993,35.0,52.99200000000001,56.30572439457195,25.0
-1,-108.34608884190848,17.676916972222216,51.0,62.40000000000003,45.94608884190845,18.0
-1,-94.57730717249588,15.142040921296296,42.0,54.52800000000002,40.04930717249587,19.0
-1,-106.88314407214224,18.435006287037023,68.0,70.46400000000003,36.41914407214221,21.0
-1,-87.85700874133727,18.24467885648149,55.0,63.55200000000003,24.30500874133724,15.0
-1,-75.90056390311611,14.567464717592587,42.0,50.304,25.596563903116103,16.0
-1,-99.91716163893702,14.170192087962972,40.0,55.77600000000002,44.141161638937,22.0
-1,-125.27224411243992,18.04822029166661,53.0,73.24800000000003,52.02424411243989,23.0
-1,-99.76101773633584,12.282149402777762,40.0,51.360000000000014,48.401017736335824,26.0
-1,-95.53120237322888,12.52436505092594,35.0,41.47200000000001,54.05920237322885,23.0
-1,-110.20268934280637,12.18729006018518,39.0,57.79200000000002,52.41068934280635,18.0
-1,-109.66418054558508,12.91980002777778,46.0,60.00000000000002,49.66418054558506,24.0
-1,-107.16024891223698,11.952971643518524,33.0,52.80000000000002,54.36024891223696,21.0
-1,-86.61922793315547,11.692475842592572,39.0,47.90400000000001,38.71522793315546,24.0
-1,-115.86964947221064,15.763205236111094,48.0,68.35200000000003,47.51764947221063,19.0
-1,-98.0821007617966,12.513644004629615,33.0,48.384000000000015,49.69810076179658,20.0
-1,-97.83218741064054,12.459588902777757,45.0,59.61600000000002,38.21618741064052,21.0
-1,-124.8190380288316,18.83694278240733,56.0,82.36800000000004,42.451038028831576,21.0
-1,-98.07986696721431,12.52819481481482,37.0,45.12000000000001,52.95986696721431,23.0
-1,-153.96183726024674,19.68360383796292,77.0,98.49600000000004,55.4658372602467,28.0
-1,-110.32966719863954,18.028814587962927,47.0,61.24800000000003,49.08166719863951,19.0
-1,-88.78908593182614,12.913859282407412,33.0,40.224,48.56508593182613,23.0
-1,-114.6440149276353,13.06557416203704,48.0,62.20800000000002,52.43601492763528,25.0
-1,-109.84173100679772,16.693021657407414,44.0,65.08800000000002,44.75373100679769,18.0
-1,-110.85862343629996,15.003721370370364,42.0,61.92000000000002,48.93862343629993,21.0
-1,-103.96077992991216,12.787390249999987,47.0,60.096,43.86477992991215,24.0
-1,-113.43669817751802,16.015195328703676,51.0,60.19200000000003,53.244698177518,25.0
-1,-167.7810467074447,16.236233962962967,68.0,98.68800000000006,69.09304670744463,29.0
-1,-86.55081247283695,13.14057175925924,49.0,53.18400000000002,33.36681247283694,21.0
-1,-93.55547748246175,11.41553052314815,34.0,45.312000000000005,48.24347748246174,23.0
-1,-119.05084971504222,13.089787606481458,44.0,61.82400000000003,57.22684971504219,26.0
-1,-142.6614153412491,18.91466305555548,62.0,82.75200000000004,59.90941534124904,23.0
-1,-88.9342872088923,9.91296424537039,32.0,44.25600000000001,44.678287208892286,24.0
-1,-124.95202587938758,13.155041564814816,42.0,66.24000000000002,58.712025879387554,20.0
-1,-142.12382691129335,17.431479138888868,64.0,76.12800000000004,65.9958269112933,25.0
-1,-108.61587128030828,12.19931651388888,48.0,65.66400000000002,42.95187128030827,23.0
-1,-123.51150592067464,15.56819874999996,44.0,68.35200000000002,55.15950592067463,23.0
-1,-128.97189876673897,15.249679032407371,50.0,71.61600000000003,57.35589876673892,25.0
-1,-96.2836782503334,12.941995166666652,38.0,50.496000000000016,45.78767825033337,21.0
-1,-99.1913332875786,15.569003393518509,43.0,54.33600000000002,44.855333287578574,21.0
-1,-86.93681989396666,12.729804527777787,33.0,45.12000000000001,41.816819893966645,19.0
-1,-81.38711957352798,16.01412843981481,34.0,45.88800000000001,35.49911957352797,17.0
-1,-111.932814161348,13.410497324074084,44.0,56.448000000000015,55.48481416134799,29.0
-1,-113.43206340209824,18.137776236111087,51.0,71.80800000000002,41.62406340209821,18.0
-1,-135.53450618944197,19.93803523148144,64.0,77.47200000000004,58.06250618944192,29.0
-1,-98.0180923805699,12.233346217592578,30.0,46.17600000000001,51.84209238056989,25.0
-1,-126.80301049676372,12.599692740740734,51.0,66.52800000000002,60.275010496763706,23.0
-1,-91.23339776864886,12.237632773148135,48.0,52.12799999999999,39.10539776864887,22.0
-1,-128.50628371007318,10.186304912037055,52.0,57.98400000000003,70.52228371007314,27.0
-1,-90.60744565703364,11.28949756018516,44.0,53.18400000000002,37.42344565703362,22.0
-1,-120.40582762048044,14.223837499999986,49.0,70.08000000000003,50.325827620480425,22.0
-1,-119.42923883964278,14.24194945833331,39.0,60.864000000000026,58.565238839642745,22.0
-1,-89.14285398307979,11.743262101851862,35.0,48.192000000000014,40.95085398307977,21.0
-1,-111.16267065023008,13.573126324074067,42.0,58.56000000000002,52.602670650230046,24.0
-1,-107.0955401740335,15.352945087962956,58.0,73.92000000000003,33.17554017403347,16.0
-1,-118.43885267640198,13.433689407407394,49.0,66.33600000000003,52.10285267640196,20.0
-1,-86.57887069860514,12.2553566898148,34.0,42.624,43.95487069860514,25.0
-1,-136.35831853978704,12.43650069907406,52.0,76.70400000000004,59.65431853978699,28.0
-1,-90.43656925321844,12.371420601851842,47.0,54.91200000000002,35.52456925321842,20.0
-1,-112.95963811637468,13.97104124537035,53.0,63.55200000000003,49.407638116374656,23.0
-1,-104.63653983499096,14.311135532407375,41.0,56.44800000000002,48.18853983499094,20.0
-1,-114.61779941319708,14.323796865740734,40.0,54.72000000000002,59.89779941319707,19.0
-1,-102.51032860781092,16.05637520833331,49.0,61.248000000000026,41.2623286078109,22.0
-1,-94.48986900440738,13.021346300925906,37.0,51.84000000000002,42.64986900440736,23.0
-1,-106.3761629668411,14.602775324074042,45.0,55.10400000000001,51.27216296684109,24.0
-1,-89.24791145569051,10.537713643518536,45.0,49.92,39.32791145569051,18.0
-1,-87.72187208752251,10.570543740740735,36.0,40.31999999999998,47.40187208752254,24.0
-1,-113.94034661648936,15.0140972777778,56.0,64.60800000000002,49.33234661648933,23.0
-1,-113.5678775450294,14.337757333333316,53.0,69.50400000000003,44.06387754502936,22.0
-1,-101.61460550998945,13.900493675925912,39.0,57.40800000000003,44.2066055099894,22.0
-1,-90.97571340422768,14.247115481481467,55.0,57.6,33.37571340422769,20.0
-1,-113.30814886847978,13.95824825925925,48.0,62.016000000000034,51.29214886847974,22.0
-1,-139.066395541495,12.683418962962966,53.0,69.312,69.754395541495,26.0
-1,-86.99636264008788,14.689586652777775,38.0,48.768000000000015,38.228362640087866,18.0
-1,-97.24320444048138,14.065142527777764,51.0,66.52800000000002,30.71520444048136,18.0
-1,-114.90143065766372,14.38514180092591,40.0,55.00800000000002,59.89343065766369,23.0
-1,-107.61390228541558,12.147398347222213,42.0,62.01600000000002,45.597902285415564,22.0
-1,-99.4213311509384,12.968425523148142,36.0,56.73600000000001,42.68533115093841,22.0
-1,-89.50198899676967,8.928157500000015,38.0,50.49600000000002,39.005988996769645,23.0
-1,-85.68022493821218,11.663559527777783,31.0,37.34400000000001,48.33622493821217,22.0
-1,-150.4861398976779,12.668119935185173,62.0,91.00800000000004,59.478139897677856,25.0
-1,-124.55327828929244,15.2759587685185,56.0,69.21600000000002,55.33727828929242,24.0
-1,-98.28186636423088,14.113714092592591,43.0,55.00800000000002,43.27386636423086,20.0
-1,-141.82837150731922,10.810633226851866,45.0,71.04000000000003,70.78837150731917,27.0
-1,-87.03325920030909,7.737072597222212,28.0,35.71199999999999,51.32125920030911,25.0
-1,-107.78989767696336,15.940670699074072,50.0,57.21600000000003,50.57389767696333,21.0
-1,-100.81153198804267,16.567085717592587,49.0,63.26400000000002,37.54753198804264,19.0
-1,-103.18613037948673,15.045043699074045,45.0,68.64000000000003,34.54613037948669,17.0
-1,-105.09831812268617,26.4367743287036,85.0,85.53600000000004,19.56231812268612,11.0
-1,-89.00892488019386,12.505344699074085,34.0,38.208000000000006,50.80092488019386,22.0
-1,-138.84940071655933,15.462628504629611,54.0,76.03200000000004,62.81740071655929,22.0
-1,-107.42747653259912,13.779263458333318,43.0,57.600000000000016,49.8274765325991,23.0
-1,-106.5677227000121,13.316710541666668,39.0,56.640000000000015,49.92772270001208,19.0
-1,-92.85095743684155,13.479105912037012,40.0,51.36000000000002,41.49095743684153,21.0
-1,-110.18312611708096,14.166462722222215,49.0,59.61600000000003,50.56712611708094,23.0
-1,-116.32034495784522,12.497214740740745,47.0,63.93600000000002,52.3843449578452,26.0
-1,-94.74507368241588,16.794328171296257,44.0,58.84800000000004,35.897073682415865,19.0
-1,-90.50839144766294,12.072564393518508,40.0,57.216000000000015,33.292391447662936,17.0
-1,-117.22925012647131,17.930495402777723,55.0,72.00000000000004,45.22925012647128,22.0
-1,-90.46692928945076,11.615924462962957,38.0,50.304,40.16292928945078,23.0
-1,-95.53013526526796,14.73481336574072,49.0,58.176000000000016,37.35413526526796,21.0
-1,-113.60615774288873,16.56937280555554,49.0,63.64800000000003,49.95815774288867,20.0
-1,-113.46495176743228,12.684156157407411,44.0,56.832000000000015,56.63295176743226,26.0
-1,-55.13071520843515,9.279730439814813,27.0,31.104000000000003,24.026715208435142,17.0
-1,-94.63188985550175,17.26244565740739,44.0,54.43200000000001,40.19988985550175,19.0
-1,-118.15118121113068,15.036848999999975,49.0,70.08000000000003,48.07118121113065,24.0
-1,-99.82309852546274,12.741094384259256,45.0,52.22400000000002,47.59909852546273,24.0
-1,-96.44963118034758,10.329210879629626,30.0,40.80000000000001,55.64963118034756,22.0
-1,-97.34730372005497,17.433508912036988,51.0,66.81600000000003,30.531303720054915,19.0
-1,-110.17581014142098,19.188099870370326,63.0,77.85600000000004,32.31981014142095,18.0
-1,-101.03416675506048,14.163370037037028,42.0,57.98400000000003,43.05016675506045,25.0
-1,-101.75110548017348,10.5744105925926,32.0,45.696000000000005,56.055105480173474,25.0
-1,-97.99423730674404,17.49122121759258,48.0,56.44800000000002,41.54623730674404,19.0
-1,-145.17829569144732,19.64240528703697,64.0,91.68000000000004,53.49829569144725,27.0
-1,-103.32648797513818,14.531137884259229,44.0,62.49600000000003,40.83048797513814,20.0
-1,-99.59584447462174,15.352922282407402,49.0,65.76000000000003,33.83584447462171,19.0
-1,-77.36161355003242,10.380911152777784,30.0,38.592000000000006,38.76961355003241,22.0
-1,-126.88418854774464,16.736347092592574,61.0,70.75200000000004,56.1321885477446,25.0
-1,-84.09082437163354,12.214842773148124,34.0,45.79200000000001,38.29882437163353,21.0
-1,-98.86536820475268,11.740980092592606,39.0,48.67200000000001,50.19336820475267,22.0
-1,-89.16217713897097,16.179535314814828,40.0,47.232000000000006,41.930177138970976,21.0
-1,-84.03799981531535,12.929271384259255,37.0,47.13600000000001,36.90199981531534,20.0
-1,-91.68738585787337,13.726136675925916,39.0,46.368,45.31938585787334,23.0
-1,-131.56893828417515,10.696298819444438,43.0,64.32000000000002,67.24893828417513,24.0
-1,-101.38347273519707,12.946439925925937,36.0,50.112,51.271472735197065,24.0
-1,-97.50831620669145,17.532730148148126,52.0,58.94400000000002,38.5643162066914,19.0
-1,-84.87298391992996,11.317862402777775,32.0,43.77600000000001,41.09698391992995,23.0
-1,-99.1596140131359,14.61456239351851,45.0,54.62400000000002,44.53561401313587,21.0
-1,-122.05026249872844,15.708021805555555,61.0,75.64800000000002,46.40226249872842,22.0
-1,-111.85491935539916,14.139124342592565,39.0,59.23200000000003,52.622919355399134,21.0
-1,-111.8165556040728,13.514709495370356,47.0,64.03200000000002,47.78455560407276,21.0
-1,-106.27153753553029,16.00339171759258,47.0,56.35200000000001,49.919537535530274,23.0
-1,-100.1250779525489,12.552103435185172,33.0,50.11200000000001,50.01307795254889,24.0
-1,-96.579062434078,10.55151217129631,37.0,48.384000000000015,48.195062434077975,26.0
-1,-79.70822251724361,17.166658925925915,45.0,45.12,34.588222517243615,16.0
-1,-98.82422152579524,12.969832949074071,48.0,59.904000000000025,38.92022152579521,21.0
-1,-103.04041146307448,12.519042597222208,36.0,49.920000000000016,53.12041146307448,22.0
-1,-121.1536126661257,14.89465107407407,58.0,66.81600000000003,54.33761266612567,22.0
-1,-86.57890726440814,14.278311569444442,46.0,55.104000000000006,31.47490726440813,18.0
-1,-110.1804519087746,11.066668254629624,41.0,60.67200000000002,49.508451908774575,21.0
-1,-108.51814715683255,19.82076563888881,59.0,65.56800000000003,42.95014715683252,20.0
-1,-127.79699312586348,20.454895365740647,63.0,81.98400000000005,45.81299312586341,24.0
-1,-92.99549128233278,14.65656569907406,50.0,58.08000000000002,34.91549128233276,18.0
-1,-130.85730182789496,11.989676995370358,38.0,58.36800000000002,72.48930182789495,26.0
-1,-101.917459693934,16.448318749999963,49.0,63.36000000000003,38.55745969393399,23.0
-1,-102.9434286202562,12.065705810185174,36.0,54.62400000000002,48.3194286202562,26.0
-1,-113.99772293244284,17.42172837037032,43.0,61.440000000000026,52.557722932442815,21.0
-1,-94.80604092747622,12.290096097222222,34.0,44.25600000000001,50.55004092747621,19.0
-1,-100.09926265697264,16.15555429166666,42.0,57.120000000000026,42.97926265697261,20.0
-1,-97.95040674508144,18.437222921296247,64.0,70.17600000000003,27.774406745081404,17.0
-1,-101.464048017052,14.80023912962962,43.0,55.58400000000002,45.880048017051976,24.0
-1,-107.50271968522615,19.195719231481448,66.0,71.04000000000003,36.46271968522612,18.0
-1,-112.32824774988666,18.12013599999999,55.0,68.64000000000003,43.68824774988662,20.0
-1,-99.14833585820168,13.915651060185166,44.0,55.10400000000001,44.044335858201656,23.0
-1,-115.59789548026885,13.573361148148145,50.0,61.920000000000016,53.67789548026884,26.0
-1,-124.76050088967492,17.49510969907402,66.0,83.71200000000005,41.04850088967488,23.0
-1,-107.20379580401286,14.579844430555564,48.0,60.09600000000001,47.107795804012845,23.0
-1,-98.38617785466091,16.18333491666664,43.0,60.76800000000004,37.618177854660885,21.0
-1,-99.8475797080636,12.957152481481486,36.0,47.808000000000014,52.039579708063584,23.0
-1,-97.84781585581084,13.762749921296296,45.0,56.256000000000014,41.59181585581084,21.0
-1,-105.6699505233055,14.303304569444457,44.0,58.56000000000002,47.10995052330548,24.0
-1,-142.22181257984346,15.803816837962955,62.0,87.07200000000002,55.14981257984343,28.0
-1,-102.058389859957,12.899864828703684,46.0,59.04000000000002,43.01838985995697,24.0
-1,-95.98799137871984,10.515647013888913,33.0,42.336,53.651991378719856,24.0
-1,-83.94540230023546,9.422646041666662,32.0,39.84,44.105402300235454,25.0
-1,-106.50567492179286,13.870063694444434,48.0,65.08800000000001,41.417674921792845,19.0
-1,-89.74915979424141,13.813909620370366,42.0,48.0,41.74915979424141,22.0
-1,-94.39253714620928,13.440575648148144,34.0,44.35200000000001,50.04053714620928,23.0
-1,-91.83922058590277,11.057876643518524,34.0,46.75200000000001,45.08722058590274,24.0
-1,-102.46865239610698,15.216256624999998,46.0,56.640000000000015,45.82865239610696,21.0
-1,-106.399363683041,13.548264435185168,40.0,49.24800000000002,57.15136368304098,22.0
-1,-127.40168961985027,18.171834666666648,63.0,81.31200000000005,46.08968961985024,24.0
-1,-96.03159707799225,18.462551856481426,45.0,59.904000000000025,36.12759707799222,19.0
-1,-79.2370726909825,13.003822310185198,37.0,45.60000000000001,33.6370726909825,19.0
-1,-101.78658444875808,15.09786483333334,46.0,58.75200000000002,43.03458444875805,20.0
-1,-88.42480905880478,14.411438874999996,57.0,62.01600000000003,26.40880905880475,14.0
-1,-106.14611515588452,19.177463115740668,48.0,59.80800000000002,46.33811515588452,20.0
-1,-105.26628786948672,12.586385097222218,41.0,59.424000000000014,45.8422878694867,21.0
-1,-96.13112267924004,11.307017851851848,31.0,43.96800000000001,52.16312267924003,23.0
-1,-90.00941180366276,11.24470101388888,43.0,53.47200000000001,36.53741180366275,20.0
-1,-100.09931963555884,15.108780731481463,46.0,53.76000000000001,46.33931963555881,24.0
-1,-113.41350936909,13.61769668518516,46.0,54.04800000000002,59.36550936908999,27.0
-1,-121.82394034805164,14.041928662037032,49.0,67.58400000000003,54.23994034805161,22.0
-1,-105.2571745375854,14.39745066203703,51.0,63.55200000000004,41.70517453758535,22.0
-1,-120.40829586607086,13.913798902777772,41.0,54.72000000000002,65.68829586607083,29.0
-1,-117.21868066035952,19.718239462962888,61.0,76.03200000000001,41.18668066035952,17.0
-1,-108.9280948077041,12.19088162037037,46.0,59.13600000000002,49.79209480770408,22.0
-1,-107.82537817309762,11.413183282407395,39.0,57.024000000000015,50.80137817309761,24.0
-1,-108.83347532727716,14.034338046296284,45.0,55.58400000000002,53.24947532727714,24.0
-1,-94.36335681634426,14.74743186111109,46.0,58.17600000000004,36.18735681634424,17.0
-1,-86.44686971348827,13.936495935185173,41.0,48.19200000000001,38.25486971348827,19.0
-1,-96.09721491604525,11.13268587037038,33.0,38.976000000000006,57.12121491604523,25.0
-1,-128.0501772961719,12.286267134259251,41.0,67.29600000000003,60.75417729617189,23.0
-1,-99.32299221036754,18.74908528703696,49.0,66.14400000000003,33.17899221036752,17.0
-1,-104.03203326728772,14.196870856481466,51.0,66.91200000000002,37.120033267287695,20.0
-1,-126.16328106645656,16.109178453703674,50.0,70.84800000000003,55.31528106645654,23.0
-1,-115.30517283663283,11.945895333333338,50.0,62.59200000000003,52.713172836632815,28.0
-1,-97.61069167521516,13.156451754629622,37.0,52.12800000000002,45.48269167521512,24.0
-1,-82.9104257755051,11.755474509259248,37.0,42.624,40.2864257755051,21.0
-1,-86.70760262350547,16.61101744444442,46.0,53.37600000000002,33.33160262350544,18.0
-1,-87.81944148554669,12.814297504629629,33.0,43.680000000000014,44.13944148554668,21.0
-1,-103.67897496843672,13.226582851851846,41.0,54.72000000000001,48.95897496843673,22.0
-1,-100.01505586686544,13.68920047222222,52.0,58.46400000000002,41.55105586686542,21.0
-1,-93.07635503084263,16.31960187037035,37.0,57.60000000000002,35.47635503084263,20.0
-1,-98.45733949277827,16.85441472222221,40.0,54.72000000000002,43.737339492778254,16.0
-1,-155.2746337218581,17.721745708333323,63.0,93.50400000000003,61.77063372185806,29.0
-1,-90.00513109978667,9.37257738425927,31.0,44.064,45.94113109978666,24.0
-1,-112.40145381801514,14.890419958333329,47.0,61.632000000000026,50.76945381801512,22.0
-1,-84.31304743862333,15.711273111111115,42.0,46.46400000000002,37.8490474386233,19.0
-1,-83.87783331545599,16.962549249999967,47.0,52.80000000000002,31.077833315455965,19.0
-1,-137.28669892781303,12.957969486111116,58.0,76.32000000000004,60.966698927813006,24.0
-1,-83.01987671543228,14.213742046296309,38.0,47.13600000000001,35.88387671543227,18.0
-1,-106.47249574088396,11.312250986111108,39.0,55.68000000000002,50.792495740883936,25.0
-1,-100.15685090592396,22.10903073611104,51.0,65.18400000000003,34.97285090592393,16.0
-1,-100.71079091418429,14.162631486111083,44.0,62.88000000000003,37.83079091418424,20.0
-1,-85.76031463031019,11.22477116666668,29.0,36.96,48.80031463031019,23.0
-1,-106.2443339989128,16.331216541666645,51.0,63.36000000000003,42.88433399891278,19.0
-1,-79.27534442617184,12.892762476851864,30.0,40.032,39.24334442617185,22.0
-1,-121.75321610907412,18.680765527777737,62.0,78.04800000000004,43.70521610907407,19.0
-1,-77.91884238565711,11.081329009259267,37.0,42.144,35.77484238565711,23.0
-1,-110.59609462994624,19.59947539351844,59.0,70.08000000000004,40.5160946299462,22.0
-1,-89.48980789763475,15.394846796296276,44.0,55.58400000000002,33.90580789763473,17.0
-1,-95.02131685324278,14.811046819444444,43.0,55.00800000000002,40.01331685324276,19.0
-1,-86.60629351023405,12.22170507407407,34.0,43.00800000000002,43.59829351023404,25.0
-1,-87.07814381589894,14.021233032407409,31.0,39.936000000000014,47.142143815898926,21.0
-1,-90.568497067155,11.757049953703689,43.0,55.296000000000014,35.27249706715497,20.0
-1,-119.331213174413,15.522005754629644,49.0,66.04800000000003,53.28321317441297,19.0
-1,-92.04680431384402,12.100846787037042,32.0,45.024000000000015,47.022804313844006,22.0
-1,-93.65838966784098,12.526775949074088,36.0,49.44000000000001,44.21838966784097,21.0
-1,-84.98093069499525,18.152499046296263,44.0,55.29600000000002,29.68493069499523,17.0
-1,-91.87643621274734,11.515235226851866,40.0,48.67200000000001,43.20443621274733,22.0
-1,-81.74257772192684,13.44668010648147,29.0,38.784000000000006,42.95857772192683,20.0
-1,-105.85985194774358,10.851670569444456,38.0,45.88800000000002,59.97185194774355,26.0
-1,-104.992183037098,12.053641527777772,42.0,53.76000000000002,51.23218303709798,27.0
-1,-93.61475458633087,12.71921183333333,38.0,50.208000000000006,43.40675458633088,22.0
-1,-117.32181366110606,17.608620439814764,54.0,77.28000000000004,40.041813661106026,20.0
-1,-102.84221996080645,12.750467351851835,38.0,53.85600000000002,48.986219960806416,20.0
-1,-90.1451960261692,16.754903986111085,50.0,59.04000000000003,31.10519602616918,16.0
-1,-105.79049915779922,12.934550912037007,41.0,58.46400000000001,47.326499157799205,26.0
-1,-85.17356348650517,11.336927634259265,34.0,43.58400000000002,41.58956348650516,23.0
-1,-115.5769752200836,16.877817939814776,56.0,71.61600000000004,43.96097522008357,23.0
-1,-117.56524675097629,14.001607425925902,47.0,64.512,53.05324675097627,23.0
-1,-129.25330482397084,12.65046713425922,54.0,77.95200000000004,51.3013048239708,22.0
-1,-123.8216601036737,16.529195666666624,51.0,73.82400000000004,49.99766010367365,23.0
-1,-90.8515787124448,14.77842070370369,40.0,50.112000000000016,40.73957871244478,23.0
-1,-114.40200710266193,12.94591775925925,46.0,60.86400000000003,53.53800710266189,26.0
-1,-90.05126019470502,12.522872328703706,36.0,50.01600000000001,40.03526019470501,22.0
-1,-99.21088809406967,20.480326939814773,52.0,62.59200000000003,36.618888094069646,18.0
-1,-91.67558641413464,16.843348523148116,42.0,56.544000000000025,35.13158641413462,19.0
-1,-82.37401597900099,13.263281722222215,38.0,47.52,34.85401597900099,19.0
-1,-85.62419829574618,10.892734856481509,36.0,42.24000000000001,43.384198295746174,24.0
-1,-103.50380565877046,12.46149276851852,40.0,51.45600000000002,52.04780565877044,18.0
-1,-106.55314558900768,11.843000333333327,40.0,52.896000000000015,53.65714558900765,24.0
-1,-114.6209876532991,12.969324388888891,46.0,58.84800000000004,55.77298765329907,26.0
-1,-95.67342146017845,17.60989453240735,38.0,51.93600000000001,43.737421460178446,22.0
-1,-110.42718585355152,11.608018425925923,43.0,66.62400000000002,43.803185853551504,22.0
-1,-106.90744251234636,18.418721939814738,52.0,64.22400000000002,42.68344251234634,22.0
-1,-78.40797085703166,14.104736305555528,43.0,50.78400000000001,27.623970857031644,17.0
-1,-83.63588276874813,18.084700208333327,40.0,51.45600000000001,32.17988276874812,17.0
-1,-90.89086289991316,13.868251912037053,42.0,40.992,49.89886289991316,22.0
-1,-81.27284329496104,14.865264652777784,32.0,40.32000000000001,40.95284329496103,18.0
-1,-74.5034080242497,10.164841500000016,29.0,39.55199999999999,34.95140802424971,21.0
-1,-121.8834509453051,11.424793300925922,43.0,60.76800000000003,61.11545094530506,23.0
-1,-78.5153719381626,19.796112828703635,36.0,48.48000000000001,30.035371938162587,16.0
-1,-77.9416646511124,10.43887329166668,37.0,43.68000000000001,34.2616646511124,20.0
-1,-93.54065536927716,8.020160092592606,39.0,35.71200000000001,57.828655369277136,28.0
-1,-96.56115511806694,14.941676875000018,52.0,57.40800000000002,39.15315511806691,20.0
-1,-94.22931722550058,13.00564745370368,37.0,55.10400000000003,39.12531722550055,21.0
-1,-83.85659887811823,14.410721745370354,44.0,48.672,35.18459887811824,22.0
-1,-101.60825611985187,18.682404152777742,49.0,60.096000000000025,41.51225611985187,15.0
-1,-66.94427955631471,12.66435571296297,25.0,32.06400000000001,34.880279556314704,19.0
-1,-90.14049622273272,12.623898365740748,47.0,55.296000000000014,34.8444962227327,22.0
-1,-91.40279651551008,10.906120259259271,35.0,48.672,42.73079651551009,24.0
-1,-99.38879592573394,13.009346694444444,44.0,59.04000000000002,40.34879592573392,19.0
-1,-94.50942661700358,14.782807365740725,48.0,56.064000000000014,38.44542661700356,19.0
-1,-98.96108899402302,14.625082050925911,39.0,47.232000000000006,51.729088994023,25.0
-1,-91.08718833537682,17.346401749999984,43.0,54.04800000000002,37.03918833537679,18.0
-1,-88.68641097231614,13.459668773148143,35.0,45.02400000000001,43.66241097231613,21.0
-1,-93.64585251501803,16.413087435185176,58.0,63.16800000000003,30.47785251501801,19.0
-1,-113.55739360904556,17.627995907407367,51.0,66.62400000000002,46.933393609045545,22.0
-1,-98.7372131918672,12.390162499999985,38.0,52.704000000000015,46.03321319186718,22.0
-1,-95.97140493815353,13.24017304629628,36.0,55.00800000000002,40.96340493815349,19.0
-1,-92.11522272430896,13.758453412037044,50.0,56.736000000000026,35.37922272430894,20.0
-1,-84.76129221001469,11.237483027777776,31.0,47.42400000000001,37.33729221001469,23.0
-1,-102.0775145444196,17.526289337962936,43.0,59.90400000000003,42.173514544419575,21.0
-1,-100.98147837932096,10.163107708333332,34.0,49.24800000000001,51.73347837932094,26.0
-1,-93.19384282936954,10.397074912037066,32.0,46.46400000000001,46.72984282936953,22.0
-1,-94.7950250252388,15.29078354629629,45.0,58.75200000000002,36.0430250252388,19.0
-1,-108.6994942309842,14.710425601851846,38.0,55.29600000000002,53.40349423098418,20.0
-1,-86.73780528091811,11.35315360185185,38.0,46.36800000000001,40.3698052809181,20.0
-1,-82.95344358341191,12.201486254629629,33.0,46.17600000000001,36.77744358341191,21.0
-1,-83.9387098397468,11.772321953703695,38.0,48.384,35.554709839746806,22.0
-1,-95.80808714292252,17.798027537037,51.0,64.80000000000001,31.00808714292252,17.0
-1,-104.98659884403892,14.577333148148124,40.0,52.22400000000002,52.76259884403891,24.0
-1,-88.19792574699474,17.298798055555554,41.0,44.06400000000001,44.133925746994734,21.0
-1,-87.11482518128393,10.408762634259256,32.0,36.0,51.11482518128393,24.0
-1,-95.4689567472022,17.905112259259223,49.0,68.16000000000001,27.30895674720221,18.0
-1,-85.5252894876678,16.576165305555556,48.0,55.39200000000001,30.133289487667792,16.0
-1,-110.15743087540513,14.08010841666664,41.0,64.70400000000001,45.453430875405104,21.0
-1,-100.87876585353844,15.942074060185174,46.0,52.992000000000026,47.88676585353844,22.0
-1,-91.7122617257274,15.711853324074085,48.0,59.13600000000001,32.57626172572738,19.0
-1,-107.76178811526432,14.272366291666662,45.0,54.91200000000002,52.84978811526431,24.0
-1,-90.15797352949008,10.09863650000003,27.0,36.096,54.06197352949008,25.0
-1,-91.39003002415524,8.050462972222231,27.0,41.47200000000001,49.91803002415522,25.0
-1,-99.39974360147124,14.906010893518497,38.0,50.496000000000016,48.90374360147123,21.0
-1,-94.82249011880305,14.414072027777753,41.0,56.06400000000001,38.75849011880303,18.0
-1,-81.05003163443473,16.257446537037048,37.0,49.82400000000001,31.22603163443472,16.0
-1,-114.60178515239996,11.055027712962964,33.0,55.68000000000002,58.92178515239994,24.0
-1,-94.36531838075648,11.459190421296286,28.0,46.08000000000001,48.28531838075647,21.0
-1,-92.08073155642276,11.44137565277779,33.0,47.80800000000001,44.27273155642274,22.0
-1,-97.4408731117614,12.659200328703692,33.0,43.39200000000002,54.04887311176138,21.0
-1,-92.722663615905,12.079852782407398,54.0,58.94400000000002,33.77866361590496,21.0
-1,-88.17228515749915,12.282531412037043,45.0,53.76000000000002,34.412285157499134,20.0
-1,-104.18136418770604,14.006400689814804,43.0,57.600000000000016,46.58136418770602,23.0
-1,-72.84993040146693,7.837070041666656,29.0,34.656,38.19393040146693,23.0
-1,-92.93646516613552,10.523744564814828,39.0,46.752,46.18446516613552,20.0
-1,-84.03323747110856,13.207331120370393,37.0,42.432,41.60123747110857,21.0
-1,-111.39643131674856,17.779573629629578,43.0,65.08800000000002,46.30843131674853,20.0
-1,-98.38023093694758,14.809214486111092,49.0,62.49600000000003,35.88423093694756,22.0
-1,-113.57797248265776,12.921100648148135,46.0,60.768000000000015,52.80997248265774,25.0
-1,-94.39839812417134,9.19005105555557,34.0,41.952,52.44639812417135,25.0
-1,-116.51337830615674,13.596941578703689,45.0,64.03200000000002,52.48137830615672,23.0
-1,-111.61738329869304,13.157319828703704,46.0,58.464000000000034,53.15338329869301,26.0
-1,-88.47223617911854,17.610723273148103,42.0,50.40000000000001,38.072236179118526,19.0
-1,-82.3109712004259,9.992180944444458,28.0,39.36000000000001,42.95097120042589,24.0
-1,-93.30508726181957,12.02060902777779,38.0,48.768000000000015,44.53708726181953,22.0
-1,-92.13176265176644,14.773624351851856,43.0,54.91200000000001,37.21976265176643,21.0
-1,-104.83877737126798,15.683113421296287,50.0,59.904000000000025,44.93477737126796,21.0
-1,-94.2938268970366,16.28971719907404,44.0,58.464000000000034,35.82982689703658,21.0
-1,-88.20188101843469,15.043700925925924,44.0,56.83200000000001,31.369881018434683,17.0
-1,-72.64531498913766,16.29417689351852,40.0,50.304000000000016,22.341314989137643,14.0
-1,-93.9243053267626,12.781684064814804,41.0,53.280000000000015,40.64430532676258,22.0
-1,-99.22627051652296,12.161455217592597,41.0,52.320000000000014,46.90627051652296,24.0
-1,-80.50784250128811,16.07618508796293,42.0,50.784000000000006,29.723842501288107,17.0
-1,-96.6506639799396,12.256837009259243,48.0,58.65600000000001,37.99466397993959,23.0
-1,-94.1479479697241,10.743209212962965,39.0,53.66400000000003,40.48394796972408,22.0
-1,-106.25423311369416,15.464376245370367,43.0,59.712000000000025,46.54223311369415,25.0
-1,-95.72819586903694,13.329253592592597,41.0,48.96000000000003,46.7681958690369,23.0
-1,-163.85318585086014,15.232791976851862,62.0,97.44000000000004,66.41318585086009,30.0
-1,-142.3794638663539,16.36717641203704,75.0,102.43200000000007,39.9474638663538,21.0
-1,-89.85809045570284,17.046933435185185,46.0,55.48800000000002,34.37009045570281,17.0
-1,-117.12852498085915,15.774441013888852,50.0,75.55200000000004,41.576524980859126,19.0
-1,-111.86744712204867,12.215079425925936,33.0,47.32800000000002,64.53944712204866,24.0
-1,-95.50395077456524,9.858119685185205,35.0,38.976,56.52795077456524,25.0
-1,-99.53039283093312,16.49796618981478,53.0,62.11200000000003,37.41839283093309,18.0
-1,-94.06619632102972,12.927359000000004,33.0,43.20000000000002,50.86619632102969,23.0
-1,-98.31900774005784,15.198059513888872,46.0,58.56000000000002,39.75900774005781,19.0
-1,-77.44025054918066,15.398352087962964,34.0,37.824000000000005,39.61625054918065,21.0
-1,-87.43032672391251,10.79266138425926,39.0,55.10400000000003,32.32632672391248,22.0
-1,-101.31595686571212,15.05138596759259,44.0,55.872000000000014,45.443956865712096,21.0
-1,-98.45043663915928,15.672825180555549,43.0,59.13600000000002,39.31443663915927,24.0
-1,-76.96787340667461,11.449761342592591,29.0,39.936,37.03187340667461,21.0
-1,-81.35514139182246,10.597046759259271,27.0,38.208000000000006,43.14714139182245,21.0
-1,-91.29394631261374,18.038550990740728,46.0,57.60000000000001,33.69394631261374,16.0
-1,-98.0012294422567,12.230943138888888,33.0,50.68800000000002,47.31322944225669,22.0
-1,-87.59420293881081,8.340361319444447,29.0,41.28000000000001,46.3142029388108,24.0
-1,-88.57791589542987,12.47069040740741,34.0,41.472,47.105915895429874,19.0
-1,-98.06860134285056,18.6964994259259,41.0,55.296000000000014,42.77260134285056,19.0
-1,-78.21831750832726,12.483521717592588,35.0,45.888000000000005,32.33031750832725,15.0
-1,-84.78926444941176,11.696437106481484,30.0,39.36000000000001,45.42926444941176,22.0
-1,-91.46911938001348,13.990528263888873,37.0,48.76800000000001,42.701119380013466,19.0
-1,-84.67617606550252,12.180028907407417,43.0,47.03999999999999,37.636176065502525,23.0
-1,-93.473013051255,13.360857949074076,41.0,48.48000000000001,44.99301305125498,24.0
-1,-110.60039141956732,13.280497662037028,48.0,62.59200000000001,48.00839141956732,22.0
-1,-76.68864756172397,13.923943435185176,32.0,39.55200000000001,37.13664756172397,21.0
-1,-83.04627536159185,12.93259638888889,33.0,40.992,42.054275361591856,20.0
-1,-91.64525037307476,13.471075328703703,37.0,47.808000000000014,43.83725037307474,23.0
-1,-112.41104954897128,14.712972814814783,41.0,58.94400000000002,53.46704954897127,23.0
-1,-100.55956485919174,13.95878450462963,41.0,55.872000000000014,44.68756485919172,21.0
-1,-87.93658212517789,15.885484837962956,34.0,46.75200000000001,41.18458212517788,18.0
-1,-76.198208864825,17.931871592592582,38.0,44.06400000000001,32.13420886482499,16.0
-1,-93.60248544368486,16.151962648148135,42.0,60.09600000000003,33.506485443684824,19.0
-1,-90.05472950610586,14.72228742129628,38.0,52.896000000000015,37.15872950610584,22.0
-1,-76.02415238924374,12.638827305555564,39.0,46.368,29.656152389243747,18.0
-1,-77.78056599325754,14.314344925925935,47.0,51.168,26.61256599325754,15.0
-1,-81.96731137863857,15.764749759259251,41.0,51.74400000000001,30.223311378638567,16.0
-1,-86.19537754901306,12.318880662037024,31.0,45.12000000000001,41.07537754901305,20.0
-1,-101.32264447067018,15.924911263888877,52.0,72.09600000000003,29.226644470670152,16.0
-1,-103.53169654766116,11.920996305555557,37.0,52.70400000000001,50.82769654766115,22.0
-1,-86.74318518591423,13.356729259259248,31.0,44.35200000000002,42.3911851859142,20.0
-1,-80.655123201429,10.566869273148152,35.0,44.640000000000015,36.015123201428985,20.0
-1,-100.32265180968471,12.331699296296293,35.0,53.56800000000002,46.75465180968469,23.0
-1,-116.64194785905138,18.743922842592543,52.0,67.48800000000003,49.15394785905135,22.0
-1,-73.939141652613,14.797065958333324,35.0,41.76,32.179141652613005,17.0
-1,-96.4189718003288,17.754192601851805,56.0,72.48000000000003,23.93897180032876,14.0
-1,-133.2187778773752,16.305577972222185,53.0,81.69600000000004,51.52277787737518,22.0
-1,-106.45847044566162,12.129848685185188,40.0,59.42400000000003,47.03447044566159,25.0
-1,-86.89104069756323,18.19900794907405,42.0,44.35200000000002,42.5390406975632,20.0
-1,-95.6687480468529,18.953715611111093,55.0,64.70400000000002,30.96474804685288,17.0
-1,-111.82354621542136,16.66710312499996,52.0,65.08800000000004,46.735546215421344,23.0
-1,-95.34257119217057,15.43901089814813,45.0,53.664000000000016,41.67857119217054,22.0
-1,-107.57803320112292,11.26583051851854,31.0,43.68000000000001,63.898033201122914,23.0
-1,-86.12727596710363,11.004507296296309,36.0,47.52000000000001,38.607275967103625,22.0
-1,-99.29675761124273,14.000401796296291,40.0,55.20000000000002,44.09675761124271,22.0
-1,-88.87018827121605,11.125682592592582,42.0,46.36800000000001,42.50218827121605,24.0
-1,-96.7522826769949,14.872708731481469,43.0,55.39200000000002,41.36028267699488,22.0
-1,-102.14569852505346,13.3283539074074,46.0,59.13600000000002,43.00969852505344,23.0
-1,-86.69464079848572,15.583677087962965,37.0,45.69600000000001,40.9986407984857,22.0
-1,-89.36038756983066,16.58180393055554,48.0,55.96800000000001,33.392387569830646,17.0
-1,-111.35965780469098,15.617881041666664,59.0,70.36800000000004,40.99165780469095,22.0
-1,-101.92765624305238,15.984097787037056,49.0,65.18400000000001,36.74365624305237,19.0
-1,-107.95929649472592,13.027079319444436,43.0,56.83200000000003,51.12729649472589,21.0
-1,-100.4362897750701,17.032962310185198,49.0,55.968000000000025,44.46828977507008,20.0
-1,-101.56619268651625,12.03958707407408,47.0,56.73600000000001,44.83019268651623,23.0
-1,-89.56674686748889,14.97164437499998,46.0,49.05600000000002,40.51074686748888,23.0
-1,-89.66954573484726,12.58149041203704,37.0,43.680000000000014,45.98954573484725,25.0
-1,-85.5055724000117,15.10233709259258,43.0,47.90400000000002,37.60157240001168,21.0
-1,-101.2453522495898,11.162734569444453,41.0,55.77600000000001,45.46935224958977,25.0
-1,-77.98883616620256,11.001063893518523,29.0,44.736,33.25283616620256,19.0
-1,-101.93493771526968,13.825654370370348,37.0,51.26400000000002,50.67093771526966,21.0
-1,-98.35377657822085,13.905175972222215,42.0,48.384000000000015,49.96977657822082,22.0
-1,-106.5515739727544,11.291740231481484,41.0,59.71200000000002,46.83957397275437,23.0
-1,-83.5592403355368,13.140993884259284,35.0,44.16,39.3992403355368,18.0
-1,-87.27751616844559,14.19336210185184,46.0,55.872000000000014,31.405516168445576,19.0
-1,-92.90884037271884,14.97707132870368,34.0,47.52000000000002,45.38884037271882,20.0
-1,-103.64432781375794,14.053277731481476,43.0,62.11200000000003,41.53232781375791,21.0
-1,-97.0240630657472,14.106165921296268,39.0,54.52800000000002,42.49606306574718,22.0
-1,-86.69695074149482,12.297596782407412,34.0,50.88000000000002,35.81695074149479,20.0
-1,-79.54549352552431,8.806571425925952,36.0,40.31999999999999,39.22549352552432,23.0
-1,-112.72900769399833,11.696628680555577,44.0,56.44800000000004,56.28100769399827,25.0
-1,-98.98722141527556,14.14003276388886,45.0,63.45600000000002,35.53122141527555,20.0
-1,-85.44375259835556,14.250545185185176,38.0,44.64000000000001,40.80375259835554,21.0
-1,-63.178786814584,13.891092458333326,34.0,42.52800000000001,20.650786814583988,13.0
-1,-108.64997171753588,16.483627328703676,46.0,61.44000000000002,47.20997171753588,20.0
-1,-78.99479760388469,15.736465532407388,46.0,52.12800000000002,26.866797603884667,16.0
-1,-105.84869975086438,10.931873134259282,45.0,52.89600000000001,52.952699750864376,27.0
-1,-86.178251149089,16.18656543981481,39.0,47.23200000000002,38.94625114908897,17.0
-1,-74.13554343291683,10.08330542592592,27.0,37.728,36.40754343291684,22.0
-1,-88.9453303655036,13.154980342592577,32.0,48.67200000000001,40.273330365503575,20.0
-1,-97.72821899964224,13.02336625,43.0,52.99200000000002,44.73621899964224,21.0
-1,-95.63873188746872,11.817364796296289,35.0,46.08000000000001,49.5587318874687,26.0
-1,-88.35073828268024,14.225731180555533,36.0,52.80000000000001,35.55073828268023,16.0
-1,-101.29016377489168,15.790944171296289,39.0,57.40800000000002,43.88216377489166,23.0
-1,-106.74846206281735,16.88500836574072,49.0,59.32800000000002,47.42046206281734,20.0
-1,-101.21941375780838,15.170744166666656,39.0,60.480000000000025,40.73941375780835,20.0
-1,-91.79701496478584,11.235009111111092,41.0,55.87200000000002,35.9250149647858,22.0
-1,-98.39846691843522,12.989208833333322,32.0,51.45600000000002,46.9424669184352,24.0
-1,-97.44371322682817,15.301008740740723,45.0,54.62400000000002,42.81971322682814,20.0
-1,-101.03957169606429,15.308110374999986,41.0,58.17600000000002,42.86357169606425,20.0
-1,-93.6763855886218,11.879767000000014,32.0,40.608,53.06838558862181,22.0
-1,-78.9985284856578,10.096795504629648,29.0,39.648,39.35052848565779,21.0
-1,-119.13448796031707,11.89274476851851,39.0,61.632000000000026,57.502487960317055,21.0
-1,-81.31036562191751,10.44564446759259,39.0,48.57600000000001,32.734365621917505,20.0
-1,-99.19156456864025,17.154892800925893,48.0,59.32800000000003,39.8635645686402,20.0
-1,-79.39264722062319,11.380510574074094,33.0,46.94400000000001,32.44864722062318,18.0
-1,-97.29514036381192,13.745896564814792,34.0,53.184000000000026,44.11114036381191,24.0
-1,-115.94776018232528,13.367739018518506,47.0,73.53600000000003,42.41176018232524,24.0
-1,-99.61365665965,13.590137162037031,45.0,59.424000000000014,40.18965665964997,22.0
-1,-86.95221654925068,15.613983347222176,40.0,51.26400000000002,35.68821654925066,20.0
-1,-96.9848188133286,13.6632901111111,47.0,55.87200000000003,41.11281881332856,21.0
-1,-109.14227790427977,12.726151851851842,39.0,59.04000000000002,50.10227790427975,22.0
-1,-130.82927461754892,14.415324435185155,50.0,81.88800000000005,48.94127461754887,19.0
-1,-80.21749598241108,10.211720875,28.0,40.896,39.321495982411086,22.0
-1,-116.63286839310372,15.25644083796294,44.0,69.21600000000002,47.41686839310372,19.0
-1,-90.65941347580768,15.925612907407396,57.0,58.176,32.48341347580766,20.0
-1,-169.68216323448132,18.341892041666632,73.0,99.26400000000008,70.41816323448126,29.0
-1,-94.2081060810803,13.53371597685186,38.0,50.59200000000001,43.6161060810803,19.0
-1,-80.79453315318105,10.330490731481497,29.0,32.256,48.53853315318105,23.0
-1,-90.803556988541,13.9308364537037,40.0,51.07200000000001,39.73155698854099,21.0
-1,-92.5531995503956,16.23515086574073,49.0,54.43200000000001,38.12119955039557,21.0
-1,-103.20838632386152,12.206209481481478,40.0,60.096000000000025,43.11238632386149,25.0
-1,-100.71773727942916,16.946917092592585,53.0,75.93600000000004,24.781737279429123,18.0
-1,-96.77326882632272,17.39503237037033,53.0,60.96000000000003,35.8132688263227,21.0
-1,-106.903760317139,17.6847324583333,57.0,70.65600000000003,36.24776031713895,21.0
-1,-88.47760396258357,11.808456879629617,32.0,45.12000000000001,43.35760396258356,21.0
-1,-103.19332988011033,13.751438851851864,42.0,59.23200000000002,43.9613298801103,23.0
-1,-83.55275837325621,13.341426828703696,32.0,44.73600000000001,38.81675837325621,18.0
-1,-79.6363018638171,13.737075495370364,32.0,42.432,37.20430186381709,18.0
-1,-91.6869549065598,9.87454754629631,37.0,46.752,44.9349549065598,23.0
-1,-128.16122787532302,20.414044893518486,66.0,80.44800000000004,47.713227875322985,19.0
-1,-128.6842524790592,12.201437337962954,44.0,67.39200000000004,61.29225247905917,24.0
-1,-95.7066166242644,11.081663263888878,42.0,50.496,45.21061662426441,24.0
-1,-93.34350909680737,10.660167277777774,33.0,45.69600000000001,47.64750909680736,26.0
-1,-114.97056113659124,13.506066652777744,47.0,74.49600000000004,40.47456113659119,25.0
-1,-95.17685430073384,15.49286075,41.0,53.376000000000026,41.80085430073381,21.0
-1,-80.87172178270387,10.949420680555574,34.0,43.20000000000002,37.671721782703855,21.0
-1,-95.91999885008885,12.483690509259286,41.0,54.240000000000016,41.67999885008883,22.0
-1,-111.38217895287862,14.006507638888872,53.0,66.04800000000003,45.33417895287859,25.0
-1,-65.67966896977507,9.17001302314815,32.0,39.74400000000001,25.93566896977505,17.0
-1,-81.31570469950546,12.729411425925928,37.0,45.69600000000002,35.61970469950545,21.0
-1,-93.44942898459216,9.7884921388889,34.0,43.87200000000001,49.577428984592174,25.0
-1,-120.42052332480824,14.05830049537034,37.0,61.056000000000026,59.36452332480821,21.0
-1,-119.774176813953,18.320404287037015,47.0,68.35200000000003,51.42217681395298,26.0
-1,-89.38294649850857,13.004198796296306,40.0,54.336000000000006,35.04694649850856,18.0
-1,-100.8011686491559,10.149961101851858,44.0,52.99200000000002,47.809168649155886,26.0
-1,-94.28004072116904,12.49237211574075,44.0,53.08800000000002,41.192040721169,22.0
-1,-105.96599640212412,13.055750124999983,53.0,71.04000000000003,34.92599640212409,22.0
-1,-77.56969770899339,12.508795597222212,44.0,51.93599999999999,25.63369770899339,16.0
-1,-92.15611618825956,16.82826604166664,53.0,65.76000000000002,26.39611618825956,15.0
-1,-90.40097217971348,14.872301837962953,45.0,52.99200000000002,37.40897217971346,20.0
-1,-102.4249203297332,12.124592148148164,36.0,41.952000000000005,60.472920329733206,22.0
-1,-99.387464892487,13.726784685185148,44.0,64.80000000000001,34.587464892486985,21.0
-1,-71.20602831262467,14.871807287037017,39.0,40.60800000000001,30.598028312624656,19.0
-1,-93.70622812791952,10.438390884259258,33.0,44.63999999999999,49.06622812791954,21.0
-1,-111.09783123694828,14.734226796296287,58.0,65.95200000000003,45.14583123694824,25.0
-1,-99.44778364173072,17.059523124999988,47.0,59.52000000000002,39.92778364173071,20.0
-1,-98.15192739730516,17.25176162499997,52.0,61.34400000000003,36.80792739730514,22.0
-1,-80.99611515283107,11.149770013888876,34.0,42.91200000000002,38.08411515283105,23.0
-1,-78.35796392071045,11.73991074537036,41.0,48.384,29.97396392071045,19.0
-1,-120.84667819903116,16.381944101851857,50.0,74.68800000000003,46.15867819903114,26.0
-1,-96.07219507465068,15.491128606481457,41.0,59.904000000000025,36.168195074650654,22.0
-1,-97.43912301388588,10.474855194444448,33.0,47.52,49.91912301388589,24.0
-1,-87.45990058534537,12.116432907407404,32.0,46.56000000000002,40.89990058534535,22.0
-1,-84.79336621969802,16.18863993518517,44.0,49.92000000000002,34.873366219697985,17.0
-1,-86.17961674541786,13.125473305555529,33.0,50.40000000000001,35.779616745417854,19.0
-1,-95.43024563909847,19.32914068518516,66.0,63.55200000000001,31.87824563909848,18.0
-1,-99.54432845031651,11.64095568981482,40.0,50.4,49.14432845031653,21.0
-1,-95.7198601433206,14.3355435,43.0,63.360000000000014,32.359860143320574,19.0
-1,-94.2271734843613,14.309889902777776,44.0,53.28000000000001,40.947173484361294,25.0
-1,-64.47957866826306,9.827178740740733,26.0,31.392000000000007,33.08757866826305,20.0
-1,-118.56384656108884,14.831753935185166,43.0,69.88800000000002,48.675846561088825,25.0
-1,-93.1655619366507,15.270666412037022,47.0,60.38400000000002,32.781561936650675,20.0
-1,-97.11862990174706,14.421577689814788,40.0,53.47200000000002,43.64662990174703,24.0
-1,-146.7955987740961,17.140983305555554,56.0,81.40800000000003,65.3875987740961,27.0
-1,-103.93238079241078,14.922135796296295,42.0,58.17600000000002,45.75638079241076,20.0
-1,-102.60201408924472,12.514110356481469,36.0,53.664000000000016,48.9380140892447,21.0
-1,-73.2153558924436,20.04564820833332,43.0,50.40000000000001,22.815355892443588,15.0
-1,-130.954580581423,14.059756851851844,54.0,81.12000000000005,49.83458058142293,27.0
-1,-97.02244926065364,10.598543699074074,36.0,50.97600000000001,46.04644926065364,22.0
-1,-124.73448249299852,13.91776724537035,48.0,66.62400000000002,58.1104824929985,26.0
-1,-83.56415798063185,15.155594453703696,36.0,46.36800000000001,37.196157980631845,21.0
-1,-104.07683670416478,16.85036475462959,55.0,66.43200000000003,37.64483670416475,20.0
-1,-101.17861635522542,21.66244972685176,56.0,70.56000000000003,30.618616355225377,19.0
-1,-111.72036024197584,14.537692995370351,47.0,72.38400000000003,39.33636024197582,23.0
-1,-91.12690143326104,14.510650416666664,38.0,52.80000000000001,38.32690143326104,20.0
-1,-78.34834864633152,11.529321231481497,37.0,47.040000000000006,31.308348646331503,20.0
-1,-99.7239564629264,18.28388216666663,46.0,59.13600000000003,40.58795646292636,19.0
-1,-85.2419307094919,12.920753680555569,30.0,39.55200000000001,45.6899307094919,22.0
-1,-88.97481768710182,15.836448606481476,52.0,50.88000000000001,38.09481768710181,21.0
-1,-99.02464945995224,13.129179365740717,38.0,48.09600000000002,50.92864945995223,25.0
-1,-97.22387919790272,13.610524393518524,41.0,50.88000000000002,46.34387919790272,25.0
-1,-90.1849798445835,9.343939990740765,27.0,39.84,50.34497984458349,23.0
-1,-80.54667122598968,15.066057564814788,34.0,47.71200000000001,32.834671225989666,16.0
-1,-81.8978059622167,10.99598606944444,31.0,37.632000000000005,44.265805962216696,22.0
-1,-78.93860635413301,11.890286717592588,33.0,38.496,40.44260635413302,22.0
-1,-79.9282395313278,17.60936112962962,45.0,49.344000000000015,30.584239531327796,17.0
-1,-91.1977909150324,9.346623879629632,39.0,48.00000000000001,43.1977909150324,23.0
-1,-84.88085352243391,14.045111458333338,36.0,50.78400000000002,34.09685352243389,16.0
-1,-95.78454506848873,8.907780486111136,31.0,47.616000000000014,48.1685450684887,24.0
-1,-148.8904673596522,12.916861092592578,56.0,80.16000000000004,68.73046735965217,29.0
-1,-88.80156494786365,12.81678929629629,37.0,48.86400000000002,39.93756494786364,22.0
-1,-93.26795356930631,11.87018947222221,40.0,54.91200000000002,38.3559535693063,22.0
-1,-78.75007013346183,14.04931613425925,40.0,50.59200000000002,28.15807013346181,17.0
-1,-88.23024231415779,13.170034796296283,30.0,45.69600000000001,42.53424231415778,23.0
-1,-102.62910504497984,14.689380268518487,45.0,61.440000000000026,41.18910504497981,20.0
-1,-81.00302323255846,10.647133194444448,34.0,40.99199999999999,40.01102323255847,22.0
-1,-88.1349487183693,16.620115490740748,44.0,52.22400000000001,35.91094871836929,19.0
-1,-102.67405676379695,16.511642736111074,46.0,54.81600000000002,47.85805676379693,25.0
-1,-80.55541989371467,19.68953076388886,50.0,56.35200000000002,24.20341989371465,13.0
-1,-81.45607076541637,13.663932398148129,38.0,55.00800000000001,26.44807076541636,16.0
-1,-96.20445749614044,11.251750597222216,41.0,55.68000000000002,40.52445749614042,22.0
-1,-97.4316399985897,15.459327249999976,35.0,49.152,48.2796399985897,20.0
-1,-101.56476367681312,18.3048414305555,43.0,57.98400000000003,43.5807636768131,19.0
-1,-98.4392099589723,15.086723694444435,47.0,65.76000000000003,32.67920995897226,17.0
-1,-94.4552603158848,14.27647718055554,37.0,52.320000000000014,42.1352603158848,21.0
-1,-124.21184303754823,13.530643351851856,56.0,78.81600000000003,45.39584303754821,24.0
-1,-90.5367763130412,7.771766902777762,29.0,37.248000000000005,53.2887763130412,25.0
-1,-99.11629069753822,15.720409708333326,47.0,54.24000000000003,44.87629069753819,22.0
-1,-96.58897155756232,10.99420321759259,31.0,45.31200000000001,51.27697155756231,24.0
-1,-97.9381996489168,12.889332152777795,40.0,49.24800000000002,48.69019964891679,24.0
-1,-96.9395843173006,11.412235962962953,28.0,45.31200000000001,51.62758431730061,23.0
-1,-93.46677749767696,10.93635172685185,38.0,51.744000000000014,41.72277749767696,22.0
-1,-85.30018978856239,15.652789814814808,39.0,52.60800000000002,32.692189788562374,14.0
-1,-98.547902485402,11.407863449074052,39.0,47.71200000000001,50.83590248540198,24.0
-1,-87.48062866078163,14.108128509259243,40.0,47.328,40.15262866078164,21.0
-1,-93.9334509824338,16.19089334259259,47.0,54.52800000000001,39.40545098243379,22.0
-1,-91.51089390646864,17.594565351851845,52.0,55.776000000000025,35.73489390646861,19.0
-1,-99.37626096039274,14.945678240740746,51.0,63.45600000000002,35.92026096039272,19.0
-1,-105.3052244695978,15.752410740740716,54.0,71.32800000000002,33.97722446959777,18.0
-1,-119.05286627052809,10.29737981018519,35.0,56.25600000000002,62.79686627052807,26.0
-1,-78.94125960064167,11.450034407407417,33.0,41.56800000000001,37.37325960064165,23.0
-1,-105.9146364534461,19.04144679629623,57.0,68.25600000000003,37.65863645344607,19.0
-1,-99.802744776521,15.13378828703705,56.0,62.88000000000002,36.92274477652098,25.0
-1,-79.76171596177502,10.380297115740747,31.0,38.016000000000005,41.74571596177501,25.0
-1,-85.83944980092552,18.219077106481468,45.0,55.68000000000003,30.15944980092549,16.0
-1,-93.37721923303148,16.443708046296283,49.0,55.77600000000003,37.60121923303143,19.0
-1,-83.6294534507136,16.361178699074074,38.0,46.56000000000002,37.06945345071358,20.0
-1,-99.03031377755102,12.072964444444455,36.0,51.16800000000001,47.86231377755101,25.0
-1,-76.97120512573834,10.100442935185184,25.0,38.40000000000001,38.57120512573832,21.0
-1,-89.14953452753554,13.871484833333314,47.0,50.49600000000001,38.653534527535534,23.0
-1,-106.63861185456643,13.243245949074073,41.0,65.85600000000002,40.78261185456643,24.0
-1,-90.16753027212326,13.37324683333332,38.0,48.576000000000015,41.59153027212324,21.0
-1,-72.5749794054849,22.050273245370335,40.0,38.784000000000006,33.79097940548488,18.0
-1,-97.61310878912536,14.95799222685184,51.0,60.48000000000002,37.13310878912535,21.0
-1,-99.20070696620655,13.211733643518526,49.0,57.98400000000001,41.216706966206544,23.0
-1,-97.25889987586363,17.310317240740737,50.0,68.16000000000003,29.09889987586363,17.0
-1,-92.92212041461175,26.356415870370338,57.0,63.16800000000003,29.75412041461174,14.0
-1,-91.54007307396182,16.80862196296293,51.0,63.45600000000002,28.0840730739618,16.0
-1,-91.27327820593604,12.464037833333329,42.0,55.968,35.305278205936055,21.0
-1,-92.26026638313576,8.83620391666668,34.0,49.34400000000001,42.91626638313574,25.0
-1,-93.31309970790171,12.637318652777768,36.0,50.97600000000001,42.3370997079017,24.0
-1,-103.78809568627688,14.665030254629633,55.0,64.032,39.75609568627688,20.0
-1,-83.56204158194554,13.600320611111089,38.0,47.13600000000002,36.42604158194552,20.0
-1,-102.02860922620845,14.167779467592595,50.0,64.41600000000003,37.612609226208406,20.0
-1,-80.91010634252336,12.64333989814814,39.0,52.992,27.91810634252336,17.0
-1,-119.29270628510498,16.562872203703687,47.0,71.80800000000004,47.48470628510495,26.0
-1,-94.50858287842468,14.677300777777765,55.0,59.71200000000003,34.79658287842465,18.0
-1,-88.44888122747224,14.57231302314814,39.0,52.896000000000015,35.55288122747223,18.0
-1,-96.7106733447748,13.638816351851842,39.0,52.70400000000002,44.00667334477477,24.0
-1,-111.47517260533174,11.63255815277779,41.0,59.13600000000002,52.33917260533171,25.0
-1,-105.30586441060314,15.65037682407408,59.0,68.73600000000003,36.56986441060311,20.0
-1,-90.93188242315128,13.289664736111096,35.0,46.176000000000016,44.75588242315127,23.0
-1,-98.96496412034794,16.241606069444444,51.0,61.63200000000003,37.33296412034791,20.0
-1,-106.33547303019758,16.49277924537036,39.0,56.25600000000002,50.07947303019756,24.0
-1,-100.36173785264364,17.63775139351847,48.0,58.08000000000001,42.281737852643616,24.0
-1,-107.211654353777,18.556001620370317,43.0,55.87200000000002,51.339654353776986,22.0
-1,-116.06936864741732,13.656120578703703,48.0,65.76000000000002,50.309368647417294,24.0
-1,-95.01337020941968,20.17041349537033,47.0,58.27200000000003,36.74137020941966,20.0
-1,-102.57679920079676,11.774044513888873,46.0,60.288,42.28879920079677,26.0
-1,-87.06857551299962,11.554497342592583,41.0,49.536000000000016,37.53257551299961,21.0
-1,-91.5137916502924,16.767416402777744,40.0,52.03200000000002,39.48179165029239,21.0
-1,-79.45368869641219,18.187917763888866,39.0,46.65600000000001,32.79768869641217,16.0
-1,-83.58432908744237,11.767593421296292,40.0,49.72800000000001,33.85632908744237,21.0
-1,-94.57360564293924,13.177323356481471,31.0,45.88800000000001,48.68560564293924,23.0
-1,-112.38201019485206,18.593689143518503,59.0,77.37600000000003,35.006010194852024,18.0
-1,-74.54218021272756,18.8777587592593,34.0,37.248000000000005,37.294180212727554,15.0
-1,-103.83031828680132,18.2555473935185,56.0,63.16800000000002,40.66231828680131,23.0
-1,-89.41016398848521,15.3568694722222,36.0,53.66400000000001,35.74616398848521,21.0
-1,-105.62790102312246,14.798155689814813,46.0,63.07200000000002,42.55590102312244,21.0
-1,-76.95862296014724,9.336936328703716,27.0,39.84,37.11862296014723,20.0
-1,-79.9810423228557,12.016021856481467,47.0,48.38400000000002,31.59704232285568,18.0
-1,-84.36189623498035,10.350102884259272,33.0,33.312000000000005,51.04989623498034,22.0
-1,-88.72911627003921,13.658857069444451,40.0,48.576,40.15311627003922,23.0
-1,-96.3959485664182,9.23989210185186,35.0,50.20800000000002,46.18794856641819,26.0
-1,-90.31093762581,12.493588314814808,38.0,48.960000000000015,41.35093762581,23.0
-1,-91.82144931569752,17.126915162037,47.0,55.77600000000003,36.04544931569749,20.0
-1,-94.4085444960399,21.752879675925897,53.0,63.16800000000002,31.24054449603988,16.0
-1,-117.94696000533624,15.930052162037022,59.0,81.40800000000004,36.53896000533621,17.0
-1,-93.50559478804344,18.119939652777745,46.0,61.92000000000003,31.585594788043423,18.0
-1,-104.59692592132564,12.23253500925926,34.0,53.18400000000002,51.412925921325616,23.0
-1,-79.15611322970797,12.98853375925924,33.0,42.81600000000001,36.34011322970796,22.0
-1,-97.33121648056124,14.031170064814807,45.0,61.248000000000005,36.083216480561234,19.0
-1,-97.35056833412914,15.516132564814816,51.0,57.21600000000003,40.13456833412911,21.0
-1,-83.68159304908995,11.328367925925937,33.0,43.104000000000006,40.57759304908995,20.0
-1,-87.42746529075363,15.133613865740717,39.0,54.72000000000003,32.7074652907536,18.0
-1,-77.40632832525205,11.713388245370362,43.0,49.056,28.350328325252057,20.0
-1,-98.72346881826246,11.32443811111112,43.0,55.29600000000004,43.427468818262426,24.0
-1,-71.4464696044221,11.937818370370389,28.0,38.016000000000005,33.43046960442211,19.0
-1,-88.66882405302339,13.54902001851851,35.0,46.56000000000001,42.108824053023376,22.0
-1,-104.230593843316,15.40764547685184,40.0,58.94400000000003,45.28659384331598,22.0
-1,-80.08109170215023,12.107367416666664,35.0,42.624,37.45709170215023,21.0
-1,-94.95981021198628,18.761544101851864,54.0,61.248000000000005,33.711810211986275,18.0
-1,-81.14195439019045,14.587917356481464,38.0,49.34400000000001,31.797954390190437,18.0
-1,-135.26485444883863,16.50122618518518,65.0,88.51200000000006,46.75285444883858,27.0
-1,-88.742061821353,9.505635666666675,33.0,48.09600000000001,40.646061821352994,24.0
-1,-89.24531820767126,11.494494347222227,40.0,53.47200000000002,35.77331820767124,20.0
-1,-99.75534314957054,16.443181240740735,47.0,65.08800000000002,34.66734314957052,19.0
-1,-83.51629774761756,24.372902374999967,58.0,56.25600000000002,27.260297747617543,18.0
-1,-78.90827135990983,13.06722490277776,35.0,43.296,35.612271359909826,21.0
-1,-101.2359110294926,22.06219516666662,65.0,74.49600000000004,26.73991102949257,15.0
-1,-87.13307594702303,12.65376072685184,33.0,45.98400000000001,41.149075947023015,24.0
-1,-99.55284930963438,14.325272310185188,44.0,56.352000000000025,43.20084930963435,23.0
-1,-89.28734313544473,11.675263824074058,38.0,47.23200000000002,42.05534313544472,21.0
-1,-73.2836962420069,14.976531467592592,33.0,38.592000000000006,34.691696242006884,19.0
-1,-102.9684077339057,18.895323902777744,56.0,68.83200000000004,34.13640773390567,19.0
-1,-83.96710012218873,12.495042541666663,28.0,41.568,42.39910012218873,22.0
-1,-111.6291068117525,13.93000894444442,47.0,65.37600000000002,46.25310681175248,26.0
-1,-96.97223471259316,14.335983000000017,35.0,46.75200000000002,50.22023471259313,22.0
-1,-80.78622062552803,13.837380324074068,32.0,43.77600000000001,37.01022062552802,18.0
-1,-90.51758866796472,15.092756282407386,32.0,42.62400000000001,47.89358866796473,22.0
-1,-87.01235824861213,12.820663222222224,37.0,45.312000000000005,41.700358248612126,20.0
-1,-102.28698718394006,12.047292652777765,34.0,56.06400000000003,46.22298718394003,25.0
-1,-71.24522382629112,12.935515578703695,35.0,49.34400000000001,21.901223826291112,15.0
-1,-100.2551105165046,19.586765402777697,60.0,71.23200000000004,29.02311051650457,19.0
-1,-101.34781285301509,12.746959365740738,37.0,49.920000000000016,51.427812853015055,23.0
-1,-90.13040383352822,15.96994058333333,40.0,51.26400000000002,38.8664038335282,21.0
-1,-87.49103158091408,17.668529999999944,43.0,57.98400000000002,29.50703158091406,18.0
-1,-86.3993635171993,14.814471782407397,38.0,52.032000000000025,34.36736351719928,21.0
-1,-93.61733886253774,16.793012513888865,51.0,54.91200000000002,38.70533886253772,22.0
-1,-74.40274438688218,14.524892634259272,27.0,35.52,38.88274438688218,22.0
-1,-87.61769739250025,15.733273615740735,38.0,48.000000000000014,39.61769739250023,20.0
-1,-72.45729644970909,9.85283306944445,29.0,38.592,33.86529644970909,22.0
-1,-84.94655461583426,18.56192041203704,36.0,40.99200000000001,43.95455461583425,17.0
-1,-73.29740182822272,13.46811490277776,39.0,46.94400000000002,26.353401828222697,17.0
-1,-98.16008208171064,15.105264615740742,47.0,52.896,45.26408208171063,22.0
-1,-92.84834632203298,12.40248813888889,42.0,50.59200000000001,42.25634632203297,24.0
-1,-85.31710367230394,8.437539115740737,26.0,39.264,46.05310367230395,23.0
-1,-100.71389719335818,18.092087203703706,52.0,61.92000000000002,38.79389719335816,19.0
-1,-92.99146223752987,11.809186240740734,32.0,49.056,43.93546223752988,23.0
-1,-90.02416665322076,17.833086717592558,49.0,61.728000000000016,28.296166653220737,18.0
-1,-79.65952710962617,16.3191192037037,39.0,41.47200000000001,38.18752710962616,23.0
-1,-97.20027781228168,15.077519083333312,40.0,56.16000000000003,41.04027781228165,20.0
-1,-84.18091672094934,14.633066157407418,41.0,46.56,37.62091672094934,19.0
-1,-92.73180320838118,11.76900521296296,41.0,48.672000000000025,44.05980320838116,27.0
-1,-90.40003307971416,14.833030069444415,35.0,52.608000000000025,37.79203307971413,20.0
-1,-97.50055253158578,18.830401509259215,46.0,57.40800000000002,40.09255253158575,22.0
-1,-95.71401080101612,18.25642510648146,53.0,59.80800000000003,35.90601080101608,20.0
-1,-86.7932349516019,13.523599027777792,44.0,48.57600000000001,38.21723495160189,23.0
-1,-98.78612843386269,15.931991337962948,44.0,58.56000000000002,40.226128433862655,20.0
-1,-82.94962203341547,18.651166634259237,49.0,47.04000000000001,35.90962203341546,21.0
-1,-106.35307507441291,18.48200260648146,60.0,71.80800000000004,34.545075074412885,18.0
-1,-88.06289613841456,18.549793032407376,48.0,56.64000000000002,31.42289613841454,20.0
-1,-98.2890006080106,18.094756481481475,52.0,62.40000000000001,35.889000608010605,20.0
-1,-87.27584623308232,16.726445458333334,48.0,57.69600000000002,29.579846233082293,17.0
-1,-86.76867661269051,13.955973750000004,30.0,42.336000000000006,44.4326766126905,22.0
-1,-80.91081357332271,14.243599305555524,32.0,45.024000000000015,35.886813573322705,19.0
-1,-90.49378912803384,15.90234040277776,46.0,52.12800000000001,38.36578912803383,19.0
-1,-101.62175980341928,14.317494976851842,37.0,50.112000000000016,51.509759803419264,19.0
-1,-96.94248264226732,18.058776986111077,48.0,62.20800000000002,34.73448264226729,19.0
-1,-100.03048237971566,18.913899407407374,50.0,62.01600000000003,38.014482379715645,20.0
-1,-92.37202430908576,22.62291459722219,59.0,61.920000000000016,30.45202430908573,17.0
-1,-109.69064602415034,14.047506703703691,40.0,57.79200000000002,51.89864602415032,25.0
-1,-84.649130273445,15.152825958333349,41.0,43.68,40.969130273445,21.0
-1,-101.79430919811892,20.58071363425921,48.0,66.62400000000004,35.170309198118886,19.0
-1,-93.8495030569368,13.684274703703696,42.0,57.120000000000026,36.72950305693677,20.0
-1,-87.0836435396528,22.1799209768518,52.0,56.92800000000003,30.155643539652765,18.0
-1,-98.7977868386561,14.336224499999997,45.0,57.88800000000001,40.90978683865608,24.0
-1,-90.2892306354296,10.660607694444453,41.0,50.01600000000001,40.273230635429584,23.0
-1,-82.92421978968147,14.426822759259268,40.0,44.928,37.99621978968148,21.0
-1,-77.81610364598687,10.97891274537036,27.0,43.39200000000001,34.42410364598686,21.0
-1,-87.8586775824235,17.730714259259234,39.0,45.408000000000015,42.450677582423474,20.0
-1,-101.73690589552665,25.750042749999917,64.0,78.81600000000005,22.92090589552659,14.0
-1,-132.7417667905269,14.11215848611111,58.0,89.18400000000004,43.55776679052686,25.0
-1,-92.80735207628824,13.472733750000003,36.0,39.36000000000001,53.44735207628821,21.0
-1,-81.1082517628262,13.1932218472222,32.0,40.224,40.8842517628262,24.0
-1,-129.13872652450914,12.387033013888892,69.0,95.04000000000003,34.0987265245091,20.0
-1,-80.65731744596563,14.779181638888891,39.0,51.744000000000014,28.913317445965617,17.0
-1,-97.37681222370554,16.599172810185177,49.0,60.480000000000025,36.89681222370552,20.0
-1,-92.04917343339936,15.537228944444442,52.0,55.20000000000002,36.84917343339932,21.0
-1,-102.28786560829826,11.3162982037037,38.0,60.76800000000003,41.51986560829823,25.0
-1,-88.49546671614289,20.858728597222196,50.0,56.54400000000002,31.951466716142868,16.0
-1,-126.8361160489804,17.991093944444387,51.0,68.92800000000003,57.908116048980354,23.0
-1,-90.3807890411642,16.039473976851863,45.0,56.44800000000002,33.93278904116418,18.0
-1,-61.52164573972775,20.16300105555554,35.0,40.70400000000001,20.81764573972773,14.0
-1,-96.5889239723888,12.090407347222234,42.0,52.41600000000001,44.1729239723888,22.0
-1,-89.1353979636479,18.06090225462961,49.0,58.17600000000001,30.959397963647888,19.0
-1,-86.0641490168314,14.198471999999992,39.0,46.36800000000001,39.69614901683138,23.0
-1,-100.29542226480608,16.192495564814834,55.0,60.480000000000025,39.81542226480606,20.0
-1,-76.93434760082856,16.656168055555547,35.0,44.73600000000001,32.19834760082855,19.0
-1,-97.03503194528548,14.400110939814796,33.0,51.07200000000002,45.96303194528545,23.0
-1,-99.15528972108736,11.164437430555534,36.0,50.88000000000002,48.27528972108736,27.0
-1,-90.44133403006155,15.060372092592578,30.0,43.58400000000001,46.857334030061565,18.0
-1,-86.887188727693,17.390215050925924,43.0,51.93600000000002,34.95118872769297,17.0
-1,-109.48912285124597,16.430321453703705,57.0,68.54400000000003,40.945122851245934,23.0
-1,-92.67398288003903,14.202176638888885,46.0,59.42400000000002,33.24998288003901,19.0
-1,-93.6638116287384,21.965834939814744,55.0,64.99200000000002,28.671811628738368,16.0
-1,-95.3679390904218,16.773971796296273,43.0,55.39200000000002,39.97593909042179,21.0
-1,-82.92081617210485,17.979302087962953,37.0,48.192000000000014,34.72881617210483,18.0
-1,-101.43601475341907,18.925338449074022,56.0,70.75200000000004,30.684014753419028,19.0
-1,-91.05606382970942,13.805244907407385,42.0,57.98400000000003,33.07206382970939,20.0
-1,-144.39904532764763,17.372030592592555,59.0,84.19200000000004,60.2070453276476,22.0
-1,-86.79094238121952,10.196378111111118,31.0,48.864,37.92694238121952,23.0
-1,-82.15568004455078,12.492023726851857,31.0,43.968,38.18768004455077,18.0
-1,-86.38699633942116,21.288569967592565,48.0,51.648000000000025,34.73899633942113,17.0
-1,-82.52860853968801,14.074698365740748,46.0,50.97600000000001,31.552608539687988,19.0
-1,-117.60102286758196,16.736415847222197,65.0,78.33600000000007,39.26502286758187,22.0
-1,-92.80542453991043,17.095227291666667,46.0,55.96800000000002,36.83742453991043,20.0
-1,-96.42413946790352,15.527349810185171,50.0,60.57600000000002,35.84813946790349,21.0
-1,-74.20141502154581,14.149768666666672,27.0,36.672,37.5294150215458,21.0
-1,-82.90686626566813,13.081091467592598,31.0,34.559999999999995,48.34686626566813,24.0
-1,-84.4029940309398,9.053223546296303,29.0,41.56800000000001,42.83499403093979,23.0
-1,-86.21034995977436,11.162778518518548,42.0,45.12000000000001,41.09034995977435,24.0
-1,-76.39626074699535,13.2576161712963,41.0,47.232,29.16426074699535,18.0
-1,-101.49774458456056,15.048187643518515,48.0,54.62400000000001,46.87374458456055,22.0
-1,-93.57150329134883,14.165181351851835,46.0,53.18400000000002,40.387503291348814,21.0
-1,-106.328500541375,12.129637115740737,40.0,60.480000000000025,45.84850054137497,25.0
-1,-88.25312646305049,13.86228120833333,40.0,48.86400000000002,39.38912646305048,20.0
-1,-100.13932194110428,11.566989254629624,41.0,61.34400000000003,38.79532194110424,22.0
-1,-88.51945309132526,17.042003398148154,45.0,52.22400000000002,36.29545309132524,21.0
-1,-108.6431104621375,19.174257023148133,64.0,79.00800000000004,29.635110462137465,18.0
-1,-129.06524562309278,17.63894124999993,60.0,86.11200000000004,42.95324562309276,21.0
-1,-117.3148179959608,16.524405879629622,53.0,68.06400000000004,49.25081799596077,26.0
-1,-98.07395771755532,14.332814898148133,44.0,58.36800000000002,39.70595771755529,21.0
-1,-86.80081857995336,14.449692935185178,35.0,48.960000000000015,37.84081857995335,18.0
-1,-95.7797782203755,13.607998481481458,41.0,63.07200000000002,32.70777822037548,20.0
-1,-73.86621853656875,19.790067694444435,41.0,48.000000000000014,25.86621853656874,14.0
-1,-86.90354052839393,10.58110479166668,26.0,36.96,49.943540528393925,22.0
-1,-92.00642914757049,13.843541800925928,46.0,57.98400000000003,34.022429147570456,20.0
-1,-92.6514338362648,12.419078810185196,40.0,53.08800000000003,39.56343383626476,20.0
-1,-107.4816428819346,15.869190314814814,55.0,61.82400000000003,45.65764288193457,25.0
-1,-94.99857968071105,23.373967833333296,65.0,67.39200000000002,27.606579680711025,15.0
-1,-96.65828651811688,19.56259045370364,55.0,76.51200000000003,20.146286518116835,11.0
-1,-83.31012214595705,19.21079024074073,45.0,48.09600000000001,35.214122145957035,18.0
-1,-162.30397534858162,19.89774770833325,68.0,105.50400000000006,56.79997534858157,22.0
-1,-79.4781046302903,12.0462772824074,33.0,48.19200000000002,31.28610463029029,17.0
-1,-108.99962754504264,10.17003668055556,39.0,58.17600000000002,50.82362754504263,22.0
-1,-91.03541763952865,16.20394975,42.0,49.24800000000002,41.78741763952861,20.0
-1,-124.70824989921452,23.694844347222134,83.0,103.20000000000006,21.508249899214466,14.0
-1,-92.4385823596962,13.926406925925944,46.0,57.504000000000005,34.93458235969621,19.0
-1,-97.45663020712232,15.766037162037012,47.0,56.928000000000026,40.52863020712231,21.0
-1,-118.81346794800332,17.63702221296295,66.0,87.84000000000006,30.97346794800325,17.0
-1,-77.30583343518231,11.209186731481491,40.0,50.78400000000001,26.521833435182288,19.0
-1,-77.53495706732461,15.099766004629624,37.0,48.96000000000001,28.5749570673246,16.0
-1,-90.89093142639678,18.67356241666664,46.0,59.61600000000003,31.274931426396744,17.0
-1,-88.59422115829084,18.08873857870366,45.0,60.57600000000002,28.01822115829081,16.0
-1,-106.9020129738246,14.186019717592576,50.0,62.784000000000034,44.11801297382456,23.0
-1,-90.25002860160004,15.033164250000004,47.0,56.54400000000002,33.706028601600025,18.0
-1,-81.35429666201239,17.16979221296296,39.0,51.36000000000002,29.99429666201237,18.0
-1,-88.7874753094186,15.006626393518504,37.0,53.56800000000001,35.219475309418584,19.0
-1,-90.18992049483997,15.234342569444417,50.0,69.79200000000004,20.39792049483992,13.0
-1,-90.75111172392548,13.004907374999991,40.0,50.59200000000001,40.159111723925456,20.0
-1,-96.66061766818348,13.954435907407408,45.0,61.82400000000003,34.83661766818346,20.0
-1,-108.13496055010508,13.83536572222222,50.0,76.89600000000003,31.238960550105052,21.0
-1,-91.41191313444106,12.844786023148142,37.0,44.92800000000002,46.483913134441046,21.0
-1,-101.20011941023414,16.015622763888864,52.0,72.09600000000003,29.104119410234105,15.0
-1,-102.80263714088748,15.76092196296296,51.0,62.68800000000003,40.11463714088745,23.0
-1,-79.5957427120699,10.771647087962968,35.0,36.384,43.21174271206991,24.0
-1,-122.13172651877169,16.83776797222218,56.0,84.48000000000005,37.651726518771625,21.0
-1,-74.45936029145764,12.85089907407406,29.0,42.336000000000006,32.12336029145763,18.0
-1,-77.20017623789172,15.09189084259258,36.0,50.59200000000001,26.60817623789172,17.0
-1,-87.2728214030392,8.97913114814814,28.0,40.03200000000001,47.24082140303919,23.0
-1,-98.1971957193616,16.469869842592608,49.0,55.10400000000002,43.09319571936157,21.0
-1,-72.78577453656541,10.163701995370385,30.0,35.232,37.55377453656541,23.0
-1,-104.34669920129716,11.858877444444447,41.0,62.20800000000003,42.138699201297136,22.0
-1,-94.174819710619,18.674905162036964,46.0,64.99200000000002,29.182819710618983,18.0
-1,-122.71347529964,16.698785379629584,60.0,89.08800000000005,33.62547529963995,22.0
-1,-91.06187356593132,11.450735842592591,40.0,53.95200000000001,37.1098735659313,21.0
-1,-83.0083704753302,9.11825716203704,31.0,41.088,41.92037047533021,21.0
-1,-100.84774542262612,22.015643490740707,62.0,71.90400000000002,28.943745422626115,16.0
-1,-87.10827178100979,14.23609066203704,46.0,53.85600000000001,33.25227178100979,21.0
-1,-94.96237502508134,14.712261245370378,44.0,50.78400000000001,44.17837502508133,22.0
-1,-91.27826286635636,14.26753406944445,42.0,58.46400000000001,32.81426286635635,20.0
-1,-123.25685681417562,13.414210124999991,61.0,76.80000000000004,46.45685681417558,27.0
-1,-98.41035680910514,11.241996379629647,45.0,59.90400000000002,38.50635680910512,24.0
-1,-117.55691201774243,17.466215023148102,62.0,83.42400000000005,34.13291201774238,23.0
-1,-134.01420108001443,18.05388728240737,72.0,103.58400000000006,30.430201080014367,18.0
-1,-100.81971355154369,14.132381212962944,41.0,56.928000000000026,43.89171355154367,24.0
-1,-85.4501451965571,21.210816537037,54.0,65.66400000000002,19.786145196557086,10.0
-1,-104.38377409328106,15.870187749999989,47.0,66.52800000000002,37.85577409328104,20.0
-1,-92.81383079892618,14.328810662037045,46.0,57.984000000000016,34.82983079892617,21.0
-1,-85.71465933325571,13.49928352777778,38.0,47.90400000000002,37.81065933325569,21.0
-1,-102.04151815267264,12.162158597222234,42.0,53.08800000000002,48.953518152672615,24.0
-1,-96.63873732156488,14.291836032407383,42.0,59.80800000000002,36.83073732156487,18.0
-1,-83.78756618365917,22.047966958333337,53.0,54.43200000000001,29.35556618365916,18.0
-1,-92.3575890767462,17.691030504629627,48.0,63.93600000000003,28.42158907674616,17.0
-1,-86.78291324774419,21.159998449074063,51.0,52.99200000000001,33.79091324774418,16.0
-1,-99.80258462250652,14.34707343981479,34.0,50.30400000000002,49.4985846225065,20.0
-1,-105.09816574172176,13.708241745370362,45.0,66.33600000000003,38.76216574172174,24.0
-1,-102.22053308973476,14.335924148148132,42.0,53.760000000000026,48.46053308973474,25.0
-1,-86.92558552454693,16.46752034259256,45.0,52.992000000000026,33.933585524546906,21.0
-1,-105.21434903351542,15.086412537037022,36.0,60.67200000000002,44.54234903351541,15.0
-1,-133.76239149508683,18.82631784259255,71.0,92.16000000000004,41.60239149508679,24.0
-1,-100.89676625007844,16.291766240740728,57.0,76.99200000000006,23.904766250078367,15.0
-1,-87.03913561594172,14.09463574537036,38.0,51.16800000000002,35.8711356159417,20.0
-1,-91.34415156318612,20.149040263888867,46.0,58.56000000000002,32.78415156318611,17.0
-1,-90.27214456248088,14.759488504629642,49.0,51.840000000000025,38.43214456248087,22.0
-1,-84.01824825355106,16.34751,43.0,52.320000000000014,31.69824825355105,18.0
-1,-95.693249889588,15.281479111111084,39.0,53.95200000000003,41.74124988958796,23.0
-1,-103.77357746172216,13.765521231481468,52.0,64.41600000000004,39.35757746172213,22.0
-1,-107.29327064048492,15.502850407407388,50.0,69.12000000000003,38.17327064048489,22.0
-1,-73.58201697795133,20.723441393518485,41.0,40.8,32.78201697795132,17.0
-1,-93.29129727089833,15.193072101851838,45.0,50.11200000000001,43.1792972708983,21.0
-1,-81.80161808111012,12.711039884259256,40.0,48.38400000000002,33.417618081110106,20.0
-1,-88.17199527580337,18.277041314814827,50.0,61.15200000000003,27.01999527580334,14.0
-1,-94.82769394464393,13.96952319444444,38.0,52.896000000000015,41.93169394464391,22.0
-1,-106.62491049478,16.981722773148157,48.0,60.57600000000002,46.04891049477999,20.0
-1,-82.55999812764732,12.872807476851843,36.0,38.784,43.77599812764732,22.0
-1,-117.5143527039219,12.366657143518514,35.0,54.33600000000002,63.17835270392189,27.0
-1,-104.84885016342318,18.3603656944444,54.0,79.48800000000003,25.36085016342316,17.0
-1,-99.56768056383154,19.889607092592573,55.0,66.72000000000003,32.84768056383151,19.0
-1,-99.10189385325764,14.205575643518497,39.0,54.81600000000002,44.28589385325763,21.0
-1,-80.71480965690179,14.193751953703694,33.0,48.96000000000001,31.75480965690179,19.0
-1,-87.27307207058087,13.175388120370371,38.0,48.67200000000002,38.60107207058085,21.0
-1,-93.48746141323916,13.893263231481484,40.0,52.992000000000026,40.49546141323911,19.0
-1,-96.86797587261871,19.793732050925897,52.0,60.096000000000025,36.7719758726187,20.0
-1,-103.581993762645,17.0753654166666,56.0,72.48000000000003,31.101993762644963,18.0
-1,-102.41818350630044,16.397178143518513,50.0,62.68800000000002,39.73018350630041,20.0
-1,-112.6100027757632,13.753150314814825,31.0,44.736,67.87400277576319,26.0
-1,-88.17864565430907,17.47867895833333,44.0,49.344000000000015,38.83464565430906,20.0
-1,-85.49609355829632,17.798845916666675,36.0,44.44800000000001,41.04809355829632,18.0
-1,-91.37656820089391,20.1109744074074,54.0,63.840000000000025,27.53656820089391,17.0
-1,-78.69051493032347,12.12448094444443,36.0,48.96000000000001,29.73051493032347,19.0
-1,-90.62083255914727,13.964021851851856,35.0,51.84000000000002,38.78083255914726,22.0
-1,-93.40399549301677,14.013150074074057,39.0,55.58400000000002,37.81999549301674,20.0
-1,-103.29613658729522,20.5932823472222,67.0,67.87200000000003,35.4241365872952,19.0
-1,-91.09205317622732,16.501022930555557,43.0,58.84800000000002,32.24405317622731,17.0
-1,-81.65281555147867,25.78565233796294,51.0,59.32800000000002,22.32481555147865,12.0
-1,-86.27981286067882,15.768416412037032,41.0,55.00800000000002,31.27181286067879,19.0
-1,-88.44743292912408,22.612230888888835,54.0,63.648000000000025,24.79943292912405,14.0
-1,-92.5152873449873,16.107242458333307,41.0,53.08800000000003,39.42728734498727,19.0
-1,-80.57435617389633,12.008216407407396,29.0,41.184000000000005,39.39035617389633,22.0
-1,-99.70122965178186,19.35798189814812,65.0,70.08000000000004,29.621229651781825,17.0
-1,-87.56066925908974,17.194460773148155,40.0,50.68800000000002,36.87266925908972,21.0
-1,-88.06559919594264,15.35813381018519,41.0,50.496000000000016,37.56959919594263,20.0
-1,-134.55759220197706,15.107424222222212,63.0,90.43200000000006,44.12559220197701,24.0
-1,-76.5822871994689,15.374268439814823,47.0,51.744000000000014,24.83828719946888,17.0
-1,-89.96323047359394,14.9772083888889,44.0,52.128000000000014,37.83523047359392,22.0
-1,-82.11607131431776,14.082924689814808,37.0,53.76000000000002,28.35607131431774,19.0
-1,-87.22232231071054,19.3860346111111,50.0,51.74400000000002,35.47832231071052,19.0
-1,-104.5688529395637,15.54879861111108,43.0,63.93600000000003,40.63285293956367,23.0
-1,-96.14046732394736,13.460793768518508,35.0,49.15200000000001,46.98846732394735,24.0
-1,-101.31640058494176,9.99798134722224,27.0,44.54400000000002,56.77240058494176,22.0
-1,-72.86062415852393,14.267421333333305,33.0,39.168000000000006,33.692624158523934,19.0
-1,-72.86802377368316,11.800532546296298,29.0,30.24000000000001,42.628023773683154,22.0
-1,-97.52400593631788,15.390466018518522,46.0,56.352000000000025,41.172005936317866,23.0
-1,-102.87144714352614,12.863158874999986,34.0,50.01600000000001,52.85544714352613,23.0
-1,-93.96571292689264,17.966571773148143,41.0,55.20000000000002,38.76571292689262,19.0
-1,-154.42849698090436,17.766799449074043,64.0,93.31200000000004,61.11649698090433,25.0
-1,-103.71790125134312,18.115537537036975,54.0,62.78400000000002,40.93390125134309,23.0
-1,-91.70856645588822,15.895593217592577,36.0,49.15200000000001,42.5565664558882,22.0
-1,-103.98130852756908,13.39499320833332,39.0,51.744000000000014,52.237308527569056,25.0
-1,-90.15806583125058,13.914249787037036,37.0,47.42400000000002,42.73406583125056,22.0
-1,-84.19671415213324,17.263888703703675,44.0,56.83200000000002,27.364714152133224,17.0
-1,-90.25820858883264,15.514934023148122,49.0,61.24800000000002,29.01020858883261,18.0
-1,-92.39186506125094,13.71724442592592,40.0,51.36000000000002,41.03186506125092,23.0
-1,-88.37644855720067,14.17734840277777,46.0,51.552000000000014,36.82444855720066,22.0
-1,-90.52094796593788,11.619488925925925,36.0,51.744000000000014,38.77694796593788,21.0
-1,-104.36121262400742,16.120304347222206,54.0,65.95200000000004,38.40921262400738,21.0
-1,-111.7249233912973,15.483308273148127,44.0,75.84000000000003,35.88492339129726,20.0
-1,-88.39887782281812,15.7680265601852,38.0,43.00800000000001,45.390877822818105,22.0
-1,-80.35238560447259,21.164194902777737,46.0,50.68800000000001,29.66438560447257,16.0
-1,-82.75398528186022,10.53044985185188,38.0,43.968,38.78598528186022,22.0
-1,-77.90542582811648,12.539822555555558,35.0,44.352,33.553425828116474,19.0
-1,-89.48127884464174,15.796779870370358,44.0,54.62400000000002,34.857278844641705,21.0
-1,-84.74494961287874,11.42408780555554,44.0,58.94400000000002,25.80094961287873,17.0
-1,-96.42898716484578,17.370751412037006,53.0,64.32000000000002,32.10898716484575,20.0
-1,-99.77487450471423,16.07501976388888,47.0,57.792000000000016,41.98287450471422,24.0
-1,-90.85609908100209,15.009222583333324,41.0,51.84000000000002,39.01609908100205,22.0
-1,-82.05490497998036,14.195620472222211,34.0,46.56000000000001,35.49490497998036,19.0
-1,-116.40270129831283,16.474703402777752,52.0,73.15200000000004,43.250701298312805,21.0
-1,-93.96261949511435,14.106543111111115,47.0,56.832000000000015,37.13061949511433,19.0
-1,-96.02064322675604,11.131146847222206,39.0,53.95200000000002,42.06864322675603,24.0
-1,-77.86884629340096,11.530356249999995,41.0,46.46400000000001,31.404846293400944,19.0
-1,-85.61880715441887,14.052723773148143,33.0,49.536000000000016,36.08280715441887,18.0
-1,-107.81793222839384,20.752679189814717,72.0,75.55200000000004,32.265932228393794,20.0
-1,-85.08757383159421,14.206222986111078,40.0,54.81600000000001,30.271573831594203,18.0
-1,-82.22207117590142,13.880658236111117,35.0,46.65600000000001,35.566071175901406,20.0
-1,-91.14084926218136,15.454091699074056,38.0,52.22400000000002,38.91684926218133,19.0
-1,-115.59349662669445,22.024620185185107,73.0,84.28800000000007,31.305496626694367,20.0
-1,-94.0931549825683,16.222504935185178,51.0,64.22400000000002,29.869154982568272,17.0
-1,-107.80698947057668,12.115768398148164,52.0,64.80000000000004,43.00698947057663,21.0
-1,-92.74769339127305,13.357321106481498,46.0,55.00800000000001,37.73969339127303,20.0
-1,-75.79925750993489,16.180369717592594,42.0,47.904,27.895257509934883,18.0
-1,-74.5098490643824,14.447298300925938,42.0,43.29600000000001,31.213849064382387,19.0
-1,-72.87671560784484,14.658888828703708,33.0,38.976000000000006,33.90071560784484,21.0
-1,-110.93623232880718,17.219440624999972,57.0,75.36000000000004,35.57623232880714,21.0
-1,-147.23531071624325,16.946104504629606,64.0,100.51200000000004,46.72331071624322,19.0
-1,-83.86154580745463,10.345043555555549,38.0,53.56800000000002,30.293545807454606,18.0
-1,-94.40665919739732,20.25921177777772,58.0,68.64000000000003,25.766659197397285,17.0
-1,-96.26918031152591,14.855884166666662,49.0,61.34400000000002,34.925180311525914,20.0
-1,-89.31861030400125,17.878307499999995,53.0,64.03200000000002,25.286610304001226,14.0
-1,-87.14468510625545,13.236247504629628,42.0,53.66400000000001,33.48068510625544,19.0
-1,-67.30881504628319,13.200979759259257,32.0,32.06400000000001,35.24481504628318,22.0
-1,-81.24169498577554,15.438952620370353,43.0,55.58400000000002,25.65769498577552,16.0
-1,-95.03323655360654,14.212053370370358,51.0,63.74400000000002,31.289236553606514,20.0
-1,-106.1078417922222,13.51973569907408,46.0,53.472000000000016,52.635841792222166,24.0
-1,-101.81166834876154,15.65355027777776,53.0,67.48800000000004,34.3236683487615,19.0
-1,-141.02020418113003,15.58380103703704,67.0,97.82400000000004,43.19620418112999,22.0
-1,-84.35898173354641,19.693831601851844,48.0,52.416000000000025,31.9429817335464,18.0
-1,-92.39973565338722,17.189837268518502,47.0,61.44000000000002,30.95973565338721,18.0
-1,-97.1586040937774,17.63958997222218,54.0,64.99200000000002,32.16660409377739,20.0
-1,-89.41789542042522,15.534353495370349,47.0,63.07200000000002,26.34589542042521,15.0
-1,-111.62681178393106,15.659099111111091,50.0,72.96000000000004,38.66681178393103,23.0
-1,-89.45015181796992,20.8962708379629,61.0,59.90400000000002,29.5461518179699,17.0
-1,-91.87351643704744,17.374643712962975,50.0,48.86400000000001,43.009516437047424,21.0
-1,-79.89316986112675,10.957070518518533,32.0,42.528000000000006,37.365169861126745,21.0
-1,-105.18150494913854,16.849483666666657,52.0,68.64000000000003,36.541504949138506,19.0
-1,-116.76599318937602,16.5379357361111,63.0,82.08000000000004,34.68599318937598,19.0
-1,-106.91938570912124,18.67162693518516,60.0,78.24000000000005,28.67938570912118,18.0
-1,-72.80308039826582,13.812470546296309,42.0,48.19200000000001,24.611080398265813,14.0
-1,-90.45001687711762,14.085337624999978,41.0,48.86400000000002,41.5860168771176,24.0
-1,-117.1697299816318,18.87081339814809,49.0,63.74400000000003,53.42572998163178,20.0
-1,-101.13361507185988,18.64789421759253,59.0,74.49600000000004,26.637615071859845,16.0
-1,-100.5144659134084,17.07176859722219,56.0,65.85600000000004,34.65846591340837,19.0
-1,-77.03810405670184,19.19997037499996,49.0,52.320000000000014,24.718104056701826,15.0
-1,-93.0835281338848,13.003905962962952,41.0,59.32800000000002,33.75552813388479,18.0
-1,-84.56595441703956,12.982849884259256,33.0,43.00800000000001,41.557954417039554,21.0
-1,-109.38900363868204,16.568922134259203,57.0,81.60000000000002,27.78900363868201,18.0
-1,-89.75407645592614,12.518236361111098,46.0,60.96000000000002,28.79407645592612,18.0
-1,-88.73364369699743,12.872734796296294,49.0,54.81600000000001,33.91764369699742,21.0
-1,-93.91348717592264,17.023747351851828,48.0,58.65600000000003,35.25748717592262,19.0
-1,-74.98086445270826,13.57939223611111,34.0,40.41600000000001,34.56486445270825,21.0
-1,-111.00509690616622,17.52141160648143,53.0,67.39200000000002,43.6130969061662,19.0
-1,-74.51064833641715,9.95476619907409,28.0,33.024,41.486648336417154,25.0
-1,-83.56486355744464,15.10278236574074,45.0,52.8,30.76486355744463,18.0
-1,-91.58317309499743,14.017329421296273,43.0,61.248000000000026,30.33517309499741,16.0
-1,-91.27758973402206,17.17376960648146,43.0,54.240000000000016,37.03758973402204,22.0
-1,-84.64971635649434,16.380474754629617,49.0,51.360000000000014,33.289716356494324,20.0
-1,-95.37007806321748,19.153365675925905,50.0,61.72800000000003,33.64207806321745,16.0
-1,-83.11332870879825,10.176740759259264,30.0,47.61600000000001,35.49732870879824,20.0
-1,-96.02270959589842,13.956653148148137,39.0,48.384000000000015,47.6387095958984,24.0
-1,-100.59534374246888,15.99038978703702,54.0,72.48000000000003,28.115343742468845,17.0
-1,-96.25251969864912,10.008491060185202,38.0,51.168000000000006,45.0845196986491,23.0
-1,-78.93832784009481,15.284466486111096,41.0,46.75200000000001,32.186327840094805,18.0
-1,-84.75866553883803,16.60868437499998,44.0,53.18400000000001,31.57466553883802,17.0
-1,-83.18134767549101,9.267938032407406,27.0,38.88000000000001,44.301347675491,21.0
-1,-120.1735285876251,21.86839662962958,66.0,74.68800000000003,45.48552858762507,21.0
-1,-101.38131245460548,14.061097393518498,41.0,60.864000000000026,40.51731245460546,21.0
-1,-78.79061231491723,11.397076898148146,35.0,44.64000000000001,34.15061231491722,19.0
-1,-84.01918938607962,14.183864189814807,33.0,43.29600000000001,40.72318938607961,23.0
-1,-73.18993289987122,12.639584814814802,36.0,44.83200000000001,28.357932899871216,19.0
-1,-94.35045907854982,14.631879972222215,44.0,58.84800000000002,35.502459078549805,18.0
-1,-85.65226326867115,16.423227509259256,37.0,49.82400000000003,35.82826326867112,20.0
-1,-79.6330999540769,14.177360472222215,42.0,51.64800000000002,27.985099954076876,17.0
-1,-74.25438708137159,14.474730472222216,34.0,36.768,37.48638708137159,18.0
-1,-84.05994344100576,17.995494962962947,46.0,53.08800000000002,30.97194344100573,19.0
-1,-80.74051435261856,12.70463993518517,32.0,44.16000000000001,36.58051435261856,20.0
-1,-98.4207225095869,12.01636416666666,36.0,54.81600000000002,43.60472250958688,21.0
-1,-96.1215758135735,17.41802557870366,49.0,64.70400000000002,31.41757581357348,18.0
-1,-83.06017482191402,13.686701680555556,39.0,47.232,35.828174821914025,20.0
-1,-89.47310194538612,17.197046856481446,44.0,61.63200000000002,27.841101945386104,18.0
-1,-83.01428909217177,11.464879972222231,37.0,48.000000000000014,35.01428909217176,20.0
-1,-92.93300265549374,13.653351412037011,34.0,49.920000000000016,43.01300265549373,21.0
-1,-109.0058761341134,13.902352763888889,46.0,63.55200000000003,45.45387613411337,23.0
-1,-98.91822023154366,13.151013472222203,37.0,55.58400000000003,43.334220231543625,21.0
-1,-83.71827566598452,12.854974287037033,33.0,44.832,38.88627566598453,19.0
-1,-112.0553604549162,13.8420256064815,46.0,62.20800000000003,49.84736045491619,23.0
-1,-93.36048271732346,19.19779805092585,53.0,69.31200000000003,24.04848271732343,16.0
-1,-87.35217159992132,13.423834689814804,38.0,51.07200000000002,36.280171599921296,21.0
-1,-93.18222157447047,10.537394467592597,41.0,56.35200000000002,36.830221574470464,22.0
-1,-82.09976173707221,9.130997305555562,36.0,41.088,41.011761737072206,23.0
-1,-86.79035781093202,14.634899120370363,39.0,49.82400000000001,36.966357810932,19.0
-1,-86.32297674026674,11.187902662037054,37.0,49.728,36.594976740266745,21.0
-1,-88.43724951043458,15.644522532407402,45.0,55.10400000000001,33.33324951043457,17.0
-1,-84.85324730232843,13.649444949074072,37.0,49.24800000000001,35.605247302328415,19.0
-1,-132.89159091980764,15.659807717592557,66.0,94.65600000000006,38.23559091980757,21.0
-1,-74.99534044977179,16.120681722222212,41.0,48.67200000000001,26.323340449771774,18.0
-1,-123.67880000417628,16.607415597222232,52.0,67.39200000000002,56.28680000417625,19.0
-1,-103.22964011112836,21.862332773148065,66.0,86.01600000000005,17.21364011112831,10.0
-1,-92.96328438212224,14.52022472685185,46.0,55.872,37.09128438212224,18.0
-1,-106.88148375556769,12.886826680555544,53.0,73.82400000000004,33.05748375556764,18.0
-1,-85.26953285527327,17.09061911574074,50.0,57.216,28.05353285527326,16.0
-1,-78.6131547361074,13.5442067037037,35.0,49.824000000000005,28.789154736107395,19.0
-1,-81.5537793304822,11.988949435185187,38.0,49.92000000000001,31.633779330482188,18.0
-1,-86.61638242805748,14.660589328703702,41.0,50.49600000000001,36.12038242805747,22.0
-1,-90.57373495552496,14.900371379629629,46.0,57.120000000000026,33.45373495552493,19.0
-1,-93.40025381145288,19.1915460509259,47.0,65.08800000000002,28.31225381145285,16.0
-1,-84.83158059051453,15.02029867129628,49.0,56.35200000000002,28.479580590514523,19.0
-1,-82.5451511363533,18.516928291666645,47.0,59.52000000000002,23.02515113635328,16.0
-1,-68.13844714898545,12.925247703703691,30.0,35.904,32.23444714898545,20.0
-1,-99.90998070383787,16.377667726851843,44.0,51.360000000000014,48.54998070383788,22.0
-1,-111.13762234437068,14.007201041666654,47.0,56.83200000000002,54.30562234437066,26.0
-1,-79.07180790269375,16.814141074074083,41.0,55.968000000000025,23.10380790269372,13.0
-1,-108.4021813777126,17.583368189814763,50.0,75.36000000000004,33.04218137771255,20.0
-1,-91.64895219196458,18.383708657407407,50.0,63.36000000000003,28.28895219196456,17.0
-1,-131.6320658103352,14.60272948148148,58.0,84.76800000000004,46.86406581033516,26.0
-1,-88.87316347986032,15.651299893518509,51.0,59.808000000000014,29.065163479860303,17.0
-1,-77.52973956469319,13.02266179166666,34.0,49.24800000000001,28.28173956469317,17.0
-1,-79.48022489653519,18.680251222222225,48.0,47.424000000000014,32.05622489653518,18.0
-1,-84.57498324918024,11.52119127777779,42.0,48.00000000000001,36.57498324918022,22.0
-1,-107.2115123267828,16.27621346296295,47.0,65.95200000000003,41.25951232678277,22.0
-1,-79.93671631290445,22.966245365740697,55.0,60.38400000000002,19.55271631290443,11.0
-1,-90.77438533493398,12.51765167592592,40.0,55.68000000000002,35.09438533493396,19.0
-1,-89.1100835081343,11.783279699074074,38.0,47.424000000000014,41.68608350813428,24.0
-1,-68.51346161754729,12.09930497222222,31.0,38.784000000000006,29.729461617547283,19.0
-1,-99.25464137429864,14.490665226851846,47.0,64.03200000000002,35.222641374298604,19.0
-1,-72.62829103329074,15.935905759259262,40.0,40.70400000000002,31.924291033290714,18.0
-1,-106.02221477600476,15.702341921296266,40.0,56.928000000000026,49.09421477600474,22.0
-1,-100.85042762764624,17.380835268518506,49.0,70.08000000000004,30.77042762764619,18.0
-1,-96.41164975389606,19.958781106481418,51.0,65.56800000000004,30.843649753896017,18.0
-1,-92.1552092165186,15.04356287037036,42.0,57.69600000000002,34.45920921651857,20.0
-1,-77.92745372795004,13.95952272222221,34.0,50.304,27.623453727950032,17.0
-1,-95.60394087471964,14.983410726851847,36.0,55.68000000000002,39.923940874719605,21.0
-1,-120.16446118215973,14.434408375000006,56.0,81.60000000000004,38.56446118215969,22.0
-1,-99.35880553590712,14.281679393518498,49.0,60.76800000000003,38.59080553590708,23.0
-1,-83.12974931437213,20.762808055555567,46.0,52.224000000000025,30.90574931437212,14.0
-1,-106.5081823027148,19.10790306481478,55.0,66.33600000000003,40.17218230271479,18.0
-1,-128.8746790690077,14.882287972222231,60.0,90.81600000000005,38.05867906900767,21.0
-1,-95.7835286399202,16.36931742592594,47.0,61.05600000000002,34.727528639920195,17.0
-1,-87.24000451195613,17.614543365740733,43.0,55.87200000000002,31.36800451195611,17.0
-1,-89.04323410482343,16.150214384259247,43.0,57.50400000000002,31.53923410482341,18.0
-1,-85.7446881997738,12.917593435185182,47.0,54.04800000000003,31.696688199773767,23.0
-1,-72.50268539583928,14.049056305555553,36.0,42.048,30.454685395839284,19.0
-1,-103.3983912534652,10.630974546296288,43.0,48.096000000000025,55.30239125346517,26.0
-1,-103.6690498711614,16.739716226851833,61.0,71.80800000000004,31.861049871161352,17.0
-1,-90.02052213325271,14.799675925925932,43.0,59.23200000000002,30.788522133252684,18.0
-1,-99.67296157954344,17.3675454722222,53.0,70.75200000000002,28.920961579543413,17.0
-1,-99.82640904846652,13.566025120370355,49.0,66.33600000000004,33.490409048466496,21.0
-1,-98.16971210199922,16.046130143518525,47.0,60.38400000000002,37.7857121019992,20.0
-1,-85.32938822021276,15.821870800925938,42.0,47.23200000000001,38.09738822021275,19.0
-1,-87.47818151131327,12.419811273148136,31.0,45.216,42.26218151131327,21.0
-1,-141.33691209424822,15.864262722222207,65.0,105.31200000000004,36.02491209424816,21.0
-1,-103.9923114049833,17.084964458333303,47.0,56.928000000000026,47.06431140498328,21.0
-1,-87.90492184593342,15.656258259259271,41.0,53.664000000000016,34.24092184593339,17.0
-1,-92.73031954628242,17.768281046296295,54.0,65.37600000000002,27.354319546282397,15.0
-1,-112.26062309073326,13.561502250000006,47.0,75.55200000000004,36.70862309073323,19.0
-1,-80.04677399267898,13.61085575925926,38.0,50.01600000000001,30.030773992678963,21.0
-1,-92.40862830978398,15.358029402777776,37.0,52.41600000000002,39.99262830978397,21.0
-1,-86.7230395926646,21.85831013425921,57.0,57.12,29.6030395926646,18.0
-1,-78.33014646729313,15.036539629629628,36.0,47.90400000000002,30.426146467293115,18.0
-1,-148.57757892631463,18.66664610185185,79.0,105.40800000000006,43.16957892631456,21.0
-1,-88.48049352668957,12.427465064814804,38.0,49.056,39.42449352668958,20.0
-1,-93.56290012754846,18.09039798148148,53.0,62.20800000000001,31.354900127548444,17.0
-1,-67.47802473430272,16.247209944444453,35.0,35.42400000000001,32.054024734302715,18.0
-1,-111.23101827237872,13.395422583333328,49.0,67.58400000000003,43.6470182723787,24.0
-1,-83.67887372953555,13.73906686111113,34.0,44.54400000000001,39.13487372953554,20.0
-1,-89.19341818362835,13.707798870370365,39.0,51.36000000000001,37.83341818362835,23.0
-1,-95.10209594863232,14.905552527777768,46.0,62.49600000000001,32.60609594863232,18.0
-1,-80.21367127744597,14.819259814814792,35.0,46.080000000000005,34.13367127744597,18.0
-1,-67.98238381903856,11.64005664351852,35.0,42.527999999999984,25.454383819038576,16.0
-1,-80.69674592881748,11.530684236111105,32.0,40.70400000000001,39.99274592881748,21.0
-1,-93.05260286262484,16.63246292592592,50.0,57.50400000000002,35.548602862624826,20.0
-1,-87.21158246978712,14.317639324074062,41.0,49.24800000000002,37.9635824697871,22.0
-1,-84.66009008609127,13.862796675925903,40.0,54.14400000000002,30.516090086091253,17.0
-1,-77.95827117840827,15.82734725462964,39.0,47.71200000000001,30.246271178408254,18.0
-1,-81.51724444410102,13.065213740740734,29.0,34.464000000000006,47.05324444410102,24.0
-1,-91.05720674047804,14.406698319444446,40.0,57.11999999999999,33.93720674047807,20.0
-1,-105.59258665509527,14.763424333333308,54.0,67.00800000000001,38.58458665509527,22.0
-1,-75.14793886654705,13.236056064814798,38.0,44.63999999999999,30.50793886654705,18.0
-1,-121.83759348578847,13.3630122037037,49.0,76.99200000000003,44.84559348578845,26.0
-1,-89.72148387415626,19.35004337962962,47.0,55.00800000000002,34.71348387415624,18.0
-1,-84.9305934096085,16.28057505092591,44.0,55.39200000000002,29.53859340960848,18.0
-1,-82.16713467454657,15.061707194444423,38.0,45.31200000000001,36.85513467454656,20.0
-1,-85.74819154694583,13.640692476851838,41.0,54.048000000000016,31.700191546945817,19.0
-1,-82.27950334828516,13.402910305555556,37.0,51.36000000000001,30.91950334828515,17.0
-1,-91.20010687478336,14.527802138888877,41.0,52.320000000000014,38.88010687478336,21.0
-1,-90.78311421944366,14.40589113425925,48.0,59.808000000000014,30.97511421944365,20.0
-1,-107.6187911253227,13.888520407407375,53.0,68.44800000000002,39.17079112532267,26.0
-1,-150.03915000590428,13.81871074074074,66.0,102.14400000000006,47.89515000590423,25.0
-1,-74.14073196160196,12.69455067592593,41.0,42.912,31.228731961601955,19.0
-1,-81.10302028283945,11.901025810185194,42.0,46.080000000000005,35.02302028283945,23.0
-1,-143.52301855173033,11.296859421296311,56.0,93.12000000000003,50.40301855173028,27.0
-1,-86.91581158439456,13.664233671296286,39.0,47.13600000000001,39.779811584394544,21.0
-1,-81.46332401490102,15.765349263888876,44.0,50.88000000000001,30.583324014901017,18.0
-1,-107.65516694819294,13.800531060185182,42.0,59.13600000000002,48.51916694819292,25.0
-1,-97.4699040038467,17.584139092592576,51.0,57.984000000000016,39.48590400384669,22.0
-1,-114.12791104261284,16.001199708333317,55.0,84.48000000000003,29.647911042612822,19.0
-1,-87.96579452866196,10.96561037500001,30.0,45.69600000000001,42.26979452866195,25.0
-1,-104.89562091277446,20.04948583796291,62.0,74.78400000000003,30.11162091277443,19.0
-1,-87.88566483706686,11.500613203703692,34.0,51.93600000000002,35.94966483706684,21.0
-1,-90.37857468671636,19.07816293981477,62.0,69.31200000000004,21.06657468671632,14.0
-1,-78.99892497793404,11.386820925925932,28.0,37.44,41.55892497793404,21.0
-1,-104.73202549459342,14.876393810185167,52.0,62.78400000000003,41.9480254945934,24.0
-1,-80.74927915246951,13.08222797685184,32.0,42.720000000000006,38.0292791524695,22.0
-1,-83.10270489490308,9.718274592592604,28.0,40.03200000000001,43.07070489490307,25.0
-1,-97.37409496422988,17.18806360185186,54.0,65.56800000000003,31.806094964229857,18.0
-1,-108.56968248288996,13.27529955092592,49.0,66.04800000000003,42.52168248288994,24.0
-1,-82.20923067463451,20.04944352314813,48.0,59.04000000000002,23.169230674634488,14.0
-1,-80.18124182179753,13.389893393518513,32.0,43.776,36.40524182179753,20.0
-1,-98.6934282853968,17.684657814814795,54.0,65.28000000000003,33.41342828539676,20.0
-1,-130.88017369163816,18.1016395694444,54.0,76.51200000000004,54.36817369163813,24.0
-1,-96.61158326788863,23.249109930555505,61.0,75.16800000000003,21.4435832678886,14.0
-1,-94.70355531100992,15.682455398148123,38.0,55.87200000000002,38.8315553110099,20.0
-1,-86.587456575977,16.795221888888875,41.0,50.49600000000001,36.09145657597698,21.0
-1,-81.17837029932755,14.250884268518517,38.0,44.64000000000001,36.53837029932755,20.0
-1,-97.72044907253418,19.94761180555548,59.0,71.61600000000004,26.104449072534138,16.0
-1,-96.64709332001988,13.462158416666671,44.0,62.11200000000001,34.53509332001986,21.0
-1,-75.30420326100909,15.4794039074074,45.0,51.07200000000002,24.23220326100907,16.0
-1,-86.83042176389235,10.678469106481495,34.0,46.84800000000001,39.98242176389233,24.0
-1,-96.09422719865869,17.42298354166662,58.0,71.32800000000005,24.766227198658623,18.0
-1,-76.8992006852595,12.018433981481484,33.0,39.93600000000001,36.96320068525949,22.0
-1,-119.07894054228048,17.31183376851847,60.0,72.28800000000004,46.79094054228045,27.0
-1,-79.88026878684039,19.705902842592558,44.0,48.576000000000015,31.30426878684037,17.0
-1,-88.77717517963222,11.92886233796298,36.0,43.00800000000001,45.76917517963221,21.0
-1,-70.6333812179946,12.894917768518518,34.0,38.400000000000006,32.23338121799459,18.0
-1,-105.94256949365035,17.08765847222217,50.0,69.69600000000004,36.24656949365031,20.0
-1,-90.62362741989612,18.61915868518513,50.0,62.30400000000003,28.31962741989608,18.0
-1,-84.53274898598089,13.08251239814814,44.0,56.35200000000002,28.180748985980877,18.0
-1,-75.36644061581018,17.884253310185176,45.0,50.40000000000002,24.966440615810164,16.0
-1,-91.39486552165364,21.73206752777772,59.0,63.26400000000002,28.130865521653615,17.0
-1,-94.17357335805106,14.873901967592582,51.0,59.712000000000025,34.461573358051034,21.0
-1,-92.9348147224229,16.73829499074071,44.0,58.75200000000002,34.18281472242288,19.0
-1,-109.12938465547496,12.70763512500001,49.0,65.18400000000003,43.945384655474925,24.0
-1,-77.4388822633235,18.718246962962954,45.0,51.45600000000001,25.982882263323496,15.0
-1,-103.55845624760371,17.227865148148098,49.0,67.77600000000001,35.7824562476037,21.0
-1,-82.4325370325441,14.093113662037045,35.0,51.552000000000014,30.88053703254409,18.0
-1,-93.36542832750928,21.102212009259222,50.0,53.85600000000002,39.50942832750926,16.0
-1,-119.3594688228157,20.034682236111028,58.0,78.14400000000003,41.21546882281566,21.0
-1,-90.43021158167362,13.441429310185177,39.0,57.792000000000016,32.6382115816736,19.0
-1,-95.76428489523,16.796395875000005,50.0,68.54400000000001,27.22028489523,15.0
-1,-95.62866676453773,13.740881550925906,47.0,64.80000000000003,30.828666764537694,21.0
-1,-107.31969243315125,16.746972921296244,48.0,60.00000000000002,47.31969243315122,24.0
-1,-96.45696835333268,19.53268445833332,50.0,64.51200000000003,31.944968353332648,16.0
-1,-89.9726340924432,14.382724490740722,40.0,55.96800000000002,34.00463409244319,18.0
-1,-123.82861053067204,13.15837221759261,54.0,85.34400000000004,38.484610530672,25.0
-1,-101.0808078611335,14.108191356481475,46.0,65.95200000000003,35.12880786113347,19.0
-1,-73.49759805300047,14.517295967592585,37.0,46.56000000000001,26.937598053000457,16.0
-1,-86.0704082983319,18.61138666666667,44.0,47.13600000000002,38.93440829833189,19.0
-1,-79.24613855818501,15.182238175925953,40.0,46.272,32.974138558185004,16.0
-1,-83.48158862626289,20.13807861574071,51.0,58.65600000000003,24.82558862626286,14.0
-1,-92.65729888891428,16.993216865740745,46.0,59.52000000000003,33.13729888891425,19.0
-1,-87.56809124825392,11.304626782407418,36.0,49.53600000000002,38.03209124825391,24.0
-1,-88.36046161549758,17.93443244907402,45.0,58.17600000000002,30.184461615497565,19.0
-1,-102.85561586985077,12.037017749999992,44.0,61.53600000000001,41.31961586985075,23.0
-1,-94.343023695488,18.81137907870369,44.0,52.608000000000025,41.73502369548796,20.0
-1,-96.07814759309596,16.77174918518515,56.0,62.976000000000006,33.10214759309595,21.0
-1,-76.91017743902799,16.075902092592578,43.0,50.40000000000002,26.510177439027967,17.0
-1,-97.21408387617336,14.901329944444411,45.0,60.09600000000003,37.11808387617334,22.0
-1,-97.38526597820412,18.38146047685179,57.0,62.30400000000002,35.081265978204115,20.0
-1,-114.09209795622286,17.21168358333329,48.0,70.36800000000004,43.72409795622283,25.0
-1,-104.18045256267952,13.305611601851837,47.0,69.98400000000002,34.19645256267951,19.0
-1,-95.69788459585122,15.733182069444412,42.0,55.20000000000003,40.49788459585119,22.0
-1,-87.79103389797824,17.05595762962963,50.0,56.640000000000015,31.15103389797822,20.0
-1,-109.2276788582979,19.989497675925858,54.0,78.43200000000003,30.79567885829787,17.0
-1,-94.3276028696186,11.827868847222232,41.0,53.184000000000026,41.14360286961857,22.0
-1,-85.47615275936583,18.676504111111093,48.0,57.60000000000003,27.8761527593658,17.0
-1,-99.72313547897843,12.083098365740724,44.0,62.30400000000003,37.41913547897842,22.0
-1,-95.84623610127058,9.33533861111112,43.0,55.10400000000003,40.74223610127055,23.0
-1,-82.54847070427427,9.017897712962975,34.0,41.952,40.59647070427427,24.0
-1,-80.17501234686425,9.53460232407408,30.0,41.568,38.60701234686425,21.0
-1,-97.8196704489686,13.631419212962946,44.0,60.28800000000002,37.53167044896857,23.0
-1,-86.60844008401756,13.602468745370375,47.0,55.96800000000002,30.640440084017538,20.0
-1,-88.44646950159496,14.60251886111111,38.0,48.09600000000002,40.350469501594944,23.0
-1,-103.25135698843611,13.591737337962938,44.0,67.39200000000004,35.85935698843609,17.0
-1,-93.5196392862702,14.63391459722221,45.0,56.73600000000002,36.78363928627017,20.0
-1,-106.5852145754204,20.43681088425917,57.0,71.04000000000002,35.54521457542039,22.0
-1,-90.784000919011,14.388141944444431,43.0,56.44800000000002,34.336000919010985,20.0
-1,-85.82155873856716,15.941903680555544,48.0,56.160000000000025,29.66155873856713,19.0
-1,-70.51235707367229,14.22226964814814,46.0,45.984,24.52835707367229,16.0
-1,-85.95368664432945,12.62503724537038,40.0,45.216000000000015,40.73768664432944,23.0
-1,-79.49932488836107,13.09212080092591,37.0,49.44000000000001,30.059324888361065,18.0
-1,-86.54893353863032,11.620994083333336,40.0,48.28800000000001,38.26093353863031,18.0
-1,-94.52962712357888,12.685474884259234,47.0,64.99200000000002,29.537627123578865,18.0
-1,-81.60575391208022,12.279439638888883,31.0,41.08800000000001,40.5177539120802,24.0
-1,-84.87383095977216,13.398469000000004,36.0,50.49600000000001,34.377830959772155,20.0
-1,-91.8343044683882,13.56299992592592,43.0,58.56000000000003,33.27430446838819,21.0
-1,-78.22829103984131,14.14056842129629,35.0,47.424,30.80429103984131,19.0
-1,-88.70802199128812,12.571820967592576,35.0,54.72000000000002,33.98802199128809,18.0
-1,-77.16392396702497,12.570317773148137,39.0,48.960000000000015,28.20392396702496,19.0
-1,-88.43129561739951,10.964349990740743,36.0,53.37600000000002,35.055295617399494,23.0
-1,-76.01279241883586,14.925078597222235,36.0,42.144000000000005,33.86879241883585,20.0
-1,-80.56263593176664,13.38376813888891,35.0,45.408000000000015,35.15463593176661,20.0
-1,-101.90184411496556,13.58786299537036,34.0,50.88000000000002,51.02184411496554,21.0
-1,-85.45542844174855,21.06851030092594,52.0,50.49600000000001,34.95942844174854,16.0
-1,-105.42127651227752,14.98930577314812,47.0,67.77600000000002,37.64527651227751,19.0
-1,-83.11919030895976,13.585069856481477,40.0,47.808000000000014,35.31119030895974,18.0
-1,-106.83938860494328,14.401387847222209,45.0,57.408000000000015,49.43138860494327,23.0
-1,-96.77549789620087,17.999092199074056,46.0,66.43200000000002,30.34349789620087,17.0
-1,-99.55911744001946,12.4946131898148,38.0,55.00800000000002,44.551117440019446,21.0
-1,-76.9313478472915,10.928971787037035,32.0,37.632000000000005,39.29934784729149,20.0
-1,-85.74312828781842,11.199795648148156,49.0,47.136,38.607128287818426,22.0
-1,-92.12961710522276,12.112196634259249,37.0,50.20800000000001,41.92161710522274,22.0
-1,-77.71409012410024,14.238479143518516,40.0,51.360000000000014,26.354090124100225,19.0
-1,-110.95077099675808,15.254842828703689,47.0,70.27200000000002,40.67877099675806,21.0
-1,-88.42036163861701,17.419558837962928,45.0,52.51200000000003,35.908361638616974,21.0
-1,-111.22734337394752,19.344238379629616,58.0,81.79200000000004,29.43534337394748,15.0
-1,-92.99025985924524,12.241118351851837,44.0,54.240000000000016,38.75025985924521,20.0
-1,-93.6870985012708,12.340373754629628,38.0,53.76000000000002,39.92709850127079,25.0
-1,-92.48150596749984,10.490938851851867,32.0,45.31200000000001,47.16950596749983,25.0
-1,-69.68139918123734,16.799762351851854,32.0,38.592000000000006,31.08939918123733,17.0
-1,-90.57797052399611,17.17507692592595,51.0,63.64800000000002,26.92997052399611,15.0
-1,-112.3592179331344,15.411351546296316,46.0,64.51200000000003,47.84721793313438,21.0
-1,-86.19402097172647,16.43472162500001,40.0,53.760000000000026,32.43402097172645,16.0
-1,-88.1912514810164,13.16745069444444,40.0,51.84000000000002,36.35125148101637,22.0
-1,-106.28985753293132,15.930518967592583,53.0,71.04000000000003,35.24985753293127,22.0
-1,-125.97952588028576,19.32802864814812,68.0,97.24800000000003,28.731525880285705,18.0
-1,-94.75758025596024,15.048056921296276,48.0,63.07200000000001,31.685580255960247,20.0
-1,-83.20338314072191,16.478720708333327,43.0,54.52800000000002,28.67538314072189,18.0
-1,-79.36706859678267,9.373347972222234,23.0,37.248000000000005,42.11906859678267,25.0
-1,-87.98082723238718,13.619625064814796,47.0,53.85600000000002,34.12482723238716,23.0
-1,-90.50805513802,14.657809986111108,42.0,63.16800000000003,27.34005513801999,18.0
-1,-98.3946653201013,11.51533693518519,43.0,57.21600000000002,41.17866532010128,23.0
-1,-102.80989925062798,15.19172743981478,55.0,71.23200000000004,31.577899250627933,20.0
-1,-78.74221009868104,22.58487445833332,47.0,52.41600000000002,26.326210098681024,13.0
-1,-89.92343939413148,16.548136430555534,56.0,65.37600000000003,24.547439394131445,15.0
-1,-82.6367746854412,8.765652995370372,32.0,46.56000000000001,36.07677468544119,25.0
-1,-76.14635448803062,14.07021941203704,30.0,40.03200000000001,36.11435448803061,20.0
-1,-107.91328235876512,13.987032967592574,37.0,60.768000000000015,47.14528235876511,20.0
-1,-119.57764129123598,16.3872935648148,58.0,77.08800000000004,42.48964129123595,24.0
-1,-97.68956178614262,10.923007569444444,38.0,52.896000000000015,44.79356178614261,24.0
-1,-93.17414954919543,18.312599175925897,50.0,56.928,36.24614954919544,20.0
-1,-103.82913367459352,14.045270175925902,37.0,55.680000000000014,48.14913367459352,21.0
-1,-95.10961983900086,15.17381430092592,42.0,59.23200000000002,35.87761983900084,20.0
