-1,-516.5530383965423,68.82826373611113,188.0,121.63200000000009,394.92103839654226,30.0
-1,-435.6651910621789,84.9967218564815,346.0,249.60000000000028,186.06519106217863,30.0
-1,-523.1843614351869,103.46568187500004,348.0,236.06400000000005,287.1203614351869,30.0
-1,-647.0458239020363,155.8416629444447,443.0,290.8800000000004,356.165823902036,30.0
-1,-509.6917997628892,84.94664647222217,361.0,269.95199999999994,239.7397997628893,28.0
-1,-599.7802883806887,88.33869735185179,407.0,332.35199999999975,267.4282883806889,28.0
-1,-459.0418527712847,67.49116428703712,325.0,247.20000000000027,211.84185277128444,30.0
-1,-476.612965800216,56.231382120370384,343.0,280.41599999999994,196.19696580021605,29.0
-1,-505.5985854783679,72.26144530092589,312.0,265.63200000000006,239.96658547836785,30.0
-1,-409.6738256149184,51.120599250000026,316.0,256.03199999999987,153.64182561491853,28.0
-1,-369.2503980495509,54.54338543518523,271.0,213.12000000000012,156.13039804955076,29.0
-1,-376.249218171066,70.21946079166673,284.0,217.4400000000001,158.80921817106588,30.0
-1,-298.2668889066284,54.26401928240743,240.0,201.50400000000016,96.7628889066282,26.0
-1,-451.607359121689,86.33185759259251,272.0,222.52800000000016,229.07935912168887,29.0
-1,-454.4010455838654,99.77388084259266,333.0,244.4160000000003,209.9850455838651,30.0
-1,-441.3411921564335,72.19884099074072,334.0,223.77600000000015,217.5651921564333,30.0
-1,-359.4433760048679,40.59418521759264,278.0,242.8800000000001,116.56337600486776,30.0
-1,-430.1346667710908,60.19079550925925,234.0,194.01600000000005,236.1186667710908,29.0
-1,-325.71034901290164,42.36278009722224,253.0,216.86400000000023,108.8463490129014,29.0
-1,-359.9221944066221,44.28248120833331,281.0,239.23200000000003,120.69019440662208,27.0
-1,-393.0886298803239,61.55655830092593,247.0,183.74400000000003,209.34462988032385,28.0
-1,-327.8847517055914,48.060102782407405,260.0,221.76,106.12475170559142,29.0
-1,-326.4349375446708,31.898804759259257,223.0,198.33600000000004,128.09893754467075,29.0
-1,-353.4426649653227,56.71148981018521,229.0,188.06400000000025,165.37866496532249,29.0
-1,-227.88729583730503,34.89681106944442,184.0,158.7840000000001,69.10329583730493,26.0
-1,-365.8780762240624,32.19709879629628,274.0,246.6240000000002,119.25407622406222,27.0
-1,-323.19790230844217,45.29065623611113,219.0,177.3120000000001,145.8859023084421,28.0
-1,-251.57511991217245,27.760157282407384,168.0,161.37600000000006,90.19911991217238,28.0
-1,-405.73806647053857,52.60020369907405,273.0,213.60000000000016,192.1380664705384,26.0
-1,-302.84128884112704,20.14923689814809,211.0,227.616,75.22528884112705,29.0
-1,-322.0839450902524,30.320224388888857,210.0,192.57600000000005,129.50794509025232,28.0
-1,-218.3457430014879,28.9572689166666,155.0,159.6480000000001,58.6977430014878,26.0
-1,-256.24812501813307,18.554102537037004,149.0,166.272,89.97612501813306,28.0
-1,-469.75349948989646,45.27150856944443,238.0,198.24,271.51349948989645,29.0
-1,-273.4199733489289,21.2208422407407,155.0,174.528,98.8919733489289,28.0
-1,-273.2610481155023,22.08207055092589,156.0,151.39200000000005,121.86904811550228,27.0
-1,-203.59645197539865,14.870493365740732,138.0,141.312,62.28445197539863,22.0
-1,-376.29973305546326,29.44668267129625,186.0,205.8240000000001,170.47573305546317,29.0
-1,-346.7507910141911,21.541710078703694,210.0,227.904,118.84679101419108,29.0
-1,-161.11111179818462,14.532007745370338,83.0,118.17600000000004,42.93511179818458,26.0
-1,-196.5279397499306,16.927373212962948,149.0,142.17600000000002,54.35193974993058,26.0
-1,-340.511706158233,33.845491638888774,216.0,210.52800000000005,129.9837061582329,25.0
-1,-319.7297098031195,22.564249884259244,159.0,174.33600000000007,145.39370980311938,26.0
-1,-361.8114050266048,21.180245430555555,225.0,228.38400000000004,133.4274050266047,23.0
-1,-330.7476027968547,40.8542485277777,200.0,163.39200000000008,167.3556027968546,28.0
-1,-269.4056183692842,16.654701833333316,162.0,194.68800000000005,74.71761836928414,27.0
-1,-235.05210420789075,21.562779944444436,146.0,153.9840000000001,81.06810420789067,28.0
-1,-314.73594028154486,29.16881868055555,210.0,171.2640000000001,143.47194028154476,28.0
-1,-315.9262444556555,22.453558277777773,196.0,173.5680000000001,142.35824445565538,24.0
-1,-155.21767999336438,19.01526343055553,89.0,96.76800000000004,58.44967999336434,17.0
-1,-287.8256628896265,25.563284092592617,177.0,157.53600000000003,130.28966288962647,26.0
-1,-421.2307822380368,39.65670463425924,282.0,242.4,178.8307822380368,27.0
-1,-443.9134126480278,47.07535278703701,251.0,182.01600000000005,261.89741264802774,28.0
-1,-257.82654585560465,16.895399148148126,132.0,158.4,99.42654585560469,28.0
-1,-350.53988616628493,37.62107697685182,203.0,158.78400000000008,191.75588616628485,30.0
-1,-235.58356616129876,14.254841175925913,108.0,128.35200000000003,107.23156616129872,28.0
-1,-293.2241613416308,14.477449337962945,126.0,194.49600000000007,98.7281613416307,29.0
-1,-236.0034667145641,12.366318263888877,99.0,161.376,74.6274667145641,27.0
-1,-463.8885988177234,52.19412718518513,219.0,207.16800000000012,256.72059881772327,30.0
-1,-443.7253309696077,28.56125156018516,202.0,186.4320000000001,257.29333096960767,24.0
-1,-434.9120392403736,36.81557541666661,205.0,203.136,231.77603924037356,24.0
-1,-213.8871646275429,12.56125892129628,98.0,151.20000000000002,62.68716462754285,25.0
-1,-115.52604711650524,14.151545134259242,74.0,79.296,36.230047116505226,23.0
-1,-296.0133619866809,37.71165964351854,181.0,151.58400000000003,144.42936198668085,25.0
-1,-247.8492714713821,20.30013143518514,137.0,159.84000000000012,88.00927147138202,27.0
-1,-340.157898953894,37.53444127314811,183.0,180.95999999999992,159.1978989538941,25.0
-1,-306.8046779391354,32.88815506481476,179.0,158.97600000000006,147.82867793913533,28.0
-1,-300.58339338802,26.79827512037033,178.0,171.84000000000003,128.74339338801994,30.0
-1,-255.54248904734507,14.773656421296268,106.0,144.57600000000005,110.96648904734502,30.0
-1,-440.34442594721634,20.605017342592586,208.0,227.808,212.5364259472163,28.0
-1,-249.2276114531586,22.067523606481465,144.0,128.83200000000002,120.39561145315858,28.0
-1,-239.03038157432096,28.26915124999997,139.0,125.28000000000004,113.75038157432093,27.0
-1,-191.6595243307381,15.46281058333331,97.0,127.00800000000008,64.65152433073801,29.0
-1,-281.22861948199835,35.79624753240735,155.0,151.87200000000004,129.3566194819983,28.0
-1,-351.65215194353607,19.322155851851843,169.0,215.23200000000008,136.420151943536,30.0
-1,-269.0664717005501,20.78687244907405,137.0,159.64799999999997,109.41847170055011,28.0
-1,-228.81485105323264,24.417434847222157,99.0,87.55200000000005,141.26285105323257,29.0
-1,-250.27152360632127,24.00024179629628,150.0,149.95200000000003,100.31952360632124,26.0
-1,-194.7730014100514,16.87328242592592,103.0,116.64000000000006,78.13300141005132,27.0
-1,-164.59710309923582,18.129909902777733,96.0,108.28800000000008,56.30910309923576,26.0
-1,-378.2431290822976,28.69429281944442,153.0,139.00799999999998,239.23512908229765,27.0
-1,-201.212465273327,17.659783171296283,94.0,104.92800000000008,96.28446527332694,28.0
-1,-295.7410097077672,29.91284030555551,122.0,121.24800000000003,174.49300970776716,24.0
-1,-263.04536276971214,28.574851615740737,118.0,118.84800000000006,144.19736276971207,25.0
-1,-170.0577211573328,16.193035148148116,105.0,126.6240000000001,43.4337211573327,23.0
-1,-262.18326039121814,25.589423370370323,153.0,149.66400000000004,112.51926039121813,23.0
-1,-226.60883215205297,20.76101624537032,127.0,153.02400000000003,73.58483215205293,28.0
-1,-205.61901393828165,17.45891463425926,102.0,105.31200000000008,100.30701393828154,28.0
-1,-145.88002111469865,10.303608638888894,87.0,102.81600000000005,43.06402111469859,23.0
-1,-274.7670204606137,28.28295342129628,165.0,165.88800000000012,108.87902046061356,27.0
-1,-197.77037662418013,21.11082625925918,97.0,121.05600000000008,76.71437662418003,29.0
-1,-242.27773364751064,29.18593256481481,110.0,104.35200000000002,137.9257336475106,25.0
-1,-256.490530899262,20.33595140740739,124.0,145.05600000000004,111.43453089926196,25.0
-1,-128.15942098587743,14.108965250000006,77.0,81.60000000000004,46.5594209858774,21.0
-1,-368.2586791956028,45.8941499074074,132.0,110.0160000000001,258.2426791956027,27.0
-1,-241.9603237083019,22.544731060185136,145.0,166.36800000000002,75.59232370830188,23.0
-1,-284.1773931442089,31.61991005092586,109.0,120.1920000000001,163.9853931442088,30.0
-1,-239.72274039650844,27.670568527777792,151.0,132.57600000000005,107.1467403965084,28.0
-1,-330.2142170740233,37.099901680555526,199.0,182.30400000000003,147.91021707402325,24.0
-1,-338.54698678859506,27.44359741203705,165.0,156.4800000000001,182.06698678859493,26.0
-1,-374.44485937600336,45.29254829629625,180.0,137.472,236.97285937600333,25.0
-1,-166.63233389033678,10.083275310185195,98.0,120.09600000000005,46.53633389033675,25.0
-1,-149.9771952845036,14.605642305555538,72.0,90.72000000000004,59.25719528450358,24.0
-1,-198.05375269426932,14.029784592592565,86.0,140.25600000000009,57.79775269426927,28.0
-1,-236.40116709157007,13.517771972222205,85.0,108.57600000000004,127.82516709157004,27.0
-1,-266.45611926733847,27.8611347685185,119.0,110.30400000000012,156.15211926733832,29.0
-1,-133.782604241233,12.396023124999994,90.0,104.54400000000004,29.23860424123297,15.0
-1,-393.9223222209431,45.22742294444442,152.0,130.56000000000006,263.36232222094304,30.0
-1,-324.2286298385661,43.0591804768518,166.0,144.0960000000001,180.13262983856606,27.0
-1,-250.09087957771885,29.62889641203699,166.0,155.808,94.28287957771886,26.0
-1,-407.1483502508114,49.84786582870366,156.0,125.2800000000001,281.8683502508113,25.0
-1,-181.6229210667028,22.68632045833327,108.0,128.16000000000008,53.46292106670274,25.0
-1,-164.42569298028718,15.584712222222176,89.0,105.21600000000004,59.20969298028714,25.0
-1,-279.96002246918977,31.825406782407384,181.0,152.44800000000004,127.51202246918976,26.0
-1,-233.17729907088412,17.82901156481481,123.0,134.78400000000002,98.39329907088413,27.0
-1,-196.4144615971937,24.823421430555506,97.0,109.53600000000006,86.87846159719366,28.0
-1,-276.51461150513376,32.0132062685185,153.0,150.91200000000012,125.6026115051336,21.0
-1,-212.0718921807569,18.147370087962955,109.0,129.88800000000006,82.18389218075686,26.0
-1,-302.7861102007057,29.2279417037037,143.0,128.736,174.05011020070572,29.0
-1,-232.79729414069584,27.242679527777756,110.0,105.6,127.19729414069585,28.0
-1,-207.60729618425532,20.978920949074062,115.0,120.28800000000004,87.31929618425532,27.0
-1,-308.2991762935713,28.67346784259249,186.0,210.816,97.48317629357132,26.0
-1,-247.0876646907633,25.8851659027777,131.0,128.73600000000002,118.35166469076329,28.0
-1,-241.8451744871506,28.12489729629629,126.0,130.56000000000003,111.28517448715054,20.0
-1,-190.46929853128395,13.397463731481476,107.0,137.76000000000005,52.70929853128391,21.0
-1,-203.72837313897213,18.49370599999998,112.0,130.75200000000007,72.97637313897206,28.0
-1,-194.1391851089319,25.611017245370352,106.0,101.47200000000008,92.66718510893185,24.0
-1,-192.93157853587692,13.430091685185166,107.0,153.3120000000001,39.61957853587687,23.0
-1,-240.3985840356592,15.14056880092593,129.0,157.824,82.57458403565919,28.0
-1,-246.8898635555797,32.55891352314814,142.0,113.472,133.4178635555797,23.0
-1,-173.88647998851448,16.26586849999998,105.0,119.42400000000008,54.46247998851441,25.0
-1,-237.0969849625174,22.63440727777773,124.0,155.90400000000002,81.19298496251739,28.0
-1,-171.18807925229947,17.99758028703699,82.0,112.22400000000006,58.9640792522994,25.0
-1,-234.11809485938156,19.91131122222217,103.0,158.30400000000003,75.8140948593815,26.0
-1,-195.76677956572948,16.49397973148147,97.0,134.97600000000008,60.7907795657294,23.0
-1,-126.6135229917225,12.041603310185174,87.0,89.85600000000001,36.75752299172249,20.0
-1,-195.9798736749902,18.801459694444414,117.0,149.95200000000006,46.02787367499015,24.0
-1,-216.78152072904615,19.03152596759257,123.0,159.36000000000007,57.42152072904611,24.0
-1,-137.72874464557998,11.47565383796297,77.0,91.20000000000005,46.52874464557995,22.0
-1,-137.71424645669066,13.421002689814811,67.0,86.78400000000005,50.93024645669062,23.0
-1,-178.94239508082617,15.833478953703723,80.0,114.91200000000008,64.03039508082608,26.0
-1,-132.70676703421023,15.895825749999997,76.0,89.76000000000003,42.94676703421021,19.0
-1,-161.6621533971667,12.037238976851857,80.0,108.86400000000006,52.79815339716662,19.0
-1,-170.95623829623986,13.493406712962932,99.0,122.68800000000007,48.26823829623978,23.0
-1,-179.67011613321307,12.207410078703706,95.0,124.60800000000008,55.06211613321298,24.0
-1,-141.50589092065093,11.191425578703695,77.0,98.97600000000004,42.529890920650885,23.0
-1,-162.6742994680813,15.325713662037026,106.0,121.15200000000006,41.52229946808124,21.0
-1,-187.73349478075937,16.652404393518523,99.0,120.86400000000006,66.86949478075931,26.0
-1,-215.61417014623368,17.898556032407363,121.0,151.00800000000004,64.60617014623365,26.0
-1,-201.2248040606661,18.4229646296296,116.0,132.28800000000007,68.93680406066602,25.0
-1,-149.45924283439817,16.244070662037018,96.0,109.53600000000006,39.92324283439811,19.0
-1,-146.98683633737042,18.675281032407383,103.0,107.232,39.75483633737042,21.0
-1,-185.0616027303311,18.18128924537033,90.0,121.34400000000008,63.71760273033102,24.0
-1,-132.23624500634872,14.31308976851849,85.0,98.59200000000004,33.6442450063487,19.0
-1,-170.6953524094502,15.892578324074078,84.0,112.41600000000008,58.27935240945013,26.0
-1,-218.32041914099392,21.27199696296293,107.0,111.26400000000004,107.0564191409939,22.0
-1,-182.9975855899688,18.32938329629625,94.0,114.52800000000006,68.46958558996872,28.0
-1,-144.31783650414872,13.051125111111116,85.0,93.21600000000002,51.1018365041487,23.0
-1,-134.28637863087403,15.116258092592563,80.0,101.56800000000004,32.71837863087398,19.0
-1,-132.69638149152826,14.90634419907408,68.0,86.40000000000003,46.29638149152822,22.0
-1,-134.8772940409607,17.79782216203705,101.0,99.264,35.613294040960675,20.0
-1,-160.3378590027267,13.606505907407405,84.0,116.92800000000004,43.40985900272664,24.0
-1,-230.36032246641625,26.60541231018518,133.0,129.984,100.3763224664162,29.0
-1,-148.25320005499037,16.349884921296262,79.0,106.17600000000007,42.0772000549903,20.0
-1,-172.1229986343381,13.974777888888871,93.0,128.44800000000006,43.67499863433802,21.0
-1,-162.7016481887315,16.09187021296295,85.0,117.79200000000009,44.909648188731424,22.0
-1,-163.59025336682453,16.683753763888866,89.0,110.40000000000008,53.19025336682444,25.0
-1,-239.7491253814564,25.73915074537033,137.0,153.50400000000005,86.24512538145636,23.0
-1,-125.05298292865344,11.295193148148144,76.0,93.31200000000004,31.740982928653413,19.0
-1,-135.94988094214546,16.961995523148133,93.0,93.31200000000004,42.63788094214541,22.0
-1,-240.20747612197505,19.272755750000016,152.0,179.90400000000002,60.30347612197499,26.0
-1,-130.07413481139972,14.74613144444442,70.0,81.40800000000003,48.666134811399694,23.0
-1,-231.07763514516247,17.973497504629606,137.0,155.13600000000005,75.94163514516242,27.0
-1,-168.1893336639108,14.649008032407414,87.0,115.58400000000007,52.60533366391072,23.0
-1,-124.69008406156892,11.961069231481469,77.0,83.90400000000002,40.7860840615689,23.0
-1,-163.08771526568535,14.693299726851857,106.0,114.81600000000005,48.2717152656853,21.0
-1,-216.29327613381,22.64573790277769,113.0,141.50400000000008,74.78927613380988,28.0
-1,-213.50374481434795,15.543123129629633,114.0,142.75200000000007,70.7517448143479,26.0
-1,-168.74568480936563,17.96105901388886,92.0,111.07200000000005,57.67368480936558,25.0
-1,-159.4789412037757,18.054031999999985,91.0,108.19200000000004,51.28694120377565,24.0
-1,-157.28788418410534,14.852276388888898,87.0,103.00800000000004,54.2798841841053,25.0
-1,-196.64355346772504,21.630575171296268,109.0,116.44800000000006,80.19555346772498,24.0
-1,-257.6159117925258,25.42323266666664,140.0,160.51199999999997,97.10391179252582,26.0
-1,-169.42991796648127,14.435518722222216,88.0,116.54400000000004,52.88591796648124,26.0
-1,-115.83758828700292,14.62419564351851,83.0,91.872,23.96558828700292,15.0
-1,-149.43995071975866,15.99134816666665,96.0,112.12800000000004,37.311950719758606,23.0
-1,-129.0679455957369,13.003597912037018,88.0,97.63200000000003,31.43594559573685,15.0
-1,-126.84724424075512,14.180026930555538,71.0,86.01600000000003,40.8312442407551,23.0
-1,-181.53435582057995,13.49455917129628,92.0,114.62400000000004,66.9103558205799,26.0
-1,-170.93293703481652,15.448599935185197,76.0,98.016,72.9169370348165,28.0
-1,-186.315368375707,17.52291447685182,94.0,118.84800000000008,67.46736837570693,25.0
-1,-197.9064108409144,17.02607091666667,126.0,142.17600000000004,55.73041084091437,22.0
-1,-126.6718979881189,13.060962231481469,74.0,86.78400000000003,39.88789798811886,23.0
-1,-125.66902921722316,13.032864249999992,88.0,98.11200000000002,27.55702921722313,19.0
-1,-156.03508052760714,22.34108403703701,118.0,120.86400000000006,35.17108052760709,22.0
-1,-119.57517448256282,13.661364726851822,62.0,76.60800000000003,42.96717448256278,22.0
-1,-145.98426825033744,13.775224041666648,80.0,96.67200000000004,49.31226825033742,22.0
-1,-135.39208117818046,12.371473837962954,73.0,91.39200000000004,44.000081178180416,23.0
-1,-128.88881311438692,11.85917699074074,74.0,86.49600000000002,42.3928131143869,20.0
-1,-154.48030135173076,17.90281452777776,109.0,119.80800000000004,34.672301351730724,20.0
-1,-143.45904940557926,11.833991111111107,81.0,113.56800000000004,29.89104940557925,18.0
-1,-152.60107742813082,15.949585314814794,93.0,117.12000000000003,35.48107742813079,18.0
-1,-165.85849181548855,16.660196115740714,93.0,109.05600000000008,56.80249181548847,22.0
-1,-158.09397042263106,22.551981027777725,98.0,120.00000000000009,38.093970422631,20.0
-1,-181.4495628427977,22.248643245370307,129.0,140.448,41.00156284279767,21.0
-1,-116.85491417140528,14.568013490740707,76.0,92.06400000000004,24.790914171405216,13.0
-1,-205.90015454494096,21.191023412037037,136.0,158.88000000000005,47.02015454494092,22.0
-1,-128.89320050441546,11.676580032407395,70.0,84.00000000000006,44.89320050441541,23.0
-1,-154.26752787049492,17.561109592592548,75.0,94.75200000000004,59.51552787049487,26.0
-1,-142.10070634528523,9.951713546296313,70.0,99.55200000000004,42.54870634528519,21.0
-1,-209.42169686390167,12.85745186574077,110.0,141.60000000000008,67.8216968639016,25.0
-1,-113.0346757384554,13.616521296296302,95.0,90.528,22.506675738455417,15.0
-1,-204.3505916008599,17.796486759259246,112.0,143.32800000000006,61.02259160085985,29.0
-1,-144.29851064603235,11.408601583333333,85.0,104.06400000000004,40.23451064603231,21.0
-1,-128.77114929019706,16.884852050925907,84.0,91.29600000000003,37.475149290197024,19.0
-1,-129.61282344419618,16.584997884259217,81.0,96.09600000000005,33.51682344419616,19.0
-1,-191.7241559027836,17.411699967592586,105.0,128.44800000000006,63.27615590278354,24.0
-1,-104.45368049154818,10.626091773148136,60.0,70.56000000000002,33.89368049154817,22.0
-1,-147.93651955012675,15.856024981481456,77.0,103.77600000000004,44.16051955012673,21.0
-1,-141.11768083284375,14.29818837037038,102.0,110.01600000000006,31.101680832843677,20.0
-1,-134.22642269995018,19.11414218518511,69.0,84.86400000000003,49.36242269995014,24.0
-1,-179.53497693022604,16.28674647222221,87.0,110.59200000000006,68.94297693022598,27.0
-1,-138.74533636906727,13.950997999999974,82.0,89.56800000000004,49.177336369067234,20.0
-1,-169.97213078095174,15.052126407407394,101.0,113.66400000000006,56.308130780951686,25.0
-1,-163.39087292884503,16.245034962962947,95.0,93.024,70.36687292884503,22.0
-1,-218.20800374236669,28.53890037499992,140.0,150.14400000000003,68.06400374236665,28.0
-1,-159.1051518919564,13.64210545370372,89.0,107.80800000000004,51.29715189195637,23.0
-1,-163.15971668024133,14.104579662037002,90.0,117.40800000000009,45.75171668024123,23.0
-1,-123.54776812335552,13.153208560185163,85.0,91.29600000000003,32.251768123355475,19.0
-1,-151.08390257668583,19.89012328703699,87.0,94.94400000000005,56.139902576685785,25.0
-1,-122.7901415844196,14.392714458333318,71.0,84.96000000000004,37.83014158441954,21.0
-1,-149.41632918877673,13.774500541666663,81.0,96.76800000000004,52.64832918877669,23.0
-1,-151.53380117823164,14.23096939814814,83.0,107.71200000000007,43.82180117823157,20.0
-1,-115.34828877456548,15.129778458333298,66.0,80.54400000000005,34.804288774565435,18.0
-1,-124.45098248268604,13.438797203703691,69.0,78.912,45.53898248268602,22.0
-1,-161.90904472639932,14.26773840740738,91.0,101.47200000000008,60.43704472639927,25.0
-1,-138.9337696242626,15.795153458333308,91.0,96.09600000000005,42.83776962426256,19.0
-1,-185.5239279856586,14.913001416666662,89.0,111.168,74.35592798565857,26.0
-1,-173.85344772959766,18.193936240740687,108.0,112.03200000000004,61.821447729597615,25.0
-1,-137.06025748088612,18.964489004629577,85.0,96.384,40.67625748088611,19.0
-1,-123.05234001041478,14.315230615740733,84.0,88.32000000000004,34.73234001041475,20.0
-1,-127.9741562095882,14.188606509259245,88.0,96.96000000000002,31.01415620958817,20.0
-1,-155.25071064690525,14.562172055555545,123.0,116.06400000000004,39.18671064690521,20.0
-1,-147.39703770649862,18.386797435185148,93.0,101.66400000000006,45.73303770649857,18.0
-1,-155.14158777159875,13.08211018518517,92.0,120.48000000000006,34.6615877715987,20.0
-1,-208.81492735103848,16.67114221296295,123.0,133.7280000000001,75.08692735103843,28.0
-1,-209.4619594874272,22.2875220416666,116.0,137.95200000000006,71.50995948742711,24.0
-1,-136.3023338314364,16.877290023148102,84.0,86.40000000000002,49.9023338314364,23.0
-1,-147.81548051799774,9.956676962962955,92.0,118.75200000000004,29.06348051799768,15.0
-1,-135.5457904983522,11.412457087962936,92.0,101.66400000000002,33.88179049835218,19.0
-1,-127.25384577080794,14.165955712962926,65.0,79.58400000000003,47.66984577080791,26.0
-1,-136.25397539576826,14.4696750185185,91.0,107.23200000000008,29.021975395768205,17.0
-1,-112.13453021479538,18.55096085185184,85.0,89.76000000000002,22.37453021479536,12.0
-1,-146.54584352897643,12.85891841666666,74.0,89.47200000000004,57.0738435289764,23.0
-1,-165.86450196836694,14.319764828703695,93.0,119.13600000000004,46.72850196836688,20.0
-1,-151.0933790681526,16.523988208333318,107.0,124.22400000000006,26.86937906815256,17.0
-1,-158.71214516215412,16.632905912037007,105.0,116.73600000000005,41.97614516215408,21.0
-1,-114.60316227474527,13.754754657407393,64.0,75.55200000000002,39.05116227474527,18.0
-1,-199.2168621143499,19.83720782870372,109.0,116.44800000000004,82.76886211434987,24.0
-1,-115.1875834239086,10.721328296296305,65.0,75.93600000000004,39.25158342390857,21.0
-1,-133.3639172477547,10.930627388888883,84.0,103.29600000000003,30.067917247754654,20.0
-1,-178.54499570846684,18.0867678194444,134.0,151.39200000000005,27.152995708466783,15.0
-1,-179.93847673006826,17.78829858796294,145.0,155.61600000000004,24.322476730068228,19.0
-1,-164.75266587283517,18.308813467592586,124.0,130.46400000000003,34.288665872835146,19.0
-1,-146.61502326337364,11.970383532407396,81.0,104.83200000000004,41.78302326337359,21.0
-1,-117.64970720717892,12.52846626388888,85.0,79.87200000000003,37.777707207178906,20.0
-1,-186.55486538688496,15.396390004629598,112.0,139.48800000000006,47.0668653868849,23.0
-1,-177.50608356714503,21.54472413888879,128.0,138.62400000000005,38.882083567145,19.0
-1,-157.28595775955125,15.331017731481454,102.0,118.36800000000004,38.91795775955121,20.0
-1,-162.76045114673252,16.046239037037054,103.0,120.57600000000006,42.184451146732464,20.0
-1,-142.7879603112957,18.709584986111068,100.0,94.17600000000004,48.61196031129567,17.0
-1,-133.59005924112458,10.841472319444438,94.0,102.144,31.446059241124576,20.0
-1,-161.2159876790393,22.09834001388885,119.0,126.81600000000007,34.399987679039214,16.0
-1,-151.07579503118387,17.602396138888906,82.0,98.11200000000004,52.96379503118381,21.0
-1,-155.99128569443212,16.88743984722222,106.0,100.89600000000004,55.095285694432086,25.0
-1,-121.7766500132132,12.861209847222227,75.0,86.88000000000004,34.89665001321318,20.0
-1,-136.85755940011816,18.548768166666655,101.0,102.72000000000008,34.13755940011809,16.0
-1,-170.2613395975213,15.098483462962944,98.0,113.56800000000008,56.69333959752124,22.0
-1,-133.87744601133016,14.651334379629608,88.0,102.33600000000004,31.54144601133014,17.0
-1,-143.38749589976803,11.752647481481477,80.0,102.62400000000004,40.763495899767975,25.0
-1,-115.15931696110292,15.29652688888887,78.0,81.21600000000004,33.94331696110287,19.0
-1,-160.91448957173802,15.708432365740723,84.0,109.53600000000009,51.37848957173794,20.0
-1,-148.8565018318567,16.854020041666633,93.0,114.33600000000004,34.520501831856656,17.0
-1,-142.8943539226945,17.33992150925922,85.0,107.13600000000004,35.758353922694454,19.0
-1,-157.97870848427905,15.839853393518483,92.0,111.16800000000003,46.81070848427898,20.0
-1,-175.6740826320913,19.806498398148054,108.0,113.088,62.5860826320913,23.0
-1,-173.1862803463966,19.53430541666666,106.0,120.96000000000008,52.2262803463965,24.0
-1,-164.6234171037253,14.932804560185176,98.0,115.68000000000004,48.94341710372526,18.0
-1,-150.62095819631986,11.829563060185178,89.0,104.54400000000004,46.07695819631982,25.0
-1,-124.4963610143807,15.28735402777774,86.0,88.80000000000004,35.696361014380656,18.0
-1,-161.07441760534618,16.09576499537035,92.0,105.98400000000004,55.09041760534613,25.0
-1,-157.15728032407827,13.509732745370352,92.0,112.51200000000004,44.64528032407822,20.0
-1,-131.22042867928675,16.509559768518503,81.0,93.79200000000004,37.42842867928671,19.0
-1,-147.1079781448469,15.966768018518506,106.0,124.41600000000004,22.691978144846857,16.0
-1,-156.37685596755944,12.553026624999998,86.0,104.92800000000008,51.44885596755935,24.0
-1,-123.87996638364284,8.83890326388891,75.0,88.80000000000001,35.079966383642834,23.0
-1,-154.7568482851014,13.68196363425924,90.0,103.96800000000005,50.78884828510135,22.0
-1,-114.4890251182934,14.790552990740714,72.0,85.15200000000004,29.33702511829337,18.0
-1,-197.13488785596175,21.1769094768518,152.0,168.9600000000001,28.17488785596168,16.0
-1,-132.1774353039298,15.3676041574074,95.0,97.44000000000004,34.737435303929736,21.0
-1,-126.04021893372892,16.985382106481484,90.0,99.552,26.48821893372892,12.0
-1,-129.65359659584317,14.641249004629616,63.0,76.70400000000002,52.94959659584315,23.0
-1,-146.66705586360237,17.311558634259267,110.0,122.68800000000007,23.97905586360229,14.0
-1,-129.44612364644328,15.075198662037009,76.0,91.48800000000004,37.95812364644325,20.0
-1,-103.43930214664604,12.979581800925928,67.0,79.10400000000004,24.335302146646,15.0
-1,-119.36343841232244,15.447562041666655,76.0,82.56000000000002,36.803438412322414,21.0
-1,-148.86804628474138,18.773674189814784,99.0,122.40000000000003,26.468046284741337,19.0
-1,-112.0208817339723,10.19354625925927,77.0,94.36800000000004,17.652881733972247,13.0
-1,-117.9278343444728,12.851087620370372,74.0,86.01600000000002,31.911834344472776,19.0
-1,-159.80647369002605,13.736054310185146,90.0,116.64000000000009,43.166473690026,19.0
-1,-137.11723482435195,18.59206987037037,86.0,92.736,44.38123482435196,20.0
-1,-163.69733010750923,20.142491745370304,123.0,138.91200000000003,24.7853301075092,15.0
-1,-180.57390468824795,22.171457333333336,88.0,89.18400000000004,91.38990468824792,26.0
-1,-141.7921027377102,15.48517676388883,96.0,104.64,37.152102737710166,16.0
-1,-130.78788956933118,16.5988834398148,101.0,101.85600000000002,28.93188956933116,15.0
-1,-173.57741350097,18.479472546296293,105.0,100.8,72.77741350097003,26.0
-1,-118.63155334524032,14.21270191203702,80.0,91.77600000000004,26.855553345240285,16.0
-1,-122.37642758870666,14.91595628240739,79.0,83.42400000000004,38.95242758870664,19.0
-1,-128.93368578812186,14.910116837962946,72.0,89.37600000000003,39.55768578812184,20.0
-1,-150.422546499303,14.05619361111112,108.0,121.15200000000009,29.27054649930293,19.0
-1,-174.02865306781837,18.1292414074074,117.0,130.08000000000004,43.94865306781832,21.0
-1,-157.4727323956384,18.603667560185155,108.0,122.01600000000003,35.456732395638355,18.0
-1,-150.17339353835217,15.271397263888876,114.0,125.47200000000004,24.701393538352125,17.0
-1,-126.6210440063405,17.262296439814797,80.0,90.14400000000003,36.47704400634047,18.0
-1,-196.6280859421442,15.648152842592586,115.0,136.8000000000001,59.828085942144114,23.0
-1,-155.69732190027244,15.370739027777782,105.0,121.72800000000002,33.96932190027241,21.0
-1,-115.82401749748038,12.861244949074068,73.0,82.36800000000002,33.45601749748035,17.0
-1,-137.89249026579728,14.633503157407374,84.0,103.488,34.40449026579729,20.0
-1,-142.7807964511011,16.006182444444413,101.0,113.56800000000004,29.21279645110109,19.0
-1,-146.3420701016101,13.940352467592591,89.0,91.48800000000004,54.85407010161006,19.0
-1,-155.17141099552651,21.16611681018517,110.0,125.18400000000008,29.98741099552643,16.0
-1,-224.77099627912872,23.054784037036995,113.0,124.22400000000006,100.54699627912863,29.0
-1,-109.038993311201,11.149492305555562,66.0,77.37600000000003,31.662993311200964,19.0
-1,-117.0295951600803,12.703228847222226,71.0,76.41600000000003,40.61359516008029,21.0
-1,-139.46998113290158,17.45265856018515,92.0,99.264,40.20598113290156,20.0
-1,-133.25867986911683,17.468909712962922,88.0,89.95200000000004,43.3066798691168,20.0
-1,-118.52099874567692,9.757490212962978,66.0,86.68800000000005,31.83299874567688,20.0
-1,-175.13104314649178,21.463154893518404,100.0,107.32800000000006,67.8030431464917,25.0
-1,-183.45361086721053,14.886607912037006,96.0,121.82400000000008,61.62961086721045,24.0
-1,-142.01692363383066,16.147503879629625,87.0,95.80800000000004,46.20892363383063,23.0
-1,-140.7539338218042,14.024923481481457,108.0,113.18400000000004,27.569933821804163,18.0
-1,-153.20294608803826,12.603941259259258,90.0,106.75200000000002,46.45094608803823,20.0
-1,-133.89478524517313,14.34677280092591,90.0,103.488,30.406785245173115,17.0
-1,-162.94173664625424,17.700281754629625,93.0,105.408,57.53373664625423,27.0
-1,-172.89429575658704,18.57691112499993,97.0,116.83200000000004,56.06229575658698,25.0
-1,-193.9136030116518,28.958029685185107,167.0,159.7440000000001,34.169603011651674,17.0
-1,-127.236645910779,16.820794726851812,68.0,75.936,51.30064591077898,22.0
-1,-174.84919613257472,21.06912480555552,102.0,112.60800000000005,62.241196132574665,23.0
-1,-131.9410520383199,14.985701287037024,83.0,100.22400000000005,31.71705203831986,17.0
-1,-110.01319049939876,11.982728333333322,71.0,81.12000000000003,28.89319049939871,20.0
-1,-133.2987167527295,10.80987600925928,84.0,76.51200000000001,56.78671675272946,18.0
-1,-137.03262543822976,16.002533476851827,87.0,101.18400000000004,35.848625438229696,21.0
-1,-156.79163326099024,18.96027254166665,84.0,82.17600000000003,74.61563326099022,24.0
-1,-121.47340798499609,16.67586081481478,74.0,80.54400000000003,40.92940798499605,16.0
-1,-172.50260989795072,18.445106398148127,118.0,134.30400000000003,38.19860989795068,18.0
-1,-120.98477631172884,11.787823773148135,70.0,91.68000000000004,29.3047763117288,16.0
-1,-155.3954504748524,15.46396709259258,89.0,106.84800000000004,48.54745047485238,21.0
-1,-103.10275511202902,12.205376467592576,66.0,77.85600000000004,25.24675511202898,16.0
-1,-125.13577313948934,13.05188364351852,84.0,95.80800000000004,29.3277731394893,19.0
-1,-174.05447306637168,16.784446050925922,87.0,98.20800000000006,75.84647306637163,29.0
-1,-122.95126645424568,15.828616611111109,71.0,87.36000000000003,35.59126645424564,17.0
-1,-112.98103488507618,15.132122134259244,68.0,78.33600000000003,34.64503488507616,17.0
-1,-147.25063490781142,17.217658273148153,92.0,110.30400000000006,36.94663490781136,17.0
-1,-132.94780950956567,12.938477550925914,84.0,105.50400000000006,27.443809509565614,15.0
-1,-161.25720765177115,14.865987893518517,96.0,114.24000000000004,47.01720765177112,23.0
-1,-134.51987408541476,15.058739138888884,69.0,72.86400000000003,61.65587408541474,22.0
-1,-131.74516727537582,18.340129976851856,72.0,78.14400000000002,53.60116727537579,19.0
-1,-207.57311749545863,22.79295172685185,115.0,104.16000000000008,103.41311749545858,27.0
-1,-141.19069035414878,14.157736134259258,82.0,97.92000000000004,43.27069035414877,24.0
-1,-181.2146286192041,15.778224328703708,95.0,125.66400000000009,55.55062861920399,27.0
-1,-138.93318926113184,17.664787171296286,76.0,85.344,53.58918926113185,26.0
-1,-136.30526669635287,11.605109513888891,86.0,105.60000000000002,30.70526669635286,16.0
-1,-166.53900709870624,16.297478777777773,89.0,94.84800000000004,71.69100709870621,27.0
-1,-123.31928431084224,16.239930208333316,79.0,85.24800000000003,38.071284310842216,19.0
-1,-152.18216437105332,16.769881675925877,95.0,100.41600000000004,51.76616437105328,22.0
-1,-137.52148031232952,14.238987935185184,83.0,95.23200000000004,42.28948031232949,23.0
-1,-146.94387238148192,11.019833393518514,70.0,87.74400000000006,59.19987238148187,22.0
-1,-151.3082531896091,13.746388018518488,99.0,106.65600000000002,44.65225318960908,24.0
-1,-146.42979140867035,12.580505796296285,110.0,117.21600000000008,29.2137914086703,20.0
-1,-170.71932258373897,19.94303371296297,84.0,88.03200000000004,82.68732258373895,28.0
-1,-131.74407916101308,16.155795865740743,97.0,98.88000000000002,32.86407916101304,18.0
-1,-131.81274573557434,12.410027101851828,77.0,96.19200000000004,35.62074573557429,15.0
-1,-132.30066759046147,12.458643499999994,77.0,90.62400000000004,41.67666759046143,20.0
-1,-130.89288713158604,15.325948976851834,94.0,98.88000000000004,32.01288713158599,19.0
-1,-123.5386886089099,15.63869952777774,72.0,78.43200000000003,45.10668860890987,20.0
-1,-88.72186788398663,16.181869384259276,64.0,61.728000000000016,26.99386788398662,15.0
-1,-122.86371449413777,16.804351430555553,94.0,97.056,25.807714494137738,15.0
-1,-161.09727370529976,15.991393120370374,94.0,112.12800000000004,48.96927370529972,22.0
-1,-132.96616667087542,15.692725509259237,88.0,89.47200000000002,43.494166670875394,18.0
-1,-135.62758583205112,15.125991833333323,88.0,96.86400000000005,38.7635858320511,21.0
-1,-133.96572148673906,14.986694874999984,91.0,99.84000000000005,34.12572148673902,17.0
-1,-147.6251873928561,17.526837407407378,74.0,86.30400000000003,61.32118739285607,21.0
-1,-155.37321002518183,17.808274597222173,79.0,89.18400000000004,66.1892100251818,24.0
-1,-171.5447661429062,19.30755296759252,110.0,121.53600000000009,50.008766142906126,23.0
-1,-169.9178310975659,14.299799046296297,90.0,104.06400000000004,65.85383109756587,24.0
-1,-161.65094068527918,19.36536905555547,90.0,96.86400000000005,64.78694068527912,27.0
-1,-168.10593734844247,16.632011106481457,111.0,126.52800000000006,41.57793734844239,20.0
-1,-138.41760150294772,16.92231877777778,78.0,91.29600000000002,47.12160150294768,22.0
-1,-220.31085117058663,20.660912300925872,105.0,117.31200000000008,102.99885117058658,27.0
-1,-124.2591446734288,15.892828708333306,83.0,87.45600000000002,36.80314467342878,18.0
-1,-143.82235791218582,15.531147814814794,92.0,93.12000000000003,50.70235791218578,26.0
-1,-122.85062699385632,15.880314712962935,88.0,93.50400000000002,29.346626993856308,17.0
-1,-130.24815416206985,12.488521388888884,96.0,95.904,34.34415416206985,20.0
-1,-149.11710507132284,17.08515623148146,96.0,103.29600000000003,45.821105071322805,18.0
-1,-150.4892150130663,18.647154129629623,90.0,107.13600000000004,43.35321501306629,19.0
-1,-114.8725130150453,16.670359712962963,72.0,72.86400000000002,42.00851301504528,21.0
-1,-187.21521498403476,17.907391851851866,112.0,118.36800000000008,68.84721498403468,25.0
-1,-143.33983056943373,13.502101662037049,82.0,95.90400000000004,47.435830569433705,23.0
-1,-133.64366939534867,13.29464763425926,79.0,95.61600000000004,38.02766939534864,19.0
-1,-199.3672408919331,19.63258948148144,123.0,145.34400000000005,54.02324089193306,25.0
-1,-109.84360078083742,12.285286249999986,72.0,71.71200000000003,38.13160078083739,18.0
-1,-103.8860102849462,11.495365462962976,60.0,67.20000000000002,36.68601028494619,20.0
-1,-148.99672538983495,15.75180869444442,98.0,110.11200000000004,38.88472538983489,22.0
-1,-110.93380022234876,13.6213852824074,75.0,80.06400000000004,30.869800222348736,17.0
-1,-110.07668792407792,14.97537890740738,61.0,67.10400000000003,42.9726879240779,20.0
-1,-112.56396047258804,16.466115282407408,76.0,81.12000000000002,31.443960472588024,18.0
-1,-156.48908263656548,16.764134046296284,96.0,95.32800000000007,61.1610826365654,21.0
-1,-163.53801632253163,14.342947333333347,92.0,96.19200000000004,67.34601632253158,24.0
-1,-177.00327655330733,15.155863574074056,101.0,120.09600000000007,56.90727655330723,23.0
-1,-105.149690855305,11.514171518518518,72.0,70.75200000000001,34.397690855304994,20.0
-1,-172.2618878916032,13.590785685185168,115.0,137.76000000000005,34.501887891603154,19.0
-1,-181.4238977090402,22.423427379629526,119.0,135.55200000000002,45.87189770904018,22.0
-1,-134.1336817659867,15.545472425925912,84.0,99.07200000000005,35.061681765986634,18.0
-1,-122.59456359961966,13.385821615740753,73.0,73.44000000000003,49.15456359961964,22.0
-1,-132.32997271910082,16.1748078287037,93.0,94.84800000000004,37.48197271910078,20.0
-1,-143.41282004290383,19.00793073148149,92.0,103.39200000000002,40.02082004290379,23.0
-1,-100.81823044671152,15.528637935185172,65.0,75.07200000000003,25.74623044671148,15.0
-1,-123.21331773189031,15.147554388888862,65.0,77.37600000000002,45.8373177318903,19.0
-1,-112.29533719371588,14.75098151388889,65.0,67.39200000000001,44.90333719371587,17.0
-1,-117.35654500574267,16.50280593055555,66.0,77.66400000000002,39.692545005742666,16.0
-1,-142.90297254696094,18.87363262499996,87.0,98.88000000000004,44.02297254696089,19.0
-1,-130.39642808820042,14.06585870833332,87.0,98.88000000000002,31.5164280882004,19.0
-1,-159.5659296729321,15.344620314814785,104.0,116.06400000000004,43.50192967293205,22.0
-1,-135.42896317495263,18.28071609259256,85.0,101.37600000000003,34.05296317495261,16.0
-1,-114.80235709451802,16.846973699074066,79.0,83.04000000000005,31.762357094517967,17.0
-1,-140.0161195165957,14.33400945370369,81.0,96.38400000000004,43.63211951659564,20.0
-1,-118.8487802036246,15.534380490740732,63.0,73.72800000000002,45.12078020362456,18.0
-1,-125.15656424171078,15.108558629629652,96.0,103.29600000000008,21.860564241710705,16.0
-1,-124.95714684086371,14.71415027777775,67.0,87.64800000000004,37.30914684086368,18.0
-1,-130.16483736828343,8.596376870370374,91.0,106.08000000000004,24.084837368283395,18.0
-1,-117.51839082418118,16.665165300925906,78.0,87.26400000000004,30.254390824181144,18.0
-1,-112.44222631544018,11.887540004629631,68.0,76.41600000000003,36.026226315440155,18.0
-1,-205.2306854428599,25.697207842592583,103.0,111.45599999999996,93.77468544285992,20.0
-1,-150.5404502057684,17.787895796296244,98.0,114.43200000000002,36.10845020576839,16.0
-1,-103.35775730347632,14.273376629629606,67.0,81.79200000000002,21.565757303476317,13.0
-1,-103.82968688011424,12.271470624999989,58.0,73.24800000000002,30.58168688011424,18.0
-1,-127.50907574996648,16.418058976851874,93.0,100.8,26.709075749966456,16.0
-1,-139.20030983071655,12.646323037037035,81.0,95.90400000000004,43.29630983071653,22.0
-1,-116.2871740751986,13.731426990740724,80.0,91.29600000000003,24.99117407519857,17.0
-1,-129.62885108429003,13.4593816435185,93.0,94.46400000000006,35.164851084289964,20.0
-1,-146.0982638208948,16.545287976851842,81.0,81.50400000000003,64.59426382089477,29.0
-1,-117.5616441006804,17.39093991666665,84.0,88.03200000000004,29.52964410068036,18.0
-1,-140.96229662493997,15.807934398148117,93.0,111.45600000000005,29.506296624939928,22.0
-1,-146.65681173788116,16.78636075462961,90.0,103.20000000000005,43.456811737881104,22.0
-1,-151.76287728659366,13.494649671296294,79.0,101.18400000000004,50.57887728659362,24.0
-1,-126.35282692220142,17.019927787037016,71.0,74.88000000000002,51.4728269222014,19.0
-1,-113.05293806310024,15.778120458333309,73.0,80.35200000000005,32.7009380631002,19.0
-1,-128.04277588164086,15.989142305555523,88.0,98.68800000000002,29.35477588164086,19.0
-1,-96.45168601034236,14.062155291666633,63.0,65.85600000000002,30.59568601034235,17.0
-1,-137.37941114206114,20.048195527777757,93.0,86.49600000000001,50.88341114206112,19.0
-1,-116.62344755115686,14.221039657407385,80.0,81.98400000000002,34.63944755115683,18.0
-1,-149.23031552997173,14.654851518518504,84.0,86.78400000000003,62.44631552997171,24.0
-1,-152.35083640872008,17.836426143518494,75.0,92.73600000000002,59.61483640872007,20.0
-1,-131.3835467951205,19.3631335324074,92.0,102.43200000000004,28.951546795120475,15.0
-1,-123.83763886135104,15.654938726851846,73.0,75.36000000000003,48.47763886135102,19.0
-1,-116.41363507289762,14.647760060185156,69.0,74.97600000000001,41.43763507289761,15.0
-1,-153.051073167559,16.580609231481464,85.0,101.95200000000004,51.09907316755898,22.0
-1,-123.70256333706148,14.489873800925904,88.0,93.31200000000004,30.390563337061455,18.0
-1,-125.33774701098343,13.942182624999974,75.0,84.00000000000004,41.337747010983385,21.0
-1,-147.03532841231845,14.633436898148137,121.0,112.32000000000002,34.715328412318435,20.0
-1,-106.03129294895976,13.757300592592587,58.0,65.95200000000003,40.07929294895975,21.0
-1,-115.29571571175798,15.42159228703702,77.0,91.29600000000006,23.999715711757915,13.0
-1,-121.52654049679848,15.526205569444423,84.0,90.24000000000004,31.28654049679844,17.0
-1,-177.6597632221732,19.557009263888894,95.0,103.77600000000008,73.88376322217314,25.0
-1,-148.0129887909228,20.84753746759253,101.0,110.68800000000005,37.32498879092277,19.0
-1,-141.34003482571904,15.211539499999985,88.0,98.20800000000004,43.13203482571901,18.0
-1,-116.27276241127848,15.045500351851812,59.0,65.66400000000003,50.60876241127845,19.0
-1,-115.45494897104427,12.565789342592584,82.0,90.43200000000006,25.022948971044237,13.0
-1,-152.64704825117718,15.34536723148148,83.0,104.54400000000004,48.10304825117714,22.0
-1,-115.68574094058972,9.82113689351852,67.0,73.82400000000003,41.86174094058968,24.0
-1,-118.1857556908858,13.92039532407407,73.0,77.08800000000002,41.097755690885776,19.0
-1,-149.33232277681626,17.85806059722217,93.0,94.08000000000004,55.25232277681621,20.0
-1,-118.65154082319413,16.73814937037033,70.0,76.03200000000002,42.6195408231941,23.0
-1,-140.95848847857553,17.203869115740705,75.0,92.16000000000004,48.79848847857549,22.0
-1,-149.9900217776717,16.860756319444423,91.0,98.30400000000004,51.68602177767167,19.0
-1,-122.24728395150356,18.44015733796291,74.0,76.12800000000003,46.11928395150354,21.0
-1,-115.94221483226444,10.746048620370374,58.0,66.52800000000003,49.41421483226441,25.0
-1,-125.84384062703654,13.996338407407388,93.0,89.95200000000004,35.8918406270365,19.0
-1,-103.41605383678504,9.536587365740733,58.0,67.68000000000002,35.73605383678503,20.0
-1,-118.83287683770612,15.089844111111097,71.0,78.24000000000002,40.59287683770609,19.0
-1,-135.20331534791575,15.225551847222237,101.0,108.96000000000002,26.24331534791571,17.0
-1,-114.27820993658524,14.407658777777758,83.0,80.736,33.542209936585216,19.0
-1,-121.27526073175302,13.266242106481451,69.0,79.39200000000004,41.88326073175298,22.0
-1,-125.36040665869773,12.549270439814798,88.0,96.672,28.688406658697694,19.0
-1,-119.18565111926192,14.285193254629604,76.0,78.81600000000003,40.3696511192619,20.0
-1,-128.04706073414005,17.25744338425926,68.0,79.29600000000002,48.751060734140026,25.0
-1,-117.49484469081756,13.123253314814814,65.0,65.28000000000002,52.21484469081755,24.0
-1,-132.92737168916597,11.93870088425925,65.0,86.88000000000004,46.04737168916592,22.0
-1,-162.89267901358068,16.41371881944441,81.0,102.72,60.17267901358066,25.0
-1,-108.83556216141254,11.65916842129627,65.0,81.02400000000004,27.811562161412493,14.0
-1,-152.17346039609004,15.263794805555545,77.0,98.40000000000003,53.77346039608999,21.0
-1,-152.33717263357113,19.017344680555517,107.0,118.46400000000006,33.87317263357108,19.0
-1,-140.48711486060898,16.10361458796298,101.0,109.72800000000004,30.75911486060893,16.0
-1,-114.18826473751874,13.350948606481472,78.0,79.87200000000004,34.31626473751869,17.0
-1,-130.3306306034963,15.24892199999997,81.0,90.43200000000006,39.89863060349624,17.0
-1,-143.76235920775702,16.143507115740746,77.0,89.85600000000004,53.906359207756985,22.0
-1,-138.73647387630567,17.427935634259235,89.0,93.40800000000004,45.32847387630565,19.0
-1,-125.87697564021454,21.47653359722216,100.0,99.45600000000005,26.420975640214515,17.0
-1,-149.00694078133245,15.14121760648146,72.0,84.48000000000003,64.52694078133241,27.0
-1,-103.70578364651156,15.196152194444448,69.0,75.93600000000002,27.76978364651154,19.0
-1,-134.5291525485157,17.699219587962933,80.0,99.16800000000008,35.36115254851563,17.0
-1,-108.8692902801598,15.860769231481465,66.0,67.48800000000001,41.381290280159774,18.0
-1,-107.50850076064256,13.51505525925926,68.0,70.17600000000002,37.33250076064255,21.0
-1,-96.86882388112248,12.621937902777788,67.0,70.56000000000002,26.308823881122457,20.0
-1,-149.99706121559058,21.29492693055551,95.0,92.35200000000005,57.64506121559055,25.0
-1,-105.599905042781,13.17906714814814,80.0,76.608,28.991905042780974,19.0
-1,-132.77246617768753,17.462591217592582,80.0,87.07200000000005,45.700466177687474,21.0
-1,-113.07572350354992,14.985952583333306,76.0,85.53600000000006,27.539723503549865,19.0
-1,-131.09322558916713,14.964946398148138,83.0,91.39200000000002,39.70122558916712,17.0
-1,-157.79586344052683,17.28978402314813,88.0,112.80000000000008,44.99586344052675,24.0
-1,-99.9767824210289,9.643683916666657,54.0,67.20000000000003,32.77678242102888,20.0
-1,-149.2661905596125,15.84158224537036,103.0,126.04800000000006,23.21819055961246,16.0
-1,-157.0993701431377,10.923820083333336,79.0,103.87200000000006,53.227370143137634,23.0
-1,-130.0695932953533,10.808892129629632,89.0,104.54400000000004,25.525593295353232,18.0
-1,-105.67041079221256,13.2493950787037,69.0,69.984,35.68641079221257,20.0
-1,-130.50052920880285,16.415748810185143,76.0,86.20800000000004,44.2925292088028,20.0
-1,-122.57158847257404,17.66716626388886,85.0,97.34400000000002,25.22758847257403,15.0
-1,-129.7891570640949,11.408875425925933,73.0,88.99200000000002,40.79715706409486,22.0
-1,-125.5223197137824,13.327619203703712,71.0,77.76000000000002,47.76231971378237,24.0
-1,-114.69947486608072,15.430301754629626,65.0,72.38400000000003,42.3154748660807,18.0
-1,-99.06515343067989,15.311571930555528,72.0,71.13600000000001,27.92915343067987,16.0
-1,-112.99044504799318,16.219720949074052,66.0,72.864,40.12644504799318,22.0
-1,-116.4286210498453,12.93928707870369,76.0,83.32800000000003,33.10062104984527,18.0
-1,-134.2750106028451,13.256341124999988,85.0,95.71200000000006,38.563010602845054,20.0
-1,-120.52362966913849,13.094030685185176,69.0,80.25600000000001,40.26762966913846,22.0
-1,-111.5412269245096,10.885547796296285,62.0,67.77600000000002,43.76522692450957,19.0
-1,-120.7979672027162,14.03064549074071,81.0,81.31200000000003,39.48596720271616,21.0
-1,-92.09642998619968,8.8136159212963,49.0,58.94400000000002,33.15242998619964,17.0
-1,-138.94376131021656,15.175201523148134,94.0,96.96000000000004,41.9837613102165,22.0
-1,-131.74582442322918,15.45455297222222,83.0,99.36000000000006,32.38582442322914,19.0
-1,-126.22302805106904,13.625001638888852,83.0,91.77600000000002,34.44702805106901,20.0
-1,-166.20538733146398,14.776668287037028,95.0,116.16000000000008,50.04538733146392,23.0
-1,-113.59086755757066,11.934924722222208,60.0,70.46400000000003,43.12686755757064,25.0
-1,-170.41527673959416,15.289841490740738,101.0,124.22400000000006,46.191276739594095,20.0
-1,-154.04564552832852,21.221819032407318,121.0,113.18400000000004,40.86164552832848,20.0
-1,-150.06115230940884,13.738839981481467,104.0,114.43200000000006,35.629152309408774,22.0
-1,-128.64008871440876,12.64495464814814,78.0,89.37600000000002,39.264088714408736,22.0
-1,-122.7407330037564,17.856590865740706,71.0,77.08800000000001,45.65273300375638,20.0
-1,-112.37282323539262,11.421481152777767,63.0,76.32000000000004,36.05282323539258,22.0
-1,-99.66498934310316,14.095625018518492,63.0,69.21600000000002,30.44898934310315,17.0
-1,-119.39640502342912,16.511414097222218,85.0,88.99200000000003,30.40440502342908,20.0
-1,-161.56545429971712,16.023893199074077,95.0,116.35200000000005,45.21345429971708,21.0
-1,-146.37978149743077,15.722300444444466,99.0,110.88000000000004,35.49978149743072,17.0
-1,-131.98313856947385,14.4865401759259,99.0,97.53600000000004,34.447138569473815,23.0
-1,-123.88481623642468,14.38180377314815,76.0,88.89600000000002,34.98881623642467,18.0
-1,-114.35007630284424,15.917860416666654,68.0,88.51200000000001,25.838076302844215,12.0
-1,-148.39146248822377,17.10134300462961,137.0,122.784,25.607462488223756,18.0
-1,-125.66254081570636,15.093567574074042,82.0,99.45600000000005,26.20654081570632,15.0
-1,-118.64713864959444,15.970975768518503,71.0,70.56000000000002,48.087138649594415,23.0
-1,-147.09346919318332,12.34151874999999,70.0,94.94400000000005,52.149469193183286,22.0
-1,-120.17340438205451,14.040592185185156,70.0,78.72000000000004,41.45340438205448,21.0
-1,-172.04468959084355,18.10097152314812,89.0,99.84000000000005,72.2046895908435,25.0
-1,-108.9869404248011,14.703812587962943,72.0,73.24800000000002,35.73894042480108,19.0
-1,-162.83971211272518,15.777247717592587,77.0,87.16800000000002,75.67171211272515,24.0
-1,-96.20023915892844,11.254089143518527,51.0,56.832000000000015,39.36823915892842,21.0
-1,-107.61880289472312,12.388829606481464,63.0,76.22400000000003,31.39480289472308,19.0
-1,-154.0040976437126,15.642204074074094,85.0,99.55200000000004,54.45209764371258,22.0
-1,-159.01722348109286,15.178740152777763,87.0,108.19200000000004,50.825223481092806,24.0
-1,-141.61579477403234,13.15652094907405,71.0,92.64000000000004,48.975794774032295,26.0
-1,-120.8156526588264,18.011581879629546,81.0,92.06400000000004,28.751652658826348,18.0
-1,-133.02703865773864,19.4318579027778,89.0,101.66400000000004,31.36303865773859,16.0
-1,-109.71213992159905,11.581766375000006,71.0,79.20000000000002,30.512139921599022,19.0
-1,-143.70729256190265,21.391273291666597,104.0,113.95200000000004,29.75529256190262,17.0
-1,-117.15201426057791,15.728794476851846,74.0,74.11200000000002,43.04001426057789,18.0
-1,-114.54248890822402,16.928344708333306,68.0,79.68000000000004,34.86248890822399,15.0
-1,-130.60259191143936,14.952133513888862,85.0,92.16000000000004,38.44259191143932,23.0
-1,-113.57481886272484,16.133336402777772,70.0,74.784,38.79081886272485,20.0
-1,-131.80712472655244,13.520719115740723,86.0,102.14400000000003,29.663124726552407,18.0
-1,-121.26281391218066,15.49636229629626,64.0,83.90400000000005,37.3588139121806,19.0
-1,-197.15522986526128,20.761104708333274,98.0,110.40000000000003,86.75522986526124,24.0
-1,-125.21339846017318,16.068365226851874,73.0,80.92800000000004,44.28539846017315,18.0
-1,-116.09579399508206,11.66803526851851,66.0,78.62400000000002,37.471793995082045,20.0
-1,-107.11766963344289,11.5483301435185,60.0,74.01600000000003,33.10166963344284,18.0
-1,-125.05669210736004,18.7207588796296,86.0,89.664,35.392692107360055,20.0
-1,-115.5288462884269,12.652560578703715,78.0,85.72800000000002,29.80084628842688,19.0
-1,-100.6155025504972,11.022263726851838,62.0,67.968,32.647502550497194,22.0
-1,-134.79537696741963,16.110258023148106,82.0,87.84000000000003,46.9553769674196,21.0
-1,-136.39135518298923,12.42293747685185,77.0,97.63200000000003,38.75935518298921,23.0
-1,-127.75996575454712,12.867882731481464,73.0,89.08800000000005,38.67196575454707,21.0
-1,-107.93843575347806,13.566006518518526,68.0,81.02400000000003,26.914435753478028,16.0
-1,-132.86758377354042,17.89212554166665,97.0,87.16800000000002,45.6995837735404,22.0
-1,-102.08811019813504,13.445551018518485,60.0,69.50400000000002,32.58411019813501,19.0
-1,-139.42234992150316,19.3578835,87.0,87.55200000000002,51.870349921503134,19.0
-1,-114.67806463552644,12.563479421296291,66.0,75.93600000000004,38.74206463552641,18.0
-1,-122.681420280036,13.587805879629617,71.0,79.10400000000003,43.577420280035966,19.0
-1,-112.49374478073791,13.96477369444445,60.0,75.55200000000004,36.941744780737885,18.0
-1,-81.90955540252241,12.712775763888862,48.0,53.66400000000002,28.245555402522385,16.0
-1,-126.4154035133074,15.315349958333329,79.0,90.43200000000004,35.983403513307366,16.0
-1,-145.18804558395811,21.02175521759258,92.0,106.75200000000004,38.43604558395808,19.0
-1,-101.6897308708683,11.031591476851842,58.0,69.69600000000003,31.993730870868276,17.0
-1,-109.36417415367536,16.575100513888902,61.0,73.82400000000003,35.54017415367532,23.0
-1,-124.36021278964458,18.046715532407397,72.0,75.64800000000001,48.71221278964456,20.0
-1,-94.79168310802538,9.19415321296297,52.0,61.24800000000002,33.54368310802536,19.0
-1,-102.39595552092209,12.464299495370389,59.0,63.936000000000014,38.45995552092208,23.0
-1,-113.5875694222016,12.772598236111085,74.0,79.77600000000001,33.8115694222016,20.0
-1,-119.09306253475128,15.067723856481466,69.0,88.22400000000003,30.869062534751247,17.0
-1,-107.48586933037907,11.71637037962962,67.0,64.416,43.06986933037909,20.0
-1,-128.95770811038102,16.08478723611108,81.0,97.24800000000006,31.70970811038096,14.0
-1,-121.67121498418592,17.960176226851832,73.0,89.08800000000005,32.58321498418586,16.0
-1,-128.5774723166886,19.292762532407355,81.0,81.60000000000004,46.977472316688576,17.0
-1,-181.08033753019876,17.35990566203703,82.0,90.72000000000004,90.36033753019868,28.0
-1,-153.03312655783023,16.759688546296253,104.0,102.04800000000009,50.98512655783016,25.0
-1,-150.12433147487803,19.08332117592593,88.0,96.96000000000002,53.164331474878,22.0
-1,-127.96369006735851,12.01766904166666,75.0,86.97600000000004,40.98769006735848,24.0
-1,-121.29440302642392,16.34698212037036,68.0,65.18400000000001,56.1104030264239,21.0
-1,-105.58500748682964,14.333616564814816,55.0,69.02400000000003,36.56100748682963,16.0
-1,-117.14822104563254,13.86212106481481,71.0,73.63200000000002,43.51622104563251,22.0
-1,-143.55504857713953,15.408279476851868,86.0,97.63200000000003,45.92304857713949,21.0
-1,-125.5187039403439,20.00928269444442,79.0,88.99200000000003,36.52670394034387,21.0
-1,-141.26181891602562,14.612530523148145,96.0,97.728,43.53381891602561,22.0
-1,-121.7612210956298,15.820122379629622,67.0,72.48000000000002,49.281221095629775,21.0
-1,-119.75078325374814,16.039281712962953,69.0,76.32000000000004,43.4307832537481,20.0
-1,-112.8896597603336,11.777053018518508,64.0,82.75200000000004,30.13765976033357,15.0
-1,-118.85973645445875,18.37674557870366,67.0,80.92800000000003,37.93173645445873,19.0
-1,-105.99065353784331,14.92282483796295,65.0,72.00000000000003,33.9906535378433,20.0
-1,-119.1073842549798,13.714126407407395,74.0,76.80000000000003,42.307384254979766,23.0
-1,-116.69401669838196,13.82408512037036,70.0,90.43200000000002,26.26201669838196,15.0
-1,-121.98883702442714,16.717363291666658,72.0,82.36800000000004,39.620837024427104,24.0
-1,-110.39114018119776,17.28801814351851,68.0,74.01600000000003,36.375140181197736,17.0
-1,-120.94389158639096,12.135388226851852,88.0,89.472,31.47189158639095,21.0
-1,-132.3535189991894,18.49128274999997,96.0,100.608,31.745518999189397,18.0
-1,-122.77905319137626,11.343964500000013,59.0,85.53600000000004,37.24305319137622,21.0
-1,-115.79938063557404,16.01435617129628,81.0,81.50400000000008,34.29538063557396,20.0
-1,-105.43292975717148,14.552802986111104,60.0,70.84800000000003,34.584929757171444,21.0
-1,-110.7798476593492,10.659018666666672,60.0,67.20000000000002,43.57984765934917,23.0
-1,-124.15234467043044,19.07068616203698,86.0,90.33600000000004,33.81634467043041,19.0
-1,-115.2448841522183,14.289255064814787,83.0,87.07200000000003,28.172884152218263,18.0
-1,-123.05671540429869,13.197885162037036,63.0,76.12800000000004,46.92871540429863,23.0
-1,-148.67236733759623,12.576671777777785,82.0,89.56800000000004,59.10436733759619,26.0
-1,-128.01610212365284,18.008454472222166,78.0,88.80000000000003,39.21610212365282,19.0
-1,-116.17790563061884,13.879707833333306,68.0,86.97600000000003,29.201905630618832,19.0
-1,-110.62023328575263,14.0676371435185,71.0,77.08800000000004,33.53223328575262,18.0
-1,-114.65796796891512,16.283707361111112,75.0,73.92000000000004,40.737967968915086,21.0
-1,-109.3563462191097,15.395080370370344,70.0,80.25600000000001,29.10034621910969,16.0
-1,-164.05382192598256,22.32861193518519,101.0,103.48800000000006,60.565821925982505,25.0
-1,-114.92524379252616,20.208119273148164,81.0,85.82400000000004,29.101243792526127,15.0
-1,-114.20565939949635,10.71127537037036,57.0,80.83200000000004,33.373659399496326,17.0
-1,-111.83167922359944,13.920202666666656,76.0,74.01600000000003,37.81567922359943,21.0
-1,-123.83749928690034,14.229033046296289,69.0,74.01600000000003,49.82149928690031,21.0
-1,-114.04716090131777,13.314726703703698,66.0,68.83200000000004,45.21516090131774,19.0
-1,-104.73283964497416,15.12979426388887,61.0,68.73600000000002,35.99683964497413,17.0
-1,-149.81484892278866,16.459043916666648,79.0,94.84800000000004,54.9668489227886,21.0
-1,-152.5119379666585,17.626255148148132,93.0,99.64800000000004,52.863937966658455,28.0
-1,-116.44535195231124,15.046078449074052,83.0,92.73600000000005,23.709351952311188,17.0
-1,-144.67039587128627,17.064910819444425,76.0,92.16000000000004,52.510395871286256,23.0
-1,-122.63180069028424,15.381344305555556,74.0,91.39200000000004,31.239800690284213,17.0
-1,-132.99673607364122,14.612471069444462,75.0,101.08800000000004,31.90873607364115,21.0
-1,-120.29641515787682,17.14988645370368,71.0,75.84000000000002,44.4564151578768,18.0
-1,-108.9130942468828,14.408104972222224,58.0,68.35200000000002,40.56109424688279,21.0
-1,-110.84771677153655,22.22898489814815,71.0,58.94399999999999,51.90371677153657,22.0
-1,-118.7466525895896,19.42787190277773,82.0,72.48000000000003,46.26665258958956,20.0
-1,-135.61315714431163,17.525411402777753,80.0,90.52800000000003,45.08515714431161,20.0
-1,-137.9520018944893,15.920683712962948,74.0,92.25600000000004,45.69600189448928,21.0
-1,-122.68249558272186,16.555374425925887,73.0,82.36800000000004,40.31449558272183,19.0
-1,-111.70783618842948,12.2381301574074,57.0,73.05600000000001,38.65183618842947,20.0
-1,-106.37019644020974,16.660907796296257,61.0,62.88000000000001,43.49019644020973,18.0
-1,-156.3757311422742,16.368830888888862,79.0,109.82400000000004,46.55173114227414,25.0
-1,-107.25217328987614,13.77106791203702,65.0,74.49600000000001,32.75617328987614,23.0
-1,-134.6935681156177,16.294617023148124,94.0,106.27200000000003,28.421568115617667,16.0
-1,-146.16042034037278,16.22845798148145,82.0,102.24000000000004,43.92042034037273,19.0
-1,-119.03814281572052,10.435217509259251,71.0,95.80800000000004,23.23014281572049,15.0
-1,-95.62374070770002,13.106395870370358,65.0,65.08800000000002,30.535740707700008,14.0
-1,-106.25532616569102,13.534281541666662,65.0,82.17600000000004,24.07932616569097,15.0
-1,-115.57460502901785,12.231367527777795,69.0,76.41600000000001,39.15860502901783,24.0
-1,-119.4363235208713,17.758907532407385,87.0,94.27200000000002,25.16432352087128,16.0
-1,-98.73562175167514,13.997900296296294,69.0,73.44000000000003,25.295621751675117,18.0
-1,-115.3656981569208,12.821313055555557,64.0,77.76000000000002,37.60569815692078,17.0
-1,-157.53045711122732,13.68917770833332,89.0,93.216,64.31445711122733,26.0
-1,-142.33713739728944,21.30699083333328,80.0,86.59200000000006,55.745137397289376,21.0
-1,-108.93283388039092,15.865182129629607,61.0,75.84000000000003,33.0928338803909,18.0
-1,-126.9869569487056,16.148868472222194,84.0,105.69600000000004,21.29095694870555,16.0
-1,-194.4851453182921,18.67458029166666,99.0,118.36800000000004,76.11714531829205,25.0
-1,-134.1327172782506,15.068919314814826,76.0,93.40800000000006,40.72471727825055,20.0
-1,-150.01021260489995,17.995403013888854,94.0,105.31200000000004,44.69821260489989,19.0
-1,-106.61550971937368,15.414779217592589,69.0,77.18400000000001,29.43150971937368,18.0
-1,-111.49746215428232,14.49351216203702,71.0,73.63200000000002,37.8654621542823,18.0
-1,-114.90028880769952,12.536913000000013,72.0,78.43200000000003,36.46828880769948,20.0
-1,-110.39677735463154,15.67784910185184,77.0,80.35199999999999,30.044777354631552,17.0
-1,-87.85354824466411,13.158133282407409,50.0,57.21600000000002,30.637548244664085,19.0
-1,-110.09648309878123,14.283728324074062,69.0,77.95200000000004,32.144483098781215,18.0
-1,-120.46160993790376,13.747148773148156,63.0,78.91200000000003,41.5496099379037,22.0
-1,-133.08627132256487,15.28908864351853,80.0,92.35200000000005,40.73427132256482,22.0
-1,-115.3789139265373,13.380376231481478,88.0,97.15200000000004,18.226913926537254,15.0
-1,-137.66394321997683,16.934895106481452,74.0,86.97600000000004,50.6879432199768,24.0
-1,-137.63041231467145,20.520562083333264,84.0,102.14400000000003,35.486412314671405,19.0
-1,-91.41886089863816,14.272982009259252,59.0,63.26400000000002,28.15486089863814,18.0
-1,-139.1481152209461,14.491429986111084,81.0,92.35200000000005,46.79611522094606,21.0
-1,-106.72787511848888,15.14904674074071,77.0,89.28000000000004,17.447875118488817,12.0
-1,-93.64912817120776,11.470333722222202,54.0,60.48000000000002,33.16912817120775,17.0
-1,-102.49300922793196,14.3581768287037,59.0,60.67200000000002,41.82100922793195,19.0
-1,-104.9721739177595,11.240292504629634,60.0,66.048,38.92417391775951,19.0
-1,-158.29541063450023,16.867744342592573,107.0,119.42400000000006,38.87141063450018,20.0
-1,-107.94076090370903,15.93193247685183,70.0,68.83200000000002,39.10876090370902,16.0
-1,-128.9080478453138,14.006363930555516,78.0,99.64800000000004,29.26004784531374,19.0
-1,-120.34080493550242,12.048751555555556,56.0,70.56000000000003,49.78080493550239,19.0
-1,-117.94131864886636,16.255315097222212,71.0,90.91200000000002,27.029318648866337,13.0
-1,-112.28288951304114,15.358836740740715,74.0,80.736,31.54688951304113,18.0
-1,-107.32726780015898,14.730942638888893,58.0,61.15200000000002,46.17526780015896,22.0
-1,-137.76354969903394,18.311462388888856,81.0,78.336,59.42754969903396,21.0
-1,-116.30451549021257,16.324793050925912,71.0,75.36000000000001,40.94451549021254,19.0
-1,-120.38515189253576,18.31376909259258,68.0,76.51200000000003,43.87315189253575,24.0
-1,-113.49479277687982,12.779444365740757,57.0,69.02400000000003,44.47079277687978,26.0
-1,-176.58131812123807,15.831908833333303,78.0,110.11200000000008,66.469318121238,29.0
-1,-108.90944868173158,16.15385658796297,78.0,85.34400000000004,23.56544868173154,16.0
-1,-113.3505593217418,15.2472579861111,66.0,75.55200000000002,37.79855932174179,18.0
-1,-117.61594470960144,15.04397180555555,77.0,82.176,35.439944709601455,17.0
-1,-172.74421990999352,17.60819917592591,71.0,94.46400000000004,78.28021990999348,27.0
-1,-114.7915712304276,14.288125231481493,66.0,65.08800000000001,49.7035712304276,25.0
-1,-99.92507279484514,12.160710587962958,65.0,69.40800000000003,30.517072794845102,20.0
-1,-105.34792352498008,11.669035916666669,58.0,69.50400000000002,35.84392352498006,19.0
-1,-118.99835802730549,14.574261814814824,79.0,90.43200000000006,28.566358027305423,18.0
-1,-119.49448211826518,14.93299077314812,64.0,79.48800000000004,40.00648211826513,19.0
-1,-98.46453694339404,11.795785902777787,63.0,73.72800000000004,24.736536943394007,16.0
-1,-115.6946579902046,14.42650970370373,66.0,71.52000000000001,44.174657990204594,25.0
-1,-132.001567914225,21.8120786759259,82.0,86.49600000000004,45.50556791422496,21.0
-1,-140.14086771528827,16.403898708333326,79.0,92.35200000000006,47.78886771528822,18.0
-1,-99.28714094093624,15.202771504629627,61.0,60.38400000000002,38.90314094093621,22.0
-1,-139.0775553135399,15.686166749999968,86.0,94.65600000000003,44.42155531353987,21.0
-1,-107.51067047779412,14.53478442129628,65.0,80.92800000000001,26.58267047779412,13.0
-1,-120.82712187758544,13.75918547685185,61.0,71.52000000000002,49.3071218775854,19.0
-1,-125.91515262796894,13.921236208333328,64.0,74.97600000000004,50.939152627968895,22.0
-1,-118.44517701146636,14.168316833333318,69.0,68.83200000000002,49.61317701146636,21.0
-1,-132.8901828614002,13.03100846296299,76.0,92.35200000000005,40.53818286140018,19.0
-1,-131.40448936175426,19.257631180555524,79.0,90.81600000000005,40.58848936175422,21.0
-1,-90.43202582441724,12.489348162037032,60.0,61.34400000000001,29.088025824417223,18.0
-1,-118.52459317009398,17.38416400462963,61.0,74.97600000000003,43.54859317009395,16.0
-1,-130.06159651706463,15.505496726851804,75.0,90.72000000000004,39.34159651706457,16.0
-1,-142.6677222791075,16.708071069444415,73.0,76.22400000000003,66.44372227910746,22.0
-1,-100.43317673753248,10.60150866666667,57.0,68.83200000000002,31.601176737532462,20.0
-1,-144.90773951566987,20.114806541666628,100.0,113.66400000000006,31.243739515669827,15.0
-1,-116.2616528894898,13.360633101851866,67.0,80.73600000000002,35.52565288948978,17.0
-1,-140.39377216735528,18.535095490740694,75.0,87.93600000000005,52.457772167355216,20.0
-1,-118.7576274576113,15.86855620833334,70.0,81.98400000000004,36.77362745761126,19.0
-1,-117.22601360635534,16.25205642592587,73.0,81.69600000000003,35.53001360635532,20.0
-1,-110.61105246768356,18.47106975925925,73.0,85.82400000000004,24.78705246768352,12.0
-1,-114.96339590262674,16.744088865740732,62.0,74.01600000000003,40.94739590262671,19.0
-1,-141.58262197734635,17.800006143518477,81.0,96.67200000000004,44.91062197734629,21.0
-1,-83.00453897035803,9.52825460185185,46.0,57.31200000000002,25.69253897035801,14.0
-1,-109.73171781452167,14.5477164583333,69.0,76.992,32.73971781452169,18.0
-1,-131.38923275082763,16.38743405555555,71.0,80.06400000000004,51.3252327508276,21.0
-1,-123.56812829219209,19.19251930092587,75.0,85.05600000000003,38.51212829219205,20.0
-1,-118.12057146993703,16.219630314814808,66.0,84.19200000000004,33.928571469937,19.0
-1,-112.64080957651544,12.944460115740744,60.0,70.94400000000003,41.69680957651542,19.0
-1,-104.05852284356357,16.10865961574073,71.0,75.552,28.50652284356356,20.0
-1,-129.01912756681406,15.91063842129628,63.0,74.11200000000002,54.907127566814026,20.0
-1,-105.20489593348208,14.615952273148128,67.0,78.62400000000002,26.58089593348205,15.0
-1,-135.60852412159073,15.819498032407424,78.0,84.86400000000002,50.74452412159073,23.0
-1,-119.88081447003287,14.540378291666654,72.0,84.09600000000003,35.78481447003284,20.0
-1,-127.15504630774508,12.895738476851855,77.0,89.85600000000004,37.29904630774503,14.0
-1,-108.09243833284248,18.690228162037013,78.0,70.46400000000001,37.628438332842464,22.0
-1,-118.6742383366502,16.249041328703676,71.0,77.95200000000003,40.72223833665017,19.0
-1,-133.4957998223483,16.65403398148145,95.0,97.24800000000003,36.247799822348256,18.0
-1,-144.61983093326694,18.066141574074045,104.0,119.04000000000003,25.57983093326692,16.0
-1,-114.4723536973629,15.987835615740725,61.0,67.96800000000002,46.504353697362895,21.0
-1,-125.78629811216554,17.17238416666666,88.0,95.80800000000002,29.978298112165515,19.0
-1,-102.67691310426964,17.645640856481464,64.0,68.73600000000003,33.94091310426959,17.0
-1,-128.78682154596297,16.438706648148127,78.0,89.08800000000002,39.698821545962936,23.0
-1,-100.18593762110268,17.994730833333303,71.0,79.58400000000002,20.60193762110265,13.0
-1,-147.76448417968004,14.01024313888888,75.0,101.56800000000004,46.19648417967998,23.0
-1,-98.12871038175356,12.149503546296303,62.0,68.35200000000003,29.77671038175354,18.0
-1,-121.61463481290988,17.992249148148094,86.0,78.43200000000002,43.18263481290988,21.0
-1,-115.77736392651263,15.275000782407387,76.0,84.76800000000004,31.009363926512595,17.0
-1,-130.75467567642804,14.870998796296265,78.0,90.81600000000006,39.93867567642798,18.0
-1,-143.55405594855702,16.052477842592605,84.0,95.90400000000004,47.65005594855698,20.0
-1,-137.4857027374904,17.030970365740714,89.0,98.68800000000005,38.797702737490326,22.0
-1,-167.591140272733,14.823714814814824,82.0,95.42400000000004,72.16714027273296,24.0
-1,-127.52264063800224,17.549841699074072,76.0,91.48800000000004,36.0346406380022,21.0
-1,-137.31769974172252,16.919102412037056,65.0,83.52000000000002,53.7976997417225,24.0
-1,-113.22205549430352,11.69667182870369,59.0,67.20000000000002,46.02205549430352,20.0
-1,-122.1757768944852,12.836902824074071,71.0,85.24800000000005,36.92777689448516,21.0
-1,-122.9739262457831,16.651309800925887,62.0,82.94400000000003,40.02992624578308,17.0
-1,-119.59196733559487,17.145651870370372,74.0,83.52000000000001,36.07196733559487,20.0
-1,-132.59468800416332,17.887925018518477,82.0,93.88800000000002,38.7066880041633,21.0
-1,-114.7591904151242,12.990258574074083,60.0,75.36000000000003,39.39919041512417,20.0
-1,-129.44781289712395,19.63093535648145,94.0,89.28000000000003,40.16781289712392,18.0
-1,-104.25293906829144,13.22430953703704,56.0,62.112000000000016,42.14093906829142,21.0
-1,-129.59653654633914,13.738193824074088,75.0,83.42400000000005,46.172536546339096,21.0
-1,-157.13172417463448,16.261442629629624,91.0,98.88000000000004,58.25172417463445,24.0
-1,-126.4723089645928,13.94083962962963,81.0,84.864,41.6083089645928,22.0
-1,-85.05736272150074,15.49170219444441,59.0,61.82400000000001,23.23336272150073,15.0
-1,-106.12785551804906,12.40604618518518,64.0,65.76000000000002,40.36785551804904,22.0
-1,-118.39222709626767,13.36971054629628,70.0,81.50400000000003,36.88822709626764,19.0
-1,-125.29877639117085,23.05544749074072,79.0,77.66400000000006,47.63477639117077,17.0
-1,-129.0597679408965,12.612059611111096,70.0,85.92000000000004,43.13976794089645,19.0
-1,-117.47997683215124,18.34306483796296,83.0,85.63200000000002,31.847976832151232,17.0
-1,-119.80327235420664,15.236142282407403,77.0,85.92000000000004,33.88327235420661,18.0
-1,-112.1563763960823,13.09918869907406,57.0,75.64800000000004,36.50837639608225,19.0
-1,-106.24816913483016,14.186604379629587,68.0,68.35200000000002,37.89616913483015,23.0
-1,-119.89792564761775,15.537508555555531,87.0,86.30400000000002,33.59392564761775,21.0
-1,-131.43944529117488,16.969437805555522,80.0,83.13600000000002,48.30344529117484,22.0
-1,-111.69177246577496,14.216014004629631,62.0,70.56000000000002,41.13177246577496,20.0
-1,-106.91008542437842,13.506172865740757,66.0,70.84800000000003,36.0620854243784,19.0
-1,-92.57849214468844,13.430717712962988,53.0,61.44000000000002,31.13849214468843,16.0
-1,-125.7744368782166,15.891426407407376,76.0,77.95200000000003,47.82243687821656,19.0
-1,-119.00612351289492,16.81135764814811,77.0,82.84800000000004,36.158123512894896,18.0
-1,-108.15702912103748,12.032108046296308,65.0,70.27200000000003,37.885029121037455,18.0
-1,-146.5515007610777,17.602754472222205,75.0,88.60800000000003,57.94350076107768,20.0
-1,-107.72946637948972,12.39681879166666,55.0,64.99200000000002,42.7374663794897,19.0
-1,-108.16329448339606,11.490597361111114,55.0,69.31200000000003,38.85129448339603,22.0
-1,-128.49430112829828,13.348541513888884,84.0,82.17599999999999,46.318301128298295,22.0
-1,-130.63548088830544,19.616512259259245,80.0,91.20000000000005,39.435480888305406,21.0
-1,-128.93108890964083,16.53440945833329,78.0,98.30400000000004,30.62708890964079,18.0
-1,-165.0487040604606,19.88567285185184,90.0,92.44800000000002,72.60070406046059,29.0
-1,-120.1780331719975,15.910987351851844,75.0,75.552,44.62603317199749,21.0
-1,-108.39900424670336,11.565625722222205,58.0,78.81600000000003,29.58300424670333,16.0
-1,-138.08687095995538,17.691735564814792,92.0,95.80800000000004,42.27887095995533,20.0
-1,-115.299167368144,10.515223717592594,65.0,79.48800000000003,35.81116736814397,21.0
-1,-142.6388347508397,16.51922445370369,84.0,90.72000000000006,51.91883475083962,21.0
-1,-143.60500676066215,18.4780081898148,86.0,107.90400000000008,35.70100676066209,21.0
-1,-105.41152601483444,17.152497703703695,69.0,78.33600000000003,27.07552601483441,13.0
-1,-105.7494900465522,12.482530259259253,64.0,68.54400000000004,37.20549004655216,20.0
-1,-123.7746965567018,14.573757444444436,73.0,94.17600000000004,29.598696556701768,19.0
-1,-99.00966699413932,17.088903194444427,64.0,74.01600000000003,24.993666994139268,14.0
-1,-121.27846101113164,16.51375251388888,81.0,92.73600000000002,28.54246101113161,16.0
-1,-106.69000025016264,10.53959430092594,51.0,60.288000000000025,46.4020002501626,24.0
-1,-115.7110777620609,18.007007300925945,68.0,76.22400000000002,39.48707776206088,22.0
-1,-104.76897627719654,13.795018101851838,73.0,77.85600000000002,26.91297627719652,18.0
-1,-139.24545098451523,18.598160245370327,93.0,106.27200000000003,32.97345098451518,13.0
-1,-115.20920411727026,17.55460130092591,92.0,97.72800000000008,17.481204117270195,12.0
-1,-114.54687224026829,17.726581541666626,78.0,78.33600000000001,36.21087224026827,20.0
-1,-115.74470066360831,17.083773666666644,78.0,88.41600000000004,27.328700663608284,15.0
-1,-110.57694007426012,14.854067606481456,81.0,75.16800000000003,35.40894007426009,19.0
-1,-111.5476098516294,18.050930712962927,91.0,89.76000000000002,21.78760985162939,14.0
-1,-114.72711765141511,13.970216967592584,67.0,77.66400000000002,37.0631176514151,18.0
-1,-102.36966178656314,16.049028175925912,59.0,64.03200000000001,38.33766178656313,17.0
-1,-99.84084028296692,18.569412518518504,79.0,77.08800000000001,22.752840282966915,15.0
-1,-135.2047638896749,18.24328367592591,88.0,85.63200000000003,49.57276388967486,19.0
-1,-100.38511468620698,19.8141955416666,76.0,73.15200000000002,27.233114686206964,16.0
-1,-103.35833527706107,19.586220430555542,64.0,73.63200000000002,29.726335277061075,14.0
-1,-106.3550278087937,14.706008041666683,65.0,72.96000000000002,33.395027808793664,17.0
-1,-133.46057540800734,17.752078819444407,72.0,95.616,37.84457540800732,21.0
-1,-151.5716602772183,16.543954430555544,89.0,92.928,58.64366027721832,19.0
-1,-127.91983572275498,17.775918703703695,78.0,79.96800000000005,47.95183572275493,23.0
-1,-107.15312965069808,15.57613785648148,71.0,74.49600000000002,32.657129650698046,17.0
-1,-136.7296343362708,15.326118666666655,76.0,98.20800000000004,38.52163433627078,20.0
-1,-93.48942666486604,11.868152486111102,56.0,62.97600000000001,30.513426664866014,19.0
-1,-158.91905192805916,20.336343782407354,90.0,109.24800000000006,49.671051928059086,20.0
-1,-115.67366309598376,16.34074799999998,78.0,85.82400000000001,29.849663095983747,17.0
-1,-164.23418684539814,17.754016870370336,86.0,95.04000000000003,69.19418684539811,25.0
-1,-117.01907837123304,18.532726689814776,91.0,89.18400000000004,27.835078371233003,14.0
-1,-117.52329274815744,15.708290453703691,82.0,80.64000000000001,36.883292748157416,20.0
-1,-148.1589156272263,18.849440314814814,84.0,96.38400000000004,51.77491562722624,21.0
-1,-181.73549084572505,20.093212870370344,95.0,112.60800000000006,69.12749084572498,28.0
-1,-126.13052829002524,14.032474333333326,90.0,98.11200000000002,28.0185282900252,17.0
-1,-127.31921448980526,11.879513453703687,71.0,82.46400000000003,44.85521448980523,22.0
-1,-127.00852438052534,14.195856412037028,81.0,97.44000000000004,29.5685243805253,18.0
-1,-118.2210599864749,19.60236933796289,74.0,91.10400000000004,27.11705998647486,14.0
-1,-154.62394668412486,13.05405712962964,86.0,103.29600000000006,51.3279466841248,19.0
-1,-104.12698769374876,13.111257222222228,58.0,72.28800000000003,31.838987693748745,19.0
-1,-117.83869596903992,16.702099277777744,81.0,87.26400000000002,30.574695969039887,14.0
-1,-107.26120973709163,14.79307082407404,68.0,76.32000000000001,30.941209737091626,18.0
-1,-113.8131669422394,18.962344611111103,71.0,77.47200000000001,36.34116694223941,16.0
-1,-116.79643153217754,14.260662453703716,82.0,78.52800000000002,38.26843153217752,21.0
-1,-132.27675307411383,16.66360906481478,102.0,105.98400000000004,26.292753074113783,17.0
-1,-111.76253965571892,19.427097666666644,79.0,88.80000000000004,22.962539655718874,16.0
-1,-129.00510409686302,15.658137407407391,77.0,90.72000000000004,38.285104096863,19.0
-1,-131.10620049791805,13.514339689814804,88.0,91.2,39.90620049791804,21.0
-1,-131.31777009105934,17.695837245370335,77.0,80.83200000000004,50.48577009105932,22.0
-1,-110.56348326218875,17.203902620370364,87.0,85.92000000000002,24.64348326218873,16.0
-1,-104.853115667546,17.186320277777753,66.0,76.89600000000002,27.95711566754598,14.0
-1,-107.70580819394502,14.865070837962952,70.0,73.248,34.45780819394502,20.0
-1,-130.09532524821296,16.731717592592545,88.0,104.25600000000004,25.83932524821292,16.0
-1,-105.11940806837627,13.87757009722221,65.0,67.96800000000003,37.15140806837625,23.0
-1,-124.74229351781736,14.905586166666652,72.0,95.23200000000004,29.510293517817324,16.0
-1,-111.964636532234,13.00071575925925,69.0,75.93600000000004,36.02863653223397,18.0
-1,-139.78226713363682,14.837438199074072,83.0,91.20000000000005,48.58226713363676,25.0
-1,-103.98554898760432,12.859073939814804,68.0,74.59200000000003,29.393548987604305,16.0
-1,-94.71122146289042,16.015536736111102,61.0,60.768000000000015,33.9432214628904,18.0
-1,-110.05619446013225,13.752180768518494,66.0,76.89600000000003,33.160194460132224,19.0
-1,-147.63825185163847,15.146144324074058,94.0,108.57600000000004,39.06225185163845,24.0
-1,-120.57312675023913,14.849283953703688,67.0,80.73600000000003,39.83712675023909,24.0
-1,-121.73453773295202,16.386721236111065,76.0,85.34400000000004,36.39053773295198,21.0
-1,-109.73531657486151,12.35995328703704,69.0,90.91200000000003,18.82331657486146,11.0
-1,-94.95210881276016,14.173820037037029,60.0,62.68800000000001,32.26410881276016,19.0
-1,-142.3635136151824,15.024153953703694,91.0,95.80800000000004,46.55551361518236,22.0
-1,-164.96004551077615,13.783082592592574,83.0,106.75200000000004,58.20804551077613,22.0
-1,-114.39264986190578,11.070217587962969,66.0,83.42400000000005,30.96864986190573,19.0
-1,-116.60660489014604,16.084950027777747,68.0,79.48800000000001,37.11860489014602,18.0
-1,-130.97667656118696,17.208508629629616,72.0,89.56800000000001,41.40867656118696,18.0
-1,-142.88084074099112,16.157810092592587,97.0,110.49600000000004,32.384840740991066,17.0
-1,-128.95164343571156,14.930757782407396,78.0,77.76000000000002,51.19164343571156,25.0
-1,-125.48024520778802,16.93665231481483,66.0,83.04000000000002,42.44024520778799,26.0
-1,-124.965614211569,19.373312296296252,75.0,91.68000000000004,33.285614211568955,20.0
-1,-111.24623797047452,17.820805800925925,75.0,76.51200000000001,34.7342379704745,21.0
-1,-90.81483794336648,11.812097180555533,53.0,60.76800000000003,30.046837943366448,18.0
-1,-111.016908565189,13.4048558888889,66.0,78.14400000000003,32.87290856518896,17.0
-1,-103.04724258561876,14.530283578703695,64.0,76.70400000000004,26.34324258561873,16.0
-1,-109.47614583503751,13.42099074537037,73.0,79.48800000000004,29.98814583503748,20.0
-1,-114.61834364176195,14.474553898148116,79.0,87.55200000000004,27.06634364176192,16.0
-1,-101.42786951836536,18.189697050925908,74.0,74.30400000000003,27.12386951836532,14.0
-1,-115.232070825137,16.25641243055552,88.0,88.41600000000004,26.81607082513694,16.0
-1,-136.28169928537045,20.59190077314812,92.0,101.56800000000004,34.7136992853704,19.0
-1,-96.69362821173948,10.900748027777787,55.0,65.76,30.933628211739464,20.0
-1,-118.42855033714088,17.83037449537033,88.0,90.43200000000004,27.996550337140853,16.0
-1,-114.42995688155304,12.956585856481482,73.0,76.32000000000002,38.10995688155301,18.0
-1,-107.39304929065143,14.323993402777772,73.0,76.32000000000004,31.07304929065142,17.0
-1,-113.26000860804449,20.302986513888904,69.0,69.504,43.75600860804447,19.0
-1,-108.80525500030502,10.895651087962948,61.0,79.39200000000002,29.413255000305004,18.0
-1,-109.59203018142132,12.866510921296271,62.0,80.25600000000003,29.336030181421275,18.0
-1,-87.79885173072505,11.512072064814802,61.0,67.48800000000003,20.31085173072502,10.0
-1,-119.43940268996624,15.530476851851844,72.0,82.08000000000003,37.35940268996621,17.0
-1,-100.33871218674246,13.493383629629626,60.0,71.13600000000002,29.202712186742428,19.0
-1,-145.7565308039954,18.89578236111108,85.0,101.47200000000002,44.28453080399537,21.0
-1,-101.70369488045824,12.87813091666666,53.0,53.66400000000002,48.03969488045821,22.0
-1,-107.05649197495528,14.192301287037036,62.0,71.90400000000002,35.152491974955275,18.0
-1,-118.36230320854948,15.4253839722222,68.0,88.70400000000005,29.65830320854944,18.0
-1,-92.87539623914732,14.661271060185156,61.0,57.31200000000001,35.56339623914731,18.0
-1,-114.6800835306644,12.264085453703707,64.0,74.20800000000003,40.47208353066437,20.0
-1,-114.39432197268724,18.42401499537036,89.0,86.20800000000004,28.1863219726872,17.0
-1,-111.82404430870578,14.530078416666646,78.0,79.68000000000002,32.14404430870576,20.0
-1,-100.44931493625798,15.792427504629597,68.0,79.48800000000003,20.961314936257946,13.0
-1,-83.16592510078819,10.781239638888907,50.0,47.328,35.83792510078818,22.0
-1,-110.63794424134,12.505081162037015,55.0,66.43200000000002,44.20594424133997,22.0
-1,-108.73687581281266,12.467508995370364,54.0,58.17600000000001,50.56087581281265,20.0
-1,-126.91989313015956,14.715848541666654,86.0,92.16000000000004,34.759893130159504,22.0
-1,-119.17124940114512,15.646462587962942,87.0,95.71200000000002,23.459249401145104,14.0
-1,-117.00260822730694,16.87408213425924,87.0,85.82400000000003,31.178608227306903,19.0
-1,-113.2123200533808,15.151745180555546,72.0,72.864,40.34832005338079,22.0
-1,-146.07492306793475,14.743327226851846,72.0,90.24000000000004,55.83492306793469,26.0
-1,-105.38857761760698,17.76559964814811,63.0,75.45600000000002,29.932577617606974,14.0
-1,-85.91496498849261,12.40161537962964,47.0,57.98400000000002,27.930964988492597,18.0
-1,-97.855227336712,11.9012820138889,58.0,62.208000000000034,35.64722733671198,20.0
-1,-105.9297931565511,11.60833575925928,57.0,73.63200000000002,32.29779315655108,21.0
-1,-92.34216547359324,13.091064967592612,52.0,65.56800000000003,26.7741654735932,17.0
-1,-99.77078597547155,11.5712745601852,52.0,68.92800000000001,30.842785975471543,19.0
-1,-137.48278232281294,13.015754541666684,82.0,94.75200000000004,42.73078232281288,20.0
-1,-96.0622110716495,10.704968439814836,54.0,62.40000000000001,33.66221107164948,18.0
-1,-105.63606432025276,14.333290953703708,54.0,58.272000000000006,47.36406432025275,22.0
-1,-143.8336607788071,18.333502736111065,88.0,104.25600000000006,39.57766077880704,18.0
-1,-132.91346538350592,15.88000043981478,81.0,96.19200000000004,36.72146538350589,18.0
-1,-151.03027129331187,21.111623976851767,106.0,115.10400000000006,35.92627129331181,19.0
-1,-117.02999401467886,15.738303620370354,61.0,81.88800000000003,35.14199401467884,20.0
-1,-110.70752273692524,12.966966745370344,67.0,76.51200000000003,34.19552273692519,19.0
-1,-127.28289340731484,15.869736912037023,73.0,86.88000000000004,40.402893407314814,25.0
-1,-143.76481354146011,15.013707995370362,87.0,93.60000000000004,50.16481354146008,23.0
-1,-81.41646938184067,9.7843577962963,41.0,52.416000000000025,29.00046938184064,18.0
-1,-132.7949188435178,12.310379768518525,71.0,98.59200000000006,34.20291884351773,21.0
-1,-103.83612142178104,11.268519129629636,55.0,63.93600000000004,39.90012142178101,23.0
-1,-95.5161010833542,12.36871731018518,54.0,56.54400000000001,38.972101083354175,23.0
-1,-107.71269459164742,15.87339760185184,65.0,83.04000000000003,24.672694591647375,15.0
-1,-96.28079819066863,12.974581305555548,66.0,64.60800000000003,31.672798190668598,19.0
-1,-109.64892622819404,12.530313226851865,65.0,76.32000000000002,33.32892622819402,19.0
-1,-105.03533691870416,15.455075226851834,66.0,71.90400000000004,33.131336918704136,18.0
-1,-104.83085138645552,10.697759259259252,57.0,69.69600000000003,35.134851386455495,25.0
-1,-123.81130865653948,16.583862129629587,83.0,97.24800000000003,26.563308656539437,16.0
-1,-100.747215233357,15.05984391203702,65.0,63.456,37.291215233357,21.0
-1,-122.36474071580996,18.3790461712963,81.0,93.60000000000004,28.764740715809936,15.0
-1,-104.16036285812842,17.457008935185172,69.0,77.56800000000003,26.59236285812839,16.0
-1,-95.65805175961393,15.68666059259257,75.0,68.83200000000001,26.826051759613925,15.0
-1,-108.19090890248232,12.995516083333335,57.0,68.25600000000003,39.9349089024823,19.0
-1,-121.03414851884024,15.484121865740756,68.0,80.64000000000004,40.394148518840176,20.0
-1,-122.06126670047698,16.113562254629628,77.0,86.01600000000003,36.04526670047695,21.0
-1,-105.04500306706068,15.836995976851828,62.0,74.30400000000002,30.74100306706068,15.0
-1,-99.22674250928377,15.514815129629635,54.0,67.87200000000003,31.35474250928373,16.0
-1,-119.48144001106294,18.2505837037037,76.0,81.31200000000004,38.1694400110629,19.0
-1,-137.746329269037,13.958736166666672,80.0,99.36000000000004,38.38632926903695,23.0
-1,-109.37330133476196,14.572666606481452,74.0,86.30400000000004,23.06930133476192,17.0
-1,-103.2998117010582,13.837867898148149,60.0,64.32000000000001,38.97981170105818,20.0
-1,-137.03452409920098,17.291159680555555,80.0,94.75200000000004,42.28252409920094,17.0
-1,-96.63641733870368,11.349930675925936,58.0,63.36000000000003,33.27641733870365,20.0
-1,-92.58996609224612,13.34880755555555,55.0,63.36000000000003,29.2299660922461,17.0
-1,-107.15485928402695,17.580526666666646,79.0,78.43199999999999,28.72285928402697,14.0
-1,-138.6822392332432,20.813223777777736,85.0,103.58400000000005,35.098239233243135,14.0
-1,-123.8970554831149,16.05818893055552,83.0,97.44000000000004,26.457055483114857,14.0
-1,-92.13842810592584,15.709575972222211,58.0,69.02400000000003,23.114428105925796,15.0
-1,-115.9196183832525,20.40288699537031,83.0,80.352,35.567618383252494,14.0
-1,-95.58397944034174,16.8330439861111,68.0,67.10400000000001,28.47997944034172,15.0
-1,-123.9047602391688,18.27797454166661,75.0,86.49600000000002,37.40876023916879,21.0
-1,-82.11943158602648,14.170278935185186,59.0,61.82400000000002,20.29543158602646,12.0
-1,-123.880076621322,18.15579257407405,79.0,86.49600000000001,37.38407662132198,18.0
-1,-135.52524914287895,17.380431060185174,102.0,110.30400000000004,25.221249142878893,16.0
-1,-122.30073288918408,15.940903703703682,77.0,85.92000000000003,36.38073288918406,20.0
-1,-114.44423926676416,16.043782078703668,71.0,81.69600000000003,32.74823926676414,20.0
-1,-99.11099961888128,16.40853670833333,63.0,63.93600000000002,35.17499961888124,17.0
-1,-109.29574003699678,14.95615356481482,71.0,80.64000000000004,28.655740036996733,17.0
-1,-95.73762251367098,14.370109259259262,68.0,67.2,28.537622513670986,16.0
-1,-144.0817561250186,14.994055000000008,91.0,105.69600000000004,38.385756125018574,24.0
-1,-97.373981224187,16.53064770833333,58.0,64.51200000000003,32.861981224186955,20.0
-1,-113.4423318723578,19.303216310185164,78.0,92.54400000000004,20.89833187235776,14.0
-1,-106.16089908441812,15.857447675925927,73.0,68.736,37.42489908441813,18.0
-1,-164.15039354438937,20.892934476851792,110.0,128.06400000000008,36.086393544389296,20.0
-1,-95.82549238222757,17.439608810185156,68.0,67.39200000000001,28.433492382227552,20.0
-1,-118.56065952488618,18.23338748148145,71.0,76.89600000000003,41.66465952488616,22.0
-1,-122.454109374453,11.694633259259248,67.0,89.37600000000003,33.07810937445296,21.0
-1,-108.9855787997275,15.23770965277777,76.0,77.66400000000004,31.32157879972747,19.0
-1,-106.18709656697445,14.560011981481466,71.0,79.77600000000002,26.411096566974415,20.0
-1,-166.89307789963766,20.579622675925872,93.0,121.92000000000009,44.9730778996376,23.0
-1,-106.3249227505029,11.49451464814815,51.0,71.52000000000002,34.80492275050288,20.0
-1,-102.7580961566448,15.46671013425923,66.0,77.18400000000004,25.57409615664477,14.0
-1,-139.86414238555184,14.14778457407406,75.0,100.89600000000006,38.96814238555179,20.0
-1,-107.74263479761277,18.24181428703705,80.0,83.52000000000004,24.222634797612717,15.0
-1,-185.0140120054696,20.57483355092592,90.0,101.76000000000008,83.25401200546948,22.0
-1,-107.92122997217096,14.67907050000002,67.0,66.24000000000002,41.681229972170925,20.0
-1,-117.68488749517834,12.64846687037039,59.0,73.34400000000002,44.34088749517832,20.0
-1,-102.95298262107988,17.372024944444433,78.0,74.11200000000001,28.84098262107988,15.0
-1,-108.596726770559,13.532564592592609,65.0,75.36000000000003,33.23672677055898,17.0
-1,-161.11293959688857,21.15882974999992,126.0,126.91200000000006,34.20093959688852,19.0
-1,-79.55772258960607,13.331664175925903,59.0,63.36000000000003,16.19772258960605,14.0
-1,-129.57913203406346,19.89899712037033,94.0,98.20800000000004,31.37113203406344,17.0
-1,-113.21979830213456,13.96299265277774,71.0,80.83200000000002,32.38779830213454,17.0
-1,-93.00261217683074,14.090275791666665,54.0,65.08800000000002,27.914612176830715,15.0
-1,-77.66598064310432,11.532009101851846,46.0,45.88800000000002,31.7779806431043,20.0
-1,-116.73530986971107,13.64098476388888,68.0,83.80800000000004,32.92730986971104,17.0
-1,-122.83224095099072,17.202279166666646,79.0,86.11200000000004,36.72024095099068,17.0
-1,-117.59068441269793,17.655797212962987,91.0,91.87200000000004,25.718684412697897,16.0
-1,-113.41332665959207,19.6618352222222,65.0,74.11200000000002,39.30132665959206,20.0
-1,-100.1902594887116,13.70405069444442,68.0,75.16800000000002,25.02225948871159,17.0
-1,-124.8511404983986,14.702899833333332,73.0,88.32000000000004,36.53114049839856,22.0
-1,-186.92054324550355,16.23705366203701,104.0,134.78400000000008,52.13654324550348,21.0
-1,-106.25754118713792,13.220966939814822,67.0,77.37600000000003,28.88154118713788,16.0
-1,-115.70981132862278,17.27626564351851,80.0,79.87200000000003,35.83781132862275,18.0
-1,-114.6362742833122,15.80295286574073,64.0,78.04800000000003,36.588274283312174,21.0
-1,-94.7330080114403,10.16440827314814,60.0,67.39200000000002,27.341008011440284,19.0
-1,-105.56580768589734,14.289078652777745,67.0,76.22400000000003,29.341807685897304,17.0
-1,-140.13876258466755,20.350285481481464,73.0,85.05600000000005,55.08276258466749,25.0
-1,-109.17885534380204,13.916518490740756,55.0,69.79200000000003,39.38685534380201,25.0
-1,-118.48716265335412,14.786443050925914,68.0,76.03200000000004,42.45516265335408,19.0
-1,-116.2729749980936,17.117910305555533,70.0,73.92000000000002,42.35297499809358,19.0
-1,-109.50068111096496,12.823012236111104,68.0,79.87200000000003,29.628681110964934,18.0
-1,-120.52289101547282,15.679124152777757,77.0,82.65600000000003,37.8668910154728,22.0
-1,-74.2349470551492,9.29092514351852,41.0,52.416000000000025,21.818947055149188,14.0
-1,-119.82324468995355,12.591288518518509,75.0,89.47200000000005,30.351244689953507,15.0
-1,-119.47752390217416,16.415038624999983,72.0,87.16800000000005,32.309523902174114,20.0
-1,-135.58680163160273,16.53558780555553,77.0,91.58400000000005,44.002801631602665,20.0
-1,-124.0678608379525,16.688286726851832,71.0,87.64800000000004,36.419860837952456,16.0
-1,-137.07752682990184,14.97349215277783,68.0,76.32000000000002,60.757526829901806,24.0
-1,-103.72802490729168,11.956654606481468,53.0,66.24000000000001,37.48802490729168,20.0
-1,-101.4398898678285,14.267974624999985,67.0,76.32000000000004,25.11988986782846,18.0
-1,-92.31250272942448,10.16595380092594,57.0,59.712000000000025,32.600502729424456,19.0
-1,-108.83591183920696,15.63039733796295,66.0,82.27200000000003,26.563911839206924,19.0
-1,-88.73459143642711,12.68578387037038,45.0,52.89600000000002,35.83859143642708,19.0
-1,-122.5356102905017,13.245131731481491,71.0,84.76800000000003,37.76761029050167,19.0
-1,-123.02335145459004,17.830869226851817,76.0,84.76800000000003,38.25535145458999,20.0
-1,-107.9361427048142,15.801464462962985,74.0,76.03200000000005,31.904142704814152,17.0
-1,-130.8010371832488,15.762478458333316,79.0,88.99200000000003,41.80903718324877,21.0
-1,-118.59760760059054,12.218344254629628,61.0,74.59200000000004,44.005607600590494,22.0
-1,-108.56263567780496,18.261458217592548,72.0,81.88800000000002,26.674635677804936,13.0
-1,-151.2345932075724,16.17239436574076,77.0,90.33600000000004,60.898593207572354,27.0
-1,-99.81116449988612,13.619998939814808,63.0,76.12800000000003,23.683164499886097,16.0
-1,-120.64857680109986,14.502860361111098,62.0,76.41600000000001,44.23257680109986,19.0
-1,-115.0895881813254,15.90492780555556,64.0,74.59200000000001,40.49758818132539,21.0
-1,-122.63654285653064,13.128024337962978,64.0,89.56800000000004,33.0685428565306,17.0
-1,-153.29254484631264,15.58555490740739,84.0,98.40000000000003,54.8925448463126,23.0
-1,-203.91628455692583,16.89987399537037,97.0,133.9200000000001,69.99628455692573,26.0
-1,-88.50222796975845,9.116024870370383,38.0,43.77600000000001,44.72622796975843,26.0
-1,-118.23444521894064,16.04516349074071,78.0,82.36800000000004,35.866445218940605,17.0
-1,-118.38606129701932,12.885998087962948,60.0,64.41600000000003,53.97006129701929,22.0
-1,-85.55703713018245,12.145070824074086,53.0,54.432000000000016,31.12503713018244,20.0
-1,-115.34783309780454,20.335198018518454,77.0,85.53600000000004,29.811833097804502,16.0
-1,-133.0942315182071,15.197306189814784,77.0,92.16000000000004,40.934231518207056,23.0
-1,-116.55567833288195,16.502809601851855,75.0,84.28800000000003,32.267678332881935,18.0
-1,-127.0617846237724,15.806822708333309,69.0,94.75200000000004,32.309784623772366,17.0
-1,-117.06958006885937,14.321296935185185,63.0,78.52800000000003,38.54158006885932,22.0
-1,-115.49528327088429,19.7854228472222,65.0,78.62400000000002,36.871283270884256,21.0
-1,-106.3680301208332,15.229074819444437,73.0,83.90400000000004,22.46403012083317,15.0
-1,-102.12699325308596,12.197422171296283,60.0,73.92000000000003,28.20699325308593,17.0
-1,-120.77323199695384,18.166255546296256,72.0,82.56000000000004,38.21323199695377,19.0
-1,-108.88653034442127,16.35160279166665,70.0,78.33600000000003,30.55053034442126,17.0
-1,-120.322885585443,15.13314714351851,79.0,79.10400000000003,41.218885585442976,15.0
-1,-109.30700932713508,13.756356675925913,72.0,86.68800000000005,22.619009327135046,15.0
-1,-101.78650123526722,13.263642976851848,57.0,63.74400000000002,38.0425012352672,20.0
-1,-111.60191215034595,14.063448129629622,71.0,86.59200000000004,25.009912150345915,14.0
-1,-153.91365561224063,21.19391628703697,89.0,101.18400000000004,52.72965561224059,24.0
-1,-126.15533676077256,21.143967282407303,95.0,105.31200000000004,20.84333676077251,12.0
-1,-110.92354576867004,14.866856592592576,74.0,84.57600000000004,26.347545768670003,19.0
-1,-138.60764157918229,20.47094720833332,99.0,120.86400000000006,17.74364157918223,10.0
-1,-101.38297866448956,16.008911328703693,67.0,70.17600000000002,31.206978664489544,16.0
-1,-107.38400279184154,16.42896429166666,68.0,68.83200000000001,38.55200279184153,20.0
-1,-101.35444867807264,13.394439069444443,66.0,76.51200000000001,24.842448678072618,13.0
-1,-110.514754331712,16.571583972222196,82.0,87.74400000000003,22.77075433171198,16.0
-1,-92.92447381493967,12.52428797685184,45.0,57.40800000000002,35.51647381493965,20.0
-1,-117.4261360932623,17.613372680555504,74.0,87.84000000000003,29.58613609326227,17.0
-1,-119.44193837256488,16.233302916666656,84.0,88.416,31.0259383725649,18.0
-1,-119.05713814157112,11.933688379629634,56.0,63.840000000000025,55.21713814157111,24.0
-1,-112.17775703522756,13.049238282407412,75.0,79.77600000000002,32.40175703522755,20.0
-1,-127.16437770608644,12.519114300925928,58.0,81.60000000000004,45.5643777060864,26.0
-1,-123.33559630970828,14.152661912037052,57.0,70.56000000000003,52.77559630970825,23.0
-1,-118.97719651664067,14.289750374999988,67.0,85.92000000000004,33.057196516640644,19.0
-1,-111.16431402458204,15.799922925925916,62.0,77.08800000000002,34.076314024582004,16.0
-1,-110.85024689339517,17.40855797222221,73.0,74.78400000000002,36.066246893395146,21.0
-1,-113.29165162190375,17.08215364351849,74.0,83.42400000000004,29.86765162190372,17.0
-1,-117.85420663684197,13.529817291666657,70.0,76.70400000000002,41.15020663684194,22.0
-1,-122.26221435373358,18.045831245370344,86.0,89.56800000000003,32.69421435373356,18.0
-1,-129.92466794495084,18.53949747222219,73.0,86.40000000000003,43.524667944950814,23.0
-1,-104.1036489621873,12.002720055555544,62.0,76.51200000000003,27.591648962187257,16.0
-1,-104.56081214589337,13.668477273148142,59.0,59.32800000000002,45.23281214589333,24.0
-1,-98.79918137027428,13.053541106481486,59.0,65.08800000000002,33.71118137027427,17.0
-1,-100.24306996379852,13.371416296296276,63.0,74.49600000000002,25.747069963798488,17.0
-1,-106.1949550150365,15.347222560185129,61.0,72.28800000000004,33.90695501503645,20.0
-1,-115.0176784682994,11.791415449074092,50.0,62.016,53.0016784682994,24.0
-1,-130.6850880046619,13.871125212962935,70.0,90.04800000000004,40.63708800466188,20.0
-1,-102.94506507302992,18.88935258333332,66.0,75.74400000000003,27.20106507302988,15.0
-1,-111.42791823695416,17.455878425925917,63.0,66.52800000000002,44.89991823695413,23.0
-1,-108.62471724983324,15.005036717592576,65.0,74.784,33.840717249833254,20.0
-1,-138.4057694570917,19.717179736111063,93.0,99.264,39.141769457091705,15.0
-1,-121.05894309651568,16.696387888888857,85.0,103.29600000000003,17.76294309651563,12.0
-1,-126.42648534815557,12.11789600462962,65.0,82.75200000000002,43.67448534815554,21.0
-1,-106.29705518290098,13.224538731481484,61.0,75.64800000000002,30.64905518290096,17.0
-1,-85.44403872315884,10.969105754629616,54.0,63.45600000000003,21.98803872315881,15.0
-1,-106.7360197681526,16.910000583333314,75.0,79.58400000000002,27.152019768152574,16.0
-1,-108.5204029445616,12.78908144444443,65.0,78.04800000000003,30.47240294456156,17.0
-1,-99.07868277630632,15.75466501388888,62.0,63.45600000000003,35.62268277630628,17.0
-1,-99.28213018357542,8.739527337962976,64.0,74.68800000000002,24.59413018357541,18.0
-1,-111.20524992356346,16.72536313425925,71.0,78.04800000000003,33.15724992356342,17.0
-1,-96.48198644467011,12.722761226851862,47.0,60.00000000000002,36.4819864446701,19.0
-1,-92.94785151139746,15.4296650185185,63.0,63.93600000000002,29.011851511397445,16.0
-1,-120.07023973913348,12.413809263888895,65.0,79.48800000000003,40.582239739133456,21.0
-1,-108.84513700612942,15.42945721296294,66.0,71.90400000000002,36.94113700612939,22.0
-1,-103.48421900041446,12.965370273148164,54.0,59.712,43.77221900041445,24.0
-1,-122.18579767814512,16.547127921296273,75.0,85.53600000000004,36.64979767814506,18.0
-1,-123.12063694184316,15.199353537037029,68.0,86.59200000000004,36.52863694184313,21.0
-1,-127.61107429356542,18.82455027314812,76.0,84.28800000000004,43.32307429356539,20.0
-1,-103.17353933858556,16.395009597222217,52.0,65.56800000000003,37.60553933858554,21.0
-1,-149.21815402736317,18.23180813888885,88.0,101.37600000000003,47.84215402736314,24.0
-1,-122.58514941026873,14.010895879629626,72.0,83.52000000000002,39.0651494102687,22.0
-1,-97.74494334609264,11.442093263888914,57.0,59.904000000000025,37.840943346092615,23.0
-1,-130.63833339939677,20.12423019907405,100.0,103.39200000000004,27.24633339939674,16.0
-1,-113.71165718073452,15.90202158796296,77.0,83.23200000000004,30.479657180734492,18.0
-1,-123.93688467876746,15.724018694444425,69.0,81.98400000000004,41.95288467876743,18.0
-1,-111.59098053467535,17.030802462962956,62.0,72.19200000000004,39.39898053467533,17.0
-1,-101.76433577802936,9.431402416666668,51.0,66.14400000000003,35.62033577802932,19.0
-1,-119.0088741414869,15.760411370370395,63.0,67.00800000000002,52.00087414148688,22.0
-1,-79.76035813406438,10.155077666666674,42.0,56.92800000000001,22.83235813406436,17.0
-1,-121.03468243011828,19.54784408333329,74.0,85.92000000000004,35.114682430118215,15.0
-1,-103.61685552716725,15.136325810185182,71.0,72.67200000000001,30.94485552716723,18.0
-1,-99.32608283922656,12.706277398148153,47.0,56.352000000000025,42.974082839226526,21.0
-1,-134.081725844404,17.738973486111096,87.0,85.824,48.257725844404,23.0
-1,-141.5126331878546,15.601999277777765,79.0,95.61600000000004,45.89663318785455,17.0
-1,-121.13643111817782,11.95656670833334,66.0,80.06400000000002,41.0724311181778,18.0
-1,-123.30671088229522,17.344766388888893,73.0,82.36800000000004,40.93871088229518,21.0
-1,-122.64375862370278,17.664738597222218,75.0,79.008,43.63575862370279,21.0
-1,-120.03743156861256,15.842998250000011,77.0,82.56000000000002,37.47743156861253,19.0
-1,-108.57958086910516,18.821725620370344,66.0,69.31200000000003,39.26758086910514,17.0
-1,-90.09694478934874,14.518524416666656,61.0,73.15200000000003,16.94494478934871,12.0
-1,-113.26253528212246,16.211924180555553,70.0,75.64800000000001,37.614535282122446,20.0
-1,-99.6149043680843,9.187290759259255,51.0,71.71200000000002,27.902904368084272,17.0
-1,-106.36023527044556,14.62255034722219,80.0,80.064,26.296235270445568,16.0
-1,-132.40810391253436,17.92891870370369,76.0,88.51200000000001,43.896103912534336,18.0
-1,-139.30095164067978,19.75925117129624,92.0,99.55200000000006,39.74895164067973,21.0
-1,-110.65531491336306,14.656985111111098,58.0,69.31200000000003,41.34331491336303,23.0
-1,-107.42845418492446,17.04560200925924,78.0,80.06400000000004,27.364454184924423,17.0
-1,-118.17436859993796,15.972697495370362,69.0,75.45600000000003,42.71836859993794,20.0
-1,-132.94322321702973,15.84742035648147,79.0,91.77600000000004,41.16722321702968,19.0
-1,-110.67354324083053,17.645889759259248,68.0,77.56800000000001,33.105543240830514,15.0
-1,-114.44021905028104,13.937265240740713,59.0,71.71200000000003,42.728219050281005,22.0
-1,-121.99553162023088,13.673496837962936,64.0,83.71200000000003,38.28353162023086,20.0
-1,-106.4504588252133,16.248460162037038,74.0,82.84800000000001,23.602458825213297,15.0
-1,-120.10915019071405,13.49070265277775,68.0,76.22400000000003,43.88515019071401,25.0
-1,-129.09523359510547,16.902859092592557,78.0,86.97600000000001,42.11923359510547,19.0
-1,-82.86479309026436,12.49123570370371,48.0,59.808000000000014,23.056793090264343,15.0
-1,-85.39788843754867,10.798638689814815,55.0,59.13600000000002,26.261888437548656,16.0
-1,-141.1159717570394,17.030276879629625,83.0,95.90400000000004,45.21197175703938,17.0
-1,-130.8257724871588,17.436650847222232,73.0,79.48800000000003,51.33777248715875,25.0
-1,-107.2846941743572,20.265904912037005,67.0,80.54400000000003,26.740694174357188,16.0
-1,-117.6442012624531,15.641263893518504,76.0,88.12800000000004,29.51620126245305,20.0
-1,-126.52861419646972,22.21718549999993,88.0,87.84000000000005,38.68861419646969,17.0
-1,-88.59607760011613,15.282088273148108,53.0,57.984000000000016,30.61207760011612,17.0
-1,-113.98847576563136,13.897302722222229,58.0,69.60000000000002,44.38847576563133,22.0
-1,-104.12603244126193,9.981082324074078,44.0,55.58400000000002,48.5420324412619,25.0
-1,-97.9876458646725,16.48657170833333,65.0,75.26400000000002,22.72364586467248,15.0
-1,-103.30914470225632,15.562994245370342,63.0,73.53600000000003,29.77314470225629,18.0
-1,-111.59514876727422,15.051732199074056,69.0,81.88800000000002,29.70714876727421,19.0
-1,-114.05332023801157,18.99022284722217,80.0,88.70400000000006,25.34932023801149,15.0
-1,-107.71487253124874,19.04093588888887,66.0,70.08000000000003,37.63487253124872,17.0
-1,-110.75440982049554,18.672361912037022,85.0,89.08800000000002,21.666409820495517,12.0
-1,-134.6869332099078,16.221790046296263,73.0,91.96800000000005,42.718933209907775,20.0
-1,-100.2961493825416,10.412150750000002,66.0,77.08800000000002,23.208149382541585,17.0
-1,-112.81564786743584,14.546496009259243,60.0,75.36000000000001,37.455647867435815,23.0
-1,-112.92609520921783,15.388178870370371,60.0,68.64000000000001,44.28609520921783,22.0
-1,-110.6570630772084,14.969351680555548,66.0,81.60000000000002,29.05706307720837,17.0
-1,-112.33521847497208,13.896644856481464,71.0,80.44800000000002,31.88721847497205,19.0
-1,-111.336171728702,19.424731999999945,77.0,81.02400000000003,30.31217172870198,16.0
-1,-106.6136002149134,16.874743439814786,77.0,76.89600000000002,29.717600214913386,19.0
-1,-98.54988132660527,15.706970578703686,53.0,64.80000000000001,33.74988132660527,20.0
-1,-107.66888494706592,14.067412259259248,64.0,69.69600000000003,37.972884947065886,22.0
-1,-88.45952536615715,13.415229592592594,63.0,68.83200000000002,19.627525366157123,13.0
-1,-104.6657468602313,18.12989398148149,63.0,68.06400000000002,36.60174686023127,18.0
-1,-101.09756449829116,13.24671577777778,60.0,64.80000000000003,36.29756449829112,20.0
-1,-111.30892561489512,20.16110688888887,69.0,78.81600000000005,32.492925614895086,14.0
-1,-119.81244856645314,15.002660694444437,67.0,71.13600000000001,48.67644856645313,23.0
-1,-122.77507661269462,18.85285984259256,74.0,82.17600000000004,40.59907661269458,23.0
-1,-120.80648979439766,16.077469013888873,85.0,92.54400000000004,28.26248979439761,17.0
-1,-106.81268895694888,12.337000606481483,65.0,69.31200000000003,37.500688956948856,22.0
-1,-97.59762542292304,11.66067424537037,54.0,63.36000000000004,34.237625422923,21.0
-1,-114.92303297436642,14.550150314814818,69.0,83.90400000000002,31.0190329743664,17.0
-1,-132.39057377524844,18.793823319444385,86.0,108.76800000000004,23.6225737752484,15.0
-1,-100.51422727334646,15.75837175925926,62.0,68.73600000000002,31.77822727334644,18.0
-1,-107.0309817077282,16.304158078703676,66.0,76.51200000000003,30.51898170772815,21.0
-1,-119.5334299468253,16.278011305555548,72.0,79.58400000000002,39.94942994682528,20.0
-1,-111.06200847275362,12.710611824074064,65.0,73.92000000000003,37.14200847275359,21.0
-1,-108.70228083394944,15.79352418518518,76.0,82.08000000000003,26.6222808339494,18.0
-1,-123.27567648725356,14.487887810185162,81.0,92.25600000000004,31.01967648725352,17.0
-1,-121.92070422600094,16.36500348611108,83.0,96.96000000000004,24.960704226000896,17.0
-1,-141.79822084382675,15.430617273148115,91.0,112.70400000000006,29.09422084382669,18.0
-1,-126.09726794262076,16.177143495370377,77.0,92.73600000000005,33.36126794262073,19.0
-1,-120.80962294011732,14.942422106481471,71.0,85.15200000000003,35.6576229401173,18.0
-1,-121.49057304330206,15.40192940277777,69.0,75.45600000000003,46.03457304330203,18.0
-1,-112.80818272980908,16.88318224999999,75.0,81.21600000000004,31.59218272980906,17.0
-1,-72.86989526810662,12.301066245370375,44.0,47.52000000000001,25.349895268106604,18.0
-1,-100.68421963652582,16.0930717546296,68.0,71.04,29.64421963652581,15.0
-1,-138.14966726880374,14.267774986111103,67.0,81.40800000000002,56.74166726880373,27.0
-1,-94.80829294021696,16.22488283333332,59.0,62.97600000000003,31.832292940216927,17.0
-1,-100.40283682397992,11.843433421296298,55.0,62.59200000000003,37.81083682397989,23.0
-1,-132.1410703732604,15.1524353287037,69.0,91.39200000000002,40.74907037326038,20.0
-1,-77.93279572065055,10.675975527777783,51.0,52.03199999999999,25.90079572065056,19.0
-1,-130.50125666144157,16.371781249999994,84.0,89.664,40.837256661441565,22.0
-1,-102.8563506518807,16.4786624722222,60.0,71.32800000000003,31.52835065188067,17.0
-1,-128.3177113507677,14.480710472222222,69.0,87.64800000000002,40.66971135076766,26.0
-1,-110.64152768999006,11.331786374999984,63.0,78.14400000000003,32.497527689990015,20.0
-1,-115.84021950611124,15.988078129629637,60.0,77.18400000000004,38.6562195061112,18.0
-1,-106.07302294784424,13.854303787037022,63.0,67.00800000000002,39.065022947844206,23.0
-1,-74.05232641236759,12.582390125000009,51.0,56.16000000000001,17.89232641236758,15.0
-1,-106.76555941619638,15.326922101851826,62.0,76.70400000000004,30.061559416196346,16.0
-1,-94.07149060335246,13.236195412037052,54.0,57.88800000000003,36.183490603352425,19.0
-1,-108.71405460737036,16.519849162037033,70.0,80.06400000000004,28.65005460737033,17.0
-1,-111.17539923932848,13.13898585648148,65.0,74.30400000000003,36.87139923932845,21.0
-1,-97.4630216888082,17.19519131018519,54.0,63.26400000000002,34.19902168880817,16.0
-1,-94.32033072377938,17.4102377361111,61.0,59.52000000000001,34.80033072377937,21.0
-1,-108.68852771495182,16.35299153703704,70.0,75.45600000000002,33.2325277149518,18.0
-1,-119.45745362999796,13.501483490740718,67.0,83.32800000000003,36.129453629997926,20.0
-1,-127.73928821632526,17.336890652777754,83.0,89.28000000000003,38.45928821632523,19.0
-1,-110.79429802969932,13.562065819444433,56.0,78.43200000000003,32.36229802969928,19.0
-1,-106.05812760721524,15.612130986111092,70.0,76.41600000000003,29.64212760721524,16.0
-1,-103.75445138762316,16.38795049999997,62.0,71.52000000000002,32.23445138762314,17.0
-1,-114.9089195012431,17.012892611111106,66.0,72.96000000000002,41.94891950124309,19.0
-1,-129.34062720776643,16.331369736111085,73.0,89.47200000000004,39.8686272077664,21.0
-1,-124.42371634663246,12.956480134259262,66.0,81.02400000000004,43.39971634663242,22.0
-1,-108.42578017961593,16.882196828703712,60.0,74.30400000000003,34.121780179615875,21.0
-1,-103.3451565323447,16.6958956388889,57.0,67.87200000000003,35.473156532344674,20.0
-1,-124.19637737843472,18.39963060185185,70.0,77.47200000000002,46.724377378434696,20.0
-1,-116.6719559244164,18.177907861111088,85.0,84.67200000000001,31.9999559244164,16.0
-1,-101.99500967670802,15.576327472222204,63.0,70.94400000000002,31.051009676708,17.0
-1,-110.81865654156503,15.50400709259258,69.0,81.60000000000004,29.218656541564997,16.0
-1,-95.96612927978394,13.472589569444445,55.0,59.04000000000002,36.92612927978392,21.0
-1,-128.0793907089047,19.62724802777774,80.0,101.08800000000004,26.99139070890465,15.0
-1,-107.38560325696166,13.464630537037031,70.0,76.89600000000003,30.489603256961637,19.0
-1,-110.37757342371371,15.89044931944445,60.0,77.47200000000002,32.90557342371369,15.0
-1,-140.5179579409269,16.662636370370375,74.0,90.43200000000004,50.08595794092685,25.0
-1,-99.80289974519108,15.842844708333317,59.0,66.91200000000002,32.890899745191064,18.0
-1,-117.745592118821,15.057982134259246,72.0,85.63200000000005,32.11359211882097,15.0
-1,-112.71872388117508,12.487576060185177,49.0,65.56800000000003,47.150723881175054,19.0
-1,-115.22502267997147,15.68011512499999,62.0,65.56800000000001,49.65702267997147,21.0
-1,-102.9746667475923,16.790862143518503,68.0,79.20000000000003,23.77466674759226,15.0
-1,-119.48862754538412,19.57587454629628,87.0,94.56000000000004,24.928627545384103,17.0
-1,-98.39693875145524,11.553893171296275,60.0,78.43200000000004,19.964938751455207,13.0
-1,-130.2158391803244,13.690460175925908,73.0,96.48000000000005,33.73583918032436,22.0
-1,-126.98640880005844,11.883003120370365,59.0,63.45600000000002,63.53040880005841,27.0
-1,-103.7090870482443,13.424204569444438,66.0,79.68000000000004,24.02908704824426,17.0
-1,-133.09407258890872,17.99953303703704,94.0,100.51200000000004,32.5820725889087,15.0
-1,-101.86517196974586,15.383225990740742,62.0,71.13600000000001,30.72917196974584,20.0
-1,-93.97260427519782,14.224677162037056,49.0,59.04000000000003,34.932604275197804,18.0
-1,-106.16773404124018,15.773103185185184,60.0,71.52000000000002,34.64773404124015,22.0
-1,-112.84477720137248,17.016010092592616,64.0,77.95200000000003,34.892777201372446,17.0
-1,-99.13374171359344,14.795175421296271,61.0,70.36800000000002,28.765741713593425,18.0
-1,-105.71169685977782,15.586205324074058,68.0,76.80000000000003,28.9116968597778,19.0
-1,-138.30161233058757,16.43683419907407,87.0,94.94400000000005,43.35761233058754,23.0
-1,-88.57437727123664,12.928186194444445,58.0,62.20800000000001,26.366377271236622,17.0
-1,-75.15990750478238,9.504259476851866,39.0,48.28800000000002,26.87190750478236,18.0
-1,-104.15460958943746,18.271932763888817,77.0,74.97600000000001,29.17860958943744,17.0
-1,-121.2844131402022,11.349908685185188,68.0,92.64000000000004,28.64441314020214,20.0
-1,-96.76512044144998,12.938925175925938,58.0,75.36,21.40512044144998,16.0
-1,-106.37948696015164,15.40735981481481,57.0,70.46400000000004,35.9154869601516,20.0
-1,-134.90327117745815,20.420522189814758,80.0,83.13600000000002,51.76727117745812,26.0
-1,-114.64237839024872,13.933234124999997,74.0,75.26400000000002,39.37837839024869,23.0
-1,-114.64011240875904,15.823714027777788,76.0,75.93600000000002,38.704112408759016,23.0
-1,-106.88780867447488,15.243115175925924,59.0,63.36000000000004,43.52780867447485,21.0
-1,-109.0433156887402,16.343033990740743,72.0,80.35200000000005,28.691315688740165,16.0
-1,-107.635929063136,13.87394358796296,58.0,68.83200000000002,38.80392906313598,24.0
-1,-84.80064142676903,9.739800800925927,44.0,48.67200000000002,36.12864142676901,23.0
-1,-106.12462360235304,12.46560818981482,59.0,76.80000000000004,29.324623602352997,18.0
-1,-114.6547142036867,14.67179656944442,54.0,60.672000000000025,53.98271420368667,20.0
-1,-121.05219043298489,16.711312467592574,87.0,86.40000000000003,34.65219043298485,24.0
-1,-91.86874794588633,13.51391875462962,58.0,66.33600000000003,25.532747945886285,17.0
-1,-100.88701880954991,16.54318329629627,73.0,79.39200000000004,21.495018809549894,14.0
-1,-88.03805568744734,16.961185217592575,65.0,67.20000000000002,20.83805568744732,12.0
-1,-131.79385091320967,15.626810731481472,83.0,88.03200000000005,43.76185091320961,23.0
-1,-110.28306824547266,21.956052865740688,79.0,89.18400000000005,21.099068245472616,13.0
-1,-123.51860495003864,16.31204867592592,79.0,85.536,37.98260495003865,23.0
-1,-110.84442970449058,15.02358764351851,62.0,71.90400000000002,38.94042970449056,19.0
-1,-105.9342395379464,14.051017856481469,55.0,71.04000000000003,34.894239537946376,18.0
-1,-101.88031250861552,14.328250342592575,64.0,68.54400000000003,33.33631250861551,19.0
-1,-122.5686190741786,15.672634620370362,81.0,89.47200000000002,33.09661907417859,20.0
-1,-87.9742733937843,13.25589377314814,58.0,57.50400000000002,30.47027339378428,17.0
-1,-109.05662619388278,16.67043736111109,65.0,81.60000000000004,27.456626193882748,17.0
-1,-108.53862966367966,13.60614937962964,66.0,68.35200000000003,40.186629663679625,18.0
-1,-122.9893293185552,16.390253324074056,74.0,74.4,48.58932931855519,21.0
-1,-153.12363255722195,20.609111759259218,93.0,114.33600000000006,38.7876325572219,23.0
-1,-106.42644928084128,15.151786717592586,64.0,76.03200000000002,30.394449280841258,15.0
-1,-118.19283167256124,15.41277601388888,74.0,89.95200000000004,28.240831672561217,14.0
-1,-81.85055428577142,17.58961212499999,62.0,60.09600000000003,21.754554285771388,14.0
-1,-111.38349778972476,13.8319537962963,61.0,73.63200000000002,37.751497789724745,21.0
-1,-110.14488162839623,17.11647458333334,69.0,81.40800000000002,28.736881628396212,19.0
-1,-123.5975768341586,13.86128259722222,71.0,82.17600000000002,41.42157683415856,19.0
-1,-102.12734323868064,11.672168504629616,67.0,78.43200000000004,23.69534323868061,14.0
-1,-139.00892982611597,19.73575899537029,100.0,112.32000000000004,26.688929826115903,16.0
-1,-110.5078270367643,13.372522064814808,67.0,71.52000000000001,38.98782703676428,19.0
-1,-98.05871272499874,10.93988623611112,53.0,53.47200000000001,44.586712724998726,21.0
-1,-100.867975205793,18.31929592592591,59.0,71.52000000000001,29.34797520579297,15.0
-1,-95.10039043056727,14.775606824074105,55.0,69.88800000000003,25.212390430567236,15.0
-1,-98.213856258637,14.55537448148147,62.0,73.44000000000001,24.773856258637,16.0
-1,-125.50250610338377,18.060853388888876,81.0,90.81600000000005,34.6865061033837,17.0
-1,-101.17320520033618,12.804544555555545,64.0,73.34400000000002,27.82920520033617,17.0
-1,-114.02398175854285,11.616261462962946,69.0,92.44800000000004,21.57598175854278,15.0
-1,-127.435223757977,16.326009902777777,88.0,88.99200000000002,38.443223757977,18.0
-1,-105.34447000527328,17.334840430555545,63.0,80.44800000000004,24.896470005273247,16.0
-1,-134.6698542390404,18.54782787037036,91.0,99.84000000000005,34.82985423904038,18.0
-1,-99.21968474805716,13.444761976851836,58.0,71.90400000000002,27.31568474805712,17.0
-1,-94.71330346214788,14.073325912037044,64.0,69.60000000000001,25.11330346214787,16.0
-1,-108.49000798302178,14.53948686111111,72.0,86.88000000000004,21.610007983021745,15.0
-1,-123.7782861619035,18.24986072685183,95.0,99.55200000000004,24.22628616190346,14.0
-1,-100.2592486415822,14.560839143518518,59.0,65.08800000000002,35.171248641582174,18.0
-1,-103.95120849532024,11.988420606481489,68.0,72.57600000000002,31.3752084953202,19.0
-1,-124.00100951084544,14.82000164814815,72.0,70.36800000000002,53.63300951084543,19.0
-1,-125.74688763350736,18.52395698611109,89.0,100.99200000000005,24.75488763350731,14.0
-1,-128.4134548085009,14.020542824074075,66.0,78.24000000000004,50.17345480850085,21.0
-1,-117.22604391272948,16.729700884259252,82.0,89.66400000000004,27.562043912729425,16.0
-1,-131.7691056361851,19.505638999999945,85.0,91.87200000000004,39.897105636185074,22.0
-1,-118.56378056140127,16.588175356481468,79.0,94.27200000000003,24.291780561401247,15.0
-1,-105.30312087440684,16.64830550462961,76.0,77.95200000000004,27.351120874406806,19.0
-1,-99.53650141121504,15.855283194444446,65.0,72.86400000000002,26.672501411215013,17.0
-1,-129.9467786922014,17.453973444444422,78.0,90.14400000000003,39.80277869220136,20.0
-1,-105.8436407758078,13.640331074074073,67.0,78.72000000000001,27.123640775807797,19.0
-1,-107.65007836337188,13.802359972222202,73.0,82.46400000000004,25.186078363371838,17.0
-1,-105.99221714814014,16.70972679166665,68.0,79.29600000000003,26.69621714814011,17.0
-1,-94.81204491580564,12.544872652777766,53.0,66.14400000000003,28.668044915805595,17.0
-1,-111.01941356180608,14.855729800925907,61.0,70.56000000000003,40.45941356180605,26.0
-1,-98.8131165315154,17.13389881481481,68.0,77.37600000000003,21.43711653151535,13.0
-1,-132.43318306106872,18.54586332407406,94.0,99.26400000000004,33.16918306106866,19.0
-1,-101.4664110501515,15.690659847222229,71.0,77.08800000000004,24.378411050151477,13.0
-1,-95.11557110028706,14.256644629629616,57.0,64.32000000000001,30.79557110028705,19.0
-1,-108.18232429500506,14.081182319444457,64.0,68.83200000000001,39.35032429500505,23.0
-1,-127.7951732474033,18.66253641666664,95.0,107.52000000000008,20.27517324740323,13.0
-1,-105.73730591822488,20.473661842592595,82.0,80.35200000000002,25.385305918224876,13.0
-1,-117.83459336539282,18.401909439814776,71.0,80.54400000000003,37.2905933653928,19.0
-1,-113.86603680705213,16.02909908333332,70.0,88.41600000000003,25.450036807052083,15.0
-1,-93.4867260118822,11.609687523148162,47.0,57.60000000000002,35.88672601188219,21.0
-1,-114.68841763638142,16.898163342592557,84.0,91.00800000000002,23.6804176363814,16.0
-1,-139.3008494017622,17.151369518518504,73.0,94.75200000000004,44.54884940176216,23.0
-1,-129.0931122925052,20.399173541666613,79.0,92.83200000000004,36.26111229250514,20.0
-1,-98.10628256647888,16.914402347222218,62.0,79.48800000000003,18.61828256647884,12.0
-1,-131.89561986375932,15.962246800925914,74.0,94.46400000000006,37.43161986375926,21.0
-1,-118.37511850031052,13.396344583333311,71.0,86.88000000000004,31.495118500310483,21.0
-1,-131.8779326809528,18.327976486111044,92.0,99.55200000000004,32.32593268095276,18.0
-1,-102.16040191331447,16.850451342592585,57.0,66.62400000000002,35.53640191331446,19.0
-1,-84.1588703155964,17.503234009259238,59.0,59.23200000000001,24.926870315596386,12.0
-1,-112.99818967863224,18.49138152777778,81.0,88.80000000000004,24.1981896786322,16.0
-1,-143.59956028185832,16.72333267129628,77.0,91.58400000000002,52.01556028185831,23.0
-1,-109.40452134496223,10.86709082870371,59.0,64.12800000000001,45.27652134496224,24.0
-1,-94.55521269229,11.917711060185182,66.0,66.24000000000001,28.31521269228999,20.0
-1,-117.01547385540536,16.601585041666628,76.0,81.02400000000004,35.99147385540532,20.0
-1,-127.7623460408831,21.258934949074003,85.0,93.50400000000002,34.25834604088309,18.0
-1,-126.97759314584926,15.603569273148167,70.0,83.90400000000004,43.07359314584921,24.0
-1,-110.77259611982808,12.66081332407407,70.0,72.28800000000003,38.48459611982805,18.0
-1,-95.47010111149598,15.956889259259247,48.0,55.77600000000002,39.69410111149596,20.0
-1,-104.58298785638138,14.705694120370348,48.0,60.288000000000025,44.29498785638135,20.0
-1,-88.15237536950525,11.959285379629645,41.0,40.60800000000002,47.544375369505225,20.0
-1,-105.95513215173672,13.043973050925912,67.0,77.56800000000003,28.387132151736704,18.0
-1,-85.61743083273672,13.697575527777776,56.0,64.32000000000002,21.297430832736687,14.0
-1,-100.39147341347493,9.46505533796296,48.0,56.16000000000002,44.23147341347491,23.0
-1,-91.87755119127176,13.383897347222211,58.0,67.68000000000002,24.19755119127172,18.0
-1,-125.4957704124492,21.622610361111057,100.0,99.84000000000006,25.655770412449137,17.0
-1,-98.89829672990834,14.937485324074071,63.0,74.97600000000003,23.922296729908307,15.0
-1,-101.55814392989416,16.423900921296283,70.0,70.65600000000002,30.90214392989415,18.0
-1,-105.92393967616503,13.495975449074068,65.0,78.72000000000003,27.203939676165028,20.0
-1,-87.59344134231391,14.004374300925935,52.0,64.60800000000003,22.98544134231388,14.0
-1,-107.87378722135809,15.791154402777783,79.0,83.52000000000002,24.35378722135805,15.0
-1,-118.855119048793,12.452356624999997,77.0,82.84800000000004,36.00711904879296,21.0
-1,-109.23961737229943,16.36818367129627,71.0,79.87200000000003,29.36761737229942,19.0
-1,-105.58630350843094,17.0996380833333,73.0,84.48000000000005,21.10630350843089,14.0
-1,-100.97003067335766,13.5884708888889,51.0,67.29600000000002,33.674030673357635,19.0
-1,-137.02770508248955,19.972453143518536,82.0,94.84800000000006,42.17970508248951,17.0
-1,-88.56088625348787,10.06976227314816,51.0,56.73600000000002,31.82488625348785,20.0
-1,-92.48692119859297,15.902080375,54.0,53.56800000000002,38.91892119859296,20.0
-1,-102.14249869646218,16.69875657407407,70.0,76.41600000000003,25.72649869646216,16.0
-1,-131.83372267801033,18.863006597222142,85.0,91.20000000000005,40.63372267801029,21.0
-1,-98.53779174756356,15.794694731481467,59.0,73.63200000000002,24.905791747563548,14.0
-1,-108.7280235663362,16.03524312499998,68.0,73.82400000000001,34.904023566336186,17.0
-1,-116.33246486432712,14.151682439814817,54.0,65.28000000000002,51.05246486432711,24.0
-1,-131.6477939787189,14.9123404212963,84.0,92.44800000000004,39.19979397871887,21.0
-1,-113.90483578710656,18.3054207361111,71.0,79.68000000000004,34.22483578710651,20.0
-1,-111.93870308937868,15.503234157407409,72.0,80.83200000000004,31.10670308937865,18.0
-1,-118.56913615437873,10.597523282407405,52.0,65.47200000000001,53.09713615437872,24.0
-1,-98.00542554874389,16.965408888888863,71.0,71.71200000000002,26.29342554874388,17.0
-1,-94.42317664753034,11.858633888888903,42.0,53.184000000000026,41.23917664753031,21.0
-1,-123.71289964463932,14.153919768518527,75.0,77.08800000000004,46.62489964463928,25.0
-1,-125.22882867987153,19.15257294907407,84.0,97.05600000000004,28.17282867987149,16.0
-1,-122.78119270338324,14.676357120370376,59.0,75.55200000000004,47.2291927033832,26.0
-1,-86.5417941632252,13.106331550925924,42.0,55.58400000000002,30.95779416322518,18.0
-1,-135.58865312754952,16.97634338888886,77.0,77.28000000000004,58.30865312754947,27.0
-1,-115.66651404566576,14.25924049074072,73.0,89.85600000000004,25.81051404566573,18.0
-1,-98.04494537049366,14.228898222222252,56.0,70.36800000000002,27.67694537049364,16.0
-1,-99.41600353772796,15.361951157407413,46.0,48.960000000000015,50.45600353772795,22.0
-1,-122.5203074928155,13.488695462962973,60.0,75.26400000000004,47.25630749281547,25.0
-1,-87.65055169951432,14.127607120370362,49.0,48.09600000000001,39.55455169951432,20.0
-1,-112.71373914505858,16.40938940740737,70.0,71.04000000000002,41.67373914505856,19.0
-1,-118.88661885013052,14.833868203703684,64.0,79.29600000000005,39.59061885013048,20.0
-1,-92.40061398474865,13.952383532407412,67.0,63.936000000000014,28.46461398474862,20.0
-1,-90.13050826493144,17.757365546296317,56.0,58.752,31.378508264931448,21.0
-1,-100.05206631182074,17.62840581481481,57.0,69.98400000000002,30.06806631182071,15.0
-1,-124.83371632091192,20.62065646296295,92.0,97.72800000000004,27.10571632091189,15.0
-1,-106.33061816183016,16.461190203703687,72.0,82.46400000000006,23.866618161830115,13.0
-1,-127.62832952829272,19.64556278240736,78.0,83.23200000000003,44.39632952829269,20.0
-1,-108.63075349202902,17.23330231481479,70.0,76.03200000000002,32.59875349202899,18.0
-1,-106.76905372264976,15.046812407407383,71.0,79.20000000000003,27.56905372264973,18.0
-1,-104.0209051289726,20.272364296296264,65.0,72.09600000000002,31.924905128972597,15.0
-1,-101.37321982526,13.610370129629615,57.0,67.77600000000002,33.597219825259984,20.0
-1,-146.7147904535666,16.698694694444427,67.0,80.25600000000003,66.45879045356658,29.0
-1,-119.42615505742204,18.98274973611109,76.0,91.96800000000005,27.458155057422008,15.0
-1,-112.65679407176654,16.91512882870368,75.0,78.24000000000002,34.416794071766525,17.0
-1,-125.39353092434396,19.595493356481477,78.0,88.41600000000004,36.97753092434391,22.0
-1,-88.94217434651338,15.109538629629624,59.0,66.81600000000002,22.126174346513363,15.0
-1,-166.47871122585013,14.416375703703672,83.0,95.71200000000005,70.7667112258501,20.0
-1,-119.83153793341756,15.92538261574072,73.0,82.84800000000003,36.98353793341754,20.0
-1,-103.03991363915408,14.513342819444452,56.0,68.83200000000002,34.20791363915405,21.0
-1,-89.68874441910438,13.968099763888914,52.0,64.03200000000001,25.65674441910437,16.0
-1,-117.61688810452026,14.999745763888884,74.0,85.63200000000006,31.984888104520188,19.0
-1,-85.85626067052878,13.354819175925938,41.0,51.84000000000001,34.01626067052877,20.0
-1,-97.3637925025285,9.864221574074072,54.0,70.56000000000002,26.80379250252848,21.0
-1,-116.4071583084082,18.971387171296275,81.0,82.65600000000005,33.75115830840814,17.0
-1,-114.73282908865995,15.100206560185171,71.0,82.944,31.788829088659973,20.0
-1,-85.59756295212503,12.384809416666668,50.0,54.52800000000001,31.069562952125025,19.0
-1,-111.89605411727116,17.19818687037034,69.0,71.23200000000003,40.66405411727112,22.0
-1,-106.25735005158444,13.153552532407431,53.0,61.15200000000002,45.10535005158443,25.0
-1,-100.09772964534012,15.562898717592576,70.0,80.06400000000002,20.03372964534009,15.0
-1,-74.30412515281162,7.644074374999982,41.0,49.152000000000015,25.152125152811607,18.0
-1,-117.83222445986677,20.563731773148103,91.0,86.68800000000005,31.14422445986672,16.0
-1,-101.76214882844552,14.353961273148148,59.0,68.83200000000004,32.930148828445496,18.0
-1,-117.62732995948542,13.651685046296295,64.0,72.96000000000004,44.66732995948538,23.0
-1,-110.05758755514977,13.174321546296284,71.0,79.96800000000005,30.0895875551497,18.0
-1,-111.44612655607654,16.626052597222216,74.0,81.21600000000004,30.230126556076502,18.0
-1,-116.61115235330092,16.46534322222222,71.0,80.25600000000004,36.35515235330088,22.0
-1,-112.32620485244772,18.606922490740704,75.0,87.45600000000003,24.8702048524477,14.0
-1,-86.01340899178047,13.414022810185168,54.0,57.69600000000001,28.31740899178046,18.0
-1,-117.17297184597253,17.384716236111117,76.0,75.16800000000002,42.0049718459725,22.0
-1,-89.11338043136456,11.156418541666673,50.0,61.63200000000001,27.481380431364546,18.0
-1,-140.83259346923435,17.676133620370326,92.0,104.92800000000004,35.9045934692343,21.0
-1,-90.94264563689455,15.358709597222251,55.0,62.88000000000002,28.062645636894537,15.0
-1,-112.89755822188114,14.646856814814791,73.0,76.03200000000002,36.86555822188112,19.0
-1,-101.8895875060227,16.98127814814816,54.0,58.36800000000002,43.52158750602268,22.0
-1,-119.44845249338736,13.251781388888878,75.0,81.50400000000002,37.94445249338733,21.0
-1,-115.7287027691336,17.950416763888864,76.0,81.69600000000003,34.032702769133586,22.0
-1,-95.66896152584764,15.404072652777772,59.0,69.12000000000003,26.5489615258476,18.0
-1,-107.98715860057143,12.729414379629633,62.0,78.14400000000003,29.8431586005714,19.0
-1,-103.68341531800414,16.864441726851847,81.0,77.66400000000003,26.019415318004118,16.0
-1,-118.60286382146688,14.555599699074053,69.0,70.656,47.94686382146688,23.0
-1,-95.00942825035229,15.93391676851851,72.0,75.84,19.16942825035226,14.0
-1,-131.108179173782,16.615490587962924,78.0,88.99200000000002,42.116179173781966,24.0
-1,-104.82926670101205,13.413662629629629,62.0,73.53600000000003,31.293266701012,20.0
-1,-124.18947370629022,15.009150847222202,74.0,91.00800000000002,33.18147370629019,19.0
-1,-107.45621225313454,15.14253297685186,65.0,76.70400000000004,30.752212253134505,17.0
-1,-96.95616051478586,12.916766851851872,49.0,59.80800000000001,37.14816051478585,20.0
-1,-102.44970998961644,14.876847055555531,63.0,73.24800000000003,29.20170998961641,17.0
-1,-88.52106397437228,15.586934458333324,59.0,64.51200000000001,24.009063974372264,14.0
-1,-84.48516744005283,11.167730162037042,43.0,51.45600000000002,33.02916744005282,20.0
-1,-146.7127532710175,23.745782814814763,110.0,117.21600000000008,29.496753271017447,16.0
-1,-109.9000001629136,17.427262152777768,73.0,79.87200000000003,30.028000162913585,20.0
-1,-99.76762858135584,18.68948304166664,69.0,73.15200000000003,26.615628581355807,15.0
-1,-112.4229284345556,16.408236745370353,72.0,75.64800000000002,36.77492843455558,21.0
-1,-112.70619294451056,16.177216749999992,71.0,80.25600000000003,32.45019294451051,18.0
-1,-99.30473072461076,15.283358074074078,55.0,66.62400000000002,32.68073072461073,18.0
-1,-108.929391444476,19.09712032870368,71.0,66.04800000000002,42.88139144447599,25.0
-1,-93.44571123084263,15.745817259259228,51.0,67.39200000000002,26.053711230842616,16.0
-1,-113.2909039068986,15.26156287037036,66.0,79.58400000000003,33.70690390689855,20.0
-1,-113.20973469508576,16.13508117592592,82.0,78.43200000000003,34.777734695085734,18.0
-1,-94.42274604437658,11.835413888888906,63.0,67.96800000000003,26.454746044376552,19.0
-1,-112.47669763353684,18.557408763888866,72.0,74.78400000000003,37.6926976335368,21.0
-1,-131.74908375948232,20.534532569444423,78.0,96.86400000000006,34.88508375948226,18.0
-1,-136.77099424954753,16.90112608796295,93.0,103.10400000000006,33.666994249547464,19.0
-1,-98.23760415961227,17.94477888425922,62.0,59.52000000000002,38.71760415961227,19.0
-1,-123.50397636174507,18.34473136111108,82.0,95.32800000000005,28.175976361745036,15.0
-1,-87.12784353757674,11.258660902777766,56.0,59.61600000000002,27.511843537576716,19.0
-1,-105.72209023936804,19.994333652777748,74.0,79.77600000000005,25.946090239367997,18.0
-1,-102.48172951085589,15.887043787037037,57.0,61.44000000000003,41.04172951085584,19.0
-1,-127.116095471593,15.823729648148143,74.0,88.32000000000004,38.79609547159297,22.0
-1,-108.65004887487774,18.824153787037027,67.0,72.86400000000002,35.786048874877714,17.0
-1,-118.0225080957284,15.483268629629595,59.0,69.31200000000001,48.7105080957284,24.0
-1,-94.4415815490688,10.357249615740738,49.0,59.52000000000002,34.92158154906879,20.0
-1,-114.41657527267763,15.652497472222224,75.0,73.05600000000003,41.36057527267761,21.0
-1,-91.11738957167005,11.514571907407404,50.0,69.69600000000003,21.42138957167,15.0
-1,-114.21581752561868,20.952549333333348,76.0,64.03200000000004,50.18381752561864,24.0
-1,-121.53538766326749,16.536985935185164,72.0,82.27200000000003,39.26338766326745,21.0
-1,-105.80284691651752,15.993832731481463,68.0,83.13600000000004,22.66684691651748,14.0
-1,-93.48728674264184,16.653626481481464,49.0,45.216000000000015,48.27128674264182,20.0
-1,-87.88737081827078,15.337692078703691,48.0,53.37600000000002,34.51137081827076,23.0
-1,-125.82286643419164,17.746241384259285,76.0,90.43200000000004,35.390866434191615,21.0
-1,-94.89440706941843,19.485871874999983,65.0,59.52,35.374407069418424,20.0
-1,-104.64266847179368,13.86992168055554,62.0,69.69600000000001,34.94666847179368,22.0
-1,-106.24224974191402,16.277131921296288,61.0,74.30400000000002,31.938249741914007,18.0
-1,-101.19269784918887,17.22334221296295,69.0,81.12000000000003,20.072697849188835,13.0
-1,-118.2794307889371,14.73011138425922,57.0,76.60800000000003,41.67143078893708,23.0
-1,-98.38013472174916,15.597485550925938,64.0,69.31200000000003,29.068134721749143,19.0
-1,-100.89107671452729,13.33238393055556,52.0,65.76000000000002,35.131076714527275,19.0
-1,-91.34559250412109,10.00231429166669,50.0,52.32000000000002,39.025592504121065,22.0
-1,-126.73224887626154,18.145987768518484,96.0,89.56800000000004,37.16424887626149,20.0
-1,-100.32334985769955,19.89578994444441,74.0,81.12000000000005,19.20334985769952,13.0
-1,-111.26238502507852,13.946251476851865,64.0,78.04800000000004,33.21438502507848,18.0
-1,-119.4273767446703,20.800384740740704,70.0,86.97600000000004,32.451376744670256,15.0
-1,-112.18605461995388,18.12094627314812,72.0,74.97600000000001,37.210054619953866,18.0
-1,-100.78062034912838,17.081631342592537,64.0,70.75200000000001,30.02862034912838,21.0
-1,-92.5369565435226,14.510114365740716,52.0,52.32000000000003,40.21695654352258,21.0
-1,-99.19814691898075,15.598364111111112,52.0,58.84800000000002,40.35014691898075,22.0
-1,-97.24717228588426,15.960634268518506,56.0,56.83200000000003,40.41517228588423,22.0
-1,-121.50423525420784,14.06859,72.0,87.64800000000004,33.8562352542078,21.0
-1,-82.60752858785165,19.08545180555553,65.0,59.80800000000002,22.799528587851636,14.0
-1,-91.70650322709405,19.56640513425922,66.0,65.37600000000002,26.330503227094013,16.0
-1,-99.76374689884098,18.440361657407355,62.0,65.66400000000003,34.09974689884095,20.0
-1,-89.0829503027631,11.56498621759258,51.0,51.45600000000001,37.62695030276308,20.0
-1,-110.08126065092628,17.00485996296294,69.0,78.43200000000003,31.64926065092625,18.0
-1,-114.97748903656074,18.068514402777748,65.0,72.96000000000004,42.01748903656071,22.0
-1,-93.72217814382653,15.971820143518546,57.0,68.06400000000001,25.65817814382652,16.0
-1,-114.7367554772649,18.38129269907402,74.0,82.36800000000002,32.36875547726486,19.0
-1,-110.8938797532652,14.896379624999987,58.0,65.66400000000002,45.22987975326517,21.0
-1,-110.20357204483938,17.294578203703676,65.0,73.34400000000002,36.85957204483935,21.0
-1,-88.64238642340327,11.878107296296315,54.0,56.83200000000002,31.810386423403244,20.0
-1,-102.20366051499528,18.96942531018519,71.0,75.26400000000002,26.93966051499526,14.0
-1,-107.8020464497752,15.39926663425926,59.0,78.04800000000003,29.75404644977517,16.0
-1,-119.76517786935725,20.04910793518517,84.0,94.464,25.301177869357232,18.0
-1,-104.17391505573406,12.32042166666667,58.0,70.94400000000002,33.22991505573405,20.0
-1,-119.78484874100944,15.565870643518512,61.0,76.32000000000004,43.46484874100938,23.0
-1,-109.77247400673008,16.597454245370358,70.0,70.75200000000002,39.02047400673006,21.0
-1,-142.35591396974462,16.20654534259256,75.0,65.85600000000001,76.49991396974461,24.0
-1,-110.40622313654087,18.853553416666617,75.0,84.57600000000002,25.83022313654087,17.0
-1,-126.41338039747768,17.334087874999966,64.0,81.79200000000003,44.62138039747765,24.0
-1,-117.00285739807836,23.82625670370365,82.0,89.56800000000003,27.43485739807833,14.0
-1,-128.46526138342983,15.818331175925897,85.0,102.24000000000008,26.22526138342976,16.0
-1,-126.4429066366682,26.11474749537036,98.0,104.64000000000006,21.802906636668133,12.0
-1,-119.01657090840776,15.943587402777757,67.0,73.53600000000003,45.48057090840775,21.0
-1,-113.06443494131014,20.53902999999997,86.0,90.52800000000002,22.53643494131012,16.0
-1,-105.74274794187988,15.664725717592557,66.0,74.20800000000004,31.53474794187984,19.0
-1,-87.79343204060231,15.487044430555557,54.0,61.44000000000002,26.353432040602293,15.0
-1,-98.44766684269462,19.419481749999974,65.0,70.46400000000001,27.983666842694603,17.0
-1,-94.25224541304934,13.837088708333342,55.0,67.68000000000002,26.572245413049323,17.0
-1,-106.03824649866388,20.333655699074008,84.0,86.01600000000002,20.02224649866387,12.0
-1,-110.96631877591552,15.140809986111122,69.0,62.68800000000003,48.27831877591548,23.0
-1,-108.17730897036128,17.819189648148125,74.0,70.46400000000003,37.71330897036126,18.0
-1,-130.41335999380777,22.978398300925853,91.0,97.344,33.06935999380777,20.0
-1,-111.45599234790464,14.993708435185184,63.0,86.20800000000003,25.247992347904628,17.0
-1,-109.56436858234196,21.65400553703698,82.0,85.44000000000001,24.12436858234194,13.0
-1,-108.15567863049728,17.24045063888889,64.0,76.70400000000004,31.451678630497256,17.0
-1,-92.15739856770531,16.339710560185193,58.0,62.97600000000003,29.181398567705298,15.0
-1,-86.83142806639034,12.80937202314815,52.0,56.256000000000014,30.575428066390337,20.0
-1,-110.82321976660862,20.000025430555556,73.0,75.936,34.88721976660862,21.0
-1,-114.78119760155217,16.048402624999987,60.0,82.46400000000003,32.31719760155214,18.0
-1,-91.84878762155763,16.047200611111116,63.0,54.91200000000001,36.93678762155762,20.0
-1,-111.83717611369931,14.440854990740712,57.0,65.56800000000001,46.26917611369931,24.0
-1,-122.60163553541658,19.916506870370384,68.0,73.34400000000002,49.25763553541656,23.0
-1,-104.53086323169704,14.849622129629608,68.0,77.66400000000003,26.866863231697025,17.0
-1,-97.68527194920024,18.523958708333325,60.0,63.93600000000003,33.74927194920019,18.0
-1,-98.03352148786134,12.728527523148156,54.0,56.73600000000001,41.29752148786133,23.0
-1,-88.48635100217797,16.10961429629629,50.0,60.96000000000002,27.52635100217794,18.0
-1,-95.0482537087684,15.69117917592591,59.0,55.87200000000002,39.17625370876836,22.0
-1,-136.17305008411495,22.86089806481477,74.0,70.65600000000002,65.51705008411494,19.0
-1,-113.77027685819635,15.289446962962954,60.0,80.64000000000001,33.13027685819633,17.0
-1,-111.62434310971084,16.53187198148146,62.0,75.26400000000004,36.3603431097108,16.0
-1,-100.51545438754268,19.87962024537033,67.0,70.94400000000002,29.571454387542666,16.0
-1,-111.31063182630692,12.93131377314816,65.0,75.26400000000002,36.04663182630691,18.0
-1,-87.16328962386267,11.37799510185186,48.0,56.352000000000025,30.81128962386264,21.0
-1,-117.8256254386616,21.11457969907403,78.0,87.45600000000005,30.36962543866154,16.0
-1,-110.23659915472255,13.876933499999998,57.0,69.02400000000003,41.21259915472254,21.0
-1,-108.92035493360927,13.208203157407397,59.0,76.41600000000004,32.50435493360923,20.0
-1,-79.68954786804542,13.201243763888897,42.0,44.544,35.145547868045426,24.0
-1,-132.8616934504552,13.994006115740731,66.0,81.02400000000002,51.83769345045517,23.0
-1,-123.21539993374424,18.55750709259257,75.0,94.46400000000006,28.75139993374419,17.0
-1,-125.97792475128274,15.609087462962965,80.0,79.87200000000003,46.10592475128272,23.0
-1,-120.8035566683975,19.610881671296266,84.0,91.68000000000006,29.12355666839744,17.0
-1,-100.8502325889648,16.71210785185184,60.0,66.62400000000001,34.2262325889648,18.0
-1,-114.73427457747178,14.975469375,66.0,69.40800000000002,45.32627457747176,22.0
-1,-95.52482581880052,15.31780521759258,52.0,63.45600000000003,32.068825818800484,20.0
-1,-120.95451982774584,19.572578814814744,85.0,94.368,26.58651982774583,17.0
-1,-78.7326392318536,13.25946302314816,40.0,48.19200000000001,30.540639231853596,19.0
-1,-105.79268955407608,16.064910412037,69.0,68.16000000000003,37.63268955407605,21.0
-1,-94.58297738598918,16.184530092592595,62.0,67.77600000000004,26.806977385989143,17.0
-1,-112.64124021058063,15.440007999999978,65.0,74.30400000000003,38.3372402105806,21.0
-1,-99.32647507348167,14.472442435185158,60.0,68.64000000000003,30.68647507348166,20.0
-1,-102.26132876323256,10.50620510185185,53.0,66.14400000000002,36.11732876323256,20.0
-1,-95.420414739152,15.70503880555555,57.0,58.65600000000001,36.76441473915197,19.0
-1,-106.31355929271996,15.55852887037034,69.0,82.94400000000003,23.36955929271992,16.0
-1,-116.22874624345076,12.084767208333332,54.0,63.840000000000025,52.388746243450726,22.0
-1,-113.15679741109626,23.132245546296247,75.0,77.56800000000003,35.58879741109624,21.0
-1,-92.24626672418796,12.96125835185186,43.0,42.72000000000001,49.52626672418796,21.0
-1,-103.89300921492496,13.518894837962971,53.0,63.26400000000002,40.62900921492496,23.0
-1,-99.94011025322058,13.67882764351852,62.0,62.88000000000002,37.06011025322055,20.0
-1,-95.57570128213362,11.388730129629636,48.0,58.75200000000004,36.823701282133584,21.0
-1,-114.33977112535167,15.696665120370376,60.0,71.52000000000002,42.81977112535165,24.0
-1,-111.5794973027434,17.629636004629592,72.0,75.07200000000003,36.50749730274336,19.0
-1,-99.23371041440213,10.620772291666691,45.0,62.97600000000002,36.25771041440208,20.0
-1,-90.83893376360018,14.81166076388889,53.0,55.00800000000001,35.83093376360017,19.0
-1,-104.60653767627988,15.979082842592598,64.0,75.36000000000003,29.246537676279864,18.0
-1,-113.2857587134208,16.1297309861111,72.0,77.28000000000003,36.00575871342076,21.0
-1,-94.7482946864323,18.73299598148145,60.0,66.04800000000002,28.70029468643229,18.0
-1,-92.88860420505098,15.29075375462964,58.0,62.20800000000001,30.680604205050965,16.0
-1,-103.20900709394408,15.7836997407407,57.0,62.30400000000003,40.90500709394406,22.0
-1,-93.78649600446452,15.924530958333294,56.0,62.40000000000002,31.386496004464504,18.0
-1,-100.85993209745564,18.048949356481472,61.0,65.66400000000003,35.1959320974556,19.0
-1,-111.82876571666812,15.991162402777766,70.0,74.78400000000003,37.04476571666809,19.0
-1,-90.3235115068204,12.748241870370364,46.0,52.80000000000002,37.523511506820384,19.0
-1,-86.49618820127232,11.676972175925926,45.0,52.992,33.504188201272314,22.0
-1,-114.80634174623184,12.517720250000004,67.0,73.24800000000002,41.55834174623184,25.0
-1,-103.54760917107676,16.395300986111103,64.0,67.77600000000004,35.77160917107674,22.0
-1,-102.20218127633356,16.51539902777775,65.0,61.15200000000004,41.05018127633352,22.0
-1,-102.15511462744324,14.826565023148158,60.0,57.98400000000002,44.17111462744321,18.0
-1,-73.06481168347723,11.960883666666655,42.0,45.88800000000001,27.17681168347722,16.0
-1,-103.5004614967622,16.61191924537035,61.0,65.76000000000002,37.740461496762194,20.0
-1,-89.50652484267832,17.712528194444427,58.0,64.12800000000003,25.37852484267829,14.0
-1,-117.07219062270072,16.011134032407377,63.0,70.65600000000002,46.41619062270072,20.0
-1,-87.32721283873134,10.378351652777788,45.0,54.14400000000003,33.183212838731315,24.0
-1,-101.26218701846554,14.799168865740736,48.0,61.056000000000026,40.20618701846551,20.0
-1,-116.65294231885666,16.369174736111074,71.0,90.52800000000006,26.1249423188566,19.0
-1,-87.02272113535142,13.67514323611113,48.0,48.38400000000002,38.6387211353514,23.0
-1,-112.04286246831924,15.320082606481495,55.0,67.20000000000003,44.84286246831922,22.0
-1,-104.81108064407668,14.827894759259236,54.0,61.53600000000003,43.275080644076645,24.0
-1,-123.59270508169462,14.820579949074114,59.0,69.50400000000002,54.0887050816946,27.0
-1,-108.6383497395164,15.21782413888887,65.0,73.15200000000003,35.486349739516385,21.0
-1,-95.38016198310578,15.640566393518528,57.0,63.07200000000002,32.30816198310577,16.0
-1,-109.88458376686262,16.27990103703702,68.0,65.85600000000002,44.0285837668626,21.0
-1,-86.28813132246965,15.204140398148136,53.0,60.48000000000001,25.80813132246964,16.0
-1,-123.27777545598182,19.764884106481425,88.0,92.44800000000002,30.829775455981803,19.0
-1,-98.14683967336458,16.059631944444426,56.0,68.92800000000003,29.21883967336455,17.0
-1,-93.83116766123553,12.27818579629631,48.0,61.440000000000026,32.391167661235485,19.0
-1,-115.49074605493875,19.55747226851849,69.0,82.17600000000002,33.31474605493876,19.0
-1,-126.12659146710251,15.102660162037012,62.0,91.20000000000005,34.92659146710248,21.0
-1,-101.35497766855411,12.994235736111092,53.0,68.25600000000003,33.09897766855409,19.0
-1,-82.14573995596993,18.768045620370327,65.0,59.90399999999999,22.24173995596994,14.0
-1,-106.44639210875866,17.664436837962974,62.0,69.50400000000002,36.94239210875863,22.0
-1,-91.62505469529393,15.450922115740708,62.0,58.36800000000002,33.25705469529389,20.0
-1,-106.90488897459836,17.346095824074073,63.0,72.38400000000003,34.520888974598336,17.0
-1,-103.5406860029292,16.766792416666636,59.0,63.55200000000001,39.98868600292919,23.0
-1,-112.98850543108928,16.863781671296277,71.0,68.16000000000003,44.828505431089255,23.0
-1,-104.99859788652977,16.09799244444445,59.0,73.24800000000002,31.75059788652973,20.0
-1,-109.4563188948644,12.55636797685186,50.0,65.66400000000002,43.79231889486439,20.0
-1,-109.65666197110085,17.859695560185134,66.0,69.79200000000003,39.86466197110081,21.0
-1,-105.9344999471226,19.74640681481479,71.0,79.87200000000006,26.062499947122525,18.0
-1,-120.06389526403316,17.741691435185125,78.0,85.15200000000003,34.91189526403313,18.0
-1,-100.56952999119213,9.29363129629629,46.0,62.01600000000002,38.553529991192114,24.0
-1,-101.72453356765295,12.439201069444444,46.0,57.696000000000005,44.02853356765296,22.0
-1,-93.37307017132387,15.211838310185168,59.0,63.45600000000002,29.91707017132386,18.0
-1,-116.98667037711364,19.85897981481479,69.0,76.03200000000004,40.95467037711359,20.0
-1,-85.08952514470117,13.960723347222238,54.0,53.56800000000002,31.52152514470115,19.0
-1,-116.3966790288744,14.932790749999995,65.0,73.24800000000002,43.148679028874376,23.0
-1,-109.87222694289656,16.158371185185153,67.0,77.56800000000001,32.304226942896555,19.0
-1,-117.07229970459156,15.680122282407403,81.0,89.28000000000003,27.79229970459153,19.0
-1,-107.78768371906703,15.580404694444455,62.0,74.30400000000003,33.48368371906701,19.0
-1,-102.17567522523262,13.94564306481481,50.0,63.84000000000002,38.3356752252326,22.0
-1,-90.56061502037012,11.168953995370378,59.0,62.59200000000002,27.968615020370105,18.0
-1,-90.66440407354033,16.306306541666665,60.0,56.64000000000003,34.02440407354029,21.0
-1,-123.79403621492986,16.466274439814807,72.0,70.75200000000002,53.04203621492984,23.0
-1,-89.71944709397046,17.77929881944441,59.0,57.12000000000002,32.59944709397044,19.0
-1,-122.58773821338087,16.741709995370325,83.0,88.41600000000005,34.17173821338083,21.0
-1,-123.03085232607474,17.858807310185124,72.0,87.64800000000004,35.3828523260747,19.0
-1,-95.9902424232902,13.088197453703716,59.0,65.37600000000003,30.61424242329017,19.0
-1,-109.776187499162,16.599149259259207,70.0,76.70400000000001,33.072187499162006,22.0
-1,-95.8578312620001,15.347170759259264,55.0,54.24000000000002,41.61783126200008,20.0
-1,-96.44632104244964,11.700200629629624,47.0,52.99200000000001,43.45432104244961,25.0
-1,-118.96688356879191,17.243337435185182,70.0,78.72000000000003,40.24688356879189,22.0
-1,-98.8636980833603,15.411840203703685,53.0,64.99200000000003,33.87169808336028,17.0
-1,-110.67709579987556,15.678245134259244,59.0,67.87200000000003,42.80509579987553,21.0
-1,-96.3457477753076,11.451624634259243,45.0,53.76000000000002,42.58574777530757,22.0
-1,-106.58317785781044,17.111793398148134,62.0,73.53600000000004,33.04717785781038,18.0
-1,-129.9394687772985,18.13046693518518,70.0,79.77600000000002,50.16346877729848,26.0
-1,-106.95827465467984,14.572902712962955,56.0,71.04000000000003,35.91827465467983,20.0
-1,-103.3358975495024,14.05774503703703,58.0,64.70400000000002,38.63189754950238,19.0
-1,-82.95230716837236,14.62016388425926,55.0,59.42400000000003,23.528307168372336,14.0
-1,-89.48571250414253,12.621780212962951,41.0,45.79200000000002,43.6937125041425,23.0
-1,-95.1561480519751,13.607659305555527,57.0,60.57600000000003,34.58014805197507,23.0
-1,-99.27529427535096,17.306102449074064,58.0,61.72800000000002,37.54729427535095,20.0
-1,-118.47759439660484,21.926504944444392,80.0,77.08800000000005,41.38959439660479,21.0
-1,-79.06622978695353,13.60330755555553,44.0,52.51200000000002,26.5542297869535,16.0
-1,-105.2693732710463,16.601622129629632,61.0,73.24800000000002,32.02137327104629,19.0
-1,-129.03080149263153,15.809409453703683,58.0,65.18400000000003,63.8468014926315,24.0
-1,-78.83076858167759,16.902074787037037,53.0,64.22400000000003,14.606768581677557,11.0
-1,-97.13921682024838,10.382300398148148,48.0,56.06400000000002,41.07521682024835,26.0
-1,-128.32668559589848,16.85421997685184,75.0,85.44000000000004,42.88668559589844,24.0
-1,-125.9685558452246,19.083555217592547,78.0,92.73600000000005,33.23255584522458,21.0
-1,-75.56069715423477,15.209775046296285,48.0,53.28000000000001,22.28069715423476,15.0
-1,-96.2835772966084,13.592334703703717,57.0,67.29600000000003,28.98757729660836,20.0
-1,-100.38132005292408,16.122672490740708,57.0,65.95200000000003,34.42932005292404,21.0
-1,-101.83501642424672,16.026455490740727,53.0,66.52800000000002,35.30701642424671,17.0
-1,-109.15519872022662,21.69718923148142,75.0,84.09600000000003,25.059198720226583,15.0
-1,-99.6983509163191,23.147593634259174,73.0,74.68800000000003,25.01035091631908,15.0
-1,-100.99576242128366,14.091516282407415,60.0,74.30400000000003,26.691762421283624,21.0
-1,-118.25688455903628,18.106435736111084,69.0,83.52000000000004,34.73688455903625,20.0
-1,-111.9351985451342,17.075793995370365,52.0,57.69600000000001,54.2391985451342,26.0
-1,-106.44819314022656,13.845501884259242,48.0,62.40000000000002,44.04819314022653,22.0
-1,-123.34924464487403,17.125231388888878,70.0,79.68000000000004,43.669244644874006,20.0
-1,-142.7799700606686,19.127079356481456,73.0,95.61600000000006,47.16397006066855,18.0
-1,-100.17643453923776,18.902166921296267,63.0,68.44800000000001,31.728434539237757,15.0
-1,-101.75308969973374,18.216544050925933,62.0,69.21600000000001,32.53708969973373,17.0
-1,-104.24911436244624,13.596310689814818,59.0,73.15200000000003,31.09711436244622,18.0
-1,-108.70957296358355,17.27124042129625,63.0,71.42400000000002,37.28557296358354,19.0
-1,-102.75804960858191,13.009595379629635,53.0,59.61600000000004,43.1420496085819,21.0
-1,-101.65221864410675,14.946503476851856,61.0,73.53600000000004,28.11621864410672,16.0
-1,-108.97577949210029,18.92710672685184,69.0,76.70400000000004,32.271779492100244,14.0
-1,-98.79691201928554,14.45139974537037,66.0,67.00800000000002,31.78891201928552,18.0
-1,-94.37023464256632,14.045800518518512,55.0,65.85600000000002,28.514234642566297,19.0
-1,-104.16701306213346,13.94105398611111,65.0,66.81600000000002,37.35101306213345,17.0
-1,-150.42344527559908,19.387288495370324,80.0,99.74400000000004,50.67944527559903,27.0
-1,-81.98158701158164,8.781133620370376,40.0,45.888000000000005,36.09358701158164,23.0
-1,-99.0435694139166,16.002481421296253,60.0,66.81600000000003,32.22756941391658,17.0
-1,-84.19958406494067,13.56463068055553,44.0,56.83200000000003,27.36758406494063,16.0
-1,-99.43570915940472,15.02853729166666,60.0,64.99200000000003,34.44370915940468,19.0
-1,-127.47136185170989,13.494350513888891,71.0,89.95200000000004,37.519361851709824,20.0
-1,-89.58295163310075,12.373339967592608,46.0,49.63200000000001,39.95095163310073,22.0
-1,-94.44335879270852,15.463811574074056,62.0,60.57600000000002,33.86735879270849,18.0
-1,-98.26302637048252,12.567946555555542,53.0,57.02400000000002,41.23902637048249,18.0
-1,-94.54442513317522,19.163849921296297,58.0,65.66400000000003,28.880425133175198,15.0
-1,-90.9739805326938,12.082977999999995,38.0,48.768000000000015,42.205980532693786,24.0
-1,-100.01958650955096,15.82716525925922,57.0,67.39200000000002,32.62758650955094,20.0
-1,-86.78560453524531,14.02573059722222,52.0,58.08000000000001,28.705604535245307,19.0
-1,-98.17636284183,15.221098740740729,61.0,61.92000000000002,36.25636284183,22.0
-1,-110.49382358744153,21.756024870370247,72.0,81.12000000000003,29.37382358744148,18.0
-1,-106.65790483032266,20.121623101851835,64.0,64.70400000000001,41.95390483032266,18.0
-1,-102.36481963506871,16.149379046296275,59.0,65.08800000000002,37.27681963506869,21.0
-1,-82.06702020291084,7.984822810185177,28.0,36.96,45.107020202910846,25.0
-1,-130.1832768073044,12.85696740740742,51.0,57.40800000000003,72.77527680730437,25.0
-1,-114.68957454594744,17.27742952777775,62.0,70.46400000000003,44.225574545947424,23.0
-1,-121.48485564085956,19.187418666666616,65.0,77.76000000000003,43.72485564085953,19.0
-1,-112.01061321738185,16.657725157407388,68.0,72.96000000000002,39.0506132173818,21.0
-1,-108.40500296852824,8.354995481481481,35.0,38.11200000000001,70.29300296852824,28.0
-1,-110.34896533712762,15.738417166666649,58.0,72.19200000000004,38.15696533712759,20.0
-1,-100.93920427034564,8.98386188888889,33.0,43.39200000000001,57.54720427034562,26.0
-1,-104.15741596052835,15.972910231481466,60.0,65.95200000000003,38.20541596052833,22.0
-1,-111.28468091572525,18.34383145833327,71.0,78.24000000000004,33.044680915725195,18.0
-1,-108.20079391348108,15.739772930555532,66.0,76.89600000000003,31.30479391348104,18.0
-1,-91.15125919423856,15.685134504629648,48.0,62.784000000000034,28.36725919423852,15.0
-1,-93.84171967964642,14.509923902777755,62.0,59.80800000000002,34.0337196796464,20.0
-1,-87.17492556684573,12.624503402777783,49.0,56.35200000000003,30.822925566845697,19.0
-1,-117.95669602640147,16.27897119444442,71.0,74.97600000000003,42.98069602640145,22.0
-1,-113.8731957685979,13.641537175925912,55.0,63.16800000000002,50.70519576859788,24.0
-1,-123.85953116494974,19.530789689814743,76.0,86.78400000000002,37.07553116494972,21.0
-1,-108.42784934062767,17.38761906018518,61.0,63.744000000000014,44.68384934062767,19.0
-1,-110.911787647828,16.159923763888877,65.0,63.55200000000004,47.35978764782796,21.0
-1,-103.97538419404766,10.24143711574076,58.0,69.50400000000003,34.47138419404763,21.0
-1,-106.31783309375606,12.626579740740748,55.0,61.344000000000015,44.973833093756056,22.0
-1,-104.90222388416797,14.869677509259246,54.0,61.24800000000003,43.654223884167926,21.0
-1,-96.21244115692356,14.018065717592576,45.0,49.34400000000001,46.86844115692356,22.0
-1,-113.12691002708178,11.07951319907406,56.0,64.22400000000002,48.90291002708175,23.0
-1,-112.43059066224518,15.534245374999982,50.0,60.38400000000002,52.04659066224515,24.0
-1,-104.95043866362452,19.491438907407403,65.0,63.16800000000003,41.78243866362448,21.0
-1,-115.3150748023639,19.90940216666664,70.0,78.912,36.40307480236389,18.0
-1,-90.073849413628,11.196483046296311,42.0,44.44800000000002,45.62584941362799,24.0
-1,-100.0316758433827,11.245913499999991,49.0,51.93600000000002,48.09567584338268,24.0
-1,-95.44701690113516,12.540997689814802,49.0,63.45600000000002,31.991016901135133,17.0
-1,-81.07445120228408,11.169130370370382,37.0,46.94400000000002,34.13045120228405,23.0
-1,-86.363410498228,13.889887703703698,41.0,45.98400000000001,40.379410498228,21.0
-1,-94.95959549121662,11.955389041666654,62.0,64.22400000000003,30.735595491216586,21.0
-1,-133.67548350282556,16.300943194444415,72.0,75.26400000000005,58.41148350282552,20.0
-1,-115.04374721176802,17.27759530555551,62.0,74.11200000000002,40.931747211768,21.0
-1,-103.63044480125272,15.858925486111096,57.0,58.36800000000003,45.26244480125269,21.0
-1,-112.5976603314449,15.033272263888875,64.0,66.52800000000003,46.06966033144487,22.0
-1,-126.41440623382418,14.642920055555551,54.0,74.40000000000003,52.01440623382415,25.0
-1,-107.16957406861772,13.842133481481453,53.0,63.74400000000002,43.42557406861769,22.0
-1,-105.23699836478146,18.318656578703667,67.0,69.69600000000001,35.540998364781444,20.0
-1,-141.37045773943763,14.914556907407391,72.0,82.56000000000004,58.81045773943759,26.0
-1,-95.68241003280468,14.352678606481469,51.0,58.94400000000002,36.73841003280467,21.0
-1,-100.14897307202064,16.546130578703682,59.0,73.05600000000003,27.09297307202061,17.0
-1,-93.72727267579177,12.706550865740722,48.0,59.13600000000002,34.59127267579174,22.0
-1,-108.47938185382876,13.27728494907408,60.0,71.32800000000003,37.15138185382873,20.0
-1,-110.49939472690316,18.7365695972222,64.0,70.36800000000002,40.13139472690313,21.0
-1,-114.45556655352291,14.877037703703694,63.0,74.20800000000003,40.2475665535229,23.0
-1,-91.24868282216872,14.276475314814816,54.0,55.20000000000001,36.04868282216872,22.0
-1,-98.84212369387542,15.217290097222207,66.0,69.79200000000003,29.0501236938754,17.0
-1,-86.5381399584537,12.595909078703684,44.0,50.78400000000001,35.754139958453685,22.0
-1,-102.25467777326227,15.711759458333326,58.0,66.72000000000001,35.53467777326227,17.0
-1,-101.38531454509874,16.919750074074045,66.0,60.960000000000015,40.42531454509872,23.0
-1,-96.70785955646993,16.68357608796294,64.0,71.32800000000002,25.379859556469896,16.0
-1,-109.11956242518562,16.62859099999998,57.0,60.00000000000003,49.11956242518559,18.0
-1,-116.57208025619737,19.4000582268518,69.0,66.912,49.66008025619736,20.0
-1,-101.80496867673372,13.461952162037027,60.0,73.82400000000003,27.980968676733685,19.0
-1,-111.42088779433972,12.374013712962968,51.0,64.12800000000001,47.29288779433972,24.0
-1,-111.97900617222967,18.81156034259254,68.0,77.47200000000004,34.50700617222965,19.0
-1,-124.48521074318302,18.160158231481432,69.0,79.00800000000002,45.477210743183,18.0
-1,-108.17335683586508,15.801509601851844,65.0,74.88000000000004,33.29335683586506,19.0
-1,-122.60322688347485,15.282621981481482,65.0,75.55200000000004,47.05122688347481,21.0
-1,-132.93353530220276,14.380074597222215,64.0,81.69600000000004,51.23753530220273,25.0
-1,-107.02665673718296,19.983178180555548,67.0,69.40800000000003,37.61865673718293,16.0
-1,-98.3218844567109,14.679919597222206,52.0,53.76000000000002,44.56188445671088,22.0
-1,-111.10355535195792,16.911165791666647,62.0,63.26400000000003,47.83955535195789,24.0
-1,-88.58604539295928,15.935718791666677,53.0,49.05600000000002,39.53004539295926,20.0
-1,-93.94627154151124,15.45548959259258,58.0,58.65600000000003,35.290271541511224,21.0
-1,-107.53598285606438,16.63996682870369,68.0,66.52799999999999,41.00798285606439,22.0
-1,-97.66443030518032,17.00832095370367,50.0,64.03200000000002,33.63243030518029,17.0
-1,-107.44141162932338,17.524866541666658,61.0,70.75200000000004,36.68941162932335,22.0
-1,-115.08067448776995,16.408251384259277,64.0,70.56000000000003,44.52067448776994,20.0
-1,-105.62708677478204,13.684540740740758,54.0,66.91200000000002,38.71508677478201,18.0
-1,-128.51904094848234,16.230807259259297,65.0,79.20000000000003,49.319040948482304,25.0
-1,-116.1434253246252,14.65386781944444,73.0,78.14400000000003,37.99942532462518,22.0
-1,-109.44956468931176,18.380340592592542,64.0,76.32000000000004,33.129564689311735,17.0
-1,-101.28898118608345,18.632482402777743,65.0,65.95200000000004,35.33698118608339,18.0
-1,-95.9688899932592,14.742566629629618,55.0,63.07200000000003,32.896889993259165,21.0
-1,-104.32123632958884,19.010244782407373,57.0,68.92800000000003,35.39323632958882,21.0
-1,-100.89258612421943,15.494089013888871,62.0,68.16000000000004,32.73258612421941,18.0
-1,-110.40083272375692,14.124829953703696,60.0,74.49600000000002,35.904832723756904,20.0
-1,-97.1107867641276,14.608551300925914,62.0,71.32800000000002,25.78278676412757,15.0
-1,-109.63484732825682,17.11841226851849,68.0,66.72000000000004,42.91484732825678,20.0
-1,-99.49061455838743,15.495775162037036,57.0,58.17600000000001,41.31461455838743,22.0
-1,-82.99094757606034,18.178178666666664,53.0,57.40800000000001,25.58294757606033,14.0
-1,-106.67161809040364,14.144143027777783,50.0,63.93600000000002,42.7356180904036,22.0
-1,-100.80944271677102,13.84122801851851,52.0,56.64000000000003,44.16944271677099,21.0
-1,-127.1194760556568,13.031770874999983,68.0,78.04800000000003,49.07147605565678,26.0
-1,-108.32950829942968,14.138068046296295,63.0,67.10400000000003,41.225508299429656,24.0
-1,-121.85668733097825,16.401787532407365,57.0,75.93600000000004,45.92068733097821,25.0
-1,-65.6995221840137,11.417880657407409,39.0,40.32,25.379522184013695,17.0
-1,-99.96029748637332,12.99036918518519,51.0,60.96000000000002,39.00029748637329,22.0
-1,-103.17407545643772,15.91143500925925,53.0,62.68800000000003,40.486075456437696,19.0
-1,-102.16436893058432,12.695975356481467,49.0,65.56800000000003,36.59636893058428,20.0
-1,-128.6102378026202,20.234943453703675,66.0,82.84800000000004,45.76223780262016,24.0
-1,-97.1074620751263,16.11372544907406,58.0,60.76800000000002,36.339462075126285,21.0
-1,-86.11327431674789,8.043383337962966,29.0,37.056,49.05727431674789,27.0
-1,-85.7402912843794,14.841455967592587,51.0,64.12800000000003,21.61229128437937,15.0
-1,-95.81782559408008,15.14236620833331,52.0,58.94400000000002,36.87382559408007,19.0
-1,-121.774357031636,12.55264087500001,51.0,62.68800000000002,59.08635703163599,26.0
-1,-118.82296196481566,15.071869092592598,54.0,62.20800000000003,56.61496196481564,23.0
-1,-97.38585953805811,15.131579708333328,55.0,63.84000000000004,33.54585953805809,21.0
-1,-90.54583323088502,14.70509596296296,61.0,61.53600000000002,29.009833230885008,16.0
-1,-99.46484263897534,15.618553421296273,44.0,53.08800000000001,46.37684263897533,20.0
-1,-103.14125587035466,15.264727972222218,52.0,62.01600000000002,41.12525587035463,19.0
-1,-86.14578263139616,14.24165116203704,51.0,57.31200000000002,28.83378263139614,18.0
-1,-125.3542683614134,16.234551875000005,72.0,77.76000000000003,47.59426836141338,24.0
-1,-86.81048134935466,12.971480111111104,49.0,55.872000000000014,30.938481349354653,17.0
-1,-102.44302014685196,13.781852032407398,53.0,64.51200000000003,37.93102014685192,20.0
-1,-107.15802625064438,16.970443532407373,59.0,69.88800000000003,37.27002625064435,22.0
-1,-113.0756872466509,17.83233445370363,77.0,71.23200000000003,41.84368724665087,23.0
-1,-110.89858951960228,13.716182513888889,61.0,76.32000000000004,34.578589519602225,20.0
-1,-130.48483148675496,16.086294625000008,56.0,67.20000000000003,63.28483148675492,25.0
-1,-121.39658860875196,17.545178356481436,64.0,73.44000000000001,47.956588608751936,21.0
-1,-93.90948332901507,14.286897171296296,60.0,63.07200000000002,30.837483329015065,20.0
-1,-100.96398718934805,12.011263138888896,54.0,62.97600000000001,37.98798718934803,22.0
-1,-107.73873726139888,15.96573515740737,60.0,76.03200000000002,31.706737261398857,20.0
-1,-110.8064135024958,17.265668046296277,57.0,69.02400000000003,41.78241350249577,19.0
-1,-106.62502585926268,15.00488653240739,50.0,61.72800000000002,44.897025859262655,24.0
-1,-98.55566499112044,13.941539462962956,59.0,61.34400000000003,37.21166499112041,23.0
-1,-109.76650624556592,14.995124870370358,46.0,60.76800000000001,48.99850624556591,26.0
-1,-97.44862521340268,13.349983231481463,58.0,65.47200000000002,31.976625213402677,21.0
-1,-82.94505487005831,10.68508987500002,40.0,50.40000000000002,32.545054870058294,18.0
-1,-107.8882896813856,14.56689522222221,51.0,60.28800000000003,47.600289681385554,22.0
-1,-130.41394044885448,18.08975647222221,76.0,78.04800000000003,52.365940448854445,23.0
-1,-90.13233849124998,12.585937060185191,59.0,57.888,32.24433849124998,20.0
-1,-85.16574621450256,17.015599194444427,54.0,49.920000000000016,35.245746214502546,21.0
-1,-114.17352210779336,13.271503847222212,61.0,66.62400000000004,47.54952210779331,23.0
-1,-102.1733923639664,16.149865662037012,51.0,53.760000000000026,48.41339236396639,18.0
-1,-100.36159442815472,19.57347287499994,57.0,63.07200000000002,37.28959442815471,18.0
-1,-115.29720984425096,15.770487953703691,64.0,71.71200000000003,43.58520984425093,20.0
-1,-111.38885911932572,19.352209611111064,64.0,73.82400000000004,37.56485911932569,20.0
-1,-91.91717782486631,13.989284791666645,47.0,50.68800000000002,41.22917782486629,19.0
-1,-128.43847569924782,17.194159842592565,77.0,80.35200000000003,48.0864756992478,25.0
-1,-94.99413913162444,11.775964527777791,39.0,45.024000000000015,49.97013913162442,24.0
-1,-112.23016157585649,16.266081953703665,56.0,66.43200000000003,45.79816157585645,20.0
-1,-85.37140412153914,19.06298994907405,49.0,58.17600000000002,27.195404121539127,14.0
-1,-121.50880829535846,17.937857662036983,65.0,77.76000000000002,43.74880829535845,21.0
-1,-115.80891627040194,12.5860964398148,59.0,66.72000000000004,49.0889162704019,26.0
-1,-118.9569822852597,13.95060852314814,54.0,67.77600000000002,51.18098228525968,22.0
-1,-106.19626834236097,15.7485989537037,59.0,58.27200000000002,47.92426834236095,26.0
-1,-111.43193332711066,16.67433424999998,66.0,67.77600000000002,43.65593332711063,19.0
-1,-120.07627870095166,19.11975932870365,73.0,72.38400000000004,47.69227870095161,22.0
-1,-85.85291020898748,10.268422037037023,43.0,47.04000000000001,38.81291020898747,22.0
-1,-114.9628659574747,13.90555787037035,68.0,79.39200000000002,35.57086595747468,20.0
-1,-122.64127678456188,13.731585217592588,65.0,68.44800000000004,54.19327678456185,25.0
-1,-85.54180228660611,19.21176824074072,57.0,57.50400000000002,28.03780228660609,14.0
-1,-104.07877559869593,16.89805477777776,63.0,69.02400000000002,35.05477559869592,18.0
-1,-108.77935027982988,13.210778416666647,48.0,63.55200000000004,45.22735027982986,23.0
-1,-99.946650496901,15.34552771759261,53.0,55.10400000000002,44.84265049690097,24.0
-1,-100.00866935192325,19.87688023611108,62.0,66.72000000000004,33.28866935192319,16.0
-1,-117.66092506647664,17.552887037037017,58.0,79.48800000000001,38.17292506647662,15.0
-1,-102.98826057826446,12.229472624999982,52.0,66.52800000000002,36.460260578264446,19.0
-1,-98.26728890718894,14.053930638888875,50.0,53.85600000000002,44.411288907188926,24.0
-1,-93.86300013545042,11.982629203703704,42.0,44.73600000000001,49.1270001354504,24.0
-1,-103.53690920052648,12.789091921296311,59.0,65.56800000000003,37.96890920052646,20.0
-1,-137.55180428722517,21.05623622685179,72.0,75.55200000000002,61.99980428722514,24.0
-1,-104.23034229062138,14.99918809722222,52.0,62.59200000000003,41.63834229062135,22.0
-1,-111.18806027079349,18.021182685185163,63.0,77.95200000000004,33.23606027079344,17.0
-1,-109.43761068555258,16.10666166203701,60.0,71.42400000000004,38.01361068555255,19.0
-1,-100.13001444022775,14.330741958333348,46.0,44.640000000000015,55.49001444022774,26.0
-1,-113.75692499820892,16.88206547222219,68.0,69.31200000000001,44.44492499820892,24.0
-1,-99.52891716906808,14.58715146296296,52.0,60.96000000000002,38.56891716906807,21.0
-1,-95.56521045039284,14.776352643518493,47.0,60.57600000000001,34.98921045039285,19.0
-1,-92.8913632619276,8.777817106481473,36.0,51.84000000000002,41.05136326192758,25.0
-1,-98.05472177923797,13.23874849074076,46.0,54.528000000000006,43.52672177923796,22.0
-1,-91.89318074360152,11.35126036574074,40.0,55.296000000000014,36.59718074360151,19.0
-1,-99.5221171097552,17.326252314814795,58.0,67.58400000000003,31.93811710975517,18.0
-1,-94.37038595482252,16.44170022685183,60.0,65.08800000000002,29.28238595482249,15.0
-1,-90.45589688040673,15.796100634259249,48.0,53.37600000000002,37.0798968804067,21.0
-1,-90.28980054084153,17.955456370370307,65.0,62.59200000000003,27.69780054084148,20.0
-1,-102.33941980442512,17.8430185972222,58.0,64.51200000000003,37.82741980442509,17.0
-1,-84.7590330123551,12.79301375462962,41.0,58.36800000000002,26.391033012355084,16.0
-1,-96.00828403313008,17.38508629166665,57.0,60.38400000000003,35.62428403313005,16.0
-1,-116.75218241749394,13.942629458333322,57.0,63.648000000000025,53.10418241749392,25.0
-1,-100.31136863183656,15.80460447222224,46.0,52.60800000000002,47.70336863183655,22.0
-1,-97.63481946558244,18.851912254629617,62.0,67.96800000000003,29.66681946558242,18.0
-1,-127.20770111351383,18.46341961574071,81.0,81.21600000000004,45.99170111351382,23.0
-1,-112.1991345424411,16.819376412037023,72.0,72.67200000000003,39.52713454244107,20.0
-1,-96.0310987554169,15.11049731944444,59.0,54.43200000000001,41.59909875541689,25.0
-1,-83.31006774889529,16.445966694444433,47.0,55.48800000000001,27.82206774889529,14.0
-1,-92.55125587386414,13.053023939814809,48.0,58.08000000000002,34.47125587386412,20.0
-1,-93.06362303132524,13.213204638888891,48.0,49.728000000000016,43.33562303132522,23.0
-1,-95.81575321949892,13.901333819444442,48.0,48.19200000000002,47.62375321949892,23.0
-1,-99.84488265850648,16.437054513888892,52.0,47.616,52.22888265850649,24.0
-1,-104.45247706965984,15.751417342592577,56.0,57.40800000000003,47.04447706965981,23.0
-1,-97.68723442639234,17.057180916666653,62.0,66.81600000000003,30.87123442639231,17.0
-1,-101.62674244292415,17.833260800925927,59.0,63.07200000000002,38.55474244292412,21.0
-1,-105.85916117236457,16.981590504629622,57.0,59.23200000000003,46.62716117236455,24.0
-1,-100.23615620831254,18.07405223148143,61.0,62.016000000000034,38.220156208312495,22.0
-1,-92.70386064189596,14.419998013888886,48.0,55.29600000000004,37.40786064189593,20.0
-1,-100.1887351235274,20.37676352314813,64.0,70.36800000000002,29.82073512352737,17.0
-1,-102.7167209797136,14.686363194444448,60.0,67.87200000000001,34.84472097971358,20.0
-1,-96.19596723075595,17.73236427777776,62.0,65.376,30.819967230755942,16.0
-1,-115.15384356133806,15.915841921296284,58.0,63.07200000000002,52.08184356133804,23.0
-1,-96.84286512732464,17.369895472222208,47.0,55.58400000000002,41.25886512732463,17.0
-1,-101.8631426762164,12.79521827777779,50.0,56.160000000000025,45.70314267621637,23.0
-1,-101.51593185244737,21.23595843518514,65.0,64.51200000000001,37.00393185244735,20.0
-1,-92.15438623443922,18.182031254629603,61.0,67.00800000000001,25.14638623443921,14.0
-1,-99.77094447104446,12.51097910185186,53.0,60.864000000000026,38.90694447104443,22.0
-1,-105.13336834549516,17.612464337962958,55.0,62.88000000000002,42.25336834549514,22.0
-1,-102.72242169778696,14.347072976851845,65.0,69.6,33.12242169778696,20.0
-1,-98.16260742206892,14.531909111111112,58.0,68.16000000000001,30.002607422068916,17.0
-1,-108.06714655522372,13.097772305555562,58.0,67.48800000000001,40.57914655522371,25.0
-1,-128.5862389455234,17.58614237499997,67.0,73.15200000000004,55.43423894552335,23.0
-1,-108.76078458966003,17.29601142592593,74.0,78.72000000000003,30.04078458966,19.0
-1,-107.90287654866538,16.9793260694444,69.0,72.19200000000004,35.71087654866534,17.0
-1,-93.97764854846028,14.34940318981482,51.0,57.88800000000002,36.08964854846027,20.0
-1,-83.31111662537552,13.29041302777777,44.0,47.424000000000014,35.88711662537551,17.0
-1,-97.87457390890349,19.63907087037032,62.0,65.85600000000001,32.01857390890348,17.0
-1,-99.58183621238652,9.69057061111112,41.0,53.08800000000002,46.4938362123865,21.0
-1,-104.32651077916364,12.49138717592593,43.0,43.77600000000001,60.55051077916362,23.0
-1,-101.00039500575524,16.437895416666635,55.0,62.68800000000003,38.31239500575523,18.0
-1,-102.13288336370148,19.328007768518493,70.0,66.33600000000001,35.79688336370147,19.0
-1,-104.18933272825456,19.65080551388888,56.0,64.80000000000003,39.38933272825453,22.0
-1,-108.18812907476342,14.407438851851849,46.0,62.59200000000002,45.59612907476341,21.0
-1,-94.80286133681288,13.933310796296317,47.0,53.472000000000016,41.33086133681285,20.0
-1,-97.9990964446296,17.849316643518527,63.0,70.08000000000001,27.919096444629595,17.0
-1,-106.72271512912224,15.063519749999998,62.0,69.69600000000003,37.02671512912221,22.0
-1,-108.3506027105557,12.55089409722222,52.0,59.90400000000003,48.44660271055567,25.0
-1,-80.71683523785882,15.358641083333325,54.0,56.73600000000002,23.9808352378588,14.0
-1,-96.935734806949,17.50125239814816,44.0,56.448000000000015,40.48773480694899,17.0
-1,-112.2039352880401,15.30348210185186,62.0,69.40800000000003,42.79593528804006,22.0
-1,-102.24104103491108,14.099321342592578,52.0,53.280000000000015,48.96104103491108,22.0
-1,-120.53325199363026,15.92271945833331,65.0,72.09600000000003,48.43725199363023,23.0
-1,-95.72759619210206,12.071345939814806,52.0,57.88800000000002,37.83959619210204,22.0
-1,-118.53560340034012,19.70553609722214,69.0,74.97600000000003,43.55960340034007,22.0
-1,-104.83663854891822,17.828970935185144,66.0,76.32000000000005,28.51663854891816,19.0
-1,-99.78802990598732,15.148203342592572,59.0,65.85600000000002,33.9320299059873,19.0
-1,-113.7885006612068,17.86171987037036,65.0,69.60000000000002,44.18850066120679,22.0
-1,-116.65517639485124,16.907950458333314,57.0,75.45600000000003,41.19917639485123,19.0
-1,-104.01340064988682,16.66348052777776,52.0,63.648000000000025,40.3654006498868,16.0
-1,-94.8119168760936,14.488163180555546,60.0,65.37600000000003,29.43591687609355,19.0
-1,-97.13538719260131,11.904341819444427,42.0,64.03200000000002,33.10338719260128,22.0
-1,-128.66641322618344,19.27047099537034,61.0,66.72000000000003,61.94641322618342,23.0
-1,-128.65058970149315,22.77507995833327,81.0,92.06400000000004,36.58658970149312,21.0
-1,-106.97374470538628,15.315538351851842,59.0,74.01600000000005,32.95774470538624,18.0
-1,-97.21989570243184,20.529740814814787,69.0,71.23200000000006,25.98789570243179,16.0
-1,-97.3998443251038,16.16129909722223,59.0,63.64800000000001,33.75184432510378,19.0
-1,-114.4550945153198,17.049066981481477,57.0,66.72000000000003,47.73509451531979,22.0
-1,-110.77647136490148,19.22108145833333,66.0,64.99200000000002,45.78447136490147,25.0
-1,-106.46991217091164,18.992173023148144,67.0,72.28800000000004,34.18191217091159,17.0
-1,-90.6380945118162,14.568213601851864,50.0,55.87200000000003,34.76609451181617,17.0
-1,-133.00496286337233,14.179884532407392,63.0,78.43200000000003,54.57296286337229,24.0
-1,-86.2660599759894,14.654116842592584,55.0,56.73600000000001,29.530059975989392,20.0
-1,-107.70404251083131,18.668085412037,61.0,64.80000000000003,42.9040425108313,21.0
-1,-99.26993229347636,13.229934333333334,52.0,61.536000000000016,37.73393229347635,21.0
-1,-106.3103796716912,14.882529037037031,63.0,64.41600000000003,41.89437967169117,20.0
-1,-117.60123729520184,18.646465819444437,71.0,70.75200000000001,46.84923729520181,22.0
-1,-111.10040057837828,17.654806037036956,60.0,74.59200000000004,36.50840057837822,19.0
-1,-112.6769829848964,15.58252972222221,50.0,64.89600000000003,47.780982984896376,22.0
-1,-114.17927663480036,13.546911407407418,51.0,61.44000000000002,52.73927663480035,21.0
-1,-95.32214220952604,14.97530777314813,43.0,49.63200000000001,45.69014220952603,22.0
-1,-96.99099545495024,19.301502157407384,68.0,64.70400000000002,32.28699545495023,18.0
-1,-107.70497923035458,17.10768107870367,62.0,64.70400000000002,43.00097923035457,20.0
-1,-103.06644056732912,18.643522884259223,64.0,65.56800000000003,37.49844056732909,20.0
-1,-118.83753869307527,16.384993018518486,66.0,70.84800000000003,47.98953869307525,24.0
-1,-116.7345751200865,18.5284283333333,60.0,67.96800000000003,48.76657512008647,26.0
-1,-87.85780375967971,13.115394157407405,50.0,49.632000000000005,38.22580375967971,20.0
-1,-94.5338592016229,16.098173861111107,60.0,61.632000000000026,32.901859201622884,21.0
-1,-105.78060532171467,13.882431152777771,56.0,70.36800000000002,35.41260532171466,20.0
-1,-73.10570479912265,14.02607626851851,45.0,52.03200000000002,21.07370479912263,12.0
-1,-107.11009001708864,12.31589496296298,49.0,60.57600000000002,46.53409001708863,22.0
-1,-106.1800916400957,14.81163895833331,52.0,64.22400000000003,41.95609164009567,23.0
-1,-117.72721280144802,16.78343301388886,68.0,82.08000000000003,35.647212801447985,17.0
-1,-106.71099285292928,12.466223435185194,50.0,60.960000000000015,45.75099285292927,23.0
-1,-106.05508815390954,14.889530481481478,49.0,68.64000000000001,37.41508815390952,18.0
-1,-97.87605381538434,16.43979241203704,59.0,67.48800000000001,30.38805381538433,17.0
-1,-78.89352392883151,8.592912819444459,27.0,31.488000000000003,47.40552392883152,25.0
-1,-119.5985857302781,15.618776921296297,54.0,61.248000000000026,58.35058573027807,25.0
-1,-100.9899877820442,15.124775712962949,46.0,59.42400000000002,41.56598778204419,19.0
-1,-106.26118783341124,15.319152412037036,61.0,58.46400000000003,47.79718783341121,23.0
-1,-115.8213820434794,16.54405973148148,55.0,65.18400000000001,50.63738204347938,20.0
-1,-91.9477786219546,15.319896930555569,54.0,58.368000000000016,33.57977862195458,21.0
-1,-116.0366051680835,19.63807202314811,70.0,77.28000000000004,38.75660516808345,18.0
-1,-106.83693723067547,16.66577295370366,57.0,74.59200000000003,32.24493723067545,18.0
-1,-95.90099855086751,13.255873902777765,57.0,58.65600000000001,37.2449985508675,23.0
-1,-100.25835806494644,18.64726562499997,67.0,72.48000000000003,27.7783580649464,14.0
-1,-101.62625756731693,16.8646017685185,55.0,59.23200000000002,42.39425756731689,21.0
-1,-95.0473653271976,10.47293127314814,45.0,58.75200000000003,36.29536532719759,21.0
