-1,-215.6683851067661,37.509258152777775,66.0,31.10400000000002,184.56438510676608,30.0
-1,-491.2347936599911,62.30758685185195,384.0,310.1759999999999,181.0587936599912,30.0
-1,-436.9058104383488,77.10911949537042,349.0,259.3920000000001,177.51381043834863,30.0
-1,-405.23491271699567,68.65651424537045,347.0,237.11999999999972,168.11491271699592,30.0
-1,-467.0739141009593,56.89880786574081,336.0,274.4640000000001,192.6099141009592,30.0
-1,-385.5289154574122,59.05056579629643,310.0,232.79999999999995,152.72891545741226,30.0
-1,-438.00919448864,75.39660506018518,314.0,240.1920000000001,197.81719448863987,30.0
-1,-362.27863655084616,54.532247458333366,339.0,249.216,113.06263655084612,30.0
-1,-351.0836702211348,57.42559715740746,273.0,218.7839999999999,132.2996702211349,29.0
-1,-291.10393486042824,49.2635943287038,287.0,230.3040000000001,60.79993486042815,21.0
-1,-343.79525046867826,52.32714086574076,285.0,238.6560000000001,105.1392504686782,29.0
-1,-358.83477730164554,45.07912058333341,302.0,227.04,131.79477730164552,28.0
-1,-296.6455187450314,32.69763705555557,265.0,229.53599999999997,67.10951874503145,27.0
-1,-281.13797219650087,32.55777781018524,269.0,221.76,59.37797219650085,25.0
-1,-275.8205703812721,36.62139771296298,246.0,220.12800000000013,55.69257038127199,22.0
-1,-345.2789717732571,47.96444675462969,280.0,265.2479999999999,80.03097177325726,27.0
-1,-264.34450905226333,38.92714116203706,228.0,189.984,74.36050905226332,27.0
-1,-326.05274821334865,41.504220157407445,271.0,255.26400000000015,70.78874821334844,22.0
-1,-285.7161599015757,46.70494129166671,236.0,216.47999999999988,69.23615990157579,22.0
-1,-290.9842791866098,47.54827418518526,230.0,197.4719999999999,93.51227918660992,27.0
-1,-339.7124329204182,33.020809888888905,263.0,268.51199999999994,71.20043292041831,26.0
-1,-292.55768147544205,38.7684767777778,251.0,221.85599999999988,70.70168147544216,25.0
-1,-263.98994915036747,25.921137541666667,231.0,220.896,43.09394915036746,23.0
-1,-267.02340941778067,34.61316390740744,251.0,215.51999999999995,51.50340941778073,21.0
-1,-260.57100481168663,28.81092110648143,222.0,201.69599999999997,58.87500481168671,22.0
-1,-265.95980774087207,26.947560564814808,248.0,216.57600000000008,49.383807740872,21.0
-1,-270.7705579706752,36.14080314814813,234.0,214.176,56.594557970675226,24.0
-1,-235.9253727772988,31.244228921296315,207.0,208.896,27.02937277729876,16.0
-1,-252.4484495526873,33.919660254629626,203.0,196.32,56.12844955268734,21.0
-1,-295.09864011165706,22.322825837962952,257.0,250.84800000000007,44.250640111656985,22.0
-1,-213.4960733577864,22.741706148148143,176.0,177.50399999999993,35.99207335778647,20.0
-1,-278.40194722389924,31.840614513888877,221.0,217.7280000000001,60.67394722389919,21.0
-1,-261.6072196378413,24.586071259259256,213.0,228.7680000000001,32.83921963784122,15.0
-1,-245.78242831942129,32.38410397685184,232.0,207.4559999999999,38.32642831942135,20.0
-1,-233.37396295762164,28.664121458333327,206.0,197.2800000000001,36.09396295762157,19.0
-1,-231.7838536263862,30.510736500000046,201.0,194.208,37.575853626386206,20.0
-1,-262.3970693638987,21.59890908796296,212.0,212.83200000000005,49.56506936389865,20.0
-1,-289.17946148123417,25.122049800925964,241.0,255.744,33.43546148123414,17.0
-1,-268.18573595963903,26.996866805555552,252.0,230.88000000000008,37.305735959638966,22.0
-1,-278.019513950856,31.195963833333305,229.0,236.2560000000001,41.76351395085583,20.0
-1,-215.12711709830984,22.12564873611112,187.0,188.25600000000009,26.871117098309767,16.0
-1,-241.4272033091553,25.06401061574073,200.0,209.18400000000003,32.243203309155255,14.0
-1,-225.78474703960632,20.424226986111123,194.0,192.0,33.78474703960634,22.0
-1,-206.24586845492485,13.878493708333345,150.0,166.65600000000006,39.58986845492477,19.0
-1,-257.4060135012162,18.090594032407413,203.0,223.39200000000005,34.01401350121617,20.0
-1,-268.8644129568257,20.30185157870372,226.0,240.672,28.192412956825667,18.0
-1,-198.68672667551755,20.51359957870367,190.0,173.28000000000006,25.40672667551749,15.0
-1,-208.66684298944068,22.637420032407388,175.0,182.11200000000005,26.55484298944063,16.0
-1,-216.2300951535291,25.86560708333336,177.0,192.96,23.270095153529127,13.0
-1,-220.52838985495893,23.42505717129629,181.0,190.848,29.68038985495893,19.0
-1,-206.94055013904244,25.1090825462963,182.0,179.90400000000002,27.03655013904241,16.0
-1,-174.79508525943538,25.31340981944447,157.0,149.66400000000002,25.13108525943536,14.0
-1,-194.1672337270344,24.50351919907406,174.0,159.07200000000003,35.09523372703438,16.0
-1,-227.7635493250372,22.834397416666658,190.0,198.33600000000004,29.427549325037145,16.0
-1,-214.2913392511213,19.11913002777776,183.0,183.45600000000007,30.83533925112118,19.0
-1,-185.8845425126644,20.166583416666672,161.0,159.83999999999995,26.0445425126644,16.0
-1,-189.4579210974937,19.79900190277779,168.0,165.69600000000003,23.761921097493683,18.0
-1,-176.95961986028504,25.383783694444435,156.0,143.32800000000006,33.63161986028498,16.0
-1,-173.68453070787896,20.717410194444422,133.0,142.94400000000002,30.74053070787895,18.0
-1,-174.02735329019805,22.143271981481504,144.0,141.88800000000003,32.139353290198024,20.0
-1,-193.3940506926358,28.836819212962958,170.0,153.88800000000006,39.50605069263575,18.0
-1,-196.4558600567647,18.010739731481483,171.0,165.12,31.335860056764687,22.0
-1,-206.87383578266244,18.89445368055556,163.0,182.1120000000001,24.761835782662292,17.0
-1,-223.28438547499053,23.65462184722217,170.0,190.56,32.72438547499055,18.0
-1,-213.9220487468174,24.66537371759259,186.0,187.5840000000001,26.338048746817343,13.0
-1,-211.36972568932285,21.096890842592547,175.0,182.88,28.48972568932285,19.0
-1,-210.9085253977217,25.648607953703703,188.0,179.51999999999992,31.38852539772174,16.0
-1,-204.350498315469,20.512100569444435,178.0,183.55199999999985,20.79849831546916,13.0
-1,-165.34088958637636,20.5688280972222,130.0,133.34400000000002,31.99688958637634,18.0
-1,-195.5218638642195,18.936334509259247,161.0,170.68800000000005,24.833863864219456,16.0
-1,-220.0732178711748,21.528933208333303,190.0,195.936,24.13721787117477,17.0
-1,-206.9262042036189,26.46309914814813,173.0,172.51199999999997,34.41420420361895,20.0
-1,-228.49142075081912,21.299329398148128,201.0,205.91999999999996,22.571420750819183,15.0
-1,-216.97833243302844,25.864999486111092,194.0,186.144,30.834332433028447,16.0
-1,-154.8093689059016,19.175147379629653,127.0,128.25600000000006,26.553368905901547,14.0
-1,-160.37312582988235,22.411526490740748,119.0,131.13600000000005,29.237125829882316,13.0
-1,-178.66249999418784,18.863898148148127,128.0,141.21600000000004,37.4464999941878,17.0
-1,-185.15856115661597,20.90081103703703,152.0,156.86400000000006,28.29456115661588,15.0
-1,-174.04435165598065,18.92599189351852,134.0,154.17600000000004,19.8683516559806,14.0
-1,-153.05174232024964,18.01361218055555,126.0,120.28800000000004,32.76374232024962,20.0
-1,-162.81827170527615,20.889696259259264,126.0,125.47200000000008,37.34627170527609,17.0
-1,-145.79274030303245,21.3280412037037,93.0,102.24000000000004,43.55274030303239,20.0
-1,-147.47373333211226,20.02839938888888,93.0,98.11200000000004,49.36173333211224,18.0
-1,-136.98431693799648,18.657182546296315,96.0,105.21600000000002,31.768316937996456,18.0
-1,-199.87979518483573,14.926139023148137,171.0,177.50400000000005,22.375795184835685,16.0
-1,-143.00926529649573,25.22453299537038,108.0,100.03200000000002,42.977265296495695,21.0
-1,-144.74523427369058,23.05621403240737,103.0,105.21600000000002,39.52923427369057,15.0
-1,-177.52632067242865,18.823092513888867,147.0,144.09600000000003,33.43032067242862,18.0
-1,-139.22909428698142,22.031443046296264,93.0,103.68000000000002,35.54909428698141,21.0
-1,-147.7202373567927,16.202177675925935,104.0,102.24,45.48023735679268,22.0
-1,-154.33672031136445,15.494557074074072,118.0,123.36000000000004,30.97672031136442,17.0
-1,-134.5413415169124,15.91129513888888,96.0,94.65600000000002,39.8853415169124,24.0
-1,-182.41948834717348,24.48254086574072,148.0,158.20800000000003,24.211488347173457,13.0
-1,-141.18439079108913,16.024135310185166,100.0,108.00000000000004,33.18439079108909,16.0
-1,-132.9379103112343,18.47229626851851,85.0,86.68800000000002,46.249910311234274,21.0
-1,-176.2045064379962,21.5036314722222,140.0,140.35200000000006,35.852506437996155,17.0
-1,-113.6227408935584,12.216523712962964,75.0,72.76800000000003,40.854740893558365,23.0
-1,-157.94323909394203,19.32046930092592,111.0,130.27200000000008,27.671239093941956,15.0
-1,-118.9519481796134,22.07649987037034,71.0,64.70400000000002,54.24794817961337,21.0
-1,-153.43808722536266,20.42565520370367,125.0,132.76800000000003,20.670087225362643,13.0
-1,-143.09002718085748,23.28764890740738,86.0,96.38400000000004,46.70602718085746,20.0
-1,-152.81390027987268,19.67471397685179,120.0,118.17600000000006,34.63790027987263,18.0
-1,-162.4160401673099,19.32760642129627,120.0,137.66400000000004,24.75204016730984,15.0
-1,-149.73910520320123,24.3376358796296,92.0,111.64800000000004,38.09110520320119,19.0
-1,-167.2677300983974,23.45196933796292,105.0,112.80000000000008,54.46773009839733,21.0
-1,-146.65276056065,18.01971482870369,120.0,132.28800000000004,14.364760560649952,8.0
-1,-155.80334727704167,18.62629831944444,106.0,121.92000000000009,33.88334727704159,18.0
-1,-126.58988234463754,16.197718148148148,68.0,63.84000000000002,62.74988234463753,24.0
-1,-124.16634283388764,18.82422745833333,79.0,87.55200000000002,36.61434283388763,19.0
-1,-122.64723213664742,16.888758638888888,61.0,69.31200000000003,53.33523213664739,24.0
-1,-180.27121837572636,17.843556888888855,144.0,157.7280000000001,22.543218375726244,17.0
-1,-150.48007915661742,20.886493537037,107.0,117.02400000000006,33.45607915661735,17.0
-1,-146.76812141947607,20.972911935185127,98.0,90.33600000000004,56.43212141947604,23.0
-1,-146.9985575249507,15.303219606481452,124.0,124.99200000000005,22.006557524950686,14.0
-1,-142.62869909603523,19.66921767129624,77.0,86.20800000000004,56.4206990960352,25.0
-1,-124.73323885299205,18.838299509259254,92.0,96.19200000000006,28.541238852991967,13.0
-1,-131.54043480074097,17.52181369907404,89.0,99.744,31.79643480074095,17.0
-1,-142.71083232479975,21.900732300925903,107.0,119.90400000000002,22.806832324799714,12.0
-1,-155.06929829099315,19.471738685185148,107.0,127.58400000000007,27.485298290993097,18.0
-1,-115.16901667312226,19.80929890277774,66.0,67.20000000000002,47.96901667312225,23.0
-1,-142.3225439943875,16.153042986111096,108.0,121.44000000000008,20.88254399438744,14.0
-1,-151.94166443590262,22.004565615740727,133.0,121.53600000000006,30.405664435902576,16.0
-1,-128.26134932492695,14.567291851851854,102.0,100.60800000000005,27.65334932492691,19.0
-1,-133.96085045718235,21.84224862037033,99.0,109.15200000000002,24.80885045718236,15.0
-1,-118.23611129758956,20.280006699074026,95.0,94.84800000000004,23.388111297589525,15.0
-1,-149.1581557695679,16.941400518518527,72.0,83.23200000000004,65.92615576956787,25.0
-1,-147.9189820622287,16.927706611111127,86.0,102.912,45.00698206222869,20.0
-1,-131.88938624263028,14.972475842592589,90.0,97.44000000000004,34.44938624263024,19.0
-1,-107.65177303199654,10.869611407407405,50.0,58.080000000000005,49.571773031996536,26.0
-1,-122.63445810610318,16.40996720833334,84.0,89.76000000000005,32.87445810610313,18.0
-1,-138.42221851582622,20.81377647222217,119.0,116.73600000000005,21.68621851582618,13.0
-1,-128.5454307458441,19.314829875,101.0,95.90400000000004,32.641430745844055,18.0
-1,-102.17389149233368,14.328449134259262,54.0,71.04000000000003,31.133891492333635,19.0
-1,-122.73208591578688,17.562709972222223,99.0,95.90400000000002,26.82808591578685,13.0
-1,-115.5789527044627,17.93431280555555,62.0,58.75200000000002,56.82695270446267,20.0
-1,-136.8276122596007,21.369528949074056,82.0,95.04000000000006,41.78761225960065,16.0
-1,-115.43211265680458,15.881402328703718,71.0,82.08000000000006,33.35211265680452,17.0
-1,-127.93939899890108,16.407606124999983,75.0,90.24000000000004,37.699398998901046,22.0
-1,-131.94049878041784,14.505666634259246,85.0,90.81600000000005,41.1244987804178,21.0
-1,-87.19268521535648,12.02516531944446,47.0,49.920000000000016,37.27268521535647,23.0
-1,-117.06465470036458,14.725488013888883,63.0,80.64000000000003,36.42465470036456,19.0
-1,-111.04581559552145,18.46179431944441,65.0,79.39200000000002,31.653815595521408,19.0
-1,-128.75158275876723,21.161906768518406,102.0,100.89600000000004,27.85558275876721,15.0
-1,-117.21368281608432,16.289434638888885,67.0,68.25600000000003,48.9576828160843,22.0
-1,-134.47125850365214,16.91169574999999,94.0,98.20800000000004,36.26325850365212,21.0
-1,-154.2995973604409,17.999656268518475,75.0,98.30400000000004,55.99559736044086,21.0
-1,-111.08415593975964,20.472227185185176,72.0,71.71200000000002,39.37215593975963,17.0
-1,-102.62520322257204,13.422370444444423,75.0,85.15200000000004,17.473203222572,12.0
-1,-128.68294758857036,13.383715347222228,79.0,84.28800000000004,44.394947588570325,24.0
-1,-109.14693873724192,21.11474546296291,75.0,88.03200000000004,21.114938737241893,14.0
-1,-146.5631496967058,17.944980129629595,67.0,89.08800000000004,57.47514969670578,23.0
-1,-132.01737697428044,16.59344776388888,78.0,98.11200000000008,33.905376974280365,16.0
-1,-108.02329830481489,16.85433288425927,69.0,82.27200000000002,25.751298304814878,18.0
-1,-137.62919423552842,15.938229148148144,74.0,89.08800000000005,48.54119423552835,22.0
-1,-126.03935227151956,16.92658804166664,59.0,70.84800000000003,55.191352271519534,24.0
-1,-106.19904006252372,13.32756771759258,42.0,50.01600000000001,56.18304006252371,24.0
-1,-118.43106547134168,15.986377273148127,64.0,75.45600000000005,42.97506547134163,22.0
-1,-116.51789435787732,18.79433808333329,78.0,71.13600000000001,45.381894357877314,22.0
-1,-124.91602492604486,17.97403811111111,72.0,80.25600000000004,44.660024926044805,22.0
-1,-134.2656826001534,25.876967004629567,59.0,63.07200000000002,71.1936826001534,24.0
-1,-106.62752257410334,18.31511976388885,67.0,65.56800000000003,41.05952257410331,23.0
-1,-117.96148912811122,14.926569782407418,75.0,82.27200000000002,35.689489128111205,19.0
-1,-128.92989268876835,22.6704336851851,80.0,92.25600000000004,36.67389268876829,20.0
-1,-95.51513853133174,13.990434337962965,65.0,58.46400000000001,37.05113853133173,23.0
-1,-127.22324150068584,23.914783245370323,77.0,88.22400000000005,38.99924150068578,21.0
-1,-111.4023766901787,17.936055995370353,70.0,76.89600000000004,34.506376690178655,17.0
-1,-136.29770432761953,13.108424865740735,95.0,97.53600000000004,38.76170432761948,21.0
-1,-94.95291466989174,13.878865495370366,60.0,65.37600000000002,29.576914669891725,20.0
-1,-90.25885508108928,17.93133612037036,49.0,54.432000000000016,35.82685508108925,19.0
-1,-160.1660869134722,13.802080504629645,77.0,103.77600000000004,56.39008691347215,25.0
-1,-136.18604492521118,19.133838273148097,87.0,91.68000000000004,44.50604492521115,20.0
-1,-116.76069015268916,17.371926958333287,76.0,81.02400000000003,35.73669015268913,19.0
-1,-124.85693521744577,15.966372027777757,58.0,75.36000000000003,49.49693521744574,22.0
-1,-103.51194433703408,15.444293532407402,69.0,79.96800000000005,23.543944337034038,15.0
-1,-135.7664056713458,20.360877490740684,69.0,77.66400000000003,58.10240567134577,23.0
-1,-118.0967350752444,17.690768768518495,84.0,95.13600000000002,22.96073507524438,12.0
-1,-101.97794814093452,14.137419564814811,46.0,59.32800000000002,42.64994814093449,22.0
-1,-107.4633581264576,13.873668259259242,60.0,66.81600000000003,40.647358126457554,24.0
-1,-106.9950404886472,16.20889821296296,65.0,79.20000000000003,27.79504048864716,15.0
-1,-106.44043686535323,16.32767112499998,79.0,79.58400000000003,26.856436865353217,14.0
-1,-126.44683240231508,19.472666171296236,84.0,96.48000000000006,29.966832402315013,16.0
-1,-118.52309491120408,17.999227162037005,70.0,83.71200000000002,34.81109491120407,20.0
-1,-129.03507390244903,17.351061842592568,70.0,78.14400000000003,50.891073902448994,25.0
-1,-123.2372897576162,15.41401758796296,92.0,96.384,26.85328975761618,16.0
-1,-103.90035642905748,18.441744805555537,75.0,78.91200000000002,24.988356429057447,14.0
-1,-100.60302550770844,13.18479651851852,58.0,69.02400000000002,31.57902550770843,19.0
-1,-105.65729828589365,19.36826560185182,58.0,66.24000000000002,39.4172982858936,16.0
-1,-123.63222278018338,16.133445148148127,72.0,86.78400000000005,36.84822278018333,20.0
-1,-122.35802396993618,18.015774731481457,78.0,96.67200000000004,25.686023969936144,15.0
-1,-110.62850370853012,17.84995870370368,54.0,62.59200000000003,48.036503708530105,19.0
-1,-102.6057985342016,16.909895208333342,71.0,79.20000000000002,23.405798534201587,15.0
-1,-132.8880981683534,16.89590292592591,72.0,76.99200000000003,55.89609816835336,21.0
-1,-124.39398254097358,18.634367425925912,78.0,88.51200000000003,35.881982540973546,16.0
-1,-106.98250406442534,12.156932365740737,50.0,67.00800000000002,39.97450406442531,22.0
-1,-104.72802625104391,16.166400143518505,73.0,84.38400000000003,20.344026251043907,13.0
-1,-110.6533578997412,17.61764321296293,50.0,65.76000000000002,44.89335789974118,20.0
-1,-124.38501615220396,15.363415087962956,78.0,87.07200000000003,37.31301615220392,20.0
-1,-125.51103038828327,20.11088612037036,112.0,108.672,16.839030388283287,11.0
-1,-136.5264603220717,17.803654925925898,87.0,106.56000000000002,29.966460322071683,19.0
-1,-86.68611771649722,11.140271486111104,51.0,58.36800000000002,28.31811771649721,20.0
-1,-129.6159588664421,16.817935347222214,76.0,91.20000000000005,38.41595886644204,19.0
-1,-116.30586456542436,21.080225143518444,67.0,69.69600000000003,46.60986456542434,22.0
-1,-126.12602024510927,15.06695760648147,89.0,97.63200000000003,28.494020245109244,17.0
-1,-83.0876941468728,16.39765336574074,51.0,56.35200000000002,26.735694146872785,16.0
-1,-105.18323670958004,14.562839208333331,48.0,62.49600000000002,42.68723670958002,21.0
-1,-88.10546993720047,14.693589624999992,50.0,55.48800000000002,32.61746993720044,16.0
-1,-79.33999883539882,14.056890800925917,51.0,56.06400000000002,23.275998835398795,16.0
-1,-99.07714951449724,15.46896574537035,85.0,78.81600000000005,20.26114951449721,11.0
-1,-108.01459559801212,13.894581402777773,65.0,72.48000000000003,35.53459559801208,21.0
-1,-131.7367181163557,15.94010164351852,79.0,96.00000000000004,35.73671811635565,21.0
-1,-119.39850537358365,18.160476263888874,61.0,62.68800000000003,56.710505373583615,23.0
-1,-116.83299969666923,16.663381189814814,65.0,68.83200000000002,48.00099969666923,19.0
-1,-101.44793565939192,14.45021992592593,57.0,64.80000000000003,36.64793565939191,23.0
-1,-126.8775577352808,16.018788037037016,64.0,84.28800000000004,42.58955773528074,21.0
-1,-102.82804163008672,10.326780046296289,69.0,87.07200000000005,15.756041630086674,11.0
-1,-114.60018880644908,19.20027729629626,81.0,88.51200000000004,26.088188806449036,15.0
-1,-125.69273144364644,19.671754810185128,59.0,74.30400000000004,51.38873144364639,22.0
-1,-104.27308547054972,18.36091217129628,70.0,76.12800000000003,28.145085470549706,17.0
-1,-84.4627511217796,11.32073591666668,41.0,45.50400000000001,38.95875112177959,22.0
-1,-106.12068989635269,18.328180356481496,85.0,87.74400000000003,18.376689896352648,11.0
-1,-122.528864901155,10.909804847222226,86.0,99.07200000000005,23.45686490115495,13.0
-1,-94.07428952232384,15.323250740740749,59.0,57.696000000000005,36.37828952232384,19.0
-1,-111.70612720987086,15.130388999999992,69.0,77.76000000000002,33.94612720987083,18.0
-1,-93.18756955795402,14.411773856481474,47.0,57.79200000000002,35.395569557954,21.0
-1,-118.41582282759296,20.41446319907403,67.0,81.69600000000003,36.71982282759292,14.0
-1,-101.31784641014382,20.00339600925925,64.0,75.168,26.14984641014381,16.0
-1,-128.39746437004862,17.538000824074025,66.0,83.04000000000005,45.357464370048575,21.0
-1,-108.14179769825152,15.228868398148148,64.0,72.28800000000003,35.85379769825148,21.0
-1,-94.17694127238354,12.276795574074075,52.0,61.72800000000002,32.44894127238352,19.0
-1,-97.61291834437311,13.011139504629607,56.0,71.61600000000003,25.99691834437309,17.0
-1,-121.61075279965428,17.718511268518498,63.0,74.97600000000004,46.63475279965425,22.0
-1,-118.4833429044306,18.836334726851813,70.0,72.00000000000003,46.48334290443058,21.0
-1,-102.53943483694862,15.83592909259257,44.0,54.43200000000002,48.10743483694859,22.0
-1,-102.14556608362062,18.902278430555523,51.0,57.98400000000003,44.16156608362059,19.0
-1,-122.94977467480894,16.161024004629606,56.0,78.04800000000003,44.90177467480891,20.0
-1,-126.6666236888109,21.585491115740677,94.0,99.55200000000006,27.11462368881084,14.0
-1,-110.99037274792984,20.87482435648142,63.0,78.52800000000005,32.4623727479298,17.0
-1,-102.79061506671331,14.67977334259261,63.0,67.48800000000003,35.302615066713294,19.0
-1,-110.56356946136202,11.38316314351853,45.0,61.632000000000026,48.931569461362,27.0
-1,-107.80117827785742,15.24753719444444,65.0,81.88800000000003,25.91317827785739,16.0
-1,-111.69010429039643,13.058934847222236,71.0,81.60000000000004,30.0901042903964,16.0
-1,-98.86990345579358,16.35277972222222,66.0,74.11200000000002,24.75790345579356,17.0
-1,-131.94797410404013,17.54035174999994,98.0,103.77600000000004,28.17197410404008,16.0
-1,-128.63835008913583,17.793734662037032,66.0,87.36000000000004,41.278350089135785,18.0
-1,-114.20579875410851,20.52361734259254,86.0,88.608,25.597798754108528,15.0
-1,-102.21101558118632,15.751302046296273,75.0,75.55200000000002,26.659015581186296,15.0
-1,-110.96955218890886,17.50567146296289,69.0,76.80000000000005,34.16955218890882,19.0
-1,-98.03936067304866,16.43268676388888,44.0,50.59200000000002,47.44736067304865,22.0
-1,-97.52106746719016,15.803929629629616,57.0,64.99200000000002,32.52906746719013,18.0
-1,-110.76281073456936,13.809297842592596,68.0,80.44800000000002,30.31481073456933,17.0
-1,-112.7187703296534,18.374507597222177,81.0,88.60800000000005,24.110770329653345,14.0
-1,-114.56653208802418,19.586029555555506,77.0,86.11200000000004,28.45453208802413,17.0
-1,-124.04866823799514,20.260430300925886,86.0,96.19200000000006,27.85666823799508,17.0
-1,-97.98285071816817,15.78290528703702,54.0,61.15200000000004,36.83085071816812,22.0
-1,-102.26445750873182,17.83671681018517,59.0,64.80000000000003,37.4644575087318,19.0
-1,-122.28964495761618,14.850890722222202,63.0,77.47200000000004,44.81764495761614,24.0
-1,-108.092674862266,18.28459915740737,78.0,90.14400000000006,17.94867486226594,15.0
-1,-90.09395934378762,16.00263976851852,59.0,65.37600000000002,24.71795934378759,15.0
-1,-105.38747623914654,16.291876134259265,61.0,72.19200000000001,33.19547623914653,17.0
-1,-135.83239901209782,17.22426610185183,108.0,109.53600000000004,26.296399012097776,17.0
-1,-95.20821051551488,12.863893018518516,57.0,67.488,27.72021051551489,18.0
-1,-104.10453840117508,14.737412115740725,71.0,80.35200000000002,23.752538401175077,16.0
-1,-85.4281876898043,13.003330425925917,48.0,59.23200000000003,26.19618768980428,19.0
-1,-119.3775024983556,18.36222874074072,77.0,80.73600000000005,38.64150249835556,18.0
-1,-96.44323352642712,16.034116550925933,47.0,51.840000000000025,44.60323352642708,22.0
-1,-97.0867655408626,13.948538907407414,57.0,65.76000000000002,31.32676554086257,18.0
-1,-133.84112353401275,18.140839537036964,86.0,97.63200000000006,36.20912353401268,22.0
-1,-95.81712565227326,14.586721314814818,61.0,52.704000000000015,43.11312565227325,21.0
-1,-116.26819398095326,15.59419004629629,69.0,81.98400000000002,34.28419398095323,19.0
-1,-111.52156588705972,14.57487412037036,81.0,86.97600000000003,24.54556588705968,16.0
-1,-110.89712541687196,15.75214827777778,58.0,67.00800000000002,43.88912541687194,23.0
-1,-111.89486592171043,19.117709421296272,51.0,64.80000000000003,47.09486592171043,17.0
-1,-97.9082122438757,15.04683997685182,52.0,70.84800000000003,27.060212243875664,18.0
-1,-108.53640759921127,16.594590912037024,66.0,72.09600000000003,36.440407599211255,19.0
-1,-92.70972320741804,15.90688515277777,53.0,60.38400000000003,32.32572320741802,18.0
-1,-108.85226669656454,16.679631097222188,88.0,94.656,14.196266696564534,8.0
-1,-99.3147877452998,20.35239013425923,76.0,77.37600000000002,21.938787745299795,13.0
-1,-131.32239766244757,18.651783851851825,68.0,81.21600000000004,50.10639766244753,21.0
-1,-124.1245994749902,20.288942379629606,81.0,93.69600000000004,30.42859947499016,16.0
-1,-107.9047314164601,17.14546318518515,62.0,75.93600000000004,31.968731416460063,16.0
-1,-110.0412262834964,16.817201986111105,68.0,74.01600000000003,36.02522628349636,19.0
-1,-125.78899547664967,12.773558583333314,69.0,82.36800000000004,43.42099547664964,21.0
-1,-114.92137560963226,19.415044138888828,82.0,91.10400000000004,23.81737560963224,14.0
-1,-111.1914120714166,16.57084232407406,59.0,65.76000000000002,45.43141207141659,24.0
-1,-125.24577317001912,17.68569758333329,78.0,97.24800000000003,27.99777317001909,18.0
-1,-106.25139384376936,15.93390453703704,46.0,58.080000000000034,48.17139384376932,18.0
-1,-130.29895952124963,11.125054175925936,87.0,100.22400000000005,30.07495952124957,18.0
-1,-115.08462503470908,14.397116402777788,42.0,55.776000000000025,59.30862503470907,23.0
-1,-107.04395242754322,16.57865927777777,69.0,68.35200000000003,38.69195242754319,20.0
-1,-110.75654934364856,12.955001310185176,77.0,90.52800000000003,20.22854934364852,11.0
-1,-111.4896440768168,19.368418777777723,67.0,78.04800000000003,33.44164407681677,14.0
-1,-101.33149218667728,14.103458912037024,54.0,67.29600000000002,34.035492186677246,17.0
-1,-94.41251741123708,10.07902914814815,58.0,66.33600000000001,28.07651741123707,17.0
-1,-108.34312402381674,15.632048268518528,69.0,79.29600000000002,29.04712402381672,15.0
-1,-110.36862570342336,13.465875537037032,43.0,53.08800000000002,57.28062570342334,25.0
-1,-109.15407260373408,17.452715717592575,61.0,79.00800000000002,30.14607260373405,18.0
-1,-102.03164676267494,12.354876773148138,77.0,79.96800000000003,22.063646762674907,12.0
-1,-92.07486660677309,14.02447580555554,43.0,57.600000000000016,34.474866606773055,16.0
-1,-99.9259011667436,18.886113421296223,65.0,67.68000000000002,32.24590116674356,17.0
-1,-111.65407239674184,21.13998393518514,60.0,77.76000000000002,33.894072396741834,19.0
-1,-106.02402236596326,12.478952722222216,54.0,59.904000000000025,46.12002236596324,25.0
-1,-98.64266968101556,15.843816097222224,61.0,71.23200000000004,27.41066968101552,16.0
-1,-110.0429821403444,14.283410291666645,61.0,77.95200000000004,32.090982140344366,19.0
-1,-137.68760001843236,17.767475638888843,86.0,104.54400000000004,33.14360001843232,16.0
-1,-108.77090263343082,18.71409267129624,60.0,72.86400000000003,35.90690263343079,18.0
-1,-111.78863244033872,13.44371734259259,50.0,61.24800000000003,50.54063244033868,23.0
-1,-102.3278813158966,12.889165560185196,56.0,69.60000000000002,32.727881315896575,21.0
-1,-92.60502853939238,18.075910004629574,57.0,66.81600000000003,25.789028539392348,17.0
-1,-100.76691488720502,16.998631152777744,46.0,54.72000000000002,46.046914887205006,19.0
-1,-107.8153942608223,14.852703995370357,56.0,68.73600000000002,39.07939426082229,21.0
-1,-79.5162233423803,16.43029206944444,56.0,63.64800000000003,15.868223342380274,12.0
-1,-108.3296057245222,10.828175615740726,67.0,86.30400000000003,22.025605724522173,13.0
-1,-107.50315706167568,18.550651453703672,65.0,70.84800000000003,36.655157061675645,20.0
-1,-97.79201312815368,17.46371052777778,66.0,74.78400000000003,23.008013128153653,15.0
-1,-114.72099694466247,17.697142773148123,64.0,75.16800000000003,39.55299694466245,21.0
-1,-116.60564205819396,14.876645828703696,78.0,84.67200000000003,31.933642058193943,21.0
-1,-117.05267034092176,18.54858934259256,69.0,76.22400000000005,40.82867034092172,22.0
-1,-104.32407464293443,14.597468009259265,74.0,86.88000000000005,17.444074642934396,14.0
-1,-112.50289717739224,14.220535217592571,71.0,86.49600000000002,26.00689717739221,15.0
-1,-93.13755697951068,14.195588291666676,54.0,64.12800000000001,29.00955697951068,17.0
-1,-95.29770263998653,21.584221282407366,73.0,70.75200000000002,24.54570263998649,13.0
-1,-136.35376777343265,22.45205254166656,89.0,103.10400000000006,33.24976777343261,17.0
-1,-122.500736782826,18.86173812962959,63.0,75.55200000000004,46.94873678282598,20.0
-1,-108.4266152124202,17.454957430555524,73.0,94.08000000000004,14.346615212420147,9.0
-1,-108.98812079501305,16.51805722685183,66.0,63.93600000000003,45.052120795013,24.0
-1,-137.29860424855906,20.788806097222142,77.0,99.36000000000004,37.93860424855903,21.0
-1,-97.44499284365222,18.53241084722222,74.0,75.74400000000001,21.700992843652195,14.0
-1,-89.24437104946804,13.783045814814797,50.0,62.68800000000002,26.55637104946802,19.0
-1,-105.5206062700294,15.815380351851838,61.0,71.42400000000005,34.096606270029355,18.0
-1,-131.72435443833,21.983259374999957,80.0,86.68800000000005,45.03635443832997,18.0
-1,-88.1308065038278,10.013865208333335,44.0,59.04000000000002,29.09080650382778,18.0
-1,-99.16268024918593,16.642224509259243,68.0,78.62400000000004,20.538680249185877,15.0
-1,-126.70706072096904,21.252032888888824,87.0,84.38400000000003,42.32306072096903,21.0
-1,-122.7964884918418,15.099578666666645,63.0,77.95200000000004,44.84448849184177,24.0
-1,-100.8328112366374,14.767696439814824,50.0,59.04000000000002,41.7928112366374,21.0
-1,-110.86635988372356,17.899333861111074,65.0,76.70400000000004,34.16235988372351,15.0
-1,-90.5929662971271,13.530907430555562,39.0,50.88000000000002,39.71296629712709,21.0
-1,-106.70739093504253,12.48888858796296,70.0,83.42400000000004,23.283390935042476,16.0
-1,-108.59497840101508,18.12015525925924,60.0,62.49600000000003,46.09897840101504,23.0
-1,-128.92584072253436,18.52249120833327,72.0,88.60800000000003,40.317840722534335,17.0
-1,-94.08704303763012,15.331724384259262,61.0,66.816,27.27104303763012,19.0
-1,-67.22126397055618,9.057563847222232,42.0,39.648,27.573263970556173,22.0
-1,-107.20911207303772,20.19030741666665,71.0,75.07200000000002,32.13711207303769,16.0
-1,-89.47217154738206,13.133925629629632,61.0,62.59200000000002,26.88017154738204,18.0
-1,-86.12620321059767,15.579446550925931,49.0,64.60800000000003,21.518203210597637,14.0
-1,-94.7974423727328,13.66217028703703,46.0,56.54400000000002,38.25344237273279,21.0
-1,-113.350462036786,15.202639356481464,59.0,78.72000000000004,34.63046203678596,17.0
-1,-105.91985155116492,15.17631299074071,85.0,90.81600000000005,15.103851551164876,8.0
-1,-102.8494816960804,16.190442541666666,70.0,76.32000000000002,26.52948169608039,16.0
-1,-99.31902705917577,16.80068444444443,53.0,67.29600000000003,32.02302705917573,16.0
-1,-109.02451617457368,23.4004187407406,82.0,77.85600000000004,31.168516174573654,18.0
-1,-101.35648878359515,19.83666553240731,65.0,71.13600000000004,30.22048878359511,18.0
-1,-125.78184446698576,16.055640037037023,83.0,96.00000000000004,29.78184446698573,19.0
-1,-90.22933486937112,16.86635943518517,49.0,58.36800000000002,31.86133486937109,18.0
-1,-123.66231863609444,14.733442481481465,55.0,77.47200000000004,46.19031863609439,22.0
-1,-92.83648102665168,15.43102973148149,48.0,50.112000000000016,42.72448102665165,20.0
-1,-91.2657461113268,15.446858777777784,65.0,75.16800000000002,16.097746111326778,11.0
-1,-88.78382748928956,13.587898828703675,59.0,71.71200000000003,17.071827489289532,13.0
-1,-111.40906146852066,13.681590712962953,57.0,75.07200000000003,36.33706146852064,19.0
-1,-107.29688490023456,15.29295770370368,51.0,56.160000000000025,51.13688490023452,24.0
-1,-105.41521550900252,16.336406212962952,51.0,65.28000000000003,40.13521550900247,20.0
-1,-102.21730237918143,18.089312199074055,66.0,68.44800000000002,33.769302379181426,14.0
-1,-108.46741987899183,17.065018162037003,48.0,54.91200000000001,53.55541987899183,21.0
-1,-100.00734306350492,14.790408532407406,47.0,66.72000000000001,33.2873430635049,19.0
-1,-89.3281684812829,14.044090907407377,48.0,58.080000000000034,31.24816848128287,20.0
-1,-120.6191761168435,19.46948564814806,63.0,79.00800000000004,41.611176116843474,20.0
-1,-95.41937259137684,9.480990023148172,32.0,41.85600000000001,53.56337259137683,25.0
-1,-95.49888437237556,20.32793987037032,61.0,60.00000000000004,35.49888437237553,18.0
-1,-110.67881472504963,20.966502296296248,73.0,69.98400000000002,40.69481472504961,19.0
-1,-105.38882682342852,18.545970453703674,59.0,66.04800000000003,39.34082682342849,20.0
-1,-109.57883085705156,21.587148199074004,64.0,70.65600000000003,38.92283085705152,20.0
-1,-118.15830127107893,17.084029898148113,68.0,80.83200000000004,37.32630127107888,18.0
-1,-119.63865491757213,19.71020679629626,56.0,72.48000000000002,47.15865491757211,19.0
-1,-118.8045481160118,13.467375203703696,50.0,63.55200000000003,55.252548116011766,24.0
-1,-98.12607397139774,18.792074226851785,50.0,59.904000000000025,38.22207397139772,19.0
-1,-83.90952650686586,20.27209964814813,64.0,64.70400000000002,19.20552650686584,14.0
-1,-87.75004932490516,17.826700791666664,51.0,52.992000000000026,34.75804932490514,18.0
-1,-100.30847558218278,14.762681578703685,65.0,74.78400000000002,25.524475582182767,15.0
-1,-100.90888957207812,16.397796652777764,67.0,74.30400000000003,26.6048895720781,16.0
-1,-109.86538952620992,15.35192548611109,68.0,71.23200000000003,38.63338952620989,21.0
-1,-109.44928880209372,14.830711861111098,61.0,73.05600000000004,36.39328880209369,18.0
-1,-82.90537462762776,9.222745597222229,52.0,61.82400000000002,21.08137462762775,17.0
-1,-81.80334458616493,15.203092175925924,47.0,49.728000000000016,32.07534458616491,20.0
-1,-101.09436735652211,14.715161046296297,48.0,52.03200000000002,49.062367356522095,21.0
-1,-125.74109542241276,15.220568814814802,71.0,86.40000000000005,39.34109542241271,20.0
-1,-94.87488909326356,17.695360064814807,65.0,69.69600000000003,25.17888909326353,13.0
-1,-108.98689513333728,18.241157472222184,64.0,79.10400000000004,29.88289513333723,16.0
-1,-109.59612125035912,17.360154254629588,62.0,75.84000000000005,33.75612125035909,17.0
-1,-108.05034235191964,16.07669521296294,48.0,64.80000000000003,43.25034235191964,23.0
-1,-106.70022944518138,17.630406620370344,77.0,91.10400000000004,15.596229445181358,11.0
-1,-150.30240152784808,16.278613254629608,73.0,98.40000000000003,51.90240152784804,21.0
-1,-96.36563066300604,13.562319967592575,79.0,71.61600000000001,24.749630663006037,18.0
-1,-123.45279339445972,13.364261495370355,58.0,83.23200000000004,40.22079339445967,20.0
-1,-86.69070260062695,15.61289208796298,51.0,57.98400000000002,28.70670260062692,16.0
-1,-91.46922099996615,21.561664129629627,45.0,47.424000000000014,44.04522099996615,17.0
-1,-102.38772512067098,13.429641157407389,69.0,77.28000000000004,25.10772512067093,17.0
-1,-99.78445641914284,14.20006395833333,58.0,69.88800000000003,29.89645641914279,19.0
-1,-97.42982927886332,16.04170556018518,66.0,79.584,17.845829278863317,13.0
-1,-96.31119617212192,18.331366078703667,55.0,64.03200000000002,32.2791961721219,18.0
-1,-111.7679821934509,19.789755532407376,71.0,82.17600000000003,29.59198219345087,15.0
-1,-105.70613631870783,17.080678203703663,65.0,73.34400000000004,32.36213631870781,16.0
-1,-110.8707090272048,16.439655134259244,59.0,70.75200000000004,40.11870902720476,19.0
-1,-100.2782611918835,15.517895898148153,53.0,74.78400000000002,25.49426119188348,15.0
-1,-103.28653139856348,13.277277449074084,46.0,58.08000000000003,45.206531398563456,24.0
-1,-99.42118093296476,20.295126157407367,66.0,69.69600000000004,29.725180932964708,15.0
-1,-110.05284989171828,12.290000217592585,48.0,63.74400000000003,46.30884989171823,22.0
-1,-108.941283613555,13.957728476851846,64.0,75.07200000000003,33.86928361355496,19.0
-1,-112.76775416480308,17.174145453703666,63.0,59.80800000000004,52.95975416480304,24.0
-1,-93.00260436822649,13.751054500000013,46.0,51.16800000000002,41.83460436822645,23.0
-1,-107.82729138391586,19.914715495370334,73.0,78.72000000000003,29.107291383915832,16.0
-1,-86.29710450443002,12.021525990740722,55.0,62.59200000000002,23.705104504430004,14.0
-1,-98.91218241329103,17.93100738425922,61.0,72.86400000000002,26.048182413291016,16.0
-1,-85.67179564774048,13.725206166666686,52.0,52.03200000000002,33.63979564774046,19.0
-1,-96.47601027304424,20.60418120833333,50.0,54.52800000000002,41.94801027304421,17.0
-1,-111.6085232999644,17.642663777777745,80.0,89.95200000000006,21.65652329996434,14.0
-1,-93.33241275085696,17.639028435185182,70.0,69.50400000000003,23.82841275085694,13.0
-1,-105.93979977902951,16.853355365740725,54.0,59.61600000000002,46.3237997790295,21.0
-1,-112.63900757684084,17.620914935185176,68.0,72.76800000000003,39.8710075768408,22.0
-1,-96.52941382393416,11.385138013888902,59.0,62.112000000000016,34.41741382393413,22.0
-1,-106.43109561865764,18.955923967592543,62.0,63.16800000000003,43.26309561865762,21.0
-1,-94.97577075788888,17.042597722222222,52.0,60.48000000000001,34.49577075788886,19.0
-1,-102.78931134338612,16.28768837499998,61.0,69.31200000000003,33.4773113433861,20.0
-1,-105.93066515112368,16.531242662037023,57.0,72.76800000000003,33.16266515112365,19.0
-1,-109.87805901755864,19.38731818981477,65.0,73.44000000000003,36.4380590175586,16.0
-1,-100.814451753722,17.873346842592582,57.0,71.42400000000002,29.39045175372198,17.0
-1,-105.06041268142324,17.650966268518484,65.0,73.05600000000001,32.00441268142321,17.0
-1,-77.07591803907096,16.78151450462963,37.0,43.39200000000001,33.68391803907094,18.0
-1,-100.12493157607376,17.995695962962944,63.0,64.89600000000003,35.228931576073734,17.0
-1,-104.90912803530566,13.64235464351852,61.0,74.68800000000003,30.221128035305632,18.0
-1,-102.38095808948988,18.120279324074023,57.0,62.11200000000004,40.26895808948982,21.0
-1,-103.07798821068369,11.97065309722221,70.0,77.18400000000001,25.893988210683663,15.0
-1,-91.16510526237766,12.99666171296295,50.0,63.93600000000004,27.229105262377622,16.0
-1,-113.25971597763396,21.71777641203704,79.0,85.92000000000004,27.33971597763392,16.0
-1,-121.64461271596976,12.436660708333337,69.0,87.84000000000002,33.80461271596974,20.0
-1,-92.79140848985573,16.54601700925928,57.0,63.936000000000014,28.855408489855705,15.0
-1,-111.50405065341538,19.37980793518514,68.0,86.59200000000003,24.91205065341535,13.0
-1,-115.18486013517024,18.63304890277774,66.0,74.59200000000004,40.5928601351702,17.0
-1,-100.0738659912243,13.055260777777786,43.0,58.08000000000003,41.99386599122428,20.0
-1,-99.96936025680311,17.88369419907404,59.0,74.20800000000003,25.761360256803084,16.0
-1,-91.61384145032169,13.718583453703715,41.0,49.536000000000016,42.07784145032165,21.0
-1,-92.79661245160035,13.636302337962965,45.0,53.376000000000026,39.420612451600334,19.0
-1,-100.42986880141449,18.168608296296288,67.0,75.45600000000002,24.973868801414454,16.0
-1,-88.3181968153938,12.176067013888902,50.0,54.336000000000006,33.9821968153938,20.0
-1,-123.2276616399163,22.710778199074017,87.0,92.64000000000006,30.58766163991625,14.0
-1,-96.996335676164,15.06098893518516,52.0,53.85600000000002,43.14033567616397,26.0
-1,-100.04605534169876,15.558957675925924,46.0,55.77600000000002,44.27005534169874,21.0
-1,-92.6607011250935,11.01571743518518,37.0,48.960000000000015,43.70070112509348,19.0
-1,-96.44210721388066,14.913307120370373,57.0,59.32800000000002,37.11410721388065,21.0
-1,-101.25572509547376,15.826988893518523,58.0,73.34400000000002,27.91172509547373,17.0
-1,-114.71598936343176,15.840186263888864,46.0,60.096000000000025,54.61998936343175,24.0
-1,-97.10866751355198,20.98486843518513,60.0,67.39200000000002,29.71666751355195,16.0
-1,-108.00234247502004,14.726078578703708,49.0,60.48000000000003,47.52234247502,23.0
-1,-84.31537933561276,12.54840766666666,51.0,63.64800000000003,20.667379335612733,15.0
-1,-106.27671299435634,16.971352430555537,55.0,63.55200000000003,42.72471299435632,22.0
-1,-81.13418088885263,19.782244097222176,52.0,56.736000000000026,24.3981808888526,15.0
-1,-98.4880848516514,16.333347166666634,51.0,64.70400000000002,33.784084851651365,22.0
-1,-106.15591370676964,21.09204031018514,63.0,73.24800000000002,32.90791370676963,18.0
-1,-114.82495589798468,19.98960130092587,57.0,71.71200000000003,43.11295589798463,22.0
-1,-94.44250640832482,13.37694259722222,45.0,48.57600000000002,45.8665064083248,22.0
-1,-82.83815751940195,16.39714614351849,36.0,47.90400000000002,34.93415751940193,19.0
-1,-122.66321720193903,14.05661046759258,49.0,62.88000000000003,59.78321720193901,25.0
-1,-119.26627724028184,19.61859970370364,67.0,84.76800000000004,34.498277240281794,21.0
-1,-96.63987052003762,19.21023396759257,65.0,66.14400000000002,30.49587052003761,18.0
-1,-91.70732437501115,13.114697972222212,50.0,56.64000000000002,35.067324375011125,22.0
-1,-105.73832738275004,15.015312129629605,62.0,68.35200000000003,37.38632738275002,20.0
-1,-102.28638202661658,10.22118144444445,56.0,70.56000000000003,31.726382026616548,20.0
-1,-113.24151463741796,19.9459764166666,68.0,79.48800000000004,33.753514637417915,16.0
-1,-102.714303219395,15.325015402777764,49.0,60.000000000000014,42.714303219394985,21.0
-1,-98.29095294356723,17.057319449074054,46.0,62.01600000000002,36.274952943567214,18.0
-1,-94.45489104406548,16.46820135648145,52.0,61.15200000000003,33.30289104406544,16.0
-1,-116.21954380247816,16.649851379629627,68.0,74.78400000000003,41.43554380247812,21.0
-1,-95.46681506241048,16.54056069444444,57.0,62.68800000000003,32.77881506241045,18.0
-1,-103.8913972013788,19.394376305555543,47.0,58.94400000000002,44.947397201378784,20.0
-1,-115.8884549060312,15.095033699074078,52.0,69.79200000000003,46.09645490603116,21.0
-1,-88.23266814860746,14.36576427777777,55.0,61.34400000000002,26.888668148607437,17.0
-1,-81.76606549868109,12.93503712037036,46.0,54.33600000000001,27.430065498681067,17.0
-1,-107.89684679298747,18.68115843055555,55.0,61.92000000000002,45.976846792987466,21.0
-1,-99.603096895287,15.906414319444467,58.0,65.28000000000002,34.32309689528698,18.0
-1,-106.0847443180493,15.523308685185183,64.0,70.36800000000001,35.716744318049294,19.0
-1,-103.50228933590216,18.611773759259204,55.0,64.51200000000003,38.99028933590213,18.0
-1,-108.28988054554904,13.421798685185172,55.0,64.32000000000002,43.969880545549024,25.0
-1,-109.12350902566187,15.069563564814812,54.0,58.56000000000002,50.56350902566186,24.0
-1,-80.88832268271722,18.45631040740742,49.0,47.32800000000002,33.5603226827172,17.0
-1,-103.38744340560643,16.496343768518493,61.0,74.4,28.98744340560642,16.0
-1,-87.02011784621263,17.720364245370366,57.0,56.832000000000015,30.188117846212617,18.0
-1,-91.8576135579976,15.989850666666635,61.0,70.84800000000003,21.00961355799759,11.0
-1,-86.60011418506988,16.120050310185174,47.0,49.82400000000002,36.77611418506987,20.0
-1,-96.14291825643735,16.05529050925924,54.0,57.50400000000003,38.63891825643732,22.0
-1,-86.76816832114217,13.646364666666678,50.0,58.56000000000002,28.20816832114215,17.0
-1,-112.53762694963146,12.760105699074073,55.0,61.72800000000004,50.80962694963142,22.0
-1,-98.71225700491205,13.579300879629626,46.0,65.28000000000003,33.432257004912,20.0
-1,-133.54152172125768,15.906609898148112,61.0,79.96800000000003,53.573521721257656,23.0
-1,-92.4428933951772,20.06998242129627,45.0,51.74400000000002,40.69889339517717,18.0
-1,-94.94146726303018,16.924796814814787,53.0,63.93600000000004,31.005467263030138,19.0
-1,-101.85981919064952,16.833582856481467,53.0,60.00000000000003,41.85981919064948,20.0
-1,-98.79528588132622,16.85980610185181,62.0,68.64000000000003,30.1552858813262,18.0
-1,-90.9662759912203,13.757297499999996,50.0,59.71200000000003,31.254275991220265,20.0
-1,-104.93226094983734,14.512330037037026,43.0,64.80000000000003,40.13226094983731,21.0
-1,-99.2958521039157,13.627033115740735,53.0,59.32800000000002,39.96785210391569,22.0
-1,-93.84462209800468,22.63733353703697,67.0,70.94400000000005,22.900622098004646,12.0
-1,-90.8415400885641,13.690561018518514,54.0,50.496,40.34554008856411,23.0
-1,-89.90649477076877,17.70724262037038,49.0,55.39200000000002,34.51449477076874,19.0
-1,-105.716370710085,15.61442033333332,49.0,58.65600000000002,47.06037071008498,25.0
-1,-99.30890806317755,15.434685847222188,58.0,67.87200000000003,31.436908063177523,19.0
-1,-94.1273803366272,17.185585240740714,55.0,66.72000000000003,27.407380336627188,16.0
-1,-94.51038549526216,13.622920282407389,59.0,65.28000000000003,29.230385495262123,17.0
-1,-103.88507175472505,18.945444615740684,61.0,65.08800000000002,38.79707175472501,18.0
-1,-83.08147980611581,16.127811865740714,46.0,57.696000000000026,25.385479806115782,13.0
-1,-105.95553850350964,16.421881675925924,60.0,66.52800000000002,39.42753850350962,21.0
-1,-93.39017165593911,15.176876157407388,63.0,70.17600000000003,23.214171655939097,18.0
-1,-99.50567597082583,14.709085652777793,63.0,73.05600000000003,26.44967597082581,15.0
-1,-104.24517922043398,16.45343687499998,54.0,69.31200000000003,34.93317922043396,19.0
-1,-114.19976839936125,15.044409263888854,63.0,70.84800000000004,43.351768399361205,21.0
-1,-99.46427989560796,14.022919800925909,58.0,67.68000000000002,31.784279895607938,21.0
-1,-95.84033254321156,18.77895281018515,52.0,61.72800000000002,34.11233254321155,18.0
-1,-113.25932112538987,20.076067277777707,66.0,71.71200000000003,41.54732112538984,22.0
-1,-100.69902489518071,16.5305443796296,64.0,77.47200000000004,23.227024895180683,15.0
-1,-90.8484787373122,18.416551722222213,47.0,54.24000000000004,36.60847873731216,18.0
-1,-96.23418532990814,17.30504889351852,50.0,53.85600000000002,42.37818532990813,20.0
-1,-95.62178417488204,11.325705388888888,43.0,48.19200000000002,47.42978417488201,24.0
-1,-105.42437881640922,14.388044708333329,59.0,76.41600000000003,29.00837881640919,20.0
-1,-104.88747947053348,17.21486257407408,72.0,76.80000000000004,28.08747947053344,18.0
-1,-89.4330678095679,16.315946324074073,51.0,59.13600000000002,30.29706780956789,14.0
-1,-100.2728627393407,19.05396062499997,64.0,62.11200000000003,38.16086273934067,20.0
-1,-102.73397640123387,15.74691204166666,48.0,58.08000000000002,44.65397640123388,20.0
-1,-99.67435106540016,12.767283194444454,40.0,51.26400000000002,48.41035106540012,22.0
-1,-101.65470590145992,14.692415412037027,49.0,57.696000000000026,43.9587059014599,22.0
-1,-105.8227525709311,18.76294331481482,51.0,63.93600000000004,41.886752570931066,19.0
-1,-92.54882799422018,13.012310666666654,51.0,62.78400000000002,29.76482799422015,18.0
-1,-104.99717635312255,20.16499695370365,68.0,68.35200000000003,36.645176353122544,20.0
-1,-92.80859205995095,15.575114722222231,47.0,52.512000000000015,40.29659205995096,22.0
-1,-92.94407868782812,15.034211944444449,48.0,58.84800000000003,34.09607868782809,19.0
-1,-97.82442536402051,22.507188337962923,61.0,60.76800000000002,37.056425364020505,15.0
-1,-108.48233757920582,16.841324763888863,52.0,59.808000000000014,48.674337579205805,20.0
-1,-101.49622292569563,15.790943430555554,50.0,54.91200000000002,46.58422292569562,23.0
-1,-105.08256040541076,15.630381374999985,63.0,72.86400000000002,32.218560405410734,18.0
-1,-98.04453105320808,14.212622462962962,57.0,67.77600000000002,30.268531053208047,15.0
-1,-96.67999161343226,13.182032537037031,49.0,55.20000000000002,41.47999161343225,21.0
-1,-94.61085844183054,11.69718395833332,53.0,57.40800000000003,37.202858441830514,19.0
-1,-98.9236220910508,20.566976773148127,62.0,69.79200000000003,29.13162209105077,16.0
-1,-98.78576087664956,19.22201281481476,57.0,67.10400000000001,31.68176087664954,17.0
-1,-91.18354298593324,11.818242037037022,43.0,56.54400000000002,34.639542985933204,17.0
-1,-102.535928817637,16.774892925925933,52.0,64.32000000000002,38.21592881763699,17.0
-1,-109.76240590286662,20.455392717592535,63.0,76.03200000000002,33.7304059028666,17.0
-1,-81.58838648599612,15.490541648148143,54.0,58.08000000000002,23.50838648599611,17.0
-1,-84.37925526242446,13.15463700925924,44.0,58.84800000000002,25.53125526242445,13.0
-1,-116.49363665641796,19.742450662036997,64.0,70.36800000000004,46.12563665641792,19.0
-1,-96.07154127276782,12.963300305555556,41.0,52.41600000000002,43.6555412727678,20.0
-1,-90.3441286324367,15.671678995370367,62.0,60.19200000000003,30.15212863243668,18.0
-1,-112.28599979182616,19.534240134259186,69.0,74.30400000000003,37.98199979182613,20.0
-1,-94.77755588443058,16.110641101851837,51.0,60.19200000000004,34.58555588443055,18.0
-1,-90.11182954315504,14.216760009259245,45.0,60.19200000000002,29.919829543155014,18.0
-1,-113.77814897079264,21.330219504629557,65.0,79.58400000000002,34.19414897079262,17.0
-1,-85.38492112411379,15.539941342592591,41.0,49.728000000000016,35.656921124113765,19.0
-1,-100.27419574240028,16.368291652777764,70.0,74.11200000000002,26.162195742400247,17.0
-1,-120.57621431644604,20.455263087962923,63.0,71.71200000000003,48.86421431644601,20.0
-1,-95.1270605657891,12.660967939814812,61.0,70.46400000000003,24.66306056578907,15.0
-1,-131.06574460179544,19.14450778240735,85.0,102.81600000000007,28.249744601795364,18.0
-1,-92.40997257751916,15.29603076388888,59.0,67.48800000000001,24.92197257751916,16.0
-1,-96.24188678997344,15.421505050925926,64.0,68.64,27.601886789973456,16.0
-1,-90.87878066602062,19.427020282407373,55.0,58.17600000000003,32.70278066602059,18.0
-1,-91.47810499489594,15.082036384259244,64.0,65.66400000000002,25.81410499489593,17.0
-1,-94.59512546628972,17.818190449074027,62.0,71.04000000000002,23.555125466289702,13.0
-1,-96.49343787525376,13.470873384259244,62.0,71.80800000000004,24.685437875253733,17.0
-1,-99.15788527176944,19.488541995370333,68.0,73.53600000000004,25.621885271769397,13.0
-1,-96.17546931673418,12.807257611111114,37.0,53.76000000000002,42.41546931673416,22.0
-1,-108.42009831434792,16.91089144444443,52.0,61.632000000000026,46.78809831434789,21.0
-1,-113.94794989802052,16.177893458333312,57.0,69.60000000000002,44.34794989802049,22.0
-1,-96.77699631320743,18.06842998611105,54.0,67.39200000000002,29.384996313207424,17.0
-1,-97.15520840724837,15.722271694444435,56.0,62.68800000000003,34.46720840724833,17.0
-1,-117.7751423524128,21.53069503240736,77.0,79.87200000000003,37.90314235241279,18.0
-1,-111.98746133705724,16.940851166666604,59.0,73.05600000000003,38.93146133705719,21.0
-1,-100.31042460612514,13.523559587962971,41.0,49.920000000000016,50.39042460612512,23.0
-1,-118.08979073320285,17.261022657407377,65.0,66.72000000000004,51.36979073320279,25.0
-1,-74.32998277184912,14.15924639814816,47.0,51.84000000000002,22.489982771849096,16.0
-1,-105.29729986242684,14.826230027777765,57.0,68.83200000000002,36.46529986242683,20.0
-1,-90.74565331600424,18.37546384259255,65.0,69.02400000000003,21.721653316004225,13.0
-1,-92.47441082376872,16.37072748611109,60.0,69.88800000000003,22.58641082376869,16.0
-1,-239.50176920336528,17.881069203703664,111.0,181.6320000000001,57.86976920336516,20.0
-1,-125.94697312326733,15.400699449074056,56.0,77.47200000000005,48.47497312326728,23.0
-1,-85.07512599049521,12.00713922222224,36.0,45.02400000000002,40.05112599049519,21.0
-1,-88.83443670187447,12.808029652777764,45.0,53.47200000000002,35.36243670187445,20.0
-1,-84.89520527650625,14.6113787222222,44.0,51.36000000000002,33.535205276506225,16.0
-1,-105.5075287078228,21.0796477916666,65.0,65.76000000000003,39.74752870782276,21.0
-1,-89.61278734948179,13.123245458333338,39.0,43.392,46.22078734948179,20.0
-1,-90.8837107845942,12.681497115740752,40.0,46.368000000000016,44.51571078459418,23.0
-1,-76.48871213419082,17.887136074074082,45.0,50.11200000000002,26.376712134190797,16.0
-1,-108.72192886289514,21.087067481481427,48.0,57.888000000000034,50.83392886289512,17.0
-1,-100.08613178552268,19.922343421296254,57.0,63.840000000000025,36.24613178552264,17.0
-1,-105.03117188330958,16.6027366435185,60.0,67.39200000000002,37.63917188330956,19.0
-1,-104.80076365738223,17.065222328703687,52.0,62.40000000000002,42.40076365738224,22.0
-1,-89.76093643830212,17.872215592592585,54.0,54.52800000000002,35.232936438302104,18.0
-1,-86.60819812660795,12.174293453703706,44.0,53.66400000000002,32.94419812660792,21.0
-1,-99.4088482080294,16.859619231481485,54.0,67.68000000000002,31.72884820802938,15.0
-1,-97.88145035463074,18.954867587962926,60.0,57.60000000000003,40.28145035463071,22.0
-1,-102.20484032691336,16.227685060185205,52.0,54.24000000000002,47.96484032691335,22.0
-1,-129.64310649512734,16.196234328703667,55.0,62.784000000000034,66.8591064951273,24.0
-1,-169.3318480852754,16.911943300925888,80.0,119.23200000000008,50.09984808527533,22.0
-1,-110.45220101157318,12.140250791666672,52.0,62.88000000000002,47.57220101157316,24.0
-1,-85.72845585120984,15.18470097685185,49.0,51.07200000000001,34.656455851209834,18.0
-1,-87.49492714350274,12.67207788425925,43.0,45.88800000000001,41.60692714350272,22.0
-1,-97.90477832371204,15.122927462962952,48.0,52.704000000000015,45.20077832371204,20.0
-1,-82.98294280220502,15.021576967592576,51.0,58.08000000000002,24.902942802205,18.0
-1,-88.94955275651668,11.674531958333334,48.0,58.56000000000002,30.389552756516665,18.0
-1,-92.5362869869454,17.196955208333307,50.0,53.088000000000015,39.44828698694538,22.0
-1,-89.60504068756285,16.539217462962956,39.0,51.456,38.149040687562845,16.0
-1,-68.54029982005042,15.86995393518518,42.0,42.04800000000001,26.492299820050405,18.0
-1,-100.84297651420655,17.92294308796296,72.0,73.92000000000003,26.92297651420653,16.0
-1,-92.39184335678377,15.05385568055554,46.0,55.29600000000001,37.09584335678375,18.0
-1,-100.76789421270207,11.837115898148149,51.0,60.00000000000003,40.76789421270207,24.0
-1,-97.49728814670291,15.61058461111109,57.0,62.78400000000003,34.713288146702894,19.0
-1,-110.80550676641326,16.83074383333331,56.0,64.60800000000003,46.19750676641323,21.0
-1,-85.57661986996288,15.974516842592577,41.0,48.384000000000015,37.19261986996288,20.0
-1,-87.02038311325886,17.0135286898148,48.0,56.64000000000002,30.38038311325884,16.0
-1,-75.28483649538606,12.121749578703705,42.0,43.77600000000002,31.508836495386035,17.0
-1,-98.68262066322316,20.999857592592523,51.0,58.27200000000002,40.41062066322314,19.0
-1,-92.49802489644412,20.08580293055552,50.0,52.22400000000002,40.27402489644409,19.0
-1,-115.90524019007484,16.819523694444406,56.0,65.18400000000003,50.72124019007482,23.0
-1,-113.46484558687942,16.20227536574071,55.0,70.84800000000001,42.6168455868794,21.0
-1,-97.70530562974956,16.507203060185176,54.0,57.02400000000003,40.68130562974953,21.0
-1,-110.35509056075546,11.178641726851858,63.0,81.12000000000005,29.235090560755413,17.0
-1,-99.34015402621212,25.773383874999933,68.0,62.11200000000002,37.228154026212096,18.0
-1,-106.3857645647341,19.51234278703698,73.0,67.20000000000003,39.18576456473407,20.0
-1,-94.68083844366036,11.765476689814804,43.0,58.27200000000002,36.40883844366032,19.0
-1,-97.22140075582058,14.723436680555569,59.0,53.85600000000001,43.36540075582058,24.0
-1,-92.986605182799,20.90080166666664,66.0,57.31200000000003,35.67460518279896,19.0
-1,-108.98070610766254,17.97067248611108,67.0,59.90400000000003,49.0767061076625,22.0
-1,-84.34740861629729,20.498827685185137,45.0,53.85600000000003,30.491408616297264,17.0
-1,-106.34928911329834,18.92818749074066,64.0,72.96000000000004,33.389289113298304,16.0
-1,-98.1398786584822,18.51262915277774,52.0,55.39200000000002,42.74787865848218,20.0
-1,-96.15981004128092,11.61109783796295,41.0,51.55200000000002,44.60781004128091,24.0
-1,-105.75335019471856,15.353192185185154,58.0,68.06400000000002,37.68935019471853,22.0
-1,-92.65474418780356,12.951625287037032,46.0,59.23200000000002,33.42274418780355,20.0
-1,-111.34758243057396,12.257361101851837,49.0,62.49600000000003,48.85158243057393,27.0
-1,-103.09598378148866,13.947389134259264,40.0,49.63200000000002,53.46398378148864,23.0
-1,-116.07882963995448,14.604350254629608,60.0,75.16800000000003,40.91082963995444,24.0
-1,-96.1822764064525,18.32470550925926,49.0,59.90400000000003,36.27827640645246,18.0
-1,-88.13343613178262,13.229489083333332,38.0,49.05600000000001,39.07743613178261,21.0
-1,-93.81548129722884,18.2994397222222,53.0,56.160000000000025,37.65548129722882,18.0
-1,-121.84126304452296,18.908319074073997,60.0,84.86400000000005,36.97726304452291,18.0
-1,-115.9886151420388,19.405617935185123,58.0,65.56800000000004,50.42061514203876,19.0
-1,-89.55784315073224,15.310003087962947,53.0,65.95200000000001,23.605843150732227,14.0
-1,-110.33519277372967,15.69122331481478,49.0,55.29600000000002,55.03919277372967,22.0
-1,-90.40846233692127,15.124452458333357,45.0,44.064000000000014,46.34446233692127,21.0
-1,-106.78149186593598,14.700309541666645,61.0,66.91200000000003,39.86949186593594,20.0
-1,-98.53217966325356,13.795648851851846,43.0,46.27200000000002,52.26017966325354,24.0
-1,-100.51664927267868,15.264412902777764,46.0,51.84000000000002,48.67664927267866,20.0
-1,-131.25165505587023,23.99930133796294,77.0,86.01600000000005,45.23565505587017,18.0
-1,-110.54236262656669,17.998409337962926,57.0,62.88000000000002,47.662362626566654,19.0
-1,-96.4147908985193,16.05942968981482,51.0,62.784000000000034,33.63079089851926,19.0
-1,-99.27663241912154,14.332328888888888,55.0,66.72000000000003,32.55663241912151,19.0
-1,-81.62632213875827,10.218098671296282,49.0,54.24000000000003,27.38632213875824,18.0
-1,-114.78734267666016,16.87277570833333,51.0,51.936000000000014,62.85134267666014,25.0
-1,-102.23206182395528,19.551793111111078,55.0,61.05600000000003,41.17606182395525,19.0
-1,-83.6982020265906,12.784398837962968,46.0,53.56800000000002,30.13020202659057,20.0
-1,-100.95882431349231,18.555064273148098,52.0,51.55200000000003,49.4068243134923,23.0
-1,-98.8534823071454,9.868619657407423,43.0,56.35200000000002,42.50148230714538,22.0
-1,-102.87308300071204,12.720475041666669,43.0,53.472000000000016,49.401083000712006,24.0
-1,-108.85298292275604,15.91980445833329,51.0,59.13600000000002,49.71698292275601,24.0
-1,-101.76459616612104,17.156228444444412,56.0,55.29600000000002,46.468596166121024,25.0
-1,-100.72267796991538,21.242222328703637,59.0,69.79200000000003,30.93067796991535,15.0
-1,-97.66877486496723,15.167860120370367,49.0,52.80000000000001,44.86877486496724,24.0
-1,-105.91621776355572,15.826136296296278,49.0,63.840000000000025,42.07621776355569,22.0
-1,-87.17249619211978,10.967744708333337,45.0,55.10400000000002,32.06849619211975,15.0
-1,-81.64026043386332,16.307978287037045,42.0,48.09600000000001,33.544260433863315,20.0
-1,-105.40468826436124,21.155367263888834,63.0,67.20000000000003,38.20468826436122,21.0
-1,-104.16816026405512,16.298893162037043,54.0,54.62400000000001,49.54416026405512,20.0
-1,-82.68260515130021,12.891370615740724,48.0,53.37600000000002,29.3066051513002,19.0
-1,-105.81474438366784,13.359828435185191,37.0,43.296000000000014,62.518744383667816,25.0
-1,-86.90605151207544,10.505243319444432,40.0,39.07200000000001,47.83405151207543,25.0
-1,-72.20219206193103,19.236918740740744,52.0,51.84000000000002,20.36219206193101,12.0
-1,-98.37639954942657,17.568365763888877,50.0,56.64000000000003,41.73639954942652,21.0
-1,-87.40991828827441,12.932462254629636,37.0,49.632000000000026,37.77791828827439,20.0
-1,-128.8198306013361,12.046361851851852,61.0,81.40800000000003,47.41183060133606,22.0
-1,-105.19645225921,14.524518148148124,56.0,63.26400000000003,41.93245225920997,21.0
-1,-80.11218756518807,13.562519328703692,52.0,55.87200000000001,24.24018756518806,17.0
-1,-104.32749871425172,14.220113504629602,52.0,70.08000000000003,34.247498714251705,21.0
-1,-112.34757879721376,16.169787972222213,49.0,68.44800000000004,43.89957879721373,23.0
-1,-87.76168947508273,16.1535342361111,43.0,55.29600000000002,32.46568947508272,20.0
-1,-115.81626131411144,14.312341527777766,51.0,62.40000000000003,53.41626131411142,22.0
-1,-104.93685998387524,14.614017898148123,50.0,57.600000000000016,47.33685998387524,26.0
-1,-120.3020270219254,12.407513148148142,51.0,69.12000000000003,51.18202702192536,23.0
-1,-106.9494792714693,16.456173958333313,61.0,73.82400000000004,33.12547927146925,20.0
-1,-95.32380741218398,13.25149686574072,43.0,55.29600000000002,40.02780741218396,22.0
-1,-93.45164224027964,14.524455578703687,47.0,50.59200000000001,42.859642240279605,23.0
-1,-100.83834780660288,22.391490097222167,58.0,71.23200000000004,29.606347806602827,13.0
-1,-152.07291682946445,20.401316819444386,79.0,106.27200000000006,45.80091682946439,20.0
-1,-100.526091171954,18.283557555555497,55.0,56.448000000000015,44.07809117195398,22.0
-1,-96.53962208904534,16.974897481481495,44.0,44.44800000000002,52.09162208904532,19.0
-1,-98.3778311558,15.751923157407406,38.0,40.896000000000015,57.4818311558,21.0
-1,-92.57466385070488,16.537672879629618,52.0,64.03200000000002,28.54266385070486,16.0
-1,-89.5690603680678,20.016189800925893,57.0,61.53600000000002,28.03306036806777,15.0
-1,-91.41890665317376,15.365688412037033,56.0,58.46400000000003,32.954906653173744,19.0
-1,-115.37211229158189,18.556765277777696,56.0,75.74400000000003,39.62811229158185,20.0
-1,-90.16103555728472,9.61091460185186,35.0,48.09600000000001,42.06503555728472,25.0
-1,-104.63549980402756,18.04062014351848,59.0,75.16800000000003,29.46749980402751,18.0
-1,-94.13702652804406,12.513588175925944,35.0,37.82400000000001,56.313026528044055,23.0
-1,-119.94749128285176,16.18034340740739,59.0,75.93600000000004,44.01149128285172,19.0
-1,-104.09508683796126,13.99158366666666,43.0,46.08000000000001,58.01508683796125,24.0
-1,-95.26607186393416,15.498449310185196,62.0,66.81600000000003,28.450071863934127,14.0
-1,-112.21215390072904,15.970043199074068,57.0,67.87200000000003,44.34015390072902,21.0
-1,-114.3902743925538,17.31163832407404,59.0,71.80800000000002,42.58227439255378,21.0
-1,-105.15790931856807,12.56114600925924,53.0,66.04800000000003,39.10990931856804,22.0
-1,-85.35669633150513,14.955247259259243,41.0,52.12800000000002,33.228696331505105,20.0
-1,-108.3617655026755,10.684607712962968,41.0,54.81600000000002,53.54576550267548,26.0
-1,-95.79441521805028,22.2553357407407,59.0,69.40800000000002,26.386415218050267,16.0
-1,-90.42929691217256,19.26834931018514,60.0,69.98400000000002,20.445296912172523,14.0
-1,-97.42051656461332,16.995085314814794,65.0,61.24800000000003,36.17251656461328,19.0
-1,-79.47331675391865,11.972942500000002,43.0,55.296000000000014,24.17731675391865,16.0
-1,-95.0029687534554,19.487526916666635,70.0,72.28800000000001,22.71496875345539,16.0
-1,-87.1181961134474,15.8033636435185,57.0,63.07200000000003,24.04619611344737,13.0
-1,-84.39049726929002,17.812259597222223,52.0,55.680000000000014,28.710497269290013,17.0
-1,-99.7047008521678,13.780460624999993,41.0,49.152000000000015,50.55270085216779,22.0
-1,-107.62893245938972,16.233513157407405,57.0,57.60000000000003,50.02893245938968,24.0
-1,-90.55829090521031,13.252102624999996,54.0,63.26400000000003,27.294290905210293,19.0
-1,-89.59570155197856,21.215632837962904,54.0,54.91200000000002,34.683701551978544,17.0
-1,-101.43506547073504,12.882878393518515,55.0,73.15200000000002,28.28306547073501,13.0
-1,-83.3126140467606,13.661512856481478,55.0,62.784000000000034,20.528614046760563,12.0
-1,-88.50304925938454,16.12594836574074,52.0,49.728000000000016,38.77504925938453,20.0
-1,-84.91784518581426,14.071282143518502,54.0,58.08000000000003,26.837845185814228,19.0
-1,-87.18586898166961,10.535801569444438,40.0,54.81600000000002,32.36986898166958,20.0
-1,-91.7070366223453,13.530767064814825,40.0,48.76800000000002,42.93903662234528,19.0
-1,-96.94800752921935,13.964416550925929,45.0,55.20000000000002,41.74800752921934,22.0
-1,-79.275340737774,16.332678800925912,43.0,51.74400000000002,27.531340737773974,14.0
-1,-126.64756806090963,20.607658611111027,66.0,79.20000000000003,47.4475680609096,24.0
-1,-105.66339462794366,12.53219028703704,59.0,62.01600000000003,43.64739462794364,22.0
-1,-107.2810389669424,14.906709527777757,53.0,69.69600000000003,37.58503896694237,22.0
-1,-101.02817885787236,15.099440254629638,42.0,60.96000000000002,40.06817885787232,20.0
-1,-86.94474689575343,16.477874083333308,52.0,56.16000000000002,30.78474689575341,20.0
-1,-102.64821349012328,18.137355717592563,43.0,59.61600000000002,43.03221349012326,19.0
-1,-101.08076699240615,15.561426509259244,48.0,56.06400000000002,45.01676699240613,22.0
-1,-102.70195488788995,13.243769296296282,53.0,61.53600000000004,41.16595488788993,21.0
-1,-88.88462044091779,11.243110912037062,47.0,55.20000000000002,33.68462044091777,19.0
-1,-90.51362709372708,13.729277495370372,45.0,51.16800000000002,39.34562709372705,20.0
-1,-105.38184717136176,15.946034217592588,63.0,74.11200000000004,31.269847171361725,17.0
-1,-119.83737573882172,16.67035339814812,52.0,74.68800000000003,45.1493757388217,19.0
-1,-98.6033805562844,15.194366805555523,43.0,46.84800000000002,51.75538055628439,23.0
-1,-85.69842342583695,17.37417396759256,44.0,45.216000000000015,40.48242342583693,19.0
-1,-103.23593184233444,21.60865368981476,60.0,67.68000000000004,35.5559318423344,18.0
-1,-98.27770267927175,16.216040310185196,53.0,61.632000000000026,36.645702679271736,19.0
-1,-91.81131394389634,20.498729662037032,60.0,59.32800000000004,32.4833139438963,16.0
-1,-101.50653259318044,13.873182972222214,48.0,58.08000000000003,43.42653259318041,21.0
-1,-93.85578740081309,15.619085740740733,55.0,59.42400000000002,34.43178740081307,18.0
-1,-75.58159096845306,14.303189652777755,49.0,49.728000000000016,25.853590968453044,16.0
-1,-98.20916985821046,12.614069800925924,45.0,52.704000000000015,45.50516985821045,23.0
-1,-92.81368245595988,13.849672273148148,45.0,58.08000000000003,34.733682455959865,19.0
-1,-178.42150677427628,20.90305856481473,90.0,138.62400000000005,39.797506774276215,22.0
-1,-110.13155923845702,18.012306226851827,57.0,69.79200000000003,40.33955923845699,20.0
-1,-92.10209632387412,17.10445491666665,49.0,55.58400000000002,36.5180963238741,18.0
-1,-102.51520694685942,13.118210083333336,45.0,55.58400000000002,46.931206946859405,25.0
-1,-91.19787756642044,13.738908412037029,41.0,49.344000000000015,41.85387756642042,22.0
-1,-94.69839897343272,13.381433402777777,35.0,42.14400000000001,52.5543989734327,23.0
-1,-99.57992007877236,13.969279722222224,39.0,45.600000000000016,53.97992007877235,25.0
-1,-93.02795006244328,12.049409537037038,41.0,50.97600000000002,42.05195006244325,21.0
-1,-107.2705619586213,17.258880166666646,52.0,57.120000000000026,50.15056195862128,21.0
-1,-83.84546604243586,15.807662092592578,49.0,52.032000000000025,31.81346604243584,17.0
-1,-94.96390712241018,16.85326553240737,50.0,55.29600000000003,39.66790712241015,22.0
-1,-91.63007518024976,16.490084268518522,47.0,55.10400000000001,36.52607518024974,20.0
-1,-97.52811665979743,17.771210351851824,49.0,58.46400000000003,39.06411665979741,19.0
-1,-73.39889018591235,12.276386032407393,36.0,50.88000000000001,22.518890185912344,14.0
-1,-94.4875378951175,17.586538370370338,47.0,61.248000000000026,33.239537895117465,19.0
-1,-100.74194549997463,12.141399810185174,41.0,42.81600000000002,57.925945499974624,26.0
-1,-123.80142937134369,18.077308310185146,57.0,68.25600000000003,55.54542937134365,21.0
-1,-104.97215429875844,15.26734943981479,49.0,65.37600000000002,39.59615429875843,19.0
-1,-97.18840799402616,14.17034682407406,55.0,58.27200000000002,38.91640799402614,19.0
-1,-107.05829736841554,13.92143617592592,59.0,62.40000000000003,44.65829736841552,24.0
-1,-102.5267460834028,15.585056347222196,63.0,69.50400000000003,33.02274608340278,18.0
-1,-108.05048991049976,15.887615944444429,56.0,64.89600000000003,43.15448991049973,22.0
-1,-98.17123051551717,20.23986143518512,49.0,53.568000000000026,44.60323051551712,19.0
-1,-113.8181980692292,15.258303773148134,57.0,73.44000000000003,40.37819806922919,20.0
-1,-104.08197153769724,19.31260355092592,63.0,70.08000000000003,34.001971537697194,16.0
-1,-94.40573210344772,12.375878930555569,51.0,62.01600000000002,32.38973210344771,19.0
-1,-101.08606845842658,17.023289606481473,67.0,67.68000000000004,33.40606845842654,18.0
-1,-87.77592519913479,15.041973490740718,51.0,58.272000000000034,29.50392519913476,18.0
-1,-119.30236366215186,21.87309479166657,62.0,68.92800000000004,50.374363662151815,23.0
-1,-126.09342913017916,19.02249226388886,68.0,75.07200000000005,51.0214291301791,20.0
-1,-123.01113434079218,15.98360059722218,63.0,79.29600000000002,43.71513434079216,20.0
-1,-104.4099468664624,15.936282976851851,43.0,54.24000000000002,50.16994686646237,23.0
-1,-93.38976197931272,12.40956868981483,41.0,47.71200000000002,45.6777619793127,21.0
-1,-96.69652608438216,15.10590462499999,44.0,54.528000000000034,42.16852608438214,20.0
-1,-100.63167535709844,13.977310148148147,47.0,56.06400000000003,44.5676753570984,22.0
-1,-137.73180317968914,18.643684972222157,80.0,94.65600000000003,43.07580317968908,21.0
-1,-75.87864947203019,14.561059949074073,37.0,45.60000000000002,30.27864947203017,18.0
-1,-101.85272931805014,21.90617243981478,64.0,66.62400000000002,35.22872931805012,16.0
-1,-84.24397498160764,15.409934430555548,52.0,61.15200000000003,23.0919749816076,14.0
-1,-89.28518765243457,12.950831101851842,49.0,59.04000000000001,30.24518765243456,20.0
-1,-110.26725381849934,18.69121077777775,54.0,68.64000000000003,41.62725381849931,17.0
-1,-93.52700451031195,12.79362883333334,47.0,45.88800000000002,47.63900451031196,23.0
-1,-108.04660605658344,17.413835912036966,68.0,76.99200000000003,31.054606056583395,18.0
-1,-81.39189132621544,12.426868078703697,47.0,57.21600000000002,24.17589132621541,15.0
-1,-92.5766261740804,14.135592731481484,48.0,58.94400000000003,33.632626174080364,20.0
-1,-87.61354241386198,9.8714501898148,38.0,43.39200000000001,44.22154241386196,22.0
-1,-109.93857642117,17.636552999999957,62.0,71.32800000000003,38.61057642116998,20.0
-1,-105.69788024520231,20.59390722685182,64.0,62.016000000000034,43.68188024520229,17.0
-1,-95.99252209052592,14.264809675925916,58.0,64.32000000000002,31.672522090525888,17.0
-1,-97.1199964373313,17.405470962962927,49.0,58.46400000000003,38.65599643733127,16.0
-1,-87.52214438205601,12.081814171296289,47.0,56.83200000000003,30.690144382055976,21.0
-1,-98.75155669230216,19.32164022685183,67.0,67.10400000000003,31.647556692302143,18.0
-1,-111.83662785653974,19.53443641203696,67.0,73.34400000000002,38.49262785653972,18.0
-1,-88.68941998983027,14.991425680555553,43.0,54.62400000000002,34.06541998983026,18.0
-1,-82.97298366796757,19.76835433796292,62.0,58.56000000000003,24.412983667967534,15.0
-1,-95.76357092228736,16.707779624999997,51.0,59.42400000000003,36.33957092228732,18.0
-1,-105.85455742964643,17.059363083333274,57.0,62.97600000000004,42.8785574296464,22.0
-1,-109.3628187636546,16.567686166666608,54.0,67.00800000000002,42.35481876365458,25.0
-1,-95.51101217199914,13.169411791666672,59.0,67.39200000000001,28.119012171999128,19.0
-1,-90.57123114771976,18.283190203703683,56.0,69.60000000000004,20.97123114771972,11.0
-1,-136.7261661658202,15.659399037037009,53.0,72.76800000000004,63.95816616582014,21.0
-1,-100.5743114699046,17.137858615740726,57.0,65.08800000000001,35.4863114699046,19.0
-1,-100.77849329623034,19.33354150462956,65.0,77.08800000000004,23.690493296230297,15.0
-1,-124.44566913111754,18.37008513888887,56.0,66.33600000000003,58.10966913111751,22.0
-1,-81.58230699614028,13.265198407407416,37.0,47.42400000000001,34.15830699614027,18.0
-1,-91.87556513987728,12.678198620370384,43.0,62.88000000000002,28.995565139877257,16.0
-1,-91.1611340591979,16.37164206944442,49.0,51.744000000000014,39.417134059197885,21.0
-1,-106.51777201257516,19.02796716666665,59.0,67.10400000000003,39.41377201257512,20.0
-1,-79.60081668635473,16.395519208333308,51.0,50.59200000000003,29.008816686354702,16.0
-1,-100.94995868102988,17.537977689814788,63.0,71.23200000000003,29.71795868102984,17.0
-1,-94.3458065532201,14.954751805555558,52.0,59.04000000000001,35.30580655322009,19.0
-1,-112.48135941339496,14.56585761111111,46.0,52.512000000000015,59.96935941339495,24.0
-1,-101.9077364914767,18.606370791666613,59.0,72.00000000000003,29.907736491476665,16.0
-1,-100.14882117122656,15.59042858796295,52.0,54.81600000000002,45.33282117122654,21.0
-1,-106.10254725030744,12.460096481481486,44.0,53.568000000000005,52.53454725030744,26.0
-1,-99.48011615181642,21.597394722222173,68.0,72.76800000000001,26.7121161518164,15.0
-1,-98.35707558220491,21.69576989351847,54.0,60.480000000000025,37.87707558220488,20.0
-1,-96.29685605375096,12.543298643518543,45.0,51.16800000000002,45.12885605375093,21.0
-1,-107.27529490988935,16.78764267129627,57.0,73.63200000000002,33.64329490988936,17.0
-1,-106.81606432535972,17.298525888888882,49.0,53.95200000000002,52.86406432535971,20.0
-1,-105.51685084925867,15.80272125925923,45.0,64.03200000000002,41.48485084925865,19.0
-1,-101.27042771366524,18.38732929166661,54.0,59.616000000000014,41.65442771366523,19.0
-1,-86.99667536946737,21.70918134722218,59.0,57.31200000000002,29.68467536946735,13.0
-1,-105.47061326148084,16.292979851851825,54.0,60.38400000000002,45.08661326148082,22.0
-1,-95.62928217187198,12.292643879629622,52.0,64.608,31.02128217187197,17.0
-1,-85.7094572544222,23.13258183796293,55.0,59.904000000000025,25.805457254422187,14.0
-1,-96.36395688005682,18.46115694444441,46.0,50.40000000000002,45.9639568800568,19.0
-1,-85.65791902974888,15.998300430555547,50.0,56.73600000000002,28.92191902974887,17.0
-1,-99.07034640210436,15.344193027777765,54.0,57.21600000000002,41.854346402104326,22.0
-1,-113.83263970675318,16.65600006018517,69.0,77.66400000000003,36.16863970675315,19.0
-1,-199.7108721898288,19.266808541666595,100.0,135.55200000000005,64.15887218982874,24.0
-1,-89.33805393508958,14.515434925925923,51.0,49.44000000000002,39.89805393508956,22.0
-1,-82.93638978207329,15.283872620370378,46.0,53.18400000000002,29.752389782073266,17.0
-1,-95.1825729898859,16.35262912499999,63.0,63.648000000000025,31.534572989885863,18.0
-1,-100.39474205683962,13.50847287037036,46.0,56.54400000000002,43.85074205683961,21.0
-1,-119.15476706400231,12.752512236111096,59.0,75.55200000000004,43.60276706400228,20.0
-1,-97.3193838734234,14.43565040740742,57.0,64.80000000000003,32.51938387342337,17.0
-1,-102.8868595893948,12.583360745370364,59.0,68.44800000000002,34.438859589394774,20.0
-1,-93.08899895648426,12.36274362037036,50.0,61.44000000000002,31.64899895648424,18.0
-1,-92.93098727581288,20.927672893518505,50.0,59.13600000000002,33.794987275812844,17.0
-1,-92.37139261643102,14.667228351851849,59.0,65.76000000000002,26.611392616431004,16.0
-1,-93.42857691977343,14.21802815740738,49.0,65.85600000000002,27.57257691977343,14.0
-1,-84.45649687270738,13.665396800925937,47.0,50.88000000000002,33.57649687270735,20.0
-1,-109.67315902662403,16.696515657407403,61.0,66.43200000000003,43.24115902662401,20.0
-1,-102.96520436418685,13.439331018518509,43.0,53.760000000000026,49.20520436418681,24.0
-1,-101.3380984382406,13.739569990740748,61.0,74.11200000000002,27.226098438240573,18.0
-1,-104.3928683068746,14.605492425925917,52.0,62.11200000000003,42.280868306874574,24.0
-1,-112.45461840930918,16.992507310185154,61.0,66.81600000000003,45.63861840930914,22.0
-1,-91.0493548847344,14.817761708333336,50.0,59.32800000000002,31.721354884734385,20.0
-1,-109.58066055121728,14.62584601388888,59.0,66.91200000000002,42.66866055121726,23.0
-1,-92.56200256380274,17.774696296296227,50.0,58.56000000000002,34.002002563802705,19.0
-1,-87.87211946746707,10.953531990740744,33.0,42.33600000000001,45.53611946746706,23.0
-1,-82.22161007694295,16.10869879629626,50.0,52.704,29.517610076942947,19.0
-1,-98.8874673905758,14.037853000000004,43.0,57.02400000000002,41.86346739057578,20.0
-1,-78.89685558488611,12.575067606481484,33.0,43.968,34.92885558488611,22.0
-1,-94.52549501374062,17.372649814814807,52.0,54.43200000000003,40.09349501374059,21.0
-1,-84.33137272523722,13.580581875000007,45.0,50.88000000000002,33.4513727252372,23.0
-1,-84.70100162230452,13.456794745370376,47.0,57.21600000000002,27.48500162230449,16.0
-1,-96.74491114619774,15.726963620370348,61.0,63.93600000000003,32.80891114619771,20.0
-1,-95.14353576998596,13.953718407407411,52.0,56.44800000000002,38.695535769985945,20.0
-1,-123.0508647029628,15.224924620370372,43.0,58.84800000000003,64.20286470296277,22.0
-1,-91.78710883156224,16.99998552314814,46.0,45.792000000000016,45.99510883156222,21.0
-1,-93.85809856257497,13.264676569444452,39.0,47.42400000000001,46.43409856257495,23.0
-1,-83.60593053211144,20.74313823148143,58.0,60.57600000000002,23.029930532111425,11.0
-1,-86.12322656305531,18.63855646759257,50.0,47.42400000000002,38.69922656305529,18.0
-1,-90.1457247728995,21.27329939814813,52.0,53.664000000000016,36.48172477289948,19.0
-1,-98.29583385357004,16.847844060185157,49.0,55.39200000000002,42.903833853570006,21.0
-1,-79.52562988367352,10.002937939814814,40.0,48.67200000000001,30.853629883673506,21.0
-1,-97.97335897152452,16.343523962962934,55.0,54.52800000000003,43.44535897152451,24.0
-1,-76.54107178434656,12.651967379629628,50.0,54.43200000000002,22.109071784346533,15.0
-1,-115.19539270013254,18.941255925925887,70.0,85.34400000000005,29.8513927001325,13.0
-1,-94.30698239370642,15.162394865740726,52.0,54.43200000000002,39.87498239370639,18.0
-1,-137.80153277012047,19.561663083333297,75.0,98.11200000000004,39.68953277012042,18.0
-1,-105.65812440309968,19.915847953703683,52.0,56.544000000000025,49.11412440309966,18.0
-1,-89.9485865728848,18.11673182870367,52.0,54.04800000000002,35.900586572884784,18.0
-1,-118.23054453836949,15.48726374537035,57.0,78.04800000000004,40.18254453836945,21.0
-1,-77.51546308693673,18.841361453703666,46.0,51.840000000000025,25.675463086936706,14.0
-1,-99.30205529566372,21.144970444444382,64.0,63.55200000000002,35.750055295663714,20.0
-1,-92.78254728824444,14.7332057037037,49.0,56.44800000000002,36.33454728824442,20.0
-1,-89.96024259215275,15.639037291666638,41.0,49.24800000000001,40.71224259215274,21.0
-1,-92.87034511548084,14.615443171296272,47.0,55.10400000000003,37.76634511548082,22.0
-1,-107.04781696357372,18.63624024999997,57.0,61.15200000000002,45.89581696357371,23.0
-1,-92.17513004978112,13.497241134259252,38.0,43.39200000000002,48.78313004978112,24.0
-1,-98.75761670756634,20.44577302777777,52.0,57.98400000000002,40.77361670756632,20.0
-1,-97.45865009318914,15.707919648148131,55.0,60.96000000000002,36.49865009318911,19.0
-1,-92.04899219037512,16.528006842592607,50.0,53.18400000000001,38.86499219037511,20.0
-1,-141.88251278497674,15.3595730185185,52.0,75.55200000000004,66.3305127849767,23.0
-1,-100.14725930966404,18.908834796296254,53.0,61.44000000000002,38.70725930966403,19.0
-1,-125.3584145153437,16.717907921296252,64.0,76.03200000000004,49.32641451534366,23.0
-1,-105.14477304553904,16.343054407407376,49.0,63.93600000000002,41.20877304553903,23.0
-1,-87.38109646586629,13.807380013888883,41.0,50.304000000000016,37.07709646586628,20.0
-1,-113.54922421775882,15.497478310185183,49.0,63.07200000000002,50.4772242177588,19.0
-1,-103.62004767537216,15.388734379629613,49.0,57.31200000000002,46.308047675372144,20.0
-1,-98.65887517763828,15.234867291666676,50.0,57.40800000000002,41.25087517763824,23.0
-1,-116.27579827427572,14.013431157407414,58.0,77.56800000000004,38.70779827427568,19.0
-1,-72.70085594780213,12.56913633333333,42.0,49.82400000000001,22.87685594780212,18.0
-1,-95.29587504136953,12.42300263425926,44.0,53.37600000000001,41.91987504136952,22.0
-1,-114.40346555363806,13.030046249999996,55.0,62.30400000000003,52.09946555363802,25.0
-1,-99.56412796301176,16.755738814814784,51.0,65.85600000000002,33.70812796301175,18.0
-1,-123.97916998062814,18.576321236111067,69.0,75.74400000000004,48.23516998062811,18.0
-1,-83.967462908726,17.344748310185167,55.0,58.08000000000002,25.88746290872599,16.0
-1,-88.99410991807667,14.730412185185177,46.0,52.60800000000001,36.38610991807667,21.0
-1,-112.23193834219208,18.52838982407404,57.0,69.79200000000004,42.43993834219204,21.0
-1,-95.73201975354212,19.46149442129627,50.0,55.488000000000014,40.244019753542105,17.0
-1,-78.77245869559006,16.18809661111113,42.0,38.88000000000002,39.89245869559005,21.0
-1,-95.26273377601098,11.361949180555564,47.0,62.78400000000003,32.47873377601094,20.0
-1,-108.23164260689232,17.781675898148112,54.0,62.88000000000003,45.35164260689229,20.0
-1,-93.03960444909798,11.98627539351851,54.0,65.37600000000003,27.66360444909795,17.0
-1,-86.2075351390288,15.53848854166668,43.0,51.07200000000002,35.13553513902879,18.0
-1,-125.38169491003086,16.32799000462962,62.0,71.32800000000005,54.05369491003081,21.0
-1,-98.53129004287344,15.980459050925932,53.0,54.43200000000001,44.09929004287344,19.0
-1,-98.6854842034023,14.600558796296308,40.0,49.53600000000002,49.14948420340227,20.0
-1,-90.76389727759302,14.53436182407406,46.0,54.33600000000001,36.42789727759301,20.0
-1,-78.10527336911795,12.756451101851855,44.0,49.44000000000002,28.665273369117934,18.0
-1,-88.3334058186513,23.335182310185115,57.0,58.84800000000003,29.48540581865128,19.0
-1,-73.16387454780812,14.387120634259256,38.0,45.024000000000015,28.1398745478081,18.0
-1,-115.17206304122558,17.340996185185166,57.0,69.79200000000003,45.38006304122556,22.0
-1,-80.7226372574882,11.162640810185213,31.0,36.76800000000001,43.95463725748819,23.0
-1,-109.96197051217122,18.8696458518518,54.0,65.56800000000003,44.3939705121712,20.0
-1,-98.07675445041596,13.33318174537039,47.0,49.82400000000002,48.25275445041593,25.0
-1,-98.6460439733558,12.76701688888888,54.0,55.58400000000002,43.06204397335577,26.0
-1,-98.3740123636032,19.018703546296276,47.0,55.58400000000002,42.7900123636032,22.0
-1,-107.8228142826028,16.430713763888875,45.0,53.37600000000002,54.44681428260279,22.0
-1,-88.1375524298534,13.486502745370355,48.0,58.27200000000001,29.865552429853384,19.0
-1,-95.89819011867718,18.504119583333303,46.0,51.07200000000002,44.826190118677154,18.0
-1,-92.48581459059632,19.035393060185164,53.0,51.55200000000003,40.93381459059631,19.0
-1,-99.24334107928576,15.222969254629616,54.0,64.89600000000003,34.34734107928574,17.0
-1,-81.55209616750442,13.628476879629622,45.0,58.46400000000003,23.088096167504396,13.0
-1,-101.60746196445932,13.076221504629626,45.0,56.64000000000003,44.9674619644593,26.0
-1,-141.28837657337283,15.954038708333314,68.0,88.60800000000005,52.68037657337278,24.0
-1,-129.27472248901017,18.6554428055555,67.0,82.65600000000005,46.61872248901013,22.0
-1,-103.347666417607,11.70516689351854,41.0,45.40800000000001,57.93966641760699,25.0
-1,-99.19710729116076,16.981144504629615,47.0,54.240000000000016,44.95710729116075,21.0
-1,-109.30378042132396,16.395252222222204,50.0,61.34400000000003,47.95978042132392,23.0
-1,-92.98016771510152,15.973988925925914,51.0,60.09600000000003,32.88416771510148,17.0
-1,-93.36947928471832,15.905949060185174,45.0,59.712000000000025,33.65747928471829,21.0
-1,-89.31550716016127,14.793479319444463,58.0,65.08800000000002,24.22750716016125,15.0
-1,-83.56976376251797,12.40182216666667,36.0,42.81600000000002,40.75376376251795,16.0
-1,-105.91752659631786,13.292497111111128,44.0,56.736000000000026,49.18152659631784,22.0
-1,-88.17454777383611,13.835941152777762,42.0,52.22400000000002,35.950547773836085,21.0
-1,-100.3342980046061,16.94917144444442,63.0,60.09600000000002,40.23829800460608,20.0
-1,-112.40750090683872,19.4727419675925,55.0,59.904000000000025,52.5035009068387,21.0
-1,-92.44472920478336,20.92141254166661,49.0,48.480000000000025,43.96472920478335,18.0
-1,-99.19773451284128,16.528683231481455,40.0,50.11200000000001,49.08573451284127,24.0
-1,-93.07328877643556,24.911117236111057,48.0,49.05600000000001,44.01728877643556,14.0
-1,-83.17882364924597,14.482218055555531,43.0,51.07200000000003,32.106823649245946,17.0
-1,-80.68572364442849,12.265572092592576,40.0,50.016000000000005,30.66972364442849,20.0
-1,-101.2450877503642,14.148689435185185,54.0,59.13600000000003,42.109087750364175,23.0
-1,-96.256355387226,15.888096291666672,57.0,57.98400000000002,38.27235538722599,17.0
-1,-93.85264889403376,16.966555171296303,47.0,62.01600000000002,31.836648894033736,16.0
-1,-90.98250661898877,15.78954172222222,54.0,56.544000000000025,34.43850661898875,19.0
-1,-90.28059913763236,18.960012171296245,56.0,61.53600000000003,28.74459913763233,16.0
-1,-116.87592638801787,17.587328666666586,59.0,77.08800000000002,39.787926388017866,22.0
-1,-89.36080604968448,15.691411652777758,45.0,56.73600000000002,32.624806049684466,21.0
-1,-101.55085558825238,18.14468471296296,61.0,62.01600000000002,39.53485558825236,20.0
-1,-81.73590788713217,15.989179518518515,54.0,56.44800000000002,25.28790788713215,16.0
-1,-107.43703099635604,16.670593986111093,52.0,58.17600000000002,49.261030996356006,24.0
-1,-88.1451310258357,18.446882245370315,48.0,53.95200000000001,34.19313102583569,15.0
-1,-103.12961764726444,19.919292310185128,51.0,56.16000000000003,46.9696176472644,23.0
-1,-103.51720777794708,14.465097013888917,52.0,55.39200000000002,48.12520777794706,25.0
-1,-71.62514741328846,16.23598091666667,39.0,43.872000000000014,27.753147413288453,16.0
-1,-108.2418775876823,21.104463379629536,56.0,66.14400000000003,42.09787758768226,20.0
-1,-102.06699448036562,18.86059765277773,52.0,61.24800000000002,40.8189944803656,23.0
-1,-107.7560249445845,18.29722536574065,48.0,58.17600000000003,49.58002494458447,22.0
-1,-69.88523960718169,10.762126731481487,53.0,44.064000000000014,25.821239607181678,17.0
-1,-143.69474611220815,21.913906634259195,77.0,94.46400000000006,49.230746112208095,19.0
-1,-97.17890595482596,15.807284402777752,43.0,56.25600000000003,40.92290595482592,19.0
-1,-106.04222412941364,17.803351680555526,53.0,63.74400000000003,42.29822412941359,20.0
-1,-104.13994878898794,16.832578092592573,59.0,69.21600000000002,34.92394878898791,17.0
-1,-93.4090056526612,16.20655503703703,51.0,61.24800000000002,32.161005652661174,17.0
-1,-80.38296314602013,19.60356281018518,52.0,48.960000000000015,31.42296314602012,17.0
-1,-91.19564953297775,11.69443812037038,47.0,58.27200000000003,32.923649532977734,20.0
-1,-134.47258284217088,15.621731990740711,67.0,83.23200000000004,51.240582842170845,22.0
-1,-118.8461784957552,16.63370271296294,54.0,65.85600000000002,52.99017849575519,23.0
-1,-95.02744851228944,20.65434008333333,62.0,74.20800000000003,20.819448512289423,14.0
-1,-80.20225304409905,13.293349481481474,48.0,55.10400000000001,25.09825304409905,15.0
-1,-111.37241793448791,21.723534555555503,58.0,58.36800000000002,53.0044179344879,20.0
-1,-97.5443195472515,15.034149421296274,61.0,62.49600000000003,35.048319547251474,21.0
-1,-83.36810518818956,15.99608025462962,49.0,55.39200000000002,27.976105188189543,17.0
-1,-94.40719178418848,14.28100516666667,47.0,61.63200000000002,32.775191784188465,19.0
-1,-94.64338301183072,14.450918374999995,53.0,62.20800000000002,32.43538301183068,20.0
-1,-84.07597829454812,17.494778064814806,41.0,50.68800000000002,33.3879782945481,16.0
-1,-121.71962149227406,16.74495088425924,68.0,69.02400000000003,52.69562149227403,24.0
-1,-67.65035824195027,12.532170879629618,38.0,42.24000000000001,25.410358241950263,17.0
-1,-107.9589874860145,20.855082444444395,51.0,57.02400000000003,50.934987486014464,20.0
-1,-84.60713154000169,13.86232195833332,54.0,51.07200000000001,33.53513154000167,20.0
-1,-88.98788408294439,20.30759025462957,50.0,56.44800000000002,32.53988408294437,18.0
-1,-124.59187951870666,18.72703151851848,63.0,68.83200000000004,55.75987951870663,21.0
-1,-93.89148405123876,19.8265346574074,53.0,54.14400000000002,39.74748405123874,18.0
-1,-92.03477381232209,15.195569740740748,45.0,54.04800000000002,37.98677381232205,21.0
-1,-69.13114547533709,9.89459034722222,41.0,49.44000000000001,19.691145475337077,15.0
-1,-113.35339447963185,21.47071427314811,81.0,88.60800000000005,24.74539447963179,13.0
-1,-115.4476929037694,17.905382296296274,54.0,60.19200000000003,55.25569290376937,21.0
-1,-92.64550004295764,18.725857185185177,55.0,58.84800000000003,33.79750004295762,17.0
-1,-126.06601394217974,16.70108708333328,62.0,72.86400000000003,53.2020139421797,23.0
-1,-85.0499299459489,15.277157527777751,50.0,61.824000000000005,23.2259299459489,14.0
-1,-90.326423908215,15.852715472222227,55.0,57.79200000000002,32.53442390821497,18.0
-1,-95.10453870761197,13.874466495370369,48.0,59.52000000000002,35.584538707611934,19.0
-1,-84.40817536533841,14.412583467592576,52.0,58.17600000000002,26.232175365338385,16.0
-1,-114.46566304394612,16.99650394907403,46.0,60.19200000000003,54.27366304394609,20.0
-1,-78.20046348905805,15.754985291666676,42.0,45.31200000000001,32.88846348905804,18.0
-1,-94.76773979528792,17.65762457407407,57.0,60.28800000000002,34.4797397952879,17.0
-1,-78.11799803129045,9.545154805555567,47.0,47.90400000000002,30.21399803129044,16.0
-1,-100.63928952178335,16.278816078703695,40.0,55.58400000000002,45.05528952178333,18.0
-1,-128.79084814740466,18.668348995370344,61.0,74.78400000000003,54.00684814740463,21.0
-1,-101.5023634499144,16.9990603333333,49.0,60.57600000000003,40.92636344991438,23.0
-1,-103.96110164016002,20.646251874999937,66.0,79.39200000000002,24.569101640160003,14.0
-1,-82.9822093211498,11.523609027777775,37.0,49.82400000000001,33.15820932114978,18.0
-1,-90.8544917556066,14.149880134259254,59.0,59.42400000000002,31.430491755606575,20.0
-1,-94.92954351000316,14.379300782407398,44.0,57.216000000000015,37.71354351000314,20.0
-1,-100.85045508548808,16.95266318518514,47.0,50.59200000000002,50.25845508548807,23.0
-1,-104.01061278286778,12.083504870370373,44.0,52.80000000000002,51.21061278286777,25.0
-1,-88.0020189217608,15.216762509259253,52.0,57.504000000000026,30.49801892176076,15.0
-1,-82.26947304004702,17.31100389814815,47.0,54.91200000000002,27.357473040047005,18.0
-1,-99.91657226210064,18.290636236111084,51.0,57.79200000000002,42.1245722621006,18.0
-1,-97.99025748396002,17.409796194444418,56.0,56.83200000000003,41.15825748395999,18.0
-1,-132.87766810146098,16.859727041666655,58.0,69.88800000000003,62.989668101460936,23.0
-1,-89.59313349786581,17.10471993055555,44.0,54.33600000000003,35.25713349786579,20.0
-1,-99.39699304665706,15.71571970833333,58.0,65.18400000000003,34.212993046657026,21.0
-1,-107.9489585799292,20.868460124999984,56.0,66.24000000000002,41.70895857992917,18.0
-1,-93.38752378766276,19.614057847222156,60.0,70.08000000000003,23.307523787662745,14.0
-1,-98.49597922546548,13.391375587962951,36.0,48.09600000000002,50.399979225465465,21.0
-1,-98.20885102121947,15.808598754629593,46.0,61.056000000000026,37.15285102121945,21.0
-1,-93.66299821674036,16.89487543518518,47.0,63.07200000000002,30.59099821674034,16.0
-1,-95.6792890955072,17.099584495370365,56.0,61.82400000000002,33.85528909550717,21.0
-1,-88.34395173345371,12.580608333333316,51.0,52.416000000000025,35.92795173345368,22.0
-1,-84.22822025655131,17.144842138888894,61.0,61.15200000000002,23.07622025655129,16.0
-1,-143.24372477594022,20.686784902777696,72.0,103.48800000000006,39.755724775940166,20.0
-1,-91.62387389610588,12.974063097222215,41.0,50.11200000000001,41.51187389610589,24.0
-1,-85.88717396617396,18.846420564814817,48.0,48.48000000000002,37.40717396617394,18.0
-1,-71.97759862980752,12.212779587962942,41.0,48.19200000000002,23.78559862980749,18.0
-1,-87.5603960643657,18.275551814814808,51.0,52.32000000000002,35.24039606436568,19.0
-1,-99.1155526596511,16.91522031481482,45.0,58.56000000000002,40.55555265965108,19.0
-1,-104.75345108321368,16.99141176851851,41.0,55.58400000000002,49.16945108321368,18.0
-1,-89.49921764248543,14.315702106481478,48.0,60.288000000000025,29.21121764248541,17.0
-1,-129.9902072127452,15.052905277777755,66.0,76.51200000000004,53.47820721274515,23.0
-1,-104.9784865845884,15.09079879166666,46.0,52.896000000000015,52.08248658458838,22.0
-1,-98.13379036292132,15.946019898148132,44.0,56.44800000000003,41.6857903629213,21.0
-1,-91.13033540840073,21.12264413888886,57.0,60.48000000000003,30.65033540840069,15.0
-1,-112.00779335123404,21.900451157407375,60.0,73.63200000000003,38.375793351234,16.0
-1,-96.1205005668876,18.008754518518497,48.0,54.432000000000016,41.688500566887576,17.0
-1,-105.61898394095944,16.42846255092592,58.0,61.92000000000004,43.69898394095941,22.0
-1,-100.12037092495072,21.501075680555488,65.0,66.62400000000004,33.496370924950675,14.0
-1,-116.55941160403194,13.91332857870368,51.0,66.91200000000003,49.64741160403191,26.0
-1,-83.90931724130364,18.56553419444441,46.0,48.86400000000001,35.04531724130363,16.0
-1,-89.46323250080785,14.496698199074077,47.0,52.032000000000025,37.43123250080782,22.0
-1,-98.62362034906434,9.9959775185185,38.0,56.64000000000002,41.98362034906432,21.0
-1,-66.99411680322041,15.744467861111088,45.0,40.70400000000002,26.29011680322039,17.0
-1,-112.82545652863864,16.856187773148136,51.0,64.80000000000004,48.025456528638585,20.0
-1,-95.24131447069186,14.932967078703683,49.0,54.43200000000002,40.80931447069183,20.0
-1,-101.47702313067018,14.967627486111112,42.0,53.95200000000002,47.52502313067015,22.0
-1,-100.20080233776646,17.73114623148143,60.0,67.39200000000002,32.80880233776644,19.0
-1,-86.32113569005702,16.88075802777776,45.0,49.440000000000005,36.881135690057015,19.0
-1,-109.17475888130488,18.89599453240737,56.0,62.88000000000002,46.29475888130485,21.0
-1,-117.68335980443078,18.11667603703698,44.0,55.48800000000003,62.19535980443075,23.0
-1,-94.7370371841668,18.31887821759256,45.0,50.97600000000003,43.76103718416677,20.0
-1,-90.02108807626351,16.13214421296294,47.0,53.376000000000026,36.64508807626349,20.0
-1,-96.92703356894144,23.275237087962903,56.0,62.11200000000003,34.81503356894143,19.0
-1,-89.79452731689625,14.359099597222205,45.0,54.52800000000002,35.26652731689623,21.0
-1,-90.04116422865968,13.779671513888871,38.0,44.83200000000001,45.20916422865968,21.0
-1,-101.48841139851233,17.862632231481435,63.0,74.49600000000004,26.992411398512267,18.0
-1,-85.1174846719654,17.19884166203703,53.0,50.112,35.005484671965405,18.0
-1,-82.88005760764234,11.601848379629624,40.0,52.608000000000025,30.272057607642317,19.0
-1,-115.74786163182296,17.785440212962914,59.0,62.97600000000004,52.77186163182293,25.0
-1,-101.2606301474944,16.98854163425923,56.0,59.04000000000004,42.220630147494354,24.0
-1,-101.49290187663397,19.81705575462961,57.0,64.03200000000004,37.46090187663393,16.0
-1,-90.76484733854286,14.44629816203702,44.0,61.34400000000003,29.42084733854283,16.0
-1,-129.902874834219,18.93853902777768,61.0,73.63200000000003,56.270874834218965,25.0
-1,-99.50163176645032,18.01948953240738,57.0,60.96000000000003,38.5416317664503,20.0
-1,-97.20854208447513,16.50566187499998,46.0,59.71200000000003,37.496542084475095,21.0
-1,-94.60118389767416,22.478908884259184,60.0,66.91200000000003,27.689183897674116,16.0
-1,-105.4995371466948,14.795675319444433,57.0,65.76000000000002,39.73953714669477,21.0
-1,-80.13197629831464,18.93591668981479,49.0,46.94400000000002,33.18797629831463,17.0
-1,-98.35187831774746,23.445030134259195,53.0,64.32000000000002,34.03187831774744,16.0
-1,-99.90055860948638,15.67664953240739,44.0,54.240000000000016,45.66055860948637,22.0
-1,-90.74511005485672,19.66276892592589,54.0,61.92000000000002,28.82511005485669,17.0
-1,-79.888886113302,12.555570893518516,47.0,55.77600000000002,24.112886113301972,13.0
-1,-84.42873129897194,14.833128504629638,48.0,47.23200000000001,37.19673129897193,22.0
-1,-84.35566708658854,17.73987701388888,55.0,56.06400000000002,28.29166708658852,15.0
-1,-89.42836622815159,23.01545206944443,57.0,54.432000000000016,34.99636622815157,19.0
-1,-102.51292009926746,16.895568083333337,51.0,69.79200000000003,32.720920099267424,19.0
-1,-81.30189569429308,14.18918243518518,43.0,52.60800000000002,28.693895694293055,16.0
-1,-96.24102896626096,16.335020361111106,44.0,56.544000000000025,39.69702896626094,20.0
-1,-91.1171057290882,16.06354668518516,44.0,53.376000000000026,37.741105729088176,20.0
-1,-120.0869288237707,18.97969422222215,60.0,68.54400000000003,51.54292882377069,23.0
-1,-81.09706330748594,13.909622967592586,50.0,51.93600000000002,29.161063307485925,18.0
-1,-107.01037265328166,12.691251851851844,60.0,59.80800000000003,47.20237265328164,25.0
-1,-110.69133403795225,17.250145902777735,44.0,52.224000000000025,58.467334037952206,23.0
-1,-91.89128019804284,12.946429944444452,48.0,56.54400000000003,35.3472801980428,20.0
-1,-97.38685986460182,14.288236050925915,51.0,58.08000000000003,39.30685986460179,23.0
-1,-91.41289200925767,14.686313643518524,53.0,58.46400000000003,32.94889200925766,20.0
-1,-96.70602105344162,19.1468377916666,61.0,59.23200000000002,37.47402105344159,21.0
-1,-81.31156216025676,15.127589861111115,42.0,50.68800000000002,30.62356216025674,16.0
-1,-101.72538410208936,20.43661440740737,48.0,53.280000000000015,48.44538410208934,18.0
-1,-91.1362435411528,19.590626018518435,55.0,65.08800000000001,26.04824354115279,17.0
-1,-110.28903142818282,17.92829602777777,60.0,65.76000000000003,44.5290314281828,22.0
-1,-91.40274874618896,15.326645824074063,42.0,43.29600000000002,48.10674874618894,23.0
-1,-111.29633948352485,14.477221564814789,44.0,55.58400000000002,55.71233948352481,25.0
-1,-89.77073760252202,16.669272175925897,48.0,50.20800000000002,39.562737602522006,21.0
-1,-97.92866564725468,20.75382979629625,64.0,67.68000000000002,30.24866564725465,15.0
-1,-104.3503756207938,16.41978035648144,52.0,63.16800000000002,41.182375620793785,19.0
-1,-114.7051687656072,14.977348907407404,59.0,67.77600000000004,46.92916876560717,21.0
-1,-102.34386454522168,16.298391300925907,48.0,55.68000000000002,46.663864545221664,23.0
-1,-89.20072082409854,19.612714287037,51.0,53.280000000000015,35.92072082409852,17.0
-1,-87.15839840878162,17.842357629629582,46.0,53.08800000000002,34.0703984087816,20.0
-1,-90.10131267164354,14.796866060185184,39.0,46.176000000000016,43.92531267164352,20.0
-1,-93.50088757272296,18.846960078703667,54.0,61.056000000000026,32.444887572722955,15.0
-1,-99.63252691796814,17.166467731481468,59.0,68.06400000000002,31.56852691796812,15.0
-1,-109.3986132026721,22.84214155555549,64.0,72.86400000000002,36.53461320267208,18.0
-1,-93.64586560057276,12.735147967592576,47.0,54.43200000000002,39.21386560057272,22.0
-1,-90.43634902899709,20.860392717592536,58.0,61.34400000000003,29.09234902899704,15.0
-1,-87.3220167248987,14.690945842592589,41.0,48.48000000000002,38.84201672489869,21.0
-1,-104.86801596482309,14.86795818055553,61.0,70.17600000000003,34.69201596482304,20.0
-1,-90.9725745185756,15.00625756481478,49.0,61.53600000000003,29.43657451857558,17.0
-1,-97.12251526694244,17.803875787036997,53.0,54.62400000000002,42.49851526694241,21.0
-1,-118.4745126282871,19.7290670833333,56.0,72.38400000000003,46.09051262828707,19.0
-1,-133.04049084231244,19.75410164351841,66.0,80.35200000000003,52.6884908423124,23.0
-1,-93.91613725442896,13.146015800925923,56.0,62.30400000000002,31.61213725442895,19.0
-1,-94.80259473165547,19.053081884259235,45.0,56.25600000000002,38.54659473165547,17.0
-1,-92.35639728152984,14.743712694444444,46.0,55.96800000000001,36.38839728152983,22.0
-1,-98.93580276719727,18.85723173148145,47.0,57.88800000000002,41.04780276719726,21.0
-1,-79.696550604981,13.528074467592605,54.0,59.04000000000001,20.65655060498099,14.0
-1,-133.88541536228675,17.72502962962958,76.0,82.75200000000004,51.13341536228672,23.0
-1,-82.26520287913624,17.564432412037004,39.0,48.48000000000001,33.78520287913623,19.0
-1,-120.42688601408292,21.648219138888848,69.0,75.26400000000002,45.1628860140829,20.0
-1,-97.5744203849987,14.45038369907406,45.0,58.176000000000016,39.39842038499869,21.0
-1,-105.88624069304336,14.69919774537035,50.0,55.00800000000002,50.87824069304333,23.0
-1,-80.84416984709739,20.51710109259257,44.0,48.86400000000001,31.980169847097383,16.0
-1,-75.4643587826472,14.943737981481476,44.0,49.53600000000002,25.928358782647173,17.0
-1,-95.63054316429262,15.359233611111105,43.0,44.832000000000015,50.7985431642926,21.0
-1,-101.76205593286836,19.13527651388885,60.0,68.92800000000003,32.83405593286834,18.0
-1,-96.79262270768874,17.960488231481463,53.0,52.70400000000002,44.08862270768871,20.0
-1,-103.7020049918442,15.740014124999991,50.0,62.40000000000003,41.30200499184416,19.0
-1,-102.06574172529082,17.026578606481447,60.0,66.52800000000003,35.53774172529078,22.0
-1,-88.68071350785496,17.23356354166666,51.0,55.48800000000003,33.192713507854926,18.0
-1,-88.92513304703263,16.27924331481478,49.0,63.36000000000003,25.565133047032607,16.0
-1,-76.9986430692132,13.580657527777763,41.0,56.640000000000015,20.35864306921319,13.0
-1,-80.58723439035549,16.44998738425926,51.0,51.45600000000002,29.13123439035548,17.0
-1,-75.6563093596447,14.107422629629609,48.0,53.18400000000002,22.47230935964468,15.0
-1,-104.19766781933215,14.222428361111092,55.0,65.76000000000003,38.43766781933213,21.0
-1,-81.91923981440334,16.004785569444433,49.0,54.33600000000002,27.583239814403324,17.0
-1,-81.25972930510204,12.965431527777774,43.0,48.48000000000001,32.77972930510204,21.0
-1,-107.49922678150054,14.35865972222222,53.0,57.21600000000003,50.28322678150052,20.0
-1,-116.60535668998,15.85223691666666,60.0,77.18400000000003,39.42135668997997,20.0
-1,-96.586081447322,12.188418430555538,44.0,60.48000000000002,36.10608144732196,22.0
-1,-104.37265782611084,18.07359070833329,58.0,68.44800000000004,35.9246578261108,19.0
-1,-115.27627871781712,17.430786814814812,50.0,56.73600000000002,58.54027871781711,22.0
-1,-85.29231220096663,14.623755949074056,49.0,56.83200000000003,28.46031220096661,20.0
-1,-78.38156471161994,16.28166464814812,45.0,48.000000000000014,30.381564711619923,19.0
-1,-100.5459886495438,19.087038337962927,51.0,56.25600000000002,44.28998864954377,22.0
-1,-110.775574234342,18.14073304166663,48.0,56.16000000000002,54.61557423434197,23.0
-1,-105.47598681317275,14.963961884259264,57.0,73.92000000000003,31.55598681317273,14.0
-1,-73.99192841733262,16.625662625,44.0,41.08800000000001,32.9039284173326,19.0
-1,-96.08775527031418,16.277654296296284,54.0,53.85600000000002,42.23175527031415,23.0
-1,-140.4842598071732,18.2622111342592,63.0,91.29600000000003,49.18825980717317,20.0
-1,-100.94151971220734,21.272196722222176,60.0,51.07200000000003,49.8695197122073,22.0
-1,-81.20258014925157,14.183614018518517,38.0,49.536000000000016,31.66658014925156,19.0
-1,-89.90349730528618,16.512205615740715,51.0,57.792000000000016,32.11149730528617,17.0
-1,-116.21950190106476,16.058005671296257,55.0,65.28000000000002,50.93950190106473,23.0
-1,-95.41552595243876,16.02479271296294,43.0,53.760000000000026,41.65552595243874,21.0
-1,-115.25708881425244,14.68284294907406,42.0,48.48000000000002,66.77708881425241,24.0
-1,-101.75782786582724,16.020726296296285,47.0,54.048000000000016,47.70982786582724,22.0
-1,-101.25204427698289,16.10152746296295,49.0,60.288000000000025,40.96404427698285,20.0
-1,-100.45749356402996,16.54427212500002,51.0,63.360000000000014,37.097493564029946,16.0
-1,-84.00408210900554,11.000053833333338,38.0,46.36800000000001,37.636082109005535,22.0
-1,-117.37689630004,20.093647703703677,59.0,66.43200000000003,50.94489630003995,20.0
-1,-99.71444359455518,13.619768046296272,53.0,63.64800000000002,36.06644359455517,21.0
-1,-93.94973236669374,18.538579319444395,51.0,56.928000000000026,37.02173236669371,18.0
-1,-92.285803936514,13.68893526851852,53.0,66.62400000000004,25.661803936513977,17.0
-1,-108.19758622570964,15.20000523148146,60.0,70.56000000000003,37.637586225709605,20.0
-1,-80.88381668720794,15.380094731481462,47.0,54.04800000000001,26.83581668720793,17.0
-1,-109.7718900544157,17.340436060185155,54.0,65.85600000000004,43.91589005441568,19.0
-1,-76.05674471165949,17.29944353703703,44.0,47.616000000000014,28.440744711659477,20.0
-1,-71.96863970284627,9.910086495370368,45.0,45.60000000000002,26.36863970284625,19.0
-1,-98.13531841914326,16.145377768518493,40.0,49.82400000000002,48.31131841914325,22.0
-1,-132.70550327575302,19.86512820370362,53.0,60.48000000000003,72.22550327575297,22.0
-1,-108.04010005901952,16.758585638888885,52.0,59.80800000000003,48.23210005901949,23.0
-1,-86.26858005296701,20.7212217083333,51.0,56.44800000000003,29.82058005296698,17.0
-1,-119.90200322549674,14.09699883333331,48.0,61.632000000000026,58.27000322549672,25.0
-1,-97.64549981877964,14.707550865740725,40.0,52.32000000000002,45.32549981877964,24.0
-1,-112.38397618071352,17.420765990740698,49.0,60.57600000000002,51.80797618071351,21.0
-1,-164.8524438854614,19.77320754166659,81.0,116.92800000000008,47.92444388546136,22.0
-1,-107.64688811816076,15.409894124999973,51.0,60.67200000000003,46.97488811816075,22.0
-1,-87.04899418543317,14.054118296296291,42.0,51.552000000000014,35.49699418543316,19.0
-1,-98.2177307437849,16.140175310185157,58.0,60.480000000000025,37.73773074378488,21.0
-1,-93.74408420076236,17.017584509259244,49.0,67.48800000000003,26.25608420076235,15.0
-1,-99.01457874790172,17.164723287036974,45.0,56.25600000000002,42.75857874790168,23.0
-1,-70.04972928008779,18.12093748148145,43.0,44.160000000000025,25.889729280087764,16.0
-1,-91.46084614477748,17.36100314351848,48.0,60.288000000000025,31.172846144777477,19.0
-1,-91.41459859816452,15.37897323148147,43.0,53.56800000000002,37.8465985981645,22.0
-1,-103.13960013320536,18.28451822222217,52.0,60.19200000000002,42.94760013320533,22.0
-1,-91.15709623434756,13.288855699074071,50.0,64.32000000000002,26.83709623434755,16.0
-1,-95.45767632651147,17.094574981481454,39.0,49.15200000000002,46.30567632651146,20.0
-1,-94.12713526614326,14.694928180555566,38.0,50.496000000000016,43.63113526614323,21.0
-1,-69.89755228819975,14.026477097222212,45.0,42.62400000000002,27.273552288199728,15.0
-1,-94.73655167804029,17.811135245370345,54.0,61.72800000000003,33.00855167804024,18.0
-1,-136.90408866686732,15.800464773148118,55.0,64.32000000000004,72.58408866686729,27.0
-1,-90.61320266933028,15.47776398611109,42.0,54.04800000000002,36.56520266933027,20.0
-1,-103.39796285020306,21.597438421296253,62.0,60.57600000000004,42.821962850203015,19.0
-1,-83.85637178244522,19.97467446759255,58.0,60.76800000000003,23.088371782445197,12.0
-1,-101.03523968975924,12.745726314814812,48.0,64.22400000000003,36.81123968975922,21.0
-1,-95.25715321574457,14.794005574074069,40.0,49.05600000000001,46.20115321574454,22.0
-1,-95.20198878575674,14.749618277777776,51.0,66.14400000000002,29.05798878575672,16.0
-1,-97.50348591507952,22.026883249999983,50.0,49.152000000000015,48.35148591507951,17.0
-1,-80.04756045489215,14.47944870370368,43.0,51.74400000000001,28.303560454892143,18.0
-1,-85.60506237735459,19.25761679629625,45.0,56.92800000000001,28.677062377354574,18.0
-1,-111.3441750560032,15.634075958333298,56.0,60.57600000000003,50.768175056003166,23.0
-1,-81.27159590194037,12.652656523148142,38.0,49.24800000000002,32.02359590194035,19.0
-1,-95.19547632040636,19.622096541666643,53.0,59.42400000000002,35.77147632040633,18.0
-1,-79.49739111820294,14.237379888888889,36.0,47.424000000000014,32.07339111820293,20.0
-1,-103.34492774571194,18.65529937499995,42.0,50.97600000000002,52.36892774571192,22.0
-1,-70.92007988125124,11.122211800925935,38.0,37.82400000000001,33.09607988125122,22.0
-1,-91.55131763258272,19.207916768518498,47.0,62.30400000000002,29.2473176325827,14.0
-1,-116.81867211099797,17.692830620370295,59.0,73.53600000000004,43.28267211099793,19.0
-1,-93.86821596892324,13.807005254629612,50.0,62.01600000000003,31.85221596892321,18.0
-1,-98.16838105995905,16.390428439814794,51.0,60.096000000000025,38.07238105995902,21.0
-1,-86.76170097610319,15.961879370370372,52.0,59.04000000000002,27.72170097610317,16.0
-1,-94.27999036770396,16.52754913888888,47.0,43.488000000000014,50.79199036770395,22.0
-1,-98.68011478917332,12.061529518518542,46.0,54.72000000000002,43.9601147891733,22.0
-1,-88.95830907062474,17.742817796296283,56.0,64.22400000000002,24.73430907062472,16.0
-1,-91.44154522938096,14.926983782407408,47.0,47.712000000000025,43.72954522938093,24.0
-1,-88.3856643500245,16.28358859722219,49.0,57.504000000000026,30.88166435002448,18.0
-1,-95.98536289459712,24.10624277777776,61.0,62.78400000000003,33.201362894597096,19.0
-1,-95.74182364079223,13.393742550925952,45.0,49.72800000000002,46.01382364079222,24.0
-1,-100.762459109947,12.926328791666672,44.0,62.78400000000003,37.978459109946975,20.0
-1,-101.7959100518463,16.893101115740738,62.0,65.47200000000002,36.32391005184628,20.0
-1,-86.1944424515905,13.372834402777768,41.0,43.392,42.80244245159051,21.0
-1,-79.76062636318464,8.896137828703734,39.0,50.68800000000002,29.07262636318463,16.0
-1,-87.52736728255346,14.60642492129629,44.0,50.496000000000016,37.03136728255345,19.0
-1,-90.66632028312904,11.15565072222222,49.0,64.32000000000002,26.346320283129018,13.0
-1,-123.88199686228216,18.70859210648144,62.0,80.83200000000005,43.04999686228212,18.0
-1,-92.1895390169354,11.378318416666676,31.0,44.16,48.0295390169354,20.0
-1,-102.7548558514069,15.341056273148135,42.0,54.91200000000002,47.84285585140688,24.0
-1,-98.61251424808768,16.28444904166666,45.0,57.696000000000026,40.91651424808765,19.0
-1,-103.23460137537722,16.56859464814814,52.0,61.53600000000003,41.6986013753772,20.0
-1,-77.9376063963015,17.80585650462961,44.0,43.77600000000002,34.161606396301494,19.0
-1,-119.24572052599676,16.14430498611109,62.0,68.44800000000004,50.797720525996745,21.0
-1,-89.5165036810426,15.06787544907407,45.0,53.760000000000026,35.756503681042574,17.0
-1,-77.02290070930842,14.715906717592594,42.0,45.50400000000002,31.5189007093084,20.0
-1,-72.94960170257004,12.009179449074082,34.0,40.99200000000001,31.957601702570027,20.0
-1,-80.82142478544182,20.23348380092592,50.0,46.368000000000016,34.453424785441804,18.0
-1,-209.90442870506547,16.626691217592548,84.0,138.8160000000001,71.08842870506538,25.0
-1,-79.7984350612707,14.319308476851848,41.0,45.79200000000001,34.006435061270686,21.0
-1,-84.28231898733944,21.899939152777748,43.0,41.28000000000001,43.00231898733942,16.0
-1,-95.64030335160088,15.529933935185197,41.0,50.112000000000016,45.52830335160088,22.0
-1,-101.19276608269556,13.599893763888865,42.0,55.39200000000002,45.800766082695525,21.0
-1,-96.43704391605868,17.509000944444423,53.0,62.59200000000003,33.84504391605864,20.0
-1,-99.61341635251544,19.07792869907401,49.0,56.736000000000026,42.87741635251541,19.0
-1,-89.97878423141916,16.70837027777778,37.0,42.048000000000016,47.93078423141914,21.0
-1,-81.72925430193581,11.12715743981482,38.0,45.696000000000005,36.033254301935806,22.0
-1,-95.49340802881912,20.796903578703656,50.0,51.64800000000002,43.8454080288191,18.0
-1,-119.403405994526,16.213009912037005,61.0,70.65600000000003,48.74740599452596,23.0
-1,-63.710619617854846,17.642999087962952,41.0,42.81600000000002,20.894619617854836,13.0
-1,-102.43119596874784,17.75081290740738,58.0,68.16000000000003,34.271195968747804,19.0
-1,-128.02721350601124,15.04486250462961,52.0,66.24000000000004,61.7872135060112,26.0
-1,-81.04578954445009,16.01006164351851,42.0,50.304000000000016,30.74178954445007,18.0
-1,-79.42465068664802,16.040772,47.0,53.76000000000001,25.664650686648017,16.0
-1,-101.48448762316644,12.835030476851852,42.0,60.00000000000002,41.48448762316641,23.0
-1,-113.50027457120402,15.5213569166667,53.0,51.36000000000002,62.140274571204,23.0
-1,-80.0703241128614,14.854229462962977,42.0,48.67200000000001,31.39832411286139,19.0
-1,-113.64634306867148,15.660237754629613,73.0,88.41600000000003,25.23034306867146,16.0
-1,-94.24569244575984,18.66952916666662,52.0,64.60800000000003,29.637692445759804,16.0
-1,-76.92954916264098,9.429829500000004,33.0,49.344000000000015,27.58554916264097,19.0
-1,-91.41287842178215,11.7571545648148,44.0,56.54400000000002,34.86887842178215,20.0
-1,-102.46525665550942,14.095139087962954,43.0,55.872000000000014,46.5932566555094,24.0
-1,-104.7703663454219,18.89601062499995,52.0,62.30400000000002,42.46636634542189,20.0
-1,-114.90492420308954,17.139986995370343,47.0,66.14400000000003,48.76092420308951,21.0
-1,-81.63007991715018,15.364921203703693,49.0,52.032000000000025,29.59807991715016,17.0
-1,-82.18981540075657,17.806426162037038,45.0,49.34400000000002,32.84581540075655,17.0
-1,-100.85929671338394,19.572623648148102,52.0,60.00000000000002,40.85929671338392,22.0
-1,-70.60807744025729,15.58963979166666,38.0,43.872000000000014,26.73607744025728,17.0
-1,-82.41258481264693,13.253857856481485,40.0,43.68000000000001,38.73258481264692,20.0
-1,-85.9854387961976,13.90307850925926,52.0,53.85600000000002,32.12943879619758,14.0
-1,-95.79700097383244,16.819660296296284,43.0,41.37600000000001,54.42100097383244,22.0
-1,-102.23787257185992,18.279539504629604,58.0,59.42400000000004,42.813872571859896,19.0
-1,-89.81145457254478,10.961034203703704,42.0,54.62400000000002,35.18745457254475,20.0
-1,-139.2464550399699,21.58623089351841,58.0,76.70400000000002,62.54245503996989,23.0
-1,-86.91248997137885,13.46572051851853,45.0,51.74400000000001,35.16848997137884,17.0
-1,-80.15135820536798,17.2489197222222,47.0,55.87200000000002,24.279358205367963,15.0
-1,-91.18754039046082,13.30035030555554,44.0,56.06400000000002,35.1235403904608,21.0
-1,-93.81564602298026,14.578724791666662,57.0,63.36000000000003,30.45564602298024,21.0
-1,-100.50096884258112,12.131631814814828,51.0,62.01600000000003,38.484968842581104,20.0
-1,-117.16750423002506,19.491814643518456,51.0,57.40800000000003,59.75950423002502,21.0
-1,-97.36324377078094,15.6774277824074,47.0,54.14400000000003,43.21924377078091,22.0
-1,-82.59222180832138,12.618709375000012,48.0,52.32000000000001,30.27222180832138,18.0
-1,-102.7756060803754,16.794211388888876,48.0,55.87200000000002,46.903606080375376,20.0
-1,-94.99065825475016,14.554679300925915,46.0,61.05600000000002,33.93465825475014,17.0
-1,-90.55590223042998,12.87059498148148,37.0,44.54400000000002,46.01190223042997,22.0
-1,-89.52644453308805,15.56666502777776,46.0,50.78400000000001,38.74244453308804,24.0
-1,-103.61403443438142,14.25523306481482,51.0,61.824000000000034,41.79003443438139,19.0
-1,-99.96152210376088,19.43493051851846,55.0,65.95200000000003,34.00952210376086,19.0
-1,-118.08064741252213,21.86756242129619,61.0,77.28000000000004,40.80064741252208,19.0
-1,-115.62433963075898,14.171511754629606,63.0,82.27200000000005,33.35233963075893,19.0
-1,-94.7342687920287,14.115631587962955,48.0,53.85600000000002,40.87826879202868,19.0
-1,-90.04363056305347,16.98774246296295,47.0,47.90400000000002,42.13963056305345,20.0
-1,-81.86509883973858,16.560514583333322,52.0,54.72000000000002,27.14509883973856,18.0
-1,-86.24107237720682,13.879722763888884,39.0,47.71200000000002,38.5290723772068,18.0
-1,-109.86444971357662,14.056297750000002,48.0,65.37600000000003,44.48844971357659,23.0
-1,-146.29695659150107,17.596730629629565,71.0,101.28000000000006,45.01695659150101,23.0
-1,-83.15300969271348,13.308545333333337,33.0,37.15200000000001,46.00100969271347,22.0
-1,-89.87649760543574,14.725330949074054,58.0,61.53600000000003,28.34049760543571,20.0
-1,-88.89364984871077,12.44512453703704,38.0,43.58400000000002,45.30964984871074,22.0
-1,-86.74130883414293,13.13943071296296,39.0,52.22400000000002,34.51730883414292,20.0
-1,-124.08137217401664,17.072774157407352,64.0,78.14400000000005,45.93737217401659,24.0
-1,-114.2024102340756,15.27596311574074,43.0,55.10400000000003,59.09841023407556,22.0
-1,-100.57713582264248,18.918042689814797,52.0,59.80800000000002,40.76913582264246,20.0
-1,-100.12507578442104,17.125695791666615,49.0,65.76000000000003,34.36507578442099,18.0
-1,-87.10919392852122,20.37306854166665,60.0,62.592000000000034,24.517193928521195,13.0
-1,-95.55904481014404,15.821620032407385,37.0,50.11200000000002,45.44704481014402,20.0
-1,-97.7956962679491,12.81239534722222,50.0,46.08000000000002,51.715696267949085,23.0
-1,-105.348494558763,20.719797013888822,50.0,56.25600000000003,49.09249455876297,21.0
-1,-80.5393243968582,12.000720384259258,43.0,48.86400000000002,31.675324396858198,21.0
-1,-106.5922890778711,18.22607932870367,53.0,57.79200000000003,48.80028907787107,20.0
-1,-97.76566416106591,12.965496356481472,54.0,70.46400000000003,27.301664161065887,17.0
-1,-108.38455390132016,19.042577615740637,64.0,74.11200000000002,34.272553901320144,19.0
-1,-84.78100754811318,14.499452875000005,39.0,50.30400000000002,34.47700754811316,18.0
-1,-114.80062351378764,17.061089462962943,54.0,54.24000000000002,60.56062351378761,22.0
-1,-94.94166939283,16.351395967592563,49.0,58.94400000000002,35.997669392829984,20.0
-1,-88.11385025568534,18.99292581018514,49.0,57.792000000000016,30.32185025568532,17.0
-1,-114.11690025648346,23.355115180555508,50.0,62.592000000000034,51.52490025648343,16.0
-1,-89.371636377425,14.7939630324074,44.0,50.20800000000001,39.16363637742499,19.0
-1,-84.89159213742221,14.783494541666643,46.0,52.22400000000001,32.66759213742219,20.0
-1,-106.37813529348698,16.893890171296274,54.0,64.32000000000004,42.05813529348694,20.0
-1,-101.33722486413782,13.134921648148149,41.0,50.68800000000002,50.6492248641378,20.0
-1,-127.80403480077888,21.3192870694444,54.0,62.400000000000034,65.40403480077883,21.0
-1,-109.68145600447409,20.26647566666659,56.0,65.85600000000004,43.82545600447404,20.0
-1,-96.72955924172167,17.4197615833333,45.0,58.84800000000002,37.88155924172167,18.0
-1,-99.69269568139283,16.153971546296287,47.0,54.91200000000002,44.78069568139283,22.0
-1,-71.30784931143302,15.78879968518517,52.0,51.26400000000002,20.043849311433,16.0
-1,-96.47947721183073,15.214895902777744,42.0,59.32800000000003,37.1514772118307,21.0
-1,-83.14834873169147,14.111387157407414,45.0,49.72800000000002,33.42034873169144,21.0
-1,-102.71154006293683,14.881671421296272,47.0,60.38400000000003,42.32754006293682,20.0
-1,-112.23921356226408,16.938170291666655,60.0,60.67200000000003,51.56721356226405,22.0
-1,-97.59033933070876,15.280096486111097,48.0,54.048000000000016,43.54233933070874,22.0
-1,-123.75875588031155,19.10273493518514,57.0,70.94400000000003,52.81475588031153,18.0
-1,-83.62532108819995,16.543629537037,50.0,63.840000000000025,19.78532108819993,14.0
-1,-105.71791012278874,18.46153666203702,51.0,51.74400000000002,53.97391012278872,24.0
-1,-92.98930010013846,17.964812365740713,44.0,43.488,49.50130010013847,23.0
-1,-85.47936524351914,13.238045060185192,49.0,50.01600000000002,35.46336524351912,19.0
-1,-105.06602805157812,21.864854138888823,55.0,58.56000000000002,46.506028051578106,20.0
-1,-94.988896862941,18.532514120370365,48.0,55.968000000000025,39.02089686294098,19.0
-1,-81.02737520684757,14.609589898148142,46.0,58.27200000000002,22.755375206847543,15.0
-1,-74.2479764328568,14.569618902777766,45.0,46.94400000000002,27.30397643285679,19.0
-1,-77.57000779212528,13.02452017129629,38.0,46.56000000000002,31.01000779212526,18.0
-1,-86.3075062172852,13.676450231481468,46.0,57.88800000000003,28.419506217285168,18.0
-1,-100.03865899335896,20.932492240740725,50.0,50.88000000000002,49.15865899335893,23.0
-1,-80.76560038327821,17.141906532407397,47.0,48.57600000000002,32.18960038327818,18.0
-1,-107.03541338713632,13.822835879629611,51.0,53.664000000000016,53.37141338713631,23.0
-1,-80.11818104480108,14.67457661111112,50.0,57.792000000000016,22.326181044801064,14.0
-1,-107.42080652047036,16.20971133333331,56.0,61.15200000000004,46.26880652047032,23.0
-1,-89.7296738007264,15.636347152777768,39.0,48.67200000000002,41.05767380072638,20.0
-1,-95.74052047357183,19.523279958333276,62.0,63.16800000000004,32.57252047357181,17.0
-1,-99.26828146649513,15.370678194444425,53.0,59.52000000000002,39.74828146649511,24.0
-1,-104.56418864898194,14.539390504629624,45.0,59.13600000000002,45.42818864898192,23.0
-1,-96.03859810976913,15.33180979166668,46.0,50.496000000000016,45.54259810976909,21.0
-1,-97.10211797115738,17.388520944444437,50.0,56.64000000000002,40.46211797115736,20.0
-1,-97.8945191136092,17.476761476851838,56.0,68.73600000000002,29.158519113609167,17.0
-1,-109.61402553557969,19.31878810185177,50.0,65.66400000000003,43.95002553557965,20.0
-1,-117.7967003134276,19.19550553240738,66.0,68.54400000000003,49.25270031342758,23.0
-1,-84.46674809336264,11.62793453703703,36.0,45.31200000000002,39.15474809336262,23.0
-1,-89.06858899855919,15.626748912037044,42.0,46.84800000000001,42.22058899855918,20.0
-1,-101.70588520195012,12.57449524074074,41.0,49.53600000000001,52.16988520195011,24.0
-1,-99.50421828295283,18.451879458333327,44.0,55.77600000000002,43.72821828295284,18.0
-1,-107.19896969374766,22.35777033796293,53.0,55.96800000000002,51.23096969374764,17.0
-1,-105.39198893393468,16.9337839537037,47.0,53.08800000000002,52.30398893393465,19.0
-1,-92.97516001629027,16.682074583333307,46.0,56.928000000000026,36.04716001629025,20.0
-1,-78.71235316274874,17.700886231481466,45.0,52.03200000000001,26.680353162748723,15.0
-1,-104.12610316542089,16.469173574074045,41.0,52.99200000000002,51.13410316542088,23.0
-1,-95.5938087654,17.223428180555512,48.0,58.46400000000002,37.1298087654,21.0
-1,-87.85723358344393,11.764366152777775,40.0,52.99200000000001,34.86523358344392,22.0
-1,-157.4922228735282,17.33981716666658,63.0,92.73600000000006,64.75622287352813,25.0
-1,-92.48818206454804,16.91450061574072,40.0,54.14400000000002,38.344182064548,21.0
-1,-124.50547270791132,18.63483274074068,54.0,69.21600000000004,55.28947270791128,21.0
-1,-101.5901166782711,21.38929897685183,54.0,55.48800000000002,46.102116678271074,21.0
-1,-91.895338442261,14.97040022222222,35.0,43.00800000000001,48.88733844226099,21.0
-1,-105.665345033271,18.73075714351849,45.0,54.43200000000002,51.23334503327098,21.0
-1,-74.58133846024575,15.945452481481478,43.0,49.05600000000001,25.52533846024573,17.0
-1,-72.9817945461803,11.34806509722222,40.0,48.864000000000026,24.11779454618027,16.0
-1,-132.4922327670658,14.532915722222215,51.0,74.40000000000003,58.09223276706577,22.0
-1,-106.24702507953448,13.126688722222225,45.0,53.37600000000001,52.871025079534455,23.0
-1,-103.13238216786928,17.706986226851807,46.0,54.91200000000002,48.220382167869246,24.0
-1,-97.94165537080534,19.847174148148078,53.0,63.07200000000003,34.869655370805305,19.0
-1,-96.45800811807462,16.802553370370347,43.0,52.99200000000002,43.4660081180746,21.0
-1,-89.375809911007,15.710008620370372,52.0,55.87200000000002,33.50380991100697,20.0
-1,-90.84413742751316,18.001160717592583,43.0,48.96000000000002,41.88413742751313,15.0
-1,-104.24025526749251,20.52942276388886,52.0,67.00800000000002,37.23225526749251,16.0
-1,-99.58619810031998,20.52120981018509,48.0,52.12800000000002,47.458198100319954,22.0
-1,-125.17805600002652,23.10680862037031,64.0,74.59200000000004,50.58605600002647,18.0
-1,-77.74926643543755,10.12538581944444,39.0,55.296000000000014,22.45326643543753,13.0
-1,-120.97374144890846,16.780810226851823,61.0,73.72800000000004,47.24574144890842,22.0
-1,-111.67704030917928,17.43891251388887,49.0,55.87200000000003,55.80504030917926,23.0
-1,-105.51133100378156,15.49697905555554,54.0,64.03200000000002,41.47933100378153,18.0
-1,-93.3386630025396,17.404652675925895,48.0,55.77600000000002,37.56266300253959,20.0
-1,-93.49068819573652,17.063106226851833,45.0,43.39200000000001,50.098688195736514,21.0
-1,-85.4820765490644,17.11172412962959,45.0,59.13600000000002,26.34607654906437,18.0
-1,-114.36802314070266,15.75086798148146,48.0,70.56000000000003,43.80802314070263,19.0
-1,-87.96954060041791,16.86660677314815,53.0,53.18400000000002,34.785540600417896,20.0
-1,-79.29685474544192,15.517081092592605,47.0,53.56800000000001,25.728854745441915,18.0
-1,-94.34777095239374,14.583423481481477,63.0,71.52000000000002,22.827770952393728,16.0
-1,-93.25043858416586,17.221865680555542,52.0,58.27200000000003,34.97843858416583,20.0
-1,-89.19083143204597,15.802202236111093,46.0,53.66400000000002,35.526831432045945,17.0
-1,-97.17398742472486,13.741559134259235,44.0,59.52000000000002,37.653987424724825,20.0
-1,-89.63019983840007,17.23819299999999,40.0,48.19200000000002,41.43819983840005,17.0
-1,-107.2864373683476,14.063340879629626,34.0,43.2,64.0864373683476,22.0
-1,-103.11316717145588,17.391106958333285,52.0,55.968000000000025,47.145167171455846,21.0
-1,-159.5506034428746,15.919936259259226,68.0,94.27200000000003,65.27860344287454,24.0
-1,-95.03978690594954,22.585582708333263,57.0,60.86400000000002,34.17578690594953,19.0
-1,-102.14209179169195,15.154937398148151,50.0,58.84800000000001,43.29409179169196,20.0
-1,-114.36075265126462,15.111784662037037,43.0,54.81600000000002,59.5447526512646,22.0
-1,-105.35562895612638,20.47726143981477,58.0,70.08000000000004,35.27562895612634,18.0
-1,-127.67932380320369,13.82090249074074,51.0,64.60800000000003,63.07132380320365,26.0
-1,-109.68347035497052,11.64481913425926,41.0,48.19200000000002,61.49147035497049,26.0
-1,-84.31637802342877,18.828543624999963,44.0,48.67200000000002,35.64437802342875,21.0
-1,-134.8196753409121,16.84810315740737,70.0,75.64800000000004,59.17167534091206,25.0
-1,-106.43014408283496,21.052038162036972,64.0,72.09600000000003,34.334144082834925,20.0
-1,-79.97666996773503,11.168352768518533,40.0,49.344000000000015,30.63266996773501,21.0
-1,-113.12972839804075,12.054907726851855,46.0,56.160000000000025,56.96972839804073,25.0
-1,-102.03001457158292,16.616182740740726,50.0,55.39200000000002,46.63801457158288,22.0
-1,-118.12482026031188,17.378696481481423,60.0,74.11200000000004,44.01282026031184,21.0
-1,-91.87400936228502,14.035279893518508,42.0,52.32000000000002,39.554009362285,20.0
-1,-122.15091257724686,17.353706208333303,46.0,58.27200000000003,63.87891257724683,22.0
-1,-96.03657258118406,16.219456847222226,55.0,60.57600000000002,35.46057258118404,20.0
-1,-94.62619986365632,10.44189178703703,43.0,51.84000000000003,42.78619986365628,23.0
-1,-91.82299424457526,16.80078076388888,46.0,54.048000000000016,37.77499424457523,21.0
-1,-97.19362658939258,11.7508035648148,49.0,67.68000000000002,29.51362658939256,17.0
-1,-88.1185007560558,14.123588736111124,43.0,47.13600000000002,40.98250075605577,22.0
-1,-72.86430216629799,11.23814723611112,44.0,44.44800000000001,28.416302166297985,18.0
-1,-84.41922492765556,9.790884416666682,50.0,53.568000000000026,30.85122492765554,20.0
-1,-92.38131539830084,14.254176550925928,43.0,48.480000000000025,43.90131539830082,20.0
-1,-80.92529299281794,14.72069110185184,52.0,54.24000000000002,26.68529299281792,17.0
-1,-79.89615360373477,13.00057096759259,41.0,48.28800000000002,31.60815360373475,19.0
-1,-90.8205566937396,13.384332037037018,43.0,50.20800000000002,40.61255669373958,23.0
-1,-103.55954829584871,15.148640731481466,40.0,51.07200000000002,52.48754829584871,23.0
-1,-102.36582999491652,16.331003240740703,52.0,61.24800000000003,41.11782999491647,21.0
-1,-117.19904256131528,16.554206847222186,52.0,65.18400000000004,52.01504256131523,25.0
-1,-92.64563240704472,15.688526856481468,40.0,47.61600000000002,45.02963240704469,20.0
-1,-111.50108287338728,11.074355708333323,48.0,64.22400000000003,47.27708287338724,23.0
-1,-103.32065018479094,15.124637189814804,51.0,57.79200000000004,45.528650184790905,21.0
-1,-72.89627411303542,18.9085877824074,42.0,40.41600000000002,32.48027411303541,18.0
-1,-126.38464579457984,17.246937180555502,67.0,85.15200000000003,41.23264579457983,20.0
-1,-121.2971626478996,17.423977490740725,46.0,54.04800000000002,67.24916264789958,22.0
-1,-84.36803235194783,16.84922397222221,38.0,41.568000000000005,42.80003235194783,19.0
-1,-105.80147499974797,18.22690003240735,50.0,64.70400000000004,41.09747499974793,20.0
-1,-97.81226235245605,17.460645120370334,48.0,61.63200000000001,36.18026235245603,22.0
-1,-122.32089618073326,19.82354638888882,70.0,70.36800000000005,51.952896180733205,22.0
-1,-110.59044341311656,17.31171612962964,53.0,64.89600000000003,45.69444341311653,22.0
-1,-74.44992109712473,18.018960583333318,46.0,53.66400000000001,20.78592109712472,13.0
-1,-117.06758208681738,15.794230060185154,56.0,63.93600000000003,53.13158208681735,23.0
-1,-109.5080748572236,18.271907296296305,56.0,67.10400000000003,42.40407485722357,18.0
-1,-104.9179450439238,17.244158560185166,47.0,53.376000000000026,51.54194504392378,23.0
-1,-90.8353482561892,15.743446259259262,35.0,43.39200000000001,47.4433482561892,19.0
-1,-99.65762638817348,21.67169191203699,62.0,72.76800000000003,26.88962638817344,15.0
-1,-132.66914493443704,12.600510689814818,48.0,66.91200000000003,65.75714493443701,24.0
-1,-92.6680130475115,17.37990463425924,43.0,48.86400000000002,43.80401304751148,20.0
-1,-113.054038735629,21.86751537499994,52.0,64.70400000000002,48.35003873562898,17.0
-1,-88.68797636495131,16.406516194444418,41.0,51.26400000000002,37.4239763649513,19.0
-1,-108.04201580763647,13.491428865740744,49.0,52.32000000000003,55.72201580763646,26.0
-1,-121.90789112379665,18.100322074074047,53.0,71.52000000000004,50.38789112379659,22.0
-1,-71.9797201511573,11.513792407407424,38.0,45.50400000000002,26.47572015115728,19.0
-1,-104.14327351651274,18.972172624999917,57.0,74.11200000000002,30.03127351651271,15.0
-1,-102.55136545746988,17.899416486111072,48.0,59.808000000000014,42.74336545746985,19.0
-1,-96.8688937779153,17.754514324074005,43.0,57.98400000000003,38.88489377791527,19.0
-1,-111.2012518270368,13.16556746759256,45.0,54.04800000000002,57.15325182703677,27.0
-1,-89.63839749555723,16.268739004629627,55.0,58.84800000000002,30.790397495557208,19.0
-1,-79.61245269480386,17.39106452314815,50.0,52.89600000000003,26.71645269480383,17.0
-1,-94.77858396358543,21.524395699074063,60.0,60.38400000000003,34.39458396358541,17.0
-1,-112.9081435271635,13.837978462962976,54.0,58.176000000000016,54.73214352716349,23.0
-1,-108.49442287460646,14.57257030555554,53.0,67.96800000000002,40.52642287460644,20.0
-1,-98.9134385125777,21.176052083333293,54.0,51.55200000000002,47.361438512577685,18.0
-1,-85.82740927959563,19.3918276296296,50.0,55.48800000000002,30.33940927959561,16.0
-1,-88.69638548588149,14.727631175925929,49.0,63.648000000000025,25.04838548588147,16.0
-1,-91.72269276872086,17.166884953703686,46.0,57.98400000000002,33.738692768720846,18.0
-1,-89.06861497657218,19.90048853240738,49.0,50.01600000000002,39.05261497657215,18.0
-1,-76.97052478891436,13.068756032407396,45.0,57.21600000000002,19.75452478891434,10.0
-1,-91.094557019354,14.564623513888872,45.0,57.79200000000002,33.302557019353976,20.0
-1,-99.35928340068698,16.762241273148152,53.0,56.064000000000014,43.29528340068696,20.0
-1,-117.39447618916007,24.22546398148143,64.0,74.01600000000003,43.37847618916005,16.0
-1,-110.87288535041267,16.15726697685183,59.0,73.92000000000003,36.95288535041266,20.0
-1,-87.0139817128551,14.786985509259246,40.0,52.704000000000015,34.309981712855084,17.0
-1,-97.38982087639508,10.073459199074092,54.0,64.32000000000002,33.06982087639505,16.0
-1,-98.63977700375445,14.315799671296285,51.0,62.01600000000003,36.623777003754405,22.0
-1,-99.2638735902298,16.40419023148148,40.0,48.864000000000026,50.39987359022978,21.0
-1,-94.31972143038018,15.130171615740757,45.0,49.920000000000016,44.399721430380175,22.0
-1,-73.0824969808826,10.306922055555576,29.0,40.416,32.66649698088259,23.0
-1,-106.5965554821978,20.8228984907407,50.0,55.68000000000003,50.91655548219776,18.0
-1,-91.06525048975534,15.125464342592576,49.0,55.776000000000025,35.28925048975532,20.0
-1,-104.77843758337669,17.23751401388888,48.0,57.98400000000002,46.79443758337666,21.0
-1,-100.24868222193058,20.038368555555515,54.0,67.29600000000002,32.952682221930566,17.0
-1,-92.57360538841073,14.897992773148175,45.0,55.48800000000002,37.0856053884107,19.0
-1,-88.82073794783614,15.31215478703701,42.0,48.48000000000002,40.340737947836125,19.0
-1,-95.61524825719218,16.770274101851836,48.0,57.88800000000003,37.727248257192144,21.0
-1,-80.08889803712904,13.684491861111116,43.0,51.744000000000014,28.344898037129028,16.0
-1,-104.2117172448691,15.463928680555536,64.0,68.64000000000001,35.5717172448691,19.0
-1,-107.20524885449544,17.501140694444413,45.0,53.95200000000001,53.25324885449542,24.0
-1,-118.65371863075224,17.19774132407402,63.0,74.97600000000003,43.67771863075221,22.0
-1,-84.90598153996119,15.666744064814791,45.0,52.60800000000002,32.29798153996117,19.0
-1,-80.4032533232472,17.772566412036984,43.0,55.68000000000002,24.72325332324718,17.0
-1,-116.80176832642576,17.77312784259255,61.0,74.20800000000003,42.59376832642575,19.0
-1,-89.39590714243528,18.625493254629585,49.0,57.60000000000002,31.79590714243526,18.0
-1,-78.42627627683589,20.94013251851848,46.0,55.96800000000002,22.45827627683588,16.0
-1,-87.10201388251105,13.377500324074074,42.0,50.112000000000016,36.99001388251102,20.0
-1,-104.26516747639069,17.981097050925875,57.0,72.00000000000003,32.26516747639066,18.0
-1,-89.44781334509037,13.259832143518524,37.0,42.528000000000006,46.91981334509037,25.0
-1,-83.5823428448484,18.942235569444424,54.0,56.736000000000026,26.846342844848373,14.0
-1,-115.11558762769003,8.703625680555556,52.0,68.92800000000001,46.18758762769002,23.0
-1,-86.08518522446221,15.602296847222233,45.0,50.20800000000002,35.877185224462195,19.0
-1,-92.7221911381685,17.304829240740737,56.0,60.864000000000026,31.858191138168472,18.0
-1,-108.5034848462992,19.433518412037003,54.0,53.08800000000002,55.41548484629917,22.0
-1,-117.2209062260988,20.98602292592585,58.0,76.51200000000004,40.70890622609876,19.0
-1,-94.96840076616247,17.232619189814812,46.0,57.98400000000003,36.98440076616245,18.0
-1,-119.30805487382072,14.18931582407406,59.0,67.96800000000003,51.34005487382068,23.0
-1,-104.17193442353388,12.005408467592586,46.0,64.89600000000003,39.27593442353386,20.0
-1,-105.6397314478154,16.077386296296282,52.0,53.568000000000026,52.07173144781538,21.0
-1,-86.99436182716937,13.831567699074077,50.0,62.88000000000003,24.114361827169333,17.0
-1,-84.00736188353,12.161934476851858,39.0,45.408000000000015,38.59936188352999,21.0
-1,-84.35202247321692,14.107706120370374,41.0,44.92800000000001,39.4240224732169,22.0
-1,-93.52119687645612,15.15813098148149,55.0,64.41600000000003,29.105196876456088,18.0
-1,-92.4842096055443,15.410076925925912,57.0,54.24000000000002,38.24420960554427,23.0
-1,-98.3246147329547,14.900327203703675,44.0,57.120000000000026,41.204614732954674,20.0
-1,-99.29228401426856,18.182305305555555,45.0,64.12800000000003,35.16428401426855,19.0
-1,-94.35341970468228,13.437668300925944,44.0,55.29600000000004,39.057419704682246,19.0
-1,-98.09901153935736,13.201898606481468,46.0,54.91200000000003,43.187011539357336,21.0
-1,-91.47615777949063,20.69775365740738,48.0,50.01600000000003,41.46015777949063,17.0
-1,-88.73872889522421,15.743915069444425,45.0,55.77600000000002,32.962728895224195,17.0
-1,-90.38143212400372,19.678041810185185,48.0,53.85600000000003,36.525432124003686,18.0
-1,-122.99683763169602,18.906429935185088,50.0,67.87200000000003,55.124837631696,22.0
-1,-94.70768854895496,16.164615643518513,51.0,58.65600000000002,36.05168854895495,18.0
-1,-101.56336707962836,17.49967703703701,50.0,63.64800000000003,37.91536707962832,19.0
-1,-92.1375947864036,21.23586943518515,56.0,55.10400000000003,37.03359478640359,17.0
-1,-89.06982034379045,17.956415935185188,52.0,48.28800000000002,40.78182034379044,21.0
-1,-95.83768561235648,13.581170833333326,46.0,48.384000000000015,47.45368561235646,27.0
-1,-103.34178366885516,17.298327972222193,57.0,60.96000000000003,42.38178366885514,23.0
-1,-90.8848494913786,14.28290173148148,43.0,57.12000000000002,33.764849491378584,19.0
-1,-93.0813247668442,12.430130458333334,45.0,58.65600000000003,34.42532476684417,19.0
-1,-110.7091266648286,20.150530717592517,51.0,59.52000000000003,51.18912666482856,22.0
-1,-85.1372787304112,17.259297819444406,51.0,53.08800000000002,32.049278730411174,18.0
-1,-84.25761635697536,14.207389291666654,49.0,51.744000000000014,32.51361635697535,20.0
-1,-75.25513283919808,21.686612018518492,54.0,46.65600000000003,28.59913283919805,17.0
-1,-86.5594873399497,16.590892611111126,43.0,53.76000000000001,32.79948733994969,16.0
-1,-86.82822653057593,15.214420736111103,44.0,54.91200000000003,31.91622653057591,19.0
-1,-102.65013379327937,18.482924601851792,46.0,52.51200000000003,50.13813379327933,23.0
-1,-105.68314921657762,25.3078971666666,55.0,64.22400000000003,41.45914921657759,14.0
-1,-101.51790637423176,18.29649150462961,56.0,59.71200000000004,41.80590637423172,21.0
-1,-84.58274857034411,13.564130703703697,40.0,50.112000000000016,34.470748570344085,18.0
-1,-92.40575531198752,19.272155310185152,45.0,56.160000000000025,36.2457553119875,22.0
-1,-102.11269705753796,15.401791291666637,51.0,66.91200000000002,35.200697057537944,20.0
-1,-106.06876296831732,17.322917944444434,48.0,54.91200000000001,51.15676296831731,22.0
-1,-91.83809582057036,17.977634643518467,52.0,61.05600000000004,30.78209582057033,18.0
-1,-80.60622695660582,12.715950273148168,39.0,50.20800000000001,30.39822695660581,16.0
-1,-96.8869981348848,18.239069518518487,48.0,53.76000000000002,43.12699813488479,18.0
-1,-94.44109605489564,16.281664888888876,42.0,48.384000000000015,46.05709605489563,19.0
-1,-93.21904798923084,14.901039416666652,44.0,57.312000000000026,35.907047989230804,20.0
-1,-95.71997655107592,23.535106708333277,56.0,55.68000000000003,40.0399765510759,18.0
-1,-106.28676312680288,16.700537462962945,50.0,64.80000000000003,41.48676312680284,18.0
-1,-111.9899323616478,14.257002967592586,48.0,58.94400000000003,53.04593236164777,23.0
-1,-92.08649748044527,14.43701776851852,57.0,60.00000000000002,32.08649748044525,20.0
-1,-100.77843875001336,18.02506513425921,55.0,56.83200000000002,43.946438750013336,22.0
-1,-87.01015015217058,10.904439634259278,40.0,50.304000000000016,36.706150152170565,19.0
-1,-93.1519128633374,17.352864722222197,52.0,54.72000000000003,38.43191286333738,22.0
-1,-90.715085963582,18.29876896759255,45.0,60.096000000000025,30.619085963581966,14.0
-1,-94.3787576595556,16.121294833333298,48.0,58.46400000000003,35.914757659555555,21.0
-1,-86.50745356609578,18.142658374999957,51.0,49.536000000000016,36.97145356609576,19.0
-1,-93.3178936937986,16.07243208333332,46.0,50.11200000000001,43.2058936937986,24.0
-1,-71.94167585793338,16.161004962962952,45.0,56.92800000000002,15.013675857933354,11.0
-1,-101.09200948597464,20.765751837962853,48.0,62.11200000000004,38.98000948597461,17.0
-1,-90.09171600765968,15.931763569444438,45.0,53.760000000000026,36.33171600765965,17.0
-1,-106.631982506473,19.52895366203697,67.0,71.71200000000003,34.91998250647297,20.0
-1,-62.70904321794895,10.186036537037046,42.0,42.04800000000001,20.661043217948944,14.0
-1,-81.4432889558569,16.38603643055553,48.0,52.22400000000001,29.21928895585689,16.0
-1,-99.37891851911216,14.816815754629614,47.0,51.45600000000002,47.92291851911214,23.0
-1,-96.32646779242624,20.56043096296293,51.0,51.16800000000001,45.15846779242623,19.0
-1,-111.05225426297224,20.291972851851828,64.0,61.44000000000003,49.612254262972215,22.0
-1,-94.18744825282288,17.664419597222178,51.0,46.46400000000002,47.72344825282288,22.0
-1,-120.95237460060852,17.296430800925897,46.0,60.48000000000003,60.4723746006085,20.0
-1,-91.92718084445384,16.519869166666663,48.0,49.05600000000002,42.87118084445382,23.0
-1,-76.53031441212123,13.01033653703704,39.0,47.232000000000006,29.29831441212122,19.0
-1,-83.81410853379106,13.563335685185177,43.0,48.09600000000001,35.71810853379104,21.0
-1,-83.17878047976546,12.967792902777768,33.0,41.472000000000016,41.706780479765456,21.0
-1,-96.60317618950464,19.72384679166666,46.0,48.28800000000002,48.31517618950463,18.0
-1,-98.0981839626705,17.658739490740704,64.0,68.44800000000002,29.65018396267049,18.0
-1,-81.75830203272164,19.162697560185183,45.0,37.63200000000001,44.12630203272163,18.0
-1,-93.53644025651332,11.912356055555575,37.0,46.27200000000002,47.26444025651331,22.0
-1,-82.64273668764565,13.381883412037023,45.0,52.224000000000025,30.41873668764562,16.0
-1,-91.61244131084418,15.44567031018519,43.0,45.12000000000002,46.49244131084416,22.0
-1,-96.6396153395549,17.364817736111082,58.0,64.22400000000003,32.41561533955486,20.0
-1,-75.45298447606586,14.24608787037037,46.0,45.792,29.66098447606588,19.0
-1,-89.18231749405393,20.628307347222226,49.0,53.28000000000002,35.90231749405392,19.0
-1,-121.56989535666293,15.729218893518528,50.0,58.27200000000003,63.2978953566629,24.0
-1,-120.93093116843016,22.5092102638888,63.0,68.64000000000003,52.29093116843013,22.0
-1,-107.2097604582214,15.787885263888874,48.0,52.99200000000002,54.2177604582214,23.0
-1,-124.12225558263512,16.364628203703667,61.0,74.59200000000004,49.53025558263509,26.0
-1,-81.91688703995644,17.807127550925912,46.0,45.024000000000015,36.89288703995643,22.0
-1,-89.26357002616555,15.355023009259256,48.0,51.36000000000002,37.90357002616553,22.0
-1,-89.40965475042898,12.63404250925924,45.0,62.496000000000016,26.91365475042896,17.0
-1,-97.1138992769379,14.976138643518505,48.0,52.22400000000001,44.889899276937896,24.0
-1,-119.34417405315564,16.16817196296295,55.0,67.20000000000003,52.14417405315559,23.0
-1,-102.80844134473516,14.014093699074074,46.0,50.30400000000002,52.504441344735135,23.0
-1,-85.37404127426457,15.487010624999971,53.0,53.47200000000002,31.90204127426455,16.0
-1,-75.0376404016224,10.014411939814796,36.0,42.14400000000001,32.893640401622385,20.0
-1,-94.35654654773882,20.79977818981477,55.0,58.080000000000034,36.27654654773879,18.0
-1,-92.55340411451216,12.46116874074072,44.0,55.29600000000003,37.25740411451211,22.0
-1,-106.76832007098308,14.703337680555558,56.0,62.97600000000002,43.79232007098306,20.0
-1,-87.2665280350124,14.099014592592589,53.0,58.272000000000034,28.99452803501237,16.0
-1,-71.53008866101914,15.828940930555536,40.0,41.184000000000005,30.34608866101913,15.0
-1,-171.6258514791046,18.9459911388888,93.0,120.28800000000008,51.33785147910453,20.0
-1,-89.81473193000821,20.63822984259253,50.0,55.68000000000003,34.134731930008186,19.0
-1,-92.82384827386451,17.399913120370368,61.0,65.37600000000002,27.447848273864487,16.0
-1,-83.6114163433916,20.2017041157407,50.0,66.91200000000003,16.699416343391555,9.0
-1,-83.15883207021561,16.10988341203704,44.0,45.60000000000003,37.55883207021558,20.0
-1,-96.09667072016066,22.61469363425925,57.0,54.14400000000003,41.95267072016063,18.0
-1,-111.37251865422412,14.81236837962963,44.0,55.39200000000002,55.98051865422409,20.0
-1,-70.93694323490675,12.725840879629631,46.0,43.58400000000002,27.35294323490673,20.0
-1,-97.18270417456424,15.327935759259258,56.0,56.64000000000002,40.54270417456423,21.0
-1,-99.61230449173544,15.984458912037026,43.0,50.49600000000002,49.11630449173541,22.0
-1,-96.64389681575832,24.6794548888888,62.0,60.19200000000003,36.45189681575829,19.0
-1,-94.68080027788756,19.875978513888874,50.0,62.01600000000003,32.66480027788752,17.0
-1,-81.38281394083856,12.268919935185188,37.0,47.23200000000002,34.15081394083853,19.0
-1,-108.83282391423356,17.276928601851825,56.0,49.82400000000003,59.00882391423353,24.0
-1,-101.3530933513132,22.398901027777725,58.0,62.016000000000034,39.33709335131315,20.0
-1,-99.0476707254264,16.37544731018517,41.0,57.40800000000002,41.63967072542636,19.0
-1,-108.42177963282823,14.737908129629634,52.0,61.34400000000002,47.07777963282823,24.0
-1,-101.43048356210792,14.52243578240741,46.0,57.21600000000002,44.2144835621079,22.0
-1,-113.74795572278762,20.853463083333256,53.0,62.97600000000004,50.77195572278759,19.0
-1,-100.03131698745456,18.629805842592567,45.0,49.920000000000016,50.11131698745454,22.0
-1,-89.3536794091388,15.239487208333328,45.0,51.55200000000002,37.80167940913878,19.0
-1,-94.22355797384972,23.33021234259253,58.0,52.70400000000002,41.5195579738497,21.0
-1,-90.65619182096232,12.37358968055556,40.0,42.43200000000001,48.22419182096233,21.0
-1,-94.58427064862067,20.05769128703701,48.0,55.20000000000002,39.38427064862067,20.0
-1,-133.44359559780477,18.517684384259187,64.0,84.09600000000005,49.34759559780472,22.0
-1,-97.82426492483616,12.93203376851851,38.0,51.16800000000001,46.65626492483616,22.0
-1,-88.4375304757227,14.397247435185188,42.0,46.46400000000001,41.97353047572269,19.0
-1,-81.54144229493454,16.299741296296308,52.0,52.80000000000002,28.74144229493453,20.0
-1,-99.68523599816716,19.61899808796292,58.0,68.44800000000002,31.237235998167154,18.0
-1,-87.2597609453831,16.200555546296293,62.0,56.92800000000003,30.33176094538308,15.0
-1,-108.00927167820548,12.92573381944445,38.0,53.376000000000026,54.633271678205446,23.0
-1,-73.22677356086274,18.421906300925937,44.0,40.512000000000015,32.71477356086273,18.0
-1,-96.51046305027955,19.962185731481423,58.0,52.608000000000025,43.902463050279536,19.0
-1,-99.32102754020843,17.99970305092586,51.0,55.87200000000002,43.44902754020842,22.0
-1,-81.77150413401593,15.56750828703703,39.0,45.88800000000001,35.883504134015915,18.0
-1,-76.2602305782137,16.94251419907406,45.0,50.496000000000016,25.76423057821368,18.0
-1,-74.22568604110882,12.75692791666667,39.0,45.21600000000001,29.00968604110881,18.0
-1,-91.02588009642666,12.787012212962946,43.0,55.96800000000002,35.05788009642664,22.0
-1,-120.36577206027503,20.106689592592566,54.0,60.48000000000003,59.885772060275,20.0
-1,-96.67219318668111,15.99427111574074,47.0,55.20000000000002,41.472193186681096,20.0
-1,-105.94690506946218,17.285561004629578,49.0,60.00000000000003,45.94690506946215,21.0
-1,-91.08868319507302,17.608196916666653,47.0,50.59200000000002,40.496683195073,16.0
-1,-91.75650153214848,13.20810664351852,39.0,48.19200000000002,43.56450153214846,22.0
-1,-80.3888587847076,16.11032866203703,39.0,48.000000000000014,32.38885878470757,17.0
-1,-96.11346040831916,19.12213330092588,57.0,57.40800000000003,38.70546040831914,19.0
-1,-90.6574052590444,16.644406828703715,40.0,44.832000000000015,45.82540525904438,20.0
-1,-97.60106818826354,16.347233504629603,56.0,69.88800000000003,27.71306818826351,15.0
-1,-82.13954553520423,14.832863574074064,48.0,54.72000000000003,27.419545535204204,19.0
-1,-90.91738976112543,15.072173050925931,47.0,48.67200000000002,42.24538976112542,22.0
-1,-100.89359470697865,17.021816060185134,46.0,58.08000000000003,42.81359470697862,18.0
-1,-95.205636663107,17.972021740740736,51.0,57.120000000000026,38.08563666310699,19.0
-1,-103.3942480427304,15.794488166666667,48.0,56.160000000000025,47.23424804273039,22.0
-1,-106.85614430877376,18.237921481481443,40.0,48.38400000000002,58.47214430877375,22.0
-1,-78.43833993248582,14.047602439814804,44.0,48.384000000000015,30.054339932485806,19.0
-1,-98.61541956980844,13.369189736111116,38.0,54.91200000000003,43.703419569808425,21.0
-1,-75.39929574016394,12.204588972222222,42.0,51.45600000000002,23.94329574016392,15.0
-1,-98.40692441448196,15.27696900925924,51.0,56.83200000000003,41.57492441448191,20.0
-1,-89.16959578651011,12.475950680555544,35.0,48.57600000000002,40.59359578651009,19.0
-1,-102.71373186589152,16.462233648148132,45.0,53.472000000000016,49.24173186589152,21.0
-1,-78.83561307469287,14.20729205555554,40.0,48.38400000000002,30.451613074692844,16.0
-1,-90.78725983694032,15.680417652777775,46.0,51.07200000000002,39.71525983694029,22.0
-1,-85.01069251650559,15.924627842592578,49.0,57.120000000000026,27.890692516505563,15.0
-1,-82.8229866263452,16.237605754629634,46.0,52.800000000000026,30.022986626345176,19.0
-1,-97.61372080844804,17.317845245370336,47.0,56.928000000000026,40.68572080844802,20.0
-1,-99.0071659197269,17.019947476851804,51.0,58.94400000000002,40.06316591972687,20.0
-1,-96.94417015042605,18.929723592592588,46.0,52.89600000000002,44.04817015042602,22.0
-1,-94.89874821143,20.607874351851823,42.0,48.28800000000002,46.61074821142997,20.0
-1,-113.78263097878924,15.355476166666678,56.0,64.12800000000003,49.654630978789214,22.0
-1,-103.26047059016192,17.055587592592527,44.0,57.50400000000002,45.7564705901619,23.0
-1,-125.02291455835233,12.00569586574073,43.0,57.312000000000026,67.71091455835229,25.0
-1,-104.14168370087783,12.487448930555573,40.0,47.04000000000002,57.10168370087784,22.0
-1,-89.86825486227416,16.278418736111085,46.0,60.288000000000025,29.58025486227413,16.0
-1,-100.75971692274156,21.277483129629605,54.0,62.592000000000034,38.16771692274153,18.0
-1,-92.3964261915971,17.988667685185145,50.0,61.824000000000034,30.572426191597064,18.0
-1,-94.98151000410402,16.20489581018519,47.0,52.03200000000002,42.94951000410401,20.0
-1,-97.06852187055132,16.64433330555554,51.0,62.88000000000002,34.188521870551284,18.0
-1,-101.9732317065574,22.111333129629568,62.0,61.92000000000003,40.05323170655738,17.0
-1,-91.83411622203292,21.578092782407374,51.0,55.39200000000002,36.442116222032894,19.0
-1,-148.83279285001353,19.424797430555454,67.0,101.56800000000008,47.26479285001346,22.0
-1,-99.48179301535622,15.78355483796294,37.0,54.52800000000002,44.9537930153562,21.0
-1,-95.0895045788458,14.385838657407424,41.0,49.15200000000001,45.9375045788458,20.0
-1,-87.36779524133217,13.398456814814802,38.0,50.97600000000001,36.39179524133217,20.0
-1,-102.96150462989424,18.214545666666638,58.0,69.60000000000002,33.36150462989423,18.0
-1,-90.63336704638944,14.79731713425926,48.0,58.36800000000002,32.265367046389414,20.0
-1,-83.8476956289095,17.821159074074057,50.0,59.23200000000003,24.615695628909474,15.0
-1,-118.07087113803208,19.29627248611107,57.0,64.03200000000002,54.038871138032064,21.0
-1,-105.8051013616155,15.81243396759258,51.0,61.82400000000003,43.98110136161548,21.0
-1,-84.83457441379053,18.42032808796292,49.0,52.80000000000002,32.03457441379051,18.0
-1,-93.59067326920308,21.270147537036983,55.0,57.12000000000003,36.47067326920303,20.0
-1,-137.35076932486515,14.195746638888886,62.0,72.19200000000004,65.15876932486512,25.0
-1,-115.23222928320804,15.032858712962948,54.0,74.59200000000004,40.64022928320798,19.0
-1,-82.10713747892736,20.976153935185163,52.0,50.01600000000003,32.09113747892733,17.0
-1,-95.50459389882968,13.233688865740731,42.0,53.28000000000002,42.22459389882967,20.0
-1,-100.41068268801322,13.360828814814807,46.0,56.064000000000014,44.3466826880132,22.0
-1,-80.88680990152614,22.131516657407385,56.0,53.47200000000003,27.4148099015261,14.0
-1,-90.17760293896076,19.09590083333329,53.0,64.41600000000003,25.76160293896073,16.0
-1,-93.99792036593784,22.909283879629555,68.0,72.67200000000004,21.3259203659378,11.0
-1,-111.08876131392628,15.773513129629617,45.0,57.312000000000026,53.77676131392626,23.0
-1,-92.72196859561244,18.704124208333305,55.0,62.49600000000004,30.225968595612414,17.0
-1,-96.17888387722316,21.34980687962955,57.0,64.60800000000003,31.570883877223125,16.0
-1,-82.91954309803478,13.16560851388888,38.0,46.27200000000001,36.64754309803476,20.0
-1,-79.46394858922042,13.519884004629626,36.0,45.792,33.67194858922041,20.0
-1,-98.52358963068195,16.54275298148147,43.0,57.696000000000026,40.82758963068192,19.0
-1,-111.98183546884836,15.024423930555535,49.0,54.14400000000002,57.83783546884835,22.0
-1,-78.60172787962946,17.169397893518504,47.0,52.128000000000014,26.47372787962945,15.0
-1,-83.23058347809584,13.509453749999986,39.0,47.23200000000002,35.99858347809582,18.0
-1,-80.79066014778955,18.23116349074073,46.0,46.75200000000002,34.038660147789535,19.0
-1,-85.29296016563649,19.89847221296293,51.0,57.79200000000002,27.500960165636464,18.0
-1,-83.03148098648643,13.241205351851844,35.0,39.45600000000002,43.57548098648642,22.0
-1,-128.15188351021823,20.48324684259254,58.0,74.68800000000003,53.46388351021823,22.0
-1,-84.54571189174521,12.767094439814816,42.0,51.360000000000014,33.1857118917452,19.0
-1,-107.80684088484936,15.003285111111095,41.0,58.56000000000002,49.24684088484933,21.0
-1,-79.56762328918842,18.81502418055554,52.0,54.91200000000002,24.65562328918839,16.0
-1,-77.12837289380445,11.21416493518518,38.0,42.720000000000006,34.40837289380444,19.0
-1,-90.7034569120874,17.89238618981479,45.0,53.28000000000001,37.4234569120874,20.0
-1,-103.44043688927414,15.95072239351852,51.0,56.64000000000003,46.80043688927411,22.0
-1,-111.33547840833606,22.03873134259253,57.0,63.93600000000004,47.399478408336016,18.0
-1,-97.2506957342552,18.683009796296275,47.0,52.320000000000014,44.9306957342552,21.0
-1,-98.45776349244966,15.789131615740754,53.0,63.16800000000002,35.289763492449644,19.0
-1,-113.27970672618486,19.47123802777771,56.0,61.44000000000001,51.83970672618485,21.0
-1,-88.93897197301831,14.764569796296277,44.0,51.26400000000002,37.67497197301829,18.0
-1,-112.06392592755437,19.59043435648146,56.0,62.30400000000003,49.759925927554335,21.0
-1,-108.0625803160198,15.000524111111108,50.0,61.248000000000026,46.81458031601976,22.0
-1,-84.8481604867326,17.11416973611108,48.0,54.91200000000001,29.936160486732582,17.0
-1,-107.33495102671569,17.195829462962905,46.0,51.84000000000002,55.49495102671568,24.0
-1,-102.710678964297,19.15213405092592,56.0,55.68000000000002,47.03067896429697,20.0
-1,-109.27920887600727,19.594783583333257,47.0,58.46400000000002,50.81520887600726,19.0
-1,-81.47831456664485,19.283658662037013,44.0,44.54400000000001,36.93431456664485,18.0
-1,-90.61873732288328,18.738187388888868,48.0,52.41600000000002,38.20273732288327,19.0
-1,-92.97159139278163,13.863955546296284,42.0,54.52800000000001,38.44359139278164,20.0
-1,-97.1866962060841,12.808922717592589,38.0,48.48000000000002,48.70669620608408,24.0
-1,-97.3384336203279,10.011792351851856,37.0,52.32000000000002,45.01843362032788,22.0
-1,-151.93708067497425,15.557637037037043,60.0,69.12000000000003,82.81708067497424,24.0
-1,-110.99160188228846,15.47838756944444,52.0,53.95200000000003,57.03960188228844,21.0
-1,-113.64067968612758,20.85262975462957,59.0,62.68800000000002,50.95267968612757,20.0
-1,-140.23009795622116,18.14437522222217,56.0,71.61600000000003,68.61409795622113,24.0
-1,-85.35691278347196,20.155186333333265,46.0,47.23200000000002,38.12491278347194,20.0
-1,-94.32851326969671,14.42913293981481,47.0,50.40000000000003,43.92851326969669,22.0
-1,-79.38915029456628,17.684538499999984,41.0,49.15200000000002,30.237150294566256,16.0
-1,-89.44633967475912,17.278074319444407,50.0,58.36800000000002,31.07833967475909,16.0
-1,-76.78852781514334,13.009329953703704,47.0,39.26400000000001,37.52452781514334,23.0
-1,-123.49567543640356,16.42375677314815,47.0,54.81600000000002,68.67967543640354,23.0
-1,-68.83305235353822,16.348864731481466,43.0,46.08000000000002,22.7530523535382,14.0
-1,-71.60685655719982,12.37449953240742,45.0,53.95200000000001,17.654856557199807,13.0
-1,-114.1633464270117,18.03055219444438,41.0,51.36000000000002,62.80334642701168,22.0
-1,-84.04669628172985,14.09176419907407,43.0,45.12000000000001,38.926696281729846,21.0
-1,-89.2106337937303,16.067289351851826,50.0,57.98400000000002,31.22663379373027,20.0
-1,-96.6458300994588,23.400213004629563,55.0,65.47200000000004,31.17383009945876,15.0
-1,-93.53005346695248,16.896803055555537,49.0,49.63200000000002,43.89805346695246,22.0
-1,-98.19660944176631,17.914908305555574,54.0,63.93600000000003,34.260609441766285,17.0
-1,-84.90519811242466,13.957015361111106,44.0,49.24800000000002,35.65719811242464,20.0
-1,-89.96552637835615,16.462230199074064,40.0,44.44800000000001,45.51752637835613,22.0
-1,-91.00695153036727,15.98457952777778,46.0,59.13600000000003,31.87095153036725,17.0
-1,-93.75551021587196,13.438991689814795,45.0,48.576000000000015,45.17951021587194,24.0
-1,-93.47954123006454,13.543862782407384,40.0,44.92800000000002,48.55154123006452,24.0
-1,-108.0355570815348,16.82165689351849,50.0,61.728000000000016,46.30755708153477,20.0
-1,-90.22464124728182,14.248704268518503,43.0,52.03200000000001,38.19264124728182,20.0
-1,-95.50347019853037,21.07274087037029,52.0,58.464000000000034,37.03947019853032,17.0
-1,-78.44206339242923,14.9351775972222,41.0,51.07200000000002,27.370063392429216,17.0
-1,-82.72826528281684,11.95165097222224,43.0,47.04000000000001,35.68826528281682,22.0
-1,-93.2664713499428,17.09049938425926,48.0,55.20000000000002,38.066471349942766,20.0
-1,-91.69366715254844,20.427807199074007,40.0,39.648,52.045667152548425,19.0
-1,-108.63584603224484,15.13411660185184,46.0,48.86400000000002,59.77184603224482,23.0
-1,-84.68648686042837,10.450856675925932,39.0,47.42400000000001,37.26248686042837,22.0
-1,-109.25005906055432,23.24060303703702,68.0,69.79200000000002,39.45805906055431,19.0
-1,-89.02579115247545,12.913197425925915,42.0,56.92800000000001,32.09779115247543,19.0
-1,-83.75823377969076,11.854615532407404,42.0,50.88000000000002,32.87823377969074,16.0
-1,-79.71719401075207,12.009012291666672,32.0,39.64800000000001,40.06919401075206,20.0
-1,-87.87587427072327,20.54919981018517,53.0,54.24000000000002,33.63587427072326,17.0
-1,-97.01721347833856,14.470921916666653,44.0,53.66400000000002,43.353213478338525,21.0
-1,-94.53204315887676,16.681059370370342,52.0,68.44800000000002,26.08404315887673,15.0
-1,-81.14744760138369,10.728711578703711,40.0,46.75200000000002,34.39544760138367,19.0
-1,-86.39492415220974,15.453941726851838,41.0,49.152000000000015,37.24292415220973,21.0
-1,-90.06948101871136,13.563431421296295,36.0,45.50400000000001,44.56548101871135,24.0
-1,-89.66393436192831,17.714922995370348,47.0,55.968000000000025,33.69593436192829,17.0
-1,-134.30968143577462,18.78123731481476,60.0,79.77600000000005,54.53368143577457,22.0
-1,-152.3424838771477,22.29577623148137,69.0,89.95200000000006,62.39048387714767,20.0
-1,-89.80191648440515,17.084765884259244,44.0,56.64000000000002,33.161916484405126,17.0
-1,-80.69688813867049,15.914399166666652,35.0,43.872000000000014,36.82488813867048,18.0
-1,-100.54573023637334,17.38185134259258,51.0,65.85600000000002,34.689730236373315,17.0
-1,-95.88231835238524,20.790038810185127,50.0,52.89600000000003,42.98631835238523,20.0
-1,-110.73793424485862,20.568969212962905,54.0,61.24800000000003,49.48993424485859,21.0
-1,-92.25564106578062,18.070840671296263,55.0,61.15200000000002,31.1036410657806,19.0
-1,-96.67030311593824,17.0233331481481,43.0,55.00800000000002,41.66230311593823,22.0
-1,-80.40608293170749,11.339006314814814,36.0,44.256000000000014,36.15008293170748,20.0
-1,-82.9873136115309,10.72482700000001,39.0,46.176,36.81131361153089,23.0
-1,-84.18702135758747,12.918497796296284,44.0,59.52000000000002,24.66702135758746,17.0
-1,-111.96322827642638,19.194122671296245,56.0,67.20000000000002,44.76322827642636,19.0
-1,-113.46662712026624,19.495601902777707,56.0,62.88000000000003,50.58662712026622,22.0
-1,-86.15754166458754,15.460248324074056,55.0,61.53600000000003,24.621541664587507,16.0
-1,-78.16506055260402,10.199481500000005,49.0,51.45600000000002,26.709060552604008,17.0
-1,-102.72934053616515,17.450803152777727,54.0,61.15200000000003,41.57734053616514,22.0
-1,-104.87159429277116,13.628092180555546,48.0,55.68000000000003,49.19159429277114,24.0
-1,-96.57386671318264,21.351466208333267,56.0,60.76800000000003,35.80586671318261,18.0
-1,-86.16928240861577,14.07545197685184,40.0,42.528000000000006,43.641282408615766,21.0
-1,-125.90174406831628,16.831924981481432,62.0,68.35200000000003,57.54974406831626,23.0
-1,-125.98372037151398,16.505379680555528,49.0,66.24000000000002,59.74372037151395,22.0
-1,-82.17183465794504,17.970976060185173,40.0,48.000000000000014,34.17183465794503,16.0
-1,-80.65649577477777,19.53009664351849,55.0,58.65600000000002,22.000495774777743,12.0
-1,-96.47643508572496,17.39859350925924,46.0,50.40000000000002,46.07643508572495,22.0
-1,-109.14345190505546,16.562140416666633,52.0,58.84800000000003,50.29545190505542,20.0
-1,-89.35601364291337,15.631993837962952,47.0,54.62400000000002,34.73201364291335,21.0
-1,-81.72339343239352,15.131035939814792,45.0,57.88800000000003,23.8353934323935,14.0
-1,-78.23414127525054,11.72031989351854,42.0,46.56000000000001,31.67414127525053,20.0
-1,-88.65204627818338,16.89859539814813,44.0,52.89600000000002,35.75604627818335,17.0
-1,-89.53140487308373,16.711402273148106,49.0,58.65600000000003,30.8754048730837,16.0
-1,-131.9466850912986,12.188161083333323,51.0,60.96000000000003,70.98668509129858,25.0
-1,-87.10322909069322,20.66895797222217,43.0,43.10400000000001,43.999229090693206,21.0
-1,-109.79573463384688,17.368947518518493,62.0,69.79200000000003,40.00373463384684,22.0
-1,-121.55981797069336,13.658591518518516,47.0,64.22400000000002,57.33581797069334,24.0
-1,-88.75131630444778,19.12649394907405,47.0,46.84800000000002,41.90331630444776,19.0
-1,-94.131911490167,23.03885565277773,69.0,64.12800000000003,30.003911490166963,18.0
-1,-100.69879520924393,20.361440157407305,45.0,56.44800000000002,44.25079520924389,22.0
-1,-93.06321672062552,13.709102736111126,47.0,44.064000000000014,48.99921672062552,24.0
-1,-79.45140789427717,16.29729728703705,45.0,44.352,35.09940789427718,19.0
-1,-100.577360071925,17.951981689814808,52.0,57.696000000000026,42.881360071924966,19.0
-1,-92.00283496211026,13.79608325462962,45.0,48.192000000000014,43.81083496211024,23.0
-1,-78.6798559800441,12.442943499999991,41.0,47.808000000000014,30.87185598004408,19.0
-1,-102.47398800629352,18.149973444444417,39.0,47.32800000000001,55.14598800629352,20.0
-1,-101.6073601274956,15.69563089814814,52.0,61.056000000000026,40.55136012749558,21.0
-1,-86.46130022283597,13.733215606481489,43.0,48.28800000000001,38.17330022283596,19.0
-1,-104.90624451015944,15.315383513888854,45.0,55.10400000000002,49.80224451015943,25.0
-1,-109.92466122686407,17.16959993055553,52.0,64.80000000000003,45.12466122686406,22.0
-1,-104.12671162751072,25.22629637499993,51.0,54.52800000000002,49.59871162751072,16.0
-1,-91.29715243555196,16.70133205555552,42.0,50.97600000000002,40.32115243555194,21.0
-1,-70.02691492229421,17.924175731481462,51.0,49.152000000000015,20.8749149222942,15.0
-1,-87.3624904552374,16.76091952314812,46.0,53.18400000000002,34.17849045523739,19.0
-1,-111.49647396799278,15.90554359259257,46.0,61.72800000000003,49.76847396799276,23.0
-1,-82.22793308408745,13.157324314814812,41.0,52.32000000000001,29.90793308408745,18.0
-1,-104.95643196969588,14.967459680555518,43.0,56.06400000000002,48.89243196969585,20.0
-1,-91.5338624777705,16.591948722222213,42.0,54.240000000000016,37.29386247777049,19.0
-1,-88.38298717396097,13.271600712962966,47.0,51.93600000000002,36.44698717396096,19.0
-1,-109.30624814773532,13.513594453703718,45.0,49.63200000000002,59.67424814773529,24.0
-1,-80.8458597208221,13.926855837962965,50.0,55.87200000000002,24.973859720822087,16.0
-1,-95.10644459935816,15.932656768518502,48.0,61.72800000000002,33.378444599358126,17.0
-1,-103.22696282514906,15.803040458333324,58.0,65.56800000000003,37.65896282514903,23.0
-1,-91.05433354563807,20.329761439814742,50.0,54.91200000000002,36.14233354563805,17.0
-1,-79.22005176884852,16.62704639814815,41.0,43.39200000000001,35.82805176884851,18.0
-1,-100.31063032844789,15.49570666203702,41.0,46.08000000000002,54.230630328447845,22.0
-1,-78.54522695279279,11.980019240740736,40.0,51.74400000000002,26.80122695279277,18.0
-1,-113.86255394950442,20.895069717592524,55.0,68.83200000000004,45.03055394950437,18.0
-1,-145.5077461261547,16.84831843981477,58.0,86.78400000000005,58.723746126154666,20.0
-1,-81.57715759840715,19.89888489351849,48.0,54.43200000000002,27.145157598407128,15.0
-1,-83.74171582793545,18.79190055555552,40.0,45.216000000000015,38.52571582793543,16.0
-1,-87.1337994192314,15.991612078703664,45.0,45.79200000000002,41.34179941923136,21.0
-1,-129.75331806756628,16.3119512222222,55.0,75.45600000000003,54.297318067566245,23.0
-1,-103.5150102775698,17.949383925925876,55.0,60.19200000000003,43.32301027756977,21.0
-1,-124.8425224129236,12.094169277777771,60.0,83.52000000000004,41.32252241292355,22.0
-1,-131.05865376600576,21.090159407407352,69.0,81.21600000000004,49.84265376600571,21.0
-1,-120.12580230777768,18.007368546296266,54.0,60.76800000000004,59.35780230777764,22.0
-1,-109.6991649762118,18.691770527777734,57.0,60.57600000000003,49.12316497621177,21.0
-1,-97.44873228951067,14.981161101851873,45.0,53.18400000000002,44.26473228951066,24.0
-1,-79.29447670090775,8.388718527777772,37.0,47.90400000000002,31.390476700907737,21.0
-1,-120.6356540218986,23.23981403703696,60.0,65.18400000000003,55.45165402189858,21.0
-1,-95.1135367281556,12.72466818055555,43.0,48.960000000000015,46.15353672815559,23.0
-1,-90.5237679071669,17.82192367129625,40.0,45.50400000000002,45.01976790716688,20.0
-1,-81.20450887199806,13.409547148148135,47.0,47.13600000000002,34.06850887199804,19.0
-1,-85.59055968321063,17.769175462962938,46.0,47.71200000000001,37.87855968321062,21.0
-1,-88.87451789643697,20.423955171296264,48.0,45.60000000000002,43.27451789643696,20.0
-1,-108.47251434966525,19.302314981481437,58.0,54.72000000000003,53.75251434966522,24.0
-1,-103.13061308891496,21.4827934629629,52.0,63.07200000000003,40.058613088914925,19.0
-1,-97.83036736166736,18.033201740740687,53.0,61.05600000000004,36.77436736166733,20.0
-1,-86.00731218410989,10.41987810185186,33.0,44.54400000000001,41.46331218410988,20.0
-1,-91.29222936363462,13.013701444444456,36.0,44.832000000000015,46.4602293636346,21.0
-1,-70.27790693192256,12.123864550925928,39.0,47.52000000000001,22.757906931922548,17.0
-1,-115.33780641413684,17.47898091666658,52.0,67.77600000000004,47.5618064141368,22.0
-1,-90.400525569738,14.316563041666669,42.0,52.32000000000002,38.08052556973799,20.0
-1,-81.09760369395326,15.2781639675926,42.0,50.016000000000005,31.081603693953248,19.0
-1,-108.22562258632306,14.849308101851838,47.0,57.024000000000015,51.20162258632305,22.0
-1,-88.44564119785548,14.895341365740723,49.0,57.69600000000002,30.749641197855468,20.0
-1,-88.50622769893526,20.120966342592546,41.0,50.40000000000002,38.10622769893524,20.0
-1,-88.30228336834276,11.223875662037036,33.0,47.04000000000001,41.262283368342736,22.0
-1,-95.27094404563636,18.467946828703678,60.0,58.27200000000002,36.998944045636335,21.0
-1,-86.05152013240448,14.505730092592575,40.0,46.752,39.29952013240448,20.0
-1,-81.386348542715,18.46506210648144,39.0,50.304000000000016,31.082348542714985,18.0
-1,-91.13757718056502,11.533160624999995,50.0,60.38400000000002,30.753577180565,16.0
-1,-76.14216238169791,13.544588884259262,35.0,42.91200000000001,33.2301623816979,17.0
-1,-94.43571013691523,16.30608572685182,42.0,45.60000000000002,48.835710136915225,23.0
-1,-92.70373085440916,13.535627356481475,44.0,50.97600000000002,41.72773085440916,22.0
-1,-101.01721626312218,13.788122226851844,41.0,40.896000000000015,60.12121626312217,24.0
-1,-91.125010792253,15.581388361111088,49.0,61.53600000000004,29.589010792252964,18.0
-1,-93.97420650073803,15.023088023148134,39.0,45.696000000000005,48.27820650073805,22.0
-1,-89.63099914010523,21.24146487962961,48.0,48.28800000000002,41.34299914010521,17.0
-1,-97.32675132032932,13.428897439814811,44.0,52.60800000000001,44.7187513203293,24.0
-1,-90.23724916549985,15.921909222222231,44.0,49.15200000000002,41.08524916549983,18.0
-1,-125.9288948773564,14.743210870370367,57.0,58.27200000000003,67.6568948773564,26.0
-1,-100.57942841429904,18.525622574074053,49.0,55.29600000000001,45.28342841429904,21.0
-1,-92.42072134601932,16.4358507083333,51.0,57.40800000000002,35.01272134601931,18.0
-1,-86.05206323697715,15.906088949074066,36.0,44.256000000000014,41.796063236977126,20.0
-1,-102.0044726647534,20.315891583333304,48.0,57.120000000000026,44.884472664753375,17.0
-1,-103.89278606814943,12.555204689814818,40.0,56.928000000000026,46.9647860681494,21.0
-1,-95.72058626629014,17.069802587962915,52.0,62.97600000000002,32.74458626629012,18.0
-1,-108.5983295959372,13.33742816203704,44.0,56.06400000000002,52.534329595937166,24.0
-1,-98.48004042151064,16.432708416666646,48.0,60.00000000000002,38.48004042151061,18.0
-1,-103.02406913290208,15.23401235185186,43.0,48.86400000000001,54.16006913290207,23.0
-1,-92.32621516309902,16.96008763888886,47.0,51.936000000000014,40.39021516309901,21.0
-1,-98.89954829241944,14.155092402777765,48.0,49.53600000000002,49.36354829241942,23.0
-1,-90.45517949255472,22.087462745370345,46.0,56.44800000000002,34.0071794925547,17.0
-1,-95.8915820386951,18.994026370370364,54.0,58.08000000000002,37.81158203869508,19.0
-1,-93.89269941230684,10.683965907407428,36.0,51.07200000000002,42.8206994123068,25.0
-1,-105.56203337862767,20.51169551388878,47.0,57.31200000000002,48.250033378627656,23.0
-1,-106.3264113061984,16.09206343055554,45.0,54.24000000000002,52.08641130619839,20.0
-1,-76.25238509361779,17.11471011574075,40.0,40.70400000000001,35.548385093617775,18.0
-1,-78.6870390090572,14.115478731481476,36.0,44.44799999999999,34.2390390090572,18.0
-1,-91.94318161616263,17.08088331944442,40.0,44.54400000000001,47.39918161616262,22.0
-1,-120.9599238583064,17.62042709259258,51.0,53.28000000000003,67.67992385830637,23.0
-1,-104.426597612379,21.558415699073983,53.0,61.92000000000003,42.506597612378975,21.0
-1,-90.94696435321544,19.71459280092592,47.0,52.41600000000002,38.530964353215424,17.0
-1,-115.93334426258528,17.36395587037031,51.0,58.84800000000003,57.08534426258525,22.0
-1,-87.40004633149633,15.905678624999986,46.0,58.46400000000002,28.936046331496303,17.0
-1,-87.24399280359562,17.6354875185185,55.0,59.23200000000001,28.0119928035956,18.0
-1,-86.55649894450798,17.688323712962944,44.0,54.91200000000001,31.64449894450797,19.0
-1,-104.91912431388884,16.03593302314814,47.0,56.25600000000003,48.66312431388881,22.0
-1,-108.38930614261996,15.945202004629635,53.0,62.30400000000002,46.08530614261994,20.0
-1,-92.74460666208653,19.133620967592567,42.0,46.176000000000016,46.568606662086495,20.0
-1,-106.98729082363926,17.573863962962914,46.0,55.968000000000025,51.01929082363924,21.0
-1,-84.70486690681048,16.94225133333333,43.0,48.96000000000002,35.74486690681046,21.0
-1,-92.08579803460611,12.459917935185178,41.0,50.20800000000002,41.8777980346061,21.0
-1,-97.70820065028504,11.280234550925927,47.0,52.99200000000001,44.716200650285046,22.0
-1,-98.87813759697778,15.64572471759258,53.0,57.88800000000003,40.99013759697775,22.0
-1,-82.42362489007074,16.09276843981478,44.0,50.112000000000016,32.311624890070725,17.0
-1,-91.85169876303736,20.427981013888843,49.0,55.87200000000003,35.97969876303732,18.0
-1,-101.92419675608753,11.97931562037037,44.0,57.024000000000015,44.9001967560875,24.0
-1,-89.23889615143422,16.32674460648149,53.0,61.632000000000026,27.60689615143419,16.0
-1,-118.36013294488824,20.87749514351841,48.0,59.712000000000025,58.64813294488823,21.0
-1,-71.60901194412108,12.052207842592598,36.0,45.12000000000002,26.489011944121067,17.0
-1,-112.84646856537192,17.069802333333314,64.0,66.91200000000003,45.93446856537187,20.0
-1,-90.10190321490276,17.490603027777745,45.0,54.43200000000002,35.66990321490274,19.0
-1,-86.31300151779709,23.87596149074076,53.0,47.13600000000002,39.17700151779707,17.0
-1,-112.31689884812174,20.25849329629621,56.0,65.76000000000003,46.556898848121705,21.0
-1,-73.25327189015827,11.88888127777776,41.0,47.23200000000001,26.02127189015826,17.0
-1,-87.47216212305418,14.095511990740745,41.0,44.54400000000001,42.928162123054165,21.0
-1,-89.33523268897142,18.80060880555553,49.0,55.872000000000014,33.463232688971395,17.0
-1,-104.46928568923028,20.4200730925925,50.0,52.32000000000002,52.14928568923027,20.0
-1,-97.05329196148855,17.600832166666663,42.0,50.496000000000016,46.55729196148855,19.0
-1,-103.22071660112763,14.821737402777744,52.0,68.64000000000003,34.58071660112761,20.0
-1,-89.95558012864588,15.204778324074082,46.0,47.13600000000002,42.81958012864585,24.0
-1,-128.51661977493055,18.982040180555487,51.0,63.93600000000003,64.58061977493053,21.0
-1,-77.40801716003676,12.589329458333337,43.0,48.192000000000014,29.216017160036746,18.0
-1,-85.5009105684076,17.38112753240737,37.0,47.712000000000025,37.78891056840758,18.0
-1,-98.01314895551812,14.898712032407396,50.0,58.65600000000001,39.35714895551811,18.0
-1,-91.1703659941392,12.95198571759259,39.0,50.01600000000001,41.154365994139184,22.0
-1,-91.72240597430708,15.402409953703687,41.0,43.10400000000001,48.618405974307045,21.0
-1,-91.87606136053202,17.835031199074045,55.0,57.98400000000003,33.892061360532,18.0
-1,-121.9814781514162,18.20967868981471,63.0,80.06400000000004,41.91747815141618,21.0
-1,-106.08758033286264,18.694826874999933,54.0,60.19200000000002,45.895580332862615,23.0
-1,-95.7246857838804,24.9064235046296,62.0,61.24800000000003,34.47668578388037,14.0
-1,-102.6598998488981,21.49901072222216,46.0,52.70400000000002,49.955899848898085,20.0
-1,-82.85833630336295,15.029325986111097,33.0,40.70400000000001,42.15433630336294,24.0
-1,-83.98987215902021,14.590886138888887,49.0,61.24800000000001,22.7418721590202,14.0
-1,-98.2064539297813,18.66066159259256,46.0,52.12800000000002,46.07845392978129,19.0
-1,-95.4401254481912,21.45933486574068,51.0,57.50400000000002,37.93612544819117,19.0
-1,-84.64499759720303,13.764975421296285,42.0,51.64800000000002,32.996997597203006,19.0
-1,-97.94396060437934,15.40187261574072,56.0,67.00800000000004,30.935960604379304,18.0
-1,-87.27809404520866,13.65415799074073,42.0,53.18400000000001,34.09409404520864,22.0
-1,-95.84886079284804,17.861966949074045,53.0,56.06400000000002,39.78486079284801,22.0
-1,-81.65045985771008,13.216904421296292,43.0,52.60800000000002,29.042459857710057,17.0
-1,-92.80419379996698,18.146613157407383,39.0,44.35200000000002,48.45219379996696,21.0
-1,-79.86855654859968,12.590049328703698,43.0,46.84800000000001,33.020556548599664,20.0
-1,-95.41828170125083,17.92947683796293,46.0,55.00800000000002,40.41028170125081,19.0
-1,-85.94680702927431,14.349719962962968,40.0,43.77600000000001,42.1708070292743,19.0
-1,-94.57260049834316,15.332360236111132,48.0,52.70400000000003,41.86860049834311,23.0
-1,-101.92557131647116,19.63558251388884,46.0,45.88800000000001,56.03757131647114,21.0
-1,-87.91507463269951,17.636313300925906,47.0,46.65600000000003,41.25907463269949,20.0
-1,-95.0772063376539,13.864216282407376,41.0,51.45600000000002,43.62120633765388,22.0
-1,-96.63983014882402,23.533261115740668,51.0,58.56000000000002,38.07983014882399,17.0
-1,-98.0593037149346,14.702142847222202,42.0,54.81600000000002,43.24330371493456,21.0
-1,-79.17170453249045,17.956569009259198,42.0,52.704000000000015,26.467704532490444,16.0
-1,-105.8788767213672,12.783455981481469,37.0,45.216000000000015,60.66287672136718,22.0
-1,-81.86341768619366,18.39714381018518,44.0,50.20800000000001,31.65541768619364,19.0
-1,-101.1051276596326,17.79792225462963,44.0,46.84800000000002,54.2571276596326,20.0
-1,-103.16820769251343,11.97158495833335,45.0,60.57600000000003,42.59220769251342,20.0
-1,-111.50833732608392,20.173739685185087,51.0,60.09600000000003,51.4123373260839,22.0
-1,-94.02205841819097,20.757820347222147,56.0,63.55200000000002,30.470058418190952,16.0
-1,-104.53111657569733,14.110643944444426,38.0,49.728000000000016,54.80311657569732,25.0
-1,-87.87898555081023,15.489515083333336,44.0,44.83200000000001,43.04698555081023,22.0
-1,-91.49867935763169,10.79145556018518,43.0,48.960000000000015,42.53867935763167,22.0
-1,-101.41178675227502,21.15983443981471,51.0,62.208000000000034,39.20378675227499,21.0
-1,-141.23673733271409,18.072722879629566,61.0,83.23200000000004,58.00473733271406,21.0
-1,-97.5204280339964,22.92981995833326,58.0,65.28000000000003,32.24042803399637,19.0
-1,-108.06406329843368,20.80817022685184,53.0,64.70400000000002,43.36006329843364,18.0
-1,-101.488829170045,20.033982990740707,60.0,63.93600000000004,37.552829170044944,15.0
-1,-99.44011124145494,15.962866037037044,50.0,54.81600000000002,44.62411124145492,21.0
-1,-95.67860374623729,14.210717060185182,46.0,58.56000000000002,37.118603746237255,18.0
-1,-86.24184083311269,11.780128046296312,43.0,48.19200000000002,38.04984083311267,21.0
-1,-100.23249841725436,15.016778592592589,55.0,66.62400000000002,33.60849841725434,17.0
-1,-100.80476791784744,20.791962726851796,54.0,57.98400000000003,42.82076791784742,18.0
-1,-96.93118428654066,12.92859876851854,41.0,44.832000000000015,52.09918428654065,23.0
-1,-81.94073582621357,14.240618476851838,45.0,57.50400000000002,24.43673582621356,13.0
-1,-90.84198786409786,17.391023291666638,44.0,56.44800000000002,34.39398786409784,20.0
-1,-103.89897755852763,14.447104310185178,43.0,58.08000000000003,45.8189775585276,19.0
