-1,-688.5596717275829,93.8744646481481,221.0,138.624,549.9356717275829,30.0
-1,-274.19871601489444,33.73677643055556,192.0,185.28000000000003,88.91871601489439,27.0
-1,-247.21241504698932,49.1403792685185,197.0,162.9119999999999,84.30041504698946,21.0
-1,-257.1223367941949,40.21789172222229,264.0,218.9759999999997,38.14633679419516,20.0
-1,-276.9837585257312,58.63616167592591,224.0,168.1920000000002,108.79175852573104,23.0
-1,-230.70893288046517,38.24899868055561,198.0,162.71999999999994,67.9889328804652,24.0
-1,-248.3923299052764,26.13441397222219,218.0,189.12000000000003,59.27232990527636,23.0
-1,-295.222168967505,34.415051763888854,228.0,233.376,61.84616896750498,21.0
-1,-209.52915807680907,33.54401004629627,161.0,144.0960000000001,65.43315807680898,25.0
-1,-223.17478225684005,36.79769479629631,180.0,166.17600000000004,56.99878225684,22.0
-1,-330.1685809440572,39.742535162037015,289.0,264.6719999999996,65.49658094405761,18.0
-1,-264.593148773555,28.475218175925903,223.0,221.47199999999984,43.12114877355519,19.0
-1,-253.2719168796611,35.62145281018515,200.0,187.872,65.39991687966109,24.0
-1,-239.5835631004717,25.44217686111109,197.0,201.0239999999999,38.55956310047181,19.0
-1,-218.87669375042577,36.30871715740741,174.0,167.99999999999997,50.8766937504258,20.0
-1,-199.7995072884168,34.84788325000003,157.0,150.3360000000001,49.46350728841671,21.0
-1,-261.396198965577,47.75506989351859,176.0,141.79200000000003,119.60419896557698,24.0
-1,-268.48889339431685,38.09405586111115,223.0,185.7599999999999,82.72889339431697,23.0
-1,-241.70332436622897,30.580837685185223,227.0,203.1359999999998,38.56732436622917,19.0
-1,-261.61666929284013,42.48969598148148,191.0,187.8720000000001,73.74466929284002,20.0
-1,-280.3324771683571,36.92335008796299,198.0,195.648,84.68447716835708,24.0
-1,-265.1909550819776,25.444188995370357,247.0,238.7519999999998,26.438955081977817,15.0
-1,-199.30595987860684,24.52415876388889,173.0,167.80799999999994,31.497959878606917,17.0
-1,-262.7684952293151,31.69031042129631,224.0,205.24800000000008,57.520495229315024,23.0
-1,-279.7491890319178,28.78483613888884,236.0,246.8159999999998,32.93318903191801,17.0
-1,-239.80838653740636,26.036774648148157,206.0,199.296,40.51238653740637,19.0
-1,-200.0322424112556,24.40177739814815,193.0,162.33599999999987,37.69624241125575,19.0
-1,-235.91163745674345,37.06725636574076,191.0,172.224,63.687637456743474,23.0
-1,-209.93734774472128,38.06064791203704,151.0,143.90400000000005,66.03334774472123,19.0
-1,-216.6516426640717,36.30907744907407,205.0,182.1119999999999,34.539642664071806,18.0
-1,-214.94928548082677,33.67661268981487,176.0,169.82399999999996,45.1252854808268,21.0
-1,-176.48754814014694,21.13997226851853,149.0,145.24800000000002,31.239548140146937,16.0
-1,-263.0830603401012,25.268553472222248,195.0,207.74400000000003,55.33906034010114,23.0
-1,-222.021585426798,30.47007364351852,171.0,166.08000000000013,55.94158542679783,24.0
-1,-250.01594932414537,26.59290314351849,237.0,221.56799999999976,28.447949324145625,15.0
-1,-191.44613782335648,31.53164216203706,141.0,144.0960000000001,47.350137823356405,19.0
-1,-218.48360972202155,27.60906831018519,166.0,156.48,62.003609722021565,20.0
-1,-229.1036535879642,38.13539411111116,169.0,165.12000000000006,63.98365358796414,22.0
-1,-165.10253731672177,24.29118888425923,117.0,121.15200000000006,43.950537316721714,22.0
-1,-247.6661453895941,26.85922452777777,180.0,201.02400000000003,46.64214538959408,18.0
-1,-164.5565031924194,28.9708855740741,116.0,111.84000000000002,52.71650319241939,23.0
-1,-183.0596836560935,28.362805995370387,137.0,124.80000000000008,58.25968365609343,25.0
-1,-186.0685361670587,29.542368013888865,138.0,135.07200000000003,50.99653616705869,23.0
-1,-153.60518128747685,23.39887275925925,93.0,94.65600000000003,58.94918128747683,24.0
-1,-153.88728519403537,27.472233495370403,124.0,109.056,44.831285194035374,21.0
-1,-158.10488429732374,21.036793305555527,107.0,110.68800000000005,47.41688429732369,23.0
-1,-161.02771701309922,28.451492069444445,90.0,81.31200000000001,79.71571701309921,28.0
-1,-147.5469385637396,23.144712624999983,78.0,88.99200000000005,58.55493856373954,25.0
-1,-166.60977636871337,26.37497539351852,85.0,87.93600000000004,78.67377636871333,27.0
-1,-122.78450404246033,19.142611467592584,76.0,75.07200000000002,47.712504042460296,25.0
-1,-188.88586150811372,26.10012059722222,110.0,100.22399999999998,88.66186150811376,29.0
-1,-137.14739864426411,30.048540722222217,111.0,92.54400000000004,44.60339864426408,22.0
-1,-167.11275417689518,32.95574475462964,92.0,86.97600000000004,80.13675417689512,20.0
-1,-124.93730966231416,22.060092194444444,75.0,78.14400000000003,46.79330966231414,23.0
-1,-108.51702721728785,21.351319407407352,54.0,51.07200000000002,57.44502721728783,22.0
-1,-116.47924035420812,21.549911754629644,65.0,58.36800000000002,58.11124035420809,23.0
-1,-159.81758673851442,34.530775435185106,80.0,77.76000000000003,82.05758673851437,26.0
-1,-140.532143583148,26.249530736111115,93.0,79.00800000000004,61.52414358314797,24.0
-1,-124.71891833943047,27.062168694444452,71.0,71.52000000000004,53.19891833943045,24.0
-1,-125.42865997888887,19.7470691574074,60.0,60.480000000000025,64.94865997888886,26.0
-1,-119.54438487222248,16.950652476851833,53.0,51.07200000000002,68.47238487222245,28.0
-1,-112.7294190507736,12.777315898148151,47.0,54.04800000000002,58.68141905077357,21.0
-1,-151.15281022516868,22.960724342592563,63.0,68.16000000000004,82.99281022516864,25.0
-1,-143.26613251807805,26.51822468981476,71.0,69.88800000000002,73.37813251807805,24.0
-1,-155.05845813961423,26.588289518518465,74.0,88.60800000000005,66.45045813961417,23.0
-1,-95.95828436411384,16.558306462962964,39.0,43.39200000000001,52.56628436411382,22.0
-1,-167.84352808235144,24.77583480092581,66.0,77.08800000000004,90.7555280823514,24.0
-1,-119.4131250326498,21.68142346759258,50.0,63.16800000000002,56.24512503264976,18.0
-1,-115.71668391444776,15.863323578703698,38.0,46.94400000000001,68.77268391444777,23.0
-1,-151.9972682302365,17.23399698148146,46.0,66.52800000000002,85.4692682302365,23.0
-1,-127.33804840506386,25.60330639351841,50.0,57.98400000000003,69.35404840506382,21.0
-1,-112.36374765904408,11.80950132407406,31.0,36.96,75.40374765904406,25.0
-1,-124.61653115263444,18.052291425925905,59.0,66.14400000000003,58.47253115263442,22.0
-1,-122.0834947718354,15.536122115740708,39.0,50.304000000000016,71.77949477183537,25.0
-1,-115.83446502251267,15.678989842592577,52.0,52.22400000000001,63.61046502251268,21.0
-1,-129.4593681507978,19.29837498611105,48.0,58.17600000000002,71.28336815079778,24.0
-1,-110.46023375775968,15.432313467592577,40.0,49.344000000000015,61.11623375775967,25.0
-1,-115.24716120084608,15.58265521759259,46.0,53.56800000000002,61.67916120084607,22.0
-1,-93.86599695350168,15.003346629629627,40.0,43.58400000000002,50.28199695350168,22.0
-1,-116.25417842632858,16.861134120370355,37.0,47.52000000000001,68.73417842632857,21.0
-1,-139.32308980331544,20.537017999999986,53.0,57.12000000000001,82.20308980331544,23.0
-1,-110.59075298369255,22.334007592592567,51.0,50.78400000000002,59.80675298369254,23.0
-1,-116.0994394225107,21.80081108796284,45.0,49.728000000000016,66.37143942251069,22.0
-1,-131.40230398880095,18.293843643518453,45.0,49.056,82.34630398880094,26.0
-1,-157.00426345885563,18.910271555555497,58.0,72.86400000000003,84.1402634588556,21.0
-1,-122.83706717207382,27.225099962962936,68.0,67.48800000000003,55.34906717207379,18.0
-1,-118.17692913406006,17.323381342592572,40.0,46.94400000000002,71.23292913406004,24.0
-1,-123.10224217397388,14.845907263888868,43.0,57.79200000000002,65.31024217397385,23.0
-1,-118.71837864155032,20.18931176851846,65.0,64.41600000000003,54.30237864155029,22.0
-1,-124.19165632191664,14.93360253703704,47.0,56.06400000000002,68.12765632191662,24.0
-1,-128.79930369727052,24.28852496296285,69.0,69.50400000000003,59.29530369727048,25.0
-1,-119.8698071750852,18.06118915277773,44.0,57.60000000000003,62.26980717508517,20.0
-1,-200.78520969141996,18.80418295833325,75.0,107.90400000000004,92.88120969141988,25.0
-1,-102.11215472977273,11.973130337962967,29.0,39.55200000000001,62.56015472977273,26.0
-1,-105.63303416567214,16.568940472222206,43.0,50.88000000000001,54.75303416567214,22.0
-1,-111.63534793441175,15.724618509259248,35.0,37.824000000000005,73.81134793441174,21.0
-1,-144.15022121533207,18.95858049537034,55.0,69.21600000000002,74.93422121533206,26.0
-1,-121.82646358581329,21.33261432407396,48.0,55.20000000000002,66.62646358581327,24.0
-1,-139.00252335897432,18.784328226851795,47.0,58.46400000000002,80.53852335897429,25.0
-1,-127.9525432199932,22.99677863888883,56.0,56.73600000000002,71.21654321999318,24.0
-1,-124.45887237664068,20.132284467592545,57.0,63.74400000000004,60.71487237664063,20.0
-1,-188.93513582628,24.44382776851845,97.0,128.73600000000008,60.19913582627992,19.0
-1,-122.91400840067928,19.74028265740735,47.0,50.97600000000003,71.93800840067925,25.0
-1,-131.8621071772531,16.34020946296293,48.0,55.10400000000001,76.75810717725311,26.0
-1,-123.89631117264436,11.785875560185172,33.0,49.82400000000001,74.07231117264436,26.0
-1,-159.27970167096373,13.130308976851843,51.0,75.45600000000003,83.8237016709637,20.0
-1,-109.60298941556609,14.944292523148132,40.0,41.47200000000001,68.13098941556608,26.0
-1,-104.97225279245178,9.750400486111124,30.0,40.80000000000001,64.17225279245177,27.0
-1,-115.16829299912116,12.274285013888894,34.0,45.50400000000001,69.66429299912114,26.0
-1,-113.14569616654254,19.99600699074069,50.0,56.64000000000002,56.50569616654252,20.0
-1,-112.75820475710862,13.154825564814802,40.0,49.920000000000016,62.838204757108606,25.0
-1,-129.33424628938926,16.729016930555538,47.0,56.06400000000002,73.27024628938923,25.0
-1,-115.6660763879799,20.542700611111027,45.0,57.02400000000002,58.64207638797989,21.0
-1,-147.3464127851643,25.239780407407377,62.0,61.44000000000002,85.90641278516428,23.0
-1,-198.17705057185844,24.30116278240737,54.0,71.04,127.13705057185842,24.0
-1,-125.62133385563152,19.166627092592563,65.0,64.22400000000003,61.39733385563149,24.0
-1,-95.70944640543156,12.735287087962934,35.0,42.336000000000006,53.37344640543155,22.0
-1,-129.8323733004604,16.58704101388885,42.0,51.07200000000002,78.76037330046039,24.0
-1,-125.4278119636621,23.49816150925922,58.0,66.81600000000005,58.61181196366205,23.0
-1,-126.53987987566089,15.072674328703672,39.0,56.83200000000002,69.70787987566085,23.0
-1,-160.97115968629993,22.082405597222166,68.0,75.26400000000002,85.70715968629989,27.0
-1,-109.46362982927955,17.136777773148125,40.0,51.55200000000002,57.91162982927954,21.0
-1,-149.22197515399125,18.992411120370285,50.0,71.32800000000003,77.89397515399124,22.0
-1,-138.48869235305114,20.701536708333283,41.0,46.464000000000006,92.02469235305114,25.0
-1,-119.18866024056712,18.06546844907404,45.0,57.98400000000002,61.20466024056709,21.0
-1,-146.3692906425504,12.664502759259245,31.0,47.90400000000001,98.4652906425504,25.0
-1,-132.71452503439502,20.655270652777723,48.0,51.55200000000002,81.16252503439499,21.0
-1,-122.7563719129474,17.35949911111109,42.0,48.384000000000015,74.37237191294739,26.0
-1,-160.86971573329666,15.485886523148126,41.0,69.88800000000003,90.98171573329662,24.0
-1,-146.345711515858,18.93208431481474,53.0,72.38400000000003,73.96171151585798,21.0
-1,-115.1259159461154,13.742388842592602,34.0,45.50400000000001,69.62191594611541,24.0
-1,-126.8127675348206,15.553810884259244,39.0,47.616000000000014,79.1967675348206,24.0
-1,-124.90135712309834,21.730932240740703,52.0,59.904000000000025,64.99735712309831,22.0
-1,-123.72780761119944,18.18684126388885,48.0,56.544000000000025,67.18380761119943,22.0
-1,-126.57188880991868,14.191190736111096,36.0,47.424000000000014,79.14788880991867,23.0
-1,-114.01873616945544,14.047558759259257,34.0,39.74400000000001,74.27473616945544,24.0
-1,-114.66509669615888,16.49798802777775,40.0,44.92800000000001,69.73709669615887,22.0
-1,-144.23129011440182,12.424141004629629,39.0,51.45600000000001,92.7752901144018,26.0
-1,-113.8129850950872,13.778752527777751,37.0,51.45600000000002,62.356985095087175,22.0
-1,-125.88534881163474,24.960820046296195,46.0,51.74400000000001,74.14134881163473,19.0
-1,-141.9572647393169,14.697482467592572,39.0,60.76800000000002,81.1892647393169,23.0
-1,-137.01835373225825,17.615001624999955,46.0,62.49600000000002,74.52235373225822,22.0
-1,-153.54413206293265,14.580144958333316,44.0,60.57600000000002,92.9681320629326,28.0
-1,-185.4802877378007,16.29341513425922,60.0,88.22400000000005,97.25628773780063,26.0
-1,-137.65804814288043,19.86414212037034,42.0,54.62400000000002,83.03404814288041,21.0
-1,-97.12691579688764,13.331315041666658,32.0,38.112,59.01491579688763,25.0
-1,-147.72678529949883,22.305826907407315,61.0,69.21600000000002,78.51078529949879,23.0
-1,-124.62419004584358,16.9379162546296,42.0,52.60800000000002,72.01619004584356,23.0
-1,-124.75242300755978,17.473390319444427,39.0,54.048000000000016,70.70442300755977,20.0
-1,-130.63585779886,14.156944620370355,41.0,53.28000000000002,77.35585779885999,24.0
-1,-113.44995802128793,17.90869068518517,40.0,48.384000000000015,65.0659580212879,21.0
-1,-157.4946806337974,17.870968532407325,54.0,78.43200000000004,79.06268063379736,26.0
-1,-120.8909845575518,15.440162453703667,40.0,50.112000000000016,70.77898455755178,24.0
-1,-120.6522155515906,14.897670995370364,37.0,46.65600000000001,73.99621555159058,23.0
-1,-113.20144637211028,15.851670606481465,33.0,36.96,76.24144637211027,25.0
-1,-249.79588690699217,24.12520724999993,86.0,136.32000000000005,113.4758869069921,24.0
-1,-109.6418141093708,18.05091477777777,41.0,46.08000000000002,63.5618141093708,22.0
-1,-120.12189796109428,13.897814337962938,38.0,58.94400000000002,61.17789796109425,23.0
-1,-134.92634128743578,21.443322768518414,53.0,58.65600000000002,76.27034128743577,24.0
-1,-110.48264591399456,14.256192912037008,45.0,55.58400000000002,54.89864591399452,21.0
-1,-144.9797513544683,19.5836138842592,46.0,59.42400000000003,85.55575135446828,25.0
-1,-124.68134163827165,20.95646444907396,49.0,58.84800000000004,65.8333416382716,21.0
-1,-115.4595795206262,17.898685749999977,42.0,47.52000000000002,67.93957952062617,23.0
-1,-130.28810087258054,13.68754000462962,39.0,56.25600000000002,74.03210087258053,23.0
-1,-126.83753747775512,14.61720136111107,41.0,60.76800000000002,66.0695374777551,27.0
-1,-104.20671663227208,21.058806388888836,45.0,49.34400000000002,54.86271663227206,19.0
-1,-147.3937019322563,19.17273449999996,49.0,66.43200000000003,80.96170193225628,24.0
-1,-129.1954650033611,16.555471287037022,42.0,62.59200000000003,66.60346500336107,23.0
-1,-114.0724404960696,13.547894060185198,30.0,37.728,76.34444049606958,26.0
-1,-146.99639099088137,22.21666055092582,51.0,60.67200000000002,86.32439099088134,25.0
-1,-98.26646841887194,17.37958432870369,36.0,44.06400000000001,54.20246841887194,19.0
-1,-180.4781694197748,18.260829064814786,46.0,59.71200000000003,120.76616941977473,26.0
-1,-152.16546457632,16.198729995370336,47.0,67.20000000000003,84.96546457631999,25.0
-1,-119.9907932869786,18.04424091203701,38.0,47.90400000000002,72.08679328697859,20.0
-1,-118.34073506517473,24.5717172314814,55.0,67.77600000000002,50.5647350651747,20.0
-1,-119.85121696604688,14.983561643518511,38.0,51.45600000000002,68.39521696604686,21.0
-1,-125.55826766447856,18.499399851851788,42.0,51.84000000000002,73.71826766447855,20.0
-1,-102.91996954026854,15.353251458333338,39.0,47.52000000000002,55.39996954026853,21.0
-1,-118.52146060045422,14.622333504629625,40.0,48.86400000000001,69.65746060045421,26.0
-1,-123.3742547826624,23.23450680092583,50.0,60.76800000000003,62.606254782662376,18.0
-1,-116.01627983290408,16.79242063888885,42.0,50.88000000000002,65.13627983290407,22.0
-1,-105.11084043477793,19.305337564814756,40.0,47.04000000000001,58.07084043477791,21.0
-1,-126.1342532117547,19.68172966666663,44.0,56.352000000000025,69.78225321175468,22.0
-1,-88.55235201329278,11.725920032407386,41.0,42.04800000000001,46.50435201329277,21.0
-1,-111.21038089633797,19.720270291666623,47.0,51.744000000000014,59.46638089633796,21.0
-1,-114.40423770567844,20.46215376388887,61.0,60.28800000000004,54.116237705678415,20.0
-1,-127.73186237537712,18.75907300925919,55.0,56.160000000000025,71.57186237537711,25.0
-1,-135.77663879234296,21.00290453703697,46.0,55.10400000000002,80.67263879234295,21.0
-1,-107.0057979519166,19.18723545833325,41.0,49.15200000000002,57.85379795191658,20.0
-1,-106.35383339144596,11.612087106481466,33.0,41.95200000000001,64.40183339144596,25.0
-1,-126.007547703151,19.974365180555477,52.0,63.84000000000003,62.16754770315096,21.0
-1,-95.08056909399411,9.158039074074082,24.0,28.224,66.85656909399412,28.0
-1,-109.9770084174318,19.870162574074023,50.0,60.096000000000025,49.881008417431765,18.0
-1,-117.65112330900796,21.901950810185102,52.0,55.872000000000014,61.77912330900794,21.0
-1,-111.74763740363969,13.633283282407382,34.0,47.13600000000001,64.61163740363966,22.0
-1,-103.8978463505764,14.332398444444411,35.0,48.86400000000001,55.0338463505764,23.0
-1,-110.95327150843052,15.065236300925926,47.0,45.21600000000002,65.73727150843051,24.0
-1,-125.9572559047595,17.919444601851826,41.0,51.26400000000002,74.6932559047595,22.0
-1,-143.35486812478874,14.559281865740727,47.0,60.960000000000015,82.39486812478873,23.0
-1,-119.51690701091866,15.46121893981479,38.0,55.10400000000002,64.41290701091864,24.0
-1,-136.87456198982716,19.439975657407334,46.0,63.55200000000004,73.32256198982712,20.0
-1,-118.43914062649174,13.694166342592595,50.0,57.21600000000002,61.22314062649171,26.0
-1,-104.85994464343582,26.557827162036983,50.0,44.54400000000002,60.315944643435806,19.0
-1,-122.3923492367434,18.748413597222168,59.0,64.12800000000003,58.26434923674336,23.0
-1,-123.94435148409954,17.46916093981477,40.0,49.152000000000015,74.79235148409953,26.0
-1,-129.92605954766998,23.182421263888827,58.0,58.75200000000004,71.17405954766994,26.0
-1,-121.69543766111757,17.14403158796293,45.0,57.88800000000003,63.80743766111754,23.0
-1,-115.9912862013411,11.452795245370352,34.0,47.04000000000001,68.95128620134108,25.0
-1,-86.9153523744733,13.637587222222225,35.0,42.72000000000001,44.19535237447329,19.0
-1,-93.80745481681888,18.13976154166665,36.0,42.81600000000002,50.99145481681886,17.0
-1,-133.37956069834007,11.22402505092592,38.0,56.064000000000014,77.31556069834005,25.0
-1,-113.61700753493912,15.960497601851854,38.0,56.54400000000002,57.07300753493911,21.0
-1,-127.04811320473787,14.451230814814815,32.0,41.184000000000005,85.86411320473789,26.0
-1,-173.81210443237285,17.910755268518475,52.0,70.84800000000003,102.96410443237284,24.0
-1,-130.41280417649835,22.14004373611106,60.0,66.91200000000003,63.500804176498335,26.0
-1,-125.84353767245616,15.33343709259258,48.0,63.36000000000003,62.48353767245612,22.0
-1,-135.78859101079053,21.35786304166654,47.0,57.79200000000003,77.99659101079051,22.0
-1,-132.4418357616451,25.651988995370317,50.0,57.696000000000026,74.74583576164508,20.0
-1,-116.38801675041302,17.6841571296296,43.0,44.92800000000002,71.460016750413,22.0
-1,-108.0808677923971,15.58934061111111,35.0,32.544,75.5368677923971,26.0
-1,-111.77789261336312,17.655431013888855,40.0,47.23200000000001,64.54589261336311,20.0
-1,-186.296187555595,20.233498421296197,63.0,90.52800000000003,95.76818755559496,29.0
-1,-116.65473570438012,15.393022004629591,37.0,52.704000000000015,63.95073570438012,23.0
-1,-93.15424310973958,12.165149092592602,31.0,34.559999999999995,58.59424310973959,27.0
-1,-101.3175886886937,12.72964052314814,33.0,47.232000000000006,54.0855886886937,26.0
-1,-118.58672361328568,14.267236587962952,44.0,53.37600000000002,65.21072361328567,24.0
-1,-189.28861357525025,16.78844112037033,59.0,87.26400000000002,102.0246135752502,27.0
-1,-141.8617409552803,22.328729194444364,50.0,51.360000000000014,90.50174095528028,25.0
-1,-175.12325340508715,30.473456018518466,77.0,71.42400000000004,103.6992534050871,22.0
-1,-134.64127895483384,26.99681084259252,62.0,62.78400000000003,71.8572789548338,22.0
-1,-128.11789657831943,14.057960462962953,43.0,56.064000000000014,72.05389657831941,25.0
-1,-116.16570890188784,18.279044111111077,43.0,44.256000000000014,71.90970890188783,22.0
-1,-175.6536593617945,17.24003433333328,58.0,81.98400000000004,93.66965936179449,25.0
-1,-157.36635226137787,9.488766768518513,41.0,69.40800000000003,87.95835226137783,25.0
-1,-110.95153678958904,17.679559180555508,49.0,53.28000000000002,57.671536789589,21.0
-1,-150.61324968538418,15.84503845370368,55.0,69.40800000000003,81.20524968538413,25.0
-1,-135.7964751101846,19.094930300925885,50.0,57.312000000000026,78.48447511018456,23.0
-1,-153.6621214769014,17.462909453703638,45.0,61.72800000000002,91.93412147690138,25.0
-1,-103.9840182622642,16.364759425925932,40.0,48.000000000000014,55.9840182622642,22.0
-1,-112.3798021378886,14.90487140740738,41.0,50.49600000000002,61.883802137888566,23.0
-1,-125.95150866916596,16.447700569444425,44.0,61.15200000000003,64.79950866916592,22.0
-1,-117.321677541678,13.551828749999986,41.0,52.89600000000002,64.425677541678,28.0
-1,-119.34580730917456,22.21625147222214,45.0,45.12000000000002,74.22580730917453,21.0
-1,-118.85306597035408,20.50210084722216,51.0,51.93600000000002,66.91706597035405,22.0
-1,-119.2939260644003,14.741492462962947,42.0,56.54400000000002,62.74992606440028,23.0
-1,-113.52383493277908,19.18201309722217,47.0,57.40800000000003,56.115834932779045,21.0
-1,-134.90543366173452,13.2856664537037,39.0,49.05600000000001,85.84943366173451,26.0
-1,-108.87278055616898,18.26033932870364,42.0,49.44000000000002,59.43278055616896,21.0
-1,-136.98173484056264,26.093876606481388,58.0,61.53600000000003,75.44573484056262,21.0
-1,-109.50498740243286,18.813456384259208,50.0,47.712,61.79298740243286,20.0
-1,-101.39221235133928,16.368008625000005,34.0,45.88800000000001,55.50421235133926,19.0
-1,-109.51421393570487,10.85751373611111,34.0,44.16000000000001,65.35421393570488,26.0
-1,-139.61521592957962,22.35617532407393,51.0,71.61600000000003,67.99921592957958,22.0
-1,-155.90637898383778,15.904418935185138,50.0,70.84800000000003,85.05837898383774,23.0
-1,-124.19571387911664,19.839177328703684,44.0,47.52000000000002,76.67571387911663,22.0
-1,-130.27252681324555,19.40428090277772,47.0,59.90400000000001,70.36852681324554,23.0
-1,-128.88644908786463,18.18443178240738,57.0,67.39200000000004,61.4944490878646,21.0
-1,-117.33658129006344,15.454615601851836,37.0,47.42400000000001,69.91258129006344,23.0
-1,-152.38239428182146,14.895986398148125,37.0,50.78400000000001,101.59839428182146,27.0
-1,-119.61162553594735,14.853874759259242,37.0,45.984000000000016,73.62762553594735,25.0
-1,-118.04023764702784,23.10453069907401,58.0,57.696000000000026,60.34423764702783,19.0
-1,-139.16728063422138,23.41524045370364,68.0,79.00800000000004,60.15928063422134,22.0
-1,-131.25808332650917,12.670384902777757,31.0,39.072,92.18608332650918,26.0
-1,-112.57603424138,12.653129773148136,46.0,60.864000000000026,51.712034241379975,24.0
-1,-106.39661330969304,18.10985290277773,37.0,46.656000000000006,59.74061330969304,16.0
-1,-103.85589315568488,16.474256888888867,44.0,48.960000000000015,54.89589315568485,23.0
-1,-144.301826727905,13.71399157407406,44.0,59.32800000000002,84.97382672790496,23.0
-1,-134.44103101168932,17.74586411111108,47.0,57.504000000000026,76.93703101168929,25.0
-1,-176.67907449775015,18.02964719444437,51.0,64.22400000000002,112.45507449775012,26.0
-1,-127.91276268382704,13.964388379629616,34.0,49.44000000000001,78.47276268382701,23.0
-1,-112.86440292508556,17.447677495370346,47.0,61.92000000000003,50.94440292508553,19.0
-1,-98.01429500023448,21.118897583333275,55.0,54.33600000000003,43.67829500023445,21.0
-1,-108.71842099804653,20.512327037036982,59.0,58.56000000000003,50.1584209980465,22.0
-1,-132.73939533108995,17.471430921296246,48.0,66.04800000000003,66.69139533108992,22.0
-1,-110.90635961800064,20.56809602777772,47.0,53.088000000000015,57.81835961800064,20.0
-1,-111.14196273254622,14.858133824074075,54.0,51.45600000000002,59.6859627325462,23.0
-1,-87.99291120793423,10.957962157407383,46.0,53.37600000000002,34.61691120793421,19.0
-1,-144.49347835097765,22.06301235648148,60.0,66.72000000000003,77.77347835097758,23.0
-1,-91.067651506113,11.025598310185176,30.0,45.12000000000001,45.94765150611298,19.0
-1,-98.87668642586272,17.500969092592573,40.0,50.78400000000001,48.09268642586272,17.0
-1,-116.47912520843452,15.440135731481485,57.0,52.80000000000001,63.67912520843449,25.0
-1,-111.89191041278856,20.11497126388885,61.0,62.976000000000006,48.91591041278854,21.0
-1,-168.5437415124751,20.424573407407276,66.0,99.74400000000006,68.79974151247501,22.0
-1,-89.24497131126334,16.316293504629606,47.0,49.53600000000003,39.70897131126331,17.0
-1,-129.41441462087502,18.873191856481437,42.0,51.84000000000002,77.574414620875,20.0
-1,-134.43325656177947,14.647552069444435,40.0,50.40000000000001,84.03325656177945,23.0
-1,-112.3224843971566,18.66771786111105,58.0,57.696000000000026,54.62648439715657,23.0
-1,-125.25954913615334,27.637165777777767,79.0,69.21600000000004,56.043549136153295,18.0
-1,-102.07439124500394,15.20424238425928,40.0,51.55200000000002,50.52239124500392,20.0
-1,-143.36271052444027,20.847380055555423,77.0,80.73600000000005,62.62671052444024,26.0
-1,-146.23836829716817,15.933231763888871,48.0,63.45600000000003,82.78236829716815,22.0
-1,-107.13979149597692,13.84557198148147,45.0,48.86400000000001,58.27579149597689,24.0
-1,-132.27163847646543,24.17251868981476,49.0,57.60000000000003,74.67163847646539,21.0
-1,-95.9588874067423,10.274834574074069,34.0,44.92800000000001,51.030887406742295,25.0
-1,-133.2947096300354,24.91230980092585,67.0,60.00000000000002,73.29470963003538,23.0
-1,-150.05063841806833,24.52584895370365,47.0,53.088000000000015,96.96263841806832,21.0
-1,-112.41841679033874,18.01822271296292,51.0,53.088000000000015,59.33041679033872,20.0
-1,-147.46146980113346,26.100217773148074,76.0,78.14400000000005,69.31746980113341,22.0
-1,-113.05699270777464,17.46333948148145,47.0,56.640000000000015,56.41699270777463,20.0
-1,-124.1930745979871,29.05489869444436,71.0,64.89600000000004,59.29707459798707,18.0
-1,-115.90824819283762,12.338340013888892,57.0,60.288000000000025,55.62024819283759,26.0
-1,-93.06219255748908,10.716678240740736,34.0,40.512,52.55019255748907,26.0
-1,-146.3700430271016,21.90285954629621,55.0,73.05600000000004,73.31404302710155,22.0
-1,-123.0670340695636,17.510961902777765,42.0,49.24800000000001,73.81903406956359,21.0
-1,-112.2733815342866,24.15926851851841,62.0,52.89600000000003,59.37738153428659,22.0
-1,-86.47296419920002,19.293356935185138,47.0,39.072,47.400964199200025,23.0
-1,-103.95218443549928,13.112949351851825,37.0,43.29600000000001,60.65618443549927,23.0
-1,-119.90284401251957,16.843247407407347,52.0,60.19200000000003,59.71084401251953,22.0
-1,-115.26290238417896,21.056456712962923,50.0,54.81600000000002,60.44690238417894,17.0
-1,-121.93344716764634,18.81785288425923,44.0,51.26400000000002,70.66944716764631,20.0
-1,-126.9594139157465,19.45118011111104,61.0,60.57600000000003,66.38341391574646,24.0
-1,-117.09783764062443,19.99746857870365,63.0,60.48000000000003,56.617837640624415,22.0
-1,-105.29106523717184,13.565008361111117,35.0,41.664000000000016,63.62706523717184,22.0
-1,-123.39333955143074,23.013783083333266,82.0,71.42400000000005,51.96933955143069,23.0
-1,-117.12481514993642,19.10742878240734,54.0,58.27200000000003,58.8528151499364,24.0
-1,-118.70707188539396,13.262596282407408,40.0,50.20800000000003,68.49907188539393,23.0
-1,-120.0285747981642,13.934944189814788,48.0,57.696000000000026,62.33257479816419,27.0
-1,-116.70682606482416,25.09965123611104,54.0,50.49600000000002,66.21082606482415,19.0
-1,-126.7277766098774,11.15361252777777,37.0,54.048000000000016,72.6797766098774,25.0
-1,-127.84603086866916,18.8575272731481,57.0,57.98400000000003,69.86203086866915,23.0
-1,-95.4056012158418,16.931521787036992,37.0,42.52800000000001,52.8776012158418,21.0
-1,-115.48266182345009,17.281727935185152,43.0,51.552000000000014,63.93066182345006,21.0
-1,-117.816045000826,20.155106138888826,49.0,55.10400000000002,62.71204500082597,22.0
-1,-103.37980217050033,12.997195939814786,42.0,53.37600000000002,50.0038021705003,20.0
-1,-119.06980522792148,15.941028532407389,53.0,61.056000000000026,58.01380522792145,20.0
-1,-140.4041213036818,23.33671663425919,69.0,79.20000000000005,61.20412130368174,20.0
-1,-112.99373750787365,12.183988833333323,46.0,49.05600000000001,63.93773750787363,24.0
-1,-110.9373818453223,12.473011069444413,43.0,62.97600000000003,47.96138184532227,18.0
-1,-88.21755629698134,10.945603500000018,36.0,29.952000000000005,58.26555629698133,27.0
-1,-108.24288046831258,24.167508439814767,55.0,58.75200000000003,49.49088046831255,17.0
-1,-106.66401136766272,24.54710797222218,54.0,52.512000000000015,54.152011367662695,20.0
-1,-111.70412245613404,18.378794925925888,66.0,66.81600000000003,44.88812245613401,23.0
-1,-97.30799825403068,14.208612546296283,45.0,52.60800000000002,44.69999825403067,20.0
-1,-105.37450758507023,17.49537876388885,62.0,51.16800000000002,54.20650758507022,24.0
-1,-129.14837676757932,15.281445847222216,53.0,66.72000000000003,62.42837676757929,25.0
-1,-105.12266213118224,19.67928033333332,62.0,54.33600000000002,50.78666213118223,22.0
-1,-105.63592920426144,21.31748674999996,52.0,49.72800000000002,55.90792920426141,20.0
-1,-124.6873597089521,18.512424115740693,66.0,77.47200000000004,47.215359708952064,21.0
-1,-128.20389278253805,17.76158873148145,51.0,59.04000000000003,69.16389278253801,23.0
-1,-129.2566775982258,25.85039172685178,73.0,67.87200000000003,61.38467759822575,20.0
-1,-84.42063581015285,13.500813574074064,35.0,45.408000000000015,39.01263581015282,18.0
-1,-127.98167753893486,26.82453359722219,76.0,71.71200000000003,56.26967753893484,20.0
-1,-93.10480494793862,22.56211399074065,47.0,49.248000000000026,43.856804947938585,18.0
-1,-115.46011814433815,17.737377398148112,50.0,51.744000000000014,63.71611814433816,23.0
-1,-114.32954257990038,16.249352847222195,45.0,54.432000000000016,59.89754257990036,24.0
-1,-144.42288950698145,30.426879615740667,78.0,68.44800000000004,75.97488950698141,19.0
-1,-114.94811666030267,18.3248402824074,45.0,53.088000000000015,61.860116660302666,20.0
-1,-113.53138636268848,19.79184355555552,47.0,56.44800000000003,57.08338636268845,19.0
-1,-129.05425890673632,20.438971245370336,49.0,56.736000000000026,72.3182589067363,20.0
-1,-105.88424109847185,20.00675927314808,47.0,50.97600000000002,54.90824109847183,21.0
-1,-118.24124425619284,15.491853388888885,48.0,49.92000000000002,68.3212442561928,24.0
-1,-133.7698680805533,14.075360481481464,53.0,64.32000000000004,69.44986808055327,26.0
-1,-132.18515523089127,15.401662601851836,52.0,59.04000000000003,73.14515523089125,25.0
-1,-105.09621695989748,15.744816949074076,51.0,55.48800000000003,49.60821695989745,22.0
-1,-108.9632843658035,29.825087074074048,66.0,46.94400000000002,62.019284365803486,20.0
-1,-111.02051255160922,17.480517749999972,60.0,62.68800000000003,48.332512551609184,21.0
-1,-119.99933370008564,15.728519828703696,43.0,48.86400000000002,71.13533370008562,25.0
-1,-95.04326843679704,17.006620523148126,47.0,40.896000000000015,54.14726843679704,22.0
-1,-95.24298639771484,21.2782375648148,39.0,37.824000000000005,57.41898639771483,17.0
-1,-116.3833973511345,14.111456254629609,46.0,50.112000000000016,66.27139735113448,27.0
-1,-112.9764978805251,18.054939120370356,50.0,53.85600000000002,59.12049788052508,21.0
-1,-121.47407042034612,17.694935787036975,43.0,48.576000000000015,72.89807042034612,24.0
-1,-127.35216767602827,18.907811675925853,61.0,70.27200000000003,57.08016767602825,22.0
-1,-123.37959556477756,17.03616871296293,54.0,64.12800000000003,59.25159556477752,25.0
-1,-100.91596433963562,16.646492916666645,49.0,49.536000000000016,51.37996433963561,22.0
-1,-127.65766963834795,17.03280460648145,53.0,57.98400000000002,69.67366963834795,25.0
-1,-130.8182855958161,19.56367215740733,79.0,68.54400000000001,62.27428559581608,23.0
-1,-114.798823488644,16.304229638888874,52.0,66.04800000000002,48.75082348864397,20.0
-1,-108.42425172709666,24.081130870370288,54.0,49.344000000000015,59.080251727096645,20.0
-1,-84.21338184017932,10.813518189814802,31.0,40.8,43.413381840179326,20.0
-1,-110.40999899422292,17.39935208796295,54.0,52.12800000000002,58.28199899422291,21.0
-1,-78.13994406101686,13.00626906944443,38.0,39.168000000000006,38.971944061016856,22.0
-1,-114.27014983876371,18.862169842592543,57.0,60.672000000000025,53.5981498387637,23.0
-1,-132.4698974945625,23.904636018518428,82.0,76.89600000000003,55.57389749456247,22.0
-1,-113.21271586264749,21.272202791666597,55.0,63.74400000000004,49.46871586264746,19.0
-1,-130.03732102761518,23.180735212962887,76.0,65.47200000000002,64.56532102761514,24.0
-1,-108.98295314639904,19.894926921296257,49.0,49.24800000000002,59.73495314639902,22.0
-1,-111.4437160303089,22.668437462962927,68.0,70.65600000000003,40.787716030308864,20.0
-1,-115.1970729582099,15.817263601851842,49.0,56.92800000000003,58.26907295820986,24.0
-1,-106.74720331696622,18.750972749999963,40.0,47.23200000000001,59.5152033169662,19.0
-1,-132.8969039319427,17.659512587962922,54.0,58.08000000000003,74.81690393194265,23.0
-1,-111.92256197241332,21.13344728703699,57.0,60.96000000000002,50.962561972413305,21.0
-1,-123.72954432374569,21.612305351851774,90.0,71.42400000000004,52.30554432374563,21.0
-1,-107.7571149486341,27.01995304166656,76.0,63.360000000000014,44.39711494863408,20.0
-1,-82.09248055612288,15.525395638888895,38.0,38.400000000000006,43.69248055612288,21.0
-1,-119.03324952926236,28.340247203703612,56.0,64.60800000000003,54.42524952926233,16.0
-1,-115.92668229418776,20.12142549537031,59.0,69.50400000000003,46.42268229418772,19.0
-1,-128.2043661398214,28.032574495370277,75.0,77.76000000000005,50.44436613982136,19.0
-1,-129.16208584233524,18.175307796296277,66.0,62.49600000000004,66.6660858423352,23.0
-1,-132.92283159847307,17.238846861111075,59.0,66.43200000000003,66.49083159847304,26.0
-1,-132.4244943085551,22.12764465277772,58.0,71.04000000000003,61.384494308555055,21.0
-1,-114.12452552096238,18.77389073148144,57.0,58.56000000000003,55.56452552096235,22.0
-1,-82.07064287586715,20.709110273148116,61.0,51.45600000000003,30.61464287586712,16.0
-1,-130.11119812383222,14.124183935185185,61.0,63.16800000000003,66.94319812383219,24.0
-1,-86.71473511508196,10.989022972222234,39.0,53.856000000000016,32.85873511508196,19.0
-1,-93.59703905098137,19.334463499999988,55.0,52.12800000000002,41.46903905098134,21.0
-1,-131.10658257952292,24.70988952314804,81.0,70.36800000000004,60.73858257952288,24.0
-1,-110.10658664670282,16.89228447222219,40.0,53.760000000000026,56.34658664670279,19.0
-1,-133.55359008210067,16.96766151388885,60.0,75.93600000000004,57.61759008210064,22.0
-1,-124.38511709877343,16.194401300925893,56.0,53.28000000000002,71.1051170987734,24.0
-1,-104.82678685305343,17.462612694444438,49.0,53.664000000000016,51.16278685305343,23.0
-1,-111.843418481015,23.118226620370308,66.0,66.81600000000003,45.02741848101496,20.0
-1,-104.53881540923054,14.412717912037026,32.0,41.66400000000001,62.87481540923053,22.0
-1,-106.74861129343324,9.847852518518533,38.0,52.89600000000002,53.85261129343321,26.0
-1,-95.83743397010126,10.084613273148152,29.0,34.848,60.98943397010126,24.0
-1,-97.56920487496146,16.788500680555554,45.0,43.10400000000001,54.46520487496144,21.0
-1,-109.0154766122249,21.098924129629523,53.0,57.60000000000003,51.41547661222487,18.0
-1,-119.289320738768,18.028799078703656,57.0,60.86400000000003,58.42532073876798,25.0
-1,-128.01281988454764,22.25394331018511,63.0,59.90400000000003,68.1088198845476,19.0
-1,-109.7461403069138,22.040013143518483,53.0,57.21600000000002,52.530140306913765,18.0
-1,-118.62541385835485,27.991963939814703,78.0,69.21600000000002,49.40941385835483,20.0
-1,-121.74940328609884,23.232477606481428,59.0,57.69600000000003,64.0534032860988,21.0
-1,-99.36044728428892,19.49874775925921,42.0,47.32800000000002,52.03244728428891,22.0
-1,-106.7265514852517,14.3050896574074,38.0,42.72000000000001,64.00655148525169,22.0
-1,-125.93583605720886,16.90101732870369,50.0,55.968000000000025,69.96783605720884,26.0
-1,-138.26695154114685,17.013595027777743,55.0,69.98400000000004,68.2829515411468,21.0
-1,-124.10225317637185,25.8836596944444,66.0,64.89600000000002,59.206253176371824,19.0
-1,-148.52967534489684,18.782143805555467,51.0,75.07200000000003,73.45767534489681,23.0
-1,-112.62724459376736,12.322012555555522,35.0,48.86400000000002,63.76324459376736,23.0
-1,-110.3581891230848,16.2626955462963,47.0,54.33600000000002,56.02218912308479,20.0
-1,-114.36367576313728,17.34520523611108,58.0,63.16800000000004,51.195675763137245,19.0
-1,-124.2773268713472,17.468386162036992,48.0,61.34400000000003,62.93332687134717,22.0
-1,-105.99295082409476,15.764558199074056,35.0,45.312000000000005,60.68095082409475,22.0
-1,-95.43721574392472,19.00946909722221,51.0,57.696000000000026,37.74121574392469,14.0
-1,-117.09109156554018,16.982996879629624,57.0,55.10400000000002,61.98709156554016,23.0
-1,-134.1426014028579,16.660422925925896,66.0,65.76000000000003,68.38260140285789,25.0
-1,-102.40860107026438,17.677654157407396,50.0,52.32000000000002,50.08860107026436,22.0
-1,-115.6144967881756,16.432852615740718,52.0,57.88800000000003,57.72649678817556,24.0
-1,-124.35249181756498,12.424751606481468,45.0,52.704000000000015,71.64849181756497,25.0
-1,-125.1175037862862,24.835006009259157,66.0,67.20000000000003,57.91750378628616,20.0
-1,-107.25296847537666,18.47470147685184,58.0,50.20800000000002,57.04496847537664,23.0
-1,-96.78109400130852,19.49577547222216,47.0,47.808000000000014,48.97309400130852,20.0
-1,-115.61691494808672,17.777697055555542,51.0,56.64000000000002,58.97691494808672,22.0
-1,-119.26034005927067,16.78634437499997,50.0,59.23200000000003,60.02834005927065,21.0
-1,-108.63838558060468,18.8497950833333,49.0,44.25600000000002,64.38238558060466,22.0
-1,-131.40180820359194,21.467377023148043,68.0,64.03200000000002,67.36980820359193,23.0
-1,-116.05396385588344,19.98849677314812,50.0,48.768000000000015,67.28596385588344,23.0
-1,-87.32626215175101,12.549647060185183,30.0,41.66400000000001,45.662262151751,21.0
-1,-110.21127675471804,13.148339972222216,40.0,45.69600000000002,64.515276754718,24.0
-1,-115.98232433059378,16.120774995370347,52.0,57.50400000000002,58.478324330593765,25.0
-1,-93.24941184290536,14.228739490740727,36.0,42.52800000000001,50.72141184290537,24.0
-1,-113.40526072004003,13.099780601851858,39.0,49.440000000000026,63.96526072004001,24.0
-1,-114.22311565726592,19.64733570833331,63.0,57.98400000000004,56.23911565726587,22.0
-1,-98.632446178667,15.11234440740741,33.0,38.112,60.520446178667015,22.0
-1,-131.21361833098192,17.491282879629605,75.0,73.53600000000003,57.67761833098188,25.0
-1,-109.41251285539757,14.421725648148142,42.0,52.60800000000001,56.80451285539755,22.0
-1,-111.20051781337688,23.59214281481473,62.0,60.288000000000025,50.91251781337686,19.0
-1,-118.88232250554589,18.40726362499998,57.0,63.36000000000004,55.52232250554585,20.0
-1,-117.45336432122158,14.1992380648148,39.0,55.296000000000014,62.15736432122157,21.0
-1,-108.41764494391091,13.195463180555562,38.0,46.176000000000016,62.24164494391091,22.0
-1,-105.18374448570955,16.084459189814794,42.0,47.13600000000001,58.047744485709536,21.0
-1,-131.1929820096736,16.56464696759256,51.0,69.50400000000003,61.68898200967356,22.0
-1,-101.98079911918953,16.701870592592574,37.0,42.81600000000001,59.16479911918952,23.0
-1,-92.887400308811,19.618772560185104,54.0,55.58400000000002,37.303400308810986,19.0
-1,-186.2598463750219,15.841504273148129,68.0,105.50400000000006,80.75584637502185,27.0
-1,-91.61241066528964,11.912601499999996,36.0,52.80000000000002,38.81241066528961,18.0
-1,-104.85433694289767,14.198535180555538,34.0,41.95200000000001,62.90233694289767,22.0
-1,-110.10743131896696,17.57588368518513,43.0,57.40800000000002,52.69943131896692,18.0
-1,-125.66517895384366,16.469072138888855,59.0,65.76000000000003,59.90517895384363,24.0
-1,-115.833601188783,20.75619259259256,46.0,44.16000000000001,71.67360118878298,21.0
-1,-90.742403137892,14.381751425925904,42.0,43.77600000000001,46.96640313789199,23.0
-1,-109.03365959000404,21.138153407407355,54.0,57.79200000000003,51.241659590004026,20.0
-1,-133.24623326123933,20.128070101851808,69.0,69.02400000000003,64.2222332612393,23.0
-1,-109.85939544236484,15.807899546296287,46.0,56.44800000000003,53.41139544236481,20.0
-1,-145.37285665994636,23.712830689814727,94.0,81.88800000000003,63.48485665994632,22.0
-1,-117.92692072635612,16.948211634259216,43.0,57.79200000000002,60.134920726356086,20.0
-1,-126.54999674739145,22.784203055555448,66.0,66.33600000000004,60.21399674739139,22.0
-1,-101.12601173778177,12.423756680555554,39.0,45.12000000000001,56.00601173778175,24.0
-1,-107.92452466679532,14.28521286111111,39.0,54.048000000000016,53.87652466679531,23.0
-1,-116.2011742044432,12.790828569444416,45.0,59.04000000000003,57.16117420444316,23.0
-1,-95.36662775525038,17.301615675925895,50.0,50.11200000000001,45.25462775525037,20.0
-1,-94.32997318270728,13.77792598148148,36.0,49.728000000000016,44.60197318270726,19.0
-1,-91.093989827218,21.80380118518512,52.0,55.968000000000025,35.12598982721797,17.0
-1,-131.9648258490107,18.159799041666638,51.0,57.88800000000003,74.07682584901067,23.0
-1,-121.95587425922234,19.96534924074069,53.0,62.016000000000034,59.93987425922231,19.0
-1,-107.16651221110004,15.338553249999975,42.0,44.54400000000001,62.62251221110002,22.0
-1,-97.9270200687412,14.751368824074056,43.0,49.44000000000001,48.4870200687412,23.0
-1,-136.32452379118718,16.367875662036976,48.0,65.66400000000003,70.66052379118713,25.0
-1,-99.2689792548639,22.07486749999995,55.0,56.44800000000003,42.82097925486386,17.0
-1,-83.89842826335439,16.879140300925897,43.0,44.25600000000002,39.64242826335436,18.0
-1,-124.48221284602968,16.52280156018516,43.0,56.736000000000026,67.74621284602966,21.0
-1,-85.99070669034685,19.26262902777776,52.0,49.34400000000002,36.64670669034683,16.0
-1,-101.71973830287368,15.800548268518488,46.0,51.93600000000002,49.78373830287365,21.0
-1,-123.8893078678788,15.684838708333336,40.0,54.240000000000016,69.6493078678788,22.0
-1,-119.36084873881322,17.71048890277773,65.0,78.14400000000003,41.21684873881318,21.0
-1,-113.3341672576566,20.820615958333285,61.0,59.61600000000003,53.71816725765657,23.0
-1,-93.32981387426064,19.27096324537035,51.0,47.52000000000002,45.80981387426063,22.0
-1,-96.64391348394274,20.640822453703667,46.0,52.70400000000002,43.93991348394272,16.0
-1,-141.19109658721015,14.61473595370366,60.0,79.10400000000004,62.0870965872101,24.0
-1,-127.32136203810607,18.535172259259213,68.0,65.76000000000003,61.56136203810605,25.0
-1,-106.714403693004,18.459763449074032,47.0,51.360000000000014,55.35440369300399,20.0
-1,-113.794101028648,16.16280636111109,48.0,61.82400000000003,51.97010102864797,23.0
-1,-120.90045427490884,23.143184828703635,57.0,60.00000000000003,60.9004542749088,20.0
-1,-132.80529073663573,14.666104041666642,51.0,62.400000000000034,70.40529073663569,22.0
-1,-101.60799207473308,13.40799353240738,47.0,51.16800000000002,50.439992074733055,21.0
-1,-122.98562462511742,19.67746212962955,53.0,71.32800000000003,51.65762462511739,20.0
-1,-100.16662170520615,17.369955287037012,50.0,54.33600000000003,45.83062170520612,20.0
-1,-104.06955129316928,19.52128188888887,50.0,52.51200000000002,51.55755129316925,20.0
-1,-111.76606446031003,19.174860208333307,65.0,65.56800000000003,46.19806446031003,21.0
-1,-95.07325772193832,18.10086661111109,42.0,42.62400000000002,52.4492577219383,20.0
-1,-89.1379695683056,14.313088282407412,51.0,52.99200000000002,36.14596956830559,22.0
-1,-111.86932971775818,20.008788009259224,46.0,53.184000000000026,58.68532971775816,23.0
-1,-144.15140952861043,16.85110686574072,54.0,61.92000000000002,82.23140952861041,22.0
-1,-118.6995059960466,18.21053480092587,47.0,62.68800000000002,56.01150599604658,20.0
-1,-126.96974248440183,18.70431123611103,64.0,71.32800000000003,55.64174248440182,23.0
-1,-115.15564884849684,14.365467939814826,54.0,52.800000000000026,62.355648848496806,25.0
-1,-114.4490339628438,16.61183245833331,71.0,62.496000000000016,51.95303396284379,24.0
-1,-116.04703129133183,14.72064216666665,48.0,52.22400000000002,63.823031291331816,24.0
-1,-111.94724950610316,13.518436976851843,37.0,48.28800000000001,63.65924950610315,25.0
-1,-124.74067440318724,20.985831555555475,70.0,70.08000000000001,54.660674403187215,21.0
-1,-92.44667912346776,20.556664337962925,49.0,52.800000000000026,39.64667912346775,19.0
-1,-150.5166361571894,23.306206583333235,86.0,91.10400000000006,59.41263615718936,23.0
-1,-90.24723065530829,23.54668625925921,44.0,44.640000000000015,45.60723065530827,18.0
-1,-106.69381555442398,21.200252921296272,43.0,43.20000000000001,63.49381555442397,18.0
-1,-96.07712858278896,14.711097013888883,48.0,58.56000000000003,37.51712858278893,20.0
-1,-106.90370719736576,18.688318222222183,48.0,46.46400000000002,60.439707197365735,21.0
-1,-122.88724143364392,18.76226937499994,68.0,80.06400000000004,42.82324143364389,18.0
-1,-91.35099602956512,13.719294625,39.0,49.920000000000016,41.43099602956511,19.0
-1,-104.84109589623742,13.946368574074093,49.0,52.22400000000001,52.61709589623741,21.0
-1,-125.74225131287434,19.66231469907408,69.0,73.15200000000004,52.5902513128743,22.0
-1,-120.27732128468752,24.9005637314814,62.0,59.42400000000004,60.8533212846875,18.0
-1,-94.35618793686368,21.024296148148125,68.0,64.60800000000002,29.74818793686366,16.0
-1,-73.08913256886368,10.205847250000009,25.0,33.216,39.87313256886368,23.0
-1,-111.14604208935636,25.58570387037032,75.0,62.68800000000004,48.45804208935633,20.0
-1,-100.12811859573404,17.34922963425925,64.0,54.72000000000002,45.40811859573402,24.0
-1,-118.6879177868766,15.490902097222207,53.0,60.96000000000002,57.72791778687658,26.0
-1,-92.68610279527375,18.19547069444443,47.0,45.31200000000001,47.37410279527376,21.0
-1,-110.51555929475124,18.393340708333305,44.0,50.97600000000001,59.53955929475123,23.0
-1,-108.33256431425738,15.64020102777776,31.0,38.592000000000006,69.74056431425737,23.0
-1,-77.95832863586797,19.04738865277777,40.0,37.824000000000005,40.134328635867966,18.0
-1,-111.36912868822886,21.436123851851782,55.0,56.06400000000002,55.305128688228834,20.0
-1,-105.12683990405353,21.3867320601851,59.0,56.25600000000003,48.87083990405348,20.0
-1,-101.59043460574236,20.05061863888885,52.0,53.376000000000026,48.21443460574232,21.0
-1,-124.02344358192678,16.701349004629613,39.0,49.44000000000002,74.58344358192677,24.0
-1,-98.7827385741854,21.090844851851838,50.0,47.52000000000002,51.26273857418536,16.0
-1,-97.67573252811786,19.18051464814812,39.0,44.44800000000001,53.227732528117855,19.0
-1,-111.65048743785631,18.414629912037004,61.0,58.36800000000002,53.28248743785629,23.0
-1,-99.29908322311702,17.549242333333297,46.0,48.86400000000002,50.435083223117005,22.0
-1,-111.42861619805232,22.712180754629568,45.0,49.920000000000016,61.50861619805231,18.0
-1,-107.11324368952292,13.926756902777752,37.0,47.424000000000014,59.68924368952291,26.0
-1,-119.6241483087768,28.911608935185125,78.0,69.60000000000004,50.02414830877677,18.0
-1,-114.5774359388939,14.94151172222221,44.0,49.152000000000015,65.42543593889388,27.0
-1,-135.00246199517616,15.215105694444429,46.0,63.93600000000003,71.06646199517613,22.0
-1,-102.76500788528185,10.574702208333328,44.0,52.51200000000002,50.25300788528181,27.0
-1,-93.82440150373164,19.805397634259226,40.0,45.50400000000002,48.32040150373164,20.0
-1,-104.2269524656234,14.861536245370369,45.0,53.28000000000002,50.94695246562339,21.0
-1,-119.40361575262396,41.74645490277781,76.0,68.35200000000003,51.05161575262392,13.0
-1,-141.37660434635916,18.081417013888803,86.0,92.54400000000004,48.83260434635911,20.0
-1,-98.90370301241131,15.590884208333325,47.0,45.216000000000015,53.68770301241131,24.0
-1,-114.0846155250134,15.90632750925924,55.0,60.19200000000004,53.89261552501335,22.0
-1,-121.24963237685311,18.194585032407332,49.0,51.07200000000002,70.1776323768531,22.0
-1,-102.96676067722105,16.14175472685182,44.0,40.224,62.74276067722104,22.0
-1,-144.5965798469693,18.424583953703674,75.0,70.75200000000002,73.84457984696925,25.0
-1,-125.78838933075012,18.71008208796291,49.0,63.45600000000003,62.33238933075009,23.0
-1,-135.87352748025273,18.766564777777727,64.0,70.65600000000003,65.21752748025268,20.0
-1,-145.85956784091053,16.812054444444396,48.0,70.84800000000003,75.01156784091052,21.0
-1,-107.28894662336997,12.522476240740737,37.0,45.024000000000015,62.26494662336994,26.0
-1,-111.56483686335348,17.703213245370325,48.0,50.40000000000001,61.16483686335347,24.0
-1,-124.0356525171484,25.35884177314808,62.0,59.23200000000003,64.80365251714838,19.0
-1,-101.66040982655376,20.89651566203698,52.0,53.088000000000015,48.57240982655376,21.0
-1,-142.5433520835896,19.043844351851817,70.0,69.98400000000002,72.55935208358959,25.0
-1,-104.28034349351518,16.400656351851843,44.0,47.23200000000002,57.04834349351516,23.0
-1,-102.1060055630726,16.697674870370328,40.0,50.88000000000002,51.22600556307261,21.0
-1,-105.64786713322268,18.06693799537036,47.0,52.224000000000025,53.42386713322267,23.0
-1,-113.36546434051454,21.432069166666583,54.0,54.91200000000004,58.4534643405145,20.0
-1,-107.46736179208392,17.570568768518477,47.0,57.792000000000016,49.67536179208391,18.0
-1,-121.3544364882035,11.204017337962943,50.0,67.29600000000003,54.05843648820347,27.0
-1,-101.74210112236288,14.153745870370358,27.0,34.176,67.56610112236287,21.0
-1,-142.20276998916478,20.81027577314807,70.0,72.00000000000004,70.20276998916472,24.0
-1,-155.04892882635903,20.96407059722213,66.0,79.48800000000004,75.560928826359,24.0
-1,-130.6155966392933,14.485794370370344,53.0,61.72800000000004,68.88759663929328,23.0
-1,-123.11134527076202,21.640034513888832,54.0,51.84000000000002,71.271345270762,23.0
-1,-90.23970547228646,17.586031754629577,38.0,41.568000000000005,48.67170547228646,23.0
-1,-99.85384828615506,15.623275356481464,46.0,47.32800000000002,52.525848286155046,25.0
-1,-123.45437960743423,18.47551248148142,48.0,64.70400000000002,58.75037960743423,22.0
-1,-119.4715788520397,20.083222912036973,67.0,58.84800000000003,60.62357885203968,25.0
-1,-98.6556030654626,19.109988837962938,50.0,48.38400000000002,50.27160306546259,20.0
-1,-119.05459217419256,19.94356300462953,56.0,62.30400000000003,56.75059217419252,21.0
-1,-104.49630166706667,24.484257967592526,51.0,52.99200000000002,51.50430166706667,20.0
-1,-87.24043807276101,19.02603776388889,45.0,41.47200000000001,45.76843807276101,20.0
-1,-121.0185386713538,15.416146541666638,48.0,55.77600000000002,65.2425386713538,23.0
-1,-129.32215775689056,15.860081638888875,54.0,66.04800000000003,63.27415775689054,22.0
-1,-129.42460283804263,23.150773967592503,55.0,63.36000000000004,66.0646028380426,22.0
-1,-116.28970208416916,14.008228060185164,53.0,61.72800000000002,54.56170208416914,25.0
-1,-103.72928116391662,20.37331495370365,55.0,46.36800000000002,57.36128116391661,22.0
-1,-115.81678500022258,18.944646662037,77.0,67.20000000000003,48.61678500022256,24.0
-1,-98.24217072254964,16.61281475925922,60.0,63.84000000000002,34.402170722549634,18.0
-1,-115.5626718133679,23.042909194444366,70.0,58.46400000000003,57.098671813367865,20.0
-1,-127.2147588575379,27.024065569444407,75.0,62.68800000000002,64.52675885753787,20.0
-1,-113.7096928559539,15.240875634259236,44.0,56.83200000000002,56.87769285595389,23.0
-1,-140.4765172569882,22.472548740740656,75.0,70.94400000000005,69.53251725698813,23.0
-1,-113.79691739746,14.745419574074049,49.0,54.04800000000002,59.74891739745997,23.0
-1,-105.23005842976704,13.461282092592567,41.0,55.48800000000002,49.74205842976701,21.0
-1,-112.58863257908511,19.232544374999957,51.0,61.632000000000026,50.9566325790851,23.0
-1,-106.07166783228328,15.641774768518491,47.0,57.504000000000026,48.56766783228325,24.0
-1,-115.13118250300032,14.937560907407388,39.0,50.40000000000001,64.73118250300033,23.0
-1,-127.16946801579373,14.566170638888863,49.0,57.79200000000002,69.3774680157937,24.0
-1,-99.1621240855941,20.325298361111063,56.0,67.29600000000003,31.866124085594063,19.0
-1,-106.97393114849336,14.51287262499998,48.0,47.90400000000001,59.06993114849336,25.0
-1,-109.29688014750992,16.451568037037,59.0,64.12800000000003,45.16888014750988,18.0
-1,-112.04100208199723,22.080335157407333,52.0,53.95200000000002,58.08900208199724,20.0
-1,-102.15735132415524,19.984927305555527,44.0,43.488000000000014,58.669351324155215,19.0
-1,-90.7781693004535,13.890331884259265,42.0,48.57600000000002,42.20216930045348,19.0
-1,-110.3445184833069,21.87041625925921,68.0,62.78400000000001,47.56051848330689,22.0
-1,-99.18573371816316,15.743355722222232,47.0,50.30400000000002,48.88173371816313,21.0
-1,-116.46148305920244,18.176125310185103,57.0,74.68800000000005,41.773483059202384,22.0
-1,-120.27437511895656,12.243011592592572,40.0,46.656000000000006,73.61837511895656,26.0
-1,-122.1837239068232,18.529250074074017,57.0,57.12000000000002,65.06372390682317,22.0
-1,-112.13045609835174,16.394866749999963,48.0,60.57600000000003,51.55445609835171,23.0
-1,-136.4310450653743,16.37876842129629,57.0,62.112000000000016,74.31904506537427,24.0
-1,-137.035909941276,22.27810500462952,67.0,63.36000000000004,73.67590994127598,24.0
-1,-103.25559070065373,16.8966100833333,54.0,58.46400000000002,44.791590700653714,18.0
-1,-126.89755686283974,19.295955967592537,51.0,54.04800000000002,72.8495568628397,22.0
-1,-101.29113731807864,15.274351064814796,43.0,44.640000000000015,56.65113731807863,22.0
-1,-103.70769413017236,14.044818856481491,45.0,53.088000000000015,50.61969413017235,24.0
-1,-110.13808354362644,17.7000421018518,47.0,54.240000000000016,55.898083543626434,20.0
-1,-110.290644390213,24.994817004629525,66.0,51.74400000000003,58.54664439021298,21.0
-1,-104.99063049649446,21.02731193055554,53.0,52.032000000000025,52.95863049649444,17.0
-1,-97.0215204355394,18.13849707407406,38.0,41.95200000000001,55.06952043553939,21.0
-1,-115.11863456492613,16.989767449074062,52.0,54.04800000000002,61.070634564926095,23.0
-1,-88.17468268160812,18.61799092129626,40.0,40.032,48.14268268160811,18.0
-1,-134.02798455745332,16.33388248611108,75.0,70.84800000000003,63.17998455745329,26.0
-1,-153.94992363962152,17.340254148148105,57.0,70.75200000000004,83.19792363962148,26.0
-1,-122.4174658501232,12.16437374537038,44.0,64.12800000000001,58.28946585012319,25.0
-1,-99.23752327479298,15.278306921296272,43.0,51.552000000000014,47.68552327479296,23.0
-1,-100.08367022888142,17.979957449074018,43.0,52.03200000000002,48.0516702288814,17.0
-1,-110.54018473293507,14.253212259259248,53.0,55.20000000000002,55.34018473293506,22.0
-1,-110.5731738740525,21.29558160185177,48.0,54.14400000000002,56.42917387405248,18.0
-1,-109.40028847873188,21.38132533796294,57.0,50.59200000000002,58.80828847873186,21.0
-1,-101.8302533260122,16.167924944444415,42.0,45.792000000000016,56.0382533260122,22.0
-1,-103.73847164794776,19.131498884259205,47.0,55.20000000000002,48.53847164794773,22.0
-1,-131.18560172491505,21.319552578703654,73.0,64.60800000000003,66.57760172491503,22.0
-1,-124.30445563152944,23.926934787036974,70.0,69.12000000000003,55.1844556315294,21.0
-1,-109.29657306144802,24.51203407407399,62.0,70.94400000000002,38.35257306144799,17.0
-1,-111.1968324940782,15.985307421296284,46.0,48.00000000000002,63.19683249407818,24.0
-1,-98.30123328518845,14.867934689814811,57.0,52.512,45.78923328518843,25.0
-1,-69.71514325861719,12.435885125000013,41.0,36.768,32.9471432586172,23.0
-1,-94.06424809707664,13.90598719444441,39.0,46.46400000000001,47.60024809707662,23.0
-1,-137.8755675869359,18.602092824074056,62.0,71.42400000000004,66.45156758693585,22.0
-1,-104.31820090240126,20.239448324074058,57.0,59.32800000000002,44.99020090240124,18.0
-1,-94.9115180731658,16.00027828240739,45.0,49.44000000000002,45.47151807316579,19.0
-1,-102.2058040220444,19.04889842129625,53.0,52.41600000000002,49.78980402204437,22.0
-1,-113.068794464264,17.04346250925924,43.0,55.00800000000002,58.06079446426396,22.0
-1,-89.041548272851,13.02165415740741,40.0,35.136,53.905548272851,23.0
-1,-116.8275828223966,14.226820300925914,45.0,46.65600000000002,70.17158282239659,24.0
-1,-120.51069364657133,13.94899474537038,52.0,56.928000000000026,63.58269364657129,24.0
-1,-121.8977060901552,19.554478583333296,61.0,67.00800000000002,54.88970609015517,22.0
-1,-146.88073563186617,20.482117560185102,65.0,69.40800000000003,77.47273563186614,23.0
-1,-85.63190061034375,15.37125330092594,36.0,38.68800000000001,46.94390061034374,21.0
-1,-88.0683108902232,13.159351439814808,40.0,51.26400000000001,36.80431089022319,20.0
-1,-93.16395977497544,15.671303138888884,36.0,36.0,57.16395977497545,23.0
-1,-112.22206493247393,16.384804717592573,63.0,62.97600000000003,49.24606493247391,23.0
-1,-108.25477154202532,19.969260138888835,65.0,61.72800000000004,46.52677154202527,22.0
-1,-111.55371580890083,20.109942754629596,55.0,57.79200000000002,53.76171580890083,23.0
-1,-90.23144140109032,14.80897746296296,34.0,42.43200000000001,47.79944140109031,18.0
-1,-121.38262562045296,22.57903744444436,59.0,69.12000000000003,52.26262562045294,22.0
-1,-104.77832186035684,15.769288101851838,53.0,60.480000000000025,44.29832186035682,19.0
-1,-121.80742202151995,17.813611083333274,51.0,65.18400000000003,56.62342202151993,21.0
-1,-113.3800637088343,20.454783310185103,54.0,59.13600000000002,54.24406370883428,20.0
-1,-117.6305540136224,21.694031074074,58.0,62.97600000000004,54.65455401362237,23.0
-1,-103.95898563915082,12.308678384259233,43.0,54.43200000000003,49.5269856391508,25.0
-1,-91.60245594866386,16.022380268518475,46.0,54.52800000000002,37.07445594866384,21.0
-1,-131.39304697514143,18.728332277777728,60.0,67.68000000000004,63.7130469751414,24.0
-1,-96.36692185882995,22.89991251388884,41.0,41.376000000000005,54.99092185882996,16.0
-1,-113.74101595934629,13.58100144444444,46.0,51.74400000000002,61.99701595934626,25.0
-1,-112.40703017943692,20.13777462037029,50.0,54.048000000000016,58.35903017943692,20.0
-1,-111.41978377235608,21.365308745370317,58.0,56.544000000000025,54.87578377235607,22.0
-1,-116.53468841415602,20.33140486574071,68.0,67.77600000000002,48.758688414156005,21.0
-1,-125.21489693753246,16.49592883796291,54.0,77.56800000000004,47.64689693753242,21.0
-1,-126.03435031636891,23.035910958333247,70.0,76.41600000000003,49.6183503163689,21.0
-1,-88.26018004662193,16.823987444444413,54.0,47.61600000000001,40.64418004662192,21.0
-1,-80.23679476301552,17.06217557870368,43.0,44.16000000000002,36.07679476301551,18.0
-1,-94.12964873178252,17.646711111111077,38.0,51.55200000000002,42.577648731782496,17.0
-1,-90.83360326077798,8.947338666666665,47.0,48.960000000000015,41.87360326077796,27.0
-1,-107.62885478169729,18.851066800925874,46.0,57.88800000000003,49.74085478169724,20.0
-1,-105.31063475636545,22.151682041666625,50.0,51.26400000000002,54.04663475636541,19.0
-1,-95.88322454994255,15.97661501388888,50.0,53.95200000000002,41.93122454994255,21.0
-1,-82.63069590465162,14.031562620370368,33.0,36.384,46.24669590465162,20.0
-1,-101.71707736346087,16.032711638888877,53.0,58.56000000000002,43.15707736346086,19.0
-1,-117.09590543860408,16.635305555555515,45.0,58.94400000000002,58.15190543860406,22.0
-1,-98.99366560024174,16.01655170370368,51.0,59.90400000000003,39.08966560024171,20.0
-1,-91.14750819436055,15.534816449074071,50.0,52.70400000000002,38.44350819436055,19.0
-1,-132.40649469926723,15.971380486111086,68.0,78.62400000000004,53.7824946992672,23.0
-1,-107.88379746494172,19.656041708333277,51.0,60.096000000000025,47.78779746494169,22.0
-1,-124.9384186276588,14.821383101851856,59.0,67.10400000000003,57.83441862765876,23.0
-1,-89.48321395714201,13.60032041666666,31.0,46.176000000000016,43.307213957142,16.0
-1,-86.65236189433695,12.409849541666658,27.0,33.984,52.66836189433695,22.0
-1,-109.74804582982333,17.544693430555505,49.0,56.928000000000026,52.82004582982329,23.0
-1,-108.49683280553408,17.27902925925922,41.0,52.22400000000001,56.27283280553406,22.0
-1,-103.02284552253076,24.144782976851836,57.0,53.18400000000002,49.83884552253074,17.0
-1,-109.79294934500278,29.901237384259204,74.0,65.18400000000003,44.60894934500276,16.0
-1,-64.68475362754671,9.405011398148144,36.0,33.792,30.89275362754672,15.0
-1,-85.11064578441602,15.788892662037032,40.0,40.80000000000001,44.31064578441601,22.0
-1,-100.441441191577,21.54190996759252,53.0,57.21600000000003,43.22544119157699,21.0
-1,-84.23103665939249,15.01707756018517,40.0,44.44800000000001,39.78303665939248,18.0
-1,-107.1611055059225,17.437247402777754,51.0,50.49600000000002,56.66510550592248,22.0
-1,-121.186420689804,18.47122780092585,55.0,64.99200000000002,56.194420689803984,25.0
-1,-119.75094352684808,17.74610920370367,53.0,60.09600000000003,59.65494352684805,22.0
-1,-103.6691946634788,17.6671069259259,47.0,57.02400000000002,46.645194663478776,20.0
-1,-94.98906082366594,14.84549340277779,49.0,49.63200000000001,45.35706082366593,23.0
-1,-76.80950188261684,17.96957239814813,43.0,40.99200000000002,35.81750188261683,18.0
-1,-96.26177660684114,10.496175495370368,32.0,39.74400000000001,56.51777660684113,25.0
-1,-102.3844423214563,18.3816658009259,35.0,38.208000000000006,64.1764423214563,19.0
-1,-139.54699845570096,24.433840782407305,77.0,83.71200000000006,55.83499845570089,22.0
-1,-83.12404986674002,14.36256885185185,36.0,42.24000000000001,40.884049866740014,19.0
-1,-102.77863874476074,15.75882616666665,54.0,62.78400000000003,39.99463874476072,18.0
-1,-132.4153895325444,19.399020222222127,46.0,58.65600000000002,73.75938953254438,23.0
-1,-119.16176967312438,17.272664592592548,36.0,43.296000000000014,75.86576967312436,25.0
-1,-112.41972785514332,17.616135476851827,56.0,65.37600000000003,47.043727855143295,17.0
-1,-127.40253696883144,20.422758333333256,63.0,80.35200000000005,47.0505369688314,19.0
-1,-106.85139357982628,22.39063966203696,62.0,61.34400000000002,45.50739357982624,22.0
-1,-108.9789989577613,25.26660343518512,67.0,66.52800000000002,42.450998957761286,18.0
-1,-104.85426433972864,19.722411333333262,54.0,55.20000000000002,49.65426433972864,20.0
-1,-85.74657191197105,17.215504263888867,42.0,51.36000000000002,34.38657191197103,19.0
-1,-89.16108849614389,14.027287643518514,39.0,43.104000000000006,46.05708849614389,21.0
-1,-100.88515128190612,18.368312222222176,44.0,56.73600000000002,44.1491512819061,20.0
-1,-115.3630287641115,18.03006072685181,53.0,64.89600000000002,50.4670287641115,21.0
-1,-103.23800277035184,16.305470421296317,40.0,44.35200000000001,58.886002770351816,22.0
-1,-97.45992013750156,19.34455136574069,47.0,50.88000000000002,46.579920137501546,21.0
-1,-109.29749785957816,18.225930879629598,50.0,58.94400000000002,50.35349785957815,20.0
-1,-116.46762193883308,21.727894819444387,62.0,66.43200000000003,50.03562193883306,21.0
-1,-97.7008820811329,13.591688421296285,31.0,42.048,55.65288208113291,24.0
-1,-93.6412300675633,20.274291490740683,53.0,48.67200000000001,44.96923006756328,19.0
-1,-104.10838963197364,20.199178611111066,60.0,60.86400000000002,43.24438963197363,22.0
-1,-91.73144364818116,14.222077023148142,45.0,50.88000000000001,40.85144364818117,21.0
-1,-84.34231635390978,10.80545837962961,46.0,53.18400000000001,31.15831635390976,15.0
-1,-106.10473644726584,20.426659171296247,66.0,61.92,44.18473644726584,21.0
-1,-93.9059388018684,10.457424472222236,31.0,36.576,57.32993880186838,24.0
-1,-101.47518187287484,15.274721138888903,58.0,58.272000000000034,43.20318187287481,20.0
-1,-105.04748034387372,20.06572273148144,72.0,68.16000000000003,36.88748034387369,22.0
-1,-99.20707110714304,17.4473661435185,47.0,52.320000000000014,46.88707110714303,21.0
-1,-97.48212849024851,11.853211490740716,43.0,59.90400000000002,37.5781284902485,19.0
-1,-113.34677417815026,17.645370175925898,66.0,72.96000000000004,40.38677417815022,19.0
-1,-105.99015935676628,12.453800749999992,44.0,50.78400000000003,55.20615935676624,24.0
-1,-131.2229914474025,15.445021842592569,62.0,67.29600000000003,63.92699144740249,25.0
-1,-77.97151784378883,16.84281556018518,44.0,43.39200000000001,34.57951784378883,19.0
-1,-111.3219162238459,20.759931680555518,75.0,61.34400000000002,49.97791622384589,21.0
-1,-85.14593064444631,20.13284845833332,51.0,48.48000000000002,36.66593064444629,14.0
-1,-115.43618797712696,17.03831915740738,57.0,73.15200000000004,42.284187977126926,17.0
-1,-108.25569999957597,20.72111894907403,52.0,55.96800000000002,52.28769999957594,20.0
-1,-114.85884526978,20.43484221759254,70.0,69.02400000000004,45.834845269779954,22.0
-1,-110.31204143668867,16.45645439351848,56.0,54.14400000000002,56.16804143668866,25.0
-1,-97.89790488438696,22.747225643518444,56.0,58.56000000000002,39.33790488438696,17.0
-1,-116.75344258833736,14.927867689814803,54.0,63.84000000000004,52.913442588337325,23.0
-1,-107.8161554348521,16.712248416666636,46.0,57.88800000000002,49.928155434852094,23.0
-1,-95.54832912366058,24.02268038425921,47.0,42.52800000000001,53.02032912366057,18.0
-1,-93.33189808105192,20.755180689814743,54.0,54.33600000000001,38.99589808105191,17.0
-1,-111.80913609694728,18.911470587962945,57.0,62.68800000000004,49.12113609694725,18.0
-1,-120.64574370716348,20.92071227777772,58.0,63.45600000000003,57.18974370716345,19.0
-1,-86.79686371072255,17.87977166203697,35.0,43.58400000000001,43.21286371072254,18.0
-1,-93.43382121102276,15.538713967592567,46.0,53.18400000000002,40.24982121102276,21.0
-1,-102.35422118301526,24.427877314814797,52.0,52.89600000000001,49.45822118301525,16.0
-1,-99.7442128994214,15.383359439814797,39.0,45.60000000000001,54.14421289942139,24.0
-1,-108.61375008121414,16.59286959722218,51.0,58.56000000000003,50.053750081214105,26.0
-1,-79.39582946091843,15.60658907407404,40.0,53.47200000000002,25.92382946091841,15.0
-1,-76.22124912992018,19.510030162037022,41.0,41.664000000000016,34.557249129920166,14.0
-1,-99.27384028343296,23.63499531944437,48.0,50.68800000000002,48.58584028343293,18.0
-1,-73.11372920389519,18.495301037037,42.0,44.16000000000001,28.953729203895183,14.0
-1,-98.8237536942485,15.64299720833334,45.0,54.72000000000002,44.10375369424848,24.0
-1,-126.46993661559138,15.032119731481473,58.0,63.64800000000003,62.82193661559135,25.0
-1,-116.22868608999572,15.58876781944444,45.0,60.67200000000002,55.55668608999572,24.0
-1,-109.84220081372716,18.248892851851807,53.0,58.46400000000003,51.37820081372711,23.0
-1,-114.99164847214502,17.50387260185182,60.0,71.52000000000002,43.471648472144985,19.0
-1,-117.23217411342014,22.870809268518435,81.0,78.24000000000002,38.99217411342013,21.0
-1,-90.20358152172416,15.098320680555553,52.0,55.96800000000001,34.23558152172416,20.0
-1,-93.76838474456102,21.452526277777757,60.0,63.93600000000002,29.832384744561,18.0
-1,-108.17844758483557,18.78532766666661,61.0,61.24800000000001,46.93044758483555,18.0
-1,-98.87787657784185,25.534736796296222,71.0,63.16800000000003,35.70987657784181,17.0
-1,-74.9866354927285,9.759485097222226,35.0,45.216,29.7706354927285,22.0
-1,-77.80389499390336,28.352455078703706,68.0,54.91200000000001,22.89189499390335,12.0
-1,-112.30296764196076,15.077199037037014,46.0,52.41600000000002,59.88696764196073,25.0
-1,-104.02947221257112,18.81620654166665,48.0,54.43200000000002,49.59747221257109,21.0
-1,-89.05540967746938,13.814168861111089,37.0,42.432000000000016,46.62340967746937,23.0
-1,-77.38974158833581,13.053765226851851,36.0,45.984000000000016,31.405741588335797,14.0
-1,-116.11137741211373,22.038643518518477,69.0,69.12000000000002,46.9913774121137,21.0
-1,-97.53426898595526,17.42330004166664,38.0,40.89600000000001,56.63826898595525,23.0
-1,-87.25719465773693,15.335189976851863,43.0,43.29600000000001,43.96119465773692,24.0
-1,-88.16173556585406,14.765033944444427,38.0,45.12000000000001,43.04173556585405,20.0
-1,-116.24086082716852,19.786236782407343,75.0,72.96000000000004,43.28086082716849,22.0
-1,-105.68758975237084,14.693290458333324,54.0,55.87200000000003,49.815589752370826,23.0
-1,-113.43074096246498,19.52428926388886,54.0,51.648000000000025,61.78274096246496,20.0
-1,-85.73193817231498,19.55313671296293,47.0,52.320000000000014,33.41193817231497,18.0
-1,-95.07169018539037,16.61822832870369,46.0,50.30400000000001,44.76769018539037,21.0
-1,-100.61350664867145,17.664766300925905,56.0,70.56000000000003,30.053506648671394,15.0
-1,-97.30335245395425,12.79489536574072,44.0,53.472000000000016,43.831352453954224,21.0
-1,-113.76593808858992,26.04894781481473,58.0,59.52000000000003,54.245938088589895,20.0
-1,-104.83594642207542,12.24160844907407,49.0,57.120000000000026,47.7159464220754,22.0
-1,-114.97785701558033,22.23093518518513,77.0,73.15200000000004,41.82585701558029,22.0
-1,-123.8278797723643,17.778668212962934,60.0,62.30400000000003,61.52387977236428,25.0
-1,-106.03113958261729,10.09780337037038,33.0,43.39200000000001,62.63913958261728,23.0
-1,-97.0678937714154,13.199865472222212,46.0,47.90400000000002,49.16389377141538,25.0
-1,-108.06236911955006,23.829827865740675,61.0,56.16000000000003,51.90236911955003,20.0
-1,-121.1114445704128,19.79529694444438,59.0,65.37600000000003,55.73544457041277,22.0
-1,-101.32691944645248,21.379500939814776,57.0,55.29600000000003,46.03091944645245,19.0
-1,-93.6418235182468,16.54117883333329,39.0,46.27200000000001,47.36982351824679,23.0
-1,-113.8119979076088,15.088813111111088,50.0,61.440000000000026,52.37199790760879,22.0
-1,-96.37198997622431,16.09392944444443,50.0,53.08800000000003,43.2839899762243,21.0
-1,-125.4130462080397,18.397341851851795,66.0,77.28000000000003,48.13304620803967,23.0
-1,-102.4707493424354,11.255769444444445,49.0,50.11200000000001,52.35874934243538,28.0
-1,-136.54486311301824,16.78067031018515,72.0,74.88000000000004,61.66486311301821,25.0
-1,-110.75054224140588,14.86472141203702,43.0,54.33600000000002,56.41454224140584,21.0
-1,-119.3602991005322,12.264722842592583,38.0,53.66400000000002,65.69629910053217,25.0
-1,-106.18182581795158,15.26649945833332,58.0,63.07200000000003,43.109825817951545,23.0
-1,-106.5514923938949,21.38549081481477,67.0,58.272000000000034,48.27949239389486,22.0
-1,-100.48839667075268,10.86258285648149,39.0,55.10400000000002,45.384396670752665,24.0
-1,-102.0644203894644,17.681674462962942,56.0,57.12000000000002,44.94442038946437,22.0
-1,-123.09461808347586,19.180473398148138,52.0,57.02400000000001,66.07061808347586,22.0
-1,-95.57908921409518,27.880323324074023,54.0,58.17600000000003,37.40308921409514,16.0
-1,-93.5822946088268,16.412032578703695,42.0,48.960000000000015,44.6222946088268,20.0
-1,-110.05461380121857,15.359238083333322,44.0,52.320000000000014,57.73461380121854,20.0
-1,-112.01940369183792,17.968727009259208,60.0,69.31200000000003,42.7074036918379,22.0
-1,-99.96407232372452,20.4386229722222,58.0,52.224000000000025,47.74007232372448,21.0
-1,-90.6738061903499,18.116616629629583,40.0,52.704000000000015,37.96980619034988,18.0
-1,-105.12104845909067,13.963203287037048,46.0,52.89600000000003,52.22504845909064,27.0
-1,-80.93084798459529,14.777148300925916,33.0,40.8,40.13084798459529,19.0
-1,-114.40655569424928,18.207933648148103,65.0,69.69600000000003,44.71055569424925,24.0
-1,-104.69901005926492,19.98758395833329,57.0,59.80800000000002,44.891010059264886,18.0
-1,-92.16980942939506,23.5479283194444,64.0,54.81600000000002,37.35380942939503,18.0
-1,-91.5710029123253,18.403603009259204,64.0,61.53600000000002,30.03500291232528,18.0
-1,-86.08614292143125,12.774682407407411,41.0,40.22400000000001,45.86214292143123,23.0
-1,-93.36152871506675,16.560595518518483,35.0,52.03200000000002,41.329528715066736,20.0
-1,-92.91057190048198,12.28040875925926,38.0,45.50400000000001,47.40657190048198,18.0
-1,-116.01421687691388,25.50220261574067,76.0,61.82400000000003,54.190216876913865,19.0
-1,-119.11475252250337,19.328867851851776,58.0,67.00800000000004,52.10675252250332,20.0
-1,-95.94182179680482,11.1152602222222,46.0,51.45600000000002,44.48582179680479,24.0
-1,-105.2854932318962,13.82849764351851,38.0,51.648000000000025,53.637493231896165,27.0
-1,-124.53228702049266,25.092981819444347,72.0,77.28000000000004,47.252287020492616,21.0
-1,-104.08522000958794,16.70546612499998,41.0,49.24800000000001,54.83722000958793,21.0
-1,-100.88334387261368,10.79988056944445,36.0,50.112000000000016,50.77134387261366,23.0
-1,-107.90555490463898,18.489376990740706,58.0,57.312000000000026,50.59355490463895,24.0
-1,-114.54288787552196,18.202619055555537,71.0,70.84800000000003,43.694887875521935,23.0
-1,-88.19786108333275,16.177881203703674,43.0,57.31200000000002,30.885861083332728,18.0
-1,-116.28669347213378,18.165117324074057,54.0,54.72000000000002,61.56669347213376,22.0
-1,-116.75324467185422,13.390039277777756,52.0,64.99200000000003,51.761244671854186,28.0
-1,-107.85214389218636,22.77368654166663,57.0,60.76800000000003,47.08414389218631,19.0
-1,-110.62832576793758,17.127780976851792,54.0,61.63200000000003,48.99632576793755,20.0
-1,-76.85806926775487,19.68700929166663,42.0,45.69600000000001,31.162069267754863,14.0
-1,-96.07770202934104,22.80277829166665,51.0,49.24800000000002,46.829702029341,17.0
-1,-92.80289104878472,15.12189299999999,40.0,45.21600000000001,47.58689104878471,22.0
-1,-86.00000991028129,14.984730472222203,37.0,41.28000000000001,44.72000991028128,21.0
-1,-121.23841397394104,20.584504995370327,71.0,70.36800000000004,50.87041397394102,22.0
-1,-103.61966725801452,18.48131094907404,58.0,59.80800000000004,43.81166725801448,22.0
-1,-94.92140443003797,11.403494837962942,31.0,48.384000000000015,46.53740443003795,23.0
-1,-122.43667148840314,16.51327458333329,57.0,71.04000000000003,51.39667148840311,21.0
-1,-130.08026392914465,26.34107222685176,80.0,83.80800000000005,46.27226392914461,19.0
-1,-105.62114679723273,16.085797337962966,45.0,52.224000000000025,53.39714679723268,23.0
-1,-90.86665456320289,18.19879987499997,46.0,44.54400000000001,46.32265456320288,21.0
-1,-131.88818105020158,15.014930856481447,59.0,68.92800000000004,62.960181050201534,26.0
-1,-92.77295280983124,11.13533822685187,35.0,31.968000000000004,60.80495280983124,26.0
-1,-94.84358172074325,17.73743275462958,45.0,52.99200000000002,41.851581720743205,20.0
-1,-87.29070974830195,13.891280199074073,36.0,44.06400000000001,43.22670974830194,22.0
-1,-124.25760521627252,15.47070469907404,43.0,50.784000000000006,73.4736052162725,26.0
-1,-90.63671283344716,18.752579527777744,45.0,51.74400000000002,38.89271283344712,21.0
-1,-96.68755231824343,18.725824717592538,62.0,53.56800000000002,43.11955231824341,21.0
-1,-114.27907399715448,36.30016717129631,76.0,66.91200000000003,47.36707399715445,18.0
-1,-122.87913403710895,26.984628222222124,84.0,79.58400000000005,43.29513403710892,20.0
-1,-101.40913036981856,22.923128083333264,61.0,58.75200000000003,42.657130369818525,19.0
-1,-100.90654393087182,17.853188749999973,44.0,53.184000000000026,47.722543930871794,19.0
-1,-91.23190866339073,22.30494197222218,51.0,47.23200000000001,43.9999086633907,17.0
-1,-116.59914352168036,18.786050976851755,63.0,66.33600000000004,50.26314352168032,23.0
-1,-97.39088284053408,19.704363699074005,46.0,49.92000000000002,47.47088284053408,20.0
-1,-106.42071678205224,20.56389131481476,55.0,51.84000000000001,54.58071678205224,21.0
-1,-106.20556176719948,22.21338465277772,62.0,58.94400000000003,47.261561767199446,21.0
-1,-142.53954178183588,16.179472231481466,64.0,62.20800000000002,80.33154178183585,27.0
-1,-103.812418252376,16.248425064814818,67.0,62.88000000000003,40.93241825237597,25.0
-1,-93.67351074440498,19.120674370370352,49.0,52.32000000000002,41.35351074440496,18.0
-1,-94.64355756128072,20.416383939814786,69.0,71.80800000000004,22.835557561280684,17.0
-1,-100.77381177836403,13.853123138888884,52.0,62.20800000000003,38.56581177836401,16.0
-1,-102.5126008720488,14.199615115740736,52.0,50.68800000000002,51.82460087204879,24.0
-1,-103.50160301558309,13.957564972222215,56.0,60.76800000000004,42.73360301558304,22.0
-1,-77.60397443732063,20.62381213888888,43.0,38.016000000000005,39.58797443732062,19.0
-1,-84.43424682804888,17.882472624999963,47.0,50.496000000000016,33.93824682804886,19.0
-1,-85.49260603992329,19.861413268518486,50.0,50.88000000000001,34.612606039923286,16.0
-1,-122.95874097530904,22.919226097222136,64.0,71.13600000000002,51.82274097530901,21.0
-1,-93.58492279284914,18.81676598611111,46.0,48.57600000000002,45.00892279284911,20.0
-1,-88.82106125507661,17.990786013888872,42.0,45.12000000000001,43.7010612550766,19.0
-1,-104.9027343001178,14.146917106481478,54.0,60.38400000000002,44.51873430011779,24.0
-1,-93.33020269999146,13.293639379629637,60.0,54.52800000000003,38.80220269999143,24.0
-1,-108.3322100686382,17.20608531481474,55.0,64.70400000000002,43.62821006863818,23.0
-1,-122.07791240320115,25.34940596296292,64.0,62.11200000000003,59.96591240320112,20.0
-1,-69.85658475866177,17.624587532407386,46.0,43.968000000000025,25.888584758661747,15.0
-1,-125.49599097893858,22.978783666666622,59.0,65.95200000000003,59.54399097893855,22.0
-1,-98.48446406275896,16.652278624999983,55.0,56.928000000000026,41.55646406275893,20.0
-1,-95.90579104773212,12.672632125,48.0,52.224000000000025,43.68179104773209,22.0
-1,-93.85276857443084,18.067791328703656,49.0,56.064000000000014,37.7887685744308,18.0
-1,-87.67068798149475,14.319490499999995,41.0,43.48800000000001,44.18268798149474,22.0
-1,-121.67129086267124,20.6445703055555,53.0,71.04000000000003,50.63129086267121,19.0
-1,-77.00683106710234,18.22681087499999,49.0,44.06400000000001,32.94283106710233,18.0
-1,-92.1996008752071,19.56113543055549,51.0,61.24800000000002,30.951600875207077,19.0
-1,-113.54023354106658,14.240001976851833,44.0,61.63200000000003,51.90823354106655,24.0
-1,-107.80398464276912,15.920433143518505,45.0,57.40800000000002,50.3959846427691,22.0
-1,-91.7216534417422,14.230863222222212,50.0,52.32000000000003,39.40165344174218,19.0
-1,-94.04925519932232,17.11277270833331,45.0,43.39200000000001,50.65725519932232,23.0
-1,-103.20491393027748,25.74695231481474,69.0,65.47200000000004,37.73291393027744,19.0
-1,-84.58591885281484,10.760857648148162,45.0,47.23200000000002,37.353918852814814,22.0
-1,-102.44320518748616,17.25258818518515,40.0,42.81600000000002,59.62720518748616,23.0
-1,-89.92895012070042,15.879927861111096,45.0,47.616000000000014,42.31295012070041,22.0
-1,-109.06984021932566,19.553774680555527,56.0,62.97600000000003,46.09384021932563,19.0
-1,-97.81787824824052,16.256711675925917,43.0,51.45600000000002,46.3618782482405,21.0
-1,-74.18336302165571,15.408729120370394,46.0,52.224000000000025,21.959363021655683,15.0
-1,-108.8163017194079,17.3050544074074,48.0,51.45600000000002,57.360301719407886,22.0
-1,-88.8900357001886,13.897424648148162,45.0,42.240000000000016,46.65003570018858,22.0
-1,-95.4907064133822,21.86414498611107,57.0,59.61600000000003,35.87470641338217,18.0
-1,-96.74276473663642,15.93674762499997,46.0,55.48800000000002,41.2547647366364,18.0
-1,-111.43521638333245,17.69824183333331,46.0,53.95200000000003,57.48321638333241,21.0
-1,-94.87610584319788,17.638209532407362,51.0,53.664000000000016,41.21210584319786,22.0
-1,-103.23342536744715,18.038050240740688,60.0,66.14400000000002,37.08942536744714,21.0
-1,-90.20649658500692,23.684886375000005,53.0,54.81600000000002,35.39049658500691,16.0
-1,-153.1519732823532,24.700993925925868,73.0,79.20000000000003,73.95197328235317,21.0
-1,-101.37525259072464,14.330954370370376,60.0,56.256000000000014,45.11925259072464,23.0
-1,-85.24607685568762,14.389854407407393,34.0,43.20000000000002,42.04607685568761,20.0
-1,-90.6237670032948,14.65157762037036,41.0,47.808000000000014,42.81576700329477,22.0
-1,-84.3232140473394,15.65714868055555,53.0,48.57600000000002,35.74721404733938,19.0
-1,-117.03094701050463,20.496202379629544,73.0,71.52000000000004,45.5109470105046,23.0
-1,-95.55250401958102,16.363115300925912,45.0,52.22400000000001,43.32850401958101,20.0
-1,-86.50080818546999,15.832696546296306,43.0,44.256000000000014,42.24480818546998,20.0
-1,-108.3266082556398,20.022564324074025,66.0,70.75200000000001,37.5746082556398,17.0
-1,-94.06955931817784,17.36459551388889,44.0,48.67200000000001,45.39755931817784,22.0
-1,-103.05465073528264,13.08299235185184,47.0,58.84800000000003,44.20665073528263,23.0
-1,-102.59088977225449,25.765836013888865,50.0,55.77600000000003,46.81488977225444,15.0
-1,-98.1717209413138,11.813398175925933,49.0,52.12800000000002,46.04372094131377,23.0
-1,-104.81721509674762,15.696290027777778,53.0,56.06400000000002,48.7532150967476,24.0
-1,-80.28069639194038,14.788338722222226,43.0,42.048,38.23269639194037,21.0
-1,-84.34502879838487,17.906514726851842,47.0,47.80800000000001,36.53702879838488,19.0
-1,-103.90629238329797,14.851174958333337,43.0,54.62400000000002,49.28229238329794,22.0
-1,-96.29685388024332,19.949863768518483,48.0,51.552000000000014,44.74485388024332,21.0
-1,-104.90829183067297,14.383551449074062,53.0,58.656000000000034,46.25229183067293,25.0
-1,-82.94851171866583,14.55633259259258,31.0,40.51200000000001,42.43651171866581,19.0
-1,-95.64987781196592,21.45952563425921,62.0,63.84000000000003,31.80987781196589,19.0
-1,-105.00424836001577,23.325004796296227,66.0,68.35200000000003,36.65224836001573,19.0
-1,-113.73701784417952,15.760750685185146,47.0,57.98400000000003,55.75301784417948,24.0
-1,-108.04812679436584,18.94946468518513,59.0,64.51200000000001,43.53612679436582,20.0
-1,-95.69815251889575,14.960154263888874,51.0,55.10400000000003,40.59415251889573,16.0
-1,-107.75697363374655,21.03313409259254,57.0,61.63200000000002,46.12497363374653,18.0
-1,-108.36776860569772,18.62010634722216,62.0,64.51200000000003,43.85576860569771,21.0
-1,-104.63864467736605,19.14098376851846,56.0,54.62400000000002,50.01464467736604,21.0
-1,-97.56427621419196,18.316383703703693,65.0,69.98400000000002,27.58027621419193,17.0
-1,-88.5551680484819,18.571399745370336,57.0,49.72800000000002,38.82716804848187,20.0
-1,-88.75394923938859,14.170612763888869,38.0,44.832000000000015,43.921949239388574,22.0
-1,-99.9896008201866,14.724697166666664,57.0,51.36000000000002,48.62960082018659,22.0
-1,-77.09716959655708,15.368059787037042,44.0,40.60800000000001,36.48916959655706,22.0
-1,-79.01740829594536,18.349288222222214,39.0,45.12000000000001,33.89740829594534,14.0
-1,-81.01193946836668,15.561552638888902,36.0,40.032,40.979939468366666,22.0
-1,-85.76368666478061,18.25070924074073,43.0,45.12000000000001,40.6436866647806,19.0
-1,-74.46380230329399,17.17283218518514,37.0,40.512000000000015,33.951802303293974,16.0
-1,-96.11925622503712,19.859881379629616,50.0,46.46400000000002,49.65525622503712,20.0
-1,-126.6312448140392,16.296083226851824,50.0,65.76000000000003,60.871244814039166,25.0
-1,-92.02122343296892,13.70606005555556,51.0,54.91200000000003,37.109223432968896,21.0
-1,-94.8865748072712,17.686069999999965,50.0,52.03200000000002,42.85457480727119,20.0
-1,-87.49600344561787,15.231928768518513,48.0,48.960000000000015,38.536003445617865,17.0
-1,-103.26766192962606,18.404785694444374,48.0,55.39200000000002,47.87566192962603,22.0
-1,-96.360097740251,17.589396282407396,52.0,54.24000000000002,42.12009774025097,21.0
-1,-101.3843860799187,19.307662384259185,57.0,57.69600000000003,43.68838607991867,21.0
-1,-110.1173797235898,16.13572276388885,53.0,58.75200000000003,51.36537972358977,25.0
-1,-119.55971392585565,17.82032493981476,58.0,65.28000000000003,54.2797139258556,24.0
-1,-98.35740285707988,16.75325734722222,60.0,58.94400000000001,39.41340285707988,22.0
-1,-98.447983683299,19.313058694444397,45.0,51.648000000000025,46.799983683299,20.0
-1,-68.92114392505586,17.85092127777776,39.0,41.08800000000001,27.83314392505585,15.0
-1,-99.80020713064476,22.79794623611107,56.0,56.73600000000002,43.06420713064474,17.0
-1,-82.4502592420746,16.233682842592593,36.0,45.312000000000005,37.13825924207458,19.0
-1,-89.48147327856094,17.593545064814798,43.0,48.28800000000002,41.19347327856092,21.0
-1,-99.9701122640887,20.367408499999943,67.0,70.27200000000003,29.69811226408867,18.0
-1,-92.12825289943184,14.342736041666662,42.0,46.94400000000001,45.18425289943183,22.0
-1,-97.05597620545886,22.121241013888863,56.0,57.88800000000003,39.16797620545884,17.0
-1,-93.32840393327017,18.363067097222203,40.0,48.48000000000001,44.84840393327015,18.0
-1,-99.1369488051098,21.466511337962924,52.0,52.224000000000025,46.91294880510976,18.0
-1,-112.29056931429142,18.264315476851824,80.0,71.13600000000004,41.15456931429137,22.0
-1,-92.50401000161764,13.341608046296288,30.0,40.32000000000001,52.18401000161764,23.0
-1,-88.21430896519635,18.8321253518518,44.0,52.03200000000002,36.182308965196334,19.0
-1,-108.26231737516908,24.477082902777703,74.0,73.15200000000004,35.11031737516905,18.0
-1,-99.51371410569249,12.954605694444467,41.0,49.44000000000001,50.07371410569248,21.0
-1,-101.3520043723464,24.427940763888817,61.0,61.92000000000003,39.432004372346384,18.0
-1,-110.2508672568582,20.768494689814737,70.0,64.99200000000002,45.25886725685818,23.0
-1,-111.3273698964516,17.62801105555552,46.0,53.66400000000002,57.66336989645158,24.0
-1,-105.18631794177269,19.57176257870364,48.0,62.78400000000003,42.40231794177266,19.0
-1,-110.64527489812258,16.278892754629613,43.0,55.968000000000025,54.67727489812256,21.0
-1,-110.0567185680026,16.75219079629627,44.0,50.68800000000002,59.36871856800258,21.0
-1,-90.18536473044674,15.376713800925929,44.0,50.20800000000003,39.9773647304467,16.0
-1,-104.33517127663646,13.641772601851835,48.0,51.45600000000002,52.87917127663644,24.0
-1,-89.20359785222158,17.75186841666663,50.0,46.56000000000001,42.64359785222157,19.0
-1,-122.25101892642996,19.626831189814745,74.0,74.59200000000004,47.65901892642991,24.0
-1,-105.9921505030016,15.37946744444444,48.0,58.17600000000003,47.81615050300157,22.0
-1,-100.35555521732904,13.397887175925904,48.0,58.65600000000003,41.69955521732899,23.0
-1,-100.58511338572626,19.96695065740733,55.0,63.64800000000004,36.93711338572621,21.0
-1,-102.17768583701933,18.902294268518457,52.0,57.98400000000003,44.19368583701928,20.0
-1,-104.84874194727072,16.30376914351853,47.0,52.12800000000002,52.7207419472707,22.0
-1,-107.1767696177412,17.16924041666662,54.0,62.784000000000034,44.392769617741166,21.0
-1,-94.85956837430334,21.702147245370327,57.0,59.61600000000004,35.2435683743033,17.0
-1,-95.15731765341178,19.06134594907404,47.0,51.360000000000014,43.797317653411774,19.0
-1,-108.96148485556078,19.47887548148143,61.0,64.03200000000004,44.92948485556074,21.0
-1,-104.2158647887228,16.147932680555552,60.0,55.58400000000003,48.63186478872278,23.0
-1,-126.07573977635302,20.10658532870363,73.0,77.28000000000004,48.795739776352974,23.0
-1,-119.82145989732255,20.394986768518454,73.0,68.44800000000002,51.37345989732256,23.0
-1,-86.60780821631897,17.563859439814813,55.0,51.84000000000001,34.76780821631897,19.0
-1,-83.55767447301028,13.662717037037035,41.0,45.88800000000002,37.66967447301026,22.0
-1,-117.05372174989444,15.9685794583333,61.0,68.44800000000002,48.605721749894414,21.0
-1,-94.8588441327849,17.339637962962957,51.0,55.20000000000002,39.658844132784864,20.0
-1,-94.66283401260873,13.417789407407415,51.0,58.56000000000002,36.102834012608696,21.0
-1,-104.8246565823026,16.965392300925917,44.0,59.904000000000025,44.92065658230258,19.0
-1,-84.50189987920523,22.067504314814794,52.0,57.696000000000026,26.8058998792052,16.0
-1,-87.68854461722728,15.384377333333305,45.0,51.74400000000002,35.94454461722725,21.0
-1,-92.300942406444,17.14750968055557,48.0,48.768000000000015,43.53294240644399,19.0
-1,-102.8367272036997,16.674126083333295,59.0,61.440000000000026,41.39672720369967,24.0
-1,-98.07981802159584,16.32618182407407,46.0,48.576000000000015,49.503818021595805,23.0
-1,-91.88733292408406,20.878916138888865,56.0,55.20000000000002,36.68733292408404,18.0
-1,-107.638173034908,16.607948120370338,41.0,50.68800000000002,56.95017303490799,22.0
-1,-106.10038525646252,15.370025874999982,46.0,58.75200000000002,47.34838525646249,21.0
-1,-99.83476671666432,17.353872828703675,55.0,59.90400000000003,39.93076671666429,20.0
-1,-108.82154790781092,16.761158893518513,65.0,66.33600000000003,42.4855479078109,22.0
-1,-93.02263093175304,15.99388839814816,51.0,47.712000000000025,45.31063093175301,22.0
-1,-112.4772957603991,14.435210143518518,41.0,57.120000000000026,55.35729576039908,26.0
-1,-105.5150423693887,20.281213430555464,51.0,67.77600000000002,37.73904236938867,19.0
-1,-101.20465987808764,16.524938842592572,62.0,67.20000000000003,34.00465987808762,21.0
-1,-99.72580855740968,18.83089575925921,59.0,60.00000000000003,39.72580855740966,22.0
-1,-93.19670083478276,14.97783790740741,47.0,51.64800000000002,41.54870083478275,20.0
-1,-104.5521304275374,21.83167134259253,56.0,58.75200000000002,45.80013042753738,21.0
-1,-86.3744402489771,14.142458310185196,47.0,48.57600000000001,37.79844024897708,16.0
-1,-99.16524162878883,19.993764768518453,58.0,62.78400000000003,36.3812416287888,21.0
-1,-94.17544484872316,16.583909912037008,54.0,58.84800000000002,35.327444848723154,21.0
-1,-117.26423281212674,18.724180870370315,59.0,66.52800000000003,50.7362328121267,24.0
-1,-87.50852244413603,17.592148435185152,45.0,45.88800000000002,41.620522444136014,21.0
-1,-101.87420009170184,20.2009593657407,48.0,53.95200000000003,47.92220009170181,20.0
-1,-122.8592818281716,18.689519624999967,67.0,67.00800000000002,55.85128182817158,24.0
-1,-96.25948712301395,20.508808162037,49.0,54.72000000000003,41.53948712301393,19.0
-1,-95.42253769500624,21.03663238888885,62.0,61.44000000000003,33.98253769500621,20.0
-1,-78.22628530739237,16.838239967592596,49.0,42.816,35.41028530739237,18.0
-1,-110.54902945133504,15.427444296296288,57.0,58.17600000000002,52.37302945133502,24.0
-1,-99.6904907614345,18.6906461944444,44.0,58.94400000000003,40.74649076143447,19.0
-1,-90.9683927494758,12.013123837962954,37.0,47.04000000000001,43.92839274947579,21.0
-1,-95.49028049081272,19.07612228240737,59.0,67.87200000000003,27.618280490812687,14.0
-1,-106.5508087979807,20.502178124999947,64.0,60.28800000000003,46.262808797980654,22.0
-1,-142.0740367060452,19.355173356481437,70.0,91.29600000000002,50.77803670604519,21.0
-1,-101.2557713886626,15.83378958796296,52.0,58.36800000000003,42.88777138866256,19.0
-1,-89.33858268035661,19.646526120370336,45.0,61.53600000000002,27.802582680356597,12.0
-1,-81.3400773108234,17.42884636111112,43.0,44.83200000000001,36.5080773108234,20.0
-1,-90.76935425814594,13.539201416666671,41.0,51.26400000000001,39.50535425814592,18.0
-1,-116.44799163267864,20.330632069444377,68.0,67.39200000000004,49.05599163267862,21.0
-1,-101.5890100684216,21.63330789814811,56.0,58.84800000000003,42.74101006842156,19.0
-1,-118.5379539365896,15.839164379629617,54.0,64.60800000000003,53.92995393658956,24.0
-1,-73.50887704661794,18.20944631018517,40.0,45.98400000000001,27.52487704661793,16.0
-1,-73.67428263404052,13.440233041666657,42.0,47.13600000000002,26.538282634040502,18.0
-1,-98.5956258948846,13.779216180555547,43.0,49.72800000000002,48.86762589488458,23.0
-1,-89.90268933408761,15.312524351851849,48.0,47.32800000000002,42.5746893340876,24.0
-1,-105.3034471473368,17.94006420370369,59.0,67.68000000000004,37.62344714733676,19.0
-1,-103.16150666421058,16.401336537037018,56.0,59.52000000000003,43.64150666421054,24.0
-1,-100.69091045896717,13.002035606481485,44.0,49.05600000000001,51.63491045896714,23.0
-1,-96.1832014277634,17.1567593194444,47.0,47.52000000000002,48.66320142776338,23.0
-1,-97.86697999900004,20.86698595370365,51.0,52.512000000000015,45.35497999900005,18.0
-1,-85.5509233403244,21.541223027777757,54.0,53.08800000000002,32.46292334032438,18.0
-1,-107.38202964631044,17.071374199074047,49.0,62.20800000000003,45.1740296463104,18.0
-1,-114.29956001349322,17.251400175925884,43.0,56.16000000000002,58.1395600134932,21.0
-1,-109.7022739663083,16.073379634259243,62.0,63.16800000000004,46.534273966308255,22.0
-1,-97.89708632318832,10.955307027777806,46.0,47.90400000000002,49.99308632318831,22.0
-1,-86.64095345336385,16.348758916666654,52.0,51.64800000000002,34.99295345336383,22.0
-1,-104.04955184208274,14.642346694444438,46.0,56.73600000000002,47.31355184208271,22.0
-1,-86.58273633469493,18.011381601851838,51.0,47.904000000000025,38.6787363346949,19.0
-1,-112.48149434456232,14.184834925925903,43.0,52.416000000000025,60.065494344562296,26.0
-1,-94.88827914596716,14.527763532407404,44.0,46.84800000000002,48.04027914596714,26.0
-1,-97.79322237353148,14.226691898148136,47.0,45.69600000000001,52.09722237353147,26.0
-1,-87.17749712527348,14.509258861111098,40.0,47.71200000000002,39.465497125273465,19.0
-1,-111.7112228000047,21.2761670416666,64.0,64.12800000000003,47.58322280000468,21.0
-1,-106.74941276737285,17.67046288425921,55.0,55.10400000000003,51.6454127673728,23.0
-1,-96.91493644969955,15.800898680555536,54.0,59.23200000000003,37.68293644969952,19.0
-1,-126.78968282782138,21.28682696759253,71.0,84.48000000000005,42.30968282782133,20.0
-1,-105.61268910827692,15.84972416666664,43.0,50.40000000000001,55.21268910827691,23.0
-1,-80.06361099587592,16.400422930555543,36.0,42.91200000000001,37.15161099587591,20.0
-1,-102.98656812849563,18.87824271296292,60.0,66.33600000000003,36.65056812849562,22.0
-1,-124.3242443987014,14.114186398148153,52.0,56.64000000000002,67.6842443987014,24.0
-1,-65.74519674329429,20.014941638888857,37.0,38.976000000000006,26.769196743294287,13.0
-1,-109.50047936738022,16.079672999999957,48.0,65.85600000000002,43.64447936738019,21.0
-1,-96.56130659786956,15.146708300925926,46.0,46.08000000000001,50.48130659786953,25.0
-1,-102.12001635045252,14.267875625000004,52.0,55.48800000000002,46.6320163504525,24.0
-1,-93.5400783943785,26.375800578703647,54.0,54.33600000000003,39.20407839437846,16.0
-1,-100.35077198005273,16.806481907407356,43.0,52.99200000000002,47.35877198005269,20.0
-1,-88.91663261923881,16.6320950972222,40.0,45.69600000000001,43.2206326192388,20.0
-1,-114.84398074331231,28.286876504629568,70.0,65.85600000000004,48.9879807433123,19.0
-1,-99.94053651024068,12.85319238888889,39.0,55.48800000000002,44.45253651024066,21.0
-1,-99.71187850121105,19.15114682407403,62.0,65.76000000000003,33.951878501211,20.0
-1,-98.81181775334564,21.074429935185098,63.0,66.81600000000003,31.99581775334561,17.0
-1,-65.48944440035396,13.061707527777768,29.0,29.856000000000005,35.63344440035395,19.0
-1,-86.28595623722768,21.562164407407334,44.0,51.552000000000014,34.73395623722766,19.0
-1,-87.999609995148,19.02700733333332,48.0,52.22400000000002,35.775609995147995,16.0
-1,-94.40901172362176,14.48921390277778,41.0,50.88000000000002,43.52901172362175,19.0
-1,-98.95213371946292,12.85594067592594,49.0,52.12800000000002,46.82413371946291,24.0
-1,-89.67489520318081,14.819392328703705,55.0,51.936000000000014,37.7388952031808,22.0
-1,-110.12600159471144,18.05421287037029,41.0,54.81600000000002,55.31000159471142,21.0
-1,-124.75743699857728,26.27630346759249,73.0,77.37600000000005,47.38143699857722,17.0
-1,-119.64992999891558,19.82100993518512,54.0,58.65600000000002,60.99392999891556,23.0
-1,-106.10733993526816,21.906994624999932,64.0,70.36800000000004,35.739339935268134,17.0
-1,-93.59636005447452,17.78087975925924,50.0,51.648000000000025,41.94836005447449,21.0
-1,-117.3667791004587,15.433810143518484,43.0,60.096000000000025,57.27077910045867,23.0
-1,-97.3509771068216,14.426391222222223,45.0,50.59200000000001,46.75897710682159,22.0
-1,-110.64861761032913,16.817294925925886,39.0,48.096000000000025,62.55261761032911,22.0
-1,-116.60169427730222,17.140599018518458,54.0,66.24000000000002,50.36169427730219,23.0
-1,-82.75875568022542,16.113833513888856,47.0,47.32800000000002,35.4307556802254,20.0
-1,-99.27658825263404,17.598382111111093,46.0,43.10400000000001,56.17258825263403,20.0
-1,-90.8165526327272,13.169453314814824,41.0,50.01600000000002,40.80055263272718,22.0
-1,-95.18118066409949,17.75037395370366,49.0,67.20000000000003,27.981180664099465,16.0
-1,-103.51122542819084,19.413159606481425,63.0,62.68800000000003,40.8232254281908,20.0
-1,-95.84590837159564,22.593850180555474,58.0,64.80000000000003,31.045908371595612,18.0
-1,-103.2238327883691,14.904572504629648,45.0,55.58400000000002,47.63983278836908,22.0
-1,-125.2321813631508,19.33251426388882,59.0,63.84000000000003,61.39218136315077,24.0
-1,-95.21952038330208,14.66931194907406,45.0,51.55200000000002,43.66752038330206,21.0
-1,-78.35727114110422,14.669441657407404,33.0,47.71200000000001,30.64527114110421,17.0
-1,-94.01352136968724,17.534149699074,38.0,48.76800000000001,45.24552136968721,21.0
-1,-70.1457191365955,17.668046578703684,38.0,40.32000000000001,29.82571913659549,16.0
-1,-139.58998252002726,24.91639255555545,82.0,87.45600000000003,52.13398252002722,19.0
-1,-112.17831987948476,13.983292060185171,48.0,59.52000000000002,52.65831987948473,25.0
-1,-68.86226589290439,8.857564578703707,29.0,30.144,38.718265892904384,25.0
-1,-104.30363414727825,17.244485379629584,50.0,64.32000000000002,39.98363414727822,20.0
-1,-92.93119046951422,17.676685722222203,46.0,52.03200000000002,40.8991904695142,23.0
-1,-114.09592308632055,15.590287041666658,51.0,54.33600000000002,59.75992308632053,22.0
-1,-96.81685038931828,21.642649777777685,60.0,62.01600000000003,34.800850389318256,19.0
-1,-114.51811074347646,20.626778143518465,80.0,78.43200000000003,36.086110743476425,21.0
-1,-104.24790046921666,19.76203771296292,57.0,60.96000000000004,43.28790046921662,20.0
-1,-101.30613106204194,16.458967671296264,47.0,55.29600000000002,46.01013106204192,21.0
-1,-92.03680818293408,11.169096629629616,28.0,39.74400000000001,52.29280818293405,25.0
-1,-115.15241576775344,26.99359950925921,66.0,63.16800000000004,51.98441576775341,19.0
-1,-66.88113322502835,12.616144842592576,36.0,42.62400000000001,24.25713322502834,18.0
-1,-90.51381284006432,19.17212383796291,44.0,49.920000000000016,40.59381284006431,21.0
-1,-97.62733095988727,16.937620555555537,47.0,54.72000000000002,42.90733095988725,21.0
-1,-91.69882786661655,19.69838949999999,54.0,55.39200000000002,36.30682786661655,16.0
-1,-94.13072402212086,13.42412214351851,40.0,47.32800000000001,46.802724022120856,24.0
-1,-100.39482597982064,22.362823745370317,51.0,60.76800000000003,39.626825979820616,19.0
-1,-110.64385587718982,12.505547638888876,49.0,70.08000000000003,40.56385587718979,21.0
-1,-87.06121488047235,16.87888602777776,49.0,47.90400000000001,39.15721488047234,22.0
-1,-104.15686335055388,15.077705013888886,49.0,60.67200000000003,43.48486335055385,22.0
-1,-101.03793434377629,17.244684273148106,56.0,55.00800000000002,46.02993434377626,24.0
-1,-133.32464431164686,18.855044416666598,59.0,86.49600000000005,46.8286443116468,21.0
-1,-108.38304760273476,20.206360754629603,63.0,67.87200000000003,40.51104760273474,20.0
-1,-106.21777528343728,14.82150233796294,37.0,51.16800000000002,55.04977528343726,21.0
-1,-91.56723604832474,14.110994152777758,49.0,57.504000000000026,34.06323604832472,19.0
-1,-93.99071321491448,18.989879717592565,46.0,49.82400000000002,44.16671321491445,21.0
-1,-92.48712515039684,19.08656373148146,51.0,47.13600000000002,45.35112515039681,19.0
-1,-99.22071928782994,23.58500229629625,51.0,58.36800000000002,40.85271928782991,18.0
-1,-97.87262785646814,19.223410837962916,66.0,58.36800000000002,39.50462785646811,21.0
-1,-104.26409808623848,15.95927850925924,48.0,56.64000000000003,47.62409808623844,21.0
-1,-92.85860318432044,15.109120208333334,41.0,49.82400000000001,43.03460318432043,18.0
-1,-89.95161287031227,14.221800611111115,45.0,50.20800000000003,39.74361287031225,20.0
-1,-113.54604749954242,24.084712166666563,64.0,72.67200000000003,40.87404749954239,17.0
-1,-95.96230136138792,16.229881337962944,57.0,57.696000000000026,38.26630136138788,20.0
-1,-107.1169094840383,16.46263234722219,49.0,62.49600000000003,44.62090948403828,19.0
-1,-98.0665695943272,17.445636004629574,48.0,45.792000000000016,52.274569594327176,24.0
-1,-92.54457452155928,17.303775787036994,57.0,56.92800000000002,35.61657452155925,19.0
-1,-118.08719149624038,16.918999782407397,49.0,67.10400000000003,50.98319149624035,20.0
-1,-89.82646651027471,20.97469197222216,51.0,49.920000000000016,39.906466510274704,21.0
-1,-101.68005868123596,14.079264212962942,47.0,54.14400000000003,47.53605868123592,21.0
-1,-111.8772561591995,17.1882614398148,46.0,55.68000000000002,56.19725615919948,20.0
-1,-108.85211652879788,15.942219805555531,47.0,63.55200000000003,45.30011652879785,21.0
-1,-89.98342260996276,15.763615361111096,45.0,52.03200000000002,37.951422609962734,19.0
-1,-83.73361330920392,11.945409018518532,39.0,46.27200000000001,37.46161330920391,22.0
-1,-90.69009858298924,17.42383883333333,45.0,48.76800000000002,41.92209858298921,19.0
-1,-115.52325177214956,23.86323169444442,49.0,64.41600000000003,51.10725177214953,15.0
-1,-82.56447423011572,10.464095782407409,29.0,40.70400000000001,41.86047423011571,23.0
-1,-78.3447352830903,10.818547106481484,36.0,42.624,35.72073528309029,17.0
-1,-105.33827289646206,21.883207791666607,68.0,67.20000000000003,38.138272896462034,18.0
-1,-91.68929811076433,17.367787041666645,45.0,50.40000000000001,41.28929811076432,21.0
-1,-119.45122816316685,22.08551694907401,73.0,70.56000000000003,48.89122816316681,23.0
-1,-98.24417928198436,23.12562248148142,61.0,62.30400000000003,35.94017928198435,18.0
-1,-104.85699858235893,14.62987489814815,44.0,52.51200000000002,52.344998582358905,23.0
-1,-96.62955054909762,12.714868273148149,40.0,52.800000000000026,43.8295505490976,23.0
-1,-100.55830589821934,18.743361310185133,46.0,53.184000000000026,47.37430589821931,20.0
-1,-98.36839997229242,15.29781189351851,49.0,57.60000000000002,40.7683999722924,20.0
-1,-95.8275143703587,14.21314384722223,36.0,40.41600000000001,55.41151437035868,21.0
-1,-90.49673932088284,16.9572361574074,49.0,61.34400000000002,29.15273932088281,17.0
-1,-104.87575214645553,9.680252962962964,35.0,53.088000000000015,51.78775214645549,23.0
-1,-92.60818748288422,15.020214925925918,49.0,62.78400000000003,29.824187482884188,17.0
-1,-79.8706096583789,14.047436759259268,37.0,45.21600000000001,34.65460965837889,20.0
-1,-88.18651493170168,14.692896550925925,41.0,48.38400000000001,39.80251493170167,20.0
-1,-103.6554856152846,18.46818339351848,52.0,60.96000000000003,42.69548561528456,22.0
-1,-90.77203269280842,14.93386308796298,47.0,51.36000000000002,39.4120326928084,20.0
-1,-89.72441654910867,22.62572748148144,58.0,54.91200000000002,34.81241654910865,17.0
-1,-97.78968727536297,16.814754240740708,61.0,62.97600000000003,34.81368727536293,20.0
-1,-106.98280446236092,18.506801995370346,68.0,63.16800000000003,43.8148044623609,23.0
-1,-84.80058202226577,17.79528238888886,54.0,53.47200000000002,31.32858202226575,20.0
-1,-98.57543192515442,18.771516962962945,59.0,67.96800000000003,30.60743192515439,17.0
-1,-107.11518649231697,15.69776224537034,40.0,57.504000000000026,49.611186492316925,22.0
-1,-101.881917306021,15.122459351851838,48.0,57.504000000000026,44.377917306020976,20.0
-1,-117.59175064564732,16.284888689814814,73.0,66.91200000000003,50.679750645647296,24.0
-1,-104.05665396058022,21.59683159722214,52.0,67.68000000000002,36.3766539605802,17.0
-1,-107.0030168949918,22.86579237499995,69.0,67.48800000000004,39.51501689499174,18.0
-1,-109.50973017435568,18.66317680092587,57.0,58.464000000000034,51.045730174355626,24.0
-1,-100.20972234343871,18.539803944444404,52.0,58.27200000000003,41.9377223434387,21.0
-1,-87.0212864868833,15.936577305555543,52.0,56.54400000000002,30.477286486883287,19.0
-1,-85.54244615822377,21.079909861111062,54.0,59.13600000000003,26.406446158223734,17.0
-1,-104.3632080835522,18.553655999999958,54.0,61.92000000000003,42.443208083552165,21.0
-1,-60.16494296473726,12.138639847222237,30.0,37.152,23.012942964737256,15.0
-1,-103.77004652396528,17.684358819444423,54.0,61.05600000000003,42.71404652396525,22.0
-1,-97.67614999334116,13.610219069444428,41.0,53.664000000000016,44.01214999334116,22.0
-1,-93.7351882566984,17.40945131481481,47.0,55.00800000000002,38.72718825669839,18.0
-1,-99.90211654460336,15.957391231481472,49.0,55.58400000000002,44.31811654460333,20.0
-1,-104.16891753269766,17.148679217592566,51.0,63.55200000000002,40.61691753269765,20.0
-1,-88.99067979819965,12.140985592592587,51.0,53.184000000000026,35.806679798199625,21.0
-1,-99.22646369233718,17.011885537037017,56.0,57.88800000000003,41.33846369233714,18.0
-1,-88.17762829926008,17.497552699074042,37.0,45.024000000000015,43.15362829926007,19.0
-1,-131.0615793087472,15.028781787037024,51.0,67.48800000000003,63.57357930874719,27.0
-1,-84.19732317314593,14.338217972222209,39.0,45.21600000000001,38.98132317314592,22.0
-1,-97.01670401303215,14.59859754166668,47.0,53.856000000000016,43.16070401303213,20.0
-1,-98.02575077982588,18.58158684722221,39.0,45.69600000000001,52.32975077982587,24.0
-1,-79.98426679463691,16.014850064814834,45.0,42.91200000000001,37.072266794636896,22.0
-1,-118.39766480228089,14.031208935185182,49.0,72.38400000000004,46.01366480228082,22.0
-1,-112.82954614257712,17.298662671296263,67.0,63.84000000000003,48.98954614257708,23.0
-1,-84.61974953989588,16.4218989074074,39.0,41.376000000000005,43.24374953989587,20.0
-1,-109.3828121284632,17.3321381435185,58.0,54.91200000000003,54.47081212846317,23.0
-1,-116.88147532522017,15.272361083333312,57.0,84.48000000000005,32.40147532522011,19.0
-1,-72.56994106478467,13.74459393981482,32.0,32.160000000000004,40.40994106478468,22.0
-1,-98.2285338702064,14.467283259259252,49.0,58.94400000000003,39.28453387020637,23.0
-1,-96.82742521733375,17.93633601851849,54.0,55.58400000000002,41.24342521733373,21.0
-1,-92.40530724835858,19.45439917592592,54.0,60.19200000000003,32.21330724835856,15.0
-1,-82.8042170875191,12.936503638888883,33.0,48.0,34.80421708751911,20.0
-1,-103.38018691211585,11.626405620370363,42.0,58.65600000000002,44.72418691211581,25.0
-1,-64.32054758532135,13.12700206018515,33.0,44.44800000000001,19.872547585321342,12.0
-1,-100.90462470432632,17.13455237037034,47.0,56.25600000000002,44.64862470432629,22.0
-1,-75.07011386656502,13.047254101851856,33.0,47.71200000000001,27.35811386656501,16.0
-1,-119.84818361705813,12.398844476851853,46.0,72.96000000000004,46.88818361705807,22.0
-1,-115.9629169945021,13.63203410648147,52.0,70.94400000000003,45.018916994502064,22.0
-1,-108.22455753799336,14.130334657407404,59.0,73.34400000000004,34.880557537993326,21.0
-1,-105.33823769968204,16.41447588888888,57.0,61.92000000000003,43.418237699682,21.0
-1,-98.47508817305985,19.672501495370323,44.0,50.20800000000001,48.26708817305982,18.0
-1,-104.24164333536396,19.431928828703604,45.0,57.69600000000002,46.545643335363934,21.0
-1,-128.17819242396203,15.366737087962964,53.0,70.27200000000003,57.90619242396199,23.0
-1,-93.91782331524708,16.915395337962938,44.0,49.24800000000002,44.66982331524708,19.0
-1,-78.51410816649197,13.908000106481463,36.0,42.432,36.08210816649196,21.0
-1,-94.55839031404736,14.000512629629624,40.0,50.01600000000002,44.54239031404735,21.0
-1,-93.07213903484865,11.125908851851872,39.0,41.47200000000001,51.60013903484863,26.0
-1,-88.3393594008781,18.98749711574072,49.0,56.06400000000003,32.275359400878074,17.0
-1,-97.56723111711756,16.288752097222208,42.0,47.71200000000001,49.85523111711755,22.0
-1,-82.44086987234309,14.51581136111111,39.0,39.74400000000001,42.69686987234308,21.0
-1,-99.98484126322322,24.1367515416666,56.0,60.28800000000003,39.69684126322319,18.0
-1,-119.73211178810766,11.99049900462962,44.0,58.080000000000034,61.65211178810763,29.0
-1,-113.55185780887548,15.389810486111072,46.0,64.99200000000003,48.55985780887545,23.0
-1,-97.31272168988806,17.087208013888873,46.0,52.416000000000025,44.89672168988803,22.0
-1,-102.42198013276747,16.769618027777767,47.0,54.62400000000003,47.79798013276745,22.0
-1,-82.26607835844538,23.029414666666625,49.0,45.12000000000001,37.146078358445365,18.0
-1,-99.82517482737686,17.71243429166664,40.0,50.97600000000002,48.84917482737683,21.0
-1,-95.19955359894549,12.305320814814822,35.0,40.12800000000001,55.07155359894546,23.0
-1,-74.03487182945061,10.41386458796297,33.0,43.77600000000001,30.2588718294506,20.0
-1,-109.76918709886984,17.14607316203702,62.0,68.16000000000004,41.6091870988698,21.0
-1,-96.28351895148796,14.986042967592589,43.0,55.488000000000014,40.79551895148796,19.0
-1,-100.0254363679266,15.531720898148144,48.0,57.696000000000026,42.32943636792657,21.0
-1,-100.2402264017364,12.964293763888897,40.0,50.40000000000002,49.8402264017364,23.0
-1,-81.01365545747532,17.309196425925894,47.0,48.19200000000002,32.821655457475295,17.0
-1,-69.2841209138067,12.985114467592592,38.0,33.504,35.78012091380671,23.0
-1,-82.98349813292769,18.90764059722221,42.0,43.87200000000002,39.11149813292767,18.0
-1,-98.10193024020158,21.23928768055549,63.0,65.18400000000004,32.91793024020154,17.0
-1,-89.37499025136577,13.341556263888872,38.0,50.112000000000016,39.26299025136576,19.0
-1,-82.34960458037634,11.199145388888889,32.0,49.24800000000002,33.101604580376325,17.0
-1,-78.33339219804745,16.432001421296263,39.0,44.06400000000002,34.26939219804743,16.0
-1,-112.66184448796304,18.43712085648142,55.0,69.88800000000003,42.77384448796301,20.0
-1,-92.62474197965096,13.323173050925917,44.0,46.84800000000001,45.77674197965094,22.0
-1,-110.3207934891438,20.64692610648148,53.0,66.81600000000003,43.50479348914376,16.0
-1,-124.92402519045794,19.551362537036955,62.0,78.43200000000004,46.4920251904579,21.0
-1,-109.71730737620496,16.450638379629574,51.0,58.656000000000034,51.06130737620492,25.0
-1,-78.40744740011606,19.61839961574069,47.0,50.30400000000002,28.10344740011603,15.0
-1,-102.50546203825677,14.094198509259249,41.0,53.76000000000002,48.74546203825675,22.0
-1,-87.12204061174711,13.883500361111103,42.0,51.16800000000002,35.95404061174709,19.0
-1,-81.64844034670894,18.010798296296265,43.0,48.768000000000015,32.88044034670892,20.0
-1,-101.53691081941771,17.53069169907403,36.0,46.368000000000016,55.1689108194177,22.0
-1,-87.38858360245874,11.807915597222216,40.0,48.192000000000014,39.19658360245872,21.0
-1,-79.86689713140727,16.299178365740733,40.0,49.44000000000002,30.42689713140725,16.0
-1,-94.343973659319,22.25505203240736,50.0,53.184000000000026,41.159973659318965,19.0
-1,-94.35277304112265,16.69294689351849,47.0,52.032000000000025,42.32077304112261,22.0
-1,-93.04247461847164,17.61291294907404,45.0,51.36000000000002,41.682474618471616,21.0
-1,-82.90172311403123,14.565772824074074,40.0,44.92800000000002,37.973723114031216,21.0
-1,-79.42823120897043,17.293850486111076,33.0,43.296000000000014,36.13223120897041,19.0
-1,-108.18259432087648,13.366130078703684,39.0,63.840000000000025,44.34259432087645,22.0
-1,-91.43162755966534,17.179350361111098,45.0,50.11200000000002,41.319627559665314,20.0
-1,-102.10262585534664,17.983701212962938,45.0,56.25600000000003,45.8466258553466,21.0
-1,-108.66514365829346,21.962009481481413,63.0,62.01600000000003,46.64914365829344,20.0
-1,-106.90468407650152,19.278783064814835,57.0,55.39200000000002,51.51268407650151,22.0
-1,-86.60461178536042,16.603409828703676,44.0,53.37600000000001,33.2286117853604,16.0
-1,-91.4644943018829,11.345139240740744,44.0,45.50400000000001,45.96049430188288,25.0
-1,-96.4433718979106,12.1352063287037,43.0,50.78400000000001,45.659371897910574,26.0
-1,-96.22174400324764,18.57543597222221,43.0,51.45600000000002,44.76574400324761,18.0
-1,-105.35585271975144,15.786791416666643,61.0,57.88800000000003,47.46785271975144,23.0
-1,-82.08041168344272,16.599771574074044,48.0,49.82400000000003,32.25641168344269,21.0
-1,-110.98323550556027,21.723775222222127,51.0,65.08800000000004,45.89523550556025,19.0
-1,-94.41351346007082,19.74482069907404,44.0,52.32000000000002,42.0935134600708,19.0
-1,-88.741987925791,19.818508314814743,41.0,55.00800000000002,33.73398792579098,16.0
-1,-106.77535612161525,12.23723997222222,38.0,48.00000000000002,58.775356121615225,25.0
-1,-82.55598958109852,14.446637736111116,35.0,47.71200000000001,34.843989581098505,20.0
-1,-98.38097244507928,12.192933129629626,44.0,45.12000000000002,53.26097244507925,26.0
-1,-94.9173147367028,21.67591622685178,53.0,52.80000000000002,42.11731473670278,19.0
-1,-88.86288231844253,15.160646731481474,43.0,49.152000000000015,39.71088231844251,19.0
-1,-101.3939036218564,15.01359918981481,52.0,61.34400000000002,40.04990362185639,20.0
-1,-77.52899892639854,14.717854499999993,40.0,45.88800000000001,31.640998926398535,17.0
-1,-113.22205073890386,19.09035927314813,66.0,74.20800000000004,39.01405073890382,19.0
-1,-93.79661405996212,14.973690092592594,41.0,50.40000000000002,43.3966140599621,22.0
-1,-93.32314822656318,18.98577797222216,51.0,54.14400000000003,39.17914822656315,21.0
-1,-78.91220533089933,12.87362544907407,32.0,42.04800000000001,36.86420533089932,22.0
-1,-127.07381802823082,17.72205307407401,53.0,72.67200000000004,54.40181802823079,21.0
-1,-104.26697639474692,17.71337476851844,39.0,53.37600000000002,50.89097639474691,23.0
-1,-115.03896492715174,19.522700374999943,75.0,67.87200000000003,47.1669649271517,22.0
-1,-96.56723669419353,15.945961712962948,41.0,48.192000000000014,48.37523669419351,24.0
-1,-84.09204471219141,17.863611060185107,51.0,56.44800000000004,27.644044712191366,16.0
-1,-105.3683521704473,18.668399662037032,63.0,58.56000000000002,46.80835217044727,23.0
-1,-102.378731555486,14.764939041666654,39.0,49.536000000000016,52.84273155548598,24.0
-1,-68.01697555938308,13.89689396759259,38.0,40.03200000000001,27.984975559383077,15.0
-1,-102.0859025984215,16.066296800925926,40.0,53.28000000000002,48.80590259842148,19.0
-1,-98.9498112175116,18.45262486574072,48.0,54.52800000000003,44.42181121751158,20.0
-1,-93.14768786490312,22.212817254629567,52.0,55.48800000000002,37.6596878649031,20.0
-1,-134.65161702418283,13.916671620370336,60.0,89.28000000000004,45.37161702418277,19.0
-1,-106.76912590529972,21.75819059722215,66.0,70.27200000000003,36.49712590529969,18.0
-1,-87.6681862836858,13.807434990740742,33.0,42.720000000000006,44.9481862836858,19.0
-1,-99.67992554073852,15.58987106481479,39.0,48.192000000000014,51.4879255407385,22.0
-1,-107.15659771574578,15.963895342592586,50.0,63.36000000000003,43.79659771574575,21.0
-1,-105.6171070634248,16.8882586296296,47.0,59.04000000000002,46.577107063424776,21.0
-1,-102.41481787930854,15.93205060648147,39.0,51.55200000000002,50.86281787930852,21.0
-1,-100.16005901727864,16.262793953703692,50.0,58.56000000000002,41.6000590172786,21.0
-1,-100.31652372241604,18.24142357407403,51.0,54.14400000000002,46.17252372241602,22.0
-1,-130.79075649356582,21.28211827777765,68.0,79.20000000000005,51.59075649356578,23.0
-1,-92.18454093897708,15.904516398148118,51.0,59.52000000000003,32.66454093897705,17.0
-1,-76.47495050589575,21.2264058796296,43.0,43.96800000000002,32.50695050589573,17.0
-1,-87.44475720310629,15.14006506018518,46.0,57.504000000000026,29.94075720310626,17.0
-1,-93.36168548884348,18.50095181481477,51.0,51.07200000000002,42.289685488843446,20.0
-1,-88.05226813493442,19.79589668981477,52.0,54.91200000000003,33.1402681349344,19.0
-1,-84.9207916784332,15.160704629629612,51.0,53.37600000000002,31.54479167843319,16.0
-1,-100.16358473866204,24.608458124999885,58.0,68.16000000000003,32.003584738662035,15.0
-1,-79.48674921565102,17.230677847222196,37.0,44.640000000000015,34.846749215651,21.0
-1,-123.00301947625766,22.35430862499992,52.0,68.16000000000004,54.84301947625762,23.0
-1,-82.64615928285917,15.32981133333333,37.0,44.16000000000001,38.48615928285916,21.0
-1,-106.59856758045528,19.02429019907402,61.0,69.40800000000003,37.19056758045525,19.0
-1,-114.77874843643968,16.132327370370337,53.0,58.94400000000002,55.83474843643965,25.0
-1,-94.86664156293207,17.076997398148126,42.0,48.28800000000002,46.57864156293206,18.0
-1,-95.91868485474812,16.35108661574071,46.0,61.248000000000026,34.67068485474809,19.0
-1,-88.75534227568929,18.581950268518483,52.0,52.70400000000002,36.05134227568927,18.0
-1,-100.0824491044698,15.207565194444436,44.0,55.58400000000002,44.49844910446976,20.0
-1,-80.94618630368717,14.064444921296277,39.0,47.13600000000001,33.81018630368716,19.0
-1,-96.47248317768722,23.871656379629563,72.0,64.12800000000003,32.344483177687195,18.0
-1,-97.0288015657024,12.087905699074083,33.0,39.36000000000001,57.66880156570238,24.0
-1,-119.61150707669891,20.126302550925853,59.0,69.79200000000004,49.81950707669887,20.0
-1,-87.45622364107982,19.262276824074032,51.0,53.088000000000015,34.3682236410798,17.0
-1,-93.091841471433,18.02854681018518,39.0,49.24800000000001,43.84384147143299,17.0
-1,-105.93776943257842,17.457719402777744,56.0,62.49600000000003,43.44176943257838,21.0
-1,-101.7237854639088,13.50351493055554,50.0,55.87200000000003,45.85178546390877,24.0
-1,-111.6345374509001,13.56531262499998,43.0,57.40800000000002,54.22653745090008,24.0
-1,-88.53916015194463,12.778551203703708,47.0,51.07200000000002,37.46716015194461,22.0
-1,-77.87741090451695,15.45844223148147,39.0,48.76800000000002,29.109410904516928,14.0
-1,-87.80624907844945,14.434351898148137,42.0,50.40000000000003,37.40624907844943,20.0
-1,-72.21524999519664,16.081470449074054,38.0,43.77600000000001,28.439249995196636,20.0
-1,-91.23133890447995,13.581661731481482,41.0,47.808000000000014,43.42333890447994,23.0
-1,-82.98101174058898,12.335415754629638,33.0,37.24800000000001,45.73301174058897,21.0
-1,-87.66877164113134,18.82800300925921,39.0,44.73600000000002,42.932771641131325,17.0
-1,-94.51374236015714,21.31523063888882,50.0,54.24000000000002,40.27374236015712,16.0
-1,-96.66204930358164,19.491335685185103,49.0,58.36800000000002,38.294049303581616,17.0
-1,-82.04302215429296,21.567984930555525,54.0,53.85600000000002,28.187022154292936,16.0
-1,-118.23598282741952,16.479682124999982,48.0,62.88000000000002,55.3559828274195,23.0
-1,-85.45225265223775,12.700745324074056,40.0,53.76000000000002,31.69225265223772,17.0
-1,-110.79917453449116,18.227826162036965,66.0,79.10400000000004,31.69517453449112,20.0
-1,-84.18557074544042,14.029316754629638,40.0,44.64000000000001,39.54557074544041,21.0
-1,-100.47388093969649,15.367749060185176,42.0,55.58400000000002,44.88988093969645,22.0
-1,-79.5240632794332,16.254218509259246,45.0,41.856000000000016,37.668063279433184,21.0
-1,-86.30308361690103,14.46895773148148,37.0,45.792000000000016,40.51108361690103,22.0
-1,-113.26388356467082,18.74521237962954,45.0,57.60000000000003,55.66388356467079,22.0
-1,-82.40181258026834,14.103881166666657,37.0,47.71200000000002,34.689812580268324,19.0
-1,-82.71718529402945,17.180169370370333,51.0,50.97600000000002,31.741185294029428,19.0
-1,-105.9482953019731,15.478240731481453,38.0,53.856000000000016,52.092295301973095,24.0
-1,-95.06928007655068,19.67974207407405,39.0,48.86400000000002,46.205280076550665,19.0
-1,-73.8874351154376,12.481441773148134,34.0,40.51200000000001,33.37543511543758,22.0
-1,-97.59745027397238,15.983594486111084,38.0,49.152000000000015,48.44545027397237,23.0
-1,-92.08949776752246,19.77032909259256,44.0,49.82400000000002,42.26549776752243,18.0
-1,-106.5987406928154,14.674907078703717,45.0,52.89600000000002,53.70274069281539,23.0
-1,-90.07712707498344,18.31219775925924,50.0,49.82400000000003,40.25312707498343,21.0
-1,-105.15040443442707,15.942881921296284,49.0,60.00000000000004,45.15040443442706,21.0
-1,-114.05918765250388,23.488261865740675,58.0,59.61600000000003,54.443187652503845,19.0
-1,-104.58413092693604,17.956494268518476,52.0,55.96800000000003,48.61613092693601,20.0
-1,-88.805786621314,19.826842444444445,54.0,57.60000000000002,31.205786621313973,14.0
-1,-90.60155520825748,12.015697370370372,37.0,50.01600000000002,40.585555208257446,23.0
-1,-93.94063724859072,16.74304690277775,47.0,55.48800000000002,38.45263724859071,22.0
-1,-92.38949227120526,18.50752809259256,56.0,64.12800000000003,28.261492271205235,16.0
-1,-87.05232162984873,15.542050509259262,38.0,43.00800000000001,44.04432162984872,19.0
-1,-89.89738425657718,19.854450370370323,44.0,50.59200000000001,39.30538425657717,16.0
-1,-87.0281509297114,16.2274988935185,40.0,52.70400000000002,34.32415092971138,18.0
-1,-101.05298836047136,19.12823504629627,68.0,68.25600000000003,32.79698836047132,16.0
-1,-74.51037530440975,11.689704981481496,35.0,38.97600000000001,35.534375304409735,23.0
-1,-91.34617580613188,20.016399435185136,54.0,57.696000000000026,33.650175806131834,19.0
-1,-107.00786760886066,14.689281652777757,45.0,54.14400000000001,52.863867608860645,25.0
-1,-96.16954132754964,18.43764969907405,55.0,54.81600000000003,41.353541327549614,22.0
-1,-75.23233501385462,12.526300106481486,49.0,52.41600000000002,22.81633501385461,14.0
-1,-73.66848178887628,14.559078217592573,39.0,45.40800000000001,28.260481788876262,16.0
-1,-84.60822144777173,15.00520087037036,37.0,40.41600000000001,44.19222144777172,21.0
-1,-104.63740944850674,15.963673972222216,44.0,53.85600000000002,50.78140944850672,23.0
-1,-90.97399198821066,17.351828305555504,45.0,53.95200000000002,37.02199198821063,18.0
-1,-89.6325259438191,19.22840140740738,46.0,54.52800000000002,35.104525943819084,18.0
-1,-99.78500689445308,15.781533111111097,53.0,47.52000000000002,52.26500689445308,23.0
-1,-94.20799280166418,18.229321925925863,49.0,62.49600000000002,31.71199280166416,17.0
-1,-93.51297068024836,12.752785587962952,42.0,52.416000000000025,41.09697068024833,20.0
-1,-74.72330337389997,16.555216689814813,41.0,41.472000000000016,33.25130337389996,20.0
-1,-82.39033603018495,18.39849529629625,42.0,51.93600000000002,30.45433603018494,16.0
-1,-78.84853954784262,17.836268708333304,41.0,54.43200000000002,24.416539547842603,14.0
-1,-80.20630752722286,17.615687541666638,50.0,52.60800000000002,27.598307527222843,17.0
-1,-94.24144743489866,18.569164986111044,48.0,53.66400000000003,40.57744743489863,19.0
-1,-105.27852460845592,17.973236550925893,56.0,72.00000000000003,33.278524608455875,19.0
-1,-75.69446110793106,13.50682009722223,43.0,45.31200000000001,30.38246110793105,16.0
-1,-95.60646722481152,9.329297870370382,29.0,35.328,60.27846722481151,27.0
-1,-93.70706424911802,19.84728255555552,46.0,53.184000000000026,40.52306424911799,21.0
-1,-54.6270699064882,8.66082300462963,22.0,28.128000000000004,26.49906990648819,17.0
-1,-94.66696240610194,18.052661638888853,57.0,62.11200000000004,32.55496240610191,19.0
-1,-113.39263477640166,19.228029546296217,59.0,78.04800000000004,35.34463477640162,20.0
-1,-85.97873896812041,15.423768231481482,43.0,45.98400000000001,39.99473896812041,21.0
-1,-111.27272969347752,16.66406284259257,53.0,61.15200000000003,50.12072969347749,21.0
-1,-97.38355697593848,15.956217754629613,43.0,52.512000000000015,44.87155697593846,21.0
-1,-97.16760737138743,19.15010587962961,54.0,54.33600000000003,42.83160737138743,20.0
-1,-66.6348783062765,17.50391936111111,38.0,42.528000000000006,24.106878306276503,18.0
-1,-80.50834654308804,19.831743416666647,51.0,56.352000000000025,24.15634654308801,13.0
-1,-96.61059071725528,15.167818555555536,39.0,54.14400000000001,42.46659071725528,21.0
-1,-90.47410232944368,15.817523472222204,39.0,46.27200000000001,44.20210232944365,22.0
-1,-86.29504386442277,20.107424643518435,47.0,54.14400000000003,32.15104386442274,18.0
-1,-99.0399287197136,15.555445736111093,35.0,47.23200000000001,51.8079287197136,21.0
-1,-99.72991142361894,21.291390763888828,53.0,57.02400000000003,42.70591142361891,21.0
-1,-90.33228154676944,13.089470212962947,45.0,52.99200000000002,37.34028154676942,24.0
-1,-88.134025802515,16.488865282407406,43.0,53.376000000000026,34.758025802514965,16.0
-1,-112.95502038337315,20.632716921296208,72.0,71.13600000000004,41.81902038337312,22.0
-1,-100.6906715222905,21.556268972222128,54.0,60.57600000000004,40.11467152229047,18.0
-1,-94.72449676220928,17.565728592592574,45.0,48.000000000000014,46.72449676220926,21.0
-1,-100.11565632420948,18.62238730092585,45.0,58.272000000000034,41.84365632420944,18.0
-1,-78.95436737933792,15.680737685185182,35.0,45.50400000000001,33.45036737933792,15.0
-1,-103.3338054026261,16.88859830555553,53.0,60.28800000000003,43.04580540262607,23.0
-1,-83.5014384705287,14.812792967592596,38.0,41.56800000000001,41.933438470528685,22.0
-1,-85.54886851428247,14.683345986111126,36.0,40.512000000000015,45.03686851428247,21.0
-1,-93.85566016519029,16.536500324074073,50.0,49.63200000000001,44.22366016519025,20.0
-1,-86.34940764107996,14.476496634259266,39.0,45.792000000000016,40.55740764107995,20.0
-1,-119.7137687716758,17.890879648148115,54.0,73.44000000000004,46.27376877167576,20.0
-1,-95.8621314259112,18.533826800925887,42.0,52.32000000000003,43.54213142591116,19.0
-1,-107.13770285436476,21.468295162037013,73.0,66.52800000000003,40.60970285436472,19.0
-1,-79.57644209817188,20.99974720370375,43.0,38.97600000000001,40.60044209817187,17.0
-1,-88.9156815882697,15.73645631481479,45.0,55.39200000000001,33.523681588269696,19.0
-1,-95.659000824128,18.112653439814785,61.0,59.52000000000002,36.13900082412797,18.0
-1,-101.15971001862049,18.616695833333264,48.0,56.83200000000002,44.32771001862045,19.0
-1,-81.12594228562727,16.76685512962963,39.0,41.56800000000001,39.55794228562726,19.0
-1,-72.41549228828893,14.206517907407408,40.0,42.720000000000006,29.69549228828893,15.0
-1,-101.89383494240312,18.48729577314809,49.0,62.88000000000004,39.01383494240309,18.0
-1,-80.90553711080013,14.426887763888864,44.0,50.01600000000002,30.889537110800102,18.0
-1,-112.9257566507399,17.58081472222217,62.0,66.62400000000004,46.30175665073986,23.0
-1,-87.76761299030582,19.037660324074047,53.0,51.360000000000014,36.4076129903058,20.0
-1,-86.35364139128164,19.36536882407402,52.0,58.36800000000002,27.98564139128162,16.0
-1,-84.41073199716092,16.260870990740745,39.0,46.27200000000001,38.13873199716092,19.0
-1,-79.9083365089092,14.862499902777769,38.0,44.44800000000001,35.4603365089092,20.0
-1,-85.18024240288109,17.8840628333333,47.0,49.152000000000015,36.02824240288108,15.0
-1,-67.23585679171535,19.258150949074054,33.0,31.776,35.45985679171535,16.0
-1,-78.51113578009081,15.02565636574074,43.0,45.60000000000001,32.9111357800908,20.0
-1,-101.55526943413544,19.575125305555503,56.0,57.50400000000003,44.05126943413539,22.0
-1,-86.13938973597277,18.11435514351849,39.0,50.40000000000002,35.73938973597275,14.0
-1,-115.98549373725386,15.85395472222222,48.0,59.71200000000003,56.27349373725383,23.0
-1,-89.9769488417522,18.057677486111068,45.0,53.664000000000016,36.3129488417522,18.0
-1,-93.98751845066148,17.35403898611107,42.0,55.68000000000002,38.30751845066145,20.0
-1,-110.5313567426548,18.887544115740656,53.0,73.24800000000005,37.28335674265474,20.0
-1,-90.211895859638,20.33951136111108,49.0,53.18400000000001,37.02789585963797,18.0
-1,-83.10857178642308,19.413935134259223,52.0,48.192000000000014,34.91657178642308,18.0
-1,-82.30309499736634,16.417351374999985,42.0,41.568000000000005,40.73509499736634,22.0
-1,-82.62052785112266,13.61689309722223,45.0,48.48000000000002,34.140527851122634,21.0
-1,-108.88958598945028,14.50082000462962,57.0,73.24800000000003,35.64158598945025,20.0
-1,-113.17420107373933,12.780386814814811,46.0,62.01600000000002,51.158201073739306,22.0
-1,-104.36586346740988,13.832436888888866,51.0,59.80800000000003,44.55786346740983,20.0
-1,-88.06942718267953,19.814719546296256,55.0,62.59200000000003,25.4774271826795,15.0
-1,-85.58501386689518,18.014262995370338,53.0,48.576000000000015,37.00901386689517,19.0
-1,-99.70065043238752,17.445289398148105,58.0,58.36800000000002,41.33265043238752,22.0
-1,-74.6613850815241,17.290958212962988,49.0,53.472000000000016,21.18938508152409,11.0
-1,-103.03683886884194,18.520173513888828,75.0,72.57600000000004,30.460838868841904,17.0
-1,-88.80658049021466,19.396061912037,63.0,60.57600000000003,28.23058049021462,13.0
-1,-87.88703042455963,17.893830379629605,54.0,58.17600000000002,29.7110304245596,17.0
-1,-95.72501426086131,15.409240166666637,56.0,63.36000000000004,32.365014260861294,20.0
-1,-100.74681597077658,17.269462597222155,49.0,55.87200000000003,44.87481597077655,20.0
-1,-90.34085618652358,14.76389581018517,58.0,62.30400000000003,28.036856186523558,18.0
-1,-87.85173740123466,13.07446908333332,43.0,51.36000000000002,36.49173740123463,18.0
-1,-84.15326456263519,16.41529349074073,41.0,42.72000000000001,41.43326456263517,20.0
-1,-73.16368013290935,9.513012379629629,26.0,37.344,35.81968013290934,22.0
-1,-64.42415968172017,14.324876120370348,36.0,38.688,25.73615968172016,16.0
-1,-100.51592612227816,21.281168037037,63.0,66.72000000000003,33.795926122278125,17.0
-1,-90.2787172364626,19.538940291666584,46.0,53.85600000000002,36.422717236462574,20.0
-1,-128.27892548672307,14.247723222222218,41.0,61.15200000000002,67.12692548672304,23.0
-1,-112.14578437797532,16.973829421296248,54.0,65.85600000000004,46.289784377975295,22.0
-1,-92.81275367325507,16.257941310185192,57.0,54.52800000000002,38.28475367325507,21.0
-1,-96.90408942461774,19.23699489814809,47.0,55.68000000000002,41.22408942461772,18.0
-1,-85.8162043284712,16.2342779722222,49.0,49.24800000000002,36.56820432847119,22.0
-1,-96.6289575224893,14.582684620370369,44.0,57.120000000000026,39.50895752248928,18.0
-1,-96.55892770519104,21.649752273148074,60.0,69.79200000000003,26.766927705191005,15.0
-1,-85.40182780854144,14.907676708333302,42.0,51.07200000000002,34.32982780854142,21.0
-1,-105.16902597717598,16.852540291666617,54.0,59.42400000000003,45.74502597717595,22.0
-1,-92.1816196965286,17.331158342592577,40.0,51.07200000000002,41.10961969652857,17.0
-1,-107.96508249349505,16.93827839814814,43.0,63.26400000000003,44.701082493495,19.0
-1,-89.03975275659747,15.413187888888844,39.0,46.75200000000002,42.28775275659744,20.0
-1,-74.28539504748568,11.147121833333326,34.0,42.144000000000005,32.14139504748567,19.0
-1,-84.01198923256283,26.27470510648146,49.0,51.45600000000002,32.55598923256281,13.0
-1,-105.8355217301193,16.334594574074035,42.0,57.02400000000002,48.81152173011927,21.0
-1,-75.28884335887628,16.04075649999998,48.0,46.36800000000001,28.920843358876272,18.0
-1,-89.94703961457968,17.395118254629594,41.0,44.83200000000001,45.11503961457967,22.0
-1,-108.58994078059848,17.902485564814754,50.0,70.94400000000003,37.64594078059845,18.0
-1,-82.5594437111283,16.747508925925896,42.0,47.23200000000001,35.32744371112828,18.0
-1,-93.39755247929908,17.804807046296286,47.0,57.98400000000003,35.41355247929903,18.0
-1,-85.84211662601524,14.212126152777788,39.0,41.95200000000001,43.89011662601522,19.0
-1,-85.25484269008027,16.53914501388888,44.0,46.176000000000016,39.07884269008025,21.0
-1,-83.7245058587354,15.355543171296286,40.0,46.84800000000002,36.876505858735385,22.0
-1,-86.89029848415825,18.42193005092588,38.0,45.792000000000016,41.09829848415823,20.0
-1,-98.60991326648043,18.528843740740705,58.0,61.92000000000003,36.68991326648041,18.0
-1,-74.58911146953913,14.362459324074065,33.0,45.408000000000015,29.18111146953912,17.0
-1,-119.792626735393,14.027358129629627,58.0,61.34400000000004,58.44862673539298,26.0
-1,-81.75919757264877,11.405751768518522,29.0,38.016000000000005,43.74319757264877,22.0
-1,-94.939591317766,17.48872707407409,49.0,54.33600000000002,40.60359131776597,17.0
-1,-96.47518813936571,17.078044055555505,52.0,56.736000000000026,39.73918813936569,20.0
-1,-93.7126593285948,15.508973287037012,37.0,51.45600000000002,42.2566593285948,20.0
-1,-78.74940113094593,19.222564527777717,48.0,50.20800000000002,28.541401130945903,14.0
-1,-74.13518751476286,14.752532856481468,35.0,40.32000000000001,33.81518751476286,19.0
-1,-108.7487641828674,21.847632249999933,77.0,69.21600000000004,39.53276418286736,20.0
-1,-77.19278237541641,18.810546458333302,43.0,45.88800000000002,31.304782375416387,16.0
-1,-87.4480456364627,13.537796828703678,35.0,44.35200000000001,43.09604563646269,20.0
-1,-96.2180593932638,15.260634157407372,41.0,48.096000000000025,48.12205939326377,23.0
-1,-86.39119105197373,16.26920687962961,38.0,45.02400000000001,41.36719105197373,19.0
-1,-81.70706377288457,15.310592814814806,36.0,41.28000000000001,40.427063772884566,19.0
-1,-87.48453457736633,13.685958347222217,39.0,46.94400000000002,40.54053457736631,22.0
-1,-121.50407538592997,18.758000305555488,56.0,71.61600000000003,49.88807538592994,22.0
-1,-79.10180619815375,14.95816792129627,51.0,47.61600000000002,31.485806198153725,19.0
-1,-70.47743648205113,13.881439435185191,32.0,35.52,34.95743648205113,21.0
-1,-99.53958564860886,18.23826599074071,55.0,63.74400000000003,35.795585648608835,20.0
-1,-96.13124017962608,14.903800486111107,46.0,49.15200000000002,46.979240179626046,22.0
-1,-91.76876875824532,15.321680638888855,37.0,43.77600000000001,47.992768758245305,21.0
-1,-92.92690821611622,14.33505456481482,45.0,50.49600000000002,42.430908216116194,20.0
-1,-96.34843872814272,15.725593555555523,37.0,48.67200000000001,47.6764387281427,21.0
-1,-120.1869174908681,17.357635342592534,50.0,51.93600000000002,68.25091749086808,24.0
-1,-80.98882199299084,16.811473879629624,42.0,46.75200000000001,34.23682199299082,18.0
-1,-94.37666346777556,14.699703592592597,42.0,44.92800000000001,49.44866346777555,24.0
-1,-104.44674014747412,15.46242690277776,53.0,59.23200000000004,45.21474014747409,21.0
-1,-96.24995993649506,13.831911018518529,43.0,57.88800000000003,38.36195993649503,18.0
-1,-95.71869109083276,13.510129634259265,49.0,57.40800000000002,38.310691090832734,21.0
-1,-92.23202448792983,14.608358268518511,45.0,51.16800000000002,41.06402448792982,22.0
-1,-85.56889638680096,14.688000037037048,42.0,52.99200000000002,32.57689638680095,19.0
-1,-117.81961432344728,20.68683474537028,64.0,70.84800000000004,46.97161432344722,19.0
-1,-106.05029378751397,17.357984217592552,48.0,52.416000000000025,53.634293787513926,22.0
-1,-77.46007620391077,11.532073476851831,43.0,53.184000000000026,24.276076203910755,15.0
-1,-89.87143863795283,20.658417203703653,42.0,52.416000000000025,37.45543863795281,18.0
-1,-115.29497211599374,13.89105064351852,52.0,79.96800000000003,35.32697211599372,20.0
-1,-98.4920702239114,18.88406942592589,43.0,54.91200000000002,43.5800702239114,19.0
-1,-113.62903175459616,16.935287351851823,65.0,69.98400000000004,43.645031754596125,21.0
-1,-102.26017450732118,15.483576504629614,49.0,57.69600000000002,44.56417450732116,22.0
-1,-79.11356816665821,12.37605213888888,33.0,41.85600000000001,37.2575681666582,20.0
-1,-111.8886629982779,19.515842939814743,44.0,48.86400000000002,63.02466299827788,20.0
-1,-92.2046434349741,21.96361998611109,50.0,53.85600000000002,38.34864343497408,17.0
-1,-104.31223030923844,19.09201224999998,58.0,66.81600000000003,37.49623030923841,18.0
-1,-85.30916379278986,20.22623700925924,46.0,50.78400000000001,34.525163792789854,17.0
-1,-112.9978511187216,19.81043242129625,47.0,58.46400000000003,54.53385111872158,18.0
-1,-67.01590371933315,12.96875202314814,31.0,33.792,33.22390371933316,18.0
-1,-77.55917636771417,10.45017726851853,24.0,28.128000000000007,49.43117636771417,21.0
-1,-72.24208239347658,16.101021472222207,40.0,39.84,32.402082393476576,16.0
-1,-111.21712369421353,15.362986245370331,41.0,51.16800000000001,60.0491236942135,24.0
-1,-88.42152276937804,14.217522615740748,40.0,36.00000000000001,52.42152276937804,23.0
-1,-110.1557673810674,17.70837486111104,51.0,66.14400000000003,44.011767381067365,23.0
-1,-99.27618872918924,21.64077737499996,49.0,59.80800000000003,39.46818872918921,17.0
-1,-100.800250264524,20.58485653240734,53.0,54.52800000000002,46.27225026452398,20.0
-1,-87.23236167640154,15.701661236111084,52.0,55.48800000000002,31.744361676401518,21.0
-1,-76.91787940105446,16.8897509537037,40.0,43.39200000000001,33.52587940105445,15.0
-1,-69.09638004720202,18.13695009722221,38.0,39.64800000000001,29.448380047202008,14.0
-1,-79.31319014724659,13.885476199074066,36.0,40.12800000000001,39.18519014724657,20.0
-1,-82.69231366558782,16.960115333333277,41.0,51.552000000000014,31.140313665587808,18.0
-1,-102.28284636347414,8.797168981481502,44.0,59.04000000000003,43.2428463634741,27.0
-1,-93.638632557395,16.761963574074063,46.0,50.01600000000003,43.62263255739499,21.0
-1,-88.68965853232476,21.17464438425921,43.0,54.24000000000002,34.449658532324726,15.0
-1,-122.04521773557184,20.580655999999927,58.0,68.06400000000004,53.9812177355718,20.0
-1,-97.97202015166744,13.666331532407389,36.0,49.152000000000015,48.82002015166741,22.0
-1,-111.65177489483466,16.97113562037033,44.0,47.32800000000001,64.32377489483464,22.0
-1,-77.7535599525972,17.154211874999987,45.0,49.44000000000002,28.31355995259718,19.0
-1,-85.46466022105982,10.825245962962954,31.0,37.824000000000005,47.64066022105981,25.0
-1,-83.06126773612692,12.40206225925925,47.0,60.480000000000025,22.581267736126904,15.0
-1,-87.59025670697514,17.49967804629627,50.0,49.72800000000002,37.86225670697511,19.0
-1,-93.41981857067664,12.47202308333332,38.0,45.88800000000002,47.53181857067663,24.0
-1,-70.4620908049154,14.564950592592572,37.0,42.52800000000001,27.934090804915392,17.0
-1,-79.24118504465494,17.768000990740717,42.0,49.248000000000026,29.993185044654915,14.0
-1,-92.50004265143768,13.723082245370378,43.0,43.58400000000001,48.916042651437664,24.0
-1,-99.28942114387397,11.33636083333334,37.0,54.72000000000002,44.569421143873946,23.0
-1,-102.74238935661452,13.18283741203703,44.0,54.62400000000003,48.118389356614486,23.0
-1,-85.25069482381737,17.97251917592593,42.0,44.06400000000001,41.18669482381736,19.0
-1,-101.01877070887689,20.518390912036992,56.0,59.90400000000003,41.11477070887683,19.0
-1,-94.54548481970582,15.600927157407408,42.0,49.536000000000016,45.00948481970581,20.0
-1,-101.79039278704283,16.321468055555503,42.0,55.96800000000003,45.82239278704281,22.0
-1,-94.29907459701752,24.843240546296222,49.0,54.14400000000001,40.15507459701752,16.0
-1,-111.7129100101666,16.859909504629606,55.0,60.00000000000003,51.71291001016659,20.0
-1,-94.55873911135816,14.886385745370363,46.0,55.776000000000025,38.78273911135815,22.0
-1,-77.26520019132832,17.04852468518516,36.0,40.99200000000001,36.27320019132831,16.0
-1,-106.26172796311158,20.675461638888848,57.0,62.784000000000034,43.47772796311156,19.0
-1,-96.71390590851809,14.876481814814802,37.0,53.280000000000015,43.433905908518064,22.0
-1,-105.50096671171778,16.086790217592547,47.0,64.80000000000003,40.70096671171775,19.0
-1,-123.46405122367251,17.282031777777718,44.0,64.99200000000002,58.472051223672494,20.0
-1,-117.18742553812604,18.84554574074069,49.0,64.03200000000002,53.155425538126025,20.0
-1,-107.6826046627427,20.68021947222216,74.0,79.77600000000004,27.90660466274266,15.0
-1,-64.7533150830892,17.05247556944443,40.0,43.488000000000014,21.265315083089185,13.0
-1,-89.92812813906309,18.99624590740734,40.0,50.68800000000002,39.24012813906308,20.0
-1,-109.90559197314178,18.51432888888885,51.0,61.92000000000002,47.985591973141766,22.0
-1,-102.48596147499336,23.13977531944437,72.0,65.08800000000004,37.39796147499332,19.0
-1,-76.843029913426,9.193500319444462,24.0,31.392,45.451029913426,22.0
-1,-90.03165051531059,20.80344543055552,58.0,48.384000000000015,41.64765051531057,22.0
-1,-78.54601179793539,12.14374141203704,39.0,47.13600000000002,31.41001179793537,18.0
-1,-95.82023022974342,15.54366610185184,42.0,52.32000000000002,43.500230229743394,18.0
-1,-96.61257719465507,17.319379259259208,44.0,52.12800000000002,44.48457719465507,17.0
-1,-87.33977387944613,13.184203694444436,38.0,46.08000000000001,41.25977387944612,22.0
-1,-118.5465066313288,15.40684611574074,62.0,82.65600000000005,35.890506631328755,19.0
-1,-75.68983956197695,14.19583495370369,37.0,41.95200000000001,33.73783956197694,18.0
-1,-101.07987079461876,20.38773486111101,57.0,65.47200000000002,35.607870794618734,18.0
-1,-108.2152824981816,19.64365573148142,60.0,69.21600000000004,38.99928249818156,21.0
-1,-90.5580936884404,14.799977319444432,42.0,55.00800000000002,35.55009368844037,20.0
-1,-76.42996388191145,17.665385699074058,44.0,46.08000000000003,30.34996388191141,17.0
-1,-101.26207154837677,15.52290695833332,38.0,50.78400000000003,50.47807154837674,23.0
-1,-85.66196723628445,11.533316898148156,41.0,51.74400000000001,33.91796723628444,18.0
-1,-94.6441686825687,19.681568662036984,51.0,52.99200000000002,41.65216868256868,17.0
-1,-103.25445479723204,17.667963555555517,51.0,63.26400000000003,39.99045479723199,18.0
-1,-99.58184938254423,17.41999839351847,45.0,54.048000000000016,45.53384938254424,20.0
-1,-103.24605849935335,18.116856259259208,54.0,57.21600000000003,46.03005849935334,19.0
-1,-100.82491286626872,15.631925347222204,56.0,50.49600000000003,50.32891286626871,25.0
-1,-71.40717755977064,10.67407106018519,49.0,46.36800000000001,25.03917755977063,16.0
-1,-82.12705753730144,14.669992662037004,45.0,57.98400000000002,24.143057537301413,14.0
-1,-86.036716737753,18.56456865277776,47.0,46.56000000000002,39.47671673775298,20.0
-1,-107.63036369818332,15.357122620370363,52.0,67.20000000000003,40.430363698183285,20.0
-1,-84.53966895808769,14.157057819444434,37.0,40.41600000000001,44.12366895808768,22.0
-1,-92.87827169268884,22.19817716666665,42.0,40.128000000000014,52.75027169268883,18.0
-1,-95.04473930233196,17.539884287037015,55.0,61.05600000000003,33.988739302331915,19.0
-1,-114.2569762215519,20.969781495370288,55.0,71.23200000000004,43.024976221551846,19.0
-1,-94.84018154245442,13.183763949074049,37.0,45.984000000000016,48.8561815424544,23.0
-1,-97.6129269287552,15.038020583333322,37.0,49.632000000000005,47.98092692875521,18.0
-1,-80.18428518340673,19.423651328703667,41.0,46.368000000000016,33.81628518340671,18.0
-1,-95.64996024043938,16.18124731944444,44.0,55.39200000000002,40.25796024043936,20.0
-1,-86.1056911694406,17.51939430092591,44.0,44.73600000000002,41.36969116944058,21.0
-1,-92.20623238526018,19.16899444444439,51.0,55.968000000000025,36.23823238526016,22.0
-1,-91.47496126736468,18.982665958333275,41.0,60.00000000000003,31.47496126736465,17.0
-1,-99.68563646724556,19.31794156018513,50.0,53.47200000000002,46.213636467245536,21.0
-1,-94.77510393217764,23.55569013425924,67.0,60.672000000000025,34.10310393217761,19.0
-1,-94.40095405270542,18.814654263888865,37.0,42.91200000000001,51.4889540527054,20.0
-1,-113.99976805602252,16.76094755555551,66.0,82.46400000000006,31.535768056022484,17.0
-1,-96.2147189309536,11.080344819444443,35.0,52.41600000000002,43.79871893095358,24.0
-1,-85.55355369078202,20.79191419907405,41.0,48.09600000000002,37.45755369078201,17.0
-1,-79.93537718953559,21.206631805555517,47.0,50.59200000000001,29.34337718953558,16.0
-1,-73.53773164543075,14.91608831944443,45.0,47.23200000000001,26.30573164543074,17.0
-1,-91.09859046903698,18.5272890555555,39.0,45.504000000000005,45.59459046903697,18.0
-1,-75.35420182662821,16.21378843981481,37.0,44.35200000000001,31.0022018266282,15.0
-1,-69.98414157237085,21.21657753240741,44.0,41.18400000000002,28.800141572370837,14.0
-1,-63.77148341432759,16.235186935185165,41.0,43.39200000000002,20.379483414327574,15.0
-1,-98.71591782444902,12.301737708333306,45.0,54.72000000000003,43.995917824449,20.0
-1,-83.00337018223343,20.87312060648146,46.0,47.23200000000002,35.7713701822334,17.0
-1,-110.10485388024324,16.205000444444423,62.0,72.00000000000004,38.10485388024321,18.0
-1,-101.23932791814056,15.96809195833333,45.0,58.46400000000003,42.77532791814055,21.0
-1,-81.8250059843399,20.35292244907405,43.0,47.424000000000014,34.40100598433988,15.0
-1,-130.17641296936506,17.85278145370363,44.0,67.20000000000003,62.976412969365015,22.0
-1,-76.94302634544295,22.697728824074023,49.0,43.10400000000001,33.83902634544294,15.0
-1,-111.53501184053412,17.342172111111083,46.0,62.400000000000034,49.13501184053408,21.0
-1,-95.59067724633503,18.59089206481477,39.0,41.952000000000005,53.63867724633505,20.0
-1,-82.34473882387772,12.251121620370387,35.0,37.63200000000001,44.71273882387771,23.0
-1,-86.72799477709245,16.52164223148147,53.0,61.53600000000003,25.19199477709241,15.0
-1,-75.5738797086702,15.941926027777766,41.0,44.16000000000001,31.413879708670198,18.0
-1,-73.35524698610591,14.428337106481456,39.0,43.87200000000001,29.4832469861059,18.0
-1,-83.60386415808605,20.26871947685182,49.0,48.960000000000015,34.64386415808603,19.0
-1,-99.88300397874846,23.031272435185084,53.0,59.52000000000003,40.36300397874843,17.0
-1,-84.4158169949272,13.829572004629629,37.0,42.14400000000002,42.27181699492718,21.0
-1,-87.91799982864052,13.242787541666662,28.0,28.8,59.11799982864052,23.0
-1,-90.53995681697222,19.339279060185174,45.0,51.744000000000014,38.7959568169722,16.0
-1,-88.58482762168592,17.143766634259208,37.0,46.176000000000016,42.40882762168589,18.0
-1,-111.6212304304102,13.768524268518492,40.0,61.34400000000003,50.27723043041016,24.0
-1,-88.31499118444582,17.919328824074015,47.0,50.40000000000002,37.9149911844458,20.0
-1,-120.38770598007191,16.04980194907405,54.0,78.14400000000003,42.24370598007188,21.0
-1,-99.0248673532105,16.539853509259235,40.0,52.03200000000002,46.99286735321048,21.0
-1,-65.99893690129623,14.428873180555554,34.0,39.36000000000001,26.638936901296223,16.0
-1,-84.04186064754907,15.13746151388889,43.0,49.152000000000015,34.889860647549064,19.0
-1,-95.2796815612464,14.307609675925908,46.0,60.96000000000003,34.31968156124638,19.0
-1,-79.93063064277862,15.927406027777767,43.0,43.872000000000014,36.05863064277862,20.0
-1,-91.57723079169372,17.322433407407377,45.0,51.936000000000014,39.641230791693694,22.0
-1,-115.4553670350154,17.795400981481457,54.0,78.33600000000003,37.11936703501539,20.0
-1,-68.33840418847913,12.592618652777762,30.0,34.944,33.39440418847913,19.0
-1,-103.8731124258392,19.25890139351845,50.0,62.016000000000034,41.857112425839176,21.0
-1,-116.55809606747891,19.813508638888845,58.0,68.16000000000003,48.398096067478896,22.0
-1,-91.69045169786372,14.27267172685186,46.0,52.41600000000002,39.2744516978637,19.0
-1,-97.37082579318552,14.897847708333323,39.0,47.71200000000002,49.65882579318552,21.0
-1,-83.03110842094509,14.170924046296292,37.0,45.696000000000005,37.33510842094509,19.0
-1,-102.93716712749338,16.31464768518516,44.0,54.14400000000002,48.79316712749337,21.0
-1,-85.77281053973404,11.399865912037042,41.0,48.96000000000001,36.81281053973403,23.0
-1,-101.00652947884907,16.09668759259257,42.0,50.01600000000003,50.99052947884906,23.0
-1,-90.5828271279514,13.290765324074066,43.0,52.89600000000002,37.68682712795137,22.0
-1,-118.6598671200884,18.24601383796289,65.0,69.98400000000002,48.675867120088384,22.0
-1,-113.85991793921652,15.220258365740706,61.0,76.03200000000002,37.8279179392165,22.0
-1,-112.92824538132793,24.95845270833328,56.0,71.42400000000004,41.50424538132789,14.0
-1,-91.82514802310293,16.64332831481479,36.0,45.40800000000001,46.4171480231029,20.0
-1,-84.3344064049778,12.16372949537034,37.0,46.368000000000016,37.96640640497778,20.0
-1,-70.78349860974366,15.61783813888886,43.0,45.31200000000001,25.471498609743648,14.0
-1,-80.46050974533257,13.544196532407394,34.0,43.87200000000001,36.588509745332566,20.0
-1,-95.89119140669663,27.615655666666623,56.0,63.16800000000003,32.723191406696614,13.0
-1,-106.86449951283204,17.259046180555487,48.0,63.16800000000003,43.696499512832034,23.0
-1,-87.37999588750023,14.625973703703686,43.0,52.70400000000003,34.67599588750021,19.0
-1,-95.27693236167217,17.80665137037033,46.0,51.93600000000002,43.34093236167213,20.0
-1,-84.21318803925524,16.20395724074072,42.0,46.46400000000002,37.749188039255216,20.0
-1,-93.870189700745,16.538497273148142,50.0,53.56800000000001,40.30218970074497,22.0
-1,-77.84871133611627,13.459238944444447,47.0,48.28800000000002,29.560711336116245,19.0
-1,-79.3878145873702,15.153410541666648,47.0,50.01600000000002,29.371814587370174,19.0
-1,-77.73232173254455,17.44972705555553,38.0,42.72000000000001,35.012321732544535,15.0
-1,-71.83919919816759,11.386738287037026,37.0,42.14400000000002,29.695199198167565,19.0
-1,-76.93077976495601,17.624413615740693,41.0,39.45600000000002,37.474779764956,22.0
-1,-87.53727030264209,18.65570984259259,57.0,60.09600000000002,27.441270302642064,15.0
-1,-80.77940063600592,17.077820499999955,37.0,47.80800000000002,32.971400636005896,21.0
-1,-91.34343289830774,10.991145449074065,34.0,42.62400000000001,48.71943289830773,23.0
-1,-83.05108678374944,13.723875569444456,36.0,39.648,43.40308678374944,20.0
-1,-89.62575305441766,17.23230417129629,41.0,47.23200000000002,42.39375305441765,19.0
-1,-87.91227260797088,15.473622958333324,55.0,58.656000000000006,29.25627260797087,17.0
-1,-90.13633302666436,13.00459806018517,37.0,49.82400000000002,40.31233302666435,22.0
-1,-100.24082139352232,19.013549847222183,62.0,59.04000000000002,41.200821393522304,20.0
-1,-97.58371996274954,16.89188531018518,51.0,55.20000000000003,42.3837199627495,18.0
-1,-91.131813281732,13.132245180555554,40.0,46.56000000000002,44.57181328173199,24.0
-1,-70.0263643992319,15.36254105092592,32.0,40.89600000000001,29.13036439923189,17.0
-1,-94.33198905941306,16.728148259259257,49.0,53.088000000000015,41.243989059413046,18.0
-1,-111.39826242500382,14.183175699074065,48.0,66.91200000000003,44.48626242500378,24.0
-1,-84.21409208172338,15.827882865740726,45.0,51.45600000000002,32.75809208172336,17.0
-1,-101.19760656040184,16.926688476851798,49.0,54.14400000000003,47.05360656040183,23.0
-1,-114.30846773147076,15.646720518518483,48.0,65.85600000000002,48.45246773147075,22.0
-1,-82.52223270448903,16.730620722222223,42.0,47.04000000000001,35.48223270448901,16.0
-1,-121.70149994816164,15.188750916666656,52.0,69.40800000000004,52.2934999481616,22.0
-1,-111.69426906164688,18.121771004629583,49.0,58.84800000000003,52.84626906164685,23.0
-1,-89.45000239770647,17.20145476388887,45.0,52.70400000000002,36.746002397706455,19.0
-1,-102.3609762753949,14.547503851851816,34.0,54.52800000000002,47.83297627539488,21.0
-1,-108.89261332936324,16.18331824537034,44.0,50.112000000000016,58.78061332936321,20.0
-1,-90.59082314312832,16.122192245370353,47.0,52.800000000000026,37.7908231431283,21.0
-1,-93.90600796219474,21.10341697222221,55.0,65.66400000000002,28.24200796219472,17.0
-1,-80.86869396691566,20.27359449537032,36.0,38.4,42.46869396691567,18.0
-1,-128.5747606030845,15.906670615740694,57.0,87.26400000000004,41.31076060308447,21.0
-1,-67.69647307462691,15.282799648148137,38.0,44.832000000000015,22.8644730746269,13.0
-1,-95.99303403400226,16.749090976851807,49.0,64.99200000000002,31.00103403400225,17.0
-1,-115.7564406488569,15.373147967592574,55.0,71.52000000000002,44.23644064885687,24.0
-1,-82.36538326157883,15.686373231481468,40.0,54.14400000000002,28.221383261578808,14.0
-1,-91.59560815014208,18.69995749999998,55.0,60.38400000000004,31.21160815014204,15.0
-1,-90.35249282257703,21.777817874999947,48.0,60.28800000000003,30.064492822577005,14.0
-1,-94.1527277094992,15.98017128240739,49.0,56.92800000000002,37.224727709499184,21.0
-1,-88.4165471733597,17.053531037037,49.0,60.28800000000003,28.12854717335968,17.0
-1,-75.55693760415937,9.643282032407406,42.0,47.808000000000014,27.74893760415936,20.0
-1,-105.47358728558808,18.739571629629552,65.0,74.01600000000003,31.457587285588037,20.0
-1,-72.12511575175793,15.993050930555528,47.0,54.72000000000002,17.405115751757904,12.0
-1,-118.8552743307203,19.15280496759253,69.0,66.52800000000003,52.32727433072028,25.0
-1,-91.32316113004022,9.460356361111138,40.0,47.424000000000014,43.899161130040206,21.0
-1,-93.0025601422869,24.34236099537032,61.0,70.08000000000003,22.922560142286866,15.0
-1,-96.10411380790336,16.151625912037016,50.0,58.84800000000003,37.25611380790334,20.0
-1,-76.91544408492696,13.953502592592605,42.0,41.95200000000001,34.96344408492695,22.0
-1,-112.37066670264296,20.021775162036928,50.0,63.26400000000003,49.106666702642926,20.0
-1,-102.55987014862328,17.429958157407402,50.0,51.45600000000002,51.10387014862325,22.0
-1,-83.48976471385689,15.282236370370349,50.0,59.52000000000003,23.96976471385685,16.0
-1,-91.71153117255496,17.739211041666604,49.0,53.47200000000003,38.23953117255493,18.0
-1,-107.2549592308085,18.584618199074058,70.0,69.60000000000004,37.65495923080846,19.0
-1,-83.42515113225221,16.058784865740716,43.0,49.34400000000002,34.081151132252195,18.0
-1,-96.27803333277058,18.1705251018518,62.0,70.84800000000003,25.430033332770552,16.0
-1,-88.50035027583628,16.920014671296272,44.0,38.208000000000006,50.29235027583628,21.0
-1,-97.19982721382624,21.21122756018514,46.0,55.58400000000002,41.61582721382621,20.0
-1,-90.92851095413218,16.35607520833332,38.0,44.92800000000002,46.00051095413217,21.0
-1,-88.97487899267719,16.75558589814812,49.0,58.46400000000003,30.510878992677164,18.0
-1,-84.83790701000518,15.608431087962948,42.0,43.58400000000001,41.25390701000518,20.0
-1,-94.62568393542789,15.616821763888863,49.0,65.08800000000002,29.537683935427854,17.0
-1,-123.70468352506016,14.771990013888876,54.0,70.08000000000004,53.62468352506011,25.0
-1,-85.9335165230383,16.058904189814783,38.0,45.02400000000001,40.9095165230383,19.0
-1,-114.5669926434269,15.520914351851829,59.0,74.78400000000003,39.78299264342687,21.0
-1,-104.18012785463053,18.27967446296291,42.0,55.00800000000002,49.17212785463051,20.0
-1,-93.7335650593614,16.065034712962955,50.0,54.72000000000003,39.01356505936139,19.0
-1,-143.27366096690005,20.642211777777707,68.0,93.69600000000004,49.577660966900005,20.0
-1,-86.11435946812466,16.166848648148118,42.0,52.416000000000025,33.69835946812464,17.0
-1,-85.73487716821072,18.58334202314812,45.0,44.54400000000002,41.1908771682107,21.0
-1,-87.7092564289774,15.48473652314815,46.0,55.968000000000025,31.74125642897737,19.0
-1,-73.33794148057157,14.342886490740726,35.0,42.720000000000006,30.617941480571567,20.0
-1,-91.03906680454372,19.361364537036952,45.0,52.70400000000002,38.33506680454371,22.0
-1,-107.11983362723156,18.55846869907404,50.0,70.27200000000002,36.84783362723155,19.0
-1,-81.13956355849236,13.851105972222246,37.0,37.056,44.08356355849235,20.0
-1,-111.71285103671627,17.20754680555556,58.0,66.62400000000002,45.08885103671625,21.0
-1,-88.57208770838903,17.686064564814796,46.0,47.42400000000001,41.14808770838903,21.0
-1,-103.86772543200226,22.393570166666613,47.0,63.93600000000003,39.93172543200223,15.0
-1,-93.6069180282192,14.967733069444437,36.0,48.09600000000001,45.51091802821921,21.0
-1,-80.25409868671588,13.52751858333332,46.0,54.81600000000002,25.43809868671586,17.0
-1,-94.60779167592328,17.42177056481476,36.0,46.75200000000001,47.85579167592326,18.0
-1,-103.0633092661561,21.268266643518466,64.0,62.30400000000004,40.75930926615605,21.0
-1,-100.3407945914408,14.616067356481476,35.0,44.448000000000015,55.8927945914408,23.0
-1,-109.25251335292111,18.238812370370265,58.0,76.12800000000004,33.124513352921085,21.0
-1,-93.54438759949596,15.45146652314813,52.0,57.12000000000002,36.42438759949593,21.0
-1,-106.02962267400574,12.616452884259258,47.0,52.22400000000002,53.80562267400572,27.0
-1,-88.396776663564,15.996949708333332,53.0,50.88000000000002,37.51677666356397,20.0
-1,-104.3459194502972,22.23665428240734,59.0,64.32000000000004,40.02591945029717,20.0
-1,-113.51563906008992,19.01337494444433,48.0,63.64800000000003,49.86763906008989,22.0
-1,-84.31186696481494,21.742555268518487,57.0,51.07200000000002,33.23986696481492,17.0
-1,-76.5379556107475,17.426462217592555,38.0,45.02400000000001,31.51395561074749,17.0
-1,-93.00768342000104,15.508791805555544,36.0,46.27200000000001,46.73568342000103,20.0
-1,-89.56691978798315,12.855559240740726,40.0,48.09600000000001,41.47091978798315,23.0
-1,-123.414350802672,23.045818842592524,68.0,80.25600000000004,43.158350802671954,20.0
-1,-101.8399925621206,15.126917810185164,40.0,51.07200000000002,50.76799256212058,21.0
-1,-97.820924778983,13.76531965277779,40.0,53.472000000000016,44.34892477898299,19.0
-1,-96.7078224222797,14.229742143518498,50.0,61.15200000000003,35.555822422279675,23.0
-1,-77.32383482463017,12.541007268518523,40.0,47.616000000000014,29.70783482463016,13.0
-1,-92.82076660332308,13.892232527777765,35.0,47.80800000000002,45.01276660332306,20.0
-1,-78.46897971783937,16.850246444444426,45.0,52.704000000000015,25.764979717839363,17.0
-1,-75.33754933700125,13.455756680555565,42.0,50.688,24.649549337001243,15.0
-1,-86.52712229116781,13.933649425925909,40.0,49.920000000000016,36.6071222911678,21.0
-1,-107.26682227998144,15.969286069444424,65.0,72.09600000000003,35.17082227998139,19.0
-1,-85.3253267341822,16.527588726851803,36.0,48.384000000000015,36.94132673418219,19.0
-1,-71.76192177772539,17.877695476851837,41.0,43.77600000000001,27.985921777725384,17.0
-1,-81.81354022751938,16.940795236111118,46.0,45.792000000000016,36.021540227519374,18.0
-1,-77.42435826372001,12.144110083333295,31.0,43.96800000000001,33.45635826372,18.0
-1,-84.10889243677045,16.628028870370333,38.0,48.19200000000002,35.91689243677043,18.0
-1,-95.03057819531288,12.747356759259242,45.0,55.00800000000002,40.022578195312846,22.0
-1,-69.66816094893576,14.36638356481479,42.0,45.88800000000001,23.78016094893575,17.0
-1,-74.16008702407302,17.043374865740738,46.0,46.75200000000002,27.40808702407301,15.0
-1,-103.70633690647196,19.247709731481425,55.0,62.016000000000034,41.69033690647192,19.0
-1,-87.89284161084923,15.143914180555551,52.0,59.13600000000002,28.75684161084921,17.0
-1,-76.00999158884059,12.557376513888856,36.0,51.64800000000002,24.36199158884058,15.0
-1,-91.44220595669888,15.304418407407386,48.0,52.70400000000002,38.73820595669886,20.0
-1,-74.11015990825905,11.140691393518535,40.0,40.12800000000001,33.98215990825904,22.0
-1,-82.83038214476935,15.130111222222206,35.0,44.16000000000001,38.67038214476933,20.0
-1,-92.59960477128408,21.28633738888885,49.0,60.86400000000003,31.73560477128404,16.0
-1,-87.71513727395302,11.514033953703706,41.0,42.52800000000001,45.187137273953,25.0
-1,-90.84250155438193,13.43267980092593,51.0,57.31200000000002,33.53050155438189,16.0
-1,-87.80395334429272,18.582240032407388,46.0,44.448000000000015,43.35595334429272,20.0
-1,-98.49525394472658,10.776729898148163,47.0,54.33600000000003,44.15925394472656,22.0
-1,-89.87128977672063,18.55875727314811,52.0,54.72000000000003,35.1512897767206,18.0
-1,-99.91921633836556,19.212646319444413,46.0,54.33600000000003,45.58321633836553,19.0
-1,-84.72990341963529,12.010941708333323,45.0,42.14400000000001,42.58590341963529,25.0
-1,-83.55265211541919,13.872039259259246,44.0,51.16800000000001,32.384652115419186,19.0
-1,-105.71765192257328,14.409143597222206,52.0,70.56000000000003,35.15765192257325,18.0
-1,-96.98673344384096,14.001657134259236,48.0,59.23200000000003,37.75473344384093,21.0
-1,-117.52343011673808,18.03009865277769,50.0,64.32000000000002,53.20343011673806,21.0
-1,-110.6467359784866,16.84372668518516,52.0,62.49600000000003,48.15073597848657,21.0
-1,-100.99697722679647,14.803873087962948,67.0,69.12000000000003,31.87697722679644,19.0
-1,-81.00443115349483,14.117492842592569,35.0,48.28800000000002,32.716431153494824,16.0
-1,-73.68650589367226,19.783511375000007,46.0,45.408,28.27850589367226,14.0
-1,-97.784717786488,17.511102421296272,47.0,49.152000000000015,48.63271778648799,23.0
-1,-76.40696789851296,15.44499422685184,36.0,38.496,37.91096789851295,23.0
-1,-98.77548803803266,17.568670009259222,53.0,55.58400000000002,43.19148803803264,21.0
-1,-114.97703059274777,12.6047601759259,40.0,50.97600000000002,64.00103059274772,27.0
-1,-86.81094101338236,14.406959972222197,43.0,52.512000000000015,34.29894101338235,19.0
-1,-71.29376694171395,19.070428550925897,50.0,52.12800000000003,19.165766941713933,12.0
-1,-126.23201226216202,18.54177767129623,58.0,79.87200000000004,46.360012262161966,18.0
-1,-91.09861865548189,16.043559134259223,45.0,44.73600000000002,46.36261865548185,23.0
-1,-95.59561836663828,15.051945962962954,42.0,45.02400000000001,50.57161836663829,25.0
-1,-97.10160237272862,16.21621434259257,41.0,54.43200000000002,42.669602372728605,20.0
-1,-70.22610658644913,17.620014527777794,41.0,40.128,30.098106586449127,16.0
-1,-114.83512112348606,19.343125175925845,56.0,77.66400000000004,37.17112112348601,17.0
-1,-88.13542325166966,18.24393739351849,42.0,45.88800000000002,42.247423251669645,20.0
-1,-77.73537174783158,16.31783243981481,44.0,54.52800000000002,23.207371747831555,14.0
-1,-98.35251426077524,17.041424671296244,41.0,52.41600000000002,45.936514260775226,20.0
-1,-122.01777541253104,19.361420310185096,64.0,77.37600000000003,44.64177541253102,21.0
-1,-101.3710662464585,15.349942004629618,41.0,48.86400000000002,52.50706624645848,18.0
-1,-91.2163871759776,18.4587923194444,53.0,57.69600000000003,33.52038717597757,19.0
-1,-109.83207030754038,18.112863986111066,43.0,48.768000000000015,61.06407030754036,20.0
-1,-101.44560525598492,16.97677543518516,53.0,56.25600000000003,45.18960525598489,23.0
-1,-84.18425092895973,13.519460962962947,40.0,52.32000000000002,31.864250928959702,18.0
-1,-71.45467012969657,14.94908509722222,42.0,42.432000000000016,29.02267012969655,15.0
-1,-98.96863760836312,15.41238227314816,58.0,52.224000000000025,46.74463760836308,23.0
-1,-89.75934481695263,17.46601612037033,46.0,47.80800000000002,41.95134481695261,20.0
-1,-113.25453374909355,15.5452648796296,47.0,75.84000000000003,37.41453374909352,20.0
-1,-106.81810423193096,13.346833101851855,32.0,35.42400000000001,71.39410423193097,24.0
-1,-88.93614416879844,18.81117354629625,38.0,49.24800000000002,39.688144168798416,18.0
-1,-85.37912951521176,14.473566680555548,46.0,52.12800000000003,33.25112951521173,18.0
-1,-88.93105705492151,14.159166171296311,42.0,48.48000000000002,40.45105705492149,21.0
-1,-104.03716913614012,14.576297407407388,47.0,56.352000000000025,47.68516913614008,22.0
-1,-86.94196166489147,13.798664134259258,35.0,44.73600000000002,42.205961664891454,20.0
-1,-84.90345683686971,19.73143962499994,42.0,45.600000000000016,39.30345683686969,19.0
-1,-80.20643804617504,15.85060193518519,35.0,47.23200000000001,32.974438046175024,18.0
-1,-78.20358509118509,20.327054106481462,49.0,44.92800000000002,33.27558509118508,17.0
-1,-94.70187513991492,18.07287044907404,47.0,54.14400000000003,40.5578751399149,18.0
-1,-73.91109926947195,17.12359813425926,37.0,38.78400000000001,35.12709926947194,17.0
-1,-92.47944116944952,25.447500509259203,68.0,62.49600000000004,29.983441169449478,17.0
-1,-91.56133616320815,19.285818606481467,50.0,57.88800000000001,33.673336163208155,17.0
-1,-88.16323749052566,19.655916449074063,39.0,43.77600000000001,44.38723749052564,21.0
-1,-103.2729060765958,20.422779782407357,62.0,60.00000000000004,43.27290607659575,20.0
-1,-88.06519162476278,17.745110638888846,46.0,53.28000000000002,34.78519162476276,17.0
-1,-87.42610719779913,18.13241180092589,39.0,48.48000000000001,38.94610719779911,17.0
-1,-100.2449467311809,14.506894990740737,47.0,54.52800000000003,45.71694673118088,21.0
-1,-80.71949955921892,15.475445254629612,40.0,38.400000000000006,42.31949955921892,23.0
-1,-94.1051461598578,15.668953314814782,56.0,62.112000000000016,31.993146159857798,21.0
-1,-95.11308181203012,18.753407550925893,52.0,60.96000000000002,34.1530818120301,18.0
-1,-72.49239082001387,11.869490189814822,36.0,47.61600000000001,24.876390820013867,16.0
-1,-87.7116202948769,20.05788494907399,47.0,51.16800000000002,36.54362029487687,18.0
-1,-82.61379905362239,19.79570277777772,45.0,53.184000000000026,29.42979905362236,13.0
-1,-93.82444838964372,14.77622041203704,48.0,54.33600000000002,39.48844838964369,22.0
-1,-92.23086394992028,15.834432194444425,47.0,61.05600000000003,31.174863949920265,17.0
-1,-89.57651691548986,16.07631924999998,46.0,50.40000000000003,39.17651691548983,21.0
-1,-78.83466191883991,15.91912192129629,44.0,47.04000000000001,31.794661918839893,16.0
-1,-87.19831141907261,14.887537828703705,33.0,39.456,47.74231141907261,19.0
-1,-74.72174255004109,17.504837365740695,45.0,49.34400000000002,25.377742550041063,16.0
-1,-98.54109615745315,21.87962586111101,44.0,53.47200000000002,45.06909615745314,21.0
-1,-94.89437571422356,19.03497698148141,62.0,61.82400000000003,33.07037571422354,20.0
-1,-85.44231315486516,15.66746754166667,46.0,54.81600000000001,30.62631315486515,16.0
-1,-107.34236022330126,21.047200648148067,69.0,81.60000000000005,25.7423602233012,16.0
-1,-101.12767932161944,19.370665592592523,66.0,65.08800000000004,36.03967932161941,21.0
-1,-71.09608948037686,11.342447356481472,38.0,42.81600000000002,28.28008948037684,17.0
-1,-81.57087967837654,16.934146976851842,34.0,40.608,40.96287967837655,19.0
-1,-87.16963222886001,14.630284194444457,36.0,42.43200000000001,44.73763222886,24.0
-1,-90.02866685877476,15.121447064814785,40.0,49.72800000000002,40.30066685877473,21.0
-1,-85.3636788158718,14.67084725,47.0,45.31200000000002,40.05167881587178,24.0
-1,-77.23810915109235,18.05248065277776,45.0,41.08800000000001,36.15010915109233,18.0
-1,-93.4677270744104,15.654652638888882,39.0,51.55200000000002,41.91572707441037,21.0
-1,-96.99602702091408,22.162620833333285,56.0,47.61600000000002,49.38002702091405,20.0
-1,-114.5975726782678,16.827155032407372,43.0,63.26400000000002,51.333572678267785,18.0
-1,-77.0537599862131,17.849412916666612,50.0,53.76000000000002,23.29375998621308,13.0
-1,-92.3009559831774,14.02046977314813,35.0,49.82400000000002,42.47695598317738,22.0
-1,-86.099618911188,17.17452725462962,36.0,45.984000000000016,40.115618911188,19.0
-1,-71.08730722035045,8.293624166666667,34.0,41.088000000000015,29.999307220350445,20.0
-1,-98.16453324365514,16.624655481481454,49.0,57.02400000000002,41.14053324365511,17.0
-1,-96.68192868145374,14.929368597222208,62.0,72.86400000000003,23.817928681453708,15.0
-1,-81.1216326346087,18.20498529629627,42.0,51.74400000000002,29.37763263460868,16.0
-1,-110.91502257073344,17.699351541666637,52.0,65.56800000000003,45.347022570733415,22.0
-1,-84.62653344839654,13.877578842592564,34.0,42.43200000000001,42.19453344839654,20.0
-1,-81.93176619873249,10.566752134259268,41.0,48.67200000000001,33.25976619873248,21.0
-1,-101.6297848245428,15.382682347222191,44.0,57.21600000000002,44.41378482454278,19.0
-1,-83.48183434494572,16.929771032407388,38.0,45.600000000000016,37.88183434494572,15.0
-1,-105.9281387604366,18.1228573796296,49.0,57.02400000000002,48.90413876043658,20.0
-1,-127.09035587097856,20.548912546296208,54.0,74.59200000000003,52.49835587097852,21.0
-1,-109.8741964927374,16.40785711111106,54.0,67.48800000000003,42.38619649273739,21.0
-1,-129.98213210386285,21.90338768981469,55.0,68.06400000000004,61.91813210386282,21.0
-1,-87.14086117981643,16.454073851851824,47.0,48.000000000000014,39.14086117981641,21.0
-1,-77.36281374766497,14.634103879629608,38.0,43.680000000000014,33.68281374766496,17.0
-1,-76.43536757152168,19.398510925925866,49.0,55.48800000000004,20.947367571521653,11.0
-1,-114.9296490308113,23.339699569444345,52.0,62.01600000000003,52.913649030811285,17.0
-1,-111.21983260154452,24.1037899351851,74.0,78.81600000000005,32.403832601544465,18.0
-1,-90.78616013225567,16.304477013888878,39.0,44.256000000000014,46.53016013225565,21.0
-1,-126.52875413993613,15.186645314814786,60.0,76.80000000000004,49.72875413993608,23.0
-1,-93.19191474983133,12.613772768518508,40.0,49.34400000000001,43.8479147498313,23.0
-1,-81.30936101654078,18.39130087499996,37.0,44.44800000000001,36.86136101654077,17.0
-1,-98.38642128309132,13.510913824074091,50.0,54.240000000000016,44.146421283091314,21.0
-1,-93.25895898540534,18.32560641666662,44.0,47.04000000000001,46.21895898540534,18.0
-1,-101.9144504825505,24.987467694444447,64.0,68.16000000000003,33.75445048255049,16.0
-1,-106.30415777133156,21.59409594444443,53.0,67.58400000000003,38.72015777133154,14.0
-1,-90.3925337811162,12.182428800925926,37.0,43.58400000000001,46.80853378111619,24.0
-1,-85.59021950204607,17.17221545370367,51.0,53.95200000000002,31.63821950204605,20.0
-1,-118.38469781696702,20.61743843981476,71.0,78.33600000000004,40.04869781696698,19.0
-1,-94.89873212082182,15.204708754629612,49.0,56.83200000000002,38.06673212082181,21.0
-1,-76.47967061912681,13.176447814814798,38.0,46.27200000000002,30.207670619126795,17.0
-1,-123.40043228109208,16.058796972222208,63.0,88.03200000000004,35.36843228109204,17.0
-1,-97.5862804638919,19.63418050462961,51.0,59.23200000000002,38.35428046389188,15.0
-1,-93.6881516977721,19.653945185185105,43.0,52.22400000000002,41.46415169777208,20.0
-1,-84.38927896573509,16.734723986111113,45.0,50.59200000000001,33.79727896573507,18.0
-1,-85.33659568328345,17.40193078703702,45.0,46.176000000000016,39.16059568328343,17.0
-1,-94.22560460040408,12.762902361111088,49.0,64.03200000000002,30.19360460040404,17.0
-1,-97.89864805438182,15.305438125000016,57.0,60.000000000000014,37.8986480543818,23.0
-1,-136.5497253851105,19.478050462962884,66.0,90.04800000000004,46.50172538511045,20.0
-1,-91.60231777112088,21.2333828194444,57.0,66.33600000000003,25.266317771120857,14.0
-1,-92.21778771024267,21.119530712962916,54.0,57.31200000000003,34.90578771024265,18.0
-1,-81.74335041194425,11.500005958333336,44.0,49.63200000000002,32.11135041194423,20.0
-1,-86.86888958769876,16.822913564814808,37.0,41.37600000000001,45.49288958769876,20.0
-1,-101.26114422153898,15.897566157407391,55.0,62.400000000000034,38.86114422153895,22.0
-1,-129.8511165478318,17.582668865740693,44.0,56.73600000000002,73.11511654783178,22.0
-1,-83.14770877552519,19.2887269305555,50.0,56.736000000000026,26.41170877552516,16.0
-1,-93.22108668174673,16.20746168055551,44.0,51.07200000000002,42.149086681746695,22.0
-1,-110.95562698061448,15.87834751388889,50.0,54.81600000000002,56.13962698061447,24.0
-1,-96.01814770903496,19.42963644907401,52.0,60.00000000000003,36.01814770903494,18.0
-1,-96.49392958984944,17.89338854629623,47.0,50.11200000000003,46.381929589849406,22.0
-1,-82.10118836266258,15.043947736111102,37.0,47.04000000000001,35.06118836266258,16.0
-1,-90.2049644382858,16.511057768518473,44.0,51.64800000000002,38.55696443828578,19.0
-1,-89.20004290641073,23.48373905092585,52.0,52.89600000000002,36.30404290641071,18.0
-1,-80.11394633895026,13.356272134259257,36.0,46.65600000000001,33.45794633895025,19.0
-1,-100.6222626941255,21.586599115740675,54.0,62.97600000000003,37.64626269412547,17.0
-1,-85.00084851389433,17.27206117129627,42.0,48.19200000000002,36.808848513894304,16.0
-1,-85.31615737870843,15.276559328703662,40.0,49.24800000000002,36.068157378708406,20.0
-1,-108.7242661019859,22.64084248611108,75.0,75.55200000000004,33.17226610198588,18.0
-1,-85.4229081659935,17.819029074074027,42.0,49.15200000000001,36.2709081659935,17.0
-1,-96.58603583500768,25.549312074074,60.0,60.96000000000002,35.626035835007656,17.0
-1,-89.93895068869226,19.995675231481407,46.0,55.39200000000002,34.546950688692235,19.0
-1,-84.20161655722518,17.021849800925924,35.0,41.85600000000001,42.34561655722518,21.0
-1,-76.26641343084705,12.301150967592587,47.0,48.28800000000002,27.97841343084704,18.0
-1,-97.03522449734056,23.142682245370278,53.0,52.800000000000026,44.23522449734053,19.0
-1,-86.91252403560517,13.452867333333336,44.0,49.34400000000001,37.56852403560517,21.0
-1,-95.66321167410378,21.46325479166664,67.0,64.12800000000003,31.535211674103756,16.0
-1,-90.47386053645351,12.695539486111112,45.0,49.24800000000002,41.225860536453496,20.0
-1,-108.24687932463452,19.97696344444436,48.0,58.46400000000002,49.7828793246345,21.0
-1,-83.88671494272205,11.121503393518532,29.0,36.384,47.50271494272205,23.0
-1,-91.24007368663588,19.891969129629597,56.0,56.736000000000026,34.50407368663584,16.0
-1,-121.72796766452856,21.890626324074,54.0,72.00000000000003,49.72796766452852,18.0
-1,-79.76673433821557,15.068617226851844,36.0,39.16800000000001,40.59873433821557,22.0
-1,-90.1873176116177,16.03158817129628,50.0,57.12000000000002,33.06731761161768,17.0
-1,-87.09085398995089,14.649546342592592,50.0,50.01600000000003,37.07485398995086,20.0
-1,-69.99036161016328,15.667622064814818,49.0,43.488000000000014,26.502361610163263,15.0
-1,-81.49302372300816,20.451528351851803,47.0,53.376000000000026,28.11702372300814,15.0
-1,-84.86010207740085,25.24801893518513,47.0,54.52800000000002,30.33210207740084,15.0
-1,-104.29257999998885,14.355794837962948,42.0,51.64800000000001,52.64457999998884,23.0
-1,-73.87245440952054,12.913441129629623,33.0,36.67200000000001,37.20045440952054,20.0
-1,-56.14109825069507,12.840587018518509,28.0,33.696000000000005,22.445098250695068,14.0
-1,-77.35039969021267,13.196617958333327,34.0,40.60800000000001,36.742399690212665,22.0
-1,-91.67826824077336,21.06964804166663,62.0,63.84000000000004,27.838268240773303,16.0
-1,-76.96401092623174,15.864696939814817,39.0,47.808000000000014,29.15601092623172,15.0
-1,-65.99295376330213,13.336774138888874,34.0,33.696000000000005,32.29695376330212,20.0
-1,-84.38437419474555,17.202247111111095,44.0,52.41600000000002,31.96837419474553,17.0
-1,-111.1844925979672,17.415200796296205,50.0,64.22400000000002,46.960492597967175,22.0
-1,-88.8789170935454,18.007218865740708,48.0,48.288000000000025,40.59091709354538,21.0
-1,-72.92937648147935,20.259876138888863,47.0,46.27200000000002,26.65737648147933,15.0
-1,-83.05741652214412,14.392146749999974,40.0,45.600000000000016,37.45741652214411,21.0
-1,-105.53903104112771,15.501369314814786,52.0,65.47200000000002,40.067031041127706,22.0
-1,-82.14634014741696,13.868090944444418,49.0,56.06400000000002,26.08234014741694,16.0
-1,-134.6547831502698,13.750010004629615,48.0,66.14400000000003,68.51078315026975,25.0
-1,-86.94363235578282,13.467132175925922,47.0,50.20800000000002,36.735632355782805,25.0
-1,-83.70001874998906,18.15698220370368,52.0,56.25600000000002,27.44401874998904,14.0
-1,-98.5393722515518,16.908299013888847,40.0,48.67200000000002,49.86737225155178,23.0
-1,-77.28236941864284,15.066999189814792,49.0,52.704000000000015,24.57836941864284,17.0
-1,-93.62836021621897,17.00468977777775,48.0,47.71200000000002,45.91636021621894,21.0
-1,-89.79319436097317,18.02207290277772,48.0,56.44800000000002,33.34519436097315,20.0
-1,-75.25260001910415,16.657784055555545,43.0,48.192000000000014,27.06060001910414,15.0
-1,-101.32171520859237,17.55928964814813,57.0,62.49600000000002,38.82571520859235,22.0
-1,-88.65040597490098,10.036335287037032,41.0,56.64000000000003,32.01040597490095,18.0
-1,-95.79544890517056,19.72006818518511,54.0,63.26400000000003,32.53144890517052,18.0
-1,-67.98592477745693,13.161492472222236,39.0,45.02400000000001,22.96192477745692,17.0
-1,-106.13868612662412,18.11697204166661,49.0,57.60000000000003,48.538686126624086,22.0
-1,-88.85947924264822,19.096990319444423,55.0,52.99200000000002,35.8674792426482,18.0
-1,-128.34895770482436,17.73847539351846,56.0,64.22400000000003,64.12495770482433,24.0
-1,-94.83061291551944,22.338193907407344,58.0,56.83200000000003,37.998612915519416,19.0
-1,-121.13776663127273,19.92478567592584,61.0,78.81600000000005,42.321766631272666,20.0
-1,-90.85373189598316,24.836017277777717,60.0,53.47200000000003,37.38173189598312,17.0
-1,-55.644332018605226,7.992353981481477,33.0,39.36000000000001,16.284332018605223,11.0
-1,-85.2279902122414,24.37335437962961,49.0,54.04800000000002,31.179990212241368,15.0
-1,-84.91789497808743,19.97240322685185,46.0,59.42400000000002,25.49389497808741,14.0
-1,-92.14955503729892,15.551410314814795,39.0,50.97600000000002,41.17355503729888,21.0
