-1,-694.8199041456421,42.37461328240742,509.0,635.3279999999967,59.49190414564541,25.0
-1,-308.17583530346667,60.07394437962967,184.0,150.33600000000013,157.83983530346651,23.0
-1,-550.6291825193921,71.37302053703712,234.0,192.0960000000001,358.533182519392,27.0
-1,-357.8656031885188,54.63744462037037,221.0,201.9840000000001,155.88160318851865,24.0
-1,-422.52371921677616,58.939232768518536,200.0,174.33600000000013,248.187719216776,25.0
-1,-338.38733564097475,69.18958678703713,208.0,166.5600000000002,171.82733564097455,23.0
-1,-187.2123876034692,17.747280648148134,139.0,145.15200000000007,42.06038760346912,23.0
-1,-304.6876293569938,54.00232086111109,211.0,194.01600000000013,110.67162935699366,20.0
-1,-351.1206234393168,45.80674426851858,224.0,208.032,143.0886234393168,24.0
-1,-248.0180665995373,44.71559917592599,176.0,159.45600000000007,88.56206659953722,16.0
-1,-249.4616579195811,33.16601282870368,176.0,189.504,59.9576579195811,21.0
-1,-256.712509184073,42.05309832870377,179.0,161.08800000000002,95.62450918407296,18.0
-1,-403.0492663438168,56.62246217129646,228.0,211.20000000000016,191.84926634381665,22.0
-1,-278.49793897671265,31.792262513888875,173.0,176.16000000000005,102.3379389767126,20.0
-1,-227.88141666038604,32.24121162499992,185.0,189.0240000000001,38.85741666038593,16.0
-1,-196.02757581577995,23.257015245370376,160.0,168.86400000000006,27.163575815779875,16.0
-1,-226.7817065187196,36.25624502314812,189.0,181.7280000000001,45.05370651871952,14.0
-1,-249.97854293104112,38.487599041666655,195.0,191.23200000000008,58.74654293104106,16.0
-1,-184.90123604469025,18.91056796296294,158.0,163.87200000000007,21.029236044690165,13.0
-1,-249.09785132546824,38.15791767129629,182.0,192.384,56.71385132546823,15.0
-1,-227.0903381589032,21.119260203703675,156.0,197.2800000000001,29.81033815890309,19.0
-1,-229.85801511505915,23.018804499999945,184.0,198.432,31.426015115059133,17.0
-1,-232.90507865135845,27.004958504629588,180.0,196.80000000000004,36.105078651358426,13.0
-1,-213.0002929184784,28.751552199074062,193.0,185.0880000000001,27.912292918478293,14.0
-1,-230.11704071935853,28.603208370370314,193.0,200.4480000000001,29.669040719358435,15.0
-1,-221.94111171197693,20.688386324074045,182.0,191.232,30.709111711976927,16.0
-1,-187.5430198707052,27.121921171296247,144.0,153.9840000000001,33.559019870705136,16.0
-1,-217.30718722127983,23.01722785648144,191.0,195.64800000000005,21.65918722127981,14.0
-1,-206.00062136606,19.59495274537032,171.0,180.00000000000006,26.000621366059903,16.0
-1,-250.1940028980466,27.29668720833329,244.0,235.67999999999984,14.514002898046728,10.0
-1,-188.5945934287549,16.086352074074064,160.0,167.80800000000008,20.786593428754827,16.0
-1,-179.571325234404,18.65174073148148,147.0,164.3520000000001,15.21932523440393,9.0
-1,-231.4201756793432,24.202188046296264,216.0,211.9679999999999,19.452175679343263,10.0
-1,-193.76470836543163,15.03937893981481,167.0,180.86399999999995,12.90070836543168,11.0
-1,-192.77838767878265,17.560103490740726,166.0,174.24000000000004,18.538387678782595,13.0
-1,-246.51556724026284,23.89575812037032,193.0,207.8400000000001,38.67556724026275,12.0
-1,-214.1729271563707,18.01864924074073,171.0,199.2,14.97292715637067,11.0
-1,-205.85018119263864,26.727791495370308,201.0,192.67199999999988,13.178181192638736,9.0
-1,-219.11738115289413,14.633896930555538,193.0,202.27200000000008,16.84538115289409,14.0
-1,-205.23920096494123,11.083196958333328,166.0,182.688,22.55120096494121,17.0
-1,-192.85482071961192,16.527064120370355,159.0,172.60799999999995,20.246820719611986,13.0
-1,-157.58961662075328,20.87000930555554,141.0,144.0,13.589616620753269,11.0
-1,-183.26845128999557,16.96272354629625,159.0,162.52800000000002,20.74045128999551,16.0
-1,-170.04549420664284,18.76803440277776,153.0,156.95999999999995,13.085494206642878,11.0
-1,-170.4292970619056,26.142906865740727,172.0,154.55999999999997,15.869297061905636,10.0
-1,-152.40892321697834,17.207785115740727,128.0,132.384,20.02492321697833,16.0
-1,-165.42133004885926,19.979541560185165,115.0,117.60000000000004,47.82133004885922,17.0
-1,-138.17908949869147,21.146933092592597,119.0,123.07200000000007,15.107089498691405,12.0
-1,-152.84488582640847,20.537524560185144,142.0,135.07200000000003,17.772885826408427,14.0
-1,-181.7983944008144,19.62625024999996,156.0,160.12800000000007,21.67039440081431,12.0
-1,-142.61967788175804,17.51549133333334,127.0,123.36000000000006,19.259677881757977,14.0
-1,-133.19908862361817,20.33227440277774,130.0,120.86400000000006,12.335088623618114,9.0
-1,-147.52904615974356,20.057602990740723,133.0,118.848,28.681046159743545,19.0
-1,-117.811022151398,12.396537495370383,115.0,101.18400000000004,16.627022151397984,14.0
-1,-131.53556395170537,19.13437158333328,104.0,96.57600000000004,34.95956395170531,20.0
-1,-156.60306723725088,18.76395162037036,136.0,132.09600000000003,24.50706723725085,15.0
-1,-131.92607293876446,22.45548727777772,114.0,104.35200000000005,27.57407293876442,13.0
-1,-139.67431823694898,19.580125287036985,122.0,114.91200000000002,24.762318236948957,16.0
-1,-117.16009017547526,17.73268058796295,87.0,88.89600000000002,28.264090175475246,17.0
-1,-114.12916426994502,13.893506555555586,80.0,90.04800000000004,24.081164269944978,17.0
-1,-117.6730560647381,18.870177143518507,95.0,88.51200000000004,29.161056064738062,20.0
-1,-113.78558566366196,17.38092348148149,90.0,89.85600000000002,23.929585663661943,15.0
-1,-104.11522172562994,12.184914013888887,85.0,81.02400000000002,23.09122172562992,17.0
-1,-106.78872729248587,17.995732907407387,94.0,86.688,20.10072729248588,12.0
-1,-101.81189578127676,16.728522648148157,80.0,79.96800000000003,21.84389578127674,14.0
-1,-97.46144501546344,13.663676736111109,76.0,69.792,27.66944501546344,17.0
-1,-128.4024981856263,16.84015871296294,93.0,105.98400000000004,22.418498185626262,15.0
-1,-128.14299164371113,19.44565976388888,96.0,90.62400000000004,37.51899164371109,18.0
-1,-132.9578479019945,14.328806527777768,92.0,86.49600000000002,46.461847901994496,23.0
-1,-102.6259194273209,15.724746712962954,68.0,69.40800000000002,33.21791942732087,18.0
-1,-106.9365638928556,13.475596328703707,71.0,71.52000000000004,35.416563892855564,17.0
-1,-108.12057121678085,10.221592009259266,63.0,69.12000000000003,39.00057121678081,22.0
-1,-118.5031659864404,17.234124152777742,90.0,94.08000000000004,24.42316598644037,16.0
-1,-92.7781138377284,18.92418322222225,76.0,76.99200000000003,15.78611383772838,12.0
-1,-124.91833439532928,16.045973444444414,87.0,94.17600000000006,30.74233439532921,18.0
-1,-136.18176949276466,17.702967791666637,82.0,93.50400000000003,42.67776949276462,18.0
-1,-111.84175282825174,12.647320013888898,64.0,72.96000000000002,38.88175282825171,20.0
-1,-108.59143273468634,15.79536255092592,65.0,70.65600000000002,37.93543273468632,19.0
-1,-97.31677863437278,12.470174810185188,53.0,52.224000000000025,45.09277863437276,21.0
-1,-150.0673584664793,22.502890069444398,89.0,108.67200000000004,41.39535846647925,20.0
-1,-81.81457823517137,14.696632708333318,59.0,51.744000000000014,30.07057823517136,18.0
-1,-116.92489053714826,11.40243509259258,62.0,64.51200000000003,52.41289053714823,22.0
-1,-101.91743800088112,15.57044755555554,64.0,62.30400000000002,39.61343800088112,21.0
-1,-120.84108493488247,14.128814856481467,62.0,67.87200000000004,52.969084934882446,23.0
-1,-141.54391665231043,15.763868379629605,71.0,99.16800000000003,42.37591665231038,17.0
-1,-89.57079746987338,10.701066157407414,46.0,54.81600000000002,34.75479746987336,22.0
-1,-86.34165574447067,14.361587564814796,63.0,64.51200000000003,21.82965574447065,15.0
-1,-86.35860599365616,12.524372388888873,61.0,68.35200000000003,18.00660599365612,14.0
-1,-105.37292388965264,12.983273138888896,58.0,63.26400000000002,42.10892388965263,18.0
-1,-111.08035888167304,14.820061027777768,68.0,70.08,41.00035888167306,22.0
-1,-100.40802081784156,12.72257950925925,55.0,53.37600000000001,47.03202081784156,19.0
-1,-100.35118953251722,12.813064398148144,56.0,60.00000000000003,40.3511895325172,20.0
-1,-91.21918299069574,8.205131689814811,40.0,44.832000000000015,46.38718299069572,26.0
-1,-79.67725085112039,13.201166259259235,52.0,59.71200000000002,19.96525085112037,15.0
-1,-113.71425713705176,17.706946148148116,82.0,81.69600000000003,32.01825713705175,18.0
-1,-125.56549357761014,15.005489439814813,58.0,71.52000000000004,54.045493577610095,22.0
-1,-123.832375089114,14.563007398148134,70.0,75.45600000000003,48.37637508911397,22.0
-1,-141.28344713025012,13.69785687962961,66.0,90.81600000000006,50.46744713025005,21.0
-1,-109.37770400913344,14.49206567592594,66.0,67.2,42.17770400913346,23.0
-1,-154.4182461206547,9.461778319444438,70.0,100.51200000000004,53.90624612065464,26.0
-1,-112.73091586111418,15.080348671296274,62.0,70.36800000000004,42.36291586111415,20.0
-1,-112.09632727853987,12.371762064814805,55.0,64.99200000000002,47.10432727853986,23.0
-1,-189.3390136522101,15.74276580555554,104.0,130.84800000000007,58.491013652210015,19.0
-1,-191.10202870491517,13.427641425925914,99.0,127.10400000000008,63.99802870491506,23.0
-1,-330.9893338102323,14.906096148148134,144.0,260.4480000000001,70.54133381023216,21.0
-1,-109.82368769868508,14.881499787037043,66.0,69.21600000000002,40.60768769868507,19.0
-1,-119.30952319048704,11.352745296296275,60.0,64.99200000000003,54.31752319048701,24.0
-1,-116.63240149411308,13.31849510648148,63.0,67.96800000000003,48.66440149411305,21.0
-1,-111.96208090922404,15.426487884259268,57.0,67.68000000000002,44.28208090922402,26.0
-1,-135.01056510232343,12.991030851851836,71.0,81.21600000000002,53.79456510232339,23.0
-1,-105.21258602633804,15.7152401435185,59.0,63.84000000000004,41.372586026338,20.0
-1,-93.50302756346932,12.778211958333324,51.0,54.14400000000001,39.3590275634693,18.0
-1,-81.63986373314037,9.50170893055556,47.0,48.67200000000002,32.96786373314035,21.0
-1,-154.16569340939665,12.72286650462962,77.0,102.33600000000008,51.829693409396576,22.0
-1,-106.96635692541932,11.840388384259256,57.0,63.07200000000003,43.89435692541928,22.0
-1,-86.75117051334752,10.870682032407402,45.0,53.760000000000026,32.99117051334749,18.0
-1,-133.24354067362526,15.506165203703688,74.0,78.81600000000002,54.42754067362525,22.0
-1,-126.24309094452542,18.599652736111103,69.0,74.88000000000002,51.3630909445254,20.0
-1,-120.1847256961024,8.81953608796297,56.0,64.51200000000003,55.672725696102376,25.0
-1,-136.2479790746105,10.964680374999991,55.0,68.35200000000003,67.89597907461048,25.0
-1,-169.234078479832,12.238088268518515,78.0,108.76800000000009,60.46607847983192,22.0
-1,-119.67670257755162,11.28577606018518,51.0,59.32800000000002,60.34870257755159,25.0
-1,-135.7595302548724,14.712664319444404,70.0,74.88000000000002,60.87953025487237,23.0
-1,-128.82385170143658,14.823275587962964,65.0,75.36000000000003,53.46385170143656,21.0
-1,-138.30309715858604,14.22823203240738,58.0,80.44800000000004,57.855097158586,23.0
-1,-96.33144250368493,13.08087892592592,50.0,56.44800000000002,39.88344250368488,22.0
-1,-145.90908645683885,15.29139801388886,86.0,107.13600000000004,38.7730864568388,18.0
-1,-109.74169625180868,12.772226379629618,59.0,62.88000000000002,46.861696251808674,22.0
-1,-174.21896186644727,19.83744959259253,94.0,133.24800000000008,40.97096186644718,17.0
-1,-195.87148551337447,16.383758365740725,87.0,125.95200000000008,69.91948551337438,23.0
-1,-123.30204490482345,18.531239111111063,71.0,80.16000000000005,43.14204490482339,19.0
-1,-98.14600851776537,13.295878148148148,58.0,60.48000000000001,37.66600851776533,20.0
-1,-124.56044002102028,8.984711180555566,48.0,65.56800000000003,58.99244002102026,26.0
-1,-96.05242944879056,14.973225324074056,61.0,58.56000000000002,37.49242944879054,22.0
-1,-130.37293796621162,14.32679184722221,79.0,74.49600000000002,55.87693796621159,21.0
-1,-106.639212579937,13.32615748148147,56.0,59.616000000000014,47.023212579937,23.0
-1,-90.07016113870411,12.763325347222214,46.0,48.48000000000001,41.5901611387041,24.0
-1,-121.3516586907657,13.332010999999987,55.0,69.12000000000002,52.23165869076569,26.0
-1,-117.61894421478114,14.290560412037022,66.0,67.68000000000002,49.93894421478112,22.0
-1,-128.102678242705,13.657480425925913,78.0,87.84000000000003,40.26267824270497,19.0
-1,-177.97839976107383,16.470959634259234,91.0,119.13600000000004,58.84239976107379,19.0
-1,-185.5322265627446,11.319258245370364,68.0,105.98400000000008,79.54822656274453,24.0
-1,-136.89138999204283,14.938481148148156,61.0,82.08000000000004,54.81138999204278,21.0
-1,-134.0879314098446,12.67783398148148,61.0,69.79200000000003,64.29593140984456,24.0
-1,-108.90620046887588,16.336452712962963,53.0,57.60000000000003,51.30620046887584,22.0
-1,-101.64465804719882,14.508756847222225,54.0,55.48800000000001,46.15665804719882,21.0
-1,-116.5728820689476,16.925130412036992,71.0,80.35200000000003,36.22088206894757,18.0
-1,-143.6294234182887,17.596907874999957,82.0,96.48000000000005,47.14942341828864,19.0
-1,-121.77406122341868,13.994499805555572,60.0,64.41600000000003,57.35806122341865,22.0
-1,-106.55474360488958,16.342886412037004,67.0,82.27200000000003,24.282743604889543,15.0
-1,-116.0489957587225,13.14428248148148,61.0,65.85600000000002,50.19299575872248,22.0
-1,-108.45392706902356,9.19145236111113,50.0,55.39200000000002,53.06192706902355,23.0
-1,-121.52533293681648,14.15746286111112,62.0,67.58400000000002,53.94133293681647,20.0
-1,-137.2393539046139,14.163136101851824,62.0,80.25600000000004,56.98335390461386,22.0
-1,-133.59414025890476,13.393262763888874,64.0,69.31200000000004,64.28214025890473,25.0
-1,-105.34232499181506,16.79235562037036,75.0,70.75200000000002,34.59032499181504,18.0
-1,-98.48904467210286,11.755723537037042,51.0,61.34400000000002,37.145044672102834,22.0
-1,-125.73066020212312,13.437678513888867,64.0,72.67200000000004,53.05866020212307,23.0
-1,-99.6523342013018,12.144304050925934,48.0,55.10400000000002,44.548334201301785,22.0
-1,-98.20692627438012,15.187032166666665,62.0,61.72800000000003,36.4789262743801,16.0
-1,-119.7674700896524,14.332064250000007,59.0,69.69600000000004,50.071470089652365,23.0
-1,-120.0477250385786,15.044324361111087,66.0,74.40000000000003,45.64772503857856,20.0
-1,-271.4751677369431,15.001045976851838,133.0,200.1600000000001,71.31516773694298,22.0
-1,-84.34990973122258,12.71969688888887,49.0,49.44000000000002,34.90990973122256,21.0
-1,-115.87616641838008,10.994683245370364,46.0,58.08000000000002,57.79616641838005,23.0
-1,-201.16060616556229,17.26551574999993,98.0,136.89600000000007,64.2646061655622,24.0
-1,-121.33394863610656,12.551766175925923,59.0,69.12000000000002,52.213948636106544,21.0
-1,-98.66813720258295,14.019834861111086,50.0,55.00800000000003,43.66013720258292,21.0
-1,-104.93884856595848,15.562888069444464,57.0,61.824000000000034,43.11484856595845,21.0
-1,-117.31809030530232,15.132637962962963,81.0,80.73600000000003,36.582090305302295,17.0
-1,-157.8497408989179,16.686463523148102,88.0,124.03200000000004,33.81774089891786,19.0
-1,-147.12463473488364,15.081058611111104,73.0,83.23200000000004,63.89263473488361,22.0
-1,-133.03439900718757,12.802981995370358,60.0,67.00800000000004,66.0263990071875,25.0
-1,-190.28641614791476,14.516363342592594,85.0,110.49600000000008,79.79041614791468,25.0
-1,-115.3386176326151,15.792721537037052,73.0,71.90400000000002,43.43461763261508,19.0
-1,-89.17538707185167,10.259001884259266,50.0,55.48800000000002,33.68738707185166,20.0
-1,-131.3258255161685,16.113521347222203,72.0,80.16000000000004,51.16582551616846,20.0
-1,-168.69508452116298,20.04431800000002,115.0,110.40000000000002,58.29508452116295,22.0
-1,-140.90536285955704,13.99338172222222,80.0,97.72800000000008,43.177362859556965,16.0
-1,-120.14960907597546,9.98591874537039,55.0,65.56800000000003,54.58160907597544,21.0
-1,-136.6348587591606,14.165579819444442,75.0,83.13600000000004,53.49885875916057,20.0
-1,-102.55492782485176,17.765619921296278,67.0,69.50400000000003,33.05092782485172,19.0
-1,-105.17382875691646,11.911098625,60.0,67.77600000000002,37.39782875691644,17.0
-1,-122.2958356322035,17.688519092592596,76.0,78.62400000000002,43.67183563220349,22.0
-1,-115.1979227829451,16.538395972222208,66.0,83.80800000000004,31.389922782945067,19.0
-1,-108.59331254446889,13.949124699074073,60.0,70.46400000000001,38.12931254446886,20.0
-1,-111.9738665763953,17.732252518518457,78.0,74.97600000000003,36.99786657639526,17.0
-1,-92.03197466583975,19.465265546296237,54.0,58.368,33.66397466583976,19.0
-1,-125.81974955320518,16.54091724074074,93.0,86.97600000000004,38.84374955320515,19.0
-1,-99.65268394384849,11.37937013425926,46.0,51.45600000000002,48.19668394384844,25.0
-1,-120.73485078260066,12.67225931944446,67.0,69.31200000000003,51.42285078260064,22.0
-1,-102.91170759095392,13.510984851851832,55.0,58.94400000000001,43.9677075909539,23.0
-1,-126.6952210642878,16.00563949999998,74.0,79.77600000000002,46.91922106428778,18.0
-1,-154.52275650728927,12.953020476851828,70.0,99.07200000000006,55.45075650728922,24.0
-1,-111.44395176143796,12.350668375000009,53.0,56.35200000000002,55.09195176143795,24.0
-1,-124.30360217950576,12.485159949074074,55.0,60.38400000000003,63.91960217950573,25.0
-1,-116.29649361643764,11.310937782407416,58.0,64.41600000000003,51.8804936164376,25.0
-1,-103.781406139601,13.815019680555528,56.0,73.53600000000004,30.245406139600963,14.0
-1,-104.617503871972,14.445105328703688,54.0,60.864000000000026,43.753503871971965,22.0
-1,-117.56564331841592,14.2067371898148,72.0,64.80000000000003,52.76564331841588,22.0
-1,-130.1149251166234,18.84854305092587,92.0,86.01600000000005,44.09892511662333,19.0
-1,-127.55123025281448,15.231372370370334,74.0,73.15200000000004,54.399230252814434,23.0
-1,-138.60754266563353,13.848724532407392,78.0,99.45600000000005,39.15154266563348,20.0
-1,-97.71537296244976,14.315531347222231,52.0,61.536,36.17937296244975,20.0
-1,-115.32571079572232,15.041723041666652,64.0,62.40000000000003,52.9257107957223,23.0
-1,-194.1179948209301,8.0893600324074,86.0,126.6240000000001,67.49399482093004,24.0
-1,-112.80726500079452,12.497355120370372,65.0,67.00800000000001,45.79926500079453,23.0
-1,-127.33855679753016,18.139937824074007,69.0,86.40000000000003,40.93855679753011,19.0
-1,-122.73723598590968,13.001374458333336,57.0,72.38400000000003,50.35323598590966,24.0
-1,-146.6026280372662,14.261782240740732,75.0,93.21600000000004,53.38662803726614,22.0
-1,-102.69403870984792,11.104946726851846,51.0,61.44000000000003,41.25403870984789,20.0
-1,-96.56757852861608,10.580878421296289,43.0,48.48000000000002,48.08757852861606,23.0
-1,-113.05657498947552,16.605033611111086,72.0,84.19200000000004,28.864574989475464,13.0
-1,-127.38536587158916,14.638709763888906,72.0,81.12000000000003,46.26536587158912,20.0
-1,-151.42346103942543,15.335436287037018,84.0,102.62400000000004,48.7994610394254,18.0
-1,-103.33883839327802,11.554994064814837,60.0,62.59200000000002,40.74683839327801,20.0
-1,-139.545133309051,13.514076273148138,63.0,69.88800000000003,69.65713330905098,24.0
-1,-145.16914010434732,13.870893203703686,60.0,69.79200000000003,75.3771401043473,28.0
-1,-104.7891772348028,14.276480171296289,60.0,70.84800000000004,33.941177234802744,19.0
-1,-214.744245680248,17.289373550925873,111.0,169.7280000000001,45.01624568024787,19.0
-1,-133.57982990716732,15.139955111111096,72.0,97.72800000000004,35.851829907167264,18.0
-1,-95.38017080541069,11.62072282407409,39.0,44.73600000000001,50.644170805410674,23.0
-1,-142.66784671777026,12.924588074074071,72.0,89.47200000000004,53.19584671777021,24.0
-1,-90.94545494771045,15.015788759259245,56.0,63.93600000000003,27.009454947710395,18.0
-1,-111.33209832231896,15.895321810185193,65.0,78.72000000000004,32.61209832231892,17.0
-1,-105.94750832221013,18.30247685648144,71.0,76.80000000000003,29.1475083222101,14.0
-1,-130.43643255673783,14.949336374999984,76.0,90.24000000000002,40.19643255673781,18.0
-1,-114.40067284983552,12.393142592592588,54.0,67.77600000000001,46.62467284983553,24.0
-1,-89.7274537314832,15.352283087962943,46.0,48.67200000000002,41.05545373148318,20.0
-1,-115.26845852978556,14.19674968055552,58.0,69.02400000000004,46.244458529785504,23.0
-1,-92.70729738858503,15.806551384259254,51.0,59.23200000000001,33.47529738858501,19.0
-1,-101.34703858822648,14.651478652777753,60.0,74.88000000000002,26.467038588226444,14.0
-1,-113.3847571671812,13.22161043055556,56.0,67.00800000000004,46.37675716718116,22.0
-1,-119.39237537245997,17.54828745370364,71.0,67.87200000000001,51.520375372459945,22.0
-1,-96.43655214120736,15.384694037037017,67.0,75.744,20.692552141207365,14.0
-1,-149.34246282463354,18.154691351851824,93.0,112.99200000000005,36.350462824633496,16.0
-1,-98.82913097764865,15.4030083935185,54.0,66.04800000000003,32.7811309776486,18.0
-1,-128.756687849317,14.940313527777754,65.0,84.28800000000004,44.46868784931695,21.0
-1,-108.23888245289704,13.153300800925914,58.0,63.84000000000001,44.39888245289701,21.0
-1,-107.33263711736882,11.46587068981482,64.0,63.93600000000002,43.39663711736879,23.0
-1,-123.05094996290715,12.225080291666664,63.0,64.60800000000003,58.44294996290712,24.0
-1,-96.02156204442782,13.508417995370356,57.0,57.120000000000005,38.90156204442782,23.0
-1,-104.61759892775758,11.757708509259269,61.0,67.488,37.129598927757584,18.0
-1,-100.42462018765512,9.467272449074086,52.0,61.152000000000015,39.27262018765511,23.0
-1,-97.0010945908214,14.087141930555523,59.0,68.06400000000004,28.93709459082136,15.0
-1,-155.87740342274117,15.57631937499998,74.0,102.91200000000003,52.96540342274111,24.0
-1,-99.4651676517636,15.040692560185173,60.0,56.73600000000002,42.72916765176359,22.0
-1,-140.86563841211736,18.61910543981478,81.0,99.26400000000004,41.60163841211732,21.0
-1,-95.26211127168268,17.127793240740726,73.0,69.21600000000001,26.04611127168268,15.0
-1,-134.4261001501092,20.48826833333333,84.0,89.37600000000005,45.05010015010914,17.0
-1,-112.91480056952544,17.439589856481454,67.0,72.28800000000001,40.62680056952544,21.0
-1,-124.75772148642108,15.479551499999992,83.0,84.67200000000001,40.08572148642107,19.0
-1,-107.3313053861047,13.335777680555571,54.0,61.15200000000003,46.17930538610468,21.0
-1,-120.92263909805187,13.262103935185168,58.0,67.10400000000003,53.81863909805185,20.0
-1,-110.99469888550978,14.238891476851832,76.0,78.62400000000001,32.37069888550977,18.0
-1,-99.0879167869912,9.313378916666688,48.0,48.19200000000001,50.89591678699118,25.0
-1,-101.25114245344628,17.540790828703702,78.0,70.27200000000002,30.97914245344625,17.0
-1,-131.00130127843957,17.74435555092587,67.0,85.92000000000004,45.081301278439526,21.0
-1,-114.05787280903878,11.29095324074074,69.0,67.2,46.85787280903878,22.0
-1,-91.99153812515983,12.370339037037038,47.0,50.68800000000002,41.30353812515983,20.0
-1,-104.61895361990162,16.73971055555553,67.0,71.13600000000004,33.482953619901586,18.0
-1,-140.77181151517317,20.005576069444395,68.0,75.45600000000003,65.31581151517312,25.0
-1,-150.76154259599025,14.564446240740716,80.0,85.92000000000004,64.8415425959902,26.0
-1,-101.3157317846192,13.690374939814811,61.0,58.75200000000002,42.56373178461919,22.0
-1,-182.02313298570317,14.236266902777755,85.0,116.35200000000007,65.67113298570307,21.0
-1,-102.47923099261573,16.91901045833333,79.0,73.632,28.847230992615703,17.0
-1,-143.98223531865375,13.294343462962956,65.0,84.09600000000005,59.886235318653696,22.0
-1,-134.6837240480771,17.38321889351849,74.0,92.54400000000004,42.139724048077056,20.0
-1,-162.88459520013686,16.48725206481477,80.0,110.11200000000008,52.772595200136784,24.0
-1,-120.02356249523436,17.925807768518467,77.0,77.37600000000002,42.647562495234354,20.0
-1,-75.81047128397637,14.167906504629626,57.0,51.93600000000002,23.87447128397634,16.0
-1,-101.1917103926793,13.95550494907408,58.0,70.36800000000002,30.82371039267927,19.0
-1,-107.91211647117478,15.011015250000014,72.0,69.79200000000002,38.12011647117477,19.0
-1,-118.14519202909484,13.0151373935185,59.0,77.18400000000003,40.9611920290948,19.0
-1,-97.58219653832386,15.27598094907407,59.0,61.82400000000002,35.75819653832384,18.0
-1,-109.68070159843292,13.919352069444423,59.0,65.66400000000003,44.01670159843289,20.0
-1,-147.35871039751214,10.981760606481467,59.0,79.20000000000005,68.15871039751208,27.0
-1,-118.8696824172764,15.340089763888887,54.0,59.712000000000025,59.15768241727638,22.0
-1,-107.29439768472764,15.803451615740729,84.0,84.19200000000002,23.102397684727617,12.0
-1,-140.30919454889377,15.45792856944444,85.0,97.15200000000004,43.15719454889373,20.0
-1,-91.4309387914441,13.07345388425925,52.0,57.024000000000015,34.40693879144409,20.0
-1,-132.1492481726906,13.023623851851845,76.0,73.82400000000003,58.32524817269058,25.0
-1,-82.09493344504304,13.715588675925945,49.0,48.48000000000001,33.61493344504304,21.0
-1,-99.34603128079284,10.111488921296305,60.0,56.928000000000026,42.4180312807928,24.0
-1,-66.83037549996504,7.056467087962971,47.0,42.048,24.78237549996505,17.0
-1,-133.66663182901155,17.018690249999953,70.0,85.82400000000004,47.84263182901151,22.0
-1,-108.4613001525278,13.032943856481484,57.0,63.74400000000003,44.71730015252778,23.0
-1,-91.68770675192144,14.20702877314813,54.0,58.272000000000034,33.41570675192142,17.0
-1,-108.44974772254534,16.297475236111097,62.0,66.81600000000002,41.63374772254533,21.0
-1,-113.15350749033576,10.710709569444434,53.0,63.84000000000002,49.31350749033573,22.0
-1,-176.39016618678764,12.29976937499998,87.0,137.76000000000008,38.63016618678756,16.0
-1,-125.30786795953978,16.578603921296235,65.0,81.98400000000004,43.32386795953975,20.0
-1,-113.8762789082122,14.438373027777772,57.0,64.22400000000003,49.65227890821215,19.0
-1,-66.87516045434988,11.735321430555532,44.0,49.53600000000002,17.339160454349862,13.0
-1,-111.0566325802116,11.14036182407406,51.0,57.312000000000026,53.7446325802116,26.0
-1,-93.59830605140507,10.861509787037026,50.0,57.88800000000001,35.71030605140506,21.0
-1,-81.7175012397716,17.045803199074047,50.0,55.008,26.7095012397716,14.0
-1,-183.1097187820212,25.388432273148045,114.0,115.68000000000004,67.42971878202118,21.0
-1,-151.26995785630152,14.6329991111111,78.0,94.36800000000008,56.90195785630145,23.0
-1,-157.39370325806922,16.2511746435185,83.0,107.04000000000006,50.35370325806915,24.0
-1,-114.91030795998633,14.800032171296287,56.0,62.01600000000003,52.89430795998628,22.0
-1,-111.63664021310012,24.51663482407404,71.0,67.77600000000002,43.860640213100105,18.0
-1,-135.872234630764,14.144251421296282,62.0,74.49600000000004,61.37623463076398,25.0
-1,-96.38359628393056,16.84761513425927,58.0,58.46400000000003,37.91959628393054,19.0
-1,-119.01282971983196,16.23265068518515,71.0,82.94400000000002,36.06882971983194,20.0
-1,-80.25732924274939,8.855375967592604,39.0,39.168000000000006,41.089329242749386,24.0
-1,-126.91359563304934,16.13124028703704,72.0,78.04800000000003,48.86559563304932,18.0
-1,-143.61284082141017,17.419980810185145,88.0,92.64000000000006,50.97284082141013,23.0
-1,-115.08460192115528,13.56981971296295,53.0,57.79200000000002,57.292601921155246,24.0
-1,-124.47782168559912,10.668345638888884,55.0,64.70400000000002,59.7738216855991,24.0
-1,-136.28999564673677,15.35106976851851,74.0,77.95200000000001,58.337995646736765,22.0
-1,-94.03822732986048,12.55983181018516,52.0,60.96000000000002,33.07822732986046,19.0
-1,-138.26984996091215,13.093673879629618,78.0,93.79200000000006,44.47784996091208,20.0
-1,-141.45723429857122,16.693423967592558,72.0,84.48000000000003,56.97723429857118,22.0
-1,-99.6022614165796,11.423355828703697,57.0,57.312000000000026,42.29026141657958,22.0
-1,-179.8132696676408,15.19286132870367,72.0,80.83200000000004,98.98126966764076,24.0
-1,-125.3452522082236,13.68784472222219,52.0,67.77600000000004,57.56925220822356,24.0
-1,-120.6398660335324,14.964071986111117,68.0,78.14400000000002,42.4958660335324,21.0
-1,-132.36013069363497,11.62198795370369,66.0,71.52000000000004,60.84013069363494,22.0
-1,-124.98157223715094,17.756192666666625,62.0,70.17600000000003,54.80557223715091,23.0
-1,-97.50661162170974,13.913256828703704,55.0,65.37600000000002,32.13061162170972,19.0
-1,-119.36446240207393,13.888128620370368,61.0,68.92800000000003,50.43646240207389,21.0
-1,-115.70981344598025,16.41890221296294,57.0,68.54400000000001,47.16581344598022,20.0
-1,-90.260117175123,16.409640481481446,62.0,69.31200000000001,20.948117175122995,16.0
-1,-117.85166252297536,17.165748828703702,75.0,75.55200000000002,42.29966252297535,20.0
-1,-145.11228499132974,18.17246121296288,77.0,89.184,55.92828499132976,24.0
-1,-120.23765436083428,13.491204722222225,65.0,69.31200000000001,50.92565436083427,23.0
-1,-119.63992697449834,13.759972740740722,63.0,74.49600000000004,45.14392697449831,20.0
-1,-120.16855486862544,14.131562759259252,56.0,59.13600000000002,61.03255486862542,25.0
-1,-106.51247805552416,16.097205249999984,59.0,68.06400000000002,38.44847805552415,21.0
-1,-100.57051784736166,10.495384212962966,54.0,61.82400000000001,38.746517847361645,24.0
-1,-165.82378267211644,16.796734879629586,75.0,95.80800000000004,70.01578267211639,26.0
-1,-121.79302421765595,12.872893912037055,50.0,58.27200000000003,63.52102421765594,22.0
-1,-88.90931681686915,14.580647074074072,51.0,60.57600000000002,28.33331681686913,17.0
-1,-152.66252777635123,14.65236393981483,69.0,77.18400000000003,75.47852777635119,25.0
-1,-123.39723669465604,11.391293347222202,47.0,57.504000000000026,65.89323669465603,28.0
-1,-101.60176322566272,10.21451266203704,49.0,52.41600000000001,49.185763225662704,22.0
-1,-117.36749144089616,16.40496078240737,60.0,68.44800000000002,48.91949144089613,18.0
-1,-112.9177564411743,15.37323944907406,62.0,67.20000000000002,45.71775644117429,21.0
-1,-143.6961936815365,13.05964081481478,78.0,93.50400000000003,50.19219368153647,23.0
-1,-116.570332031208,17.732185370370324,66.0,65.37600000000002,51.19433203120799,21.0
-1,-92.76879773200432,10.894168791666669,37.0,44.44800000000002,48.32079773200429,24.0
-1,-101.19171234890608,15.872429277777773,58.0,58.65600000000002,42.53571234890604,22.0
-1,-126.26524575635722,17.338552374999967,77.0,89.47200000000004,36.79324575635719,17.0
-1,-110.9887581173252,13.762571000000005,66.0,63.264,47.7247581173252,21.0
-1,-129.70467527728584,14.94920268055554,63.0,76.41600000000004,53.28867527728579,24.0
-1,-115.05622799784254,16.146477689814805,65.0,72.76800000000003,42.288227997842505,21.0
-1,-107.24939596390604,16.476903481481482,49.0,56.54400000000002,50.70539596390603,20.0
-1,-107.29068775765816,16.308377888888867,61.0,63.936000000000014,43.35468775765813,20.0
-1,-186.77840091732037,16.36246098611109,93.0,140.92800000000008,45.85040091732026,21.0
-1,-106.25379298000846,14.782263384259268,51.0,58.65600000000002,47.59779298000844,24.0
-1,-159.78532389692492,16.96116788888887,68.0,88.32000000000004,71.46532389692487,23.0
-1,-109.91102848805464,13.897666259259248,54.0,57.696000000000026,52.2150284880546,21.0
-1,-131.76367157108407,14.348776078703692,68.0,87.84000000000003,43.92367157108404,20.0
-1,-133.01806363304507,13.61748306018518,65.0,72.38400000000003,60.63406363304504,23.0
-1,-145.42571287669244,13.226127138888897,61.0,76.22400000000002,69.20171287669243,25.0
-1,-182.0563524140596,17.311864458333275,93.0,113.76000000000006,68.29635241405953,23.0
-1,-94.79361149071272,20.982632884259196,66.0,66.432,28.36161149071272,17.0
-1,-109.73219141084532,16.70950338888887,61.0,68.73600000000003,40.996191410845306,20.0
-1,-89.76116932722678,11.644116162037037,38.0,46.08000000000001,43.68116932722676,20.0
-1,-130.11412929228007,13.551702805555536,55.0,67.10400000000004,63.010129292280034,26.0
-1,-120.81433025670408,16.593880587962957,70.0,72.57600000000002,48.23833025670406,17.0
-1,-145.70325371131275,17.50722667592587,82.0,92.25600000000006,53.44725371131271,20.0
-1,-127.06187326844623,16.24893743518515,71.0,76.99200000000002,50.069873268446216,24.0
-1,-114.02197937867048,14.45562870833334,61.0,64.70400000000004,49.31797937867044,18.0
-1,-118.74642618121264,19.35467324999999,64.0,74.49600000000004,44.2504261812126,19.0
-1,-109.83433379594842,12.67558520370369,53.0,67.58400000000002,42.2503337959484,23.0
-1,-240.5142713247862,20.146012467592588,117.0,146.49600000000012,94.01827132478608,24.0
-1,-116.06364120471642,17.620054138888843,56.0,67.00800000000004,49.05564120471638,19.0
-1,-110.88041592316844,16.118531060185184,55.0,55.87200000000002,55.00841592316843,25.0
-1,-126.05556696130532,15.179878157407384,55.0,59.32800000000002,66.72756696130529,22.0
-1,-87.52344331854198,18.33977912037038,55.0,55.20000000000002,32.32344331854195,18.0
-1,-107.69027202725653,15.776755337962944,61.0,65.28000000000003,42.41027202725649,21.0
-1,-118.03685868391403,14.62244436574073,57.0,64.512,53.52485868391404,24.0
-1,-131.77559080995587,15.605650509259238,74.0,84.09600000000005,47.67959080995584,23.0
-1,-94.89682268067756,16.184719814814787,67.0,70.36800000000004,24.52882268067753,16.0
-1,-203.1335200414828,16.52147211111108,97.0,144.7680000000001,58.36552004148268,20.0
-1,-111.65522022070869,16.481414712962955,58.0,69.98400000000002,41.67122022070867,22.0
-1,-116.64443886322556,17.494638708333305,63.0,67.29600000000002,49.34843886322554,20.0
-1,-121.64216959478406,15.41244935648147,67.0,67.58400000000002,54.05816959478405,22.0
-1,-105.1440311867149,16.485104504629607,62.0,54.24000000000002,50.90403118671488,23.0
-1,-128.8486596807477,22.42657117129624,77.0,78.81600000000002,50.032659680747685,18.0
-1,-85.89131926985345,16.640520037037028,48.0,44.44800000000002,41.44331926985344,22.0
-1,-120.79238250673126,16.41873209722222,61.0,67.296,53.49638250673125,21.0
-1,-129.25463343672024,15.46884473611112,78.0,83.32800000000003,45.92663343672021,17.0
-1,-99.84061833220257,13.565862879629629,58.0,67.96800000000003,31.872618332202524,19.0
-1,-118.81981884762718,21.375211268518463,73.0,71.71200000000003,47.10781884762714,18.0
-1,-97.79945785899667,13.23861620833332,51.0,57.88800000000001,39.91145785899667,23.0
-1,-86.33849051005886,11.124388541666663,42.0,51.552000000000014,34.78649051005885,21.0
-1,-108.6296206366316,17.127101560185142,61.0,74.40000000000003,34.22962063663159,21.0
-1,-100.35591303251704,14.594833208333316,56.0,62.01600000000003,38.33991303251702,19.0
-1,-136.81816548872342,13.601291143518528,63.0,77.85600000000004,58.96216548872339,24.0
-1,-104.13288638846474,14.252261240740724,62.0,72.48000000000005,31.65288638846469,20.0
-1,-96.45368336550872,14.215019226851863,46.0,50.59200000000002,45.861683365508696,23.0
-1,-108.30170472796644,16.288617287037024,54.0,67.39200000000002,40.90970472796642,19.0
-1,-114.84409891887744,11.95218093055554,44.0,57.12000000000002,57.72409891887742,23.0
-1,-141.49415411088535,15.871510972222216,65.0,81.69600000000003,59.79815411088531,23.0
-1,-105.92428794630568,17.977930319444425,58.0,67.68000000000004,38.24428794630565,16.0
-1,-105.85710081918909,13.66625896759258,49.0,54.52800000000003,51.32910081918905,21.0
-1,-113.4761463553661,17.43833927777777,68.0,71.13600000000004,42.34014635536606,16.0
-1,-104.8977146237126,13.64909743055554,52.0,63.36000000000002,41.53771462371259,21.0
-1,-93.7994108528132,15.356246648148131,49.0,62.88000000000002,30.919410852813183,20.0
-1,-99.79465150866606,13.514972583333355,56.0,55.87200000000002,43.92265150866604,16.0
-1,-120.99379056214666,15.379575365740736,62.0,68.44800000000002,52.54579056214664,25.0
-1,-122.3616651256294,11.945234490740743,61.0,64.70400000000002,57.65766512562937,24.0
-1,-88.4011921455057,13.793723240740713,52.0,58.56000000000002,29.841192145505683,17.0
-1,-113.11600725642724,15.42701986574072,46.0,56.160000000000025,56.95600725642724,24.0
-1,-95.6939023922708,13.754294810185192,44.0,51.552000000000014,44.141902392270765,20.0
-1,-97.13462601138087,13.288557032407388,52.0,58.65600000000003,38.47862601138086,19.0
-1,-145.01050032407198,14.548747509259226,67.0,90.91200000000006,54.09850032407191,24.0
-1,-126.98951455467608,17.376006583333293,69.0,77.56800000000004,49.42151455467604,21.0
-1,-113.7694934958339,12.507553217592603,52.0,61.72800000000003,52.04149349583386,23.0
-1,-117.77242026289233,12.111110467592576,50.0,60.864000000000026,56.9084202628923,25.0
-1,-131.1760243481159,12.725544291666663,70.0,70.27200000000003,60.904024348115854,24.0
-1,-94.67636432879758,14.581492111111094,55.0,60.67200000000002,34.004364328797564,18.0
-1,-111.44939014478672,11.187042337962966,56.0,63.55200000000004,47.8973901447867,25.0
-1,-88.98114184567136,9.778082916666678,53.0,56.928000000000026,32.053141845671334,18.0
-1,-112.35797543668411,18.38412310648145,60.0,73.92000000000002,38.43797543668409,18.0
-1,-105.02348784793188,12.258532458333333,47.0,52.896000000000015,52.12748784793187,23.0
-1,-118.88665032142616,10.148937842592597,48.0,63.93600000000002,54.95065032142615,24.0
-1,-133.12012019465425,16.857937462962923,74.0,89.66400000000004,43.45612019465421,20.0
-1,-76.20777245602773,13.841968768518509,45.0,47.04000000000002,29.167772456027716,19.0
-1,-112.38734969885166,15.550552680555532,56.0,66.91200000000002,45.47534969885165,20.0
-1,-103.99518764738512,12.658536620370343,42.0,53.18400000000001,50.81118764738509,24.0
-1,-144.03379909180515,16.281043254629598,67.0,73.34400000000002,70.68979909180513,24.0
-1,-77.84943118914573,11.919329347222217,52.0,49.728000000000016,28.121431189145717,19.0
-1,-138.89396772740332,10.636017203703712,57.0,62.784000000000034,76.10996772740327,28.0
-1,-105.83401770097149,15.991186810185164,53.0,58.36800000000002,47.466017700971456,25.0
-1,-105.72121881556784,12.37170830092592,54.0,65.95200000000003,39.76921881556783,20.0
-1,-125.33378992069872,19.064536467592536,68.0,81.79200000000004,43.54178992069869,18.0
-1,-95.48005701588642,9.503538365740765,41.0,45.024000000000015,50.4560570158864,24.0
-1,-98.862660535483,13.976588092592594,49.0,58.17600000000001,40.68666053548298,22.0
-1,-123.24366562438468,12.63596664814815,61.0,67.58400000000003,55.65966562438466,21.0
-1,-146.27614859482992,12.702332041666669,63.0,80.64000000000004,65.63614859482988,25.0
-1,-156.3346952532836,13.788516976851827,58.0,94.46400000000006,61.87069525328354,25.0
-1,-137.53088008212464,15.746813032407388,73.0,88.51200000000006,49.018880082124575,20.0
-1,-125.23770100900808,17.40854793055548,73.0,87.55200000000004,37.68570100900804,20.0
-1,-121.63665696531643,14.71099772685184,51.0,63.84000000000003,57.796656965316416,24.0
-1,-104.8758617167011,19.010370037037003,67.0,79.68000000000004,25.195861716701057,14.0
-1,-99.0080178688906,9.904281143518515,42.0,48.576000000000015,50.432017868890576,25.0
-1,-92.77461422119865,10.428177615740722,39.0,54.048000000000016,38.72661422119864,23.0
-1,-114.8286370817513,15.849520981481476,54.0,70.46400000000003,44.36463708175127,20.0
-1,-102.5886282425166,13.320243254629624,58.0,57.98400000000002,44.604628242516576,21.0
-1,-108.80959875342384,12.144162944444451,59.0,74.40000000000003,34.409598753423815,17.0
-1,-115.21852584958704,14.357450893518498,62.0,82.84800000000003,32.37052584958703,18.0
-1,-161.185209294422,16.169118509259228,84.0,103.58400000000005,57.60120929442195,25.0
-1,-104.79317368923762,17.804502069444396,58.0,59.80800000000002,44.985173689237605,22.0
-1,-133.36867913921435,13.438072879629642,58.0,71.32800000000005,62.0406791392143,21.0
-1,-113.79507834072764,17.506390550925868,57.0,65.28000000000003,48.51507834072759,22.0
-1,-158.84840784955207,17.626052472222174,66.0,90.43200000000004,68.41640784955203,22.0
-1,-107.59051416800304,14.70802151388889,61.0,72.28800000000004,35.302514168003,21.0
-1,-87.25287871670264,14.555212592592593,54.0,59.13600000000002,28.11687871670263,16.0
-1,-91.38599501799314,11.147218305555548,53.0,56.44800000000003,34.9379950179931,18.0
-1,-125.60010904361778,19.278410606481422,73.0,77.18400000000003,48.41610904361775,18.0
-1,-87.46433321766693,15.790533481481496,61.0,56.06400000000001,31.400333217666933,18.0
-1,-120.57953340859996,12.052385509259258,57.0,53.95200000000003,66.62753340859993,24.0
-1,-108.01759401566596,12.666626884259273,58.0,62.208000000000006,45.809594015665965,21.0
-1,-80.5822141957919,12.685266064814805,40.0,43.872000000000014,36.71021419579189,21.0
-1,-104.1548063792568,17.07861042592589,57.0,71.23200000000001,32.9228063792568,17.0
-1,-102.2560582694332,13.02888890740741,46.0,54.432000000000016,47.8240582694332,20.0
-1,-162.21892956270406,19.53754375462956,75.0,101.95200000000006,60.266929562704014,20.0
-1,-120.6941124269803,18.10146373148141,68.0,68.83200000000002,51.86211242698028,24.0
-1,-143.37073542241353,17.0261633148148,59.0,68.25600000000003,75.11473542241352,22.0
-1,-108.11663554936402,12.116214481481476,55.0,70.56000000000003,37.556635549364,18.0
-1,-306.6084510646061,15.496256245370333,138.0,221.76000000000016,84.84845106460592,25.0
-1,-133.9204380608393,18.30870958333328,64.0,78.43200000000003,55.48843806083927,23.0
-1,-98.31666603773134,10.840038583333344,44.0,42.43200000000001,55.88466603773133,22.0
-1,-125.40010476201309,15.768918643518504,55.0,56.25600000000003,69.14410476201304,22.0
-1,-129.7060840647486,23.50109223611109,91.0,82.17600000000002,47.53008406474859,21.0
-1,-93.48273741187046,13.859901027777765,48.0,50.40000000000002,43.08273741187044,21.0
-1,-109.428079791262,17.46270744907402,60.0,67.00800000000002,42.42007979126199,20.0
-1,-107.13594299666342,16.955633666666632,61.0,68.736,38.39994299666341,19.0
-1,-93.03802978455928,15.991194537037012,58.0,60.096000000000025,32.94202978455926,17.0
-1,-107.63607831886895,15.397689430555562,65.0,64.89600000000002,42.74007831886893,22.0
-1,-104.8949752773559,14.32595369444446,50.0,57.408000000000015,47.48697527735588,23.0
-1,-96.88206615253752,14.990577939814813,50.0,60.864,36.018066152537514,17.0
-1,-146.70051834887397,17.19804508333328,71.0,77.18400000000003,69.51651834887394,23.0
-1,-132.17931100938773,16.392000277777786,59.0,68.83200000000002,63.3473110093877,23.0
-1,-95.46301728536832,13.762613101851857,56.0,59.904,35.559017285368334,20.0
-1,-167.16313825801333,21.301353175925826,102.0,109.15200000000006,58.01113825801328,22.0
-1,-116.8163771823658,14.23853873148148,60.0,60.57600000000003,56.240377182365776,22.0
-1,-140.05698061163284,18.11629706944445,69.0,73.34400000000004,66.7129806116328,25.0
-1,-118.9663547458068,14.433603175925894,50.0,69.79200000000003,49.17435474580676,24.0
-1,-111.44488737523676,15.09706716203704,63.0,57.40800000000002,54.03688737523672,23.0
-1,-108.19941304948036,15.901627027777788,60.0,59.80800000000003,48.39141304948035,23.0
-1,-98.52119110104552,14.229677018518522,64.0,59.808000000000014,38.71319110104551,20.0
-1,-102.080684519898,14.738711300925914,49.0,55.00800000000002,47.07268451989799,22.0
-1,-101.9739628046646,11.706023171296303,47.0,50.112000000000016,51.861962804664586,24.0
-1,-96.56309492587695,13.291545587962943,45.0,57.12000000000002,39.44309492587695,22.0
-1,-102.27760177076158,19.013903402777736,56.0,60.76800000000003,41.50960177076154,20.0
-1,-106.05464519080968,13.19315959722221,55.0,52.60800000000002,53.44664519080966,24.0
-1,-112.08604333139849,22.72493879166657,62.0,77.37600000000005,34.710043331398445,15.0
-1,-108.02859547886078,11.529917861111116,45.0,49.63200000000002,58.39659547886075,26.0
-1,-96.7642792315272,17.42530530092591,59.0,60.48000000000002,36.28427923152719,18.0
-1,-95.80597133161226,8.94251198148148,37.0,44.064000000000014,51.74197133161225,26.0
-1,-119.13514740766183,14.532651921296283,62.0,69.02400000000003,50.11114740766182,22.0
-1,-98.5038591996819,16.078747986111097,61.0,63.936000000000014,34.56785919968188,16.0
-1,-142.418941881674,16.590039740740714,79.0,88.41600000000004,54.00294188167394,23.0
-1,-149.98995352540388,15.265729476851815,61.0,80.73600000000002,69.25395352540386,25.0
-1,-134.86698798822138,16.30062152777775,64.0,84.19200000000004,50.67498798822134,22.0
-1,-90.7179381257219,11.46609256481479,43.0,50.88000000000002,39.83793812572188,19.0
-1,-123.37001136614492,16.044483824074053,60.0,67.87200000000003,55.498011366144894,22.0
-1,-108.27265914661616,11.961006624999994,61.0,76.32000000000004,31.952659146616107,20.0
-1,-90.2291673847175,13.238196930555551,42.0,47.424000000000014,42.805167384717485,21.0
-1,-81.97135447257384,14.851336111111092,48.0,47.52000000000002,34.45135447257382,20.0
-1,-86.54626958031692,10.986867967592604,47.0,46.176000000000016,40.3702695803169,22.0
-1,-96.01687538673524,13.078992027777778,55.0,55.776000000000025,40.24087538673522,21.0
-1,-133.4080108358775,12.809355870370368,52.0,63.07200000000004,70.33601083587746,23.0
-1,-103.12268310298978,15.780503754629615,54.0,60.672000000000025,42.45068310298975,18.0
-1,-137.12616769209887,17.094698078703658,80.0,86.59200000000004,50.53416769209882,20.0
-1,-115.32571845316514,16.93094280092587,55.0,58.94400000000003,56.3817184531651,22.0
-1,-92.5656480689412,12.742315842592564,40.0,45.120000000000005,47.44564806894122,23.0
-1,-137.17778976250952,11.74353084259259,50.0,66.14400000000003,71.03378976250949,24.0
-1,-102.55787167238668,15.187189893518498,52.0,57.79200000000001,44.76587167238667,23.0
-1,-84.98319873355187,15.049238287037008,53.0,57.21600000000001,27.76719873355187,15.0
-1,-162.05942922540865,16.338789314814804,81.0,105.21600000000004,56.843429225408606,26.0
-1,-91.3618287110295,10.37907418981481,51.0,56.448000000000015,34.91382871102949,17.0
-1,-102.16915950611964,16.549043375000004,63.0,65.08800000000001,37.081159506119626,21.0
-1,-99.30435849183846,9.509746194444444,43.0,48.76800000000002,50.53635849183843,26.0
-1,-119.33128874888756,16.863857976851833,51.0,63.55200000000003,55.77928874888753,21.0
-1,-78.67030538288145,12.033248180555551,49.0,50.40000000000001,28.27030538288144,18.0
-1,-93.59042524845457,12.897639379629634,47.0,51.64800000000002,41.942425248454526,23.0
-1,-98.69272876587355,10.359205078703717,40.0,47.616000000000014,51.076728765873554,25.0
-1,-94.2698475189706,11.857156407407404,52.0,55.10400000000002,39.165847518970594,21.0
-1,-108.0039057725282,17.796715949074038,61.0,62.11200000000002,45.891905772528176,18.0
-1,-104.0589560929609,13.328332101851846,54.0,59.23200000000001,44.82695609296088,24.0
-1,-91.46181414835448,14.183470250000004,52.0,52.03200000000001,39.42981414835448,19.0
-1,-112.95411833971916,10.18363626388888,50.0,64.32000000000002,48.63411833971915,23.0
-1,-108.37990256146156,14.4714878009259,62.0,67.58400000000003,40.79590256146152,22.0
-1,-129.45266149601136,17.86169360648145,67.0,71.52000000000005,57.9326614960113,22.0
-1,-129.06442810971845,15.458332430555531,66.0,75.36000000000004,53.70442810971839,22.0
-1,-98.23370561680244,15.101980064814803,51.0,58.56000000000003,39.67370561680241,19.0
-1,-116.1079421541056,13.358043518518503,45.0,52.704000000000015,63.40394215410558,27.0
-1,-117.2216945515247,16.101201685185153,56.0,66.62400000000002,50.59769455152468,20.0
-1,-111.18343655056844,16.076972837962952,56.0,65.56800000000003,45.61543655056842,24.0
-1,-105.36054387285938,19.297036972222184,63.0,66.72000000000001,38.64054387285936,19.0
-1,-100.40075008922484,18.63260024537031,67.0,69.40800000000003,30.992750089224806,17.0
-1,-112.83784404204326,13.724722365740751,55.0,59.52000000000002,53.31784404204324,19.0
-1,-117.86470147111284,18.54783771296292,56.0,66.81600000000003,51.04870147111281,20.0
-1,-227.4536439876538,20.815764050925853,98.0,133.53600000000012,93.91764398765368,24.0
-1,-107.41861816231676,15.289798861111093,60.0,69.02400000000002,38.394618162316746,21.0
-1,-120.73017391463846,22.4863749166666,72.0,83.32800000000005,37.40217391463841,18.0
-1,-97.87023061280463,12.847706074074088,48.0,50.20800000000002,47.66223061280464,26.0
-1,-100.31441131427364,15.211850814814804,57.0,53.85600000000003,46.4584113142736,21.0
-1,-92.77691808789378,10.440548694444448,42.0,44.44800000000001,48.32891808789377,25.0
-1,-96.51833046879304,19.84500853240741,59.0,56.44800000000003,40.070330468793,15.0
-1,-98.71269066385972,15.540951245370389,51.0,62.78400000000002,35.92869066385969,19.0
-1,-99.51500694911684,16.438593939814798,61.0,68.256,31.259006949116834,20.0
-1,-116.5498976068513,14.47539702314812,64.0,68.25600000000003,48.29389760685128,24.0
-1,-116.8500622333966,14.131978810185188,49.0,59.42400000000003,57.42606223339657,22.0
-1,-113.67851090792728,15.043874606481491,52.0,57.88800000000003,55.79051090792726,22.0
-1,-123.68544267172489,15.665707657407385,60.0,72.19200000000004,51.49344267172484,23.0
-1,-93.28656097166468,14.96600927314812,56.0,59.712000000000025,33.574560971664646,20.0
-1,-91.67039550339436,18.178957555555545,56.0,59.71200000000002,31.958395503394357,18.0
-1,-149.9901065481713,15.380489148148133,65.0,81.31200000000004,68.67810654817124,23.0
-1,-145.7986182599487,15.735259379629625,79.0,91.00800000000004,54.790618259948666,23.0
-1,-107.33209788129506,15.757428430555535,46.0,53.184000000000026,54.14809788129504,22.0
-1,-148.2824387169463,19.4432351064814,89.0,89.37600000000003,58.90643871694628,22.0
-1,-99.3232098623772,14.303296657407412,46.0,50.01600000000002,49.30720986237719,23.0
-1,-95.40588882765968,14.822313226851843,45.0,47.52000000000002,47.88588882765965,22.0
-1,-114.4828518141795,14.03915566666665,55.0,68.92800000000003,45.55485181417948,20.0
-1,-100.11881385695976,15.074910638888866,48.0,52.60800000000002,47.51081385695973,23.0
-1,-98.7872321079914,12.12921111574073,53.0,61.15200000000004,37.63523210799136,20.0
-1,-122.49578242494582,15.135402574074066,51.0,59.80800000000003,62.68778242494579,27.0
-1,-94.91853505739864,16.17770303703699,54.0,61.24800000000002,33.67053505739862,20.0
-1,-95.4654291352308,10.35731477777778,39.0,52.608,42.85742913523079,25.0
-1,-110.03189794965706,16.24676592592587,59.0,60.768000000000015,49.26389794965704,23.0
-1,-94.31914390745736,16.144359351851822,52.0,60.00000000000002,34.31914390745735,19.0
-1,-164.29516999803502,18.101362203703665,71.0,100.80000000000004,63.49516999803497,21.0
-1,-108.16385112336928,13.368792407407394,48.0,62.88000000000002,45.28385112336925,23.0
-1,-112.73653064840296,16.670448717592564,64.0,68.92800000000003,43.808530648402936,20.0
-1,-113.06556930210375,15.226125749999976,53.0,68.06400000000004,45.00156930210374,21.0
-1,-133.81072906332437,15.686403449074058,61.0,78.91200000000003,54.89872906332431,21.0
-1,-117.95983482405384,23.04890098148144,74.0,82.36800000000004,35.5918348240538,16.0
-1,-102.7641317327204,14.410096370370344,58.0,68.44800000000004,34.31613173272036,17.0
-1,-142.80359800994432,17.291397657407384,77.0,93.12000000000003,49.68359800994429,22.0
-1,-96.42772949446086,15.300243083333315,52.0,62.68800000000003,33.73972949446083,19.0
-1,-122.3438813832521,12.15106168055554,55.0,64.60800000000003,57.735881383252064,25.0
-1,-105.32479940758375,11.823493865740732,44.0,53.856000000000016,51.46879940758373,22.0
-1,-99.68204061540472,14.642067472222196,47.0,51.648000000000025,48.03404061540469,24.0
-1,-87.80501220012854,14.818317601851849,54.0,57.50400000000002,30.30101220012853,18.0
-1,-110.14331736323298,13.597793717592593,52.0,55.77600000000001,54.36731736323297,21.0
-1,-119.13404022612688,14.32695721759255,58.0,69.98400000000004,49.15004022612685,23.0
-1,-95.15573758430908,14.760322162037042,45.0,47.808000000000014,47.34773758430906,20.0
-1,-73.54885929315388,14.66141765740741,45.0,48.768000000000015,24.78085929315387,14.0
-1,-95.08190368706887,11.902121856481475,52.0,58.56000000000001,36.521903687068864,22.0
-1,-95.62632862160925,12.473968245370358,49.0,55.39200000000002,40.234328621609215,21.0
-1,-113.01772766518762,17.71270900925923,68.0,82.65600000000005,30.361727665187573,19.0
-1,-104.03563944973313,15.356349865740736,49.0,55.68000000000002,48.355639449733104,22.0
-1,-101.54689295861375,12.733484393518507,42.0,46.65600000000002,54.89089295861376,22.0
-1,-94.43099940053136,17.928699930555563,56.0,51.45600000000002,42.97499940053133,18.0
-1,-152.10334870398918,17.21989628240738,71.0,96.38400000000006,55.71934870398912,21.0
-1,-114.85258754781148,18.01100310648145,66.0,66.43200000000002,48.42058754781145,23.0
-1,-100.23757173886531,13.57834261574074,50.0,53.37600000000001,46.86157173886532,22.0
-1,-101.727800480606,16.122409837962948,59.0,60.288000000000025,41.43980048060598,21.0
-1,-88.47050582407974,15.608701532407386,53.0,57.88800000000003,30.582505824079703,17.0
-1,-69.67503999473,11.473620060185176,43.0,44.54400000000002,25.131039994729985,17.0
-1,-102.30875012516287,13.985443027777771,52.0,56.25600000000001,46.05275012516287,20.0
-1,-80.67116190563254,15.800155847222184,62.0,62.11200000000003,18.559161905632514,10.0
-1,-108.01560341389104,17.363151527777788,58.0,65.08800000000002,42.92760341389101,19.0
-1,-108.57285695014254,13.964744157407392,56.0,56.54400000000003,52.0288569501425,24.0
-1,-116.23861253390912,14.215389958333326,61.0,67.96800000000003,48.270612533909095,19.0
-1,-95.00544991775487,14.677106444444398,52.0,58.75200000000002,36.253449917754864,20.0
-1,-124.69872049669644,17.641682796296255,59.0,71.71200000000002,52.98672049669644,20.0
-1,-137.30452141998015,15.323647939814814,56.0,68.54400000000003,68.76052141998012,22.0
-1,-119.16214495889596,12.790462083333344,44.0,46.94400000000002,72.21814495889595,25.0
-1,-128.26040929616715,19.14436003240734,65.0,75.26400000000004,52.99640929616712,21.0
-1,-95.84155781676438,14.08325787500003,51.0,57.984000000000016,37.85755781676437,20.0
-1,-95.07498335080967,15.10363487037036,55.0,60.672000000000025,34.40298335080964,19.0
-1,-122.87540630315333,14.556150888888885,50.0,67.77600000000002,55.09940630315329,23.0
-1,-104.34306048845704,15.097623023148124,47.0,57.98400000000002,46.35906048845703,19.0
-1,-114.81845628634169,17.142266555555533,62.0,82.36800000000002,32.450456286341655,21.0
-1,-130.33140812000929,11.835950731481487,43.0,51.936000000000014,78.39540812000926,26.0
-1,-102.63824780100036,14.031414999999988,44.0,50.78400000000002,51.854247801000334,22.0
-1,-92.80266440399424,13.593882999999993,50.0,55.20000000000002,37.60266440399421,21.0
-1,-98.36336067474676,16.159732916666655,50.0,52.80000000000002,45.563360674746754,23.0
-1,-87.80733562883418,13.40782949999999,44.0,54.72000000000001,33.08733562883416,21.0
-1,-90.64670385781967,11.659585416666662,38.0,46.56000000000001,44.086703857819664,19.0
-1,-93.92176970594936,12.3193562361111,42.0,51.07200000000001,42.84976970594935,25.0
-1,-92.61587573753977,14.489177518518494,52.0,63.64800000000003,28.96787573753973,16.0
-1,-85.05067895143054,10.396568185185188,27.0,33.888,51.16267895143054,25.0
-1,-97.18284506666188,14.79145134722221,45.0,50.304000000000016,46.87884506666185,23.0
-1,-116.38514381043392,17.698042333333294,62.0,67.10400000000003,49.281143810433896,23.0
-1,-102.69875085377284,24.67877517592582,59.0,59.52000000000002,43.17875085377283,20.0
-1,-96.32907646778484,16.5558204722222,55.0,58.27200000000002,38.057076467784825,19.0
-1,-88.21970984045842,12.550010518518526,46.0,50.01600000000001,38.2037098404584,21.0
-1,-95.439050124583,15.71167365740738,46.0,48.28800000000002,47.151050124582966,22.0
-1,-105.45252009748336,15.278798921296298,59.0,68.73600000000002,36.71652009748336,19.0
-1,-84.63506444257959,15.782209217592612,46.0,51.84000000000001,32.79506444257957,17.0
-1,-135.10891817608248,12.841207361111088,63.0,76.99200000000003,58.11691817608245,23.0
-1,-138.1395042739644,16.025171347222194,62.0,70.36800000000004,67.77150427396435,23.0
-1,-89.29489259406347,14.936066342592593,51.0,55.00800000000001,34.28689259406346,19.0
-1,-116.50576237954424,16.09706095370367,52.0,57.504000000000026,59.00176237954421,24.0
-1,-117.10256162938413,13.550811004629606,56.0,65.47200000000004,51.6305616293841,26.0
-1,-115.85500144024934,20.69945758796284,52.0,66.33600000000003,49.51900144024931,23.0
-1,-98.00234240023676,14.74468881944444,48.0,50.11200000000002,47.89034240023675,23.0
-1,-106.52110137611376,15.745274810185178,48.0,44.92800000000001,61.59310137611376,21.0
-1,-103.59725835790834,14.431406013888854,49.0,56.92800000000002,46.66925835790832,24.0
-1,-99.8710715187552,14.971844523148125,52.0,58.36800000000002,41.50307151875516,21.0
-1,-95.96112189986336,20.035311708333285,64.0,71.04000000000002,24.92112189986335,13.0
-1,-100.28040104723196,14.753837986111082,45.0,51.648000000000025,48.63240104723193,20.0
-1,-84.82893439922356,13.970949685185188,44.0,47.71200000000002,37.11693439922353,18.0
-1,-101.54903959451865,13.58053116203704,54.0,63.36000000000003,38.18903959451862,21.0
-1,-87.65527487459238,12.467191388888898,43.0,52.12800000000001,35.52727487459238,21.0
-1,-129.1526575785798,13.412047824074074,61.0,78.81600000000005,50.336657578579775,22.0
-1,-103.2705514071841,16.275663898148135,54.0,63.55200000000002,39.71855140718408,21.0
-1,-138.64173438488325,16.063094624999984,61.0,78.14400000000003,60.49773438488321,21.0
-1,-134.0658713634546,16.030866379629604,50.0,64.22400000000003,69.84187136345456,21.0
-1,-94.16688846760717,16.92862770370368,47.0,54.432000000000016,39.73488846760714,20.0
-1,-154.90809319884235,19.58912447222212,76.0,101.76000000000003,53.148093198842304,22.0
-1,-75.63792531408102,12.601735842592594,48.0,50.40000000000002,25.237925314081,17.0
-1,-116.46761737378968,16.209417412037006,61.0,74.88000000000002,41.587617373789655,22.0
-1,-117.9846480804784,14.528132773148124,46.0,60.288000000000025,57.696648080478376,25.0
-1,-118.11461194481647,12.368939689814804,45.0,55.20000000000002,62.914611944816464,27.0
-1,-99.6175989627499,13.406239374999984,47.0,55.10400000000002,44.51359896274988,22.0
-1,-104.53518925889094,20.20389808333331,52.0,59.80800000000002,44.72718925889093,18.0
-1,-117.264108598434,15.019521703703688,53.0,66.04800000000003,51.21610859843396,20.0
-1,-93.69454545276425,11.863702995370383,42.0,42.24000000000001,51.45454545276422,26.0
-1,-106.336992673393,16.115640481481478,49.0,54.72000000000003,51.61699267339299,21.0
-1,-115.7195860214392,15.052252328703672,63.0,73.92000000000003,41.799586021439175,22.0
-1,-109.44526197866216,17.339343175925876,69.0,71.04000000000002,38.40526197866214,19.0
-1,-152.25029861064417,16.968023546296262,75.0,98.20800000000006,54.04229861064413,21.0
-1,-109.60093308709855,14.69455904166666,57.0,54.52800000000003,55.07293308709853,24.0
-1,-100.72188627951932,16.758487791666628,55.0,56.44800000000001,44.27388627951932,21.0
-1,-123.66229487834444,13.20882014351853,63.0,86.49600000000005,37.16629487834438,12.0
-1,-112.20773999877429,17.461893847222193,66.0,58.94400000000002,53.26373999877428,22.0
-1,-72.9501363184304,13.203182986111091,46.0,47.23200000000002,25.71813631843037,18.0
-1,-122.14883854679884,11.496248800925915,39.0,52.896000000000015,69.25283854679883,27.0
-1,-67.96359901022983,13.983635000000008,36.0,38.88000000000002,29.08359901022981,20.0
-1,-96.95065281356216,15.231070351851836,44.0,46.56000000000002,50.39065281356215,21.0
-1,-88.875072067469,15.937937648148162,54.0,58.65600000000001,30.219072067469,17.0
-1,-92.11452341639595,17.03059248611108,44.0,55.58400000000002,36.53052341639595,18.0
-1,-123.54072096244408,19.271607240740707,55.0,70.84800000000004,52.69272096244404,23.0
-1,-88.85853851964376,19.56982071759256,53.0,57.98400000000002,30.87453851964373,17.0
-1,-112.00077217662128,14.343241152777775,51.0,60.38400000000004,51.61677217662125,24.0
-1,-95.4054789194594,14.214774287037027,38.0,43.488000000000014,51.91747891945938,22.0
-1,-109.11069421203035,15.226420523148136,59.0,70.65600000000002,38.45469421203033,19.0
-1,-118.53906828652283,15.291571194444431,55.0,56.928000000000026,61.61106828652283,24.0
-1,-108.68470407597954,15.910617486111082,47.0,50.78400000000003,57.90070407597951,23.0
-1,-89.13169037096219,11.613538087962963,38.0,39.74400000000001,49.38769037096219,23.0
-1,-87.85585009276531,12.187480342592591,40.0,42.24000000000001,45.61585009276529,20.0
-1,-94.68745124136082,13.692454453703682,40.0,49.920000000000016,44.7674512413608,22.0
-1,-145.55860684299296,16.149039805555542,60.0,73.72800000000004,71.83060684299294,25.0
-1,-130.77504658251627,20.522829833333283,79.0,87.93600000000005,42.83904658251621,18.0
-1,-95.78267608407,14.332672523148126,49.0,63.16800000000002,32.614676084069984,19.0
-1,-99.32650402261908,12.484604462962972,38.0,49.44000000000002,49.88650402261906,24.0
-1,-100.44730746275675,18.73374010648145,56.0,61.44000000000003,39.00730746275672,19.0
-1,-111.95173761165,15.874530986111088,51.0,56.92800000000003,55.02373761164998,21.0
-1,-90.33441160252777,15.006094222222217,56.0,61.05600000000002,29.27841160252775,16.0
-1,-94.50484614563892,13.778073944444454,46.0,52.99200000000001,41.512846145638896,22.0
-1,-104.65919546783206,15.850374662037025,57.0,63.840000000000025,40.81919546783204,23.0
-1,-109.19053165488933,17.27634365740742,58.0,59.42400000000002,49.766531654889306,22.0
-1,-118.0347051435762,13.44804189814814,45.0,52.32000000000002,65.71470514357617,23.0
-1,-88.40429056587709,9.800015416666684,35.0,46.56000000000002,41.84429056587708,22.0
-1,-92.05620779651962,12.22688462962964,35.0,38.78399999999999,53.27220779651962,24.0
-1,-85.93135125265557,15.902973092592596,45.0,57.60000000000002,28.331351252655555,16.0
-1,-105.6611820290434,13.70542141666666,53.0,59.808000000000014,45.8531820290434,21.0
-1,-150.89344504406623,15.1874466574074,66.0,83.32800000000005,67.56544504406621,23.0
-1,-109.63751620714868,14.549668481481485,42.0,48.960000000000015,60.67751620714868,21.0
-1,-100.81773134857694,15.058622106481486,58.0,64.60800000000002,36.20973134857692,21.0
-1,-85.02480671785347,15.830102583333314,48.0,47.23200000000001,37.792806717853445,19.0
-1,-105.8854579988468,15.124220287037026,50.0,54.81600000000002,51.06945799884677,22.0
-1,-100.9321404276061,19.350287986111063,56.0,55.58400000000002,45.34814042760608,22.0
-1,-99.57524240588332,9.92125014814816,48.0,47.42400000000002,52.15124240588331,26.0
-1,-111.81266408558412,19.09439099999992,63.0,58.56000000000002,53.25266408558411,22.0
-1,-134.37659487740723,17.434233453703662,66.0,81.88800000000002,52.48859487740721,20.0
-1,-82.80937144233887,12.01596366666666,41.0,42.91200000000001,39.89737144233886,22.0
-1,-111.92424092406988,16.3259589259259,61.0,63.26400000000003,48.66024092406986,23.0
-1,-78.92586969602843,13.583302777777767,39.0,43.58400000000001,35.34186969602841,16.0
-1,-96.08474607038212,16.39153820833333,58.0,59.23200000000002,36.85274607038209,18.0
-1,-138.64225392206717,14.067093152777757,61.0,75.45600000000003,63.18625392206714,27.0
-1,-97.396995312312,11.55546483333334,39.0,44.35200000000001,53.04499531231201,24.0
-1,-68.31197579644967,9.750827680555563,24.0,27.168,41.14397579644968,25.0
-1,-90.122677959736,18.503518560185174,62.0,64.99200000000002,25.130677959735976,15.0
-1,-99.10652963219668,13.432032736111108,43.0,44.448000000000015,54.65852963219667,21.0
-1,-104.40468029385272,16.48272945833331,60.0,60.48000000000001,43.9246802938527,20.0
-1,-141.11919371892333,17.0031613935185,59.0,71.61600000000004,69.50319371892327,22.0
-1,-92.25891614649504,17.039403189814784,56.0,56.06400000000002,36.19491614649503,19.0
-1,-120.33808047597552,17.747655865740704,74.0,90.52800000000003,29.810080475975465,13.0
-1,-112.70609360765488,14.257905273148122,49.0,56.44800000000003,56.25809360765486,25.0
-1,-82.0341614051808,18.78282718981477,50.0,55.296000000000014,26.73816140518078,16.0
-1,-104.86766661247611,18.555164004629617,55.0,61.248000000000026,43.619666612476095,20.0
-1,-102.50048509467592,14.373263976851836,53.0,59.71200000000002,42.78848509467589,21.0
-1,-108.54256393744396,10.326810527777765,44.0,55.68000000000002,52.86256393744394,24.0
-1,-105.03611340721974,20.110214435185128,58.0,63.07200000000002,41.96411340721973,17.0
-1,-90.83958737743376,16.469982236111097,51.0,57.50400000000002,33.33558737743373,18.0
-1,-108.1587422289862,20.68865517592583,65.0,72.86400000000003,35.294742228986166,17.0
-1,-86.03672591523514,18.877843421296262,55.0,57.69600000000001,28.34072591523513,14.0
-1,-140.65338908540116,24.26375768518516,75.0,87.74400000000004,52.9093890854011,17.0
-1,-90.32140827348884,16.771384851851828,48.0,47.13600000000002,43.1854082734888,19.0
-1,-109.8714544547974,20.464683967592507,57.0,54.81600000000002,55.05545445479738,21.0
-1,-110.8844458779236,18.685451143518478,55.0,62.784000000000034,48.10044587792357,22.0
-1,-86.35963687009733,16.26926315277778,50.0,49.44000000000001,36.91963687009732,19.0
-1,-114.03739726711166,14.603011615740716,52.0,55.87200000000002,58.16539726711164,24.0
-1,-86.86501181617263,14.084281745370358,45.0,49.44000000000001,37.425011816172606,20.0
-1,-120.75239259168764,17.649808356481433,66.0,77.08800000000004,43.664392591687616,22.0
-1,-90.698131307239,16.045606615740734,55.0,52.512000000000015,38.18613130723898,21.0
-1,-89.8127922604771,16.997333273148122,44.0,51.55200000000002,38.26079226047708,18.0
-1,-121.86255436592953,15.514792171296293,59.0,65.76000000000003,56.10255436592948,22.0
-1,-94.64176315645152,14.770521472222196,47.0,57.12000000000002,37.5217631564515,22.0
-1,-77.356194707956,17.605289745370367,52.0,46.36800000000002,30.98819470795598,17.0
-1,-132.7612019606741,26.527031546296215,71.0,85.15200000000004,47.609201960674056,19.0
-1,-83.13208794585816,18.81549843055556,55.0,61.920000000000016,21.212087945858137,12.0
-1,-112.99801516358326,15.279167314814796,56.0,67.20000000000003,45.79801516358324,23.0
-1,-99.78761686971528,19.625788999999976,52.0,54.432000000000016,45.35561686971525,20.0
-1,-117.91381596774144,13.283158694444438,50.0,57.60000000000003,60.3138159677414,23.0
-1,-104.95126775725385,12.66681610648149,46.0,53.664000000000016,51.287267757253815,24.0
-1,-87.44849774323893,15.217859240740742,44.0,47.71200000000001,39.73649774323892,19.0
-1,-95.50422741888808,15.863625837962946,56.0,55.776000000000025,39.72822741888805,21.0
-1,-98.75893875360062,14.55478892129627,51.0,55.872000000000014,42.8869387536006,23.0
-1,-93.79915362209692,17.584091874999956,48.0,50.20800000000002,43.59115362209689,20.0
-1,-108.50532171174454,19.518151254629565,57.0,59.52000000000003,48.98532171174451,22.0
-1,-104.71917578861785,12.684357203703716,47.0,52.89600000000002,51.8231757886178,26.0
-1,-82.00261570593456,16.63592434722221,54.0,55.968000000000025,26.034615705934534,17.0
-1,-98.92184438337632,18.380539699074024,46.0,56.160000000000025,42.76184438337629,19.0
-1,-94.69897023700486,20.06997491203699,54.0,61.92000000000003,32.778970237004835,18.0
-1,-76.20501535373211,16.859996342592606,52.0,60.09600000000001,16.109015353732104,11.0
-1,-116.17794367169472,17.82890251388887,53.0,54.14400000000002,62.03394367169471,22.0
-1,-95.47470811070946,18.808891884259204,58.0,63.26400000000001,32.21070811070945,16.0
-1,-113.86380645928216,20.00735234259252,57.0,58.46400000000003,55.39980645928214,21.0
-1,-85.26950843845047,10.70242487962962,37.0,43.77600000000002,41.493508438450455,21.0
-1,-90.81757925128528,15.667504879629629,52.0,54.33600000000001,36.48157925128527,21.0
-1,-97.79903638775792,18.899946537036968,58.0,63.55200000000002,34.24703638775789,18.0
-1,-107.81418476973734,17.557545624999953,49.0,51.45600000000002,56.35818476973732,21.0
-1,-114.36234616855202,20.64362818055552,57.0,59.04000000000003,55.322346168552,22.0
-1,-122.41196699134404,15.730145777777778,59.0,63.07200000000003,59.33996699134399,21.0
-1,-130.24913724067775,20.38494504629624,57.0,69.02400000000003,61.225137240677725,22.0
-1,-99.8995595921766,16.703369842592554,54.0,53.37600000000001,46.52355959217657,21.0
-1,-90.0863352735507,18.935964166666658,56.0,53.85600000000002,36.230335273550686,19.0
-1,-95.74314893282477,16.26497137499998,47.0,53.08800000000002,42.65514893282474,22.0
-1,-82.5499477771586,9.224645212962978,32.0,34.752,47.7979477771586,26.0
-1,-96.3084846430748,15.374706828703689,52.0,57.31200000000001,38.9964846430748,18.0
-1,-113.92308423602071,20.21037368055547,60.0,69.31200000000003,44.61108423602069,22.0
-1,-94.89674071751038,17.41988548148148,56.0,66.14400000000003,28.752740717510346,15.0
-1,-92.86607600304264,15.94749861111108,42.0,42.33600000000001,50.53007600304262,21.0
-1,-97.35674551191134,16.792645763888867,55.0,60.86400000000002,36.49274551191132,17.0
-1,-143.01842564519504,24.101099791666552,79.0,96.38400000000006,46.63442564519498,18.0
-1,-79.86789218655154,13.287196569444433,47.0,49.15200000000001,30.71589218655153,19.0
-1,-93.25532646461896,13.91977017592589,50.0,58.176000000000016,35.07932646461893,21.0
-1,-111.9209742333948,13.642653578703696,45.0,49.44000000000002,62.480974233394775,22.0
-1,-91.73771779460417,11.201622819444436,44.0,53.08800000000001,38.64971779460415,25.0
-1,-126.30332775774248,18.579273458333283,59.0,70.84800000000001,55.45532775774247,21.0
-1,-111.14888234972256,11.88481578703702,51.0,58.17600000000003,52.97288234972252,27.0
-1,-103.73390829274436,17.778240361111102,52.0,56.544000000000025,47.18990829274433,19.0
-1,-97.60514386587366,15.43714206944442,58.0,68.16000000000003,29.44514386587364,17.0
-1,-94.22273863667452,12.892007291666662,47.0,54.52800000000002,39.69473863667451,24.0
-1,-121.56828284181958,15.349342999999964,46.0,60.57600000000002,60.99228284181956,25.0
-1,-107.43614740096336,17.963781865740724,50.0,50.01600000000002,57.42014740096335,23.0
-1,-97.12639868371936,14.684794305555544,49.0,55.39200000000002,41.73439868371936,20.0
-1,-98.70963765798766,12.809988245370391,43.0,41.18400000000001,57.52563765798764,22.0
-1,-99.32170747509504,13.944934472222233,51.0,59.52000000000002,39.80170747509503,21.0
-1,-126.63089254516352,17.79262756018511,56.0,55.96800000000003,70.6628925451635,24.0
-1,-92.42230090570752,14.401406745370371,42.0,47.90400000000001,44.51830090570752,22.0
-1,-89.99619067094423,14.949054893518518,41.0,39.84000000000002,50.15619067094421,22.0
-1,-114.1621370066683,11.282643902777773,45.0,48.384000000000015,65.77813700666829,28.0
-1,-127.9733911053273,16.870428439814766,67.0,86.40000000000005,41.57339110532724,19.0
-1,-134.9987092197348,15.93764099074071,62.0,83.80800000000004,51.19070921973477,21.0
-1,-82.39908809567586,13.825899467592588,36.0,39.456,42.94308809567586,22.0
-1,-95.8368207885809,17.878166347222198,52.0,54.52800000000002,41.30882078858088,19.0
-1,-110.39372680691665,21.7243860092592,63.0,66.52800000000002,43.86572680691661,17.0
-1,-87.39799735662642,13.626065967592574,44.0,56.35200000000001,31.04599735662641,20.0
-1,-114.1907231422413,16.146071749999976,60.0,64.03200000000002,50.15872314224128,22.0
-1,-79.17776656726676,14.77324373148149,46.0,48.38400000000002,30.79376656726673,17.0
-1,-72.57306042428367,11.166175930555562,40.0,43.20000000000002,29.37306042428365,21.0
-1,-95.89638852042307,18.56676751388887,55.0,47.71200000000002,48.18438852042305,19.0
-1,-109.8429456628398,17.42294359259255,57.0,54.62400000000002,55.218945662839786,23.0
-1,-125.79926304059433,14.438183587962952,57.0,70.94400000000003,54.85526304059429,23.0
-1,-99.94440741886656,12.450294296296294,42.0,39.45600000000001,60.48840741886654,26.0
-1,-93.25223374700954,18.099141638888856,51.0,52.224000000000025,41.02823374700952,20.0
-1,-101.867500085204,15.73976458796296,49.0,56.16000000000002,45.707500085203975,24.0
-1,-86.54370903206812,14.03156499074075,45.0,45.40800000000001,41.135709032068114,21.0
-1,-100.80770550517894,17.97967583333331,53.0,53.76000000000001,47.047705505178925,19.0
-1,-101.98817735721587,12.48815186111112,43.0,45.98400000000002,56.00417735721585,23.0
-1,-119.35223700476176,11.663840472222224,45.0,54.62400000000002,64.72823700476172,24.0
-1,-95.03215759834694,16.379901250000003,51.0,56.64000000000002,38.39215759834692,23.0
-1,-86.18908990529808,13.776202416666669,38.0,44.256000000000014,41.93308990529806,22.0
-1,-113.00473544051094,18.452156388888827,57.0,60.76800000000003,52.23673544051091,21.0
-1,-93.4053867299326,14.245473865740731,45.0,43.96800000000002,49.43738672993256,22.0
-1,-77.99418481937444,14.154076249999996,42.0,41.088000000000015,36.90618481937442,20.0
-1,-94.43382447392506,15.674320722222228,45.0,50.016000000000005,44.41782447392505,20.0
-1,-113.89587643473902,15.316643745370362,54.0,62.97600000000004,50.91987643473899,23.0
-1,-126.4605398615338,24.37152388425917,64.0,78.91200000000003,47.54853986153375,15.0
-1,-103.66510760938652,15.486389421296275,52.0,61.248000000000026,42.41710760938649,21.0
-1,-126.7897011101305,17.364006814814775,68.0,82.94400000000005,43.845701110130456,20.0
-1,-88.60327584172677,17.94231707407409,54.0,54.24000000000001,34.363275841726754,20.0
-1,-104.662844676931,13.269423240740714,45.0,49.24800000000002,55.41484467693097,24.0
-1,-96.53350219318436,20.82766831944441,58.0,59.712000000000025,36.82150219318433,18.0
-1,-69.88563362540575,13.385924074074072,43.0,45.120000000000005,24.765633625405737,17.0
-1,-111.24314434545158,17.059311425925888,61.0,64.51200000000003,46.73114434545156,21.0
-1,-114.30810610102462,14.445092847222217,56.0,66.52800000000003,47.780106101024586,24.0
-1,-104.05629613593509,15.212816874999993,51.0,53.85600000000002,50.200296135935055,24.0
-1,-96.69507786527792,11.8058484814815,39.0,42.52800000000001,54.1670778652779,25.0
-1,-96.47107278467423,16.914592532407376,49.0,58.84800000000002,37.62307278467423,19.0
-1,-98.25694081541828,19.492864962962894,50.0,56.64000000000002,41.61694081541826,19.0
-1,-94.13354439737124,19.89342739351849,59.0,64.89600000000002,29.237544397371227,17.0
-1,-117.91460312770744,18.998141226851796,57.0,67.39200000000002,50.52260312770741,20.0
-1,-113.30860596711734,15.114667537037034,55.0,70.08000000000003,43.22860596711732,21.0
-1,-95.38232988221196,13.535170523148144,47.0,53.28000000000002,42.10232988221194,23.0
-1,-98.61665437994496,19.94636869444439,49.0,59.32800000000002,39.28865437994494,17.0
-1,-85.76453097449773,10.144583736111118,44.0,48.576000000000015,37.18853097449772,21.0
-1,-91.19162395423706,17.47158076851853,54.0,54.43200000000003,36.75962395423702,18.0
-1,-80.78010431290139,14.936781152777762,51.0,56.35200000000002,24.428104312901365,16.0
-1,-90.3488682131877,13.085629768518514,43.0,47.90400000000001,42.444868213187696,21.0
-1,-94.21025430906798,13.541902583333318,50.0,54.912000000000006,39.29825430906797,21.0
-1,-97.1809164641372,20.871401064814744,57.0,62.016000000000034,35.16491646413718,17.0
-1,-99.4759654047389,21.15720962499999,53.0,55.48800000000002,43.98796540473887,17.0
-1,-113.05724997293004,14.704337666666666,63.0,69.02400000000003,44.03324997293001,20.0
-1,-92.10395529172604,18.80072605092589,54.0,56.83200000000004,35.271955291725995,17.0
-1,-100.16246304406717,13.173292250000006,42.0,42.528000000000006,57.63446304406715,23.0
-1,-127.53654878315,19.648884467592552,59.0,66.52800000000002,61.008548783149976,21.0
-1,-105.53023673269954,21.55064233333331,61.0,64.89600000000004,40.634236732699485,18.0
-1,-87.19156703555927,14.577543592592596,46.0,52.512000000000015,34.67956703555925,18.0
-1,-89.63445100195067,15.767082490740732,48.0,50.88000000000001,38.754451001950656,18.0
-1,-87.29898565463307,17.17570037962962,50.0,52.03200000000001,35.26698565463306,18.0
-1,-97.1399323641183,18.601179305555544,50.0,54.048000000000016,43.091932364118286,20.0
-1,-95.22216815344422,12.79764588888889,46.0,53.56800000000001,41.65416815344421,22.0
-1,-93.52694971918798,19.12451753703696,44.0,49.05600000000001,44.47094971918797,22.0
-1,-102.91981778446988,10.659508972222248,41.0,45.60000000000001,57.31981778446987,25.0
-1,-68.77492521068169,13.285709115740744,46.0,42.720000000000006,26.054925210681688,15.0
-1,-114.082264298905,18.255012967592528,56.0,64.51200000000003,49.57026429890496,21.0
-1,-123.10232143663212,19.41758609259255,62.0,67.96800000000003,55.134321436632085,27.0
-1,-132.9537321883755,16.6216941296296,56.0,67.29600000000002,65.65773218837548,25.0
-1,-86.4409908844826,14.16082472685186,46.0,50.592000000000006,35.8489908844826,20.0
-1,-124.31474355732794,18.986261601851748,57.0,67.77600000000004,56.53874355732791,23.0
-1,-90.12407293905513,15.074486032407398,43.0,51.45600000000001,38.6680729390551,25.0
-1,-105.5593886323586,13.869704791666663,44.0,47.52000000000001,58.03938863235858,20.0
-1,-92.3463283953906,17.236364027777736,50.0,57.79200000000002,34.55432839539057,21.0
-1,-101.9961087856075,14.28510407407408,51.0,54.04800000000002,47.948108785607474,20.0
-1,-78.41787585699662,14.492678120370345,40.0,46.08000000000001,32.337875856996604,19.0
-1,-113.69086519356588,12.769796064814784,50.0,69.50400000000003,44.18686519356586,21.0
-1,-121.1124739789035,16.5501056574074,63.0,82.17600000000004,38.93647397890346,23.0
-1,-74.81648392332724,12.882863912037038,37.0,41.56800000000001,33.24848392332723,20.0
-1,-126.99125869617332,21.217404541666586,61.0,76.32000000000004,50.67125869617328,19.0
-1,-135.9631153506337,15.810857624999974,57.0,68.83200000000004,67.13111535063365,26.0
-1,-82.7304416171072,15.405522138888854,56.0,57.504000000000026,25.22644161710718,16.0
-1,-131.3715167475106,19.28091976851848,61.0,82.27200000000003,49.09951674751058,22.0
-1,-80.91833405974965,16.992883263888874,52.0,48.000000000000014,32.91833405974964,16.0
-1,-95.74426761188084,16.774376620370358,48.0,50.20800000000001,45.53626761188083,21.0
-1,-102.14001383067809,13.463285726851844,48.0,51.84000000000002,50.30001383067805,23.0
-1,-97.33416137895264,21.68597558333324,74.0,69.12000000000003,28.21416137895261,13.0
-1,-98.78436516021858,20.031464365740685,54.0,58.08000000000003,40.70436516021856,20.0
-1,-118.32186265922536,18.007021791666624,53.0,67.10400000000003,51.217862659225325,20.0
-1,-118.1280134649617,17.124005972222207,52.0,55.77600000000003,62.35201346496167,23.0
-1,-77.24017477616282,14.723641763888866,41.0,44.73600000000002,32.5041747761628,20.0
-1,-126.43975245487816,20.47149443518513,64.0,75.36000000000004,51.07975245487814,20.0
-1,-104.5110990928914,15.41167414814814,47.0,53.184000000000026,51.32709909289137,25.0
-1,-107.596077191253,17.55749937962958,51.0,60.57600000000003,47.02007719125296,24.0
-1,-111.66364734608626,22.389765217592537,58.0,62.30400000000003,49.35964734608623,20.0
-1,-96.82846255305876,20.638179148148115,55.0,65.56800000000003,31.26046255305874,16.0
-1,-108.37151688314476,16.235078708333308,61.0,68.92800000000003,39.44351688314473,22.0
-1,-95.27247126818054,19.28850699074072,60.0,55.68000000000002,39.59247126818051,18.0
-1,-86.50045014879942,16.792818412037033,51.0,51.55200000000002,34.94845014879939,18.0
-1,-103.80047724777248,15.976953037037031,50.0,52.60800000000002,51.19247724777245,23.0
-1,-108.08384518702944,14.109010856481468,60.0,66.62400000000002,41.45984518702941,18.0
-1,-107.40301311193726,16.897875828703693,50.0,52.89600000000003,54.507013111937226,23.0
-1,-109.62773753311204,17.987208564814797,57.0,56.352000000000025,53.27573753311199,21.0
-1,-85.07549827495282,16.718853949074056,52.0,48.38400000000002,36.69149827495279,21.0
-1,-85.20669601518017,20.44618944907404,56.0,50.496000000000016,34.710696015180154,18.0
-1,-134.86925405262815,17.11833600462957,59.0,69.31200000000004,65.55725405262812,27.0
-1,-135.5208296973285,17.035964333333308,71.0,71.52000000000001,64.00082969732851,24.0
-1,-120.52274573123644,17.55908217129623,55.0,65.08800000000002,55.4347457312364,23.0
-1,-107.95370699938977,17.370620768518492,50.0,55.87200000000002,52.08170699938974,21.0
-1,-98.06414650658928,20.92648323611103,56.0,57.88800000000003,40.17614650658925,18.0
-1,-89.88316534613469,21.869634912037032,54.0,55.48800000000002,34.39516534613467,15.0
-1,-106.84729780173473,16.7200204907407,48.0,58.46400000000002,48.38329780173471,24.0
-1,-97.01596797242104,15.310603398148142,53.0,56.256000000000014,40.75996797242103,19.0
-1,-97.96466585631764,12.23383840277778,40.0,43.20000000000002,54.76466585631762,24.0
-1,-107.72692884784776,16.488850027777765,52.0,58.56000000000003,49.16692884784774,23.0
-1,-99.32746277985478,18.2625058935185,51.0,59.42400000000003,39.90346277985475,17.0
-1,-85.51216743538512,12.753341569444446,47.0,44.06400000000001,41.44816743538512,23.0
-1,-83.56288057320378,20.31115912037032,62.0,61.632000000000026,21.93088057320376,14.0
-1,-88.89925007639772,12.6633787824074,46.0,53.18400000000001,35.71525007639772,21.0
-1,-92.32169769473958,19.197482597222205,58.0,59.13600000000002,33.18569769473955,18.0
-1,-120.19794235610138,15.729493981481475,62.0,69.50400000000003,50.69394235610135,23.0
-1,-102.5398021341174,14.57866585185184,50.0,48.76800000000002,53.77180213411739,23.0
-1,-128.24474704791484,17.149685064814786,64.0,67.00800000000004,61.2367470479148,23.0
-1,-117.79506871648124,15.780882574074075,61.0,67.10400000000003,50.691068716481226,20.0
-1,-106.00791002260353,17.37239575925925,68.0,68.92800000000003,37.0799100226035,19.0
-1,-104.1892912827499,17.800419032407394,58.0,62.68800000000003,41.50129128274988,21.0
-1,-82.62049616301877,15.193057319444424,38.0,41.66400000000001,40.95649616301877,23.0
-1,-98.01214971974122,17.131263115740662,54.0,64.60800000000002,33.404149719741206,21.0
-1,-152.3484238890897,15.113601069444435,68.0,88.60800000000005,63.74042388908967,24.0
-1,-99.2732195555999,12.67137081481484,46.0,49.82400000000002,49.44921955559988,23.0
-1,-105.19775526905008,18.047666361111062,58.0,68.92800000000003,36.26975526905006,20.0
-1,-126.28903764219416,18.445420912037,61.0,71.13600000000004,55.15303764219412,23.0
-1,-103.3289845871824,14.801905337962964,50.0,50.68800000000002,52.64098458718237,23.0
-1,-82.05725794278844,20.9230940046296,53.0,51.36000000000003,30.69725794278841,17.0
-1,-102.71113952073722,15.97605292129628,44.0,52.03200000000002,50.67913952073721,22.0
-1,-133.86806540215824,19.6687052731481,66.0,81.60000000000005,52.26806540215819,18.0
-1,-84.39067971660381,14.467934370370346,35.0,46.08000000000001,38.3106797166038,22.0
-1,-90.51754618351438,14.501422870370378,42.0,45.69600000000002,44.82154618351437,19.0
-1,-136.7865978217134,22.84553269444437,68.0,75.07200000000005,61.71459782171336,21.0
-1,-88.40111554496724,14.27727268518519,48.0,48.67200000000002,39.72911554496723,21.0
-1,-100.55799910693318,17.211992907407385,51.0,48.96000000000002,51.59799910693316,23.0
-1,-100.49532297632926,16.5007832731481,61.0,59.42400000000004,41.07132297632923,21.0
-1,-118.6690106413566,12.032628157407393,47.0,56.928000000000026,61.74101064135658,26.0
-1,-87.1063957818447,15.814938462962935,43.0,42.52800000000001,44.57839578184468,22.0
-1,-98.54293859347348,19.86931653703704,63.0,65.85600000000002,32.686938593473464,16.0
-1,-102.9891375911142,10.813086152777784,40.0,44.640000000000015,58.3491375911142,26.0
-1,-103.48319816272176,13.042977129629628,40.0,54.52800000000002,48.95519816272173,26.0
-1,-77.16575579130145,16.43643185648146,44.0,43.872000000000014,33.29375579130144,18.0
-1,-98.29388615201717,15.066915884259252,48.0,51.74400000000002,46.54988615201713,23.0
-1,-101.02897028348156,12.549370212962954,36.0,40.12800000000001,60.90097028348154,25.0
-1,-88.00600797699346,11.926661694444444,42.0,52.89600000000002,35.110007976993444,19.0
-1,-112.36161721187716,10.79253632870372,39.0,46.176000000000016,66.18561721187713,27.0
-1,-84.93178021102213,15.058252287037028,49.0,52.032000000000025,32.89978021102211,20.0
-1,-99.76776988391389,15.575328870370363,51.0,54.432000000000016,45.33576988391386,21.0
-1,-76.21348918544884,10.342378842592588,36.0,35.904,40.30948918544883,24.0
-1,-121.46425277115208,17.062170101851798,59.0,69.31200000000003,52.15225277115205,23.0
-1,-116.29912548309652,14.219238101851834,57.0,59.32800000000002,56.9711254830965,24.0
-1,-104.42218004213504,16.391105953703658,47.0,54.52800000000002,49.89418004213501,22.0
-1,-87.08964411965468,14.387257949074067,47.0,51.26400000000002,35.82564411965465,21.0
-1,-103.12122007439322,13.794408356481483,55.0,66.912,36.20922007439322,20.0
-1,-101.7113962082294,14.437895782407388,44.0,54.33600000000003,47.37539620822937,23.0
-1,-96.93842502143865,17.615259175925896,53.0,57.69600000000002,39.24242502143863,20.0
-1,-106.53560161214897,21.237779004629587,64.0,74.30400000000003,32.231601612148935,18.0
-1,-91.40699459495848,16.174112453703703,46.0,42.62400000000001,48.78299459495848,21.0
-1,-77.72314076336613,13.15071054166666,46.0,49.44000000000001,28.283140763366116,19.0
-1,-137.61451870409874,17.11589065740736,67.0,87.16800000000005,50.44651870409869,21.0
-1,-98.34607604449567,15.972332689814802,52.0,61.92000000000003,36.42607604449564,19.0
-1,-82.10576670754547,11.65245482407408,39.0,46.27200000000001,35.83376670754546,22.0
-1,-119.14223082446884,17.23252501388887,58.0,66.81600000000002,52.32623082446882,22.0
-1,-105.87660078920958,23.33828238425922,66.0,74.49600000000004,31.38060078920953,17.0
-1,-102.04867540630276,13.76406374074072,40.0,45.888000000000005,56.16067540630274,23.0
-1,-104.78431922635052,15.78682270833331,50.0,55.77600000000003,49.008319226350494,23.0
-1,-113.5989986908837,17.29558080555553,51.0,57.216000000000015,56.38299869088369,22.0
-1,-102.26403319440044,16.95982802777777,56.0,63.07200000000002,39.19203319440041,19.0
-1,-103.07985067495224,20.493825152777724,53.0,60.96000000000003,42.11985067495223,18.0
-1,-148.71960024694624,18.394436476851777,62.0,79.58400000000005,69.13560024694621,22.0
-1,-95.53235005140714,14.141746569444429,43.0,52.704000000000015,42.82835005140712,24.0
-1,-125.1766582953346,14.433321685185168,44.0,57.69600000000002,67.48065829533456,26.0
-1,-96.14098730867052,17.427589597222173,61.0,74.20800000000004,21.93298730867049,15.0
-1,-85.07503174420691,9.701735902777775,35.0,41.95200000000001,43.1230317442069,23.0
-1,-95.58787696626328,19.421916351851845,58.0,56.06400000000002,39.523876966263245,18.0
-1,-92.57731695287156,15.088748157407416,46.0,53.18400000000002,39.39331695287155,21.0
-1,-113.66149596004942,16.136165796296286,64.0,75.93600000000002,37.72549596004939,18.0
-1,-95.10392948860633,13.28315210648147,43.0,55.96800000000002,39.13592948860632,20.0
-1,-72.04504656624728,11.812801666666664,52.0,53.66400000000001,18.38104656624727,14.0
-1,-113.26569714071348,16.456356638888852,49.0,56.06400000000002,57.20169714071347,22.0
-1,-117.3551720422121,21.13529161574067,64.0,77.76000000000005,39.59517204221206,17.0
-1,-82.12782057349567,11.904784490740736,46.0,56.44800000000002,25.679820573495647,18.0
-1,-91.38260930483789,18.96867883333332,51.0,51.07200000000002,40.31060930483785,21.0
-1,-82.80483796392343,12.221680648148132,43.0,54.91200000000001,27.892837963923416,17.0
-1,-105.13801109484064,19.9114335972222,57.0,61.15200000000003,43.98601109484061,21.0
-1,-101.41515569715492,14.567482796296288,52.0,61.344000000000015,40.071155697154914,23.0
-1,-78.35346817114413,15.447225574074068,41.0,44.92800000000001,33.42546817114411,18.0
-1,-87.00319430035441,14.830518518518517,47.0,51.84000000000002,35.16319430035439,21.0
-1,-128.7296865274179,18.03601743518513,62.0,75.36000000000004,53.369686527417855,21.0
-1,-115.61516789092222,14.661180129629628,55.0,58.56000000000002,57.0551678909222,23.0
-1,-99.47115621742545,16.48162341666666,51.0,55.29600000000003,44.1751562174254,23.0
-1,-163.40466558602725,15.3742905509259,69.0,85.92000000000004,77.48466558602719,24.0
-1,-104.46096598513348,15.915300208333308,47.0,54.04800000000002,50.41296598513344,19.0
-1,-100.59078444961304,18.923465060185155,55.0,60.57600000000003,40.014784449613,16.0
-1,-86.54569903422174,13.67077614814814,39.0,42.81600000000001,43.72969903422173,21.0
-1,-114.78172856713388,18.071154027777737,54.0,54.81600000000002,59.96572856713385,24.0
-1,-95.6602409091212,19.285061893518485,50.0,54.43200000000002,41.22824090912119,17.0
-1,-91.098999785227,18.458977708333315,46.0,49.05600000000002,42.042999785226975,18.0
-1,-88.5312192525356,17.766542097222203,50.0,50.01600000000001,38.5152192525356,19.0
-1,-102.07459340000968,20.95490553240735,64.0,63.45600000000002,38.61859340000967,21.0
-1,-112.40170424327,17.92406214814813,54.0,61.824000000000034,50.57770424326995,17.0
-1,-92.80381818510313,14.71094504629629,49.0,55.00800000000002,37.79581818510309,20.0
-1,-97.57151838314611,16.921333004629602,53.0,54.91200000000003,42.659518383146086,23.0
-1,-82.60860847739322,16.717744384259273,56.0,60.09600000000002,22.5126084773932,12.0
-1,-98.64021693354776,16.950662199074042,66.0,57.40800000000002,41.23221693354773,21.0
-1,-81.02500281955807,12.441964949074077,38.0,44.64000000000001,36.38500281955807,21.0
-1,-105.52299998988794,17.577638981481456,52.0,63.93600000000003,41.58699998988791,18.0
-1,-133.45901408763757,12.149705662037013,67.0,98.20800000000006,35.251014087637515,21.0
-1,-111.96857431197516,10.943116578703714,47.0,49.24800000000002,62.72057431197516,26.0
-1,-118.54290698247928,15.219173939814793,58.0,67.68000000000004,50.86290698247923,22.0
-1,-90.9808877438584,13.850978430555548,46.0,42.14400000000002,48.836887743858384,22.0
-1,-91.01763399650272,15.556282430555555,52.0,56.832000000000015,34.1856339965027,18.0
-1,-91.7594041042688,18.412266416666625,60.0,54.81600000000001,36.94340410426879,20.0
-1,-99.76141561459482,14.3913604074074,46.0,52.12800000000002,47.63341561459481,21.0
-1,-109.9436165927398,18.588363865740693,59.0,71.32800000000003,38.61561659273977,19.0
-1,-90.02443576994438,14.173031175925928,42.0,48.38400000000002,41.64043576994436,20.0
-1,-124.57994902988108,16.58660446759259,62.0,62.40000000000002,62.17994902988107,24.0
-1,-88.27224899382169,12.523119208333322,42.0,48.096000000000025,40.17624899382167,22.0
-1,-76.39084709754681,9.163012694444442,40.0,49.15200000000001,27.2388470975468,18.0
-1,-105.71636791111234,15.87252937499998,48.0,52.704000000000015,53.012367911112335,22.0
-1,-143.87993727154992,13.797697773148162,64.0,70.36800000000004,73.51193727154988,27.0
-1,-93.78696869746616,18.26650471759257,53.0,55.58400000000002,38.20296869746614,19.0
-1,-74.177522892498,21.243563337962936,55.0,54.43200000000002,19.745522892497984,13.0
-1,-150.73486996253695,17.383690273148083,63.0,79.48800000000004,71.24686996253692,24.0
-1,-76.96133069375549,13.942132874999997,43.0,51.16800000000001,25.793330693755465,19.0
-1,-98.36668879786448,13.762585157407385,41.0,43.488000000000014,54.87868879786447,25.0
-1,-118.66451640257348,18.63482276388884,65.0,67.77600000000002,50.88851640257344,22.0
-1,-76.26191755469958,9.75731061111112,37.0,43.680000000000014,32.58191755469957,21.0
-1,-99.75057777048936,19.36802925925924,63.0,60.57600000000002,39.17457777048935,18.0
-1,-93.31156432705248,17.40153480555552,58.0,66.912,26.399564327052463,17.0
-1,-120.2572737042266,23.73641723148141,60.0,64.41600000000003,55.84127370422657,20.0
-1,-86.89302482296162,9.176553879629648,45.0,56.54400000000001,30.349024822961617,18.0
-1,-92.88335802463332,15.99497099537036,46.0,48.576000000000015,44.3073580246333,21.0
-1,-122.26164463699604,21.071081185185115,64.0,74.78400000000003,47.47764463699602,20.0
-1,-85.93538212522796,14.19388278240738,45.0,53.37600000000002,32.55938212522794,20.0
-1,-108.56074369222628,16.683604199074054,57.0,62.68800000000004,45.87274369222625,23.0
-1,-172.88487187147848,18.2195658287036,88.0,125.56800000000008,47.31687187147842,18.0
-1,-101.9771569435418,14.222397236111105,45.0,51.26400000000002,50.71315694354177,24.0
-1,-97.77858029844148,18.51371290740737,59.0,64.03200000000002,33.74658029844145,21.0
-1,-103.64310368894144,15.16100429166666,47.0,55.87200000000002,47.77110368894141,21.0
-1,-110.05715136439298,19.50322475462956,60.0,63.16800000000004,46.88915136439295,21.0
-1,-96.99127839275327,19.20831688888886,54.0,60.76800000000003,36.22327839275325,21.0
-1,-105.15982647272912,13.472828962962955,52.0,58.65600000000002,46.503826472729095,24.0
-1,-118.99009014567211,14.771705439814813,63.0,72.00000000000004,46.99009014567207,21.0
-1,-105.66822804266424,11.836819671296292,52.0,59.42400000000003,46.24422804266422,23.0
-1,-69.76312218429716,14.06918580092592,37.0,35.71200000000001,34.05112218429715,21.0
-1,-101.12252394609774,15.168893601851844,57.0,56.064000000000014,45.05852394609772,21.0
-1,-75.25443245996993,10.385033439814803,42.0,44.640000000000015,30.61443245996993,19.0
-1,-121.59066001689403,18.287343120370323,57.0,68.83200000000002,52.75866001689402,22.0
-1,-86.54835578397346,15.031024731481455,44.0,43.68000000000001,42.868355783973456,22.0
-1,-89.77392648049577,13.616374342592582,38.0,40.032,49.74192648049577,25.0
-1,-111.80671693612186,19.268372277777736,66.0,76.89600000000004,34.910716936121815,19.0
-1,-102.25977041337876,15.593993958333302,56.0,62.016000000000034,40.24377041337871,23.0
-1,-110.19375609315718,19.678786828703664,51.0,59.712000000000025,50.48175609315715,20.0
-1,-118.60208769954188,17.036417509259223,55.0,65.08800000000002,53.51408769954185,20.0
-1,-267.4269024236827,15.901110601851824,119.0,184.6080000000001,82.81890242368259,26.0
-1,-88.97352110060226,13.156189541666658,45.0,53.664000000000016,35.30952110060225,18.0
-1,-87.535050654273,17.463038935185168,42.0,40.99200000000001,46.54305065427298,22.0
-1,-75.44516034635552,14.67109381481481,46.0,49.728000000000016,25.717160346355502,17.0
-1,-86.68066729738482,16.146557861111106,49.0,47.71200000000002,38.9686672973848,21.0
-1,-89.66920872090083,19.97432421296293,55.0,60.096000000000025,29.573208720900794,15.0
-1,-107.34050699952536,15.44729988888888,50.0,56.736000000000026,50.60450699952533,22.0
-1,-91.69405237437007,17.248169921296295,53.0,48.28800000000001,43.406052374370056,21.0
-1,-117.41038102986953,15.8551799074074,50.0,60.96000000000003,56.45038102986948,23.0
-1,-86.76909449638265,14.2318842824074,47.0,59.616000000000014,27.15309449638263,17.0
-1,-85.45927115150442,14.732915861111092,47.0,55.00800000000002,30.451271151504404,19.0
-1,-103.13963038295029,17.336886768518507,53.0,54.91200000000003,48.22763038295026,22.0
-1,-96.93977155930716,13.524688949074068,47.0,51.16800000000002,45.77177155930714,24.0
-1,-98.3372816173611,15.530222763888872,45.0,51.64800000000001,46.6892816173611,23.0
-1,-83.60752108532964,17.078858569444435,52.0,50.49600000000002,33.111521085329606,18.0
-1,-93.9739441539672,20.55280024999997,56.0,57.88800000000002,36.08594415396718,20.0
-1,-111.42302417388552,15.74352954166666,55.0,56.54400000000003,54.87902417388549,24.0
-1,-82.77661443334168,16.88315375925925,46.0,46.84800000000001,35.928614433341664,18.0
-1,-94.24548013080664,16.161934643518517,42.0,43.872000000000014,50.37348013080664,24.0
-1,-123.34740111904053,18.58451718055549,70.0,73.92000000000003,49.427401119040496,22.0
-1,-111.5993256139958,17.386694865740743,58.0,58.46400000000003,53.13532561399576,19.0
-1,-84.8111026379793,15.532124263888852,48.0,52.70400000000002,32.10710263797929,18.0
-1,-114.86964476961067,23.96512393055552,73.0,71.61600000000004,43.25364476961065,16.0
-1,-101.4661378669252,19.506755638888837,55.0,56.44800000000002,45.01813786692519,23.0
-1,-93.79316124742051,18.025386171296283,49.0,54.81600000000002,38.9771612474205,18.0
-1,-102.6511290122535,20.871937925925867,59.0,66.04800000000003,36.60312901225347,18.0
-1,-80.22651531638132,10.066221425925912,45.0,48.28800000000002,31.938515316381302,20.0
-1,-95.81979291087396,14.671214569444434,44.0,48.48000000000002,47.33979291087394,22.0
-1,-103.53975365900328,19.649670986111065,47.0,51.55200000000002,51.98775365900326,21.0
-1,-97.20886180717052,18.735251907407385,55.0,57.21600000000002,39.9928618071705,18.0
-1,-88.22274573142752,18.2177785694444,54.0,48.192000000000014,40.0307457314275,19.0
-1,-74.9683675849171,9.782364574074084,34.0,43.48800000000001,31.480367584917094,20.0
-1,-111.5995443543576,20.04572633333329,60.0,62.78400000000003,48.81554435435756,21.0
-1,-113.49498119611565,18.503508578703677,55.0,59.13600000000002,54.35898119611563,21.0
-1,-100.1086352017301,12.865626879629632,40.0,43.296000000000014,56.81263520173008,26.0
-1,-91.40021655371136,17.794732930555536,57.0,55.77600000000002,35.62421655371134,19.0
-1,-100.6871981241196,15.236550726851824,48.0,55.68000000000002,45.00719812411958,25.0
-1,-108.1869827529419,19.15237869444442,57.0,58.656000000000034,49.53098275294186,22.0
-1,-117.84452763249004,18.52436181018517,60.0,58.36800000000002,59.47652763249,22.0
-1,-87.16944881438377,11.4605925277778,28.0,31.200000000000003,55.96944881438377,24.0
-1,-100.14106349470792,19.53071476388887,56.0,56.06400000000002,44.0770634947079,23.0
-1,-102.85607594454513,16.010817171296278,48.0,58.08000000000002,44.77607594454509,21.0
-1,-89.8186531193767,17.15939808333331,54.0,56.16000000000001,33.65865311937669,18.0
-1,-132.77810596014427,21.271534050925837,61.0,76.99200000000003,55.78610596014423,21.0
-1,-111.54593080947834,17.13466371759256,53.0,64.512,47.03393080947834,23.0
-1,-80.36611457959208,18.71920551851852,50.0,56.73600000000002,23.630114579592053,15.0
-1,-114.32066335869514,19.256756374999966,59.0,64.89600000000003,49.42466335869511,20.0
-1,-97.53313739218775,14.45058503703704,49.0,50.40000000000002,47.13313739218773,20.0
-1,-94.454306084316,13.61512675462962,43.0,56.640000000000015,37.81430608431597,21.0
-1,-72.55965627278965,10.325794175925925,37.0,46.272000000000006,26.28765627278965,19.0
-1,-83.09851431616883,16.127109532407406,54.0,59.04000000000001,24.05851431616881,17.0
-1,-88.91248098934363,13.2582619861111,35.0,41.376000000000005,47.53648098934363,21.0
-1,-104.89374701986272,17.316669606481437,48.0,55.29600000000003,49.59774701986271,22.0
-1,-85.84153060243577,18.54176785648147,50.0,51.744000000000014,34.09753060243575,17.0
-1,-95.12318521009465,11.110304273148136,47.0,50.01600000000002,45.10718521009462,23.0
-1,-72.92856995733956,14.233107833333325,41.0,47.904,25.02456995733955,16.0
-1,-105.27763803681457,16.15406805092591,54.0,63.55200000000003,41.72563803681452,22.0
-1,-112.90131003658934,15.814415837962953,47.0,57.312000000000026,55.5893100365893,23.0
-1,-108.40312978330618,17.88379143518516,55.0,55.96800000000002,52.43512978330617,21.0
-1,-108.1990474455892,12.634967356481464,41.0,47.90400000000002,60.295047445589184,25.0
-1,-110.0173131839082,18.38148206018513,64.0,74.20800000000004,35.809313183908166,20.0
-1,-91.9512240349471,23.423173814814778,55.0,52.99200000000002,38.95922403494709,17.0
-1,-94.39350027525332,14.252830638888886,57.0,55.96800000000002,38.425500275253306,22.0
-1,-111.38130559667344,23.00380266666658,69.0,71.71200000000005,39.66930559667339,20.0
-1,-101.6995345306718,20.300438814814783,69.0,68.54400000000001,33.155534530671794,20.0
-1,-85.87752129718226,12.916123402777798,45.0,52.320000000000014,33.55752129718224,20.0
-1,-100.29152774205144,14.496511601851848,42.0,46.56000000000002,53.73152774205143,21.0
-1,-106.97256707853371,17.553785800925915,57.0,60.86400000000002,46.108567078533696,21.0
-1,-79.74272313231481,18.597089249999996,50.0,45.69600000000001,34.0467231323148,17.0
-1,-113.72659206075042,17.897881449074035,47.0,52.224000000000025,61.5025920607504,23.0
-1,-91.58821310361677,14.519809912037031,47.0,54.72000000000002,36.86821310361674,18.0
-1,-89.70988509097018,14.005205620370354,44.0,51.16800000000002,38.54188509097015,21.0
-1,-110.98192442630148,16.413130319444424,50.0,61.63200000000003,49.34992442630144,22.0
-1,-106.35638593547613,17.941031134259244,50.0,53.47200000000002,52.88438593547609,19.0
-1,-101.74508231241042,20.587979375,56.0,58.94400000000002,42.8010823124104,18.0
-1,-85.95024590703376,20.69247037037035,59.0,59.32800000000002,26.622245907033744,16.0
-1,-91.17876192602708,14.230762962962965,49.0,54.33600000000002,36.842761926027066,22.0
-1,-115.47882449319732,16.901738467592594,53.0,63.45600000000003,52.02282449319729,21.0
-1,-94.89486569923528,17.61721479166664,47.0,55.29600000000002,39.598865699235255,20.0
-1,-83.6954744598954,15.246036361111097,48.0,47.23200000000002,36.46347445989537,20.0
-1,-105.77687910217352,16.894553555555508,61.0,72.76800000000003,33.00887910217349,17.0
-1,-81.26781200891321,14.529953717592576,49.0,46.65600000000001,34.61181200891319,21.0
-1,-131.39018536737012,12.007906060185196,48.0,55.68000000000002,75.7101853673701,26.0
-1,-101.71529742475126,14.410913425925932,42.0,45.50400000000001,56.21129742475125,23.0
-1,-90.71492006971576,13.365980537037029,40.0,48.000000000000014,42.71492006971574,22.0
-1,-116.27229428705516,17.815055032407344,58.0,72.76800000000004,43.5042942870551,21.0
-1,-98.42323969404691,16.52582488888886,50.0,54.04800000000002,44.37523969404689,23.0
-1,-77.45110336105782,12.654324287037031,42.0,45.60000000000001,31.85110336105781,19.0
-1,-127.61380104550972,21.78424179166662,66.0,69.60000000000002,58.013801045509695,21.0
-1,-115.46906023620286,16.180105986111073,47.0,59.80800000000002,55.66106023620284,20.0
-1,-123.24066966905588,17.24276262499998,59.0,63.16800000000004,60.07266966905584,22.0
-1,-77.79549948544366,15.275142435185163,44.0,46.94400000000001,30.85149948544365,17.0
-1,-120.21702666089008,18.29447707870367,55.0,59.90400000000003,60.313026660890046,21.0
-1,-123.79719181751054,15.474459064814814,59.0,64.99200000000002,58.80519181751051,26.0
-1,-101.7578003509085,15.985245416666652,48.0,52.60800000000003,49.14980035090846,22.0
-1,-100.1047308671814,14.514332870370378,51.0,58.46400000000001,41.64073086718139,22.0
-1,-118.72224423903695,25.584593328703665,67.0,71.52000000000004,47.20224423903692,16.0
-1,-99.48502098708002,16.42056240740739,49.0,52.128000000000014,47.35702098708,22.0
-1,-90.78593635909552,14.196405208333331,38.0,38.016000000000005,52.76993635909551,23.0
-1,-89.1869443398652,17.11659543055553,54.0,59.80800000000003,29.37894433986517,18.0
-1,-88.71799936001634,13.830697694444424,42.0,45.216000000000015,43.50199936001632,22.0
-1,-86.5832836190077,15.93775537962962,45.0,49.152000000000015,37.43128361900769,18.0
-1,-96.67998720207848,15.189938111111092,45.0,51.26400000000002,45.41598720207847,23.0
-1,-94.35335218236708,13.419463097222222,38.0,53.28000000000002,41.073352182367046,21.0
-1,-81.89666924716647,16.558110027777758,49.0,49.152000000000015,32.74466924716646,16.0
-1,-89.3857107428284,17.353064199074055,56.0,59.04000000000003,30.345710742828373,17.0
-1,-98.12585951192357,23.69690682870364,65.0,69.60000000000004,28.52585951192351,16.0
-1,-91.64742832447988,12.175704768518532,47.0,50.88000000000002,40.767428324479845,24.0
-1,-84.36530090954201,13.557791592592576,52.0,55.48800000000002,28.87730090954199,17.0
-1,-113.11362845658616,22.397277574074007,60.0,67.00800000000001,46.10562845658614,20.0
-1,-100.18302950407704,19.35936739351848,56.0,64.03200000000001,36.15102950407702,15.0
-1,-128.64528518076315,14.948805574074068,64.0,69.40800000000003,59.23728518076312,25.0
-1,-108.02675947161563,22.700371361111088,64.0,69.21600000000004,38.8107594716156,16.0
-1,-67.84116834296849,12.257166254629617,41.0,43.296000000000014,24.54516834296847,16.0
-1,-104.40648571019064,19.995202995370324,62.0,62.97600000000004,41.4304857101906,21.0
-1,-90.48710529057227,14.54718869907407,49.0,57.504000000000026,32.98310529057226,17.0
-1,-138.75330129308486,16.549786407407378,63.0,68.83200000000004,69.92130129308482,23.0
-1,-98.965491055603,16.568613634259265,49.0,56.25600000000003,42.70949105560296,20.0
-1,-86.36315193909886,15.205756171296295,45.0,44.064000000000014,42.29915193909884,16.0
-1,-90.46506940384468,13.26064615740741,46.0,57.40800000000002,33.05706940384464,21.0
-1,-91.75190581349456,13.962301398148144,41.0,45.696000000000005,46.055905813494576,24.0
-1,-110.77045649705464,20.72898891203698,58.0,68.83200000000004,41.93845649705461,21.0
-1,-91.60300970035183,12.738350523148137,46.0,51.93600000000003,39.667009700351805,20.0
-1,-83.47796262563814,17.416154106481468,52.0,54.04800000000001,29.42996262563813,18.0
-1,-75.27976653807747,16.939047379629624,40.0,41.28000000000001,33.99976653807745,18.0
-1,-83.26121252625919,12.993075476851851,44.0,41.76000000000002,41.50121252625917,22.0
-1,-97.17294259122204,18.51570318518515,51.0,50.30400000000002,46.86894259122203,20.0
-1,-93.8315954032408,14.769414907407397,53.0,54.14400000000003,39.68759540324079,24.0
-1,-111.73426575607948,16.103731837962933,59.0,72.57600000000002,39.15826575607944,21.0
-1,-120.6059633821159,20.79405658796293,69.0,79.39200000000004,41.21396338211586,21.0
-1,-95.93361118943744,19.0147879398148,60.0,68.16000000000001,27.773611189437435,14.0
-1,-96.87504146393812,17.878502685185186,44.0,47.13600000000002,49.739041463938094,20.0
-1,-99.499779140308,11.527481004629628,52.0,62.40000000000002,37.09977914030799,21.0
-1,-92.8248142898438,11.573569500000003,34.0,38.976000000000006,53.848814289843794,24.0
-1,-104.19871106586848,15.18776342592591,55.0,60.576000000000015,43.62271106586847,22.0
-1,-106.05086987968816,19.063376685185165,51.0,61.24800000000002,44.80286987968813,21.0
-1,-95.39698293956911,19.10982391666663,51.0,50.01600000000001,45.3809829395691,20.0
-1,-113.17249136235682,16.423480856481444,52.0,53.95200000000002,59.2204913623568,23.0
-1,-100.1341559755908,15.99070030555558,54.0,54.33600000000002,45.79815597559077,22.0
-1,-128.36664412840153,17.102799231481423,54.0,68.83200000000002,59.53464412840151,24.0
-1,-108.57456736387664,19.5228374259259,57.0,61.82400000000003,46.75056736387663,18.0
-1,-102.05396194245068,19.72770551851851,56.0,55.58400000000002,46.46996194245066,22.0
-1,-84.71572754979613,16.198505050925924,46.0,42.91200000000001,41.80372754979611,21.0
-1,-86.79157957336346,14.036655374999985,49.0,52.416,34.37557957336347,21.0
-1,-90.49163474928326,14.892158222222236,50.0,53.76000000000002,36.73163474928325,19.0
-1,-100.68943443248703,15.649516754629635,53.0,59.90400000000002,40.78543443248704,20.0
-1,-99.10537075684267,16.28154573148146,49.0,53.47200000000002,45.63337075684266,23.0
-1,-84.6270043244445,17.289821879629624,53.0,52.80000000000002,31.827004324444488,19.0
-1,-85.87532698657344,13.284322078703696,43.0,51.552000000000014,34.32332698657342,20.0
-1,-95.38959477945428,21.74019596759257,57.0,59.23200000000002,36.15759477945425,17.0
-1,-94.15982036916218,13.682886675925928,52.0,52.99200000000001,41.167820369162165,21.0
-1,-97.42517866561926,17.152126967592544,49.0,50.40000000000002,47.02517866561924,24.0
-1,-96.20314489164024,14.143758879629626,44.0,45.69600000000001,50.50714489164022,25.0
-1,-99.24459962413236,14.89792030555555,51.0,60.96000000000002,38.28459962413232,21.0
-1,-92.7951277122066,15.266491560185177,45.0,46.08000000000002,46.71512771220658,21.0
-1,-122.30766024222214,18.388963268518445,53.0,71.52000000000002,50.78766024222211,20.0
-1,-79.12991476079225,18.91372509259256,55.0,54.72000000000003,24.409914760792223,14.0
-1,-85.9282132155054,18.770093138888893,51.0,52.32000000000002,33.60821321550537,16.0
-1,-118.57965508000764,14.153916481481486,59.0,60.864000000000026,57.71565508000762,22.0
-1,-112.0478924799608,15.19320693981481,55.0,65.76000000000002,46.28789247996078,20.0
-1,-97.3215747543616,17.328922912037022,50.0,46.080000000000005,51.24157475436158,19.0
-1,-103.56283231134714,13.319814351851852,47.0,52.32000000000002,51.24283231134711,23.0
-1,-98.78288126735312,13.886540032407394,52.0,62.68800000000002,36.09488126735312,19.0
-1,-78.58177292927324,14.151280208333317,42.0,51.36000000000001,27.22177292927324,18.0
-1,-107.04466335661007,15.787045166666664,53.0,56.92800000000002,50.11666335661005,22.0
-1,-112.3969967406226,14.19868979629628,51.0,58.08000000000002,54.31699674062257,25.0
-1,-93.17318912609343,14.322198490740728,43.0,54.43200000000002,38.74118912609341,22.0
-1,-102.1678042993201,14.52636009259259,42.0,45.12000000000002,57.04780429932008,21.0
-1,-88.70681693278732,11.67699632870369,38.0,46.46400000000001,42.242816932787306,25.0
-1,-89.66760166734758,12.106702791666654,51.0,60.288000000000025,29.37960166734756,20.0
-1,-109.0749679639736,14.94903625925925,50.0,59.42400000000003,49.65096796397356,19.0
-1,-182.42943896297103,17.098570509259208,87.0,117.88800000000008,64.541438962971,20.0
-1,-94.4988244779509,15.48855625925923,48.0,51.07200000000001,43.42682447795089,21.0
-1,-95.96345479220687,17.231724166666623,49.0,56.928000000000026,39.03545479220686,17.0
-1,-138.48333266839774,18.349351657407347,67.0,79.29600000000003,59.18733266839769,23.0
-1,-123.4288056947974,18.69999416203698,60.0,70.36800000000002,53.06080569479739,20.0
-1,-101.79605440906847,15.904146560185184,51.0,56.160000000000025,45.63605440906845,23.0
-1,-137.54030576093302,19.49194633796285,68.0,87.26400000000005,50.27630576093296,23.0
-1,-93.5027680648526,19.074101300925918,50.0,52.608000000000025,40.89476806485257,21.0
-1,-111.4494069715143,16.20108045370371,47.0,56.160000000000025,55.28940697151428,21.0
-1,-88.84780659302704,13.460567958333336,50.0,60.57600000000003,28.271806593027016,17.0
-1,-127.6830743634963,15.30573096759259,56.0,55.48800000000003,72.19507436349627,25.0
-1,-109.17558882842386,15.686785986111095,52.0,57.12000000000003,52.05558882842383,22.0
-1,-102.39725436599257,13.858500759259243,53.0,65.85600000000001,36.54125436599255,21.0
-1,-105.5082144962983,15.529037462962952,50.0,53.47200000000002,52.03621449629827,23.0
-1,-94.65334069966042,16.782950634259244,53.0,49.34400000000002,45.3093406996604,20.0
-1,-89.35840431761854,16.56279937037037,48.0,47.136,42.22240431761853,18.0
-1,-89.77639825887346,17.78665597222222,50.0,54.624,35.152398258873454,20.0
-1,-98.9426225957598,20.095563407407376,58.0,67.10400000000003,31.83862259575976,18.0
-1,-104.05907347120116,17.46425540740738,57.0,57.21600000000003,46.84307347120114,21.0
-1,-84.51630551584863,12.48278382407408,43.0,49.344000000000015,35.17230551584861,20.0
-1,-84.6065528631899,19.3516790972222,50.0,48.86400000000001,35.7425528631899,18.0
-1,-81.20898088090037,11.97182120833332,39.0,39.93600000000001,41.27298088090036,21.0
-1,-87.95755316123626,13.649596291666668,44.0,50.40000000000001,37.55755316123625,16.0
-1,-104.68547611658914,13.517705916666657,45.0,43.58400000000002,61.101476116589126,24.0
-1,-123.5094357072384,16.11835380092592,58.0,66.24000000000002,57.26943570723838,25.0
-1,-119.39391316302962,18.25685965740737,57.0,62.208000000000034,57.18591316302959,22.0
-1,-88.92285826452272,22.05547020370369,61.0,60.192000000000014,28.730858264522706,16.0
-1,-128.82557180249427,18.90718947685182,61.0,72.19200000000002,56.633571802494245,22.0
-1,-78.97398127323575,13.58699881018519,33.0,31.872000000000007,47.10198127323574,24.0
-1,-75.63137985188283,12.027666837962965,39.0,40.99200000000001,34.63937985188281,23.0
-1,-125.76427247666004,20.96542977314809,73.0,89.56800000000004,36.196272476660006,18.0
-1,-101.90040633501764,14.51013126851852,51.0,54.240000000000016,47.66040633501761,24.0
-1,-83.99571074011291,15.51807772222222,40.0,42.14400000000001,41.8517107401129,22.0
-1,-102.00908680346592,11.245766481481498,43.0,46.46400000000001,55.54508680346592,24.0
-1,-91.95908989860034,10.01297758333334,38.0,44.06400000000001,47.89508989860033,28.0
-1,-96.81394239734286,14.82998293518518,41.0,46.56000000000002,50.25394239734285,20.0
-1,-67.1492802096141,9.397424731481475,31.0,34.464,32.685280209614106,21.0
-1,-108.16526664511083,19.83434061111105,56.0,56.83200000000002,51.33326664511083,22.0
-1,-89.87300673999182,16.477197629629615,49.0,58.65600000000003,31.217006739991792,19.0
-1,-78.34432806153761,14.308033712962963,42.0,42.24000000000001,36.1043280615376,23.0
-1,-131.48651217546066,17.964850587962918,67.0,74.40000000000005,57.08651217546062,23.0
-1,-84.48050583899014,9.788290245370373,39.0,47.808000000000014,36.672505838990126,23.0
-1,-115.26394678246922,16.91441879166666,54.0,61.05600000000003,54.20794678246919,23.0
-1,-118.31451174426336,14.557792023148137,52.0,64.12800000000003,54.186511744263335,24.0
-1,-108.11711802332856,19.95193795370365,65.0,74.49600000000002,33.62111802332855,18.0
-1,-82.55888574573464,14.2303515462963,44.0,45.69600000000001,36.86288574573463,19.0
-1,-92.13129183447168,15.48779398148145,48.0,53.95200000000001,38.179291834471655,19.0
-1,-117.03227887194116,17.49038686111107,56.0,60.38400000000003,56.648278871941145,23.0
-1,-105.95166332650238,17.599308699074015,59.0,68.352,37.59966332650238,19.0
-1,-80.94090467099677,12.05960543981484,40.0,47.90400000000002,33.036904670996755,21.0
-1,-125.53293410991682,19.09314936111104,74.0,96.38400000000006,29.148934109916773,14.0
-1,-92.4871861022472,13.928509652777748,44.0,57.792000000000016,34.69518610224717,20.0
-1,-90.81796579158598,14.426252263888903,45.0,50.40000000000002,40.41796579158597,20.0
-1,-98.45326008729384,17.90207650462957,58.0,64.22400000000002,34.229260087293824,16.0
-1,-115.30553954816014,13.297169592592596,48.0,53.76000000000003,61.5455395481601,20.0
-1,-87.42701276346187,23.548830291666608,61.0,60.76800000000002,26.65901276346186,15.0
-1,-92.21477604461992,16.996162810185165,48.0,54.72000000000001,37.494776044619904,21.0
-1,-113.38420894149144,15.758750462962936,56.0,65.56800000000001,47.81620894149144,24.0
-1,-93.11125419993826,13.879612819444432,43.0,45.600000000000016,47.51125419993825,23.0
-1,-93.69568095044826,18.51888837499999,49.0,49.920000000000016,43.77568095044825,19.0
-1,-128.851984952372,16.976674050925908,59.0,66.33600000000003,62.51598495237196,23.0
-1,-92.81332874937212,13.138541546296306,56.0,58.272000000000006,34.54132874937211,19.0
-1,-87.47200677112286,14.74756047222222,47.0,47.23200000000001,40.24000677112286,21.0
-1,-112.03278791800308,18.38458367592589,52.0,58.08000000000003,53.95278791800304,22.0
-1,-100.31209195051976,16.96653452777775,45.0,49.82400000000002,50.48809195051974,21.0
-1,-80.99866135712618,14.140350328703692,50.0,54.048000000000016,26.950661357126165,16.0
-1,-112.77943477448328,13.32188832870368,51.0,66.72000000000003,46.05943477448326,24.0
-1,-106.8983753123017,17.6804043611111,49.0,57.504000000000026,49.39437531230167,21.0
-1,-80.65169310442211,13.543449097222236,43.0,49.53600000000001,31.1156931044221,19.0
-1,-89.01319594314131,17.819508560185167,53.0,56.256000000000014,32.7571959431413,17.0
-1,-83.45571891554928,13.636905995370345,46.0,49.344000000000015,34.11171891554926,20.0
-1,-92.86633857167676,21.82691770833324,56.0,58.27200000000003,34.59433857167674,19.0
-1,-110.81014765745466,18.550841208333296,62.0,65.85600000000002,44.95414765745464,20.0
-1,-74.25658835292242,16.246852532407402,47.0,39.36000000000001,34.89658835292241,19.0
-1,-125.7990234654375,20.390563148148107,65.0,69.69600000000004,56.10302346543745,20.0
-1,-99.67871316693088,15.315581856481474,51.0,55.48800000000002,44.190713166930855,22.0
-1,-95.60734909681057,15.149292777777752,49.0,56.448000000000015,39.15934909681056,20.0
-1,-135.18286288622485,13.337231421296275,52.0,76.12800000000003,59.0548628862248,25.0
-1,-91.3496489792734,20.870977597222147,58.0,58.36800000000001,32.981648979273395,18.0
-1,-158.0075609482725,16.06870355555553,70.0,93.40800000000006,64.59956094827245,24.0
-1,-83.59601994572,12.518726537037049,45.0,52.416,31.18001994572,17.0
-1,-100.79854041203834,15.091386250000024,51.0,61.34400000000004,39.45454041203829,20.0
-1,-94.801002330651,14.210890689814796,47.0,53.95200000000003,40.84900233065096,22.0
-1,-128.4710311164578,20.34304854166664,58.0,72.09600000000003,56.37503111645776,18.0
-1,-93.17853105151244,21.419745212962933,57.0,56.92800000000001,36.25053105151243,18.0
-1,-90.1181763656039,16.333856851851856,50.0,54.04800000000001,36.07017636560389,20.0
-1,-104.77650761521822,15.480448458333337,54.0,57.02400000000002,47.7525076152182,24.0
-1,-108.07301386617264,16.21054683333332,46.0,61.15200000000003,46.921013866172615,23.0
-1,-99.99481843259716,15.40453735648147,50.0,56.83200000000002,43.16281843259715,21.0
-1,-81.13815788638126,22.10620693518513,62.0,62.11200000000003,19.026157886381235,12.0
-1,-105.85461239657494,17.239116129629632,56.0,57.31200000000002,48.54261239657491,21.0
-1,-113.4088442971928,18.47615349537032,53.0,66.24000000000002,47.168844297192784,20.0
-1,-112.5506875806258,18.717625490740712,56.0,64.03200000000002,48.51868758062578,20.0
-1,-92.815174098113,15.88713823148144,57.0,60.576000000000015,32.23917409811298,19.0
-1,-86.44472950954324,13.169739199074067,48.0,53.76000000000002,32.684729509543224,19.0
-1,-82.72833315241354,19.708990518518476,47.0,45.60000000000002,37.12833315241352,16.0
-1,-112.31068271712286,17.27761897685184,56.0,64.12800000000001,48.18268271712285,20.0
-1,-128.05234469697604,19.86665838425921,62.0,75.36000000000003,52.69234469697602,20.0
-1,-100.04663478591984,16.634759388888874,52.0,55.39200000000002,44.65463478591983,23.0
-1,-100.13133125308246,17.078839615740716,62.0,64.22400000000002,35.90733125308245,20.0
-1,-121.21646177776393,17.309384652777744,57.0,65.95200000000003,55.26446177776389,24.0
-1,-102.99927750123146,17.14425332407404,56.0,60.76800000000002,42.23127750123143,21.0
-1,-79.29320152931675,19.51980390277773,60.0,60.384000000000015,18.90920152931673,14.0
-1,-108.20325359436596,16.536188597222207,58.0,63.45600000000004,44.7472535943659,23.0
-1,-94.26773187929234,12.983952134259235,44.0,44.25600000000001,50.01173187929234,24.0
-1,-118.60263063239154,15.00997263888886,50.0,60.38400000000003,58.21863063239152,24.0
-1,-113.30833189963384,18.542985527777702,56.0,61.34400000000003,51.964331899633805,23.0
-1,-92.47277645246828,11.399135476851852,38.0,43.104000000000006,49.36877645246827,26.0
-1,-86.47230664938587,18.93930720370369,51.0,46.84800000000001,39.624306649385865,20.0
-1,-97.42236706331556,16.503750833333314,48.0,60.67200000000001,36.75036706331554,20.0
-1,-95.59174295173288,18.87576317592589,50.0,51.74400000000002,43.84774295173286,22.0
-1,-94.61668622574952,14.253029569444436,55.0,60.76800000000002,33.84868622574952,20.0
-1,-80.94160798227064,18.48774563425924,51.0,54.432000000000016,26.509607982270623,15.0
-1,-93.34659111368734,14.207256837962946,48.0,55.58400000000002,37.76259111368731,18.0
-1,-98.11771862265674,16.71734663888886,56.0,63.55200000000002,34.56571862265672,20.0
-1,-82.86331409940345,17.35872933333326,45.0,48.86400000000001,33.99931409940344,20.0
-1,-95.03908671377846,16.548081912037023,44.0,51.84000000000002,43.19908671377845,21.0
-1,-91.69705874684988,12.820686537037044,44.0,45.50400000000002,46.19305874684986,25.0
-1,-90.94050776608805,18.11344821296294,52.0,55.00800000000002,35.93250776608802,16.0
-1,-100.7966870072942,17.15786537962963,55.0,60.864000000000026,39.93268700729417,21.0
-1,-81.16233268951791,12.352405518518498,52.0,55.10400000000003,26.058332689517886,18.0
-1,-89.7802437680613,14.164242486111116,51.0,60.86400000000002,28.916243768061275,18.0
-1,-86.59307590245837,26.10625287037034,63.0,58.368000000000016,28.225075902458343,13.0
-1,-141.8673911982031,20.913968499999925,63.0,71.23200000000003,70.6353911982031,22.0
-1,-92.71731056014696,17.015430018518508,46.0,46.84800000000001,45.86931056014696,19.0
-1,-123.71404754226162,15.603114013888884,59.0,67.39200000000004,56.32204754226159,24.0
-1,-89.57273325276242,15.71760356018516,49.0,50.40000000000002,39.1727332527624,20.0
-1,-92.50934776211156,14.95940369444443,55.0,65.47200000000001,27.037347762111548,16.0
-1,-105.7769652024088,16.432307134259243,54.0,57.600000000000016,48.1769652024088,22.0
-1,-85.10905628160724,16.678772486111107,41.0,40.70400000000001,44.40505628160723,20.0
-1,-89.2503506902936,21.7926345509259,57.0,52.22400000000002,37.02635069029358,17.0
-1,-123.72757404192652,14.408670782407391,50.0,59.23200000000003,64.49557404192649,25.0
-1,-97.56138933938546,14.299209060185166,39.0,50.97600000000002,46.58538933938544,24.0
-1,-80.79873515404363,14.797721398148148,47.0,53.76000000000001,27.038735154043614,16.0
-1,-88.61570646446897,14.25939812037035,44.0,57.60000000000002,31.015706464468952,16.0
-1,-86.26182332526638,15.246447717592565,43.0,48.19200000000002,38.06982332526636,19.0
-1,-85.58990100744157,10.786133277777775,42.0,47.23200000000001,38.35790100744156,24.0
-1,-96.49860672292276,15.137892944444443,37.0,37.440000000000005,59.058606722922775,22.0
-1,-142.2569061134278,15.720920333333307,68.0,83.42400000000005,58.83290611342775,25.0
-1,-83.02316338828024,13.66948613888889,51.0,45.12000000000001,37.90316338828023,19.0
-1,-114.86824731497732,16.062495305555544,56.0,55.20000000000003,59.66824731497728,23.0
-1,-82.16339795943796,12.5517652638889,45.0,49.632,32.53139795943795,19.0
-1,-63.51607483150441,17.817837726851852,44.0,44.64000000000001,18.876074831504404,14.0
-1,-115.36671896046312,15.114247509259227,51.0,56.25600000000003,59.11071896046308,26.0
-1,-88.13421080656717,13.543931861111105,57.0,63.744000000000014,24.39021080656715,17.0
-1,-84.07144707638273,14.065431953703683,44.0,47.23200000000001,36.83944707638271,23.0
-1,-121.51967674238318,18.6626570694444,58.0,59.71200000000003,61.80767674238316,22.0
-1,-113.23847738442323,15.89474016666667,51.0,56.352000000000025,56.88647738442323,22.0
-1,-105.28243385312264,20.99183399537034,62.0,65.28000000000002,40.00243385312263,20.0
-1,-99.50607614417126,13.118926550925924,44.0,51.45600000000001,48.05007614417124,22.0
-1,-107.76029412859384,19.983016671296262,58.0,58.17600000000002,49.58429412859382,21.0
-1,-82.04401816742552,14.40226644444443,40.0,46.84800000000001,35.19601816742551,19.0
-1,-140.65558915817255,14.174002907407395,60.0,80.35200000000003,60.30358915817256,25.0
-1,-94.08935333387096,12.9415382037037,48.0,53.280000000000015,40.80935333387095,23.0
-1,-95.43323968993536,19.102876833333298,56.0,56.928000000000026,38.50523968993533,20.0
-1,-102.50731221318388,18.99901363425922,52.0,59.80800000000003,42.69931221318383,21.0
-1,-114.356317278832,21.645090736111047,64.0,68.35200000000003,46.00431727883197,20.0
-1,-89.28525059073688,22.176631064814806,62.0,57.696000000000026,31.589250590736853,14.0
-1,-99.00129261966885,16.295342939814784,47.0,47.90400000000002,51.09729261966884,23.0
-1,-83.75107413780901,12.88523115277777,46.0,56.928000000000026,26.823074137808995,18.0
-1,-84.35201722830078,13.931184537037046,46.0,43.296000000000014,41.05601722830076,22.0
-1,-115.91687823478604,19.54503491666665,68.0,74.59200000000004,41.324878234786,21.0
-1,-94.20411185655274,18.3919923518518,53.0,60.096000000000025,34.10811185655271,17.0
-1,-91.61636439361142,12.439919444444444,48.0,50.88000000000002,40.7363643936114,22.0
-1,-102.36572572280244,18.175776412037024,54.0,53.37600000000002,48.98972572280243,22.0
-1,-113.85880954153214,20.23778349999996,60.0,67.48800000000003,46.37080954153212,20.0
-1,-88.232330861699,17.73098844907405,50.0,53.95200000000001,34.280330861698985,16.0
-1,-122.24961453908624,17.12243510185183,71.0,87.55200000000005,34.69761453908619,16.0
-1,-78.72339966772978,13.4254837638889,39.0,42.144000000000005,36.57939966772978,22.0
-1,-96.52547092997663,14.950987736111085,45.0,57.408000000000015,39.11747092997663,21.0
-1,-96.73219599165498,19.22282013425924,54.0,59.04000000000002,37.69219599165496,21.0
-1,-95.08416067231155,18.015213800925917,58.0,54.62400000000003,40.46016067231153,17.0
-1,-189.2767562180644,19.27403988425918,91.0,130.08000000000007,59.19675621806431,20.0
-1,-93.20215721228384,11.722995944444438,41.0,43.488000000000014,49.71415721228384,23.0
-1,-94.64505503073396,19.47255681018518,52.0,60.0,34.64505503073398,19.0
-1,-92.49252386718078,23.13375606018512,56.0,55.48800000000003,37.00452386718076,18.0
-1,-154.34221732349084,11.774361351851844,62.0,80.73600000000005,73.60621732349081,27.0
-1,-80.96388665703856,14.278753805555525,48.0,46.65600000000002,34.30788665703854,22.0
-1,-77.43327196961671,15.115859902777787,45.0,47.13600000000002,30.29727196961669,18.0
-1,-81.58278349753337,19.65089347685181,56.0,54.81600000000001,26.76678349753336,13.0
-1,-112.99489078667142,21.990319722222186,55.0,62.30400000000003,50.6908907866714,18.0
-1,-102.81525490623297,18.1723632268518,63.0,74.68800000000002,28.12725490623295,18.0
-1,-84.03569922183738,19.40257628703705,54.0,54.62400000000002,29.411699221837356,14.0
-1,-107.00415754747289,16.973743449074043,53.0,56.352000000000025,50.65215754747287,22.0
-1,-98.12071435159244,23.19571048148145,60.0,59.04000000000004,39.08071435159241,18.0
-1,-86.487023267885,17.02744502314812,66.0,67.00800000000002,19.47902326788497,11.0
-1,-105.9180695276693,17.373499314814772,55.0,62.01600000000003,43.90206952766927,20.0
-1,-113.7118818663084,17.091262208333294,55.0,59.52000000000002,54.19188186630837,22.0
-1,-85.18753334887612,16.87218845370369,54.0,61.15200000000002,24.0355333488761,16.0
-1,-63.59574328198727,15.041213143518515,47.0,42.33600000000002,21.25974328198725,13.0
-1,-77.29116285375198,13.902467481481477,44.0,45.69600000000001,31.595162853751976,19.0
-1,-86.39689080946721,23.22851257870369,59.0,59.616000000000014,26.7808908094672,15.0
-1,-91.057234658454,14.433779768518516,54.0,57.792000000000016,33.26523465845399,20.0
-1,-93.80826508312953,15.70080771296294,53.0,64.03200000000001,29.776265083129505,18.0
-1,-102.59011654225188,17.717041981481465,49.0,51.07200000000002,51.51811654225187,22.0
-1,-89.12021633363926,19.30028021296296,60.0,59.52000000000002,29.60021633363924,17.0
-1,-86.74475961234245,17.29039576388884,50.0,55.00800000000002,31.73675961234243,20.0
-1,-105.38156586106246,17.963530337962897,63.0,66.04800000000003,39.33356586106243,22.0
-1,-68.68194664076259,9.70315910648148,36.0,40.89600000000001,27.78594664076258,16.0
-1,-125.981061072969,15.883167944444429,61.0,57.31200000000002,68.66906107296899,25.0
-1,-95.33093152771052,19.683350791666644,60.0,57.50400000000002,37.82693152771052,22.0
-1,-89.69880784787988,12.183921620370374,51.0,63.45600000000002,26.242807847879853,17.0
-1,-96.94852008237932,11.769180791666663,47.0,56.92800000000001,40.02052008237932,23.0
-1,-109.84468702906835,22.6040371157407,69.0,76.12800000000004,33.71668702906831,15.0
-1,-102.44533148901805,19.63171303703699,59.0,65.85600000000002,36.58933148901802,19.0
-1,-96.85440194532586,17.322274708333282,57.0,58.17600000000002,38.67840194532584,19.0
-1,-94.16080684056628,18.098379106481456,62.0,61.53600000000002,32.62480684056626,16.0
-1,-97.8559091557324,16.510438865740717,53.0,50.97600000000003,46.87990915573237,21.0
-1,-106.77257857784004,18.938139356481443,52.0,60.00000000000004,46.77257857784001,23.0
-1,-93.29659558899236,17.400240587962912,56.0,61.728000000000016,31.56859558899233,20.0
-1,-122.37038071406631,15.7054298472222,55.0,62.49600000000002,59.87438071406631,25.0
-1,-96.90678704236282,17.736094402777763,59.0,68.06400000000002,28.8427870423628,17.0
-1,-93.96870772732484,15.139181629629627,53.0,56.25600000000001,37.71270772732484,21.0
-1,-94.22578976452132,16.52135624074072,48.0,46.84800000000001,47.3777897645213,22.0
-1,-93.82130794506324,15.110183148148154,47.0,47.52000000000002,46.3013079450632,21.0
-1,-86.21451506239359,11.57043234722223,44.0,50.68800000000002,35.52651506239358,20.0
-1,-97.65943094786216,18.26526567129627,60.0,58.36800000000002,39.29143094786213,20.0
-1,-79.92459076535954,17.452471712962964,46.0,45.50400000000001,34.42059076535952,18.0
-1,-118.8113023547114,16.220941620370365,69.0,67.77600000000002,51.03530235471137,23.0
-1,-87.15056659661587,17.52187479629627,56.0,57.02400000000002,30.126566596615845,20.0
-1,-95.07951752311806,18.01105608796296,54.0,53.760000000000026,41.31951752311804,19.0
-1,-84.31740175460878,13.367598953703697,42.0,45.98400000000001,38.33340175460877,23.0
-1,-103.72062312460744,20.741350101851783,60.0,63.55200000000002,40.16862312460742,22.0
-1,-88.09049672893704,15.839908601851835,44.0,47.32800000000002,40.76249672893703,21.0
-1,-94.85996954626388,11.325771393518512,49.0,57.312000000000026,37.54796954626386,23.0
-1,-128.1978843022465,16.874168828703656,56.0,66.81600000000003,61.38188430224649,24.0
-1,-77.93362957951103,19.203333791666665,45.0,52.32000000000002,25.61362957951102,15.0
-1,-88.46376300248767,22.97239451851849,65.0,61.24800000000003,27.215763002487627,16.0
-1,-89.80605096285879,18.564512384259263,53.0,53.47200000000002,36.33405096285876,17.0
-1,-97.51237783150349,22.35014978240737,61.0,64.32000000000001,33.19237783150348,18.0
-1,-93.06304428207142,19.343467921296256,49.0,56.83200000000002,36.23104428207139,21.0
-1,-78.22999468862436,13.094818305555544,44.0,45.12000000000001,33.10999468862435,21.0
-1,-95.04649399817676,18.12702797222221,63.0,69.02400000000002,26.02249399817675,15.0
-1,-101.80083144899264,17.230280171296258,51.0,55.968000000000025,45.83283144899264,19.0
-1,-149.4716086150188,16.068561162037007,71.0,85.63200000000006,63.83960861501874,24.0
-1,-84.32824881575381,19.27447063888887,58.0,58.17600000000002,26.15224881575379,14.0
-1,-75.03222341594848,14.542186282407414,43.0,44.44800000000001,30.584223415948472,20.0
-1,-111.09926079180408,14.26036070370368,60.0,74.4,36.69926079180408,21.0
-1,-91.2446130158239,16.219867861111112,53.0,59.52000000000001,31.72461301582389,19.0
-1,-130.72968413616945,13.593466648148148,48.0,49.44000000000001,81.28968413616944,27.0
-1,-87.27557090982941,20.81833972222222,52.0,52.70400000000002,34.57157090982939,18.0
-1,-119.15369820753094,15.788918736111093,54.0,66.81600000000003,52.337698207530906,23.0
-1,-98.37854260254262,20.613014972222192,57.0,57.69600000000002,40.68254260254261,17.0
-1,-99.59822380109938,18.999633111111063,60.0,63.16800000000002,36.430223801099366,18.0
-1,-87.78828909509501,15.032926782407392,48.0,51.26400000000002,36.52428909509499,19.0
-1,-101.64919577527932,19.702556356481413,59.0,56.44800000000002,45.20119577527928,21.0
-1,-84.08823027501339,13.799659046296288,45.0,49.44000000000001,34.648230275013375,21.0
-1,-94.78558834153236,15.30892860185184,63.0,60.67200000000001,34.113588341532335,20.0
-1,-96.1732273612028,17.946079106481456,51.0,58.46400000000002,37.70922736120279,18.0
-1,-107.83616739619008,15.105771356481458,65.0,72.00000000000004,35.83616739619005,21.0
-1,-97.25631526546964,14.666124106481467,44.0,52.896000000000015,44.36031526546964,23.0
-1,-133.72001312050185,17.384179231481436,63.0,74.40000000000002,59.32001312050183,21.0
-1,-97.79875248154906,17.621268532407374,54.0,56.544000000000025,41.25475248154903,20.0
-1,-88.68668481523483,12.756728236111112,49.0,57.69600000000002,30.9906848152348,20.0
-1,-82.22195549077904,16.71832020833331,46.0,48.384000000000015,33.83795549077903,19.0
-1,-98.95097767280782,19.372839703703665,61.0,63.93600000000002,35.014977672807795,19.0
-1,-88.82153853851622,16.139932208333324,54.0,50.88000000000002,37.94153853851621,22.0
-1,-97.90423432844938,19.95798862962956,57.0,60.288000000000025,37.61623432844935,20.0
-1,-95.70769076542926,17.77965219907405,56.0,57.12000000000002,38.58769076542925,18.0
-1,-104.62807423530994,19.524889898148093,61.0,64.89600000000003,39.73207423530991,22.0
-1,-81.29704553806833,19.26447723611109,51.0,56.16000000000001,25.13704553806832,15.0
-1,-110.22230143580784,15.227205708333315,48.0,58.75200000000002,51.47030143580783,22.0
-1,-84.64634968343879,9.873842495370376,45.0,51.456,33.190349683438775,20.0
-1,-95.58433918282935,15.737084032407411,52.0,63.55200000000002,32.03233918282934,20.0
-1,-93.19004241229126,19.933532481481432,59.0,56.352000000000025,36.83804241229125,18.0
-1,-81.91410405296674,9.753292435185196,43.0,50.016000000000005,31.89810405296673,20.0
-1,-92.43941783227694,16.20116353703702,57.0,54.52800000000002,37.911417832276925,23.0
-1,-94.09905838928508,17.21087487037034,58.0,61.15200000000002,32.947058389285054,18.0
-1,-95.80396830840836,19.505902870370367,49.0,47.80800000000002,47.99596830840834,20.0
-1,-103.43024726103324,19.14781002314812,53.0,65.18400000000003,38.24624726103322,21.0
-1,-97.3966324139364,17.98344487499996,55.0,56.25600000000003,41.14063241393637,18.0
-1,-90.63221663156638,17.009066916666654,50.0,57.60000000000003,33.03221663156635,20.0
-1,-94.62836448013962,16.18845876388889,53.0,59.90400000000002,34.72436448013961,22.0
-1,-80.92735696328296,13.959576370370357,42.0,46.46400000000001,34.46335696328294,19.0
-1,-99.63050753283406,16.672720050925903,46.0,50.78400000000001,48.84650753283404,24.0
-1,-93.0007733474535,13.482559722222216,48.0,53.568000000000005,39.43277334745351,21.0
-1,-105.89227760651552,18.55554694444442,66.0,66.52800000000002,39.36427760651552,21.0
-1,-78.20264839170018,12.337788884259243,40.0,54.62400000000002,23.578648391700163,16.0
-1,-122.45727924088088,17.340281740740718,61.0,68.73600000000003,53.72127924088084,21.0
-1,-78.39146206641803,14.027804250000004,43.0,43.10400000000001,35.287462066418016,21.0
-1,-103.70055753953667,11.557817629629636,46.0,50.30400000000002,53.39655753953664,26.0
-1,-110.07824841932684,16.528009143518492,51.0,56.44800000000004,53.63024841932679,23.0
-1,-92.30972881860468,14.524301935185155,46.0,51.45600000000002,40.85372881860465,22.0
-1,-131.03179992256793,19.321075865740685,62.0,82.75200000000004,48.2797999225679,19.0
-1,-105.92348936652265,18.510947587962917,54.0,62.78400000000004,43.1394893665226,22.0
-1,-99.86691596964802,14.212543916666643,47.0,55.68000000000002,44.186915969648,21.0
-1,-103.31215776490278,18.60462731018517,57.0,64.12800000000001,39.18415776490277,18.0
-1,-107.987128410165,19.00744382407403,64.0,68.54400000000003,39.44312841016498,20.0
-1,-78.97095514712096,16.681972083333314,41.0,42.144000000000005,36.82695514712096,22.0
-1,-105.34136670815433,22.061599027777756,69.0,77.28000000000004,28.061366708154274,17.0
-1,-86.36564970186757,17.71454676388889,51.0,59.23200000000003,27.133649701867544,17.0
-1,-101.69680646180058,18.669960217592557,54.0,54.04800000000002,47.64880646180055,20.0
-1,-94.78738242491796,17.931489101851824,56.0,55.00800000000003,39.77938242491793,20.0
-1,-126.60434101188642,18.400496166666624,68.0,85.72800000000005,40.87634101188636,20.0
-1,-81.04925096963296,14.83531036574075,49.0,52.512000000000015,28.537250969632943,16.0
-1,-109.81455957026844,14.486061296296288,58.0,57.408000000000015,52.40655957026843,26.0
-1,-92.16398481019216,17.204184194444423,46.0,49.82400000000001,42.33998481019215,20.0
-1,-103.50773965643388,12.543895300925923,47.0,52.320000000000014,51.18773965643385,24.0
-1,-113.3357993117452,16.719833273148165,68.0,87.45600000000005,25.879799311745145,17.0
-1,-101.1465080857126,16.26638041203701,52.0,50.97600000000001,50.1705080857126,21.0
-1,-110.43801977778962,18.247683162037017,54.0,57.31200000000002,53.1260197777896,20.0
-1,-82.38072182503412,10.694953962962966,32.0,43.872000000000014,38.5087218250341,22.0
-1,-68.9529272499116,14.580092180555551,39.0,39.936,29.01692724991159,19.0
-1,-106.97183501139888,17.308422439814816,54.0,54.91200000000003,52.05983501139884,20.0
-1,-85.18527364829545,14.911603569444432,49.0,55.00800000000002,30.177273648295422,20.0
-1,-103.78127426828004,16.483077532407417,51.0,54.33600000000002,49.44527426828003,23.0
-1,-102.34982009280648,19.53241147222219,58.0,71.90400000000002,30.44582009280645,19.0
-1,-102.39648757581114,16.85564224074071,51.0,55.10400000000003,47.2924875758111,21.0
-1,-92.96744755489196,17.79475596296292,54.0,60.19200000000003,32.77544755489191,20.0
-1,-101.97568662041016,16.951067351851822,53.0,56.64000000000002,45.335686620410144,21.0
-1,-95.8100165041372,15.852905865740748,53.0,49.53600000000002,46.274016504137165,20.0
-1,-88.85834238453349,14.327608287037052,45.0,57.21600000000003,31.64234238453346,20.0
-1,-74.18317847073583,17.04919769444443,45.0,46.368000000000016,27.815178470735813,17.0
-1,-102.43008305588664,17.219598166666653,62.0,68.64000000000003,33.7900830558866,17.0
-1,-85.41661955307248,22.95522331018512,63.0,61.72800000000002,23.68861955307246,14.0
-1,-105.9231285238134,15.64120425462962,59.0,73.72800000000002,32.19512852381337,20.0
-1,-79.76904078671781,12.45701866203704,46.0,47.904,31.86504078671781,18.0
-1,-111.9972847023183,22.529841092592555,61.0,71.61600000000003,40.38128470231828,17.0
-1,-101.19924105623372,14.868966412037045,53.0,52.89600000000003,48.30324105623369,24.0
-1,-85.11153346583043,19.71759293055553,61.0,63.93600000000004,21.175533465830394,13.0
-1,-93.01645982805783,21.217236601851823,59.0,60.768000000000015,32.24845982805783,17.0
-1,-79.48587634247559,16.828671194444443,54.0,42.91200000000002,36.57387634247558,22.0
-1,-82.412088136358,16.004339777777748,45.0,51.55200000000001,30.86008813635798,17.0
-1,-96.9006519630572,17.229638064814797,59.0,55.87200000000002,41.02865196305716,22.0
-1,-72.60081706896031,12.850773601851834,32.0,31.008000000000006,41.5928170689603,21.0
-1,-116.6606892277162,15.536594583333333,51.0,58.08000000000002,58.58068922771618,24.0
-1,-98.63454212156977,17.251367699074052,50.0,48.86400000000002,49.77054212156974,22.0
-1,-109.62607797298332,13.172378569444444,54.0,62.59200000000003,47.0340779729833,23.0
-1,-92.72591326009857,20.32895048611111,54.0,49.728000000000016,42.99791326009856,18.0
-1,-118.1590948996436,17.92073757870368,55.0,61.63200000000003,56.52709489964357,21.0
-1,-63.75394093592594,13.410435263888887,37.0,42.912000000000006,20.841940935925937,15.0
-1,-83.70178377022768,11.026812064814807,38.0,44.06400000000002,39.63778377022766,23.0
-1,-139.53706822312353,15.973564768518482,57.0,75.26400000000004,64.2730682231235,26.0
-1,-106.1996776318684,17.533364657407386,64.0,61.92000000000002,44.27967763186839,20.0
-1,-92.75119886840976,13.20169351388888,47.0,46.65600000000002,46.09519886840974,21.0
-1,-96.29330176398952,15.832585726851852,49.0,63.55200000000002,32.74130176398951,19.0
-1,-115.69272131187375,15.905388560185166,61.0,74.01600000000003,41.67672131187371,21.0
-1,-97.26180460087886,22.79714382870367,61.0,72.96000000000002,24.301804600878835,10.0
-1,-80.01910790964988,15.822827916666649,53.0,55.39200000000002,24.62710790964985,16.0
-1,-98.51352753508408,11.64664581481482,34.0,39.168000000000006,59.34552753508408,24.0
-1,-75.22715808167476,11.300918939814837,38.0,38.016000000000005,37.21115808167476,23.0
-1,-118.01232584986852,24.92640510648143,78.0,81.12000000000003,36.8923258498685,13.0
-1,-108.92890496328744,18.59969020370362,62.0,61.53600000000003,47.39290496328741,24.0
-1,-135.88889782396353,14.947013050925944,67.0,87.64800000000005,48.240897823963465,27.0
-1,-96.0601363348548,13.618250749999987,50.0,55.87200000000002,40.18813633485477,22.0
-1,-118.04747662710398,20.613057662036965,61.0,68.06400000000002,49.983476627103954,19.0
-1,-88.74327732805058,11.997007439814803,41.0,51.26400000000001,37.47927732805057,23.0
-1,-87.38362397867652,19.88216876388884,55.0,54.52800000000002,32.8556239786765,19.0
-1,-94.79334359856654,21.662317129629585,72.0,68.64000000000003,26.153343598566515,14.0
-1,-90.05467585192201,18.47055792592591,47.0,48.384000000000015,41.67067585192199,19.0
-1,-96.61772876875786,18.950374777777785,53.0,48.19200000000002,48.42572876875784,18.0
-1,-125.17749338995102,21.909241499999958,63.0,64.32000000000004,60.85749338995099,21.0
-1,-100.3020147284372,18.292317194444387,59.0,65.28000000000003,35.02201472843716,22.0
-1,-69.62840217059485,14.108605287037028,44.0,43.104000000000006,26.524402170594847,15.0
-1,-90.83780559810464,21.253460050925906,57.0,55.48800000000002,35.349805598104616,18.0
-1,-76.69602942307604,16.832191597222216,46.0,47.13600000000002,29.560029423076028,17.0
-1,-77.57407091850945,14.83707031944444,50.0,51.45600000000001,26.11807091850944,18.0
-1,-78.62716940174828,20.41261562499998,49.0,47.71200000000002,30.91516940174825,20.0
-1,-109.00289589903304,15.018195439814791,45.0,50.49600000000002,58.50689589903301,24.0
-1,-138.1667994426797,13.32730813888888,65.0,74.97600000000003,63.19079944267967,28.0
-1,-98.17771470825905,14.9114042222222,47.0,50.49600000000002,47.68171470825902,24.0
-1,-95.22700973866024,12.855916546296283,46.0,42.62400000000002,52.60300973866021,25.0
-1,-90.9301976380536,14.074786842592584,43.0,50.40000000000002,40.5301976380536,21.0
-1,-92.997910844124,17.078191282407385,54.0,58.65600000000002,34.34191084412398,21.0
-1,-83.7711900057589,12.772037111111135,42.0,40.22400000000001,43.547190005758885,22.0
-1,-100.05318854305676,17.086109129629587,49.0,55.87200000000002,44.18118854305674,23.0
-1,-99.897521871113,21.085838481481428,54.0,54.52800000000003,45.36952187111297,21.0
-1,-87.21477577730107,13.525373833333331,44.0,51.744000000000014,35.470775777301064,18.0
-1,-77.50901927889743,13.849894925925916,46.0,44.35200000000001,33.15701927889742,19.0
-1,-115.16380343952306,13.364183194444433,52.0,56.64000000000003,58.52380343952304,25.0
-1,-101.7086689461926,15.310560986111089,51.0,51.26400000000001,50.444668946192586,25.0
-1,-88.19936844596157,11.815717393518533,43.0,45.31200000000002,42.88736844596156,23.0
-1,-113.75003279057783,22.80799775462956,62.0,81.40800000000003,32.342032790577804,18.0
-1,-93.75397180046082,19.382907833333302,51.0,55.680000000000014,38.07397180046081,19.0
-1,-84.81711232990133,17.86146677314815,49.0,48.86400000000002,35.95311232990132,17.0
-1,-112.34157361293516,16.692538092592578,59.0,67.10400000000003,45.23757361293513,21.0
-1,-85.21321513562128,16.79820572222222,47.0,50.208000000000006,35.00521513562127,21.0
-1,-96.998195912727,17.614546027777735,52.0,64.80000000000003,32.198195912726966,18.0
-1,-90.16503939355098,14.59931172685185,52.0,52.03200000000001,38.13303939355097,20.0
-1,-83.3951470953891,15.318567231481484,55.0,51.84,31.5551470953891,19.0
-1,-131.58189648206624,19.33632966666661,69.0,75.45600000000003,56.1258964820662,21.0
-1,-126.57343425780356,16.952238986111077,60.0,71.80800000000002,54.76543425780356,23.0
-1,-101.5282068329292,20.984020347222167,66.0,68.06400000000002,33.4642068329292,16.0
-1,-86.36974501071721,19.90531902777774,53.0,58.46400000000002,27.905745010717187,16.0
-1,-107.58627159960808,18.810970740740675,51.0,62.68800000000003,44.89827159960804,21.0
-1,-111.1004291664322,12.875714981481474,51.0,66.04800000000003,45.05242916643216,21.0
-1,-102.4380490572092,18.27885755555552,59.0,61.34400000000002,41.09404905720919,21.0
-1,-84.06674415657186,16.581752685185176,57.0,54.14400000000003,29.922744156571834,17.0
-1,-103.69872145629635,15.99424024074072,60.0,60.09600000000003,43.60272145629634,20.0
-1,-94.85931359540942,15.18207126851852,57.0,55.10400000000001,39.75531359540941,20.0
-1,-103.76017534463516,21.672830814814755,55.0,53.76000000000002,50.000175344635146,18.0
-1,-110.19301907117593,19.71063327314809,56.0,64.70400000000002,45.4890190711759,22.0
-1,-105.07869357469367,14.512182939814794,54.0,57.40800000000002,47.67069357469365,23.0
-1,-93.05172886109663,18.33734565277774,57.0,58.94400000000004,34.10772886109662,19.0
-1,-85.95929241511482,14.35242861574074,48.0,47.424000000000014,38.53529241511481,20.0
-1,-94.7566535696558,16.50974958796296,46.0,54.24000000000002,40.51665356965578,21.0
-1,-93.70724333642492,18.48990955555554,61.0,56.25600000000002,37.451243336424895,21.0
-1,-74.95795501493417,16.09780319907408,48.0,47.90400000000001,27.05395501493416,17.0
-1,-104.4759505561633,19.610578476851767,61.0,64.03200000000002,40.44395055616328,19.0
-1,-86.48972449744981,18.0468546898148,51.0,53.08800000000002,33.40172449744979,17.0
-1,-90.21225652308983,16.54011149999998,57.0,57.504000000000026,32.70825652308981,18.0
-1,-96.04730880403264,22.445631106481457,61.0,57.40800000000003,38.639308804032616,16.0
-1,-102.86300108573045,15.489322824074057,50.0,53.08800000000002,49.77500108573042,25.0
-1,-78.32116023483836,17.706818666666667,48.0,47.13600000000002,31.185160234838342,19.0
-1,-93.63246519256796,12.87263896759258,44.0,49.24800000000001,44.38446519256796,26.0
-1,-117.93981747642964,20.966853305555475,63.0,64.32000000000004,53.6198174764296,20.0
-1,-88.77374595335317,18.00129018518515,62.0,56.640000000000015,32.13374595335316,18.0
-1,-89.84080037136681,20.41570629166666,53.0,50.11200000000003,39.72880037136677,19.0
-1,-122.08598593685171,23.57790365277772,64.0,72.38400000000004,49.70198593685169,18.0
-1,-105.42248327344473,20.324033958333253,61.0,65.66400000000003,39.75848327344468,20.0
-1,-88.62659279820744,15.589880375000012,51.0,50.688,37.938592798207445,24.0
-1,-94.81288255554858,16.84321516666662,56.0,56.064000000000014,38.748882555548576,22.0
-1,-98.1686563202835,14.656526680555553,50.0,55.29600000000002,42.87265632028349,23.0
-1,-96.8261455241786,11.699958282407426,40.0,43.96800000000001,52.85814552417859,21.0
-1,-130.57788254022137,20.57245497222214,70.0,86.11200000000004,44.46588254022132,19.0
-1,-86.87398983930828,17.784460180555527,49.0,52.60800000000002,34.26598983930826,18.0
-1,-96.29988243886804,18.590170759259237,54.0,56.54400000000001,39.75588243886803,21.0
-1,-97.05974421660063,18.625637393518467,58.0,67.29600000000002,29.76374421660063,19.0
-1,-91.37823711685826,17.352539425925894,57.0,61.82400000000003,29.55423711685824,17.0
-1,-96.3330660130242,18.015519148148112,65.0,69.60000000000002,26.73306601302417,16.0
-1,-117.8499853477903,18.46173752777775,60.0,68.83200000000004,49.01798534779025,20.0
-1,-115.7381164324893,22.162621675925845,59.0,70.08000000000003,45.65811643248927,20.0
-1,-82.32872786829256,12.91125331944442,43.0,52.22400000000002,30.10472786829253,18.0
-1,-102.06540510379207,18.90463849537035,61.0,66.14400000000002,35.92140510379205,18.0
-1,-87.74117820360581,17.062544685185173,49.0,47.32800000000002,40.4131782036058,21.0
-1,-112.34814991739084,17.807073453703627,61.0,69.40800000000003,42.94014991739079,21.0
-1,-86.21218795926546,12.937486787037027,42.0,49.536000000000016,36.676187959265455,22.0
-1,-96.19963166636774,16.24392250462963,53.0,51.36000000000002,44.83963166636772,20.0
-1,-88.01160466207811,18.76488117592592,51.0,56.352000000000025,31.659604662078088,18.0
-1,-83.9817204085343,12.431891032407409,41.0,43.87200000000001,40.10972040853429,19.0
-1,-94.19977467112338,17.989425171296265,53.0,55.776000000000025,38.42377467112336,20.0
-1,-96.75610587216616,15.178776768518505,55.0,59.23200000000003,37.52410587216614,21.0
-1,-95.22905949851804,15.3759140324074,55.0,62.78400000000002,32.44505949851802,18.0
-1,-110.0859998229093,19.82584718055554,63.0,66.72000000000003,43.36599982290928,18.0
-1,-86.87171521042563,15.071168222222203,51.0,51.36000000000001,35.51171521042562,22.0
-1,-111.1086962659774,18.878764074074056,64.0,61.72800000000004,49.38069626597736,21.0
-1,-102.8344786318082,13.948646134259256,49.0,49.92000000000002,52.91447863180817,24.0
-1,-96.58559401652568,17.417525657407417,46.0,55.680000000000014,40.90559401652567,22.0
-1,-102.63393903567103,19.465108870370337,50.0,53.664000000000016,48.96993903567103,20.0
-1,-102.24783530869,23.098797611111053,64.0,61.34400000000004,40.90383530868994,17.0
-1,-101.0792619222598,16.19087729166665,58.0,68.16000000000001,32.91926192225979,19.0
-1,-95.99543431311062,13.67617650925928,50.0,54.52800000000002,41.46743431311061,20.0
-1,-85.92267506411638,15.824974476851809,52.0,57.02400000000002,28.898675064116357,18.0
-1,-102.33194877754998,16.44069371296295,55.0,59.13600000000003,43.19594877754995,19.0
-1,-66.82074134342415,15.36185011574073,44.0,41.376000000000005,25.44474134342413,16.0
-1,-78.54608462560643,15.36971284722222,48.0,55.872000000000014,22.67408462560641,13.0
-1,-118.62976504946954,16.986109856481452,57.0,63.55200000000003,55.07776504946952,25.0
-1,-71.27456661312242,11.979296263888914,41.0,33.312000000000005,37.96256661312241,21.0
-1,-93.8124628968574,11.371934592592597,41.0,44.640000000000015,49.17246289685739,26.0
-1,-115.76922199410755,15.214677861111111,58.0,69.79200000000003,45.97722199410752,24.0
-1,-85.61616169976392,18.612899027777736,47.0,51.64800000000002,33.968161699763904,17.0
-1,-133.62052868075938,15.621093013888862,62.0,80.64000000000004,52.98052868075933,24.0
-1,-94.50415797940354,16.7910911944444,53.0,61.53600000000003,32.96815797940351,20.0
-1,-74.84104655288618,15.01820512962962,44.0,42.62400000000001,32.21704655288618,16.0
-1,-95.03082689457074,18.2665853148148,60.0,58.36800000000003,36.6628268945707,19.0
-1,-87.5151684132795,18.354013898148107,65.0,63.744000000000014,23.771168413279486,14.0
-1,-109.60506083643884,18.85336786111105,68.0,75.74400000000001,33.86106083643883,19.0
-1,-92.44314543978112,15.286660462962962,49.0,57.12000000000002,35.323145439781094,19.0
-1,-94.24615663863948,17.59920256018517,52.0,54.14400000000003,40.10215663863947,20.0
-1,-98.7537129173561,20.863466773148147,54.0,58.08000000000003,40.67371291735606,19.0
-1,-115.90280062343508,16.221253611111095,53.0,60.09600000000003,55.806800623435045,24.0
-1,-66.00207102315932,16.671231175925918,45.0,40.128000000000014,25.874071023159296,15.0
-1,-91.9144682542246,15.403389824074049,52.0,58.08000000000003,33.83446825422457,16.0
-1,-98.1825428819825,17.73260720833328,51.0,60.00000000000002,38.182542881982485,19.0
-1,-80.83120062915036,20.41955515277776,51.0,52.41600000000001,28.415200629150352,16.0
-1,-125.71654979680336,21.53345880555545,72.0,78.14400000000005,47.57254979680332,22.0
-1,-106.26250664794496,18.24717238888887,59.0,63.74400000000003,42.51850664794491,18.0
-1,-90.1612319261414,17.18884606944442,50.0,52.70400000000002,37.45723192614139,21.0
-1,-92.77885214833977,19.533545837962897,57.0,62.59200000000003,30.18685214833973,16.0
-1,-82.68834919985697,16.189528337962965,45.0,48.67200000000001,34.01634919985696,21.0
-1,-101.1591823218476,18.19934296759254,59.0,63.74400000000004,37.41518232184757,21.0
-1,-85.23130889672649,13.937165370370346,49.0,51.360000000000014,33.871308896726475,23.0
-1,-107.59395244158466,12.53776595370371,50.0,54.33600000000003,53.25795244158464,22.0
-1,-84.04430924261358,20.746110754629616,55.0,50.01600000000002,34.02830924261356,15.0
-1,-87.54485020545852,16.58451159722222,53.0,52.22400000000001,35.320850205458505,19.0
-1,-120.34561665513326,15.025165467592592,56.0,64.32000000000002,56.02561665513323,26.0
-1,-114.40700866296366,16.738132879629593,60.0,81.12000000000003,33.28700866296363,16.0
-1,-98.07389324256,17.72419259722222,61.0,72.38400000000003,25.689893242559958,15.0
-1,-81.5668726399918,13.78412580092593,45.0,46.36800000000001,35.198872639991784,21.0
-1,-82.11328720939159,18.435269347222217,58.0,55.968000000000025,26.14528720939156,13.0
-1,-71.69798233752766,10.700203064814817,28.0,31.392000000000003,40.30598233752767,23.0
-1,-89.82204759473763,21.07847970370367,54.0,57.79200000000002,32.0300475947376,16.0
-1,-102.0122709197781,14.7132296111111,49.0,51.840000000000025,50.17227091977807,23.0
-1,-85.08156347226787,16.4810285972222,49.0,48.192000000000014,36.88956347226787,20.0
-1,-91.01882589863284,16.807431652777773,50.0,52.22400000000001,38.79482589863282,19.0
-1,-97.34522708313654,17.693548374999974,50.0,56.06400000000002,41.28122708313652,19.0
-1,-135.9223188593433,22.15285817129624,82.0,99.74400000000006,36.17831885934326,17.0
-1,-110.5792942924702,18.616996958333328,51.0,47.712000000000025,62.86729429247016,21.0
-1,-127.99604327865184,14.446502782407403,54.0,57.88800000000003,70.10804327865183,24.0
-1,-93.98867879850724,18.131437268518507,53.0,50.59200000000003,43.39667879850722,19.0
-1,-104.15092925785792,14.7283380185185,53.0,61.24800000000003,42.90292925785788,21.0
-1,-90.6287464844196,11.272572949074084,43.0,51.16800000000002,39.46074648441959,23.0
-1,-75.75255375968487,13.367098023148127,38.0,44.64000000000001,31.112553759684857,20.0
-1,-129.41666504515638,19.046421393518425,58.0,65.85600000000002,63.56066504515634,22.0
-1,-81.1020087341216,16.645179824074066,51.0,47.71200000000002,33.39000873412159,18.0
-1,-114.06055849628224,19.903408814814775,52.0,62.30400000000004,51.75655849628218,18.0
-1,-91.03253634900892,14.75923032407407,47.0,51.26400000000002,39.76853634900888,19.0
-1,-102.78948969324357,16.898872199074045,46.0,53.18400000000002,49.605489693243534,21.0
-1,-101.89048174785847,17.014618263888888,53.0,53.856000000000016,48.03448174785847,21.0
-1,-97.10445439680308,23.99024759722219,64.0,66.81600000000003,30.288454396803044,17.0
-1,-114.59236076660024,19.13366416666663,53.0,51.07200000000002,63.52036076660023,23.0
-1,-81.41771607221106,20.75678331018517,51.0,53.76000000000002,27.657716072211045,16.0
-1,-80.4538381328348,14.13262061574074,41.0,41.95200000000001,38.50183813283479,21.0
-1,-157.4655806418181,22.148718268518408,89.0,100.99200000000006,56.47358064181803,22.0
-1,-93.15020695979052,21.813198606481468,57.0,52.992000000000026,40.15820695979049,19.0
-1,-84.7479094879912,16.37145588888888,51.0,50.976000000000006,33.771909487991195,20.0
-1,-115.39486726490576,21.112468027777687,67.0,68.83200000000002,46.56286726490574,21.0
-1,-78.36980162542767,15.56956842592593,48.0,45.88800000000003,32.48180162542764,21.0
-1,-92.97485588158106,18.983118370370345,55.0,61.632000000000026,31.34285588158104,19.0
-1,-136.82306998153183,16.371447810185167,56.0,69.79200000000003,67.03106998153179,23.0
-1,-74.42578228412793,12.319905462962952,41.0,47.90400000000002,26.52178228412792,16.0
-1,-86.21106910020907,16.309043449074057,53.0,52.99200000000002,33.219069100209055,19.0
-1,-119.76207482342434,17.57695307407399,62.0,81.12000000000003,38.64207482342432,19.0
-1,-106.9536630005821,19.735125162037004,54.0,58.84800000000003,48.10566300058207,20.0
-1,-92.94550639270383,20.94660541666661,56.0,64.03200000000002,28.9135063927038,18.0
-1,-95.1132994682169,16.400744254629632,44.0,49.728000000000016,45.38529946821687,21.0
-1,-92.1862638199237,15.180951962962965,47.0,46.27200000000002,45.91426381992368,25.0
-1,-90.2021404862492,12.86800886574076,36.0,42.81600000000002,47.386140486249175,25.0
-1,-104.81324839465402,16.137026287037013,48.0,59.13600000000002,45.677248394654,23.0
-1,-90.4089305192147,16.32765458333332,48.0,53.47200000000002,36.93693051921469,20.0
-1,-86.19943888112563,17.040878703703694,48.0,50.78400000000002,35.41543888112561,18.0
-1,-81.02664225946813,14.6614183472222,37.0,43.392,37.63464225946813,24.0
-1,-83.78897543899049,15.4244286851852,46.0,48.096,35.692975438990494,19.0
-1,-84.49858473783843,16.116143749999996,45.0,48.48000000000001,36.01858473783842,20.0
-1,-104.6423155634574,13.150871805555564,57.0,55.968000000000025,48.67431556345737,27.0
-1,-82.57453384557215,15.399731300925907,44.0,46.368000000000016,36.206533845572125,21.0
-1,-76.10993243663798,18.4132317407407,49.0,50.59200000000003,25.51793243663795,12.0
-1,-83.37138389085487,15.285289046296285,43.0,42.62400000000002,40.74738389085485,20.0
-1,-90.9166678580134,13.458732745370378,49.0,55.392,35.52466785801341,19.0
-1,-89.09884789001308,17.19515484722221,45.0,53.376000000000026,35.72284789001305,17.0
-1,-93.48000213334456,14.112135333333326,51.0,55.00800000000001,38.47200213334454,21.0
-1,-106.075118478721,16.009417800925924,70.0,69.88800000000003,36.18711847872096,18.0
-1,-96.40554193868708,21.9344058379629,63.0,65.56800000000003,30.83754193868704,18.0
-1,-92.71593084340884,11.165081263888895,44.0,40.51200000000001,52.20393084340884,26.0
-1,-97.46338640689942,19.7232784861111,56.0,58.65600000000002,38.8073864068994,17.0
-1,-84.66667061218399,14.128841898148163,38.0,45.696000000000005,38.97067061218399,20.0
-1,-109.50214212486048,15.83900663888887,59.0,67.96800000000003,41.53414212486046,22.0
-1,-106.40555358134876,17.870720791666635,58.0,59.23200000000004,47.173553581348735,23.0
-1,-90.68084258114683,17.80776704166664,51.0,58.36800000000001,32.31284258114684,17.0
-1,-87.397353084987,14.679864476851847,45.0,53.664000000000016,33.73335308498699,19.0
-1,-90.1015949795125,15.517332231481474,46.0,52.99200000000002,37.10959497951249,21.0
-1,-83.16677406407635,16.937922620370337,44.0,42.62400000000002,40.542774064076326,23.0
-1,-106.23527436744544,12.454489356481488,43.0,50.01600000000001,56.219274367445415,22.0
-1,-89.7109736884245,15.21688291666666,45.0,50.88000000000002,38.83097368842447,19.0
-1,-108.17735051934268,21.846155939814743,57.0,66.72000000000003,41.457350519342654,19.0
-1,-105.13045849527204,19.296236375000007,67.0,71.52000000000002,33.61045849527203,18.0
-1,-76.38607142308162,12.59842375462965,43.0,45.792,30.59407142308162,19.0
-1,-79.39117439181686,15.084559736111116,40.0,49.15200000000002,30.23917439181685,17.0
-1,-94.4747379576622,14.321500462962968,47.0,47.32800000000002,47.14673795766219,23.0
-1,-119.19992873746271,13.79354861111112,48.0,61.15200000000003,58.04792873746269,23.0
-1,-88.10174071793037,14.19593570370369,50.0,50.59200000000002,37.50974071793035,22.0
-1,-108.98829061902173,11.927853870370372,57.0,60.096000000000025,48.89229061902168,25.0
-1,-77.55140268002499,16.50065572222219,48.0,52.22400000000002,25.32740268002497,17.0
-1,-80.35097076972662,15.34664343981484,45.0,44.92800000000002,35.42297076972659,19.0
-1,-103.4189119273854,19.81512816666664,53.0,59.80800000000002,43.610911927385374,18.0
-1,-106.73822898409178,18.248026240740685,67.0,75.16800000000002,31.57022898409176,20.0
-1,-68.54617283506653,11.175543013888891,35.0,41.37600000000001,27.17017283506652,17.0
-1,-104.94475834681106,17.23644689814811,63.0,64.41600000000003,40.528758346811024,22.0
-1,-89.9019705056219,21.69515946759255,57.0,56.16000000000002,33.74197050562189,16.0
-1,-81.03298569205094,14.049175254629626,34.0,35.42400000000001,45.608985692050936,21.0
-1,-104.91213325461555,21.243627425925883,76.0,73.05600000000004,31.856133254615507,21.0
-1,-89.00575848171842,15.461636467592584,56.0,63.84000000000001,25.16575848171841,17.0
-1,-99.65142943226758,14.255722999999994,51.0,54.81600000000002,44.835429432267546,22.0
-1,-99.6894878661823,17.00802400925922,60.0,69.50400000000003,30.18548786618227,17.0
-1,-99.76391241680646,16.024030907407408,52.0,61.05600000000003,38.70791241680643,21.0
-1,-79.40580425322628,14.210523199074046,42.0,45.21600000000001,34.18980425322627,20.0
-1,-84.6141582262787,18.58852780092594,47.0,46.08000000000002,38.53415822627869,21.0
-1,-81.58261873978064,14.76450085185183,41.0,48.67200000000001,32.91061873978063,21.0
-1,-90.7339407572026,9.82168139351852,40.0,40.80000000000001,49.93394075720259,27.0
-1,-76.82599898132634,14.23589988888888,37.0,43.48800000000001,33.33799898132633,16.0
-1,-98.13652059385149,15.86592255555554,57.0,66.33600000000003,31.80052059385145,20.0
-1,-121.97970418435106,17.20792278240739,66.0,72.96000000000002,49.01970418435104,25.0
-1,-105.38666999104302,14.776869023148132,58.0,69.69600000000003,35.690669991042995,20.0
-1,-82.05525198179198,14.55041637499999,50.0,51.07200000000002,30.98325198179197,21.0
-1,-91.38098517567016,12.161354638888888,56.0,56.25600000000003,35.12498517567012,21.0
-1,-106.22802325876752,17.419156981481457,58.0,64.80000000000003,41.428023258767496,20.0
-1,-102.12404858789256,21.37860911111105,55.0,62.68800000000003,39.43604858789254,17.0
-1,-85.25095570374042,14.1739660185185,49.0,55.968000000000025,29.28295570374039,17.0
-1,-111.51697301039982,21.084662398148108,58.0,59.42400000000003,52.09297301039979,19.0
-1,-110.08696311605884,17.992087930555485,62.0,70.84800000000004,39.2389631160588,22.0
-1,-106.27525112933318,14.313397861111104,49.0,61.05600000000003,45.21925112933315,22.0
-1,-88.33681522602508,16.446783990740727,45.0,53.280000000000015,35.056815226025066,19.0
-1,-96.3724538010726,17.50191898611109,42.0,44.92800000000001,51.44445380107259,20.0
-1,-89.51729520233806,15.42303399537036,50.0,60.672000000000025,28.84529520233803,19.0
-1,-94.37209145109507,19.878499277777745,58.0,60.672000000000025,33.70009145109505,21.0
-1,-111.26610383822111,18.821692379629607,60.0,65.66400000000003,45.60210383822109,20.0
-1,-96.39936328154717,25.9411349768518,66.0,66.24000000000002,30.15936328154713,14.0
-1,-84.34678453129166,19.51405723148149,53.0,55.29600000000002,29.050784531291647,17.0
-1,-95.2573941184929,16.457237652777774,53.0,57.02400000000003,38.23339411849288,23.0
-1,-84.04779368090175,15.238888726851826,43.0,48.28800000000002,35.75979368090172,19.0
-1,-76.03489177842926,15.643339449074064,50.0,49.152000000000015,26.882891778429244,18.0
-1,-102.15828380385128,20.57718871759253,61.0,65.47200000000004,36.686283803851246,20.0
-1,-78.02466495632122,11.461786898148151,42.0,47.616000000000014,30.408664956321203,21.0
-1,-86.52053932221118,15.978752541666656,48.0,58.94400000000002,27.576539322211158,18.0
-1,-105.51230030794812,15.955725574074044,68.0,75.45600000000003,30.056300307948085,19.0
-1,-101.07397176261628,15.36980860185185,44.0,45.216000000000015,55.85797176261626,23.0
-1,-85.2220775176638,15.84604291203703,52.0,55.00800000000002,30.21407751766378,18.0
-1,-91.26010966498733,17.290761712962954,48.0,48.19200000000002,43.06810966498728,23.0
-1,-84.07221612078754,14.726829310185186,44.0,43.296000000000014,40.77621612078754,23.0
-1,-130.50719165563444,21.257505907407385,66.0,84.09600000000005,46.4111916556344,19.0
-1,-110.3808174113818,19.284360305555516,66.0,78.43200000000003,31.94881741138177,19.0
-1,-98.4601327685378,24.102012745370303,65.0,64.03200000000002,34.428132768537765,18.0
-1,-100.32517842233034,14.348670986111095,44.0,55.87200000000003,44.4531784223303,23.0
-1,-87.21763009174053,15.363338319444438,47.0,49.728,37.48963009174053,20.0
-1,-80.13804932213942,17.786801916666672,53.0,52.512000000000015,27.626049322139405,17.0
-1,-95.10154529124554,20.83574318518517,60.0,56.736000000000026,38.36554529124552,18.0
-1,-112.35371537017951,16.362948421296274,45.0,54.81600000000002,57.5377153701795,20.0
-1,-85.00829190099572,17.73347174537036,57.0,59.23200000000002,25.7762919009957,17.0
-1,-84.02927206841046,14.540584712962955,48.0,51.74400000000002,32.28527206841044,20.0
-1,-96.51788629273142,19.63451709722221,63.0,69.79200000000003,26.725886292731392,15.0
-1,-80.39115381448289,18.95412359722221,46.0,46.84800000000001,33.543153814482885,17.0
-1,-69.95977211684252,16.898143999999988,45.0,46.17600000000001,23.7837721168425,15.0
-1,-94.36941934812404,17.473630185185172,57.0,62.40000000000002,31.969419348124035,18.0
-1,-90.08774349661942,22.22231789814813,58.0,58.17600000000003,31.911743496619398,19.0
-1,-71.91304774653003,14.99225070370371,42.0,42.33600000000001,29.577047746530013,18.0
-1,-73.13679178522743,11.45788294444444,39.0,43.00800000000001,30.128791785227424,21.0
-1,-102.16215784846872,19.50587607407401,61.0,62.68800000000002,39.4741578484687,21.0
-1,-85.87047857618944,13.36368173611109,43.0,56.064000000000014,29.806478576189427,16.0
-1,-104.46552974102414,14.406632458333318,43.0,61.72800000000003,42.73752974102411,20.0
-1,-69.76801013671289,12.575202000000004,36.0,35.71200000000001,34.05601013671287,20.0
-1,-93.87050217703624,16.69058258333331,52.0,56.832000000000015,37.03850217703621,21.0
-1,-91.40814345287534,13.65521432407408,56.0,63.55200000000004,27.856143452875305,18.0
-1,-85.60179103877877,12.723036856481494,42.0,49.44000000000001,36.16179103877875,21.0
-1,-93.82873702568884,12.115380976851846,50.0,59.52000000000002,34.308737025688814,21.0
-1,-103.77200172307649,16.305500574074056,55.0,76.12800000000001,27.64400172307646,18.0
-1,-95.51981742466216,16.006725893518503,58.0,68.25600000000003,27.263817424662133,14.0
-1,-96.79129942688571,21.41817005092589,54.0,52.992000000000026,43.79929942688569,17.0
-1,-94.46374378974136,17.018013314814795,46.0,55.48800000000002,38.97574378974133,21.0
-1,-95.23839794837244,12.61936891666666,38.0,46.94400000000001,48.29439794837244,25.0
-1,-90.64936059576252,16.21375185185182,45.0,50.68800000000002,39.961360595762486,24.0
-1,-98.52242112099984,21.327542212962918,63.0,60.19200000000002,38.33042112099983,20.0
-1,-93.93573630335692,21.072755476851825,69.0,67.87200000000003,26.06373630335689,16.0
-1,-95.07267709973644,19.6795404675926,48.0,50.01600000000002,45.05667709973642,17.0
-1,-96.82825184950688,18.988067287037023,62.0,74.49600000000004,22.33225184950683,12.0
-1,-89.42006739909897,17.782766458333317,52.0,48.768000000000015,40.65206739909896,20.0
-1,-85.12844959327153,21.36876963425924,53.0,58.36800000000002,26.7604495932715,15.0
-1,-101.0529809089607,20.009715907407347,55.0,49.53600000000002,51.51698090896068,23.0
-1,-114.12677408442828,16.17740953703702,46.0,56.83200000000002,57.29477408442828,22.0
-1,-118.06366042774494,16.21480524999999,56.0,64.60800000000003,53.455660427744895,22.0
-1,-106.44177119710784,21.996952217592543,58.0,61.44000000000003,45.00177119710781,18.0
-1,-118.72354002792972,17.77253149537037,61.0,63.26400000000004,55.45954002792968,22.0
-1,-106.19803616595156,17.417912092592577,58.0,61.15200000000002,45.04603616595152,22.0
-1,-78.06747043310921,14.29778055555558,44.0,44.83200000000001,33.23547043310919,19.0
-1,-127.60036507081831,19.496206416666617,60.0,66.81600000000005,60.78436507081827,20.0
-1,-97.32745837793598,15.860819893518505,43.0,48.09600000000002,49.231458377935965,22.0
-1,-93.89871588766796,19.644361254629597,62.0,65.76000000000002,28.138715887667946,17.0
-1,-98.92386267848563,18.06098375925924,54.0,61.15200000000003,37.7718626784856,21.0
-1,-113.22298228062328,18.10218827777773,61.0,71.13600000000004,42.08698228062323,20.0
-1,-87.32886639116705,20.27862322685183,61.0,55.68000000000003,31.648866391167022,17.0
-1,-87.13631208198017,15.94062795370368,58.0,56.736000000000026,30.40031208198014,19.0
-1,-77.14922416665193,15.665308879629627,44.0,47.80800000000001,29.341224166651923,18.0
-1,-87.61274234721378,14.126963347222224,48.0,65.37600000000002,22.23674234721376,14.0
-1,-78.94559073402164,14.83102618518517,34.0,41.47200000000001,37.473590734021634,18.0
-1,-97.09981480473684,12.008869902777793,40.0,48.67200000000002,48.427814804736826,25.0
-1,-81.54361231081032,15.811724666666656,49.0,49.24800000000002,32.295612310810306,18.0
-1,-106.06198110101226,15.443635828703686,56.0,62.016000000000034,44.045981101012224,19.0
-1,-101.66664938951833,16.54701101388889,63.0,71.90400000000004,29.762649389518288,18.0
-1,-95.58497957514908,18.966233300925914,49.0,49.44000000000001,46.14497957514907,18.0
-1,-102.54977437684816,16.573588675925894,60.0,70.65600000000003,31.89377437684812,18.0
-1,-102.99053312431022,16.41149656481479,55.0,65.18400000000001,37.80653312431021,20.0
-1,-126.60119125449776,22.893168287036964,70.0,76.51200000000004,50.089191254497706,18.0
-1,-98.5496189775287,18.552419731481432,57.0,62.20800000000003,36.34161897752868,23.0
-1,-78.98092725621777,13.690397787037034,54.0,57.312000000000005,21.668927256217767,14.0
-1,-86.72388024738908,11.761274458333345,39.0,43.296000000000014,43.42788024738906,23.0
-1,-89.53933267596858,19.285185944444414,59.0,62.20800000000001,27.331332675968568,17.0
-1,-87.56169492126128,12.298580990740737,48.0,51.93600000000002,35.62569492126126,21.0
-1,-88.57477077365343,14.161651861111102,48.0,51.744000000000014,36.83077077365341,21.0
-1,-111.57740835927456,17.17028144444442,53.0,57.79200000000003,53.78540835927452,23.0
-1,-86.31720994781193,14.407272611111102,44.0,45.50400000000001,40.81320994781191,22.0
-1,-82.9875102898441,14.741547027777754,44.0,48.38400000000002,34.60351028984407,19.0
-1,-80.51084679912407,15.025888976851853,44.0,47.52000000000001,32.990846799124064,16.0
-1,-82.96635219416461,10.45494801388889,37.0,42.81600000000002,40.1503521941646,24.0
-1,-96.15698856452262,16.297522305555542,47.0,50.304000000000016,45.852988564522605,23.0
-1,-108.40692769360888,16.58501709259256,61.0,76.89600000000003,31.51092769360885,17.0
-1,-71.99905795322198,9.16956615740742,32.0,41.376000000000005,30.62305795322197,18.0
-1,-92.27145602001325,19.887769731481427,52.0,50.01600000000003,42.25545602001322,19.0
-1,-97.55933985617436,17.63373706018517,53.0,48.38400000000002,49.17533985617432,22.0
-1,-72.68673386205991,13.347512722222216,46.0,51.07200000000001,21.614733862059904,15.0
-1,-85.23819477881324,13.867277689814802,44.0,52.51200000000001,32.72619477881324,21.0
-1,-100.14961257491072,18.59257534722223,53.0,62.68800000000002,37.4616125749107,18.0
-1,-91.7942501199887,14.492242097222196,41.0,45.21600000000001,46.5782501199887,24.0
-1,-122.77684905693154,16.040729430555523,61.0,68.92800000000003,53.84884905693151,24.0
-1,-98.61251509703764,15.061739800925906,49.0,57.98400000000002,40.62851509703761,23.0
-1,-86.10635703543309,15.408474481481486,43.0,50.20800000000001,35.89835703543309,18.0
-1,-84.90052823519065,13.210434064814793,38.0,45.024000000000015,39.87652823519064,23.0
-1,-82.00892488374879,16.581632180555538,54.0,61.248000000000026,20.76092488374877,17.0
-1,-80.32922853712108,12.451817976851844,43.0,45.600000000000016,34.729228537121074,22.0
-1,-109.52417979186224,18.305528166666598,55.0,61.44000000000003,48.08417979186223,20.0
-1,-87.31210990994217,16.60587247222222,53.0,54.43200000000002,32.880109909942135,20.0
-1,-77.10319242567937,11.432962101851842,36.0,41.184000000000005,35.91919242567936,23.0
-1,-99.0819404814467,16.381357990740742,49.0,57.408000000000015,41.67394048144668,22.0
-1,-78.54568180961297,14.088626898148142,51.0,47.23200000000001,31.31368180961297,21.0
-1,-85.98326143555622,17.991139050925913,50.0,53.56800000000001,32.41526143555621,20.0
-1,-107.70564473281132,13.414124958333332,57.0,64.60800000000003,43.0976447328113,22.0
-1,-86.03679446269967,20.41484699999998,63.0,60.864000000000026,25.172794462699656,15.0
-1,-80.08315488713856,14.20623089351851,45.0,43.96800000000002,36.11515488713855,19.0
-1,-84.95307214283804,19.151971666666626,59.0,62.40000000000001,22.553072142838023,13.0
-1,-86.18646351714368,13.027347550925908,45.0,46.84800000000001,39.33846351714367,23.0
-1,-80.105696160425,14.61015335185183,45.0,53.088000000000015,27.01769616042499,17.0
-1,-117.97751898439093,21.69075018055549,68.0,70.84800000000004,47.12951898439086,20.0
-1,-80.72947600934417,13.88373706481483,43.0,40.80000000000002,39.92947600934415,20.0
-1,-99.54502552281176,15.280801527777763,47.0,59.90400000000002,39.64102552281175,22.0
-1,-97.9980763391648,16.200090546296266,46.0,51.648000000000025,46.35007633916478,22.0
-1,-102.41199828807392,19.46912194907404,57.0,63.93600000000003,38.47599828807391,19.0
-1,-106.7312107866321,18.89660035648144,69.0,66.72000000000003,40.01121078663208,20.0
-1,-103.49570725427436,17.937563912037003,50.0,58.17600000000002,45.31970725427434,22.0
-1,-99.96510274833864,17.345553013888853,59.0,59.04000000000003,40.9251027483386,21.0
-1,-79.68366356243801,17.927704064814776,45.0,49.44000000000001,30.243663562438,21.0
-1,-86.85614421213936,14.559622055555556,52.0,53.472000000000016,33.38414421213933,19.0
-1,-101.2901873110326,22.533769064814745,55.0,58.27200000000002,43.0181873110326,20.0
-1,-83.82762578517958,14.951693851851855,44.0,50.40000000000002,33.42762578517956,18.0
-1,-82.36006700438273,10.37883444444447,38.0,42.81600000000001,39.54406700438272,24.0
-1,-87.96944141079501,16.577857939814816,49.0,51.07200000000002,36.897441410795,20.0
-1,-123.85496951276576,17.069863472222185,51.0,62.01600000000003,61.83896951276574,21.0
-1,-101.29191249371888,17.52081506018518,57.0,60.096000000000025,41.19591249371885,22.0
-1,-76.96670123186263,18.04216624074071,48.0,45.69600000000002,31.270701231862603,17.0
-1,-76.53445658955869,12.222198370370377,45.0,49.63200000000001,26.90245658955867,17.0
-1,-94.65463736121588,17.64324460648144,51.0,66.52800000000002,28.126637361215856,17.0
-1,-94.13987208921311,18.55883735648144,49.0,54.62400000000002,39.51587208921309,22.0
-1,-80.26463777175815,15.457316643518505,42.0,45.696000000000005,34.568637771758134,23.0
-1,-97.63950733940902,19.36769285185182,61.0,63.07200000000002,34.567507339409005,19.0
-1,-95.61664540474712,13.726225726851842,46.0,56.06400000000003,39.552645404747096,21.0
-1,-84.75832820751094,13.257746611111113,43.0,47.13600000000001,37.62232820751093,19.0
-1,-102.36079919272854,17.816309699074054,63.0,69.50400000000002,32.85679919272851,15.0
-1,-116.71274199974144,17.49828418981479,55.0,57.12000000000003,59.59274199974142,26.0
-1,-92.09055918495596,20.34536419907401,55.0,59.04000000000002,33.050559184955944,18.0
-1,-102.2968727098096,17.44155860185182,49.0,56.54400000000002,45.7528727098096,21.0
-1,-93.49276154515232,19.87276018981475,59.0,60.864000000000026,32.62876154515229,21.0
-1,-97.12191576776578,11.640048648148156,42.0,54.81600000000002,42.30591576776577,23.0
-1,-97.902496705844,16.018014476851818,51.0,59.32800000000002,38.574496705843984,21.0
-1,-88.15866055397376,15.299897037037011,48.0,54.81600000000002,33.342660553973744,20.0
-1,-85.33029442088478,17.62616635185184,50.0,52.8,32.53029442088478,21.0
-1,-84.04795777578772,17.173278569444424,51.0,46.27200000000002,37.77595777578771,23.0
-1,-94.6504603466035,15.033447249999988,59.0,58.656,35.9944603466035,19.0
-1,-118.4064305986049,16.35076449074072,55.0,56.83200000000003,61.57443059860487,22.0
-1,-101.89258967072678,17.71252420370367,52.0,61.056000000000026,40.83658967072675,21.0
-1,-83.6834433303719,18.03716745833329,55.0,60.38400000000002,23.29944333037188,14.0
-1,-96.56260277083062,15.705144638888878,55.0,55.77600000000001,40.78660277083061,21.0
-1,-95.32864147193683,14.308950374999975,49.0,61.15200000000003,34.17664147193682,23.0
-1,-92.32367747791818,16.774310990740737,48.0,52.60800000000001,39.71567747791817,18.0
-1,-110.56362876011798,16.409606550925893,51.0,54.62400000000002,55.93962876011796,25.0
-1,-90.29282595302494,15.045093939814816,55.0,60.86400000000002,29.428825953024926,17.0
-1,-104.67598576721105,16.83436523611108,53.0,58.84800000000003,45.82798576721101,22.0
-1,-99.65916468087264,13.03713632407408,48.0,55.20000000000002,44.45916468087261,22.0
-1,-75.84569408901643,15.771841990740734,49.0,52.70400000000002,23.14169408901641,12.0
-1,-91.54569121472504,12.22000414351852,43.0,46.08000000000001,45.46569121472501,26.0
-1,-89.78411470535488,18.533149768518552,51.0,52.80000000000002,36.98411470535486,18.0
-1,-72.2843420074258,12.180785958333333,36.0,43.00800000000001,29.276342007425797,15.0
-1,-86.55325460931346,20.18859532870368,53.0,56.928000000000026,29.62525460931343,16.0
-1,-83.9331352890571,15.512929374999985,37.0,41.08800000000001,42.8451352890571,24.0
-1,-85.55112332284676,14.318140430555545,46.0,53.76000000000002,31.79112332284675,15.0
-1,-98.47638530110484,14.051716328703677,43.0,47.23200000000001,51.24438530110482,24.0
-1,-96.18108182406836,16.92176538888886,55.0,57.12000000000002,39.06108182406836,21.0
-1,-101.42168148698404,19.513652726851827,59.0,61.152000000000015,40.26968148698401,17.0
-1,-99.88223416314284,18.80988784259253,59.0,65.56800000000001,34.31423416314282,22.0
-1,-110.98849532093264,15.546955986111106,61.0,64.60800000000003,46.38049532093261,21.0
-1,-88.9495707612603,14.5565822685185,44.0,51.744000000000014,37.20557076126028,21.0
-1,-81.69785676046399,17.08817018518517,41.0,45.50400000000002,36.19385676046397,18.0
-1,-90.75828228547805,20.991743717592588,65.0,61.440000000000026,29.318282285478013,18.0
-1,-95.59990870389262,18.870068509259237,64.0,62.59200000000001,33.0079087038926,18.0
-1,-87.72564751754545,15.754223939814816,51.0,58.46400000000002,29.26164751754544,17.0
-1,-97.31360021704664,14.6462695648148,53.0,65.37600000000002,31.937600217046604,19.0
-1,-72.4085290392279,12.825310074074078,48.0,49.53600000000002,22.87252903922788,13.0
-1,-101.99445208287248,16.821490273148125,54.0,63.74400000000003,38.25045208287244,20.0
-1,-99.5917020473688,18.172060805555542,61.0,60.19200000000002,39.39970204736878,19.0
-1,-76.8018936610124,16.571327564814805,46.0,48.384000000000015,28.417893661012396,16.0
-1,-68.57321737019609,20.6402570648148,50.0,49.152000000000015,19.421217370196075,14.0
-1,-76.54008780083245,10.212051708333336,43.0,47.90400000000001,28.63608780083245,19.0
-1,-89.30051369133102,21.24838982407405,56.0,64.22400000000002,25.076513691331,15.0
-1,-131.8366952136655,14.24373618055554,58.0,69.60000000000004,62.236695213665456,23.0
-1,-92.12242507678651,14.004656194444427,46.0,49.44000000000001,42.68242507678652,21.0
-1,-88.45430407745576,10.681983578703711,40.0,45.50400000000002,42.95030407745575,23.0
-1,-94.40497469519858,14.083380351851869,48.0,59.23200000000002,35.17297469519855,21.0
-1,-98.56210939551526,17.45123625462958,51.0,56.44800000000002,42.11410939551524,20.0
-1,-103.5366077607637,22.683540592592564,56.0,60.57600000000004,42.96060776076366,17.0
-1,-94.2176269482101,22.70639097222216,54.0,58.17600000000003,36.04162694821007,19.0
