-1,-742.0187211774696,28.114365962962946,475.0,663.9359999999959,78.0827211774737,20.0
-1,-568.0599516588081,66.40730217592589,493.0,474.81599999999867,93.24395165880942,24.0
-1,-588.9428072197029,72.47040770370376,549.0,499.871999999999,89.07080721970385,23.0
-1,-646.8493643255018,51.223260166666655,583.0,586.7519999999979,60.09736432550393,18.0
-1,-615.6943915469761,65.58057840277777,502.0,460.22399999999897,155.47039154697717,28.0
-1,-643.0832498221382,77.83480638888895,543.0,513.1199999999985,129.96324982213966,24.0
-1,-553.5714668939281,37.89040392592593,485.0,496.3199999999984,57.25146689392975,24.0
-1,-616.6660147200753,39.39373291203701,523.0,571.9679999999979,44.69801472007731,17.0
-1,-681.619936531554,64.21797149074077,566.0,562.1759999999977,119.44393653155636,22.0
-1,-586.1883591348925,52.22619193981479,510.0,479.2319999999986,106.95635913489384,25.0
-1,-568.3771791051346,30.91764433796296,487.0,520.7039999999981,47.67317910513641,19.0
-1,-564.5291466030015,53.166445203703695,487.0,475.487999999999,89.04114660300255,27.0
-1,-532.8930560803818,39.74842245833332,495.0,471.83999999999895,61.05305608038287,21.0
-1,-604.8584534187069,49.45956958333335,533.0,521.2799999999982,83.57845341870872,22.0
-1,-530.3328150711009,42.58502097685183,497.0,466.0799999999994,64.25281507110142,26.0
-1,-582.6753386595199,45.27949455555556,528.0,535.0079999999984,47.66733865952144,20.0
-1,-590.851578083904,74.55230026851851,511.0,478.7519999999984,112.09957808390564,25.0
-1,-562.0021315245889,57.89611150925927,476.0,444.3839999999993,117.61813152458956,25.0
-1,-510.18354737383737,33.85807010185183,436.0,433.0559999999989,77.12754737383848,23.0
-1,-624.7277767950976,65.04686079166669,545.0,531.5519999999985,93.17577679509904,23.0
-1,-484.488621100377,37.10551675462962,444.0,429.2159999999994,55.272621100377606,22.0
-1,-583.5624288930113,63.49119128240744,494.0,473.27999999999855,110.28242889301278,23.0
-1,-476.4118226504013,37.70449745370378,412.0,411.8399999999991,64.5718226504022,23.0
-1,-546.9749018407081,48.24431083796294,474.0,461.7599999999988,85.21490184070923,26.0
-1,-541.1592066934963,40.647235981481465,462.0,469.7279999999985,71.43120669349786,23.0
-1,-492.3115870868208,44.878083527777775,455.0,436.5119999999991,55.79958708682163,22.0
-1,-449.6390757562573,26.332105810185183,406.0,402.1439999999993,47.49507575625799,26.0
-1,-523.0693969902095,62.582489092592574,494.0,444.4799999999996,78.58939699020993,24.0
-1,-495.9964546363416,38.57693224074077,425.0,436.22399999999897,59.772454636342616,23.0
-1,-516.549757303044,41.41996306481481,451.0,463.5839999999988,52.96575730304518,20.0
-1,-419.6846367474556,39.81127929166669,403.0,364.7999999999993,54.88463674745623,20.0
-1,-429.78067869870586,37.705013115740734,411.0,371.23199999999946,58.5486786987064,24.0
-1,-485.9904014564465,31.8640494722222,423.0,440.25599999999895,45.73440145644754,20.0
-1,-432.3304598064836,35.54818546759262,385.0,377.9519999999997,54.37845980648386,22.0
-1,-462.254727401551,43.34955153703704,455.0,422.7839999999991,39.470727401551926,18.0
-1,-473.487273042187,36.72479336574074,404.0,418.9439999999988,54.543273042188176,24.0
-1,-417.69752953607247,35.051855810185174,375.0,348.3839999999996,69.31352953607289,27.0
-1,-543.6689690083122,51.09941120370368,452.0,473.2799999999985,70.38896900831372,19.0
-1,-437.23043715357454,28.316169245370368,387.0,379.0079999999992,58.222437153575285,22.0
-1,-430.6104349337176,43.723211138888914,399.0,360.6719999999996,69.93843493371799,21.0
-1,-432.0889163835278,38.02392052314816,377.0,372.3839999999994,59.70491638352842,22.0
-1,-454.23337177567487,44.467484587963,389.0,381.69599999999946,72.53737177567538,25.0
-1,-465.5719104968988,33.7294388425926,414.0,430.4639999999988,35.10791049690003,18.0
-1,-392.1371855833103,36.20539118981485,362.0,298.944,93.19318558331028,24.0
-1,-503.2384290824143,43.81065818055556,416.0,431.1359999999989,72.10242908241534,23.0
-1,-411.30045697800233,36.20450900462964,351.0,360.09599999999926,51.20445697800305,21.0
-1,-497.049526612191,28.146396546296327,421.0,417.21599999999904,79.83352661219196,25.0
-1,-371.98244690569146,42.467388962962914,352.0,304.992,66.99044690569143,22.0
-1,-481.6570752089597,32.40770673611111,431.0,434.6879999999987,46.96907520896104,22.0
-1,-484.2550816059575,37.87109260185189,415.0,413.855999999999,70.3990816059584,21.0
-1,-410.3806528640405,30.98670974074076,336.0,310.9439999999998,99.43665286404077,28.0
-1,-451.4767150320033,35.3810459629629,392.0,395.423999999999,56.05271503200429,21.0
-1,-442.17909405908654,34.345550569444455,388.0,390.7199999999994,51.45909405908717,20.0
-1,-436.5573165773389,50.37843031018519,375.0,336.4799999999998,100.07731657733902,21.0
-1,-330.86908861735327,26.92008640740741,310.0,291.1679999999998,39.70108861735348,20.0
-1,-433.6577827327987,47.04732685185189,405.0,381.5999999999994,52.05778273279928,25.0
-1,-358.0958982787387,29.44835524074075,318.0,287.3279999999999,70.76789827873877,24.0
-1,-384.6196899597024,45.36713080092586,331.0,313.3439999999996,71.27568995970285,25.0
-1,-419.1036482923714,38.61544551851852,358.0,361.7279999999996,57.37564829237187,19.0
-1,-439.0077610387053,31.7801744814815,383.0,397.05599999999913,41.95176103870618,18.0
-1,-455.8287079914937,28.001731527777764,375.0,403.5839999999988,52.24470799149491,22.0
-1,-316.4062680935475,38.378609310185226,294.0,261.1200000000001,55.286268093547385,23.0
-1,-406.3820067502973,41.77159757407408,355.0,354.2399999999996,52.14200675029765,21.0
-1,-426.98185515362775,37.18323226851855,365.0,361.3439999999996,65.63785515362817,24.0
-1,-400.4993741618068,50.09836962499998,357.0,334.36799999999965,66.1313741618071,23.0
-1,-332.3299814446717,36.91715525925926,309.0,288.76800000000014,43.56198144467157,20.0
-1,-305.45201940511447,39.615091759259215,279.0,275.90400000000005,29.54801940511443,13.0
-1,-337.4148025399245,22.077712907407385,317.0,305.1839999999996,32.23080253992487,21.0
-1,-387.2192067862748,33.58774006944444,322.0,336.7679999999997,50.45120678627509,22.0
-1,-365.9886339325256,33.12374814351851,322.0,319.29599999999976,46.69263393252577,19.0
-1,-426.3630268232653,30.44119392129628,347.0,353.6639999999996,72.69902682326568,20.0
-1,-330.16190338718013,33.21811189351853,290.0,276.96,53.20190338718014,21.0
-1,-411.5048551963865,34.59513373611114,367.0,380.2559999999993,31.248855196387176,16.0
-1,-420.2941430741649,34.57998200462964,378.0,389.9519999999994,30.342143074165435,16.0
-1,-403.921358295059,34.14692025925925,347.0,345.21599999999955,58.70535829505943,23.0
-1,-345.3747673659489,34.04559364814816,306.0,315.9359999999998,29.438767365949115,15.0
-1,-471.16614467205466,67.89475706481491,442.0,397.43999999999926,73.72614467205538,20.0
-1,-311.13521605895414,33.936898930555515,291.0,261.0239999999999,50.11121605895426,20.0
-1,-367.2382118292593,31.51708858796297,364.0,338.20799999999963,29.03021182925968,16.0
-1,-329.85220315024225,29.801283453703714,300.0,297.0239999999996,32.828203150242665,16.0
-1,-281.871836961866,34.01189455092592,249.0,241.7280000000001,40.143836961865865,16.0
-1,-333.35877956334343,31.37043361574076,291.0,283.48800000000006,49.8707795633434,23.0
-1,-321.4206905377778,36.09700784259265,285.0,279.648,41.77269053777784,20.0
-1,-344.9716329224624,28.341321106481477,300.0,302.20799999999974,42.76363292246265,21.0
-1,-345.39445947800465,31.93333381944441,285.0,301.24799999999976,44.146459478004886,19.0
-1,-313.8664139857788,25.675053935185204,262.0,276.8639999999999,37.00241398577882,19.0
-1,-319.483575724864,23.08246589814816,287.0,282.0479999999999,37.43557572486412,20.0
-1,-382.3407127533961,36.61896120833331,313.0,339.8399999999993,42.5007127533968,19.0
-1,-398.9739907817173,26.332377236111096,332.0,365.9519999999993,33.021990781717975,18.0
-1,-327.04246851816185,37.46880674074074,300.0,299.80799999999965,27.234468518162192,13.0
-1,-367.40329184856967,24.968704273148173,299.0,332.44799999999947,34.95529184857018,18.0
-1,-252.62185378901785,24.691451564814816,192.0,183.74400000000009,68.87785378901776,23.0
-1,-294.72802633480126,28.05805708796296,253.0,234.528,60.200026334801215,22.0
-1,-311.4951356907876,30.75241923148153,296.0,264.288,47.2071356907876,21.0
-1,-347.4880098790078,28.571074472222225,276.0,304.9919999999997,42.49600987900812,23.0
-1,-333.1772663868462,26.59374503240745,261.0,256.22400000000005,76.95326638684618,25.0
-1,-315.52406243058294,29.566273555555576,262.0,265.824,49.70006243058296,18.0
-1,-332.0192831560328,26.658491930555535,272.0,303.74399999999963,28.2752831560332,17.0
-1,-304.571076733396,35.712552953703714,259.0,241.05600000000007,63.51507673339597,20.0
-1,-326.2838339440219,30.565521509259256,267.0,292.12799999999976,34.155833944022184,18.0
-1,-326.6600047098509,30.089104865740733,280.0,290.39999999999964,36.260004709851245,17.0
-1,-293.885249910832,23.41187961111113,226.0,239.232,54.65324991083192,21.0
-1,-382.050916514707,26.908483935185167,309.0,347.0399999999996,35.010916514707375,19.0
-1,-343.1001671019268,29.9353760046296,259.0,287.2319999999997,55.86816710192711,22.0
-1,-366.37296241302784,30.73497954166665,319.0,312.5759999999996,53.79696241302824,23.0
-1,-263.8539606399097,25.268759083333325,232.0,219.5519999999999,44.30196063990979,24.0
-1,-324.1410019700589,28.222960254629594,269.0,280.0319999999997,44.1090019700592,20.0
-1,-335.81148657070355,23.89238561111112,291.0,306.43199999999973,29.37948657070384,20.0
-1,-244.5907866841436,34.33270343518519,228.0,205.344,39.24678668414355,14.0
-1,-338.85840327174293,25.83835894907411,305.0,308.7359999999996,30.12240327174336,17.0
-1,-221.1112655858128,27.069120958333365,194.0,189.408,31.70326558581273,18.0
-1,-335.5035604024937,37.65864253703699,271.0,275.03999999999974,60.46356040249393,14.0
-1,-277.1928818080995,20.918452981481494,246.0,243.07200000000003,34.12088180809947,21.0
-1,-250.10238356523456,23.464594069444477,187.0,214.848,35.254383565234605,16.0
-1,-294.78195960261945,28.458164495370337,260.0,255.744,39.03795960261947,18.0
-1,-316.5812199487343,37.760841282407405,284.0,279.5520000000001,37.029219948734216,14.0
-1,-244.5320554541858,30.43743849999999,224.0,214.27199999999996,30.26005545418586,16.0
-1,-250.94345117208007,18.45640458796298,205.0,211.00800000000004,39.93545117208004,22.0
-1,-337.6028073875576,25.228838879629627,275.0,302.4959999999997,35.10680738755792,19.0
-1,-172.92826919923726,27.321233347222236,155.0,139.96800000000005,32.960269199237224,15.0
-1,-229.60147681801905,31.551003236111125,192.0,180.00000000000009,49.60147681801896,18.0
-1,-277.0653424686801,25.938985712962968,224.0,237.69600000000003,39.369342468680095,17.0
-1,-280.43702555729385,31.717700351851832,238.0,251.23200000000008,29.20502555729377,14.0
-1,-262.32889898826085,35.68040509259262,238.0,200.832,61.496898988260845,18.0
-1,-282.5889231380915,31.09363849074075,257.0,246.912,35.676923138091546,17.0
-1,-319.95000136004313,25.7516443148148,249.0,273.12000000000006,46.83000136004309,19.0
-1,-278.8017656331378,24.74512375462962,213.0,239.8080000000001,38.99376563313767,19.0
-1,-193.97412075299644,30.558059638888903,166.0,146.112,47.86212075299646,19.0
-1,-223.10945117902685,36.12323891666672,177.0,168.67199999999997,54.437451179026894,24.0
-1,-191.8768422819304,23.20475055555557,155.0,146.01600000000002,45.86084228193038,19.0
-1,-269.3385389339619,25.95982170833336,244.0,228.28800000000007,41.0505389339618,22.0
-1,-235.8945205793765,29.86145544444443,204.0,188.736,47.158520579376535,18.0
-1,-242.07843358470956,33.40121626388884,206.0,210.048,32.03043358470955,13.0
-1,-260.2354540242094,28.00904606944445,224.0,227.61599999999996,32.619454024209446,19.0
-1,-226.61248025609257,25.022518902777776,177.0,177.98399999999995,48.6284802560926,19.0
-1,-208.24292117429653,27.392187907407365,172.0,162.72,45.52292117429653,18.0
-1,-232.9235453591639,25.45653349074074,179.0,201.216,31.70754535916389,16.0
-1,-213.39133839476835,43.365521217592615,148.0,115.39200000000008,97.99933839476827,29.0
-1,-253.82803492456296,32.42406931481481,217.0,200.832,52.996034924562935,17.0
-1,-168.65929841308622,29.95452130092594,134.0,120.28800000000004,48.37129841308615,17.0
-1,-175.5334774212477,26.364340388888905,153.0,138.23999999999998,37.29347742124772,17.0
-1,-225.5826314663661,23.102682370370328,189.0,183.552,42.03063146636612,20.0
-1,-256.76184337949394,26.00123149999998,201.0,229.92000000000004,26.8418433794939,14.0
-1,-181.4967072512165,24.794286972222256,146.0,143.90400000000002,37.59270725121643,16.0
-1,-174.20521254463637,31.37839851388889,132.0,116.256,57.94921254463634,18.0
-1,-217.9289433906302,25.726106120370364,182.0,180.95999999999995,36.96894339063024,19.0
-1,-225.4799828549889,31.573012564814853,158.0,157.24800000000005,68.23198285498883,19.0
-1,-178.78523244715004,26.08602999999999,139.0,131.90400000000005,46.88123244714999,19.0
-1,-290.52078158787964,29.29881182870365,261.0,263.99999999999994,26.52078158787968,15.0
-1,-201.89175387825904,34.654935337962904,166.0,153.88800000000006,48.00375387825897,19.0
-1,-178.77612872774006,27.85530106018517,136.0,131.13600000000002,47.64012872774002,15.0
-1,-164.7252898785124,24.452782023148117,113.0,112.32,52.405289878512384,20.0
-1,-194.9927558452029,33.11034980092595,164.0,149.08799999999997,45.90475584520293,15.0
-1,-194.45415376279456,31.006169749999987,167.0,146.88,47.574153762794566,15.0
-1,-183.91354465852933,28.180927370370352,142.0,141.984,41.92954465852932,14.0
-1,-189.74283259696173,24.322579819444464,138.0,158.4000000000001,31.342832596961635,16.0
-1,-186.67894918080663,33.41994373611116,148.0,131.42400000000006,55.25494918080657,18.0
-1,-229.90254881744443,28.237481787037023,201.0,195.744,34.15854881744449,14.0
-1,-178.27488416956507,28.817914046296284,145.0,124.12800000000004,54.14688416956504,18.0
-1,-204.541771939821,29.200914124999983,143.0,135.84000000000012,68.70177193982089,23.0
-1,-230.41064180760415,39.69875908796299,182.0,161.8559999999999,68.55464180760427,23.0
-1,-203.7583861155475,33.624973212962985,158.0,146.20800000000008,57.55038611554741,21.0
-1,-196.4672223158545,23.9326833564815,157.0,167.71200000000002,28.75522231585449,19.0
-1,-241.5352937340748,32.340575800925905,225.0,210.528,31.007293734074825,15.0
-1,-138.88414574734372,25.363395467592564,110.0,91.58400000000005,47.300145747343706,19.0
-1,-212.1062665386222,28.53725328240739,165.0,151.6800000000001,60.42626653862213,24.0
-1,-203.44120334056373,34.774407796296344,178.0,164.92799999999997,38.51320334056376,18.0
-1,-218.37072417325444,27.86083854629627,159.0,163.776,54.594724173254434,21.0
-1,-211.3025044250543,32.09382874999996,197.0,188.35200000000003,22.950504425054262,12.0
-1,-232.83409281583187,36.82936844444441,197.0,189.984,42.85009281583186,20.0
-1,-173.73761137041544,27.22421232407402,135.0,132.48000000000005,41.2576113704154,16.0
-1,-161.90722935771436,30.283951273148173,137.0,126.62400000000004,35.28322935771432,18.0
-1,-241.1903970851268,31.16776120833332,222.0,207.2639999999999,33.92639708512692,15.0
-1,-199.51310490957684,28.091527236111062,164.0,162.336,37.17710490957682,18.0
-1,-227.2753842685076,33.75402115740735,214.0,200.928,26.34738426850762,13.0
-1,-195.52195901618333,25.549119657407388,148.0,146.01600000000008,49.50595901618325,19.0
-1,-151.82312325140705,31.952562374999967,121.0,112.89600000000004,38.92712325140698,14.0
-1,-210.25714118082405,31.414254361111126,158.0,149.37600000000003,60.88114118082402,21.0
-1,-213.7009795290731,29.58916503703704,191.0,169.24799999999996,44.45297952907314,17.0
-1,-207.6503428364932,31.917634004629637,190.0,169.8239999999999,37.82634283649328,17.0
-1,-222.75230493993917,22.256994638888862,133.0,146.78400000000005,75.96830493993909,22.0
-1,-150.16870298629317,25.41542669907405,106.0,91.296,58.872702986293184,20.0
-1,-188.1034498707824,31.301428092592587,159.0,143.90400000000002,44.19944987078237,19.0
-1,-182.4283668241167,27.304395259259216,119.0,113.76000000000003,68.66836682411665,21.0
-1,-202.92447095795868,29.82469626388885,189.0,171.1679999999999,31.756470957958783,15.0
-1,-157.06610889812578,22.55271985648145,122.0,114.72000000000008,42.34610889812572,17.0
-1,-225.46969027950297,36.66832669444446,186.0,176.25599999999994,49.21369027950301,15.0
-1,-195.2574909491944,26.03735278240738,147.0,157.44,37.8174909491944,14.0
-1,-179.9056240135024,25.82410469907404,142.0,143.90399999999997,36.00162401350243,18.0
-1,-191.0818563385728,22.726987458333305,139.0,150.43200000000002,40.64985633857279,19.0
-1,-166.8313111550446,22.9679611574074,122.0,126.52800000000008,40.30331115504453,19.0
-1,-192.33187217031568,29.85329584722221,147.0,132.09600000000003,60.23587217031564,20.0
-1,-130.14154416606314,19.971901962962985,75.0,67.68000000000002,62.46154416606313,22.0
-1,-131.85673977967534,19.19051286574074,100.0,94.84800000000004,37.00873977967531,19.0
-1,-170.68250073340386,27.91229971759258,141.0,136.70400000000004,33.97850073340381,17.0
-1,-154.9803502281264,27.28002496296296,123.0,120.096,34.8843502281264,14.0
-1,-165.64048595074308,31.721046708333272,129.0,125.95200000000004,39.68848595074303,15.0
-1,-173.98133116788784,24.761311023148146,123.0,107.52000000000004,66.46133116788779,17.0
-1,-177.75924971123482,24.605267185185173,137.0,145.15200000000004,32.607249711234765,17.0
-1,-152.47326347225777,26.641540527777803,101.0,95.04,57.43326347225778,19.0
-1,-152.15604845913236,29.77989290740737,131.0,119.04000000000008,33.1160484591323,17.0
-1,-143.5863505104209,23.247274314814774,113.0,107.71200000000005,35.87435051042087,17.0
-1,-194.611554779912,30.78026534259252,159.0,147.36000000000007,47.25155477991189,20.0
-1,-172.0923686942593,22.71433479166665,126.0,126.24000000000002,45.8523686942593,20.0
-1,-149.55483730326932,25.772184402777757,98.0,96.76800000000004,52.78683730326928,18.0
-1,-151.90240529634326,24.445251708333338,115.0,119.23200000000004,32.67040529634323,16.0
-1,-202.23570880182208,22.533695671296258,128.0,143.61600000000007,58.61970880182197,22.0
-1,-142.03058479483835,24.085973032407395,90.0,83.32800000000002,58.70258479483833,20.0
-1,-158.3026518126839,29.11148618981477,116.0,102.43200000000004,55.870651812683874,24.0
-1,-165.73014936888052,26.206263902777724,105.0,94.65600000000003,71.0741493688805,20.0
-1,-135.44157068416015,20.589934671296284,95.0,92.25600000000006,43.185570684160105,19.0
-1,-156.80796328327398,23.099993023148112,119.0,119.90400000000004,36.90396328327391,17.0
-1,-144.55569640683044,24.658806125,96.0,91.87200000000004,52.6836964068304,18.0
-1,-151.0685085686955,19.94726520833332,92.0,95.80800000000004,55.2605085686955,22.0
-1,-161.4907723184018,24.68933158796298,128.0,118.36800000000004,43.12277231840178,22.0
-1,-147.06389040400623,23.71785850000001,120.0,110.88000000000004,36.18389040400619,19.0
-1,-150.71747429343952,24.499703560185143,119.0,114.04800000000004,36.669474293439485,19.0
-1,-139.92429246502098,27.872672712962927,113.0,91.87200000000004,48.05229246502096,21.0
-1,-135.74086661936184,19.23274266666669,80.0,79.00800000000002,56.73286661936183,22.0
-1,-138.792774777006,21.235045453703734,95.0,97.72800000000004,41.06477477700598,19.0
-1,-132.61850504418658,23.571336476851823,93.0,83.80800000000004,48.81050504418653,21.0
-1,-128.70519931683012,20.531781541666685,73.0,81.12000000000003,47.58519931683008,17.0
-1,-174.9761318760268,30.58646472685187,139.0,129.50400000000005,45.47213187602677,19.0
-1,-153.375778990293,26.37325087962963,103.0,96.96000000000006,56.41577899029293,20.0
-1,-131.71965000283626,27.073604245370383,76.0,69.79200000000002,61.92765000283624,20.0
-1,-163.36749681819273,28.36380927314806,131.0,131.90400000000005,31.46349681819268,17.0
-1,-130.81702347367747,33.74914829166668,90.0,74.88000000000002,55.93702347367745,19.0
-1,-137.74800632974387,26.572983305555567,96.0,80.16000000000004,57.58800632974382,20.0
-1,-145.09211707958016,18.879647467592605,97.0,97.15200000000002,47.94011707958015,21.0
-1,-128.79525507463086,18.86861395833333,73.0,66.71999999999998,62.07525507463088,24.0
-1,-155.8130662582266,22.22223734259259,119.0,113.66400000000004,42.14906625822655,19.0
-1,-142.07156342090377,20.31425036574077,84.0,89.28000000000004,52.79156342090374,20.0
-1,-144.64208163853465,25.82066775462964,126.0,113.472,31.17008163853464,19.0
-1,-176.73778374783942,23.856586310185182,134.0,124.22400000000006,52.51378374783936,22.0
-1,-170.80504594738693,30.00149948611105,143.0,140.44800000000004,30.357045947386908,16.0
-1,-128.17721315830778,21.44301287037038,70.0,62.49600000000002,65.68121315830774,20.0
-1,-147.48395515191388,31.00095077777778,116.0,107.04000000000003,40.44395515191383,17.0
-1,-132.84999515144708,26.33164121759255,79.0,75.74400000000003,57.10599515144705,20.0
-1,-147.54370888377625,28.13933894907405,99.0,104.54400000000004,42.999708883776215,17.0
-1,-179.80591122652763,26.7037543009259,171.0,152.73600000000008,27.06991122652754,15.0
-1,-139.78765067386144,28.33129312037032,102.0,92.73600000000005,47.0516506738614,20.0
-1,-160.02433239167988,22.43687706944443,100.0,105.69600000000004,54.32833239167984,20.0
-1,-185.755074448791,30.00258719907404,152.0,147.84,37.915074448790975,15.0
-1,-155.64940282680217,27.081900462962977,84.0,80.73600000000002,74.91340282680211,20.0
-1,-148.91152388044063,25.488075416666664,114.0,109.72800000000004,39.18352388044059,19.0
-1,-141.18056737422745,22.80538787499997,103.0,101.28000000000004,39.90056737422741,20.0
-1,-144.97401039439148,27.292467930555592,113.0,105.79200000000002,39.18201039439148,17.0
-1,-180.00948380040842,25.350445819444445,123.0,121.63200000000006,58.37748380040836,23.0
-1,-126.28365645550178,26.18910648611111,94.0,86.11200000000004,40.17165645550175,17.0
-1,-157.49164540324452,28.1506489398148,104.0,100.32000000000002,57.1716454032445,22.0
-1,-173.59183318796082,27.625081189814814,140.0,127.00800000000004,46.58383318796079,22.0
-1,-150.71519048349174,28.585210569444413,103.0,118.08000000000004,32.63519048349169,15.0
-1,-144.1178574497471,25.76537784722223,92.0,89.56800000000005,54.54985744974709,19.0
-1,-151.14721582093765,21.245027541666666,95.0,99.26400000000004,51.88321582093759,23.0
-1,-127.40179833318211,23.06768818981482,75.0,74.30400000000003,53.09779833318209,21.0
-1,-137.7892799040603,30.33301342592593,119.0,100.70400000000004,37.08527990406024,16.0
-1,-116.7389861506602,29.172678967592557,89.0,69.12000000000003,47.61898615066016,17.0
-1,-196.4271327759413,21.44376163888886,146.0,158.97599999999997,37.45113277594132,20.0
-1,-143.48037430305504,25.75885418055555,106.0,85.92000000000003,57.560374303055,24.0
-1,-156.58959002792557,22.35999991666668,96.0,97.53600000000004,59.05359002792552,22.0
-1,-133.24371183887877,22.121188245370405,81.0,68.16000000000003,65.08371183887874,22.0
-1,-115.46996486067884,26.791883777777805,68.0,56.35200000000002,59.11796486067881,18.0
-1,-156.24591584491125,25.97386358796297,120.0,101.472,54.77391584491125,23.0
-1,-132.05971877592697,23.764025106481476,87.0,76.608,55.45171877592698,22.0
-1,-125.16204050364908,23.57276078240738,82.0,75.55200000000002,49.610040503649046,23.0
-1,-173.22913889175263,24.79082049074073,123.0,113.18400000000008,60.045138891752565,24.0
-1,-153.0427118011111,25.606449518518517,118.0,117.40800000000009,35.63471180111103,17.0
-1,-139.28970476240073,22.27770367129632,87.0,77.37600000000002,61.91370476240073,19.0
-1,-135.99347751098364,19.505807393518527,90.0,89.37600000000005,46.61747751098359,22.0
-1,-152.4998144457811,27.093239967592545,88.0,96.86400000000006,55.63581444578105,19.0
-1,-119.01366870328256,22.31930012499999,72.0,55.77600000000002,63.23766870328252,25.0
-1,-118.98037868896016,22.08317195370371,56.0,53.18400000000001,65.79637868896015,24.0
-1,-135.38273152016052,28.62612188888888,90.0,75.16800000000003,60.21473152016048,22.0
-1,-136.15683782147204,24.54702003703704,78.0,72.57600000000004,63.580837821472,20.0
-1,-142.29971369858322,25.07911567129624,112.0,99.45600000000005,42.8437136985832,23.0
-1,-145.05775431842045,28.79830587962959,97.0,100.60800000000005,44.44975431842041,22.0
-1,-116.28145723737408,29.25685026388893,85.0,73.72800000000004,42.55345723737405,15.0
-1,-170.82902009791462,26.03739742129628,85.0,79.39200000000002,91.4370200979146,25.0
-1,-147.95368452705588,31.52808491666667,105.0,95.90400000000008,52.0496845270558,20.0
-1,-114.559396177821,25.79275537037037,67.0,52.80000000000002,61.75939617782097,22.0
-1,-143.60378694615991,21.494974476851823,103.0,96.48000000000005,47.12378694615985,21.0
-1,-127.20631013260756,29.335297069444437,80.0,62.304000000000016,64.90231013260754,22.0
-1,-144.54053289370836,21.005241546296237,107.0,97.15200000000004,47.38853289370832,24.0
-1,-114.29663430824904,16.683559833333344,71.0,57.79200000000001,56.50463430824901,26.0
-1,-137.85475365521947,24.32715552777776,68.0,60.96000000000004,76.89475365521943,23.0
-1,-147.25965353290243,27.18732874999997,94.0,79.58400000000002,67.67565353290242,23.0
-1,-128.3957256241646,27.71328537962965,94.0,84.86400000000005,43.53172562416456,20.0
-1,-153.04625666565238,24.842523268518523,108.0,107.52,45.52625666565238,19.0
-1,-111.15679934060094,23.12928959259253,53.0,51.36000000000002,59.79679934060093,24.0
-1,-130.60541436267852,23.763186819444417,95.0,92.83200000000004,37.77341436267847,17.0
-1,-120.79965332891618,26.852608791666604,74.0,72.19200000000002,48.607653328916165,20.0
-1,-136.38387507489347,23.048743819444383,98.0,90.04800000000003,46.33587507489343,25.0
-1,-123.0286837553938,26.98010120370373,87.0,71.13600000000002,51.89268375539376,18.0
-1,-135.17103682320896,25.437163231481406,74.0,74.11200000000004,61.05903682320893,18.0
-1,-140.04498918965996,29.61121499074072,114.0,105.31200000000004,34.73298918965992,18.0
-1,-133.43773866826191,23.240987212962946,104.0,88.80000000000004,44.63773866826187,19.0
-1,-138.379327479206,37.75511741203701,119.0,94.75200000000002,43.62732747920598,20.0
-1,-137.6813112575394,21.03872622685181,67.0,70.27200000000002,67.40931125753939,24.0
-1,-167.58738648629782,27.76901790740741,132.0,114.72000000000004,52.867386486297775,20.0
-1,-125.11075005701082,20.62593621296295,84.0,81.696,43.41475005701082,20.0
-1,-133.24500125190482,28.83818201851849,76.0,75.45600000000005,57.78900125190479,24.0
-1,-117.83738261694916,24.827980351851828,75.0,69.88800000000003,47.94938261694912,19.0
-1,-121.93099262971904,21.208180078703688,67.0,56.44800000000002,65.482992629719,20.0
-1,-123.9918105826818,27.361671888888917,80.0,66.24000000000002,57.75181058268177,20.0
-1,-123.26699912247162,25.412567157407427,85.0,72.76800000000004,50.49899912247157,18.0
-1,-123.96211989553044,21.03463214814816,90.0,81.88800000000005,42.07411989553039,21.0
-1,-137.16524824465557,25.948672504629616,95.0,82.36800000000001,54.79724824465556,25.0
-1,-115.55105793587232,27.681456861111105,80.0,73.53600000000002,42.0150579358723,20.0
-1,-146.89343846688834,31.838630606481463,82.0,81.21600000000002,65.67743846688832,21.0
-1,-117.7547379939184,25.335882037036995,83.0,68.64000000000003,49.114737993918375,17.0
-1,-130.90487798708395,22.84089625462956,65.0,79.29600000000002,51.60887798708392,24.0
-1,-121.6350884809428,18.568755509259244,83.0,74.68800000000003,46.94708848094277,24.0
-1,-145.5667150145311,25.354532791666664,111.0,85.44000000000003,60.12671501453108,19.0
-1,-135.0532116679916,23.59754148148149,97.0,82.46400000000003,52.58921166799157,20.0
-1,-137.2279898336912,22.59032007407405,93.0,88.89600000000003,48.33198983369116,21.0
-1,-120.97356693643675,23.162961685185184,70.0,72.57600000000002,48.397566936436746,17.0
-1,-130.60637347171777,20.567200407407352,80.0,82.17600000000002,48.430373471717765,23.0
-1,-115.39786845923244,22.945148361111126,71.0,67.77600000000002,47.62186845923241,17.0
-1,-116.02328812879188,21.698490120370344,64.0,60.576,55.44728812879187,22.0
-1,-147.85960266594947,26.941832680555557,97.0,89.85600000000004,58.00360266594944,22.0
-1,-165.58299764893144,25.54975611574071,132.0,121.15200000000004,44.43099764893141,23.0
-1,-127.21980492075784,27.48763857870369,78.0,69.21600000000002,58.00380492075783,19.0
-1,-138.44213891202327,26.833013023148123,110.0,106.36800000000008,32.0741389120232,17.0
-1,-124.26305663757611,24.99383181018509,78.0,79.29600000000003,44.96705663757608,23.0
-1,-117.6225691077844,24.541135564814752,67.0,72.86400000000003,44.75856910778438,21.0
-1,-125.19746742124698,24.61665348611106,65.0,65.85600000000004,59.34146742124695,21.0
-1,-126.64393562257256,25.062742041666628,75.0,72.96000000000004,53.68393562257252,21.0
-1,-161.16446809936568,25.04976958796296,90.0,94.368,66.79646809936567,22.0
-1,-125.96741298567864,20.62651775,56.0,64.22400000000002,61.74341298567862,22.0
-1,-109.20562290727848,24.496924162037004,59.0,54.43200000000002,54.77362290727845,18.0
-1,-119.98982632741834,27.752694212962968,62.0,44.16000000000002,75.82982632741832,22.0
-1,-129.6333417198267,22.891622467592573,75.0,73.72800000000004,55.90534171982665,23.0
-1,-123.40696260642882,25.98744781944442,61.0,52.800000000000026,70.6069626064288,20.0
-1,-128.1458347243911,18.89316805555556,70.0,73.05600000000003,55.08983472439108,22.0
-1,-137.60299137705846,28.868581337962915,91.0,80.44800000000005,57.1549913770584,20.0
-1,-115.19803007002464,19.7392805972222,65.0,59.90400000000003,55.29403007002461,22.0
-1,-109.13375454259956,19.813256523148112,58.0,53.28000000000001,55.853754542599546,24.0
-1,-121.35448401678931,32.14653895833328,87.0,74.11200000000004,47.24248401678928,19.0
-1,-119.94139000574458,21.877607166666664,51.0,44.92800000000001,75.01339000574457,21.0
-1,-118.7720124672563,19.211664666666664,80.0,68.25600000000001,50.51601246725629,24.0
-1,-117.821234938059,21.179059245370343,60.0,57.69600000000002,60.12523493805899,21.0
-1,-127.64153262119731,22.71605174537038,91.0,75.168,52.47353262119732,22.0
-1,-131.1589930796713,26.507037962962936,81.0,75.74400000000003,55.41499307967125,20.0
-1,-123.99770612143764,24.311998097222222,76.0,66.62400000000002,57.37370612143762,21.0
-1,-149.2329211331805,28.088628606481493,120.0,104.16000000000004,45.07292113318047,21.0
-1,-119.8914965954794,23.701072268518477,68.0,59.71200000000002,60.179496595479385,24.0
-1,-164.08968036323205,21.17585285648145,132.0,118.84800000000004,45.24168036323202,21.0
-1,-117.89118436172876,24.81521154166664,72.0,63.45600000000003,54.43518436172872,21.0
-1,-98.39795951798978,22.480174050925918,69.0,59.42400000000001,38.97395951798977,17.0
-1,-128.79020655552443,20.051993657407387,82.0,77.56800000000004,51.22220655552438,23.0
-1,-127.44766137458278,29.898256523148163,101.0,96.76800000000004,30.67966137458273,15.0
-1,-119.5414552855114,30.07879696296288,82.0,78.81600000000003,40.725455285511366,18.0
-1,-140.13234688655592,28.32033419907403,92.0,84.96000000000002,55.17234688655591,19.0
-1,-116.76298481544922,25.966397893518486,64.0,52.03200000000002,64.7309848154492,21.0
-1,-115.84008536890856,20.137682666666635,82.0,75.16800000000002,40.67208536890856,21.0
-1,-109.67068036063765,25.932191634259212,73.0,60.38400000000003,49.2866803606376,20.0
-1,-194.2821241758987,42.27426978703704,67.0,37.92,156.3621241758987,28.0
-1,-110.9514229542498,19.530751861111103,64.0,63.64800000000003,47.30342295424978,21.0
-1,-94.79544213651484,16.571710361111105,44.0,38.112,56.68344213651485,24.0
-1,-121.21273510307223,24.06717369907403,69.0,60.38400000000003,60.82873510307222,22.0
-1,-126.48305356528007,27.52407737962955,99.0,86.01600000000002,40.46705356528007,21.0
-1,-117.2921344224333,25.83859077314807,57.0,51.648000000000025,65.64413442243328,23.0
-1,-121.4543947655974,20.02030949999996,82.0,67.77600000000002,53.67839476559738,26.0
-1,-112.28399358263826,26.70892826851846,69.0,52.99200000000003,59.29199358263822,22.0
-1,-132.82035323897384,24.7400680925926,87.0,81.88800000000002,50.93235323897382,20.0
-1,-114.21242901299304,24.73604896296296,72.0,64.41600000000003,49.796429012993016,20.0
-1,-113.66058998168153,24.272718930555552,86.0,70.65600000000003,43.00458998168149,18.0
-1,-112.73073027508154,25.88993626388892,73.0,51.360000000000014,61.37073027508153,21.0
-1,-113.02753024446524,15.309482805555552,81.0,69.31200000000001,43.71553024446521,26.0
-1,-130.41512866191258,27.974417236111098,93.0,68.64000000000003,61.77512866191254,22.0
-1,-100.03690809054638,24.232483717592565,47.0,41.088000000000015,58.948908090546354,18.0
-1,-163.49684403830878,21.91002290740737,121.0,113.47200000000004,50.02484403830876,24.0
-1,-125.25038627304636,23.07844505092592,76.0,69.50400000000003,55.74638627304631,22.0
-1,-122.84619557486648,23.66699414814809,70.0,71.52000000000002,51.32619557486646,23.0
-1,-127.29657823424404,26.50100160185185,98.0,73.24800000000003,54.04857823424401,23.0
-1,-128.96085320771155,23.29989616666657,59.0,57.60000000000002,71.36085320771153,22.0
-1,-119.53223468972082,19.87132652777773,80.0,69.88800000000003,49.64423468972079,24.0
-1,-164.09677577012977,23.687534967592526,67.0,80.25600000000004,83.84077577012972,23.0
-1,-138.7578025903003,25.53115665740737,62.0,61.82400000000003,76.93380259030027,22.0
-1,-119.33427803754272,21.23068939351843,60.0,54.81600000000002,64.51827803754271,24.0
-1,-117.56950006527263,23.6223881666666,64.0,53.95200000000002,63.61750006527263,22.0
-1,-135.05577803352614,22.38870746759256,67.0,62.208000000000006,72.84777803352613,22.0
-1,-101.53247015673804,24.45437840277773,58.0,39.93600000000001,61.59647015673804,23.0
-1,-135.0349037976879,22.986801384259216,72.0,58.94400000000002,76.09090379768787,25.0
-1,-109.09418578169658,26.48490860648143,61.0,61.34400000000003,47.750185781696544,19.0
-1,-176.26461958234913,44.77806802777784,93.0,63.07200000000002,113.19261958234912,29.0
-1,-108.63851474651774,21.064390356481443,51.0,52.800000000000026,55.83851474651772,20.0
-1,-112.01163543260223,24.02904232407407,92.0,69.50400000000002,42.50763543260223,21.0
-1,-132.04133174411749,24.71279552777774,82.0,75.93600000000004,56.10533174411745,21.0
-1,-146.92155558610045,22.89273538425919,68.0,70.75200000000004,76.16955558610043,22.0
-1,-126.58262155976844,23.07785961111103,68.0,68.35200000000002,58.230621559768416,23.0
-1,-137.7401074646994,17.327713277777757,97.0,85.05600000000004,52.68410746469935,24.0
-1,-121.57285027018368,23.835778138888884,84.0,66.24000000000002,55.332850270183656,21.0
-1,-119.62494113154008,23.71988598611109,69.0,58.656000000000034,60.96894113154004,24.0
-1,-128.06649496722832,23.50152768055552,59.0,56.44800000000004,71.6184949672283,20.0
-1,-125.58834849009648,20.549684847222217,54.0,46.27200000000001,79.31634849009647,24.0
-1,-110.94038845430411,22.332104097222224,66.0,63.55200000000003,47.38838845430409,19.0
-1,-118.28627511367378,27.65109189351848,78.0,71.52000000000002,46.76627511367376,19.0
-1,-116.35464723881871,23.8086880462963,75.0,58.46400000000002,57.89064723881869,21.0
-1,-104.93440805487498,22.59319654166665,65.0,57.12000000000003,47.81440805487495,20.0
-1,-119.73149577743928,22.40487221759254,58.0,53.95200000000001,65.77949577743927,21.0
-1,-121.56718630686495,24.305824421296236,68.0,61.824000000000034,59.74318630686493,20.0
-1,-125.45858931062062,21.95909529166662,77.0,71.32800000000003,54.1305893106206,25.0
-1,-114.27749285359351,21.334070675925897,58.0,50.11200000000002,64.1654928535935,23.0
-1,-123.95599929789688,28.86408421296301,85.0,58.27200000000002,65.68399929789685,24.0
-1,-114.90805714676289,22.56953023148147,78.0,62.40000000000002,52.50805714676287,22.0
-1,-101.59095602736484,26.75441938888889,58.0,45.216000000000015,56.37495602736483,20.0
-1,-107.47486882838604,18.458306888888902,69.0,60.86400000000002,46.61086882838602,23.0
-1,-107.83939496179552,24.09372083796301,72.0,57.312000000000026,50.52739496179551,20.0
-1,-121.29392458365274,21.873645194444386,71.0,67.77600000000002,53.51792458365272,25.0
-1,-115.01484057455578,23.66162795370369,83.0,69.60000000000002,45.41484057455576,20.0
-1,-105.79919706500598,21.1088860972222,64.0,56.25600000000002,49.54319706500597,24.0
-1,-134.64499365515636,23.80610714351848,63.0,60.28800000000004,74.35699365515632,23.0
-1,-98.56255984793656,21.154961273148142,52.0,46.84800000000001,51.71455984793656,20.0
-1,-110.14456267303656,26.822053648148145,67.0,50.976000000000006,59.16856267303653,20.0
-1,-117.2434722512665,26.395741199074028,77.0,74.88000000000002,42.36347225126647,19.0
-1,-110.78608946051848,22.07642037037032,47.0,41.47200000000001,69.31408946051847,22.0
-1,-102.21966323735036,19.08207587962961,40.0,34.94400000000001,67.27566323735033,21.0
-1,-111.66910887783102,18.535365384259244,84.0,65.47200000000002,46.197108877831,23.0
-1,-129.89738203389248,23.26763588888889,59.0,54.72000000000003,75.17738203389244,21.0
-1,-152.89491449519346,23.881286583333274,126.0,106.56000000000004,46.334914495193445,23.0
-1,-129.95963561785692,26.2585271712962,73.0,75.55200000000004,54.40763561785688,23.0
-1,-118.7353052112558,24.751937874999932,82.0,67.87200000000003,50.86330521125576,24.0
-1,-99.11298537044382,19.44257488888887,61.0,56.736,42.37698537044381,23.0
-1,-108.22183477891656,24.4290823148148,67.0,57.12000000000003,51.10183477891652,19.0
-1,-122.57909848818164,23.927028569444463,90.0,81.98400000000002,40.59509848818161,19.0
-1,-104.88355739056875,21.649064296296316,68.0,55.58400000000002,49.29955739056875,22.0
-1,-119.2686212147047,25.45309779629624,71.0,65.95200000000003,53.31662121470467,21.0
-1,-102.42552383636634,24.855845787036973,63.0,46.27200000000002,56.15352383636632,22.0
-1,-128.79327703658572,31.071892310185127,93.0,72.48,56.31327703658573,21.0
-1,-130.359831769704,20.06062635648146,68.0,73.82400000000003,56.535831769703954,23.0
-1,-121.54115584784569,24.11763005555552,84.0,81.21600000000002,40.325155847845664,20.0
-1,-113.1288483798711,18.241014199074048,64.0,47.424000000000014,65.7048483798711,24.0
-1,-126.33089919320597,23.74433648148142,84.0,74.592,51.73889919320597,20.0
-1,-106.41077014283024,20.12912083333329,54.0,43.29600000000002,63.11477014283021,25.0
-1,-105.2342545034092,17.975405384259254,50.0,47.71200000000002,57.5222545034092,26.0
-1,-113.31445833241511,22.98691063425924,63.0,58.656000000000034,54.65845833241509,23.0
-1,-123.90665002163368,23.37227870370363,77.0,71.42400000000002,52.482650021633646,21.0
-1,-121.8656546552468,19.47029516203702,62.0,55.29600000000003,66.56965465524677,25.0
-1,-121.10933703174535,23.68596808333328,80.0,66.528,54.58133703174535,22.0
-1,-132.02627844702192,16.151731587962974,77.0,74.30400000000002,57.72227844702192,24.0
-1,-124.92297962852712,23.532427152777768,82.0,80.73600000000005,44.18697962852709,20.0
-1,-112.61632671451366,25.791743412037,72.0,57.504000000000026,55.11232671451364,23.0
-1,-105.64253828893736,24.03427930555556,63.0,52.70400000000003,52.93853828893732,19.0
-1,-137.00314071423247,25.395256680555494,99.0,89.376,47.62714071423248,22.0
-1,-115.2683423590044,22.787041212962936,60.0,59.52000000000002,55.74834235900437,21.0
-1,-110.64084395400631,23.808949226851805,57.0,49.248000000000026,61.39284395400631,20.0
-1,-107.63320283986224,24.8620141481481,61.0,55.96800000000003,51.66520283986221,21.0
-1,-120.87515723818372,24.46097671296291,73.0,59.52000000000003,61.35515723818371,20.0
-1,-128.69627242788698,19.58965962962964,74.0,77.376,51.32027242788699,22.0
-1,-127.60218593925153,22.617563430555524,77.0,67.20000000000002,60.40218593925151,22.0
-1,-113.4942145295632,22.671606810185164,80.0,64.896,48.5982145295632,22.0
-1,-93.31494555004006,19.31336147685185,47.0,29.664000000000005,63.65094555004006,24.0
-1,-111.0801344244956,22.57876705092588,85.0,73.92000000000002,37.1601344244956,18.0
-1,-107.21167828329952,25.80202401851849,50.0,45.216000000000015,61.99567828329952,18.0
-1,-108.0589130455721,22.487747430555487,60.0,52.32000000000002,55.73891304557208,23.0
-1,-110.1486663531096,16.350007375,53.0,55.96800000000001,54.18066635310959,23.0
-1,-107.52983927087476,22.70670690277781,60.0,46.08000000000002,61.44983927087473,22.0
-1,-109.16751122934195,20.13244784259255,51.0,50.01600000000002,59.15151122934195,21.0
-1,-108.98436474903966,21.83327713425921,62.0,53.28000000000002,55.70436474903964,21.0
-1,-127.77468642378813,21.592508976851825,83.0,72.67200000000004,55.10268642378808,23.0
-1,-124.59496352863876,22.473397666666663,77.0,78.33600000000006,46.25896352863871,21.0
-1,-107.33212950710949,24.015432796296256,72.0,67.29600000000002,40.03612950710946,17.0
-1,-140.44544794808309,28.610959680555556,117.0,98.49600000000008,41.94944794808304,21.0
-1,-126.15127701834946,21.17176734722218,79.0,68.06400000000001,58.087277018349454,25.0
-1,-122.34116786102108,19.459233958333293,55.0,57.98400000000002,64.35716786102105,24.0
-1,-94.71148672914754,20.22316765277776,46.0,39.84000000000001,54.871486729147534,20.0
-1,-120.8802281328906,22.84667474999994,74.0,74.78400000000003,46.096228132890566,20.0
-1,-110.39383151736811,24.97988153703697,71.0,56.25600000000002,54.13783151736809,18.0
-1,-160.4975975063928,19.257799421296244,92.0,91.00800000000004,69.48959750639276,28.0
-1,-116.81600031517088,19.09000286111107,51.0,48.86400000000001,67.95200031517086,23.0
-1,-140.60034458525269,29.380864189814787,88.0,69.21600000000004,71.38434458525265,24.0
-1,-113.31927836418116,20.64571799537034,51.0,46.84800000000001,66.47127836418116,21.0
-1,-128.78388083691937,23.160332916666665,91.0,81.79200000000002,46.99188083691935,20.0
-1,-119.27036096132872,27.60964091203704,89.0,71.32800000000002,47.942360961328696,19.0
-1,-107.73150270154558,15.759839305555522,51.0,44.92800000000001,62.80350270154557,26.0
-1,-100.96689048447485,21.447091513888893,55.0,52.12800000000002,48.83889048447481,20.0
-1,-115.75646445367452,24.3933739444444,72.0,65.95200000000004,49.80446445367448,20.0
-1,-104.82886436868569,26.353699828703697,77.0,56.06400000000003,48.76486436868565,18.0
-1,-120.38185797477747,19.95867596296292,67.0,64.51200000000001,55.86985797477747,21.0
-1,-125.33986229127883,19.642229300925884,52.0,50.68800000000002,74.65186229127883,24.0
-1,-120.57511585911728,27.64604097222218,69.0,68.25600000000003,52.31911585911726,18.0
-1,-104.49470972135684,20.872415648148102,50.0,49.728000000000016,54.766709721356825,20.0
-1,-110.91288208366733,25.568009398148103,71.0,60.96000000000002,49.952882083667305,19.0
-1,-117.00057330647996,25.695462333333307,88.0,61.92000000000002,55.08057330647994,22.0
-1,-100.33511915206162,19.857035592592567,53.0,49.92000000000002,50.41511915206159,22.0
-1,-99.34057311435468,21.70764359259257,62.0,50.88000000000002,48.460573114354666,22.0
-1,-112.74935538670064,23.281628828703663,64.0,53.85600000000002,58.89335538670062,21.0
-1,-135.13958930903837,26.669488513888844,116.0,97.44000000000004,37.69958930903835,20.0
-1,-119.20945920452144,22.642537324074056,62.0,52.51200000000002,66.69745920452141,24.0
-1,-115.79731695187245,17.991047986111102,58.0,48.288000000000025,67.5093169518724,22.0
-1,-109.87583656513142,18.94057481481477,68.0,68.83200000000001,41.04383656513141,22.0
-1,-128.13999376420776,24.062821680555498,69.0,62.016000000000005,66.12399376420774,24.0
-1,-123.75594160477664,25.56790163425921,86.0,64.60800000000002,59.14794160477661,22.0
-1,-111.97179378432423,24.699122162036996,68.0,64.60800000000002,47.36379378432423,20.0
-1,-118.67105494069897,24.149219124999945,78.0,66.04800000000004,52.6230549406989,22.0
-1,-127.15907171543616,30.41663693518512,83.0,74.30400000000002,52.85507171543614,20.0
-1,-120.3388938874714,19.96759843055556,68.0,66.62400000000002,53.7148938874714,23.0
-1,-122.07719525465453,28.072466310185103,96.0,78.04800000000004,44.02919525465449,22.0
-1,-125.19518178551108,23.976488930555504,62.0,58.94400000000003,66.25118178551105,22.0
-1,-180.06020726633503,38.57661237499997,64.0,40.51200000000001,139.54820726633503,29.0
-1,-114.53083996637235,27.174727847222204,69.0,61.05600000000003,53.47483996637233,18.0
-1,-113.15048649445347,27.384708537036985,71.0,55.39200000000001,57.75848649445346,19.0
-1,-102.61508897549554,25.135038569444397,59.0,50.112000000000016,52.50308897549552,18.0
-1,-96.85703070302804,14.332565032407407,37.0,35.712,61.14503070302803,25.0
-1,-125.02319794838634,26.507506578703644,70.0,61.632000000000026,63.39119794838631,22.0
-1,-112.98335652328475,19.205065064814814,70.0,62.49600000000001,50.48735652328474,21.0
-1,-109.54397652934416,20.242491370370303,57.0,52.99200000000001,56.55197652934414,22.0
-1,-122.7697246666348,21.998970916666607,87.0,69.69600000000003,53.07372466663478,23.0
-1,-116.49582368692744,24.59884505555554,70.0,55.96800000000002,60.52782368692743,21.0
-1,-133.80662373676608,21.09083802314812,96.0,87.45600000000002,46.35062373676605,23.0
-1,-157.2943142264144,39.54699170370371,82.0,60.00000000000002,97.29431422641436,24.0
-1,-115.52251465064032,24.816510763888893,72.0,52.51200000000003,63.01051465064028,22.0
-1,-114.59493766393254,23.401887162037028,62.0,60.86400000000004,53.73093766393251,21.0
-1,-113.91354178654144,20.24613925925923,61.0,60.38400000000002,53.5295417865414,22.0
-1,-109.98327064817364,26.026344555555507,87.0,68.06400000000002,41.919270648173615,20.0
-1,-117.1448187594992,17.67439379629631,63.0,60.19200000000002,56.95281875949917,23.0
-1,-120.06348892954864,21.47512516203703,61.0,58.94400000000003,61.11948892954862,22.0
-1,-116.74378091418777,17.002883671296303,39.0,39.45600000000001,77.28778091418775,23.0
-1,-109.1653641914063,23.70141515277776,69.0,56.35200000000002,52.81336419140627,20.0
-1,-109.91679511210268,18.744216444444422,76.0,64.80000000000001,45.116795112102665,23.0
-1,-136.37122355436165,27.471415754629607,129.0,91.20000000000002,45.17122355436164,22.0
-1,-112.81579726880942,18.41807322685184,74.0,63.45600000000002,49.3597972688094,20.0
-1,-129.44730265559775,26.000340592592565,67.0,56.44800000000004,72.99930265559773,22.0
-1,-128.95710222956086,23.464853069444384,80.0,68.25600000000003,60.701102229560846,22.0
-1,-121.21583077770802,21.533631833333324,55.0,55.39200000000002,65.823830777708,22.0
-1,-131.20019649384358,22.709741111111075,94.0,83.71200000000003,47.48819649384355,18.0
-1,-125.326958386809,22.09474611574064,78.0,63.55200000000002,61.77495838680898,26.0
-1,-119.11171458831257,22.349447101851812,60.0,52.704000000000015,66.40771458831254,21.0
-1,-107.75424346928315,20.546626546296277,50.0,43.10400000000001,64.65024346928314,20.0
-1,-118.46992800289726,31.30518354166667,84.0,65.85600000000002,52.61392800289723,17.0
-1,-116.2961764121849,23.11057492129627,78.0,66.62400000000001,49.6721764121849,24.0
-1,-118.42003446415464,19.232105046296287,78.0,67.10400000000001,51.31603446415464,23.0
-1,-108.13275974396484,21.665451703703663,62.0,58.84800000000002,49.28475974396482,20.0
-1,-110.72176787294168,20.53156667592589,64.0,62.11200000000002,48.60976787294167,23.0
-1,-133.3670005696812,25.67974149074073,90.0,78.81600000000005,54.551000569681165,18.0
-1,-133.28238292670784,24.10365089814811,95.0,88.99200000000003,44.2903829267078,19.0
-1,-146.42520273591043,22.203959245370275,88.0,89.76000000000002,56.6652027359104,22.0
-1,-112.64176010626268,19.903763981481447,79.0,60.480000000000025,52.16176010626264,23.0
-1,-128.42281580692764,21.92878382870368,84.0,83.616,44.80681580692765,19.0
-1,-113.7292836087966,17.74533591203703,61.0,48.19200000000003,65.53728360879659,23.0
-1,-100.7245907169133,21.621030847222187,48.0,37.632000000000005,63.0925907169133,20.0
-1,-102.8859750247357,19.179254333333297,56.0,52.51200000000002,50.37397502473567,25.0
-1,-132.21306558782197,22.655100162036977,97.0,81.31200000000005,50.901065587821904,24.0
-1,-100.2667919502982,17.35759063425926,51.0,39.360000000000014,60.9067919502982,25.0
-1,-105.3698823239225,28.41836016203696,54.0,50.496000000000016,54.87388232392249,17.0
-1,-120.14013779641424,20.37426649074068,50.0,53.28000000000004,66.86013779641421,23.0
-1,-111.58389453813211,23.42363138888884,72.0,65.08800000000004,46.49589453813207,20.0
-1,-97.62074780331444,21.790843865740733,61.0,46.56000000000001,51.06074780331442,20.0
-1,-120.829349547549,21.31627989351843,72.0,69.21600000000002,51.61334954754899,22.0
-1,-108.72696450139487,26.186835578703672,58.0,58.65600000000003,50.070964501394855,18.0
-1,-109.97279115791676,21.296912180555516,79.0,67.39200000000001,42.58079115791675,21.0
-1,-110.6139914208372,20.02526055092588,63.0,52.80000000000001,57.813991420837205,23.0
-1,-136.38845021553567,19.010860097222206,78.0,81.21600000000002,55.17245021553565,22.0
-1,-112.89940525332506,16.12040741666669,75.0,69.02400000000002,43.87540525332504,24.0
-1,-123.24137737355495,26.48469537962964,81.0,74.59200000000003,48.64937737355495,19.0
-1,-139.63235080063512,20.76659299074073,104.0,81.31200000000003,58.3203508006351,25.0
-1,-111.28897975977124,20.71374874999999,63.0,55.96800000000003,55.32097975977121,21.0
-1,-105.64293317324916,26.852124393518448,65.0,66.33600000000003,39.30693317324913,15.0
-1,-112.00899070340316,21.59420968055554,54.0,46.75200000000002,65.25699070340315,23.0
-1,-112.77551748431095,19.18668795833331,67.0,64.99200000000002,47.78351748431094,21.0
-1,-107.4023151388398,25.09708978703698,75.0,61.728,45.674315138839816,19.0
-1,-96.50682957003752,22.692820824074023,43.0,44.256000000000014,52.25082957003751,19.0
-1,-112.89377677831077,21.014884166666626,70.0,62.88000000000002,50.01377677831074,20.0
-1,-109.51175104971917,27.38460811574076,71.0,60.672000000000025,48.83975104971914,18.0
-1,-122.9813018279272,21.267291736111076,67.0,66.14400000000003,56.83730182792717,23.0
-1,-108.26307067522345,19.79634049537033,49.0,49.34400000000002,58.919070675223416,22.0
-1,-126.5537412675284,23.736509787037,88.0,78.33600000000003,48.21774126752839,22.0
-1,-131.14195603717184,19.010540166666605,87.0,72.768,58.37395603717183,25.0
-1,-116.60136372215688,20.874757495370336,62.0,56.92800000000003,59.67336372215685,20.0
-1,-148.14852977537336,31.277368884259328,56.0,41.472000000000016,106.67652977537334,26.0
-1,-122.41211725832969,19.925929722222207,74.0,65.37600000000002,57.03611725832967,24.0
-1,-130.65166234487953,21.6901231018518,72.0,65.56800000000003,65.08366234487949,24.0
-1,-96.16812683049278,19.38995350925922,57.0,47.71200000000002,48.45612683049276,22.0
-1,-111.8254150624325,20.809743421296314,61.0,56.35200000000002,55.47341506243248,23.0
-1,-115.79001891687628,20.35982618518517,83.0,72.57600000000002,43.21401891687625,21.0
-1,-116.52436651864524,17.56639660185181,67.0,57.40800000000003,59.11636651864522,24.0
-1,-96.18710790809344,17.694226773148166,78.0,68.06400000000001,28.123107908093427,19.0
-1,-111.69167287684488,18.95359780555557,64.0,61.152000000000015,50.53967287684485,22.0
-1,-105.5381537652103,25.46295280092591,61.0,48.86400000000001,56.67415376521028,18.0
-1,-93.17444030960404,19.45999785648148,53.0,41.28000000000001,51.89444030960405,24.0
-1,-101.47294814651868,18.52441747685188,52.0,42.72000000000002,58.75294814651867,23.0
-1,-97.77204842310265,22.71238524074074,56.0,42.91200000000001,54.86004842310261,22.0
-1,-119.81885194197255,15.665922921296293,64.0,66.14400000000002,53.67485194197253,25.0
-1,-119.64571563696256,21.68027201388885,59.0,52.32000000000003,67.32571563696253,23.0
-1,-114.3159393682669,18.71468605092592,70.0,68.83200000000001,45.483939368266896,21.0
-1,-138.79708588072077,23.82224974074072,70.0,63.74400000000004,75.05308588072073,22.0
-1,-140.9219001338337,18.835302398148112,79.0,84.86400000000003,56.05790013383366,26.0
-1,-114.9069553460295,19.286592152777757,73.0,65.76000000000002,49.146955346029486,25.0
-1,-102.59062609360056,14.141498092592595,62.0,52.22400000000002,50.36662609360054,27.0
-1,-115.77960440643844,21.94078974074073,82.0,65.66400000000003,50.1156044064384,19.0
-1,-109.8476123725766,20.30807155092586,72.0,63.16800000000001,46.6796123725766,23.0
-1,-104.0074230140014,17.749044925925944,69.0,63.16800000000002,40.839423014001376,19.0
-1,-112.67713697573676,22.064319412036998,56.0,44.448000000000015,68.22913697573676,22.0
-1,-96.81489368590576,24.24693262962961,67.0,51.16800000000003,45.64689368590575,23.0
-1,-86.96366576678997,16.944411578703697,45.0,41.85600000000001,45.10766576678996,22.0
-1,-133.03184622235077,21.20981355092587,97.0,75.936,57.095846222350765,25.0
-1,-123.82240800626104,21.10005535648143,73.0,77.66400000000004,46.15840800626099,19.0
-1,-132.1780669668358,24.867683305555527,84.0,67.68000000000004,64.49806696683575,22.0
-1,-98.7423749134378,20.439770199074065,78.0,64.51200000000003,34.230374913437764,20.0
-1,-103.27160329842168,16.71959659259257,70.0,56.44800000000002,46.82360329842164,25.0
-1,-119.4333277004645,26.35007337037037,83.0,70.17600000000004,49.25732770046447,17.0
-1,-111.26396761489111,23.27134878240741,68.0,57.88800000000001,53.37596761489112,19.0
-1,-116.46555276660588,17.424978046296292,61.0,55.58400000000001,60.88155276660586,24.0
-1,-144.19799195388296,19.39375460648141,76.0,77.66400000000004,66.53399195388292,26.0
-1,-115.02324312519268,16.3187429861111,52.0,52.608000000000025,62.415243125192674,25.0
-1,-124.07320191158011,25.52505773611104,76.0,72.76800000000001,51.30520191158011,20.0
-1,-116.3089578517278,17.624397212962954,58.0,60.960000000000015,55.3489578517278,20.0
-1,-144.8918994233599,19.535372467592538,70.0,78.91200000000003,65.97989942335985,24.0
-1,-112.82340847212636,20.36184442129625,57.0,52.03200000000001,60.79140847212636,23.0
-1,-107.70385212633698,20.827879754629564,63.0,63.648000000000025,44.05585212633695,22.0
-1,-121.81819659630894,18.00345867129628,80.0,69.31200000000001,52.506196596308925,23.0
-1,-115.37887650647394,19.2767343611111,77.0,69.88800000000003,45.49087650647391,23.0
-1,-122.71990419998976,23.2440590694444,82.0,69.40800000000003,53.31190419998974,21.0
-1,-110.5988901588993,22.513366768518463,75.0,71.42400000000004,39.17489015889926,20.0
-1,-104.5633212116575,14.931420837962968,54.0,46.176000000000016,58.387321211657486,24.0
-1,-110.1671331704598,24.15667730092591,71.0,61.34400000000004,48.82313317045976,21.0
-1,-102.44675084145533,18.517927671296263,69.0,64.99200000000003,37.45475084145528,21.0
-1,-118.7856991453852,24.827777134259165,81.0,67.96800000000002,50.81769914538517,20.0
-1,-106.43665294592633,25.99797509722219,69.0,55.20000000000002,51.236652945926295,17.0
-1,-101.2984679064916,21.182454504629582,60.0,59.23200000000004,42.06646790649155,19.0
-1,-115.74054748645491,23.731267037036982,96.0,78.91200000000003,36.82854748645489,21.0
-1,-94.94528866549231,18.052395430555563,51.0,48.96000000000001,45.98528866549231,23.0
-1,-142.2675366712305,17.97979839814811,78.0,68.352,73.91553667123048,26.0
-1,-121.1921803622942,21.507146162037014,73.0,72.28800000000004,48.90418036229416,20.0
-1,-94.16535620144232,17.12329505092592,52.0,48.19200000000002,45.97335620144228,21.0
-1,-138.11713415836385,21.05810519907406,89.0,77.76000000000003,60.35713415836379,25.0
-1,-118.20214070913504,16.446725472222205,56.0,52.80000000000002,65.40214070913504,24.0
-1,-106.17653649928096,18.422337217592588,53.0,47.61600000000002,58.56053649928094,22.0
-1,-121.69836147043918,21.8968515694444,75.0,63.840000000000025,57.85836147043915,21.0
-1,-112.55542159034336,18.47394255555555,44.0,48.384000000000015,64.17142159034336,24.0
-1,-91.334119484847,20.9253568657407,49.0,39.168000000000006,52.166119484847,21.0
-1,-119.6669381848762,23.999380078703723,59.0,38.30400000000001,81.36293818487619,25.0
-1,-122.36561908684274,19.981151574074023,47.0,45.79200000000001,76.57361908684274,24.0
-1,-104.15524347514672,15.508582462962949,49.0,50.496000000000016,53.6592434751467,23.0
-1,-107.68766225729382,22.736533106481417,70.0,53.66400000000003,54.02366225729379,24.0
-1,-126.5715079216418,18.041955254629595,75.0,72.48000000000002,54.09150792164177,26.0
-1,-104.72600779388485,20.218126712962952,57.0,46.56000000000002,58.166007793884816,22.0
-1,-116.67817559275576,20.189868305555493,58.0,56.25600000000002,60.42217559275573,22.0
-1,-119.33737442250742,21.334657287036997,70.0,61.344000000000015,57.993374422507415,21.0
-1,-122.10197602291026,25.99892846296293,77.0,70.94400000000005,51.15797602291021,20.0
-1,-112.7982099663066,22.383343148148118,54.0,51.552000000000014,61.24620996630658,19.0
-1,-112.72377878218973,24.0362474722222,69.0,62.59200000000003,50.131778782189706,19.0
-1,-113.31224913353682,26.118330699073997,66.0,65.08800000000002,48.2242491335368,20.0
-1,-106.0062723038429,23.30323122222221,63.0,58.27200000000001,47.734272303842886,19.0
-1,-116.5548754247754,23.029960523148088,70.0,54.04800000000002,62.50687542477536,23.0
-1,-105.85622729641614,24.616366342592556,68.0,49.152000000000015,56.70422729641613,20.0
-1,-110.31192911144666,19.26449594444443,56.0,52.416000000000025,57.89592911144664,21.0
-1,-125.6676170320856,19.75640092592589,69.0,69.88800000000003,55.779617032085554,23.0
-1,-124.83361144120164,17.6054081759259,71.0,61.536000000000016,63.29761144120161,26.0
-1,-100.81800729806722,14.817582879629622,50.0,39.36000000000001,61.45800729806721,25.0
-1,-117.19484499722518,22.421272999999964,70.0,55.296000000000014,61.89884499722516,21.0
-1,-98.3100997276168,20.878036504629584,62.0,52.22400000000002,46.08609972761677,22.0
-1,-111.4807543647584,16.3785112222222,50.0,50.68800000000002,60.79275436475838,24.0
-1,-116.01251335088564,18.49056217129627,56.0,52.89600000000003,63.11651335088562,23.0
-1,-118.81542818047922,18.577594861111088,42.0,41.85600000000001,76.95942818047921,25.0
-1,-146.80146481957087,38.32028579629628,77.0,56.64000000000003,90.16146481957082,25.0
-1,-124.26645158781125,19.9287912175925,70.0,59.61600000000002,64.65045158781122,29.0
-1,-100.09513115287942,19.27991216203704,56.0,44.83200000000001,55.26313115287941,22.0
-1,-126.86229736371467,21.04306231018511,66.0,58.176000000000016,68.68629736371467,22.0
-1,-107.9607950494198,21.190748421296263,67.0,56.640000000000015,51.32079504941977,23.0
-1,-98.65310247494918,17.189929453703694,45.0,41.28,57.37310247494917,24.0
-1,-111.41911643016,23.78500163425925,74.0,63.07200000000002,48.34711643015998,18.0
-1,-128.2350601555823,18.765695305555514,72.0,65.56800000000001,62.66706015558226,26.0
-1,-106.445034676987,19.063856231481463,57.0,45.408000000000015,61.03703467698698,23.0
-1,-123.11310629206984,26.083190800925877,76.0,56.928000000000026,66.18510629206982,22.0
-1,-112.52799233170336,18.255920740740688,79.0,63.45600000000002,49.07199233170335,24.0
-1,-112.6263117992466,20.33787205555548,62.0,57.12000000000003,55.50631179924656,24.0
-1,-111.090028892243,22.488513703703667,62.0,56.16000000000003,54.93002889224297,21.0
-1,-125.8643947080076,22.33498563425921,87.0,64.51200000000003,61.352394708007566,25.0
-1,-119.6962409608796,14.36479400000002,63.0,71.52000000000002,48.17624096087957,21.0
-1,-130.08828937053943,19.759513874999957,72.0,66.72000000000001,63.3682893705394,26.0
-1,-109.77332206360096,22.810378180555507,60.0,59.42400000000002,50.34932206360094,21.0
-1,-114.39563277079212,16.44467369907405,55.0,52.224000000000025,62.17163277079212,24.0
-1,-101.93527619802542,23.392112189814817,75.0,56.73600000000001,45.19927619802541,21.0
-1,-107.6613517387367,27.08504708796288,67.0,53.56800000000002,54.09335173873668,20.0
-1,-131.62948159465435,27.637774935185117,99.0,81.12000000000005,50.50948159465432,20.0
-1,-107.71587024819289,24.2943651157407,71.0,57.50400000000002,50.21187024819285,21.0
-1,-129.85065411310683,22.670772837962883,61.0,63.36000000000002,66.4906541131068,24.0
-1,-117.39823803155736,22.87563396759257,70.0,61.63200000000003,55.766238031557336,22.0
-1,-88.15757626507478,16.460706356481484,57.0,43.77600000000002,44.38157626507476,23.0
-1,-108.33835563423168,22.08615413425922,67.0,67.48800000000001,40.85035563423168,21.0
-1,-113.83722495276524,19.409493004629603,66.0,67.29600000000002,46.541224952765226,20.0
-1,-116.2623668487642,17.630497249999983,59.0,61.92000000000003,54.34236684876416,24.0
-1,-118.12152273838863,23.113616356481465,84.0,71.13600000000002,46.98552273838862,19.0
-1,-99.50582546228516,26.600623453703665,53.0,47.80800000000002,51.69782546228512,17.0
-1,-142.25788232202197,21.60125416203701,64.0,83.90400000000005,58.35388232202192,20.0
-1,-113.69604276414698,16.668832861111092,60.0,48.96000000000001,64.73604276414697,23.0
-1,-120.31054594484785,25.593341101851788,68.0,65.66400000000003,54.64654594484781,21.0
-1,-131.1945242756909,22.607645101851805,89.0,88.51200000000001,42.68252427569088,20.0
-1,-130.14993928392462,28.1582308981481,80.0,71.80800000000004,58.34193928392459,20.0
-1,-124.72917480666064,19.28196446759254,67.0,56.25600000000003,68.47317480666061,26.0
-1,-118.09315948329728,21.891476958333293,62.0,50.11200000000002,67.98115948329725,23.0
-1,-110.72758349767122,27.928926731481425,72.0,63.840000000000046,46.88758349767117,20.0
-1,-113.695375180068,19.925628842592555,54.0,53.47200000000002,60.22337518006798,23.0
-1,-114.9817101558312,15.71563331944444,56.0,53.08800000000002,61.89371015583118,25.0
-1,-115.75780423510628,20.133564027777727,66.0,61.824000000000034,53.93380423510624,22.0
-1,-104.7309798934234,14.222700499999986,62.0,53.28000000000003,51.45097989342338,26.0
-1,-128.32950505569102,19.32317231481473,60.0,59.904000000000025,68.42550505569099,24.0
-1,-122.27727769334716,18.498812587962902,74.0,59.71200000000004,62.56527769334714,26.0
-1,-109.906807387639,19.56832081018517,64.0,55.00800000000002,54.89880738763896,21.0
-1,-84.77803534106832,13.597943194444442,39.0,34.272,50.50603534106831,24.0
-1,-97.37678868016168,19.01045436574069,59.0,49.34400000000002,48.03278868016166,23.0
-1,-109.29729148349944,18.957770865740727,56.0,50.40000000000002,58.89729148349943,23.0
-1,-117.61798453185077,20.61162044907405,86.0,72.28800000000001,45.32998453185074,21.0
-1,-110.13569401515484,20.43882896759256,69.0,62.016000000000034,48.1196940151548,24.0
-1,-107.58370417954772,22.42646205555556,49.0,48.48000000000001,59.103704179547705,17.0
-1,-110.8466753310343,25.870879379629567,74.0,62.30400000000002,48.54267533103428,19.0
-1,-110.38782869699868,20.509396152777708,56.0,45.50400000000001,64.88382869699865,23.0
-1,-111.84467586867947,23.59401849537036,63.0,52.89600000000003,58.948675868679445,20.0
-1,-103.79349523841348,20.7745272268518,53.0,47.04000000000001,56.75349523841345,22.0
-1,-126.50472535356096,21.7156472546296,67.0,75.64800000000005,50.8567253535609,22.0
-1,-92.91206587972808,21.679834092592586,48.0,38.976000000000006,53.93606587972808,20.0
-1,-102.15320696179047,24.855590115740693,47.0,38.68800000000001,63.465206961790486,19.0
-1,-110.03250303202276,20.49644178240737,53.0,47.71200000000002,62.32050303202274,21.0
-1,-104.08409955558788,22.91821418518515,70.0,54.33600000000003,49.74809955558784,21.0
-1,-111.8795607222445,23.635878254629556,75.0,60.57600000000003,51.30356072224448,22.0
-1,-112.22660126215922,23.962983087962908,53.0,44.92800000000001,67.29860126215921,21.0
-1,-115.23106467023888,20.015287629629587,65.0,63.936000000000014,51.29506467023885,21.0
-1,-110.37052845615524,20.96680743518515,64.0,63.84000000000003,46.5305284561552,20.0
-1,-99.8808810726517,14.390029773148164,63.0,54.43200000000002,45.44888107265168,23.0
-1,-120.87325386555702,18.34160005555552,57.0,51.26400000000002,69.609253865557,25.0
-1,-155.8883742544628,21.174817745370277,69.0,71.71200000000003,84.17637425446276,23.0
-1,-115.25612654901838,22.64101504166667,68.0,67.10400000000001,48.15212654901836,17.0
-1,-109.6324409071,23.85920749537033,62.0,61.632000000000026,48.00044090709997,19.0
-1,-94.15350065090551,22.54494460648146,66.0,44.73600000000002,49.41750065090552,22.0
-1,-110.62553887669944,13.488868805555551,50.0,45.600000000000016,65.02553887669943,26.0
-1,-116.76618072965186,22.10716134722217,71.0,57.02400000000001,59.74218072965186,23.0
-1,-96.85576018041051,19.566575398148142,58.0,46.75200000000002,50.10376018041051,22.0
-1,-104.50635763265176,28.695105171296294,72.0,48.57600000000002,55.93035763265173,19.0
-1,-152.62595193243786,20.30107728240738,85.0,98.40000000000006,54.2259519324378,22.0
-1,-97.75720834810798,19.650139412037028,53.0,51.45600000000002,46.30120834810797,19.0
-1,-114.13124283626834,25.542308087962883,89.0,66.52800000000003,47.6032428362683,21.0
-1,-115.56292396711206,20.774454944444415,75.0,62.11200000000004,53.450923967112026,23.0
-1,-100.76508825586652,27.52211974999994,58.0,47.90400000000002,52.861088255866505,19.0
-1,-93.96168801666542,15.507134611111118,52.0,50.016000000000005,43.94568801666542,22.0
-1,-95.39874842333998,20.21418240277776,50.0,43.00800000000001,52.39074842333998,20.0
-1,-123.0728169159644,23.143767050925813,66.0,65.08800000000002,57.98481691596438,22.0
-1,-112.84955975120916,21.43173687037031,68.0,61.440000000000026,51.40955975120913,22.0
-1,-88.28663826042964,17.65357276851853,48.0,37.72800000000001,50.55863826042964,21.0
-1,-99.89705563715808,22.17257931481474,68.0,54.81600000000003,45.08105563715806,23.0
-1,-111.61347259890428,24.64031082407406,75.0,63.36000000000001,48.25347259890428,20.0
-1,-94.3308379714024,21.7486030231481,55.0,44.54400000000002,49.78683797140236,23.0
-1,-126.40800605057734,23.265372384259265,69.0,49.344000000000015,77.06400605057733,23.0
-1,-121.474161871607,20.45525759259256,74.0,65.85600000000002,55.61816187160697,23.0
-1,-115.7568770159792,20.50733199074068,65.0,56.64000000000002,59.11687701597919,22.0
-1,-116.22058772751184,15.223085986111109,59.0,54.81600000000003,61.40458772751181,26.0
-1,-113.05955750151628,19.25512244444442,58.0,60.672000000000025,52.38755750151626,22.0
-1,-106.06097431827462,26.786149912036997,63.0,53.76000000000002,52.30097431827459,18.0
-1,-108.7699533837038,29.41178041203701,75.0,61.344000000000015,47.425953383703785,18.0
-1,-98.89172830964004,22.433227865740715,71.0,60.57600000000002,38.31572830964002,19.0
-1,-110.48268944174062,20.361758796296268,61.0,58.17600000000002,52.3066894417406,22.0
-1,-113.7517146238858,24.29012455092588,77.0,67.20000000000002,46.55171462388578,20.0
-1,-113.37851838451638,18.890646435185143,78.0,64.89600000000003,48.482518384516354,24.0
-1,-128.16106252710887,17.141052287037013,62.0,59.04000000000001,69.12106252710885,25.0
-1,-119.82671573270568,21.978482574074047,77.0,60.19200000000004,59.63471573270565,24.0
-1,-102.78154967246036,20.26804933796296,65.0,50.68800000000002,52.09354967246035,22.0
-1,-109.8132259238717,19.45676598148146,69.0,66.04800000000002,43.76522592387168,21.0
-1,-102.2957199866351,28.928772189814776,62.0,56.83200000000004,45.46371998663507,16.0
-1,-115.9149264714614,23.74572603703698,73.0,63.55200000000003,52.36292647146137,21.0
-1,-109.07483345554596,28.092613851851805,63.0,58.272000000000034,50.80283345554594,18.0
-1,-103.6426963576171,17.567026444444444,49.0,49.24800000000001,54.39469635761709,22.0
-1,-115.62984143980258,23.07138177777772,73.0,60.67200000000002,54.95784143980256,22.0
-1,-110.74561649069292,20.112630749999973,70.0,61.44000000000003,49.30561649069289,22.0
-1,-117.67957870563528,25.258641555555457,77.0,68.54400000000003,49.13557870563525,20.0
-1,-102.9050379111516,25.45489332407402,57.0,45.98400000000002,56.92103791115157,20.0
-1,-118.70025882221093,22.75581291203699,63.0,56.25600000000003,62.44425882221088,23.0
-1,-144.05955879256538,21.54275810648145,80.0,85.44000000000004,58.61955879256536,21.0
-1,-100.33201941786824,16.973630384259256,73.0,54.62400000000002,45.70801941786823,24.0
-1,-108.19290433884323,16.21410322222221,58.0,53.95200000000002,54.24090433884324,24.0
-1,-123.03590765822084,16.006967018518505,73.0,69.21600000000004,53.81990765822081,23.0
-1,-122.75472522527724,21.365182800925886,61.0,57.40800000000003,65.34672522527721,24.0
-1,-114.86922793135456,23.189000407407363,81.0,60.48000000000004,54.389227931354526,23.0
-1,-97.1955565792355,13.17056340740741,52.0,47.80800000000002,49.38755657923547,26.0
-1,-129.687997294771,24.685438814814816,87.0,79.68000000000004,50.007997294770966,20.0
-1,-109.57028618488786,17.82050713888891,64.0,56.640000000000015,52.93028618488785,22.0
-1,-131.6017398717562,20.914398421296227,76.0,71.61600000000004,59.98573987175616,23.0
-1,-118.36786830008153,16.861747342592558,62.0,57.88800000000003,60.479868300081485,24.0
-1,-127.66948589513028,23.22850930555553,61.0,63.45600000000003,64.21348589513025,22.0
-1,-126.00860419724764,27.75099914351849,81.0,72.00000000000004,54.00860419724759,20.0
-1,-115.54505058137968,19.205590902777747,80.0,75.74400000000003,39.80105058137966,21.0
-1,-129.95589822191852,20.610089759259207,85.0,73.63200000000002,56.323898221918505,23.0
-1,-109.41505964068394,24.069456361111065,69.0,57.02400000000002,52.39105964068391,22.0
-1,-130.84108537669104,20.390832962962904,67.0,58.75200000000003,72.08908537669102,24.0
-1,-109.23899035082792,20.11154496759258,62.0,53.18400000000002,56.0549903508279,22.0
-1,-122.19040475411232,24.17464672685181,77.0,68.83200000000004,53.35840475411226,21.0
-1,-93.3114661991504,22.658513527777743,58.0,50.01600000000001,43.29546619915038,19.0
-1,-121.25857478867054,26.80832646759253,69.0,66.14400000000003,55.11457478867051,20.0
-1,-108.44509005203815,17.358275009259227,56.0,46.17600000000002,62.26909005203814,24.0
-1,-111.46501744390622,21.412631277777724,60.0,56.92800000000001,54.537017443906215,23.0
-1,-115.61939499433714,21.065115092592556,77.0,59.13600000000002,56.48339499433713,24.0
-1,-114.58768307022264,28.593425777777718,61.0,49.05600000000001,65.53168307022263,20.0
-1,-112.23144519791266,19.99901872685184,53.0,50.97600000000002,61.25544519791264,20.0
-1,-116.9858647046128,23.36659017592585,63.0,67.00800000000002,49.97786470461278,21.0
-1,-153.4264527172519,17.70960631018514,83.0,98.01600000000003,55.41045271725184,24.0
-1,-109.1714227924614,23.032430129629585,63.0,47.90400000000002,61.26742279246139,22.0
-1,-96.31345654367315,23.629557685185187,82.0,64.41600000000003,31.89745654367313,19.0
-1,-92.79153486908388,23.06212327314814,57.0,46.46400000000003,46.32753486908385,21.0
-1,-156.37961947792417,24.72496868518512,99.0,86.68800000000003,69.69161947792412,28.0
-1,-101.73720118874854,24.68591642129621,58.0,48.480000000000025,53.25720118874851,20.0
-1,-116.3479260699085,19.18873067592592,85.0,79.29600000000003,37.05192606990846,21.0
-1,-106.12666022962092,17.61122027777776,60.0,64.70400000000002,41.42266022962088,20.0
-1,-108.12142581851498,16.065619949074073,64.0,60.57600000000002,47.54542581851495,24.0
-1,-104.38695920600917,15.094653222222227,52.0,40.896,63.490959206009165,25.0
-1,-143.31322163475352,22.381773638888827,81.0,90.62400000000004,52.68922163475349,22.0
-1,-112.47166954310856,25.149001578703672,71.0,72.86400000000002,39.60766954310853,17.0
-1,-113.58344637216987,19.74240050462958,72.0,70.84800000000003,42.73544637216986,22.0
-1,-117.80837302501745,23.53316693518516,86.0,77.18400000000005,40.62437302501738,20.0
-1,-116.2363658240512,13.707559259259243,70.0,66.24000000000002,49.996365824051175,26.0
-1,-106.07072784055674,22.82808768055557,62.0,55.39200000000003,50.678727840556704,20.0
-1,-126.79828809889312,25.46814497685179,71.0,62.40000000000003,64.3982880988931,22.0
-1,-128.7228148416989,24.429605162036985,73.0,70.08000000000003,58.64281484169887,21.0
-1,-119.61965132082254,19.010404865740703,75.0,67.68000000000002,51.93965132082252,25.0
-1,-95.6522413873455,27.748250166666622,65.0,49.056000000000026,46.59624138734547,18.0
-1,-109.22172111741182,22.84980499999996,69.0,59.712000000000025,49.5097211174118,23.0
-1,-113.00286660832474,19.312462249999943,65.0,58.46400000000002,54.53886660832472,23.0
-1,-110.63145035845264,20.51490008333329,67.0,58.08000000000001,52.55145035845264,23.0
-1,-112.92852718328508,22.330498152777785,68.0,58.08000000000003,54.84852718328504,21.0
-1,-106.45871134013431,18.98559406944444,54.0,65.28000000000002,41.17871134013431,20.0
-1,-108.7224242534641,28.35716488888886,80.0,58.75200000000002,49.97042425346408,20.0
-1,-121.52938841727064,17.437216388888867,82.0,80.92800000000001,40.60138841727064,23.0
-1,-101.11251513151872,21.803866375000013,51.0,47.80800000000002,53.30451513151872,22.0
-1,-119.55067666580138,21.832779902777723,68.0,59.80800000000001,59.74267666580136,23.0
-1,-109.1151764369358,23.7051463379629,77.0,58.08000000000001,51.035176436935785,22.0
-1,-127.30008757562436,15.598879185185174,68.0,74.40000000000002,52.900087575624326,22.0
-1,-118.5037585197671,21.29720231018515,72.0,54.72000000000001,63.7837585197671,23.0
-1,-120.48227523785768,21.5027373194444,77.0,61.056000000000026,59.42627523785766,23.0
-1,-111.92993398086094,18.39495649074072,63.0,53.760000000000026,58.16993398086092,27.0
-1,-112.7597578662736,20.306453611111102,66.0,57.98400000000001,54.77575786627359,20.0
-1,-99.54173076473582,19.63104838888889,51.0,50.496000000000016,49.0457307647358,21.0
-1,-119.64290442507252,15.979374337962955,65.0,59.904,59.738904425072526,27.0
-1,-114.53483686695236,17.28013600925925,56.0,56.44800000000003,58.08683686695232,22.0
-1,-110.3311746880196,21.00157504166664,73.0,70.84800000000001,39.48317468801957,20.0
-1,-97.89463985189036,14.186865648148164,57.0,42.14400000000001,55.750639851890334,25.0
-1,-123.60435260711722,23.88675731944436,66.0,60.00000000000002,63.60435260711719,20.0
-1,-109.03333607155317,13.649677421296309,70.0,59.712000000000025,49.321336071553134,24.0
-1,-107.3854793625792,20.72828285648146,66.0,54.91200000000003,52.47347936257917,20.0
-1,-104.26913858347405,19.25274143055554,46.0,40.896000000000015,63.37313858347404,18.0
-1,-119.06560699161328,24.927352175925854,77.0,55.968000000000025,63.09760699161325,22.0
-1,-139.2560250002728,17.396471370370296,89.0,69.98400000000002,69.27202500027279,27.0
-1,-108.17499310521195,21.32673116203697,58.0,53.37600000000002,54.79899310521195,21.0
-1,-90.27331120602192,16.333813722222224,60.0,40.89600000000001,49.37731120602192,24.0
-1,-115.99674006462864,18.92898424537038,59.0,48.57600000000003,67.4207400646286,25.0
-1,-114.33151141467154,23.02331818055548,81.0,74.49600000000002,39.83551141467152,22.0
-1,-110.89339157028206,19.221339652777736,68.0,64.60800000000003,46.28539157028202,22.0
-1,-96.99853606807186,26.32295221759254,63.0,56.35200000000003,40.64653606807183,14.0
-1,-109.03962802270512,26.176600606481387,83.0,63.84000000000001,45.19962802270511,19.0
-1,-110.89117493271984,16.5381098009259,60.0,54.33600000000003,56.55517493271982,25.0
-1,-151.3303621143901,26.883495259259234,80.0,95.80800000000004,55.52236211439006,20.0
-1,-115.73778461909455,19.85041853703696,68.0,72.28800000000003,43.44978461909452,22.0
-1,-103.06221020431246,20.642246444444417,51.0,55.776000000000025,47.28621020431243,19.0
-1,-102.3293087221927,16.337876624999986,60.0,53.76000000000002,48.56930872219269,24.0
-1,-106.4973241493445,19.38760381018517,59.0,55.680000000000014,50.81732414934448,23.0
-1,-103.0938501633932,19.15762528240739,58.0,49.82400000000002,53.2698501633932,23.0
-1,-122.21853506340376,21.1564549027777,70.0,66.14400000000002,56.07453506340373,23.0
-1,-115.72040573999637,21.353989166666587,62.0,56.928,58.79240573999634,22.0
-1,-112.1910959028317,20.273561217592583,76.0,68.35200000000003,43.83909590283167,20.0
-1,-111.29521645817992,20.00818044444442,79.0,65.56800000000001,45.7272164581799,21.0
-1,-92.41450277762128,19.522120305555557,55.0,41.95200000000001,50.46250277762125,19.0
-1,-121.05605150615166,18.51960627777772,71.0,59.23200000000002,61.82405150615164,25.0
-1,-80.20287942382902,24.51506717592592,52.0,41.76000000000001,38.442879423829005,17.0
-1,-104.13815744688814,21.93084502314811,68.0,59.61600000000002,44.52215744688812,19.0
-1,-93.62149805462997,22.544770074074044,67.0,57.60000000000002,36.02149805462993,19.0
-1,-128.52189843736073,21.920746050925864,85.0,82.56000000000003,45.9618984373607,23.0
-1,-88.79843331941032,15.377749726851858,52.0,47.61600000000002,41.18243331941031,20.0
-1,-101.58744363944724,17.480671916666633,55.0,48.768000000000015,52.81944363944721,21.0
-1,-109.87231318716924,25.55645048148144,74.0,60.00000000000002,49.872313187169226,17.0
-1,-110.90695862305428,17.511154745370373,61.0,53.66400000000001,57.24295862305427,24.0
-1,-92.61922760777908,28.244402189814767,57.0,38.59200000000001,54.02722760777907,18.0
-1,-87.9668675974024,11.75295912037038,61.0,59.808,28.1588675974024,19.0
-1,-86.92696777184389,17.234417921296284,40.0,38.688,48.238967771843896,19.0
-1,-103.63656999653142,22.33188923611107,58.0,56.25600000000002,47.38056999653139,18.0
-1,-123.50045849458276,19.941649388888848,58.0,64.12800000000001,59.37245849458274,22.0
-1,-130.17806463972528,21.160392162036988,70.0,68.92800000000003,61.25006463972524,23.0
-1,-143.46222489666644,24.15803958796292,84.0,93.21600000000004,50.24622489666638,21.0
-1,-125.6051202379208,20.0740646666666,64.0,66.14400000000003,59.46112023792077,23.0
-1,-119.41654088939332,16.502186333333327,56.0,58.17600000000004,61.2405408893933,24.0
-1,-105.30601601815276,20.84254951388885,61.0,58.65600000000001,46.65001601815274,19.0
-1,-112.20915551037254,27.515468037037007,67.0,56.06400000000004,56.14515551037251,18.0
-1,-109.92789209287398,25.13745237037029,64.0,53.18400000000002,56.74389209287396,21.0
-1,-128.44369454796265,21.691308388888796,67.0,57.69600000000002,70.74769454796262,21.0
-1,-88.1011287786464,15.411309092592592,42.0,40.896,47.20512877864639,21.0
-1,-84.58446036044681,10.39778210648149,46.0,39.26400000000001,45.3204603604468,27.0
-1,-96.3583779139434,13.273035287037027,58.0,58.944,37.414377913943405,22.0
-1,-101.3063709590876,16.749135055555527,46.0,42.62400000000001,58.68237095908757,22.0
-1,-124.51731204745982,18.994943601851794,68.0,55.87200000000002,68.64531204745981,26.0
-1,-110.21315549162377,20.5716431944444,63.0,64.89600000000002,45.31715549162373,19.0
-1,-114.16560410912572,18.025619263888835,57.0,57.21600000000002,56.94960410912571,23.0
-1,-99.3866518460036,24.495757212962925,69.0,55.48800000000002,43.89865184600357,19.0
-1,-111.3931153437736,20.838271824074035,61.0,49.05600000000002,62.33711534377358,21.0
-1,-112.76362373026174,19.679257342592543,51.0,47.61600000000001,65.14762373026174,23.0
-1,-103.38156905151564,20.94685993981476,54.0,55.68000000000002,47.701569051515605,20.0
-1,-100.06684967307254,19.207881712962948,58.0,46.84800000000002,53.21884967307251,24.0
-1,-92.60731912465351,24.42667998148148,72.0,59.61600000000002,32.9913191246535,16.0
-1,-140.9687013558569,20.57250680555552,87.0,99.84000000000005,41.12870135585683,23.0
-1,-97.86219776703922,20.76088921296296,58.0,55.96800000000003,41.89419776703919,20.0
-1,-119.60520072399294,15.647646157407388,63.0,62.11200000000002,57.49320072399292,26.0
-1,-101.64402438944448,22.96709001851848,62.0,53.37600000000002,48.26802438944446,20.0
-1,-106.25310278839078,18.27867136111107,51.0,42.240000000000016,64.01310278839077,22.0
-1,-100.2969740841724,20.12298162499996,51.0,50.496000000000016,49.8009740841724,19.0
-1,-104.25210699291672,30.677695777777764,69.0,64.89600000000003,39.356106992916686,15.0
-1,-92.0580525177028,16.81953037962963,52.0,43.00800000000002,49.05005251770278,22.0
-1,-98.47391735452088,20.64192724999995,51.0,47.71200000000002,50.76191735452086,20.0
-1,-115.37552779807616,20.08793863888881,49.0,51.64800000000002,63.72752779807613,23.0
-1,-113.5974727351011,23.31485513425921,80.0,73.82400000000004,39.773472735101066,18.0
-1,-89.87638376081077,15.436533064814803,52.0,39.36000000000001,50.51638376081076,26.0
-1,-107.11389048958436,15.712653625000009,64.0,56.44800000000002,50.66589048958432,26.0
-1,-103.98916442891864,21.56204407407404,54.0,48.00000000000002,55.98916442891861,20.0
-1,-105.2858965851795,19.90321860185184,52.0,44.73600000000001,60.54989658517948,22.0
-1,-91.85555652335952,21.571528902777757,57.0,48.864000000000026,42.991556523359485,18.0
-1,-137.09780453047827,19.896508374999947,96.0,89.47200000000005,47.62580453047822,23.0
-1,-104.76100257677936,14.71014095370372,53.0,47.52000000000002,57.24100257677934,22.0
-1,-110.01858593547328,23.135413643518454,56.0,54.72000000000001,55.298585935473255,20.0
-1,-103.3050073005497,16.855757995370332,53.0,49.63200000000001,53.67300730054969,22.0
-1,-103.75710973043962,19.744222754629604,56.0,49.92000000000002,53.83710973043959,23.0
-1,-132.91680842876684,21.971920629629587,78.0,67.10400000000003,65.8128084287668,24.0
-1,-91.98117657540293,18.609426546296294,56.0,49.72800000000003,42.2531765754029,21.0
-1,-113.17281889029418,18.49759917592589,60.0,57.79200000000003,55.38081889029415,22.0
-1,-111.7278913895318,18.37268199999997,51.0,47.23200000000002,64.49589138953178,23.0
-1,-117.75160229034084,24.82083911111107,74.0,71.13600000000001,46.61560229034082,19.0
-1,-99.55088772980731,18.956607657407385,60.0,48.48,51.07088772980733,22.0
-1,-91.89669132912783,22.65125172685182,43.0,29.85600000000001,62.040691329127824,20.0
-1,-97.25795398167406,24.27659349999995,64.0,62.784000000000034,34.47395398167403,17.0
-1,-97.92284809696014,20.88485204166664,62.0,58.36800000000002,39.55484809696011,19.0
-1,-87.47659987315052,21.095175462962946,44.0,35.040000000000006,52.43659987315051,20.0
-1,-94.41384496677068,16.046080995370353,43.0,49.536000000000016,44.87784496677065,20.0
-1,-111.90624806847234,20.467025861111065,62.0,56.83200000000002,55.07424806847231,23.0
-1,-100.72589715211404,17.718665458333298,57.0,43.58400000000001,57.14189715211402,23.0
-1,-124.4235518081214,21.90505174074068,80.0,74.59200000000004,49.83155180812136,21.0
-1,-111.06278537022942,19.745713439814768,58.0,52.70400000000003,58.35878537022939,23.0
-1,-109.5097285965791,15.471813074074069,46.0,46.368000000000016,63.141728596579085,22.0
-1,-96.21770204779293,23.34248187499996,55.0,54.91200000000002,41.30570204779289,18.0
-1,-110.30816456216864,19.96657630092588,64.0,54.62400000000002,55.68416456216862,21.0
-1,-108.79480718503632,16.805344134259258,46.0,45.79200000000001,63.0028071850363,26.0
-1,-99.359422552778,23.42434646296293,55.0,40.22400000000001,59.135422552778,21.0
-1,-112.66649921869968,18.6136378472222,54.0,58.464000000000034,54.20249921869964,21.0
-1,-105.5303836127564,21.014315999999997,61.0,59.23200000000003,46.29838361275637,20.0
-1,-102.59966319230416,22.03049194907405,67.0,56.92800000000002,45.67166319230415,21.0
-1,-142.4677133571123,22.05175477314807,76.0,76.89600000000003,65.57171335711229,24.0
-1,-116.48400552029914,20.405835328703677,61.0,57.312000000000026,59.17200552029911,22.0
-1,-131.15422990778924,21.76345591666661,64.0,65.28000000000003,65.87422990778921,22.0
-1,-121.26011529885707,24.822222527777758,74.0,78.81600000000005,42.44411529885704,20.0
-1,-103.686435042123,21.919455050925865,54.0,55.39200000000003,48.29443504212298,20.0
-1,-97.66212834110136,20.34572052314814,65.0,55.776000000000025,41.88612834110134,21.0
-1,-95.39419845198272,19.72960354166661,52.0,44.54400000000002,50.8501984519827,22.0
-1,-103.18960722636751,22.029608476851767,63.0,54.72000000000003,48.469607226367486,22.0
-1,-129.95719184032072,16.911486240740707,64.0,62.49600000000004,67.4611918403207,25.0
-1,-113.0718230513904,17.160690027777743,66.0,63.93600000000002,49.13582305139038,22.0
-1,-93.9930728745853,22.831401930555465,56.0,50.88000000000002,43.11307287458527,19.0
-1,-98.49212203025655,23.12046206018514,52.0,48.28800000000002,50.20412203025655,21.0
-1,-85.51794241116164,24.01045418518514,59.0,49.152000000000015,36.36594241116163,17.0
-1,-114.76215698623672,20.26207517129624,55.0,49.632000000000026,65.13015698623671,23.0
-1,-101.104598305083,22.43538525462956,60.0,53.56800000000002,47.53659830508297,20.0
-1,-92.80655119837915,22.867571175925885,57.0,51.36000000000002,41.44655119837913,19.0
-1,-101.42050986271668,18.83645957407404,62.0,49.05600000000002,52.364509862716645,25.0
-1,-97.4706459160818,22.377661453703706,53.0,43.00800000000002,54.46264591608178,19.0
-1,-98.05579346588608,20.643482986111053,53.0,48.96000000000002,49.09579346588604,20.0
-1,-105.2890054632661,21.228630995370366,58.0,58.176000000000016,47.11300546326608,21.0
-1,-110.25547934337835,20.519431592592557,50.0,57.696000000000026,52.55947934337833,19.0
-1,-137.10567418490237,22.105436254629502,64.0,67.10400000000003,70.00167418490234,24.0
-1,-100.3189424705668,20.391072555555493,51.0,55.39200000000002,44.92694247056679,18.0
-1,-90.2674831020154,18.32852747685186,50.0,42.912000000000006,47.35548310201538,20.0
-1,-147.11973746982432,20.47537164814808,77.0,77.56800000000004,69.55173746982429,24.0
-1,-74.45037797849147,13.66396088425926,46.0,37.344,37.106377978491466,22.0
-1,-113.73962170526605,18.36202712499994,65.0,52.89600000000003,60.84362170526602,24.0
-1,-100.95494123919998,20.251072138888865,60.0,54.048000000000016,46.906941239199966,19.0
-1,-105.76350441012038,18.03777258796293,55.0,52.32000000000002,53.443504410120354,20.0
-1,-94.038441913055,16.259803833333326,43.0,41.18400000000001,52.85444191305498,21.0
-1,-151.0086325255386,17.77316776851846,70.0,81.88800000000005,69.12063252553855,24.0
-1,-101.37233339488247,15.90928223148146,58.0,52.89600000000002,48.476333394882445,24.0
-1,-92.25324079965353,18.68408468055556,48.0,45.69600000000002,46.55724079965349,18.0
-1,-105.16948702239354,20.1749964953703,64.0,62.01600000000002,43.15348702239352,20.0
-1,-91.37803888369228,20.68025744907404,65.0,58.27200000000002,33.106038883692264,20.0
-1,-99.52362459349172,21.751936365740715,66.0,59.232000000000006,40.29162459349171,21.0
-1,-106.92512108543797,19.90371086111105,62.0,59.42400000000004,47.50112108543792,23.0
-1,-96.87116014492187,21.005551773148134,55.0,49.344000000000015,47.52716014492187,19.0
-1,-91.91984268252314,25.473108083333315,58.0,55.58400000000002,36.33584268252312,16.0
-1,-101.9189418519073,19.131715185185183,57.0,56.44800000000001,45.470941851907305,20.0
-1,-108.14274268726132,22.640276925925857,62.0,56.736000000000026,51.40674268726129,22.0
-1,-101.19886473218328,22.546939097222115,65.0,66.81600000000002,34.38286473218325,18.0
-1,-160.08527328691537,21.57690720370366,81.0,92.64000000000004,67.44527328691534,24.0
-1,-93.63695847446776,15.885273032407422,46.0,41.088000000000015,52.54895847446775,23.0
-1,-138.3542577242425,29.99081906481477,75.0,83.23200000000006,55.122257724242445,18.0
-1,-104.55125823496712,19.582749564814783,68.0,58.94400000000002,45.60725823496709,21.0
-1,-89.21833326225448,20.516564870370367,49.0,47.04000000000002,42.17833326225445,20.0
-1,-116.8164902880356,25.931795407407307,82.0,76.99200000000003,39.82449028803556,22.0
-1,-96.65689398060012,16.94138313425925,51.0,42.91200000000001,53.74489398060011,20.0
-1,-129.92837875544566,23.08888826388882,86.0,87.64800000000004,42.28037875544562,21.0
-1,-102.28462322827912,17.66775356481479,64.0,55.296,46.98862322827912,22.0
-1,-88.6441154897145,19.30437402314812,44.0,35.616000000000014,53.02811548971447,22.0
-1,-105.73938491486057,13.781172652777764,73.0,67.20000000000002,38.53938491486053,23.0
-1,-97.92675723986784,14.146638574074064,55.0,59.32800000000001,38.59875723986784,20.0
-1,-91.10947419797868,26.53298540277774,63.0,51.55200000000002,39.55747419797866,16.0
-1,-103.75650854790402,20.802397731481435,62.0,59.90400000000003,43.85250854790398,20.0
-1,-93.79098289962036,23.295786833333317,51.0,45.88800000000001,47.90298289962036,18.0
-1,-122.5578667326402,24.71320282870362,72.0,61.82400000000004,60.73386673264016,22.0
-1,-96.3137302687447,19.003457583333308,58.0,55.48800000000002,40.82573026874469,21.0
-1,-119.80408512764708,17.000274949074033,79.0,74.208,45.59608512764707,23.0
-1,-87.89956711577653,20.15845212037033,49.0,41.28000000000001,46.61956711577652,22.0
-1,-97.05704193862202,13.070976430555534,56.0,53.47200000000001,43.58504193862201,23.0
-1,-92.75082652332624,19.330444861111047,53.0,47.80800000000002,44.94282652332621,23.0
-1,-107.24730008486242,15.913942379629615,56.0,50.97600000000002,56.2713000848624,22.0
-1,-119.00265526292348,21.693312074074008,84.0,74.49600000000001,44.50665526292346,22.0
-1,-104.78427235730774,15.893601384259236,70.0,59.52000000000001,45.26427235730774,23.0
-1,-85.51873987640305,22.501859203703656,55.0,47.52000000000002,37.99873987640303,20.0
-1,-97.41818119801836,16.48072062962962,55.0,49.63200000000002,47.78618119801833,27.0
-1,-96.5321437971092,21.381846583333257,69.0,56.25600000000002,40.27614379710917,20.0
-1,-107.65079660403237,16.550735458333293,68.0,62.01600000000003,45.63479660403233,24.0
-1,-162.40849336757768,22.056510023148075,89.0,90.24000000000004,72.16849336757763,23.0
-1,-95.43753137387576,18.589555189814785,48.0,43.68000000000001,51.75753137387575,20.0
-1,-97.48838803782678,23.326506962962902,61.0,52.22400000000002,45.26438803782676,19.0
-1,-80.0757910481347,15.695198726851844,43.0,43.104000000000006,36.97179104813469,18.0
-1,-122.4420577693268,22.27975594444438,70.0,65.85600000000004,56.58605776932677,21.0
-1,-95.53934531191412,25.662568685185136,58.0,47.23200000000001,48.307345311914126,19.0
-1,-90.90515762515476,15.901478138888905,56.0,47.61600000000001,43.28915762515477,22.0
-1,-96.26892524419983,21.344079805555538,53.0,46.94400000000003,49.3249252441998,19.0
-1,-99.00497030406656,15.69575116203704,55.0,52.80000000000001,46.20497030406655,22.0
-1,-85.07811775888484,23.18399960648145,52.0,45.12000000000001,39.95811775888484,17.0
-1,-125.76076279215002,25.825381120370267,83.0,71.71200000000003,54.04876279214999,21.0
-1,-94.03001218836256,20.587851754629572,48.0,49.05600000000002,44.97401218836253,19.0
-1,-102.07573759167175,19.527747291666643,59.0,51.45600000000001,50.61973759167175,21.0
-1,-99.39041692699357,20.87499562499991,57.0,58.27200000000004,41.11841692699352,21.0
-1,-107.40548333685848,19.395112055555504,64.0,57.40800000000003,49.99748333685846,22.0
-1,-110.58456618330337,23.854738439814746,80.0,62.400000000000034,48.18456618330333,23.0
-1,-110.53400713613014,22.12882550462957,71.0,67.77600000000004,42.7580071361301,22.0
-1,-93.61983883782212,23.22569336574072,53.0,46.46400000000002,47.1558388378221,17.0
-1,-69.69124579268316,17.65226913425926,48.0,40.51200000000001,29.179245792683147,15.0
-1,-101.97976841005156,11.444583837962982,48.0,48.48000000000002,53.49976841005154,27.0
-1,-102.44389861936187,16.72566573148143,57.0,53.28000000000002,49.163898619361845,25.0
-1,-118.98901752717734,21.701768305555497,88.0,84.38400000000004,34.60501752717729,22.0
-1,-114.42604441863674,17.997878999999934,55.0,58.36800000000003,56.05804441863671,25.0
-1,-89.0275111844424,23.65641298611107,50.0,43.296000000000014,45.7315111844424,18.0
-1,-132.9850256508079,19.58606605092586,80.0,70.65600000000002,62.329025650807885,27.0
-1,-100.60753060576778,14.622595898148129,44.0,44.16000000000001,56.44753060576777,21.0
-1,-190.4525990470197,18.855943537037028,86.0,116.54400000000008,73.90859904701964,27.0
-1,-103.62056718008924,17.176966138888897,58.0,58.176,45.44456718008926,21.0
-1,-100.19843698384516,28.655811842592534,74.0,63.072,37.12643698384518,16.0
-1,-88.77301169306068,14.422783245370374,47.0,39.64800000000001,49.12501169306066,26.0
-1,-98.39764485628712,17.07754730555553,51.0,43.680000000000014,54.7176448562871,23.0
-1,-125.5432002131884,26.62546174537033,71.0,73.34400000000004,52.19920021318838,20.0
-1,-95.7903193417998,19.75006575925923,61.0,55.39200000000002,40.39831934179978,20.0
-1,-87.31984522681532,18.78855235185185,60.0,53.28000000000002,34.039845226815295,18.0
-1,-89.62879507058841,22.73820681481476,53.0,54.240000000000016,35.38879507058839,15.0
-1,-131.3403538810186,16.755910157407357,72.0,70.84800000000003,60.49235388101857,26.0
-1,-115.2199745938452,20.75120764814806,68.0,60.48000000000004,54.73997459384517,24.0
-1,-102.71939751879933,24.601826569444388,72.0,67.29600000000002,35.42339751879931,17.0
-1,-105.6800033781235,12.16045791666668,46.0,53.28000000000002,52.40000337812347,26.0
-1,-95.44418891716418,18.50651382870367,57.0,49.82400000000003,45.62018891716416,21.0
-1,-93.3388560890382,17.94939385648145,49.0,44.35200000000002,48.98685608903817,22.0
-1,-95.48888504788373,21.649942379629582,50.0,45.69600000000002,49.7928850478837,21.0
-1,-120.77592652019676,18.252847615740677,59.0,60.00000000000003,60.77592652019671,25.0
-1,-108.61794888037431,22.3615273981481,60.0,61.34400000000003,47.27394888037429,21.0
-1,-107.27728363948592,24.34177017129622,57.0,58.46400000000003,48.81328363948589,19.0
-1,-97.90861346484972,18.861211217592512,62.0,62.592000000000034,35.316613464849674,22.0
-1,-100.8925909643996,13.095413546296278,53.0,51.74400000000002,49.14859096439957,26.0
-1,-87.99182946244778,20.143292412037,49.0,45.792000000000016,42.199829462447774,19.0
-1,-109.0052627271394,19.50378162499991,61.0,55.68000000000002,53.325262727139375,24.0
-1,-118.26205557866363,20.781902074074008,65.0,63.55200000000003,54.71005557866361,22.0
-1,-101.99572842335888,16.42579459722219,48.0,49.440000000000026,52.55572842335886,22.0
-1,-100.42924031335988,21.607660277777725,60.0,55.29600000000002,45.13324031335985,22.0
-1,-111.09859757020836,18.981368995370342,63.0,54.14400000000003,56.95459757020833,23.0
-1,-115.43651806160491,21.300927907407395,66.0,56.06400000000002,59.3725180616049,22.0
-1,-95.97872127645353,23.763718763888857,56.0,46.27200000000002,49.706721276453486,19.0
-1,-79.07846808307718,11.678218162037057,33.0,29.088000000000005,49.99046808307718,26.0
-1,-93.91473050592572,18.49285193981478,60.0,50.784,43.13073050592572,22.0
-1,-106.71691969689266,19.296290125,57.0,53.76000000000002,52.95691969689263,22.0
-1,-101.04946092545028,13.465771962962975,53.0,55.96800000000002,45.08146092545028,24.0
-1,-92.3438094041854,22.480640828703663,64.0,55.39200000000003,36.95180940418536,18.0
-1,-111.93041640641292,14.81297337500001,48.0,50.20800000000002,61.72241640641289,26.0
-1,-103.44838746839233,19.543537476851764,62.0,55.87200000000002,47.57638746839231,24.0
-1,-92.86882076192744,15.64017013425926,49.0,45.792000000000016,47.07682076192742,22.0
-1,-103.78594349393008,17.76430264814814,65.0,57.984000000000016,45.80194349393007,21.0
-1,-96.96610167890609,16.50368893518516,47.0,47.04000000000001,49.92610167890606,24.0
-1,-89.3029104573027,23.287487476851787,58.0,55.968000000000025,33.33491045730268,15.0
-1,-92.20020627978332,18.523836439814783,57.0,49.34400000000003,42.85620627978328,24.0
-1,-105.95393248927404,17.66304280555553,61.0,65.08800000000001,40.86593248927405,19.0
-1,-84.83907936316302,19.563963560185183,49.0,45.696000000000005,39.14307936316303,18.0
-1,-84.27223478082607,12.535113444444464,42.0,36.67200000000001,47.60023478082606,23.0
-1,-86.01083981812059,25.34403781018517,57.0,47.52000000000002,38.49083981812056,17.0
-1,-90.35288199842786,20.559468680555504,44.0,47.52000000000001,42.83288199842785,21.0
-1,-86.01867968123165,20.21737662037033,49.0,40.320000000000014,45.69867968123163,19.0
-1,-92.12835273265016,13.884268134259257,53.0,51.45600000000001,40.67235273265016,22.0
-1,-151.31887801903633,24.9670948425925,82.0,94.75200000000004,56.56687801903628,20.0
-1,-85.07933021112208,19.26722302314811,65.0,54.33600000000001,30.743330211122064,18.0
-1,-100.03677862353106,19.84058662499998,49.0,47.13600000000002,52.90077862353104,20.0
-1,-113.48062537395626,20.69591479629625,69.0,74.30400000000003,39.17662537395624,20.0
-1,-107.95425469952627,20.21414828240739,52.0,60.76800000000002,47.186254699526266,20.0
-1,-99.3168775735852,24.7293847314814,71.0,60.96000000000002,38.35687757358519,20.0
-1,-89.42107299689283,19.46649005555551,56.0,50.40000000000002,39.02107299689282,18.0
-1,-92.21786587552464,23.126941439814782,56.0,58.94400000000002,33.27386587552461,17.0
-1,-79.59341930449409,17.382891999999995,51.0,50.88000000000002,28.713419304494067,15.0
-1,-101.3924177792,19.710403004629573,61.0,56.640000000000015,44.75241777919997,22.0
-1,-90.10242767351728,14.970713328703692,56.0,44.83200000000002,45.27042767351724,23.0
-1,-86.94801554460201,16.851067532407406,48.0,47.424000000000014,39.52401554460201,19.0
-1,-112.62146540070836,17.899208050925886,51.0,47.80800000000002,64.81346540070834,23.0
-1,-109.2419648712364,21.44509091666657,70.0,60.096000000000025,49.14596487123639,22.0
-1,-91.59026331806773,19.020957421296263,52.0,52.99200000000001,38.59826331806772,19.0
-1,-85.03296132234166,14.035163064814796,44.0,41.95200000000001,43.08096132234165,22.0
-1,-83.24257704238381,23.2934812222222,51.0,43.00800000000002,40.2345770423838,15.0
-1,-88.28752181779271,16.30780418518515,39.0,38.11200000000001,50.17552181779269,20.0
-1,-83.72997656598085,17.8653571296296,54.0,54.33600000000001,29.39397656598083,16.0
-1,-83.67875114809925,21.07257310185184,54.0,44.448000000000015,39.23075114809924,19.0
-1,-91.75351033126864,17.536385472222186,51.0,42.048000000000016,49.70551033126861,23.0
-1,-98.84411072877532,22.798343458333296,65.0,56.54400000000002,42.30011072877532,17.0
-1,-64.54668669101295,19.34065309722221,40.0,38.30400000000001,26.24268669101295,15.0
-1,-126.49880432492786,23.117063953703617,64.0,64.41600000000004,62.08280432492782,20.0
-1,-100.0352732421247,19.55190687962959,51.0,53.47200000000001,46.56327324212469,22.0
-1,-123.13148101806402,23.31101702314808,69.0,67.96800000000003,55.16348101806399,21.0
-1,-92.80615366726131,16.240948106481458,47.0,40.60800000000002,52.19815366726131,25.0
-1,-104.04493841745264,18.36554850925921,56.0,53.568000000000026,50.47693841745261,26.0
-1,-102.08521753150882,22.690651106481432,60.0,54.81600000000002,47.26921753150881,22.0
-1,-90.2723757237678,17.93500586574073,48.0,49.05600000000002,41.21637572376778,20.0
-1,-93.9943238513684,18.21653805555555,56.0,48.38400000000002,45.61032385136836,23.0
-1,-108.2359864501206,16.071708611111102,54.0,58.46400000000002,49.771986450120586,24.0
-1,-100.12461819522376,13.825467175925922,47.0,49.63200000000002,50.49261819522373,25.0
-1,-96.99513339212004,16.838951453703686,53.0,47.61600000000002,49.379133392120025,23.0
-1,-95.40867840099308,14.198671458333322,42.0,44.64000000000001,50.76867840099307,24.0
-1,-120.55695199396746,19.38628294907401,70.0,66.91200000000003,53.64495199396742,23.0
-1,-114.13867865347792,22.87560602777773,60.0,61.44000000000002,52.6986786534779,22.0
-1,-88.86313343399632,15.637476902777768,53.0,58.36800000000001,30.49513343399631,18.0
-1,-113.5395373259568,16.586035268518486,63.0,60.38400000000004,53.15553732595676,23.0
-1,-119.54162424106708,19.41149800462956,66.0,67.68000000000004,51.86162424106704,24.0
-1,-104.1831997954734,19.78408181018515,58.0,53.28000000000002,50.90319979547338,21.0
-1,-120.6776758338458,18.334456402777757,83.0,84.76800000000004,35.90967583384577,19.0
-1,-119.55857086382544,20.37984571759253,63.0,68.92800000000003,50.63057086382543,21.0
-1,-116.51359644859411,21.934091546296173,67.0,63.55200000000002,52.96159644859411,23.0
-1,-111.92778039303502,22.1369301342592,63.0,61.15200000000002,50.77578039303501,21.0
-1,-79.56294907510103,23.680898560185128,47.0,49.44000000000002,30.12294907510101,17.0
-1,-96.81723032598322,21.401001888888867,60.0,57.98400000000003,38.83323032598318,19.0
-1,-111.12385593660076,22.91476674074069,53.0,56.160000000000025,54.96385593660074,21.0
-1,-77.03534982692199,14.69232625925927,39.0,36.96000000000001,40.07534982692199,20.0
-1,-82.29156536987827,10.16037569444445,33.0,38.976000000000006,43.31556536987826,26.0
-1,-143.04236046276475,18.706060041666607,74.0,85.72800000000004,57.314360462764704,23.0
-1,-98.2519517733951,17.492288986111074,50.0,46.27200000000001,51.97995177339509,25.0
-1,-75.64018596194839,21.11602857870369,43.0,41.280000000000015,34.360185961948375,17.0
-1,-97.50792315710136,10.312755212962982,41.0,42.04800000000001,55.45992315710134,27.0
-1,-89.3871090341289,23.174917134259275,44.0,38.30400000000001,51.08310903412889,19.0
-1,-110.15289516060658,23.45133887499997,60.0,55.29600000000003,54.85689516060655,18.0
-1,-91.29717348299724,15.10167174999999,46.0,53.95200000000001,37.34517348299724,21.0
-1,-83.0185968551462,21.340635620370342,40.0,38.208000000000006,44.81059685514619,20.0
-1,-103.28887278483134,18.832105273148112,57.0,51.936000000000014,51.35287278483133,24.0
-1,-76.59492821879516,18.691236518518497,45.0,40.80000000000001,35.79492821879516,19.0
-1,-87.66917325637272,18.89397890277772,48.0,54.72000000000002,32.949173256372696,17.0
-1,-91.04927981263224,12.411342124999983,50.0,46.65600000000002,44.39327981263223,25.0
-1,-98.67627445171163,14.548300819444432,57.0,58.94400000000003,39.73227445171162,23.0
-1,-103.31536079746708,15.882467439814812,42.0,45.21600000000001,58.09936079746707,21.0
-1,-92.2710614186724,14.312973018518502,51.0,48.48000000000002,43.79106141867237,22.0
-1,-96.84151620142968,19.36190912037033,62.0,53.856000000000016,42.98551620142965,22.0
-1,-95.09355650750372,22.78030506481479,50.0,50.30400000000002,44.78955650750372,18.0
-1,-97.00172002898712,20.52863712037034,58.0,46.27200000000001,50.72972002898709,22.0
-1,-104.04622648080982,15.252181722222227,52.0,57.21600000000002,46.83022648080979,22.0
-1,-111.34010425727008,23.04782012499992,55.0,59.23200000000001,52.108104257270064,19.0
-1,-99.6060607766336,23.101438810185144,57.0,50.11200000000002,49.49406077663359,17.0
-1,-124.43318887457048,19.44569767592585,56.0,70.36800000000002,54.06518887457046,23.0
-1,-102.64096045138764,19.427095421296254,54.0,55.77600000000003,46.8649604513876,21.0
-1,-90.87615944798428,14.134592851851831,58.0,58.75200000000002,32.12415944798426,20.0
-1,-115.41505699599615,19.765002486111086,61.0,55.58400000000002,59.83105699599614,21.0
-1,-97.87671800839972,20.823395305555493,58.0,50.208000000000006,47.66871800839972,22.0
-1,-93.45335649221008,20.41872824999993,54.0,54.72000000000003,38.73335649221005,19.0
-1,-118.07934997347722,20.691020092592563,76.0,74.11200000000002,43.9673499734772,21.0
-1,-86.19945917111252,19.21302248611108,43.0,45.40800000000001,40.79145917111251,20.0
-1,-100.7982518057908,19.26057257407407,50.0,54.72000000000003,46.07825180579079,19.0
-1,-95.48489994148962,17.710995208333344,58.0,52.60800000000001,42.8768999414896,22.0
-1,-107.8302444500412,16.756491865740724,57.0,53.184000000000026,54.64624445004117,24.0
-1,-102.83840603323112,18.30695677777773,58.0,65.18400000000003,37.6544060332311,21.0
-1,-102.95944728998818,24.391205013888825,66.0,65.85600000000004,37.10344728998814,16.0
-1,-104.76818863962596,18.509424041666595,60.0,62.01600000000003,42.75218863962591,22.0
-1,-88.91432818109026,18.229824101851825,58.0,54.240000000000016,34.67432818109024,20.0
-1,-92.21923542535312,22.09641608333328,50.0,44.54400000000001,47.67523542535311,21.0
-1,-82.40688263542495,20.907939162037017,53.0,49.536000000000016,32.870882635424934,19.0
-1,-84.51368351313982,20.52116893518513,46.0,49.152000000000015,35.3616835131398,17.0
-1,-92.54304698854015,16.614271462962964,51.0,52.128000000000014,40.41504698854016,21.0
-1,-86.2266221466325,18.88776529166664,52.0,47.424000000000014,38.80262214663248,20.0
-1,-102.2204280802302,19.18166849999998,67.0,70.46400000000004,31.75642808023016,17.0
-1,-91.33298906207982,15.764897513888888,49.0,47.616000000000014,43.71698906207981,22.0
-1,-96.8731524902778,21.16712478703696,55.0,53.95200000000003,42.92115249027777,20.0
-1,-79.17231830932519,13.667891189814824,35.0,41.28000000000001,37.89231830932519,17.0
-1,-79.81923126420003,16.839164453703724,50.0,43.77600000000001,36.04323126420002,20.0
-1,-122.58597304033846,18.131849458333296,56.0,56.73600000000003,65.84997304033843,23.0
-1,-82.5130131115298,16.8461036388889,44.0,50.784,31.7290131115298,18.0
-1,-110.63162782323089,22.187576675925893,52.0,53.47200000000002,57.15962782323086,19.0
-1,-81.8411907403385,13.033098546296303,43.0,47.616000000000014,34.22519074033849,20.0
-1,-94.25693167216517,17.58921165740739,51.0,48.00000000000002,46.256931672165145,19.0
-1,-95.27733021732143,18.082420333333296,46.0,42.816,52.461330217321446,23.0
-1,-98.18656431311597,18.563118574074053,61.0,64.89600000000002,33.29056431311594,16.0
-1,-94.80336584119354,20.40200736574072,48.0,47.71200000000002,47.09136584119352,19.0
-1,-77.67317240862042,12.726310671296288,39.0,47.13600000000001,30.53717240862041,19.0
-1,-85.75354763644611,17.257262115740694,43.0,42.81600000000002,42.937547636446105,22.0
-1,-81.10058743371457,19.357122444444443,49.0,48.96000000000002,32.14058743371454,18.0
-1,-92.32613390605276,19.627557148148124,43.0,46.176000000000016,46.15013390605276,21.0
-1,-91.26388202441798,21.410339236111053,56.0,56.35200000000003,34.91188202441795,16.0
-1,-143.6238428379155,21.07884407870364,73.0,81.12000000000005,62.50384283791544,22.0
-1,-131.97277951506686,19.345629416666608,70.0,67.00800000000004,64.96477951506682,24.0
-1,-96.06870733081008,18.266030856481443,55.0,48.09600000000002,47.97270733081006,24.0
-1,-88.72948923211314,20.4851797268518,55.0,46.84800000000001,41.88148923211313,20.0
-1,-147.16825225862223,18.972427851851805,76.0,91.29600000000003,55.87225225862219,22.0
-1,-93.20454811955568,18.838761879629622,52.0,49.82400000000002,43.38054811955565,19.0
-1,-115.9558636504714,22.129077416666583,60.0,60.38400000000001,55.57186365047138,21.0
-1,-98.89622696595478,16.732860402777767,53.0,53.47200000000002,45.42422696595475,20.0
-1,-107.69951262709318,22.491709930555487,68.0,63.16800000000003,44.53151262709317,22.0
-1,-123.89705247620188,21.123305847222152,72.0,82.36800000000002,41.529052476201855,20.0
-1,-105.6713620265703,17.332404939814793,57.0,56.06400000000003,49.607362026570286,23.0
-1,-109.38349692601504,20.82109465277768,65.0,61.92000000000002,47.46349692601501,20.0
-1,-99.84197460266944,17.44364798148147,58.0,70.27200000000003,29.5699746026694,18.0
-1,-101.4276479820126,18.82833129629625,56.0,54.14400000000003,47.283647982012575,22.0
-1,-84.1851836256352,18.26257106481482,48.0,44.06400000000001,40.1211836256352,21.0
-1,-83.77661150776837,22.0113249259259,57.0,46.75200000000002,37.02461150776835,17.0
-1,-99.97561473604074,22.607442856481438,60.0,55.39200000000002,44.58361473604072,19.0
-1,-88.76175945744168,21.051728976851845,49.0,50.20800000000002,38.55375945744167,18.0
-1,-111.10043196446034,14.949203583333327,68.0,73.72800000000002,37.37243196446031,23.0
-1,-103.20348428593934,21.66962683796292,61.0,52.51200000000002,50.691484285939325,22.0
-1,-111.69733648487764,16.633413944444396,55.0,58.464000000000034,53.23333648487761,23.0
-1,-97.92775370564222,18.936602111111075,48.0,42.81600000000002,55.1117537056422,21.0
-1,-98.93108037715422,16.442172504629607,60.0,59.04000000000001,39.89108037715421,18.0
-1,-84.17106884777289,16.67681574074074,57.0,55.87200000000002,28.299068847772872,16.0
-1,-85.30876072587336,18.90744755092588,55.0,50.01600000000003,35.29276072587333,21.0
-1,-99.37933392295258,14.579286319444426,60.0,60.19200000000004,39.18733392295254,21.0
-1,-91.80074161358009,18.75910316666664,47.0,55.00800000000002,36.79274161358006,19.0
-1,-88.14327453603292,14.246367745370367,43.0,46.84800000000002,41.2952745360329,22.0
-1,-119.69015533099784,19.86661438425917,55.0,56.44800000000003,63.24215533099782,23.0
-1,-111.06515543267516,21.841391643518463,60.0,57.408000000000015,53.65715543267514,22.0
-1,-95.8961894378119,16.821469564814777,39.0,41.66400000000001,54.23218943781189,23.0
-1,-87.87439036252275,21.496202810185125,51.0,56.544000000000025,31.33039036252272,16.0
-1,-94.74560635723184,17.311608699074025,49.0,58.17600000000002,36.56960635723183,20.0
-1,-87.26229187159419,13.575095972222206,46.0,45.984000000000016,41.27829187159417,24.0
-1,-95.17243185094426,17.088256615740683,49.0,51.74400000000002,43.42843185094425,24.0
-1,-109.55534317488352,18.770838800925905,68.0,58.36800000000002,51.18734317488351,23.0
-1,-109.76854038956802,21.595714754629576,50.0,48.76800000000002,61.000540389568,20.0
-1,-101.3350415529037,16.132805643518488,52.0,55.77600000000002,45.55904155290369,23.0
-1,-79.16603547243885,15.48853829166666,46.0,51.45600000000001,27.71003547243884,18.0
-1,-94.67141336507352,17.965912162037,57.0,57.21600000000002,37.455413365073504,21.0
-1,-92.81592533814876,17.525488495370336,47.0,41.18400000000001,51.63192533814875,22.0
-1,-100.05363609786636,14.532273888888886,38.0,47.808000000000014,52.245636097866345,24.0
-1,-111.1546370491174,19.65171947685181,52.0,56.06400000000002,55.090637049117376,20.0
-1,-68.50348813463938,12.537585856481474,36.0,45.31200000000001,23.19148813463937,15.0
-1,-84.95365275933773,19.315889902777748,43.0,42.048000000000016,42.90565275933772,19.0
-1,-69.19491964432726,14.215555509259248,35.0,33.408,35.786919644327256,22.0
-1,-71.04755150833444,12.858823120370385,33.0,39.936000000000014,31.111551508334426,18.0
-1,-91.37994822204055,19.422388513888823,55.0,54.24000000000002,37.13994822204052,20.0
-1,-92.1254394051856,16.557910888888873,48.0,50.304000000000016,41.82143940518559,21.0
-1,-81.57986758470363,15.078716226851844,45.0,42.91200000000001,38.66786758470363,21.0
-1,-102.3723481701916,12.795086101851837,49.0,55.29600000000002,47.076348170191565,24.0
-1,-105.31483469701,16.201343101851847,58.0,55.00800000000002,50.30683469700996,25.0
-1,-92.90780939620964,17.522794791666644,42.0,47.71200000000001,45.19580939620963,23.0
-1,-78.92366121180893,9.95963735648148,38.0,45.216000000000015,33.707661211808926,22.0
-1,-108.13765713735464,14.76854048148145,50.0,48.48000000000001,59.65765713735462,27.0
-1,-76.77054613811215,14.795487037037027,41.0,49.53600000000002,27.23454613811213,17.0
-1,-99.9971325771393,18.43266976388888,64.0,57.98400000000004,42.01313257713926,21.0
-1,-81.92966444428357,16.44468495833332,37.0,46.75200000000001,35.177664444283565,18.0
-1,-94.7084037520666,18.11690130092592,50.0,50.78400000000002,43.92440375206657,20.0
-1,-90.35774553808228,22.359991351851807,57.0,55.00800000000002,35.34974553808225,18.0
-1,-85.03524348236918,13.613484111111116,40.0,40.896000000000015,44.13924348236917,22.0
-1,-91.18940430697327,18.928662287037,39.0,46.368000000000016,44.82140430697327,21.0
-1,-93.79263517693384,17.235304254629618,42.0,45.600000000000016,48.19263517693383,21.0
-1,-96.30303389109676,13.828819398148152,48.0,46.65600000000002,49.64703389109673,24.0
-1,-87.99961822634799,21.76687440740736,55.0,53.08800000000002,34.911618226347976,18.0
-1,-110.63845127777064,12.3598446388889,56.0,70.08000000000004,40.55845127777058,22.0
-1,-90.06926495069408,14.836272407407398,38.0,45.69600000000001,44.37326495069407,21.0
-1,-82.75209116724803,16.857167745370354,47.0,50.49600000000002,32.256091167248,17.0
-1,-102.66565414361202,15.10737244907407,49.0,44.44800000000001,58.217654143612016,25.0
-1,-109.54224838913234,19.997296388888824,57.0,57.31200000000002,52.23024838913232,22.0
-1,-100.8620383909052,16.007057861111097,53.0,50.20800000000002,50.65403839090519,21.0
-1,-109.60778182250613,20.606643532407382,54.0,45.69600000000002,63.911781822506114,23.0
-1,-79.97775162074605,18.34685907407405,44.0,47.32800000000002,32.64975162074603,18.0
-1,-98.6401318969919,14.5767012638889,45.0,48.48000000000002,50.16013189699188,24.0
-1,-94.29068562751108,15.444352333333343,47.0,45.024000000000015,49.26668562751106,23.0
-1,-111.2439165463558,18.30472786574072,56.0,54.72000000000003,56.52391654635576,23.0
-1,-95.1068988950746,16.50055765740741,49.0,50.976000000000006,44.1308988950746,23.0
-1,-77.16575518305314,16.04235856481481,41.0,44.16,33.00575518305314,19.0
-1,-91.94503624062916,20.50687306018514,63.0,63.45600000000002,28.489036240629133,15.0
-1,-74.67321386732704,17.32962723148147,45.0,42.62400000000002,32.04921386732701,20.0
-1,-77.85536239631821,19.600416499999987,41.0,40.12800000000001,37.7273623963182,20.0
-1,-127.513992047498,13.63864158333332,55.0,62.49600000000003,65.01799204749796,25.0
-1,-118.2872132322991,20.50477712962957,50.0,56.736000000000026,61.55121323229907,22.0
-1,-118.37352338120768,18.87906260185177,64.0,61.34400000000004,57.02952338120766,25.0
-1,-97.48016803954692,15.018840361111122,45.0,38.88,58.60016803954692,24.0
-1,-102.90201407827996,23.15928582407401,56.0,59.04000000000003,43.86201407827994,17.0
-1,-94.07155676567524,15.831763013888873,47.0,47.136,46.93555676567522,21.0
-1,-97.35502704984162,18.350371888888866,52.0,53.95200000000003,43.40302704984159,21.0
-1,-103.552862312743,21.4468476018518,58.0,55.58400000000003,47.96886231274297,21.0
-1,-128.7874711607646,24.69933619444438,71.0,72.28800000000004,56.49947116076454,19.0
-1,-90.7395852258787,14.2413480462963,46.0,46.75200000000002,43.98758522587869,20.0
-1,-116.70930847457784,26.1484438287036,74.0,72.38400000000003,44.325308474577824,18.0
-1,-85.70718656822598,19.42049984259257,44.0,39.744000000000014,45.96318656822597,18.0
-1,-73.50253267360617,15.386943203703703,38.0,43.872000000000014,29.63053267360615,21.0
-1,-84.77200167883232,17.518953180555545,47.0,44.16000000000001,40.61200167883232,19.0
-1,-80.99842385086303,15.672101148148135,43.0,40.224,40.77442385086303,21.0
-1,-110.33873179969498,18.758521129629607,56.0,65.37600000000002,44.96273179969496,25.0
-1,-92.44621604725717,15.94544802777778,48.0,43.296000000000014,49.150216047257146,22.0
-1,-94.89511481996334,22.59935745370364,58.0,49.152000000000015,45.74311481996333,20.0
-1,-84.56778272345366,15.563005814814808,41.0,39.456,45.11178272345367,23.0
-1,-79.59315357732692,24.2901866712963,52.0,47.23200000000003,32.36115357732689,16.0
-1,-94.86406690854076,18.762708106481465,52.0,47.13600000000001,47.72806690854075,20.0
-1,-87.5251045621855,19.242330935185137,52.0,54.91200000000002,32.61310456218548,19.0
-1,-82.55919871135882,17.219138699074072,45.0,42.91200000000001,39.6471987113588,20.0
-1,-83.39458267771207,13.6304202175926,39.0,36.192000000000014,47.20258267771205,24.0
-1,-77.7676555337473,17.034060231481455,48.0,48.09600000000001,29.6716555337473,16.0
-1,-94.96360045940182,19.934423412036992,52.0,50.30400000000002,44.65960045940179,21.0
-1,-75.52480881713686,17.07704588425927,38.0,38.40000000000001,37.124808817136845,21.0
-1,-85.75417323628852,13.787546055555548,43.0,57.696000000000026,28.058173236288503,20.0
-1,-121.15535517000444,27.28997833796287,73.0,69.02400000000003,52.1313551700044,17.0
-1,-96.64640466501422,12.238427620370354,39.0,44.73600000000001,51.9104046650142,24.0
-1,-102.65661228071798,20.707933995370297,59.0,58.84800000000003,43.80861228071796,22.0
-1,-70.55344699269658,14.905476374999989,37.0,32.544000000000004,38.009446992696574,21.0
-1,-102.01811719137125,20.52171893518516,45.0,52.224000000000025,49.79411719137122,19.0
-1,-93.18815301105325,18.944115643518497,54.0,56.73600000000001,36.45215301105321,17.0
-1,-93.21689089521696,19.89417895833326,51.0,58.65600000000002,34.56089089521692,18.0
-1,-82.93965121869459,18.55362759259256,54.0,47.04000000000003,35.89965121869457,21.0
-1,-96.57136621696844,15.010481472222224,48.0,45.50400000000001,51.06736621696843,27.0
-1,-84.0564857187901,15.326444773148149,38.0,44.064000000000014,39.99248571879009,18.0
-1,-100.6905670680834,13.997125106481468,42.0,44.92800000000001,55.7625670680834,25.0
-1,-113.55991157931408,21.777079569444385,59.0,65.37600000000003,48.18391157931405,22.0
-1,-91.5444497785954,19.478429425925885,51.0,49.82400000000002,41.7204497785954,22.0
-1,-91.6981929757462,16.882525337962957,44.0,44.54400000000001,47.15419297574618,24.0
-1,-114.61553772519925,24.36249253240732,71.0,64.03200000000002,50.583537725199214,21.0
-1,-86.88110192175718,18.756085175925893,53.0,45.50400000000002,41.37710192175716,21.0
-1,-76.31112708598582,14.80484806018518,39.0,46.27200000000001,30.0391270859858,15.0
-1,-86.34167201540201,17.233838226851848,52.0,49.72800000000001,36.613672015402,17.0
-1,-72.8748631296314,18.42546911111108,43.0,38.01600000000001,34.85886312963138,18.0
-1,-100.49770294800096,14.66014322685182,47.0,54.14400000000002,46.35370294800094,23.0
-1,-114.82872629048272,17.991232648148106,53.0,54.81600000000002,60.012726290482696,22.0
-1,-82.37308861129395,17.763050749999998,39.0,38.592000000000006,43.78108861129394,19.0
-1,-108.35434940401284,25.955773199073985,63.0,55.39200000000002,52.962349404012826,20.0
-1,-81.38906707165022,14.165608134259248,43.0,41.37600000000001,40.013067071650205,22.0
-1,-87.19080004054874,18.96324843518518,51.0,44.640000000000015,42.55080004054872,21.0
-1,-76.89162083162644,20.989842874999987,46.0,44.256000000000014,32.635620831626426,17.0
-1,-104.78900421555768,23.72041211111105,52.0,57.02400000000002,47.765004215557646,19.0
-1,-86.44477683705405,25.763135527777766,54.0,44.06400000000002,42.38077683705403,17.0
-1,-129.2883692980202,20.81504958796293,61.0,59.04000000000003,70.24836929802018,21.0
-1,-94.88549419100995,16.152913175925917,53.0,54.24000000000002,40.64549419100995,23.0
-1,-89.77308671574663,22.02484619444438,50.0,49.63200000000002,40.14108671574661,19.0
-1,-95.35008472364208,14.450257615740714,50.0,49.82400000000002,45.52608472364205,24.0
-1,-82.4426830217094,16.836069217592573,45.0,49.344000000000015,33.09868302170938,18.0
-1,-104.80417547820316,15.705744319444412,50.0,47.80800000000002,56.99617547820314,25.0
-1,-97.56952812325844,15.734770495370356,40.0,38.11200000000001,59.45752812325844,22.0
-1,-102.87510873315205,20.119314240740675,47.0,52.32000000000002,50.55510873315202,19.0
-1,-86.57066979265194,19.403647231481436,48.0,46.46400000000001,40.10666979265193,21.0
-1,-79.86221345484516,13.906601162037026,37.0,41.95200000000002,37.91021345484514,22.0
-1,-106.27289930937614,13.996766138888876,47.0,54.048000000000016,52.22489930937613,24.0
-1,-86.17778296204239,12.04543800462963,36.0,40.992,45.18578296204238,22.0
-1,-91.02837025129531,14.413104800925918,44.0,48.00000000000002,43.02837025129531,22.0
-1,-107.11950074435352,14.679966268518506,57.0,61.72800000000003,45.391500744353486,22.0
-1,-98.60559624149904,22.02138596759253,54.0,55.39200000000002,43.213596241499,20.0
-1,-102.08063716451468,22.168128277777715,52.0,53.184000000000026,48.89663716451464,21.0
-1,-110.04599810040315,22.07749517129627,59.0,68.64000000000004,41.40599810040312,18.0
-1,-82.60729913272796,14.588692749999996,38.0,40.22400000000001,42.38329913272795,21.0
-1,-86.61351259234041,13.004601740740732,37.0,42.52800000000001,44.08551259234041,24.0
-1,-90.63542505592592,21.55676398611108,53.0,52.224000000000025,38.411425055925896,20.0
-1,-84.05182078697749,21.136989583333303,42.0,41.95200000000001,42.09982078697748,16.0
-1,-84.66927247140421,15.486120606481462,44.0,45.88800000000001,38.7812724714042,22.0
-1,-98.56920128798608,20.063276222222225,50.0,46.46400000000001,52.10520128798607,19.0
-1,-107.28696030067498,19.117703888888837,48.0,55.776000000000025,51.51096030067495,22.0
-1,-109.95231728176624,24.553365402777704,57.0,59.13600000000002,50.81631728176621,18.0
-1,-90.82037794580825,18.964156314814787,53.0,54.81600000000002,36.00437794580821,19.0
-1,-85.48046387725131,17.789087935185165,44.0,43.68000000000001,41.8004638772513,21.0
-1,-101.9745613313896,21.41111049537029,54.0,60.76800000000002,41.20656133138958,18.0
-1,-81.57088298456506,20.37733833333329,45.0,45.792000000000016,35.77888298456505,18.0
-1,-94.46167218859388,14.430473268518522,48.0,50.49600000000002,43.96567218859386,22.0
-1,-109.50286705012316,14.50458218055554,46.0,46.08000000000002,63.422867050123145,25.0
-1,-88.78958752999557,22.856504509259267,59.0,54.14400000000003,34.645587529995545,19.0
-1,-97.87206515274596,18.8182925694444,50.0,50.01600000000002,47.85606515274594,23.0
-1,-85.41025650282273,18.71868943518515,45.0,48.864000000000026,36.5462565028227,18.0
-1,-90.16978520211109,16.817799175925902,49.0,55.39200000000002,34.77778520211106,19.0
-1,-85.33340800817692,20.85143803240736,50.0,49.05600000000002,36.27740800817689,17.0
-1,-100.92076479878055,17.557911361111096,49.0,51.840000000000025,49.080764798780535,23.0
-1,-85.84393747500104,16.081565652777773,40.0,37.824000000000005,48.01993747500104,24.0
-1,-121.62255410745055,19.1971840509259,56.0,59.80800000000004,61.81455410745052,24.0
-1,-99.29823522969184,22.627283995370288,52.0,49.72800000000002,49.57023522969181,19.0
-1,-104.32583445889618,19.960657416666614,68.0,81.98400000000002,22.341834458896155,14.0
-1,-90.8309089702953,16.009404611111094,44.0,44.352,46.478908970295294,22.0
-1,-82.28210806522517,17.326427949074052,47.0,52.03200000000002,30.25010806522516,14.0
-1,-93.49679048719015,19.949335166666643,51.0,49.056000000000026,44.440790487190135,20.0
-1,-123.06871542732732,14.168507620370349,58.0,63.16800000000003,59.90071542732731,24.0
-1,-101.35394015388565,18.207172111111078,44.0,46.36800000000001,54.98594015388563,22.0
-1,-90.44766383677369,17.961555930555523,52.0,60.48000000000002,29.967663836773653,18.0
-1,-95.77651750030316,17.381396814814806,42.0,46.27200000000001,49.50451750030315,23.0
-1,-115.07742912799269,11.453245629629638,50.0,52.70400000000002,62.37342912799266,28.0
-1,-81.82946198215618,15.02089153240741,46.0,47.23200000000002,34.597461982156155,22.0
-1,-88.39031185482713,16.500285333333302,44.0,49.53600000000002,38.85431185482711,19.0
-1,-73.90420968883836,18.895719032407367,43.0,47.712000000000025,26.192209688838336,13.0
-1,-88.50622011483797,17.82263519444441,47.0,48.48000000000002,40.02622011483796,22.0
-1,-127.6605141647614,15.865812601851848,61.0,60.28800000000003,67.37251416476137,26.0
-1,-97.96324292074488,21.392515787036967,49.0,61.34400000000002,36.61924292074485,17.0
-1,-75.38285903212869,12.743836495370386,35.0,40.60800000000001,34.77485903212869,19.0
-1,-96.23583951884008,25.328467351851764,51.0,49.53600000000002,46.69983951884005,18.0
-1,-92.30103496221682,14.67178862037034,49.0,49.248000000000005,43.05303496221682,22.0
-1,-86.7056761131945,12.86249982870371,40.0,38.976000000000006,47.7296761131945,25.0
-1,-82.17719926345328,13.308550027777766,39.0,40.704,41.47319926345327,20.0
-1,-89.1956361512907,20.103921768518447,55.0,62.59200000000003,26.603636151290672,17.0
-1,-77.06295928013948,13.863469939814804,38.0,45.216000000000015,31.846959280139465,18.0
-1,-97.42824840103248,14.717621555555551,42.0,48.096,49.33224840103247,23.0
-1,-84.51146138055782,18.560020087962936,45.0,47.424000000000014,37.0874613805578,21.0
-1,-87.43206075936429,20.535051374999963,43.0,46.84800000000001,40.58406075936428,17.0
-1,-130.97249105338858,17.587302671296253,55.0,65.66400000000004,65.30849105338854,25.0
-1,-98.60710123816465,23.3458040231481,49.0,50.88000000000002,47.72710123816463,18.0
-1,-85.08997399782521,19.23847779166662,46.0,51.36000000000002,33.72997399782519,18.0
-1,-128.6029361404657,17.219460518518517,56.0,59.90400000000003,68.69893614046566,24.0
-1,-81.18998291146616,18.09651139351852,45.0,47.904,33.285982911466164,20.0
-1,-104.27865135256896,20.67000336574068,58.0,52.41600000000002,51.86265135256895,22.0
-1,-111.08608739144344,24.26101731481474,68.0,72.28800000000003,38.79808739144341,17.0
-1,-106.10680876445944,19.96093926851845,51.0,59.23200000000004,46.8748087644594,23.0
-1,-89.10907672791734,10.33682490277779,28.0,30.144,58.96507672791735,24.0
-1,-85.40699580278292,17.930603375000008,43.0,48.57600000000003,36.830995802782894,19.0
-1,-81.96984094408326,17.48490400925924,48.0,56.640000000000015,25.32984094408324,14.0
-1,-95.05751866960908,17.738359777777756,51.0,63.74400000000003,31.313518669609035,18.0
-1,-82.31754605896059,21.24969638888884,46.0,43.77600000000001,38.54154605896058,20.0
-1,-65.92828259531451,16.86504935185183,43.0,48.38400000000001,17.544282595314506,13.0
-1,-78.53674112310534,16.005037365740748,47.0,52.320000000000014,26.21674112310533,16.0
-1,-88.7445642455266,20.851746259259187,53.0,50.59200000000002,38.15256424552658,20.0
-1,-101.53316838397603,18.2412888194444,56.0,62.59200000000003,38.941168383976006,20.0
-1,-86.32831957095077,13.197647361111104,45.0,43.68000000000002,42.64831957095075,23.0
-1,-131.65881572666177,19.80421469907402,68.0,85.05600000000005,46.60281572666173,21.0
-1,-93.10097770486752,18.72519595833331,51.0,49.536000000000016,43.56497770486752,20.0
-1,-92.63878838197785,20.786460750000003,57.0,48.28800000000002,44.35078838197782,20.0
-1,-97.47252112081966,18.41758518518518,49.0,51.840000000000025,45.63252112081964,22.0
-1,-81.51122906791997,14.437894111111117,36.0,35.328,46.18322906791997,20.0
-1,-92.32521098432524,16.250237259259254,45.0,47.13600000000002,45.18921098432523,20.0
-1,-164.27994240066556,19.943034356481373,96.0,112.22400000000007,52.05594240066547,24.0
-1,-86.97110607566952,21.565866180555517,54.0,53.37600000000002,33.5951060756695,15.0
-1,-112.31530184276812,11.725257347222216,61.0,73.63200000000003,38.68330184276809,25.0
-1,-75.47605227510861,20.257491208333303,49.0,47.52000000000002,27.9560522751086,17.0
-1,-113.36367316864856,23.22609998611102,55.0,53.28000000000002,60.08367316864855,20.0
-1,-85.49389658872313,13.396859236111098,38.0,44.54400000000001,40.94989658872312,22.0
-1,-101.79458698986488,17.369684995370342,47.0,55.39200000000002,46.40258698986485,22.0
-1,-102.59555584484956,10.355396467592616,40.0,37.728,64.86755584484956,26.0
-1,-96.30837876808867,18.648049624999963,50.0,59.80800000000002,36.50037876808867,18.0
-1,-90.13729560668952,19.58332129166661,42.0,48.86400000000001,41.27329560668951,19.0
-1,-102.7977809508344,14.654324523148146,43.0,49.24800000000002,53.54978095083439,23.0
-1,-69.1257265334202,16.641539074074053,38.0,42.14400000000001,26.981726533420197,15.0
-1,-136.1293539396373,21.333153453703595,62.0,76.60800000000003,59.52135393963727,22.0
-1,-93.0305323870992,16.319833046296274,42.0,46.94400000000002,46.08653238709919,19.0
-1,-72.93880185029644,19.931058259259245,43.0,41.56800000000001,31.370801850296424,16.0
-1,-79.90987556537668,18.76588631944442,34.0,37.72800000000001,42.18187556537667,20.0
-1,-101.58714701917444,16.13144249074073,42.0,52.80000000000002,48.78714701917442,23.0
-1,-74.41693992023596,16.012356101851832,35.0,40.80000000000001,33.61693992023596,17.0
-1,-70.00873867467969,16.972238449074045,34.0,36.288,33.72073867467969,16.0
-1,-99.46690148920476,18.797134999999987,48.0,49.82400000000002,49.64290148920474,21.0
-1,-97.78655622479866,13.087121574074065,45.0,48.76800000000002,49.01855622479863,25.0
-1,-97.3431862117759,22.376098231481432,58.0,58.56000000000003,38.78318621177587,17.0
-1,-129.6621821780546,11.740899708333323,60.0,80.64000000000004,49.02218217805455,23.0
-1,-98.0622447530904,15.52025255555555,49.0,53.76000000000002,44.30224475309037,23.0
-1,-106.09370188568776,11.620441675925925,52.0,73.05600000000003,33.03770188568772,22.0
-1,-95.8830149919903,14.041050550925895,46.0,60.76800000000003,35.115014991990265,19.0
-1,-74.168533628287,16.21984968518516,37.0,43.296000000000014,30.87253362828698,18.0
-1,-98.45761110816056,15.13386367129627,50.0,64.51200000000003,33.94561110816052,22.0
-1,-97.68868054294938,15.767335879629597,45.0,43.58400000000002,54.104680542949374,25.0
-1,-160.3583125170938,21.79440910185176,76.0,98.88000000000004,61.47831251709373,21.0
-1,-101.89499816183908,15.87463013425925,39.0,38.976000000000006,62.91899816183907,23.0
-1,-132.7319480888818,15.201621796296273,59.0,62.40000000000003,70.33194808888179,25.0
-1,-98.87106448698454,17.12412895370369,43.0,45.31200000000001,53.559064486984525,21.0
-1,-104.4736725282808,22.18223851388881,52.0,48.67200000000002,55.801672528280776,22.0
-1,-100.06516500089612,19.03849006018516,51.0,55.968000000000025,44.0971650008961,22.0
-1,-97.3648001527556,14.395771453703688,48.0,59.80800000000003,37.55680015275558,19.0
-1,-99.2792355017004,19.46394192129624,47.0,59.32800000000002,39.95123550170037,19.0
-1,-108.0782703661315,19.34207088888883,56.0,57.02400000000002,51.05427036613149,19.0
-1,-94.6262326892011,13.161168648148148,46.0,42.432000000000016,52.19423268920109,25.0
-1,-79.86218791136795,14.95292160185184,41.0,43.20000000000002,36.66218791136794,21.0
-1,-99.03451167493182,18.26708267592592,62.0,69.12000000000003,29.914511674931795,19.0
-1,-96.01379616602333,17.48361569444441,39.0,48.67200000000002,47.3417961660233,20.0
-1,-84.83785928257402,12.25567002314815,46.0,51.93600000000002,32.901859282573994,21.0
-1,-76.20328670033871,17.85076938425923,37.0,39.55200000000001,36.6512867003387,19.0
-1,-81.47217138647872,21.130300060185142,43.0,48.09600000000002,33.3761713864787,17.0
-1,-174.00847235516048,18.210246129629585,92.0,133.15200000000004,40.85647235516044,21.0
-1,-121.5348661170849,22.501043787036988,66.0,67.20000000000002,54.33486611708488,24.0
-1,-97.4285766337344,20.240998194444376,57.0,54.24000000000002,43.18857663373437,21.0
-1,-90.8370811228568,17.721484930555533,38.0,39.36000000000001,51.4770811228568,21.0
-1,-77.24288052440316,15.938247231481489,43.0,42.14400000000001,35.09888052440315,21.0
-1,-91.49135592629447,14.342959671296295,45.0,51.84000000000002,39.65135592629447,20.0
-1,-97.13869021793737,20.700190111111056,51.0,57.02400000000003,40.11469021793732,21.0
-1,-147.08108741705672,15.61202280092588,74.0,94.56000000000006,52.52108741705665,22.0
-1,-111.99407050938638,15.008478356481469,49.0,62.11200000000003,49.88207050938635,24.0
-1,-82.20484596837264,19.226291449074026,45.0,50.97600000000001,31.22884596837263,20.0
-1,-87.06751783730883,18.834058435185177,42.0,44.448000000000015,42.61951783730882,19.0
-1,-98.53863648968075,11.867716467592576,44.0,55.39200000000002,43.14663648968074,23.0
-1,-115.46403971748566,20.429590212962875,58.0,62.11200000000004,53.35203971748563,22.0
-1,-88.55995070683264,15.903073037037062,53.0,52.608000000000025,35.951950706832605,19.0
-1,-103.82560108264926,18.32080031944438,50.0,57.504000000000026,46.32160108264923,23.0
-1,-97.44562015788526,17.553816194444405,54.0,52.51200000000002,44.93362015788523,21.0
-1,-87.31823137537451,11.749934782407417,38.0,40.608,46.710231375374505,26.0
-1,-102.52827776909598,20.469535712962948,50.0,55.87200000000003,46.65627776909594,21.0
-1,-91.95306887716606,16.651428699074035,55.0,64.70400000000004,27.24906887716602,14.0
-1,-83.92367795081655,13.262381444444436,34.0,39.456,44.46767795081655,22.0
-1,-101.39147170878816,12.22209993518518,36.0,49.53600000000002,51.855471708788144,23.0
-1,-75.03770947103322,21.96765471759256,46.0,44.25600000000001,30.78170947103321,16.0
-1,-86.03979366764705,21.28165054629625,48.0,58.17600000000003,27.86379366764702,15.0
-1,-131.48746624941765,10.824460273148144,48.0,59.52000000000003,71.96746624941761,27.0
-1,-102.4780980296614,11.763953212962951,45.0,54.81600000000003,47.662098029661365,26.0
-1,-74.8266936916121,16.45026387962962,40.0,44.54400000000001,30.282693691612096,17.0
-1,-75.53390614793823,20.7565803055555,45.0,52.704000000000015,22.82990614793821,14.0
-1,-118.3528150756106,16.627314296296248,55.0,65.47200000000002,52.88081507561057,23.0
-1,-85.48512866401057,15.025637425925908,40.0,48.000000000000014,37.48512866401055,23.0
-1,-78.11072226178004,16.80315502777774,41.0,44.92800000000001,33.18272226178003,18.0
-1,-84.95452281109709,21.9377708148148,46.0,41.56800000000001,43.38652281109707,18.0
-1,-100.0947154874701,17.443051962962947,48.0,48.00000000000001,52.0947154874701,22.0
-1,-117.02252094394407,19.78056249999993,60.0,59.80800000000003,57.21452094394406,22.0
-1,-85.89336127487728,17.95039126388887,46.0,49.344000000000015,36.54936127487726,20.0
-1,-97.944180148342,15.20838993055553,32.0,43.58400000000001,54.36018014834198,20.0
-1,-79.92125334840571,13.483381569444424,36.0,44.44800000000001,35.4732533484057,20.0
-1,-92.60676575878188,14.864990574074074,42.0,51.07200000000002,41.53476575878185,20.0
-1,-109.43479922074124,20.170655217592504,60.0,67.29600000000003,42.1387992207412,20.0
-1,-75.11029870579867,17.29013383333332,37.0,40.992,34.11829870579867,20.0
-1,-84.66481012022972,15.52948637962962,42.0,41.56800000000001,43.096810120229705,24.0
-1,-90.63299354719112,15.3263016574074,56.0,65.56800000000003,25.064993547191087,16.0
-1,-101.4614618836457,18.935890935185125,46.0,48.67200000000001,52.789461883645686,22.0
-1,-99.2000287602699,17.112563300925896,48.0,52.608000000000025,46.59202876026987,24.0
-1,-81.4319794046215,16.43217591203705,44.0,42.14400000000001,39.28797940462148,20.0
-1,-104.9834644586972,20.402243782407385,57.0,55.87200000000002,49.11146445869718,21.0
-1,-72.56434705749655,18.568928060185137,40.0,45.024000000000015,27.540347057496533,14.0
-1,-106.55696285321868,18.84588304629625,51.0,60.76800000000003,45.788962853218656,21.0
-1,-89.8577657139771,15.56093468518517,44.0,51.840000000000025,38.01776571397709,20.0
-1,-80.07537025610982,14.360576032407415,41.0,48.768000000000015,31.30737025610981,19.0
-1,-96.39057632074594,27.835973268518455,57.0,55.87200000000003,40.5185763207459,17.0
-1,-76.36159098945936,18.356650467592544,43.0,52.60800000000002,23.753590989459344,13.0
-1,-86.90616793194391,19.628520152777757,46.0,43.77600000000001,43.130167931943895,18.0
-1,-81.5202555875845,23.30374931944442,50.0,48.768000000000015,32.75225558758448,14.0
-1,-74.72455179679893,19.85910550925924,44.0,51.648000000000025,23.076551796798903,13.0
-1,-98.54946042341284,20.77571865277775,53.0,57.120000000000026,41.429460423412834,20.0
-1,-77.75582446772096,20.88237799999995,55.0,50.59200000000002,27.16382446772093,16.0
-1,-76.85001677916281,16.733407217592575,49.0,56.35200000000002,20.49801677916279,11.0
-1,-117.60775282486937,17.34435779166662,49.0,56.736000000000026,60.87175282486932,24.0
-1,-124.3697008999412,13.598417194444435,51.0,59.42400000000004,64.94570089994116,23.0
-1,-81.2529783198597,19.07937157407404,48.0,49.920000000000016,31.33297831985967,19.0
-1,-89.19936166095209,15.973574699074057,41.0,43.10400000000001,46.095361660952086,22.0
-1,-106.59309231105776,13.859628013888884,50.0,60.09600000000003,46.49709231105774,21.0
-1,-90.8109263711222,21.90671094907402,54.0,57.98400000000002,32.826926371122184,20.0
-1,-96.09563146209916,14.57195232870368,41.0,55.00800000000002,41.08763146209915,19.0
-1,-79.51207442159512,14.6790259259259,51.0,54.72000000000002,24.792074421595093,13.0
-1,-78.75288237049486,15.983456004629616,54.0,53.95200000000001,24.80088237049484,16.0
-1,-77.34186245412778,17.627247550925947,47.0,51.552000000000014,25.78986245412776,14.0
-1,-145.4374552017524,19.030973828703612,91.0,108.28800000000008,37.14945520175231,19.0
-1,-80.93120744736892,16.534542351851808,40.0,46.08000000000001,34.85120744736891,18.0
-1,-91.2957621715094,20.68559031481477,52.0,49.44000000000001,41.85576217150938,21.0
-1,-111.53728565358546,17.486989060185152,53.0,63.64800000000003,47.88928565358543,21.0
-1,-101.83165519530692,14.437225587962947,47.0,59.52000000000003,42.31165519530689,22.0
-1,-78.90856629742123,17.857418231481454,44.0,46.46400000000001,32.444566297421225,15.0
-1,-97.79416924537568,21.192043342592523,51.0,55.87200000000003,41.92216924537564,21.0
-1,-81.41850525224731,17.464456717592572,42.0,47.71200000000001,33.7065052522473,19.0
-1,-99.33044822750412,22.323359101851796,54.0,59.61600000000003,39.7144482275041,19.0
-1,-90.35144887890335,16.090151745370363,46.0,46.56000000000002,43.79144887890335,22.0
-1,-89.65880808035774,20.942116282407373,46.0,49.15200000000002,40.50680808035773,19.0
-1,-98.91289393363492,18.308597967592544,47.0,54.43200000000002,44.480893933634896,22.0
-1,-97.29924510222628,17.378176999999937,44.0,49.05600000000002,48.24324510222626,21.0
-1,-77.55503995777026,13.62630374074074,43.0,52.512000000000015,25.04303995777025,19.0
-1,-71.53458345543292,14.527577569444423,35.0,40.70400000000002,30.8305834554329,15.0
-1,-85.33265107632559,19.54296686111111,55.0,50.97600000000003,34.356651076325555,18.0
-1,-91.77100978453468,16.440872462962936,51.0,51.840000000000025,39.93100978453464,22.0
-1,-70.9169627421542,15.653460162037026,38.0,36.576,34.340962742154204,20.0
-1,-62.440940027272326,21.543633023148136,42.0,40.320000000000014,22.12094002727231,13.0
-1,-84.72134508405927,13.60645192129628,40.0,51.16800000000002,33.55334508405925,20.0
-1,-92.90313639476972,16.003113930555536,48.0,54.62400000000002,38.279136394769694,23.0
-1,-99.06352551079596,16.431481310185173,50.0,44.64000000000001,54.42352551079596,25.0
-1,-106.81674754045083,20.940417171296254,50.0,52.992000000000026,53.82474754045083,22.0
-1,-86.93776455518868,19.22197363425923,49.0,51.84000000000002,35.09776455518866,19.0
-1,-130.99824068633163,14.85707150000001,67.0,75.84000000000005,55.15824068633159,25.0
-1,-98.8002944768338,14.904170550925915,50.0,57.98400000000002,40.8162944768338,22.0
-1,-84.17048766584341,18.80010053240739,48.0,54.43200000000001,29.7384876658434,15.0
-1,-106.7924494583768,16.227394685185157,57.0,61.72800000000003,45.06444945837677,22.0
-1,-80.58735942125575,23.5573824398148,53.0,57.40800000000002,23.17935942125573,14.0
-1,-88.35247176755563,14.710118819444435,40.0,48.48000000000001,39.872471767555616,22.0
-1,-109.06663642558132,17.36081264814811,50.0,61.920000000000016,47.14663642558131,20.0
-1,-75.41203652150313,17.149402023148134,48.0,39.64800000000002,35.7640365215031,20.0
-1,-82.40432272132855,18.44963591666665,51.0,54.240000000000016,28.16432272132854,16.0
-1,-91.02377551753868,14.44342894444442,44.0,48.67200000000002,42.35177551753865,19.0
-1,-84.47749236989745,15.843999393518502,50.0,59.424000000000014,25.05349236989743,14.0
-1,-89.96977144046495,20.942458689814764,47.0,51.36000000000003,38.609771440464925,16.0
-1,-96.96801082473397,16.09639044907405,47.0,58.84800000000003,38.120010824733946,21.0
-1,-68.60847548243983,20.01417805092588,40.0,45.69600000000001,22.91247548243982,12.0
-1,-78.32058106697025,21.941986865740727,49.0,46.27200000000001,32.04858106697024,15.0
-1,-101.49101032874584,18.20338122222218,55.0,62.68800000000002,38.80301032874582,17.0
-1,-103.20386445308054,20.490006143518475,51.0,55.776000000000025,47.42786445308052,20.0
-1,-93.51636542174424,12.29745106944444,40.0,41.85600000000001,51.660365421744224,22.0
-1,-78.14671890604836,17.745410023148132,36.0,40.99200000000001,37.154718906048345,19.0
-1,-90.22888738166829,17.865803060185154,42.0,48.86400000000002,41.36488738166826,22.0
-1,-83.29178912500504,15.066725245370368,46.0,45.024000000000015,38.267789125005024,21.0
-1,-97.20001828126551,23.06752836574069,52.0,51.07200000000002,46.12801828126552,20.0
-1,-84.92589649178856,15.738802615740726,36.0,40.12800000000001,44.79789649178856,22.0
-1,-94.7226915656312,20.042782800925888,53.0,50.20800000000003,44.51469156563118,20.0
-1,-75.46896240344356,22.684239194444427,47.0,46.368000000000016,29.100962403443543,16.0
-1,-105.80197995060794,24.20493385648143,57.0,63.93600000000003,41.86597995060791,17.0
-1,-85.76501400240386,18.542551370370315,51.0,53.85600000000002,31.909014002403843,20.0
-1,-87.39853005911901,15.81823858796293,46.0,55.87200000000001,31.526530059119004,14.0
-1,-107.1836941259292,18.62242909722215,54.0,74.59200000000003,32.591694125929166,18.0
-1,-86.11636671457471,16.941039402777733,40.0,45.792000000000016,40.32436671457469,21.0
-1,-102.88995472998931,22.36974000925922,65.0,68.25600000000001,34.63395472998929,17.0
-1,-98.41003533733404,19.819984009259176,48.0,57.98400000000002,40.42603533733402,18.0
-1,-77.56942006295988,15.80530582407406,41.0,44.83200000000001,32.73742006295987,17.0
-1,-81.25202238472059,17.75919395833328,46.0,52.70400000000002,28.548022384720564,18.0
-1,-83.68217871984298,14.367823324074058,41.0,45.31200000000001,38.37017871984297,20.0
-1,-94.81250111095233,13.101298458333336,39.0,43.10400000000001,51.70850111095231,24.0
-1,-110.17071233657482,23.645746374999955,61.0,65.28000000000002,44.89071233657481,19.0
-1,-87.0981876586732,17.92247646296289,48.0,53.66400000000002,33.43418765867318,19.0
-1,-71.86382970414405,19.554309504629604,40.0,39.84,32.023829704144056,18.0
-1,-103.59485423909771,21.47294601388887,56.0,59.61600000000003,43.978854239097686,20.0
-1,-90.35018194563418,14.601771356481477,46.0,53.28000000000002,37.07018194563416,20.0
-1,-107.27726585792492,19.43688476851849,59.0,56.256000000000014,51.02126585792493,24.0
-1,-91.51608305059898,18.021347060185164,48.0,43.29600000000001,48.22008305059897,22.0
-1,-84.31197537970468,21.55164813425921,56.0,51.07200000000002,33.23997537970466,18.0
-1,-132.6823228516745,21.60488696296289,64.0,75.26400000000004,57.41832285167448,20.0
-1,-83.022810870504,14.09481130092591,46.0,49.056000000000026,33.966810870503984,19.0
-1,-85.07322022919053,19.01819999074071,47.0,48.86400000000002,36.209220229190514,19.0
-1,-98.8532970130416,19.155881027777717,49.0,57.79200000000003,41.06129701304158,18.0
-1,-98.24059263705612,14.918677560185172,52.0,66.24000000000002,32.00059263705609,15.0
-1,-83.47020809736814,16.572591444444424,56.0,63.648000000000025,19.82220809736812,14.0
-1,-71.20960890735176,15.466366782407391,39.0,40.51200000000001,30.697608907351764,21.0
-1,-81.05584284844824,16.76361510185182,42.0,45.60000000000001,35.455842848448235,18.0
-1,-86.40643784748308,23.46836474999993,54.0,57.69600000000002,28.710437847483053,15.0
-1,-75.86275129829389,21.154924634259235,51.0,46.56000000000002,29.302751298293863,17.0
-1,-90.22199426866274,20.38920078240738,50.0,54.432000000000016,35.789994268662724,21.0
-1,-70.07690856986889,19.998422226851837,42.0,46.17600000000002,23.900908569868864,16.0
-1,-78.68628662542991,10.45091115277778,36.0,38.784000000000006,39.9022866254299,22.0
-1,-101.8873160305592,20.11047323148142,51.0,58.56000000000003,43.32731603055917,20.0
-1,-95.8502552747742,16.902199175925915,48.0,56.25600000000003,39.59425527477419,20.0
-1,-96.97127269140763,16.761693023148116,51.0,60.57600000000002,36.39527269140762,22.0
-1,-90.07622317709928,22.27558013888881,53.0,50.88000000000001,39.19622317709927,18.0
-1,-75.1645157337311,14.934568601851854,47.0,50.40000000000001,24.76451573373108,13.0
-1,-137.9263754729054,17.483505694444407,72.0,107.52000000000008,30.406375472905328,18.0
-1,-98.89770032498072,18.613289601851804,63.0,80.44800000000004,18.449700324980675,13.0
-1,-114.31125531529386,18.019183074074032,53.0,56.54400000000003,57.76725531529383,22.0
-1,-82.35915241779567,14.05184564814813,39.0,38.496,43.86315241779567,24.0
-1,-84.3099558134254,21.5112597314814,46.0,52.70400000000002,31.605955813425386,16.0
-1,-100.75417640823524,14.071319611111086,47.0,57.79200000000002,42.96217640823523,20.0
-1,-73.50798044225441,20.033134805555555,40.0,45.216000000000015,28.291980442254395,17.0
-1,-93.71152015036172,18.020507828703654,48.0,54.04800000000002,39.66352015036169,20.0
-1,-93.11541796722425,17.464192814814783,45.0,47.04000000000002,46.07541796722421,22.0
-1,-111.37875628718972,21.806826328703654,51.0,57.40800000000002,53.97075628718972,20.0
-1,-89.29744989274063,18.36280512037032,50.0,50.88000000000002,38.417449892740606,19.0
-1,-63.28855840908953,14.94932060185184,31.0,37.056,26.23255840908953,18.0
-1,-90.44502351908945,20.95195324999997,50.0,46.56000000000001,43.88502351908942,20.0
-1,-62.88330634365296,14.021015050925916,35.0,45.024000000000015,17.859306343652943,13.0
-1,-116.11545168446574,21.57856713425917,58.0,65.76000000000002,50.35545168446571,20.0
-1,-111.78673036985576,10.489251111111106,62.0,88.12800000000004,23.65873036985573,16.0
-1,-82.53360732537902,19.20875513888888,40.0,43.00800000000001,39.525607325379006,18.0
-1,-81.63280126653407,15.42800519444442,42.0,48.48000000000002,33.15280126653406,19.0
-1,-80.9991534369641,11.235179662037035,38.0,41.280000000000015,39.71915343696408,22.0
-1,-75.05463731495195,17.950448217592577,47.0,45.79200000000001,29.262637314951945,17.0
-1,-113.46091635036004,22.80687071296288,58.0,58.56000000000002,54.90091635036002,21.0
-1,-81.02956967470658,14.309056078703694,38.0,46.08000000000001,34.94956967470657,18.0
-1,-80.61784863186287,14.19755332407406,36.0,44.73600000000001,35.881848631862866,17.0
-1,-98.00821098624392,20.81752663888881,54.0,65.56800000000001,32.440210986243905,16.0
-1,-127.7910160405248,20.32361782870361,59.0,64.89600000000003,62.89501604052478,24.0
-1,-130.13453551109978,20.987387828703703,61.0,79.10400000000004,51.03053551109976,18.0
-1,-96.55130092400474,15.292450527777763,50.0,49.056000000000026,47.49530092400471,22.0
-1,-95.18571149964716,18.57674343055552,48.0,54.048000000000016,41.13771149964715,20.0
-1,-86.85949187295799,21.222566819444427,63.0,63.16800000000004,23.69149187295796,13.0
-1,-92.74560010648428,18.40715261574072,51.0,60.19200000000002,32.553600106484254,16.0
-1,-80.70900363395705,20.94456925462959,59.0,54.432000000000016,26.27700363395704,16.0
-1,-91.2285038382273,16.554766648148153,43.0,41.280000000000015,49.94850383822728,22.0
-1,-83.56132121957981,16.994467842592552,42.0,50.496000000000016,33.065321219579786,15.0
-1,-145.05294988260664,23.943200749999875,67.0,82.56000000000004,62.49294988260661,21.0
-1,-98.72362532624948,23.924138203703645,63.0,70.84800000000003,27.875625326249445,14.0
-1,-100.22118060553284,20.32559419907404,47.0,44.54400000000002,55.67718060553282,22.0
-1,-81.66703841618337,15.417026314814796,38.0,42.04800000000001,39.619038416183365,21.0
-1,-69.61292089729989,14.737061412037033,35.0,35.52,34.09292089729989,19.0
-1,-94.9880867032724,17.75236491666665,51.0,55.29600000000003,39.69208670327237,20.0
-1,-106.98584943377628,15.553849805555558,55.0,56.64000000000002,50.345849433776245,24.0
-1,-70.93885200850059,10.8077655925926,40.0,48.09600000000002,22.84285200850057,14.0
-1,-102.39776991188442,20.088223504629525,56.0,62.400000000000034,39.99776991188439,21.0
-1,-86.16087745632817,22.100471648148115,50.0,46.17600000000001,39.98487745632816,20.0
-1,-93.30388390798107,16.942241425925904,40.0,42.43200000000001,50.87188390798107,22.0
-1,-92.65414583004508,11.84102092129628,46.0,61.92000000000002,30.73414583004506,19.0
-1,-93.51361172193998,11.241082421296326,42.0,37.824,55.68961172193999,28.0
-1,-89.55260401003405,15.1021549259259,38.0,47.13600000000001,42.41660401003404,22.0
-1,-88.38827154089306,20.008015490740704,47.0,51.26400000000002,37.12427154089304,20.0
-1,-97.01982585183146,16.76202941203704,56.0,54.24000000000002,42.77982585183144,18.0
-1,-95.69138512564793,19.62230288425921,46.0,52.128000000000014,43.56338512564789,22.0
-1,-88.65257470890964,13.11716756944444,42.0,45.600000000000016,43.05257470890962,21.0
-1,-101.38901510016623,24.30718940740733,52.0,61.632000000000026,39.75701510016621,19.0
-1,-76.43262942867263,13.671790166666652,36.0,45.024000000000015,31.40862942867261,17.0
-1,-95.58010093204422,21.57387093055551,55.0,55.00800000000002,40.572100932044194,22.0
-1,-94.5674732860717,20.377028249999974,55.0,58.17600000000002,36.39147328607169,20.0
-1,-76.6833627630562,16.989000351851853,48.0,48.86400000000001,27.819362763056183,17.0
-1,-87.97344051763415,17.062572708333313,44.0,57.504000000000026,30.469440517634112,20.0
-1,-97.86515223341902,17.118200504629613,54.0,60.480000000000025,37.38515223341899,19.0
-1,-84.7902303568369,15.596095796296268,43.0,54.33600000000002,30.454230356836888,19.0
-1,-87.70964306416718,19.607846564814785,45.0,51.36000000000002,36.34964306416717,18.0
-1,-89.00478287173665,15.228879560185158,43.0,50.40000000000002,38.60478287173663,21.0
-1,-87.5509336178134,14.36952447222222,42.0,46.08000000000001,41.47093361781338,21.0
-1,-66.46331182641109,14.221410791666653,36.0,40.512000000000015,25.951311826411064,16.0
-1,-115.02877988504956,14.316824416666678,64.0,74.30400000000003,40.72477988504953,21.0
-1,-85.49484620648678,18.84334519907405,51.0,54.91200000000003,30.58284620648676,17.0
-1,-60.14556440493347,18.79131291203699,34.0,31.296000000000006,28.849564404933464,15.0
-1,-86.7854031977311,18.757431560185168,50.0,48.86400000000002,37.92140319773108,19.0
-1,-87.45424908327462,19.134315592592568,47.0,51.45600000000002,35.99824908327461,18.0
-1,-77.40480630514728,17.954732657407366,39.0,42.432000000000016,34.972806305147266,20.0
-1,-99.20639324714612,26.936569393518464,56.0,60.38400000000002,38.822393247146096,15.0
-1,-84.50714340006283,20.63189475462962,43.0,43.104000000000006,41.40314340006282,20.0
-1,-85.65231115911422,14.655515060185166,38.0,47.52000000000002,38.1323111591142,20.0
-1,-129.59040681143466,18.30711931018517,70.0,93.69600000000004,35.8944068114346,20.0
-1,-96.42439863192736,14.738917879629604,66.0,75.45600000000002,20.96839863192733,14.0
-1,-83.12074637411735,18.40099175925925,46.0,55.58400000000002,27.536746374117328,16.0
-1,-98.54474146113444,20.48989018055552,54.0,59.04000000000003,39.5047414611344,17.0
-1,-75.87288747986315,19.083972398148127,38.0,44.54400000000001,31.32888747986314,16.0
-1,-101.3655708705908,23.17747197222216,49.0,50.78400000000002,50.58157087059078,18.0
-1,-81.88094534152509,18.173598532407382,49.0,48.86400000000002,33.01694534152507,18.0
-1,-106.04315505544496,15.522797032407404,57.0,70.56000000000003,35.483155055444946,19.0
-1,-91.7537897001208,22.22261023611105,52.0,56.64000000000002,35.11378970012077,18.0
-1,-92.5759709306478,17.998988805555513,52.0,56.736000000000026,35.83997093064779,18.0
-1,-97.6456429091586,16.150651282407384,52.0,61.82400000000002,35.82164290915858,21.0
-1,-108.65379444890304,19.114176791666644,57.0,60.09600000000003,48.557794448903,22.0
-1,-98.91989407789674,19.18563961574072,57.0,58.17600000000003,40.74389407789672,19.0
-1,-90.81568932372856,19.891241115740733,39.0,39.74400000000001,51.071689323728535,18.0
-1,-107.395635152349,17.739003805555512,52.0,63.74400000000003,43.65163515234897,19.0
-1,-87.42591302397425,20.821057620370357,53.0,57.984000000000016,29.441913023974237,16.0
-1,-83.84366154273502,21.32450414814813,44.0,45.50400000000001,38.33966154273501,18.0
-1,-85.48495258846918,13.404687046296296,43.0,44.16000000000001,41.32495258846917,23.0
-1,-104.98214502323027,15.645837722222211,46.0,51.840000000000025,53.14214502323027,25.0
-1,-83.29030101337177,17.796175759259224,49.0,52.80000000000002,30.49030101337176,16.0
-1,-72.85461202532866,19.5173170648148,40.0,43.00800000000001,29.84661202532866,16.0
-1,-89.86883959540651,17.218052439814826,50.0,53.95200000000001,35.91683959540649,18.0
-1,-78.41269803048726,21.271692953703624,47.0,51.84000000000002,26.57269803048725,14.0
-1,-101.15389644907096,18.342301981481427,54.0,54.43200000000002,46.72189644907093,24.0
-1,-95.35960071060964,18.23328916666665,53.0,43.58400000000001,51.77560071060962,22.0
-1,-101.05374481862486,15.549577712962948,59.0,61.53600000000002,39.517744818624834,24.0
-1,-75.43628889615542,20.89367268518516,46.0,47.90400000000002,27.5322888961554,14.0
-1,-88.90327724139807,15.853256564814837,44.0,49.05600000000002,39.84727724139805,22.0
-1,-80.68317582053125,19.15379850462961,48.0,48.86400000000002,31.81917582053123,19.0
-1,-96.0223410491886,20.36798117592587,53.0,57.60000000000003,38.422341049188574,20.0
-1,-93.2373166067058,12.615029092592572,46.0,51.936000000000014,41.30131660670578,23.0
-1,-79.20479843858887,14.437568037037048,50.0,48.672,30.53279843858886,17.0
-1,-86.6908857629696,17.090939365740734,51.0,53.47200000000002,33.21888576296958,20.0
-1,-81.22255803219159,17.95348472222218,45.0,44.256000000000014,36.96655803219157,21.0
-1,-75.10159731656702,18.046270583333325,42.0,43.58400000000002,31.517597316567,16.0
-1,-82.5388711607719,14.03006687962963,48.0,57.02400000000002,25.51487116077188,15.0
-1,-86.06432384187156,16.089471009259235,44.0,46.848000000000006,39.21632384187156,22.0
-1,-112.42392981066196,16.091781740740732,53.0,60.19200000000004,52.23192981066191,24.0
-1,-89.06102262358083,19.148594407407373,62.0,64.32000000000002,24.741022623580808,12.0
-1,-93.35160069363788,13.701402875,44.0,42.91200000000001,50.439600693637885,24.0
-1,-81.16400701760065,25.147413939814747,65.0,63.36000000000003,17.804007017600625,11.0
-1,-140.6786825562047,16.463675486111075,57.0,72.19200000000004,68.48668255620467,23.0
-1,-80.19737098015307,19.14652830555552,43.0,54.81600000000002,25.381370980153054,13.0
-1,-99.53227243372125,15.996325777777772,56.0,51.55200000000003,47.9802724337212,22.0
-1,-93.02776982256476,24.115868152777796,56.0,66.33600000000001,26.691769822564734,14.0
-1,-86.50916377393973,25.106381310185142,49.0,46.08000000000001,40.42916377393972,17.0
-1,-89.27750421401471,13.26341545370369,49.0,61.248000000000026,28.02950421401469,18.0
-1,-75.58622954147106,15.285639763888886,44.0,44.448000000000015,31.138229541471045,17.0
-1,-96.11156857176977,20.664942203703674,48.0,46.27200000000001,49.83956857176975,22.0
-1,-93.2110711265319,14.614074685185178,39.0,47.32800000000001,45.883071126531895,21.0
-1,-107.5791244929861,11.817302962962955,42.0,52.41600000000002,55.16312449298607,25.0
-1,-65.06395597794577,13.205277217592585,40.0,44.16000000000001,20.903955977945763,16.0
-1,-86.88904349943738,17.237882634259222,46.0,45.31200000000001,41.577043499437366,19.0
-1,-89.60891374583353,20.859438800925872,49.0,55.39200000000002,34.21691374583351,17.0
-1,-109.63852014299718,16.27462484259257,53.0,64.51200000000001,45.126520142997165,20.0
-1,-112.84956846539004,17.64115513888888,57.0,62.400000000000034,50.44956846539001,22.0
-1,-78.09786491875182,17.85504544444445,47.0,48.48000000000001,29.617864918751813,15.0
-1,-103.918345249178,17.353230662037014,54.0,52.51200000000002,51.40634524917797,24.0
-1,-97.9668404041878,21.3147392546296,49.0,57.02400000000003,40.94284040418777,18.0
-1,-72.03347465055697,19.925179314814777,47.0,48.19200000000002,23.841474650556947,17.0
-1,-79.26286258989434,18.03247573611109,49.0,48.28800000000002,30.974862589894325,18.0
-1,-94.20225471630845,19.978228629629555,52.0,57.31200000000002,36.89025471630841,18.0
-1,-95.4510656657767,19.065377231481417,56.0,56.64000000000003,38.81106566577666,18.0
-1,-74.12262207857965,16.121210138888888,42.0,44.256,29.866622078579653,19.0
-1,-82.35963356759038,17.617603467592577,47.0,45.600000000000016,36.75963356759037,21.0
-1,-99.90889278922504,19.5739601759259,62.0,63.36000000000003,36.548892789225015,19.0
-1,-86.04206342630803,18.324269847222197,46.0,43.872000000000014,42.170063426308026,20.0
-1,-68.0582082687553,19.30221135648147,43.0,46.65600000000001,21.402208268755285,12.0
-1,-86.89764301975774,18.89786022222217,47.0,46.27200000000002,40.62564301975771,20.0
-1,-85.6482354937773,14.119913527777788,45.0,50.11200000000002,35.53623549377728,22.0
-1,-91.43009213381924,14.701454416666673,49.0,58.464000000000034,32.966092133819195,20.0
-1,-106.4711756143177,20.680977731481462,67.0,69.50400000000003,36.96717561431768,18.0
-1,-86.02819718177338,18.59694422685182,51.0,47.90400000000002,38.12419718177337,21.0
-1,-91.31060597646294,14.498398416666658,48.0,52.416000000000025,38.89460597646292,22.0
-1,-119.413519392997,20.07389830092586,69.0,72.28800000000004,47.12551939299696,22.0
-1,-94.44327489423014,13.582254125000008,47.0,54.72000000000001,39.72327489423012,23.0
-1,-83.42847822549824,15.25017717129628,42.0,47.52000000000001,35.90847822549823,19.0
-1,-103.44273233776116,26.15910295370363,64.0,69.69600000000003,33.74673233776113,14.0
-1,-91.3061804875772,19.835991351851803,51.0,55.10400000000002,36.202180487577166,21.0
-1,-68.43382785984954,17.23066514351851,41.0,38.112,30.32182785984954,19.0
-1,-107.47388174324033,17.723126046296265,59.0,51.55200000000002,55.92188174324031,23.0
-1,-81.51624554070506,16.60934436574073,42.0,43.872000000000014,37.64424554070504,21.0
-1,-94.96835523008748,13.447866347222236,43.0,44.73600000000001,50.23235523008746,25.0
-1,-71.29201049903492,15.284473657407409,41.0,47.42400000000001,23.86801049903491,15.0
-1,-62.91403431996422,16.707265120370362,45.0,44.35200000000002,18.562034319964205,11.0
-1,-93.97677947925108,24.832395004629564,58.0,63.16800000000004,30.808779479251044,16.0
-1,-64.49833654578106,9.599910222222237,33.0,40.03200000000001,24.466336545781044,19.0
-1,-116.6648921707306,21.621416736111005,61.0,62.30400000000003,54.36089217073058,25.0
-1,-86.53118689678081,16.25463369444442,45.0,48.192000000000014,38.3391868967808,18.0
-1,-91.61462957950556,21.78879437499994,52.0,55.77600000000002,35.83862957950555,17.0
-1,-107.39182415350982,19.72476504166665,56.0,58.656000000000034,48.73582415350979,22.0
-1,-92.47905633325207,20.562375152777705,49.0,55.00800000000002,37.47105633325205,19.0
-1,-91.61582729748278,15.868510745370346,47.0,51.26400000000002,40.35182729748277,21.0
-1,-86.97588444331042,17.12971152777776,52.0,52.60800000000002,34.3678844433104,20.0
-1,-100.4919222469454,16.736779606481473,59.0,67.58400000000003,32.90792224694536,19.0
-1,-87.82356976308112,14.118773106481466,51.0,64.60800000000002,23.21556976308111,13.0
-1,-103.5595568401264,20.83981923148142,55.0,47.52000000000002,56.03955684012638,20.0
-1,-91.4037069503082,14.87985974074073,42.0,43.96800000000002,47.43570695030817,19.0
-1,-78.85358257434606,22.51021086111111,41.0,35.040000000000006,43.81358257434606,16.0
-1,-89.72152578759054,22.09590680555553,50.0,54.14400000000003,35.5775257875905,19.0
-1,-98.39344106011032,20.88312985648148,45.0,45.216000000000015,53.17744106011032,19.0
-1,-90.29187849696298,17.430528851851836,55.0,62.68800000000003,27.603878496962952,17.0
-1,-83.36708097644737,19.284626944444447,50.0,53.95200000000002,29.415080976447346,15.0
-1,-103.90578229649158,25.654027199073976,60.0,60.480000000000025,43.42578229649156,18.0
-1,-95.08024772077776,18.97448587037034,51.0,51.16800000000003,43.912247720777714,21.0
-1,-89.73833334673559,16.437135027777753,46.0,40.22400000000001,49.514333346735576,23.0
-1,-80.2796066308205,13.15390558796296,38.0,46.56000000000002,33.71960663082048,18.0
-1,-91.34128614292136,13.486976347222216,47.0,50.59200000000002,40.74928614292134,21.0
-1,-89.62336201221149,14.802797148148128,42.0,53.66400000000003,35.959362012211464,20.0
-1,-89.6317261475088,13.95054775925925,38.0,43.68000000000001,45.95172614750879,24.0
-1,-103.41509988029782,18.51748362037033,53.0,56.06400000000003,47.3510998802978,23.0
-1,-78.03128564146637,14.9302371111111,47.0,49.728000000000016,28.30328564146636,19.0
-1,-91.40646251162268,16.998919152777777,50.0,49.728000000000016,41.67846251162268,20.0
-1,-100.16815845436368,17.871179703703636,50.0,57.312000000000026,42.85615845436367,22.0
-1,-79.09003122837655,12.195799981481484,37.0,36.960000000000015,42.13003122837653,23.0
-1,-89.96179838657235,15.05483158796297,45.0,45.69600000000002,44.265798386572335,18.0
-1,-89.0367681093843,16.274379337962923,46.0,51.840000000000025,37.19676810938427,20.0
-1,-87.3559588015019,18.91097093981477,50.0,55.296000000000014,32.059958801501885,20.0
-1,-94.60300195937045,19.55276481018515,53.0,48.86400000000002,45.73900195937043,21.0
-1,-97.19225887138757,26.29367808333328,60.0,58.17600000000002,39.016258871387535,18.0
-1,-106.11648457928317,21.356146518518496,60.0,61.632000000000026,44.48448457928313,16.0
-1,-100.60410878340564,14.616035546296295,57.0,60.86400000000002,39.74010878340562,20.0
-1,-112.057537667032,20.60879171759251,63.0,68.54400000000003,43.513537667031976,22.0
-1,-85.07135966713713,13.973033171296304,36.0,41.76000000000001,43.31135966713712,22.0
-1,-102.18960829988782,11.319732671296292,46.0,52.51200000000001,49.67760829988781,26.0
-1,-86.12046311490855,20.90854604629624,47.0,44.640000000000015,41.48046311490853,19.0
-1,-167.45199846594926,19.415837231481422,85.0,129.1200000000001,38.331998465949184,19.0
-1,-90.28531503206491,18.712245861111064,57.0,60.96000000000003,29.325315032064893,18.0
-1,-81.84639965853428,23.389823708333296,56.0,55.10400000000003,26.742399658534257,15.0
-1,-79.76222198907408,19.10186539814808,45.0,46.65600000000002,33.10622198907406,18.0
-1,-107.52003540965518,20.19285799537032,65.0,69.50400000000003,38.01603540965514,21.0
-1,-87.19696044164382,17.868668990740748,41.0,44.35200000000002,42.8449604416438,21.0
-1,-118.79071580969229,16.899864902777775,60.0,75.84000000000003,42.95071580969224,17.0
-1,-91.6793193237554,13.311243884259262,43.0,45.79200000000001,45.8873193237554,23.0
-1,-92.96941377185227,14.549015990740742,42.0,41.95200000000001,51.01741377185227,23.0
-1,-101.46774100799854,14.87360859259258,57.0,57.504000000000026,43.96374100799852,24.0
-1,-82.0135241588703,17.17952624537036,50.0,44.54400000000002,37.46952415887027,19.0
-1,-103.26482119444776,15.197652023148136,54.0,61.15200000000003,42.11282119444773,20.0
-1,-101.5454998269151,16.67434535648148,51.0,64.80000000000003,36.74549982691508,21.0
-1,-75.95645930535973,17.766252342592576,51.0,48.960000000000015,26.99645930535971,19.0
-1,-92.8191772425809,20.125218236111078,56.0,59.52000000000003,33.299177242580875,19.0
-1,-85.07885812461373,16.573700763888855,42.0,46.84800000000001,38.23085812461372,18.0
-1,-104.76228056281067,15.901840273148132,57.0,76.99200000000002,27.770280562810647,19.0
-1,-73.22247732548138,10.69549373611111,35.0,38.49600000000001,34.72647732548137,22.0
-1,-90.2972790189815,15.004354148148147,39.0,43.872000000000014,46.42527901898149,21.0
-1,-95.8346760367682,19.108547175925867,46.0,52.51200000000002,43.32267603676817,21.0
-1,-109.14091120439971,20.054607615740707,69.0,66.62400000000004,42.51691120439969,22.0
-1,-119.01509520312298,13.605327379629616,54.0,60.48000000000002,58.53509520312296,25.0
-1,-91.2638943498045,14.496965893518505,49.0,51.07200000000002,40.19189434980449,24.0
-1,-72.55982884052065,13.442152111111117,41.0,46.36800000000001,26.19182884052065,17.0
-1,-94.66839363663472,14.119994555555564,62.0,73.63200000000003,21.036393636634703,13.0
-1,-77.39577705900952,13.477470884259262,41.0,46.56000000000002,30.835777059009494,17.0
-1,-114.19227438312912,21.30587524999992,59.0,65.66400000000003,48.5282743831291,21.0
-1,-73.24728948623391,13.640326629629628,39.0,44.54400000000002,28.703289486233885,18.0
-1,-81.68898570279761,19.80404362037033,47.0,52.800000000000026,28.888985702797584,16.0
-1,-104.34242468352588,20.54812415740737,49.0,53.472000000000016,50.87042468352586,20.0
-1,-86.60330220626454,16.348196203703697,51.0,54.72000000000002,31.88330220626452,19.0
-1,-67.60037857218089,17.057873504629615,47.0,43.39200000000002,24.208378572180862,17.0
-1,-81.50128057115566,18.04984757407405,52.0,55.00800000000002,26.493280571155637,15.0
-1,-94.99673128952335,17.178438972222214,56.0,64.99200000000002,30.00473128952335,18.0
-1,-85.20475399912286,16.245766458333303,46.0,52.03200000000002,33.17275399912285,19.0
-1,-97.17864559800842,12.504256157407411,51.0,56.160000000000025,41.01864559800838,21.0
-1,-106.55884722974666,20.14995809722217,62.0,62.49600000000003,44.06284722974663,21.0
-1,-80.58180694719535,15.487324203703713,44.0,46.65600000000001,33.92580694719533,18.0
-1,-88.4669315288208,17.261533930555558,42.0,42.81600000000002,45.650931528820784,23.0
-1,-92.52045188059704,19.701069439814805,50.0,55.00800000000002,37.51245188059704,18.0
-1,-63.06545236020471,12.75312519907406,36.0,40.608,22.457452360204705,14.0
-1,-97.4712889240643,19.046267041666624,53.0,54.43200000000003,43.039288924064266,19.0
-1,-109.33693072438412,18.670461212962906,58.0,56.736000000000026,52.60093072438411,23.0
-1,-108.35404834532652,24.48354906481475,68.0,77.47200000000005,30.882048345326485,16.0
-1,-71.36812646948565,18.318443365740706,40.0,44.064000000000014,27.30412646948564,18.0
-1,-80.32734244245906,16.33851822222222,44.0,47.90400000000002,32.42334244245904,18.0
-1,-98.762362557248,25.70298511574068,56.0,57.98400000000002,40.778362557247966,17.0
-1,-102.22601298357483,20.10918167592588,54.0,52.89600000000002,49.3300129835748,22.0
-1,-109.11419158487372,15.64049905555552,57.0,58.56000000000002,50.55419158487369,24.0
-1,-78.79592677433219,16.41655980092592,45.0,42.81600000000002,35.97992677433217,19.0
-1,-95.85671796854083,23.858243365740705,61.0,57.888000000000034,37.96871796854081,16.0
-1,-93.16959841054484,15.169596513888887,52.0,51.45600000000002,41.71359841054482,20.0
-1,-96.9495262772936,12.905267518518537,45.0,39.93600000000001,57.013526277293614,27.0
-1,-105.63792713769622,19.22054881018513,58.0,64.32000000000002,41.3179271376962,21.0
-1,-87.72075039455535,17.843965291666652,54.0,61.056000000000026,26.66475039455533,16.0
-1,-105.95404804035051,26.00371412499994,69.0,70.46400000000003,35.4900480403505,18.0
-1,-94.97792572034952,16.95031431481481,43.0,45.024000000000015,49.95392572034952,23.0
-1,-114.7236303668486,18.96563879629629,69.0,85.82400000000005,28.899630366848555,17.0
-1,-85.7809803254525,23.62837843055552,60.0,54.048000000000016,31.73298032545249,18.0
-1,-77.77287846342631,18.4692515925926,48.0,51.45600000000002,26.316878463426296,15.0
-1,-98.37928510526991,16.661040606481468,44.0,55.87200000000002,42.50728510526992,23.0
-1,-104.8287598894246,18.093027379629564,56.0,64.03200000000002,40.79675988942457,19.0
-1,-82.83297083234402,22.04878534722219,55.0,59.32800000000002,23.504970832343982,14.0
-1,-86.90486414897318,17.874698361111108,48.0,50.11200000000002,36.79286414897315,19.0
-1,-81.94538419511639,14.934758986111111,44.0,46.080000000000005,35.865384195116384,21.0
-1,-116.01758470250677,23.368649722222145,58.0,64.60800000000003,51.40958470250672,20.0
-1,-87.02033516088676,22.506547796296253,51.0,56.06400000000002,30.95633516088674,17.0
-1,-113.11536670607808,16.514232476851852,54.0,58.94400000000002,54.17136670607805,25.0
-1,-90.51711414114716,12.856820064814803,48.0,65.66400000000003,24.85311414114712,16.0
-1,-89.31408146937224,11.93661975000002,45.0,46.56000000000002,42.75408146937222,24.0
-1,-74.10634093726253,20.587576972222195,44.0,43.58400000000001,30.522340937262523,17.0
-1,-86.54644701606625,23.08521062037032,53.0,58.84800000000002,27.698447016066226,15.0
-1,-94.89107611340891,19.985557958333278,52.0,54.14400000000003,40.74707611340891,20.0
-1,-97.7451662341,15.7956909722222,45.0,52.03200000000002,45.71316623409997,23.0
-1,-83.35644023763598,10.171472907407423,38.0,50.11200000000001,33.24444023763597,22.0
-1,-78.84888030937947,15.125913787037026,40.0,47.32800000000002,31.520880309379457,19.0
-1,-104.65664639205878,16.145702671296274,46.0,50.97600000000001,53.68064639205876,23.0
-1,-105.22181036944716,17.936872166666614,59.0,55.48800000000002,49.733810369447134,23.0
-1,-80.5363106252066,13.06606396296294,35.0,36.096,44.440310625206585,23.0
-1,-101.8312101243717,20.502163361111077,71.0,79.48800000000004,22.34321012437166,16.0
-1,-79.42340068651578,16.17824903703702,44.0,47.71200000000001,31.711400686515766,21.0
-1,-89.2104814228536,13.578052324074063,44.0,52.224000000000025,36.98648142285359,19.0
-1,-85.66559993953143,17.504787745370344,45.0,44.83200000000001,40.83359993953143,20.0
-1,-73.91091302911742,14.427888564814808,45.0,46.56000000000001,27.35091302911741,19.0
-1,-90.18185127650946,23.865645874999945,52.0,58.56000000000002,31.62185127650944,18.0
-1,-155.36251226004492,21.358822703703645,94.0,125.28000000000009,30.08251226004484,16.0
-1,-107.61581479295116,17.250044486111094,43.0,46.65600000000002,60.959814792951136,23.0
-1,-110.66605669755856,15.445439999999982,63.0,78.43200000000004,32.23405669755853,18.0
-1,-107.03108530937948,26.60650919907406,71.0,82.56000000000003,24.47108530937945,13.0
-1,-86.72022601491747,14.920558138888874,52.0,50.40000000000002,36.32022601491746,21.0
-1,-95.51672064606518,21.07268074074073,50.0,48.192000000000014,47.32472064606516,20.0
-1,-96.25683460532736,21.90846747685178,57.0,57.79200000000003,38.46483460532732,18.0
-1,-79.38731907389871,12.006295634259256,42.0,45.50400000000002,33.88331907389869,20.0
-1,-117.57451209046812,14.739342120370369,57.0,63.74400000000002,53.8305120904681,27.0
-1,-100.3715899844,21.53087521296292,57.0,57.88800000000003,42.48358998439997,19.0
-1,-77.77820799395333,12.065215129629625,43.0,45.69600000000001,32.08220799395332,22.0
-1,-77.6314801605625,24.519384217592552,53.0,51.84000000000002,25.79148016056249,15.0
-1,-108.07154051015723,20.33488593055549,64.0,71.13600000000002,36.93554051015721,17.0
-1,-115.2879619783797,17.36142873611104,60.0,67.48800000000004,47.799961978379656,22.0
-1,-77.38870787858373,21.398201379629583,48.0,48.48000000000002,28.908707878583712,16.0
-1,-79.43670654715194,19.77055243055553,49.0,49.82400000000002,29.61270654715192,19.0
-1,-81.43894117901343,17.014957935185144,49.0,42.04800000000001,39.39094117901342,20.0
-1,-71.99635347214048,16.074947370370374,39.0,49.056000000000026,22.94035347214046,14.0
-1,-94.731758461049,20.01926023611106,50.0,50.01600000000002,44.71575846104898,20.0
-1,-82.31265347039196,20.178116976851832,48.0,45.792000000000016,36.52065347039195,18.0
-1,-89.74538853873807,25.60680920833326,53.0,52.608000000000025,37.13738853873805,16.0
-1,-79.6968823448651,16.046786606481465,42.0,44.54400000000001,35.15288234486509,20.0
-1,-80.48096608862087,12.353361513888908,40.0,47.71200000000002,32.76896608862085,19.0
-1,-79.12540160475386,18.6756781296296,56.0,58.94400000000003,20.18140160475383,12.0
-1,-83.99692682600167,16.65511334722222,41.0,43.58400000000001,40.41292682600166,20.0
-1,-73.6522353288278,16.91809825462962,45.0,48.576000000000015,25.076235328827774,15.0
-1,-80.09503456854262,19.40718001851848,55.0,54.43200000000002,25.6630345685426,16.0
-1,-103.49799388371426,18.22897860185182,47.0,55.00800000000002,48.48999388371423,24.0
-1,-80.87790559885232,20.80760655555554,45.0,37.63200000000001,43.24590559885232,22.0
-1,-77.85606327160315,23.94513988425921,56.0,52.89600000000001,24.960063271603136,16.0
-1,-71.70713979045263,9.710635805555574,28.0,32.352000000000004,39.35513979045262,21.0
-1,-94.26881488269656,18.49557975925923,48.0,53.47200000000002,40.79681488269655,20.0
-1,-84.36477887244845,14.110725703703716,40.0,48.48000000000001,35.88477887244845,18.0
-1,-94.14439413761792,16.138145277777745,46.0,48.96000000000002,45.1843941376179,22.0
-1,-122.91571433975398,24.366314856481385,73.0,79.77600000000002,43.13971433975395,20.0
-1,-87.36500325166895,15.182531319444443,47.0,51.840000000000025,35.52500325166893,21.0
-1,-95.7544220248823,13.089095430555563,53.0,56.44800000000001,39.30642202488229,24.0
-1,-94.04766121094744,22.11935139351848,45.0,38.88000000000001,55.16766121094744,21.0
-1,-91.73667319703384,21.57808494907405,49.0,48.288000000000025,43.44867319703382,19.0
-1,-95.90153010433366,21.74903882870365,50.0,54.43200000000002,41.46953010433363,18.0
-1,-80.78963075050999,17.789261203703656,52.0,55.39200000000002,25.397630750509965,15.0
-1,-93.86524537748976,18.07331694907407,52.0,52.992000000000026,40.87324537748975,22.0
-1,-92.2854662620516,18.15955943055552,43.0,54.62400000000002,37.66146626205157,17.0
-1,-109.46750700502643,16.473230967592567,48.0,55.87200000000003,53.59550700502643,25.0
-1,-103.717087129183,16.297099370370358,50.0,48.48000000000002,55.23708712918297,24.0
-1,-106.0335851476078,23.3277893842592,54.0,59.42400000000003,46.609585147607774,17.0
-1,-71.06009688050747,16.934851837962942,40.0,43.39200000000001,27.668096880507463,17.0
-1,-82.19662462265003,20.542891949074043,56.0,58.75200000000001,23.44462462265002,12.0
-1,-95.92633976091736,17.755694689814764,47.0,53.37600000000002,42.55033976091735,23.0
-1,-75.33859087880012,15.150354074074077,41.0,58.75200000000001,16.58659087880011,12.0
-1,-97.15743948417122,14.36878188425926,48.0,39.07200000000001,58.08543948417121,25.0
-1,-78.00532359594749,18.86972812499992,45.0,50.78400000000001,27.22132359594748,19.0
-1,-102.85582384589426,19.979512796296245,56.0,56.92800000000003,45.92782384589423,21.0
-1,-98.00971489552876,23.981301513888823,56.0,53.95200000000001,44.05771489552876,21.0
-1,-101.17278808102584,17.384817449074035,64.0,72.48000000000003,28.6927880810258,18.0
-1,-81.51395933039595,13.53542821759261,39.0,38.784000000000006,42.72995933039595,20.0
-1,-88.27103196802167,16.99646119444444,47.0,48.384000000000015,39.88703196802166,21.0
-1,-104.54292735111912,15.9544275324074,43.0,42.24000000000001,62.30292735111911,23.0
-1,-94.67608352941768,18.08614840277772,55.0,57.31200000000002,37.364083529417655,18.0
-1,-77.92578905445183,15.381616583333312,40.0,42.62400000000002,35.30178905445182,18.0
-1,-101.64469784500513,19.71755552314808,56.0,57.31200000000003,44.332697845005086,21.0
-1,-81.34065477295053,15.712032689814802,47.0,46.368000000000016,34.97265477295051,19.0
-1,-82.3767337969224,17.037374611111094,42.0,44.83200000000001,37.5447337969224,17.0
-1,-100.2149600000446,16.311296412037034,48.0,50.496000000000016,49.7189600000446,25.0
-1,-78.1548641071829,18.82369184259258,51.0,56.83200000000003,21.322864107182863,13.0
-1,-104.1463455905148,17.968125148148104,48.0,57.696000000000026,46.45034559051477,23.0
-1,-101.72672074922254,18.059834208333328,48.0,57.02400000000003,44.70272074922251,17.0
-1,-75.91621426065794,15.788509976851838,43.0,40.80000000000001,35.11621426065793,21.0
-1,-76.98432299510301,16.474001231481484,51.0,50.40000000000001,26.584322995103,17.0
-1,-87.2598789773788,17.388818782407387,45.0,54.144000000000005,33.1158789773788,18.0
-1,-86.37424038298695,20.479834787037035,48.0,53.56800000000002,32.80624038298693,18.0
-1,-113.69012967943448,17.268921555555504,58.0,63.64800000000003,50.04212967943445,23.0
-1,-88.88561631362393,16.542885745370363,45.0,51.55200000000001,37.33361631362392,18.0
-1,-91.9936576661418,22.094056115740685,51.0,50.97600000000002,41.01765766614178,19.0
-1,-94.59011930109442,21.32433947685177,59.0,59.71200000000003,34.87811930109439,20.0
-1,-88.69079917559014,18.20746929629629,52.0,61.34400000000003,27.34679917559012,18.0
-1,-108.11116685991318,16.8968575555555,44.0,53.76000000000001,54.35116685991317,22.0
-1,-90.9224878760515,16.16432524999999,47.0,57.984000000000016,32.93848787605149,19.0
-1,-93.6846568819402,18.2218846481481,55.0,60.19200000000003,33.49265688194015,18.0
-1,-82.72005869249043,15.346926171296298,47.0,48.28800000000002,34.432058692490415,19.0
-1,-98.79291947912256,13.60492899537037,48.0,47.32800000000002,51.46491947912255,24.0
-1,-93.34033597916972,18.396857449074048,49.0,60.09600000000002,33.24433597916969,19.0
-1,-105.7895664020958,19.830666824074008,58.0,65.08800000000002,40.70156640209576,25.0
-1,-108.84742756269196,23.78653327314813,60.0,67.00800000000004,41.83942756269193,19.0
-1,-93.22764342523712,14.09322879629628,53.0,50.40000000000002,42.82764342523711,23.0
-1,-103.90171790016268,22.10333889351846,57.0,64.89600000000003,39.00571790016264,16.0
-1,-81.81606306120028,18.64573692129623,47.0,57.21600000000002,24.600063061200267,13.0
-1,-93.6512302542713,17.438135462962965,48.0,48.86400000000002,44.787230254271286,23.0
-1,-86.97075845767218,18.719583560185164,49.0,42.04800000000001,44.92275845767217,23.0
-1,-98.34862563114989,22.936433587962917,49.0,53.08800000000003,45.26062563114984,20.0
-1,-81.53492238123114,16.70604463425924,46.0,52.60800000000001,28.92692238123113,15.0
-1,-108.17563526406416,21.70138821296289,62.0,65.18400000000003,42.99163526406414,19.0
-1,-69.37227024718129,17.42564925462962,36.0,43.2,26.172270247181288,16.0
-1,-83.40765223952963,17.1685195509259,47.0,50.20800000000001,33.199652239529605,18.0
-1,-102.87324455734124,19.233284865740703,55.0,50.304000000000016,52.56924455734122,21.0
-1,-70.81826486452148,14.940760259259246,39.0,39.84,30.97826486452148,20.0
-1,-81.4355940107199,16.55661272222223,44.0,45.98400000000002,35.45159401071987,18.0
-1,-80.69761335485609,19.468704412037017,51.0,51.45600000000002,29.24161335485607,17.0
-1,-78.65451583205072,17.483910967592564,37.0,39.936000000000014,38.71851583205071,17.0
-1,-91.40986146525628,23.283076398148086,57.0,62.78400000000003,28.625861465256264,18.0
-1,-78.83079831636627,23.08402189351847,45.0,48.09600000000001,30.734798316366252,15.0
-1,-87.87674752645198,15.09006949074073,45.0,53.08800000000002,34.78874752645196,19.0
-1,-93.05413740017455,13.026633837962958,47.0,48.38400000000002,44.67013740017453,22.0
