-1,-658.0293415624687,165.07644383796313,471.0,277.4400000000005,380.5893415624682,29.0
-1,-675.7252570586171,109.43201901388883,227.0,102.04799999999996,573.6772570586171,30.0
-1,-1021.314183556817,151.031205550926,298.0,173.18400000000003,848.130183556817,30.0
-1,-1010.3169395194471,100.34866803240745,213.0,133.24800000000002,877.0689395194472,30.0
-1,-812.2764509112079,121.43151500000006,248.0,128.54399999999998,683.7324509112079,29.0
-1,-761.2680112794242,107.8935657870371,256.0,149.95200000000008,611.3160112794241,30.0
-1,-508.5904144201314,86.89271504166679,167.0,95.03999999999994,413.5504144201315,30.0
-1,-628.4462900676654,77.81238033333331,197.0,125.568,502.8782900676654,30.0
-1,-811.1735620575761,107.58183509722222,229.0,159.93599999999995,651.2375620575762,30.0
-1,-1330.3957157493044,115.5552434907409,274.0,216.8640000000001,1113.5317157493043,30.0
-1,-463.4057550726405,101.68512582870356,180.0,90.81599999999996,372.5897550726405,29.0
-1,-665.3833233348273,72.9178558564815,220.0,170.4000000000001,494.9833233348273,30.0
-1,-565.5239549845699,93.94281677314822,193.0,138.1440000000001,427.3799549845698,30.0
-1,-643.9380201238833,80.23545093981495,202.0,158.78400000000005,485.1540201238833,29.0
-1,-719.9789634768692,77.11365016203706,218.0,187.20000000000007,532.7789634768692,30.0
-1,-530.8831042193449,58.573168342592574,212.0,173.37600000000003,357.5071042193448,29.0
-1,-552.3660345145393,79.23008822685196,195.0,167.04000000000002,385.3260345145392,29.0
-1,-476.464842520983,55.593648861111205,172.0,161.85600000000014,314.6088425209829,30.0
-1,-504.32652527254686,59.87840729629633,217.0,190.94400000000013,313.3825252725468,28.0
-1,-630.7464530596761,56.00874000462972,225.0,235.4880000000002,395.2584530596759,29.0
-1,-602.9163305724808,56.33505830092594,216.0,244.22400000000007,358.6923305724807,29.0
-1,-417.354663340424,49.28443675000006,180.0,192.4800000000001,224.8746633404239,30.0
-1,-603.1152440856041,57.03179619444458,213.0,250.08000000000015,353.03524408560395,28.0
-1,-593.8699148270186,52.86432282407415,257.0,266.208,327.6619148270186,28.0
-1,-711.8882609191425,65.86763571296329,255.0,342.14399999999927,369.7442609191432,29.0
-1,-626.2815778363471,49.91929597222233,230.0,256.7040000000002,369.5775778363469,30.0
-1,-338.9625167315593,40.89003652314809,164.0,177.984,160.97851673155927,29.0
-1,-278.8013496180524,34.56829582870366,126.0,156.09600000000006,122.70534961805237,29.0
-1,-313.82371028787264,34.11983884722217,166.0,191.04000000000013,122.78371028787252,28.0
-1,-802.8293878830374,68.79625240277788,277.0,406.1759999999987,396.6533878830387,28.0
-1,-592.6451694654336,55.91817025462976,210.0,301.7279999999996,290.917169465434,30.0
-1,-334.4336353999826,24.913541574074028,172.0,207.0720000000001,127.36163539998256,24.0
-1,-264.9043852128355,26.969237504629515,145.0,172.8960000000001,92.0083852128354,27.0
-1,-439.8191284004428,41.0054808703704,184.0,204.86400000000003,234.9551284004428,27.0
-1,-389.1745722931112,32.08150998148142,172.0,244.51200000000017,144.662572293111,27.0
-1,-433.7912964750732,35.62937209259259,214.0,274.2719999999999,159.51929647507333,26.0
-1,-480.2914020354529,27.14958457407401,214.0,351.4559999999992,128.8354020354537,28.0
-1,-211.134150479402,17.803742615740695,102.0,130.46400000000008,80.67015047940193,29.0
-1,-411.4707410582184,53.94452677314827,181.0,203.61600000000004,207.8547410582184,27.0
-1,-336.93499141835923,26.795355828703663,191.0,218.2080000000001,118.72699141835912,27.0
-1,-383.7723556633034,22.854615050925865,175.0,262.6560000000001,121.11635566330332,26.0
-1,-348.47044962541685,18.391138791666613,155.0,249.50400000000016,98.96644962541669,26.0
-1,-677.3411419699643,61.66992411111121,274.0,383.80799999999874,293.5331419699655,29.0
-1,-191.81984580598805,18.156183935185112,113.0,145.24800000000008,46.57184580598798,24.0
-1,-316.0420861578817,26.180680662036984,153.0,219.64800000000017,96.39408615788156,21.0
-1,-453.46879428146167,40.49661577777783,229.0,324.2879999999995,129.18079428146217,23.0
-1,-301.76671882284444,20.16616176851844,133.0,197.66400000000007,104.10271882284437,24.0
-1,-266.35122880186543,26.172887245370323,145.0,199.0080000000001,67.34322880186534,27.0
-1,-238.2009479813616,21.02980700462959,127.0,187.2960000000001,50.904947981361474,23.0
-1,-280.05967217846336,20.368641467592564,143.0,187.7760000000001,92.28367217846323,21.0
-1,-299.4978819355381,17.951946513888863,152.0,212.54400000000012,86.95388193553795,28.0
-1,-321.2531419967501,22.73617613425916,151.0,234.72000000000017,86.53314199674996,28.0
-1,-295.8816918861672,25.50457764351845,153.0,230.3040000000001,65.57769188616705,29.0
-1,-325.0800240004853,21.31498774999989,153.0,249.79200000000017,75.28802400048512,29.0
-1,-361.3026334363408,20.292272722222197,167.0,263.9040000000001,97.39863343634072,24.0
-1,-213.7566076746625,14.85212678703703,123.0,162.1440000000001,51.61260767466244,26.0
-1,-347.1298797640204,22.44377251851838,139.0,224.8320000000001,122.29787976402024,30.0
-1,-174.89217733937835,14.676311120370354,118.0,140.83200000000005,34.06017733937831,17.0
-1,-235.928604176598,23.10272920833329,123.0,153.79200000000003,82.13660417659791,29.0
-1,-275.0649062373505,14.888546013888876,137.0,186.43200000000007,88.63290623735043,28.0
-1,-249.0246166575502,16.022108092592564,127.0,188.3520000000001,60.67261665755015,28.0
-1,-288.35455662391973,20.72266668055549,165.0,228.0960000000001,60.25855662391962,27.0
-1,-202.74222999269267,16.792260541666636,121.0,155.52000000000007,47.22222999269261,25.0
-1,-235.40225473148797,19.20402236111109,144.0,188.9280000000001,46.47425473148783,23.0
-1,-297.99088851396664,24.272125476851773,145.0,201.31200000000007,96.67888851396656,27.0
-1,-312.5507512208269,22.70443780555549,157.0,235.29600000000008,77.25475122082679,27.0
-1,-160.27448446124183,15.005245763888857,108.0,124.89600000000004,35.378484461241825,25.0
-1,-247.15598321077124,21.04629161574071,123.0,166.27200000000005,80.88398321077119,22.0
-1,-229.91257639003743,20.0596612546296,141.0,193.8240000000001,36.08857639003737,17.0
-1,-144.7400061272226,18.302470486111048,88.0,105.02400000000004,39.71600612722256,21.0
-1,-259.71009094365115,16.84420346296295,121.0,182.59200000000013,77.11809094365105,28.0
-1,-287.5751647796277,19.649960421296267,132.0,200.54400000000007,87.0311647796276,26.0
-1,-274.02751291963585,18.198522847222176,143.0,214.08000000000013,59.94751291963571,29.0
-1,-174.82629553009974,16.69221450925925,114.0,143.52000000000007,31.30629553009969,20.0
-1,-279.8870782961082,20.438954773148065,146.0,207.5520000000001,72.33507829610808,25.0
-1,-176.23667382892833,18.18479053240735,111.0,137.95200000000008,38.284673828928256,19.0
-1,-135.41512341614995,13.876537324074077,95.0,108.09600000000005,27.31912341614991,18.0
-1,-193.9829994464461,18.629366189814736,114.0,152.5440000000001,41.43899944644599,22.0
-1,-226.81450276733747,18.52547398611109,146.0,196.41600000000005,30.39850276733745,20.0
-1,-186.33454845460727,18.65827376388881,102.0,147.0720000000001,39.26254845460718,18.0
-1,-251.63759125735976,20.156483814814745,134.0,188.92800000000008,62.70959125735968,24.0
-1,-124.19414721336793,14.343536023148143,73.0,89.28000000000003,34.91414721336789,20.0
-1,-211.00383706012187,16.28214845833331,115.0,165.3120000000001,45.69183706012177,24.0
-1,-232.2659547061529,18.051721217592547,117.0,156.09600000000003,76.1699547061529,22.0
-1,-291.6503771236112,19.909077310185133,148.0,220.8000000000001,70.85037712361105,19.0
-1,-237.3373156242677,13.911491342592567,119.0,176.3520000000001,60.98531562426764,25.0
-1,-133.24126147976284,15.847282347222189,84.0,106.84800000000008,26.393261479762785,17.0
-1,-212.4996040983254,16.85996659259258,112.0,161.28000000000006,51.21960409832533,27.0
-1,-225.1143830078041,19.34873820833327,130.0,179.13600000000005,45.97838300780406,25.0
-1,-180.66033322364967,15.988148944444438,95.0,117.69600000000004,62.96433322364963,30.0
-1,-217.1359550045587,15.36342203703704,117.0,166.0800000000001,51.05595500455859,25.0
-1,-203.5608311077692,16.62469009722219,117.0,162.04800000000006,41.51283110776916,22.0
-1,-195.9844057788057,16.27293515277776,113.0,158.4000000000001,37.58440577880561,22.0
-1,-213.81792272053397,19.44810275925921,117.0,160.8960000000001,52.92192272053386,26.0
-1,-191.3791430820678,17.166084087962954,119.0,162.1440000000001,29.235143082067697,19.0
-1,-364.7454801112867,21.77536118981476,164.0,272.73600000000005,92.00948011128668,27.0
-1,-296.9916247441647,19.048363009259187,145.0,220.51200000000009,76.4796247441646,22.0
-1,-210.2011820369911,17.38090896759256,113.0,147.9360000000001,62.26518203699101,30.0
-1,-321.3902469605546,17.972253513888838,151.0,235.6800000000001,85.71024696055444,27.0
-1,-314.3920564591498,19.44700645370364,152.0,234.1440000000001,80.24805645914965,26.0
-1,-239.17226831123344,14.946022004629608,114.0,180.5760000000001,58.59626831123332,28.0
-1,-288.82536237703385,18.403726601851837,127.0,185.95200000000008,102.8733623770338,27.0
-1,-215.5265449236631,14.541414606481466,104.0,151.6800000000001,63.84654492366299,29.0
-1,-278.1419754367546,20.761408259259213,139.0,206.97600000000008,71.16597543675454,25.0
-1,-180.91070194975595,15.17758181018518,123.0,156.86400000000006,24.046701949755896,14.0
-1,-139.41769122583403,14.410568425925932,77.0,102.04800000000004,37.36969122583399,23.0
-1,-435.55911777208246,18.67274454629627,203.0,353.9519999999991,81.6071177720834,29.0
-1,-294.12303496845203,12.894323574074043,150.0,218.4960000000001,75.62703496845195,21.0
-1,-122.28967382970802,11.01036642129628,71.0,96.57600000000004,25.71367382970797,17.0
-1,-117.88820307240418,10.734014203703694,72.0,92.16000000000004,25.72820307240414,20.0
-1,-207.2384784205118,15.31977542129631,109.0,153.69600000000008,53.542478420511706,27.0
-1,-212.5591099180945,17.090865453703707,116.0,171.1680000000001,41.39110991809442,22.0
-1,-136.72890883917054,13.598070657407384,70.0,92.25600000000006,44.47290883917049,24.0
-1,-157.12491375854714,20.06654600462952,81.0,105.88800000000006,51.23691375854708,25.0
-1,-378.0208232027183,24.517235504629603,166.0,258.6240000000001,119.39682320271822,26.0
-1,-187.10875047295065,19.068609763888823,91.0,132.57600000000008,54.53275047295053,23.0
-1,-258.5135966235285,14.681998467592566,122.0,180.2880000000001,78.22559662352839,26.0
-1,-216.34894000956209,19.079744532407386,116.0,167.13600000000005,49.212940009562,26.0
-1,-432.20811057076935,25.087601824074,154.0,244.22400000000007,187.98411057076925,30.0
-1,-241.5046149690549,13.268612592592593,125.0,189.2160000000001,52.28861496905485,16.0
-1,-295.0875203403813,16.635278560185178,145.0,214.94400000000007,80.14352034038123,24.0
-1,-279.23423988431443,19.38299194444439,135.0,209.7600000000001,69.47423988431431,28.0
-1,-250.90792436034891,15.135619203703694,122.0,180.7680000000001,70.13992436034884,21.0
-1,-235.57855418441648,18.12606072222218,112.0,162.33600000000007,73.24255418441642,22.0
-1,-338.5087816036806,17.706976800925894,147.0,222.33600000000013,116.17278160368043,29.0
-1,-320.5540988435004,14.363052375000008,140.0,253.6320000000001,66.92209884350028,29.0
-1,-157.42525867006788,12.872296523148126,83.0,109.34400000000004,48.08125867006784,21.0
-1,-308.62713475381844,15.1073680324074,151.0,227.4240000000001,81.20313475381836,22.0
-1,-275.33697776258305,22.641168296296247,128.0,185.18400000000003,90.15297776258302,27.0
-1,-336.87243187412787,16.541238856481453,150.0,240.57600000000005,96.29643187412783,26.0
-1,-142.08360040558267,9.563724620370373,72.0,95.52000000000004,46.563600405582605,23.0
-1,-300.56426770174426,18.174798796296265,138.0,209.4720000000001,91.09226770174416,25.0
-1,-301.98671884442354,18.74224163888885,147.0,228.7680000000001,73.21871884442342,26.0
-1,-269.8407910155951,19.833277134259216,117.0,178.46400000000008,91.376791015595,28.0
-1,-362.7646577885951,18.80650271759254,139.0,221.4720000000001,141.29265778859497,27.0
-1,-143.95987554838064,15.68538850925924,92.0,109.82400000000004,34.1358755483806,22.0
-1,-246.1707677813028,15.49292054629627,126.0,177.31200000000007,68.85876778130273,24.0
-1,-163.7868152344035,13.849326972222224,79.0,112.70400000000006,51.08281523440344,24.0
-1,-367.1571520733044,22.975821555555523,158.0,242.59200000000007,124.56515207330426,29.0
-1,-171.33467162056928,12.41297844444444,78.0,111.84000000000006,59.494671620569214,28.0
-1,-250.22507560171283,11.57355327777779,120.0,182.3040000000001,67.92107560171276,21.0
-1,-141.87471094558742,15.653202537037034,82.0,112.80000000000008,29.07471094558734,16.0
-1,-211.8179689767274,17.793107763888855,124.0,173.37600000000003,38.44196897672736,22.0
-1,-155.9052206467238,16.56778429166667,84.0,122.59200000000008,33.313220646723714,20.0
-1,-98.52908591233376,13.889061662037026,63.0,71.52000000000002,27.00908591233375,20.0
-1,-266.9773756864729,14.782655856481473,134.0,197.2800000000001,69.69737568647288,24.0
-1,-169.22399015282352,10.65783296759258,85.0,128.83200000000008,40.39199015282343,23.0
-1,-331.8255242564769,16.301860518518524,126.0,199.5840000000001,132.2415242564768,23.0
-1,-141.74601907087276,18.19024465277776,74.0,105.69600000000004,36.05001907087272,22.0
-1,-130.9060280397295,15.10919796759257,84.0,101.66400000000004,29.242028039729448,17.0
-1,-260.91220616340365,18.18571485185184,115.0,175.10400000000007,85.80820616340357,22.0
-1,-234.51844357267728,14.715797004629607,101.0,154.9440000000001,79.57444357267715,27.0
-1,-229.6839805679757,19.675924777777716,96.0,145.5360000000001,84.14798056797565,30.0
-1,-361.381745423569,21.55675465277777,160.0,250.3680000000001,111.01374542356888,25.0
-1,-122.69226715866844,10.151753699074083,78.0,95.61600000000004,27.07626715866842,18.0
-1,-130.55365256527526,18.651335912036966,71.0,96.38400000000006,34.16965256527519,20.0
-1,-235.09044901454843,18.34224977314809,99.0,155.5200000000001,79.57044901454834,29.0
-1,-270.6626164021596,14.713056449074069,124.0,192.1920000000001,78.4706164021595,25.0
-1,-153.55392900450877,17.032830453703713,104.0,129.69600000000008,23.857929004508662,16.0
-1,-165.65602870726514,18.580355791666623,93.0,123.74400000000006,41.91202870726508,26.0
-1,-181.47882299651175,14.668360074074052,102.0,146.4960000000001,34.98282299651169,20.0
-1,-221.91717088567216,14.249535689814785,131.0,187.87200000000007,34.04517088567209,16.0
-1,-133.18237206505307,17.330915550925898,80.0,106.17600000000006,27.006372065053004,15.0
-1,-152.49649514409873,17.110370736111083,92.0,126.91200000000008,25.584495144098668,16.0
-1,-188.6513175714815,15.32792364814814,96.0,133.44000000000008,55.211317571481416,25.0
-1,-170.75055795700152,13.207419032407389,95.0,131.80800000000008,38.94255795700144,21.0
-1,-332.21901595515965,18.055202574074038,139.0,217.2480000000001,114.97101595515954,26.0
-1,-153.684797634916,17.131815180555492,93.0,111.36000000000006,42.32479763491596,25.0
-1,-207.48303277552944,11.10687499074072,129.0,187.10400000000007,20.379032775529367,8.0
-1,-214.615177719421,22.389800546296208,107.0,161.37600000000003,53.239177719420965,25.0
-1,-204.4491268360869,14.686967157407388,120.0,171.55200000000008,32.89712683608682,15.0
-1,-140.40786852487324,12.230613291666655,82.0,111.84000000000007,28.567868524873155,18.0
-1,-135.630355066889,14.291301865740731,75.0,94.176,41.454355066888986,22.0
-1,-223.1639927194921,13.851554328703696,102.0,155.4240000000001,67.73999271949202,25.0
-1,-130.7695908912819,13.08140673148147,94.0,111.93600000000002,18.833590891281865,15.0
-1,-208.6970492010415,18.10120462037031,105.0,162.14400000000006,46.55304920104144,24.0
-1,-181.75885458290057,13.731859708333332,98.0,140.92800000000005,40.830854582900514,24.0
-1,-124.52289103062049,17.594632055555532,71.0,98.40000000000003,26.122891030620444,17.0
-1,-127.95977300483166,14.443728736111114,71.0,100.22400000000006,27.7357730048316,18.0
-1,-159.12111064182366,19.169558740740708,102.0,129.31200000000007,29.80911064182359,20.0
-1,-216.7282636905052,12.44767816666666,99.0,167.4240000000001,49.30426369050511,27.0
-1,-215.2349066014364,14.259646736111094,100.0,162.04800000000012,53.18690660143624,26.0
-1,-211.3952418632616,15.551384083333328,106.0,160.2240000000001,51.17124186326149,25.0
-1,-133.2572519662618,15.472802995370367,76.0,96.76800000000006,36.48925196626175,22.0
-1,-259.9734059326559,19.481992592592544,128.0,194.49600000000004,65.47740593265587,29.0
-1,-268.5036430969992,15.977705481481465,134.0,188.83200000000005,79.67164309699915,20.0
-1,-119.43934567529053,12.27004286574074,75.0,100.32000000000004,19.119345675290496,14.0
-1,-282.69746237544774,20.50828883796289,151.0,205.92000000000004,76.7774623754477,23.0
-1,-119.19199591257151,10.759171819444449,61.0,85.44000000000004,33.75199591257148,20.0
-1,-122.97924126380192,11.691144527777768,78.0,94.08000000000006,28.89924126380188,18.0
-1,-120.5161000713706,14.432395407407396,58.0,78.81600000000003,41.70010007137056,21.0
-1,-235.61963663094627,16.19337596296295,104.0,156.00000000000009,79.61963663094618,28.0
-1,-134.59410468132126,15.105635300925924,76.0,98.97600000000006,35.618104681321185,19.0
-1,-206.280119234764,17.430226134259208,103.0,144.00000000000006,62.280119234763966,26.0
-1,-119.92739169133772,14.642460819444445,63.0,73.72800000000004,46.1993916913377,26.0
-1,-129.51465278277638,16.092260342592567,73.0,101.66400000000006,27.850652782776333,16.0
-1,-156.5995036070022,12.69224566666667,81.0,103.39200000000004,53.20750360700214,28.0
-1,-132.18233906737532,14.350443990740736,72.0,93.02400000000004,39.158339067375294,23.0
-1,-200.35230300699197,15.777536518518511,106.0,148.41600000000008,51.93630300699186,23.0
-1,-137.84941945000574,14.15057341203704,80.0,110.11200000000004,27.73741945000569,15.0
-1,-202.7106817605849,18.963552208333283,101.0,136.7040000000001,66.00668176058475,27.0
-1,-190.5580457636374,17.590299064814726,89.0,138.24000000000007,52.318045763637336,23.0
-1,-172.00973917529228,14.417372499999972,91.0,136.32000000000008,35.68973917529222,20.0
-1,-157.06096017145262,15.769751342592553,83.0,114.04800000000006,43.01296017145256,21.0
-1,-232.64793172209863,19.52589386574073,126.0,179.80800000000008,52.83993172209858,18.0
-1,-117.4536654572338,15.694175921296267,78.0,100.32000000000004,17.133665457233754,9.0
-1,-167.27386074999202,9.111079629629632,84.0,125.56800000000008,41.70586074999195,19.0
-1,-109.82156229251036,12.529586694444449,68.0,76.80000000000005,33.02156229251029,19.0
-1,-173.5120029073364,15.945435097222196,81.0,125.85600000000008,47.65600290733634,19.0
-1,-141.4835520509492,12.418082490740728,68.0,95.90400000000004,45.579552050949154,24.0
-1,-286.99387773331546,20.357259634259226,129.0,182.68800000000007,104.3058777333154,26.0
-1,-172.16138775553847,15.4856441898148,77.0,112.32000000000006,59.84138775553841,29.0
-1,-265.278998954887,16.063193569444437,132.0,202.75200000000007,62.52699895488696,22.0
-1,-104.15818823516187,12.064542587962958,52.0,61.53600000000002,42.622188235161865,20.0
-1,-247.4711175385389,19.26497769907404,98.0,148.9920000000001,98.47911753853882,26.0
-1,-176.56748231341905,16.29745987962957,75.0,116.16000000000008,60.40748231341896,24.0
-1,-89.5090868375053,14.009273995370355,55.0,69.50400000000002,20.00508683750528,13.0
-1,-127.71463968629824,15.879844222222216,80.0,99.45600000000005,28.25863968629817,15.0
-1,-412.3750371476925,21.884808731481414,172.0,293.3759999999999,118.99903714769262,25.0
-1,-104.58904967459134,10.3729088935185,49.0,71.23200000000004,33.357049674591295,22.0
-1,-178.46796746554463,13.134646087962956,87.0,137.76000000000008,40.70796746554457,17.0
-1,-134.24204583789333,13.893495967592568,69.0,100.32000000000004,33.922045837893286,17.0
-1,-100.80761238488073,16.069882842592577,63.0,85.72800000000004,15.079612384880672,12.0
-1,-156.66579109241894,18.220475504629604,77.0,109.44000000000008,47.22579109241887,19.0
-1,-135.04044104783117,16.331033587962956,75.0,98.88000000000004,36.1604410478311,23.0
-1,-119.28074237984272,10.419010342592598,56.0,75.936,43.34474237984272,21.0
-1,-124.54563675413844,14.763495305555558,62.0,78.14400000000003,46.40163675413841,25.0
-1,-164.6291814665635,13.681691921296286,82.0,108.38400000000009,56.24518146656342,28.0
-1,-146.6691228571698,18.209532805555504,59.0,84.09600000000005,62.57312285716977,21.0
-1,-184.14205627480288,13.691592374999995,80.0,113.47200000000008,70.67005627480282,25.0
-1,-84.67972824366211,11.957764467592588,44.0,62.01600000000003,22.663728243662085,17.0
-1,-146.52718261532954,12.977700027777766,71.0,110.88000000000008,35.647182615329456,19.0
-1,-159.4959446882562,14.928821013888872,60.0,85.82400000000005,73.67194468825615,24.0
-1,-100.4079778275028,12.427004884259231,55.0,74.49600000000002,25.911977827502763,15.0
-1,-220.9878516140858,16.729880990740728,88.0,138.0480000000001,82.93985161408571,29.0
-1,-98.90832755273338,13.742985981481484,57.0,73.15200000000003,25.75632755273336,15.0
-1,-124.94276224713109,12.986618513888873,57.0,81.69600000000004,43.246762247131024,20.0
-1,-293.44223523897307,17.04091144907402,120.0,193.15200000000013,100.29023523897294,29.0
-1,-113.26786045780383,18.25729429629626,62.0,65.85600000000004,47.411860457803805,23.0
-1,-252.1943253054021,15.260451027777746,106.0,171.16800000000012,81.02632530540193,24.0
-1,-87.42161887768899,12.406440444444444,46.0,57.21600000000002,30.20561887768897,19.0
-1,-120.09234525979532,16.968397879629613,59.0,73.53600000000004,46.55634525979527,20.0
-1,-135.55063807464558,13.3805243009259,64.0,101.76000000000003,33.790638074645535,16.0
-1,-109.9052261537629,13.702290101851831,56.0,73.15200000000003,36.75322615376286,18.0
-1,-98.49848166870277,11.828419185185163,66.0,75.26400000000004,23.234481668702717,16.0
-1,-117.57934808722968,13.352284810185166,61.0,80.16000000000004,37.41934808722963,19.0
-1,-114.1940394906607,14.152340101851848,45.0,54.91200000000002,59.28203949066068,26.0
-1,-101.97215030675588,13.144356393518535,53.0,64.99200000000002,36.980150306755874,22.0
-1,-110.34494017130449,14.17523899999999,55.0,74.20800000000003,36.13694017130444,17.0
-1,-130.8819334079907,14.769310611111097,64.0,83.71200000000005,47.16993340799063,20.0
-1,-120.19718854095764,18.33636294907404,50.0,69.21600000000002,50.9811885409576,19.0
-1,-129.14125703104185,16.08511363888885,66.0,88.89600000000004,40.24525703104181,17.0
-1,-146.56785725475362,12.764369342592564,70.0,90.33600000000004,56.23185725475359,22.0
-1,-96.88046202099412,9.263103708333336,50.0,66.24000000000002,30.640462020994097,20.0
-1,-91.66335846251064,12.304485634259258,45.0,55.776000000000025,35.887358462510626,19.0
-1,-106.86726153064214,11.657248402777794,53.0,71.04000000000003,35.82726153064211,17.0
-1,-130.80384126731047,14.062243837962948,68.0,93.21600000000004,37.58784126731041,18.0
-1,-101.85025277808742,14.132670939814808,39.0,55.20000000000002,46.650252778087406,21.0
-1,-145.55133493617512,14.894531407407388,56.0,90.81600000000005,54.735334936175065,21.0
-1,-134.08661820967768,9.893165962962971,49.0,74.78400000000003,59.30261820967765,23.0
-1,-105.85239424693634,16.087323560185173,51.0,60.09600000000003,45.75639424693631,21.0
-1,-172.43754497068,18.324470731481423,70.0,97.34400000000008,75.09354497067994,28.0
-1,-131.09143486314656,17.062472685185153,61.0,81.88800000000005,49.20343486314651,20.0
-1,-96.63398391176985,12.990384657407391,38.0,59.13600000000002,37.49798391176981,19.0
-1,-99.58749171771916,11.055752967592582,54.0,65.56800000000003,34.01949171771913,19.0
-1,-110.46728030218252,17.02253138888885,46.0,57.02400000000003,53.44328030218249,23.0
-1,-100.24658037366464,13.69999516203704,42.0,59.23200000000002,41.01458037366461,19.0
-1,-114.8625382136288,18.885080374999987,48.0,62.49600000000004,52.366538213628765,19.0
-1,-110.93685270311616,13.843910240740744,44.0,66.14400000000003,44.79285270311614,21.0
-1,-227.703420291164,16.732392569444396,90.0,151.39200000000008,76.31142029116391,24.0
-1,-87.7497989599216,14.982082787037024,34.0,47.32800000000002,40.42179895992158,18.0
-1,-124.38803736309625,21.9628170092592,62.0,81.02400000000004,43.3640373630962,17.0
-1,-112.6343249786596,15.0377300787037,51.0,65.56800000000003,47.06632497865958,21.0
-1,-107.69147520518148,12.449179499999977,48.0,65.08800000000002,42.60347520518147,20.0
-1,-115.17361415633962,16.040356574074053,53.0,69.50400000000003,45.669614156339584,20.0
-1,-108.29102463207894,14.219890893518505,51.0,58.75200000000002,49.53902463207892,22.0
-1,-101.59975561515688,14.47798958796296,48.0,59.61600000000003,41.98375561515685,21.0
-1,-129.40714877323725,16.830679541666647,59.0,77.18400000000004,52.223148773237206,20.0
-1,-133.91470069638356,16.822486134259222,53.0,83.04000000000003,50.87470069638352,21.0
-1,-122.95282588281611,19.06344219907401,58.0,74.68800000000003,48.26482588281608,20.0
-1,-105.34632147072722,18.81644293981478,53.0,57.60000000000002,47.7463214707272,21.0
-1,-127.07781862196266,12.86780444444443,48.0,75.64800000000002,51.42981862196264,21.0
-1,-108.02621163834212,13.467537643518522,50.0,65.76000000000002,42.26621163834211,23.0
-1,-127.24875094228196,13.04380254166664,52.0,83.90400000000004,43.34475094228191,20.0
-1,-112.18274995578054,13.820352527777764,45.0,66.24000000000002,45.94274995578051,21.0
-1,-104.77550811551664,14.28219753240741,45.0,53.376000000000026,51.39950811551662,25.0
-1,-105.07261654829024,15.938769236111089,42.0,61.92000000000002,43.15261654829022,18.0
-1,-105.71847507647372,12.759214824074062,54.0,65.66400000000003,40.05447507647367,20.0
-1,-104.1466622398566,15.874721777777768,58.0,66.91200000000002,37.23466223985658,14.0
-1,-123.14919251056229,15.98643533796296,49.0,74.30400000000004,48.84519251056222,21.0
-1,-106.1618300762693,14.714592907407372,55.0,73.82400000000003,32.33783007626926,18.0
-1,-116.55932473409968,10.290131874999991,46.0,63.45600000000003,53.10332473409965,23.0
-1,-96.6110966858909,15.769486569444444,54.0,60.38400000000003,36.22709668589087,20.0
-1,-152.5503665785821,21.11192767592587,77.0,83.13600000000005,69.41436657858205,22.0
-1,-107.56898423695262,18.392103759259243,52.0,57.88800000000003,49.68098423695259,22.0
-1,-97.64740799904357,16.499289087962946,52.0,60.38400000000003,37.26340799904353,19.0
-1,-109.23195400032216,16.817028152777763,53.0,63.26400000000002,45.96795400032213,22.0
-1,-119.90293024630262,13.93933561574073,51.0,70.84800000000003,49.05493024630259,23.0
-1,-86.21202533961073,18.68464466203702,56.0,58.94400000000003,27.268025339610706,18.0
-1,-91.83171349592448,11.005468120370354,41.0,56.160000000000025,35.67171349592444,20.0
-1,-113.2888657985196,18.49236079166661,57.0,75.74400000000003,37.54486579851957,19.0
-1,-109.48254251446645,17.172233509259208,51.0,64.60800000000002,44.87454251446643,21.0
-1,-105.49840164348744,16.16791473148148,55.0,66.62400000000002,38.87440164348743,17.0
-1,-146.27438475789668,16.664055703703678,57.0,83.13600000000004,63.13838475789665,21.0
-1,-110.007819326644,17.4520900185185,51.0,59.42400000000002,50.58381932664398,20.0
-1,-97.5030680077296,15.5561546898148,50.0,60.38400000000004,37.11906800772957,19.0
-1,-118.21460262611382,16.376826032407386,56.0,69.12000000000002,49.0946026261138,22.0
-1,-111.37890406714996,19.98458517592586,54.0,64.80000000000003,46.57890406714993,20.0
-1,-101.68604719830368,12.8835339074074,45.0,62.59200000000002,39.094047198303656,25.0
-1,-117.40601005920166,21.0209599027777,62.0,73.82400000000003,43.58201005920164,21.0
-1,-92.00005389008976,11.084372962962949,48.0,64.12800000000003,27.87205389008972,20.0
-1,-100.76667678837092,11.997207027777778,45.0,58.56000000000002,42.2066767883709,22.0
-1,-98.83572895738084,17.683391018518492,48.0,61.632000000000026,37.20372895738081,18.0
-1,-127.18341905517843,11.95997462037037,47.0,63.64800000000004,63.5354190551784,25.0
-1,-131.43854912521232,15.938307199074057,58.0,74.40000000000003,57.03854912521229,23.0
-1,-114.45259240270622,16.375104037037,45.0,60.19200000000003,54.26059240270618,21.0
-1,-173.59414023354825,26.16941503240733,79.0,100.12800000000009,73.46614023354817,21.0
-1,-109.54018576970856,14.74501581944443,51.0,60.576000000000015,48.96418576970856,24.0
-1,-94.6475777096999,17.98255479166662,49.0,58.56000000000002,36.087577709699886,16.0
-1,-130.1609574698425,17.019499402777754,54.0,78.81600000000005,51.34495746984244,23.0
-1,-95.41437144977452,21.008313449074024,53.0,58.56000000000004,36.8543714497745,19.0
-1,-115.22107182366491,14.075161444444422,47.0,70.84800000000003,44.373071823664894,21.0
-1,-93.34854296721628,22.958295060185137,52.0,50.11200000000002,43.23654296721625,19.0
-1,-94.51091905571296,17.172242129629613,46.0,58.46400000000002,36.04691905571293,17.0
-1,-167.61483344596883,13.939646652777824,66.0,88.51200000000004,79.1028334459688,26.0
-1,-106.70015576540276,16.090291287037036,60.0,69.60000000000004,37.10015576540272,16.0
-1,-116.8374820995943,16.994639092592557,50.0,66.62400000000004,50.213482099594266,22.0
-1,-121.53423112775896,15.658754981481453,48.0,63.74400000000003,57.79023112775894,26.0
-1,-137.40564012574697,17.121707444444386,51.0,81.50400000000003,55.90164012574695,24.0
-1,-123.237536506404,16.08216261111111,54.0,67.58400000000003,55.65353650640397,22.0
-1,-148.5461318542624,15.26160292129629,57.0,81.12000000000005,67.42613185426234,24.0
-1,-120.58679484694296,16.374242981481473,54.0,66.81600000000003,53.77079484694291,22.0
-1,-113.75145356425568,12.47020780555556,46.0,67.39200000000002,46.35945356425566,20.0
-1,-122.4032722069946,19.53611761111104,57.0,73.82400000000003,48.579272206994574,20.0
-1,-110.2841450859598,15.9830922037037,43.0,54.04800000000002,56.23614508595977,24.0
-1,-109.88974043557776,15.105195837962947,42.0,50.97600000000002,58.91374043557774,24.0
-1,-99.49058831070806,15.165139189814807,47.0,64.03200000000002,35.45858831070804,21.0
-1,-122.4057560384748,10.971187546296289,43.0,58.65600000000002,63.74975603847479,27.0
-1,-77.75215128468498,13.383103962962968,49.0,54.91200000000001,22.840151284684968,15.0
-1,-95.45128471101717,17.43338504629628,52.0,54.72000000000002,40.73128471101713,22.0
-1,-88.00365888517823,18.567709236111103,48.0,52.320000000000014,35.68365888517822,17.0
-1,-112.71562919085524,8.928506953703717,37.0,54.04800000000002,58.66762919085524,26.0
-1,-115.92188916792917,17.130122013888847,52.0,66.81600000000002,49.10588916792914,22.0
-1,-76.58247785599686,12.749995199074052,39.0,51.55200000000002,25.03047785599684,17.0
-1,-125.66162271934844,14.28511438888888,46.0,62.49600000000003,63.16562271934839,24.0
-1,-107.20885513473434,18.339725620370363,49.0,61.824000000000034,45.3848551347343,19.0
-1,-121.07052007778404,16.912530379629594,39.0,49.152000000000015,71.91852007778402,26.0
-1,-91.5282482043122,16.17930301851852,41.0,47.90400000000002,43.6242482043122,22.0
-1,-91.05136923343387,18.203609337962934,49.0,61.15200000000003,29.89936923343384,16.0
-1,-109.73459500341536,18.346196990740715,52.0,62.49600000000003,47.23859500341534,19.0
-1,-103.68480234646624,21.328349731481453,45.0,51.07200000000002,52.61280234646621,18.0
-1,-129.9063505995796,17.697069097222172,48.0,62.30400000000002,67.6023505995796,23.0
-1,-147.69759424938462,17.590179939814778,53.0,73.53600000000003,74.16159424938459,23.0
-1,-121.15638924377885,23.052555763888822,56.0,63.840000000000025,57.31638924377883,18.0
-1,-86.99123181260137,27.99977229166662,49.0,46.84800000000001,40.14323181260136,14.0
-1,-123.83609845384224,13.917374550925915,44.0,57.69600000000003,66.14009845384221,25.0
-1,-92.47225586319672,14.89454012500001,40.0,51.26400000000002,41.2082558631967,19.0
-1,-125.39007450835544,17.73324829629628,61.0,64.51200000000003,60.87807450835541,23.0
-1,-79.1415260170943,12.131242115740742,40.0,45.696000000000005,33.44552601709428,20.0
-1,-97.60321076440118,17.844900249999984,46.0,52.416000000000025,45.18721076440116,18.0
-1,-125.52582076499996,14.278379773148142,43.0,62.01600000000003,63.50982076499993,25.0
-1,-100.85367289880593,21.089587578703675,54.0,53.56800000000002,47.28567289880591,20.0
-1,-110.79575975232254,19.29291520833331,47.0,61.44000000000003,49.35575975232251,20.0
-1,-109.39518277387288,20.94240275925917,60.0,64.51200000000003,44.88318277387286,18.0
-1,-106.49653012803395,16.48607522685183,45.0,60.09600000000002,46.400530128033935,20.0
-1,-113.9983315901386,16.290684541666646,54.0,61.44000000000003,52.55833159013857,23.0
-1,-109.24749999053084,18.499481712962968,46.0,57.31200000000002,51.935499990530815,18.0
-1,-107.28826546397244,15.155513370370352,39.0,56.83200000000002,50.45626546397243,21.0
-1,-159.8430010042323,14.529551662037028,58.0,84.86400000000003,74.97900100423227,26.0
-1,-92.7019873847086,16.841489976851825,40.0,50.112000000000016,42.589987384708586,21.0
-1,-123.83737364681257,14.272159379629622,43.0,50.97600000000002,72.86137364681252,23.0
-1,-121.37873128132,16.85545343055553,45.0,54.432000000000016,66.94673128131997,23.0
-1,-136.01319313681063,21.79834062499995,54.0,67.39200000000002,68.6211931368106,23.0
-1,-132.66237917695435,20.060598787036955,48.0,64.51200000000003,68.1503791769543,22.0
-1,-102.73963549043292,17.909028245370305,47.0,54.52800000000003,48.21163549043289,23.0
-1,-102.64129070432884,13.066495722222234,33.0,43.20000000000001,59.44129070432884,24.0
-1,-110.11999731286387,13.653603791666669,44.0,50.496000000000016,59.62399731286387,25.0
-1,-82.12137105332314,17.881125481481437,46.0,50.11200000000002,32.00937105332312,17.0
-1,-157.30373018489172,19.68223204166659,70.0,92.06400000000006,65.23973018489164,28.0
-1,-115.06110051883373,20.15011743981476,55.0,74.01600000000003,41.045100518833685,20.0
-1,-81.2467532048148,14.425407342592578,31.0,31.776,49.47075320481479,20.0
-1,-113.731031965106,16.532334699074074,54.0,62.88000000000003,50.851031965105975,20.0
-1,-115.4323214648289,16.808753393518487,44.0,63.26400000000003,52.16832146482888,22.0
-1,-102.33070955248944,18.336425643518485,40.0,49.24800000000001,53.08270955248943,21.0
-1,-113.46811495816088,16.928313287037017,51.0,56.352000000000025,57.11611495816086,23.0
-1,-126.6885508543384,13.398668824074072,42.0,60.288000000000025,66.40055085433838,25.0
-1,-115.62526566184158,24.45926348148144,60.0,66.72000000000003,48.90526566184155,17.0
-1,-104.59230457006694,15.67457876851851,42.0,48.28800000000002,56.30430457006692,25.0
-1,-113.89733538453248,21.831854759259205,52.0,62.016000000000034,51.88133538453245,20.0
-1,-102.10252022216984,18.479839120370315,41.0,47.52000000000001,54.58252022216983,21.0
-1,-110.5715047440334,14.966744972222214,51.0,56.83200000000002,53.739504744033376,24.0
-1,-108.14542481937862,17.393511361111084,41.0,60.67200000000002,47.4734248193786,19.0
-1,-101.14940633704876,17.234934856481477,41.0,49.34400000000002,51.80540633704873,21.0
-1,-120.48039346486809,19.1909998657407,49.0,57.312000000000026,63.168393464868046,22.0
-1,-102.45744208823764,20.14156332407404,45.0,44.73600000000001,57.72144208823761,20.0
-1,-136.67835679273404,20.88319251388881,51.0,63.55200000000003,73.126356792734,23.0
-1,-106.12833213401969,18.858458333333317,45.0,51.45600000000002,54.67233213401966,17.0
-1,-116.21354921675749,20.993437166666613,49.0,59.52000000000002,56.69354921675746,22.0
-1,-131.7254107818168,14.28099220370369,48.0,61.44000000000002,70.28541078181678,26.0
-1,-132.45706435831994,15.08231543981481,54.0,64.89600000000003,67.56106435831992,24.0
-1,-112.65117913691311,12.639268060185191,41.0,54.81600000000002,57.83517913691312,25.0
-1,-145.1024642400307,13.183428180555554,48.0,66.43200000000003,78.67046424003068,23.0
-1,-98.28492450557393,11.233299180555557,35.0,46.84800000000001,51.4369245055739,23.0
-1,-118.76580957406148,16.721276240740707,51.0,64.12800000000003,54.63780957406146,21.0
-1,-111.44816570137036,17.546753657407343,46.0,58.56000000000003,52.888165701370326,22.0
-1,-105.84325166740648,17.927596055555533,39.0,49.344000000000015,56.49925166740647,20.0
-1,-98.77280082763497,15.919667675925924,37.0,49.72800000000001,49.044800827634965,22.0
-1,-95.71788455379772,14.958553365740745,48.0,56.352000000000025,39.365884553797706,23.0
-1,-91.0353854573311,10.939231625,55.0,61.632000000000026,29.40338545733108,16.0
-1,-115.12225160053696,19.008171462962963,57.0,54.43200000000002,60.69025160053695,20.0
-1,-97.9873595149958,16.2673099212963,45.0,47.52000000000001,50.467359514995785,21.0
-1,-104.07508767358672,14.319493162037046,35.0,45.984000000000016,58.0910876735867,23.0
-1,-129.0242659089725,17.104783916666648,46.0,59.904000000000025,69.12026590897247,23.0
-1,-75.37229559222928,16.052356708333317,45.0,51.36000000000002,24.012295592229265,16.0
-1,-109.23325238546369,16.81627526388888,52.0,58.08000000000003,51.15325238546367,22.0
-1,-118.8524482734163,17.758682879629582,43.0,52.70400000000002,66.14844827341628,23.0
-1,-100.492115775876,17.295844439814775,44.0,46.84800000000001,53.64411577587599,21.0
-1,-135.66383691071536,13.635226194444432,50.0,67.96800000000003,67.69583691071534,25.0
-1,-96.67198794370492,13.328478972222213,44.0,47.52000000000002,49.15198794370492,23.0
-1,-102.03250636324933,14.942443430555535,46.0,55.87200000000002,46.16050636324929,21.0
-1,-122.8620046057354,14.355197842592574,38.0,52.80000000000002,70.06200460573537,22.0
-1,-98.4227432907132,13.50492592592592,43.0,45.50400000000002,52.9187432907132,25.0
-1,-113.91095650376018,11.314875824074104,36.0,44.92800000000001,68.98295650376016,24.0
-1,-101.0990710266325,18.480934949074044,43.0,53.664000000000016,47.435071026632485,20.0
-1,-124.68454300813714,16.698800643518474,49.0,71.04000000000003,53.64454300813711,20.0
-1,-102.23308616852202,17.769956851851823,45.0,47.13600000000002,55.09708616852201,23.0
-1,-131.99176901954067,17.810196166666614,39.0,51.84000000000002,80.15176901954065,22.0
-1,-97.5802153720048,14.13701106944445,37.0,42.62400000000001,54.9562153720048,24.0
-1,-111.88130943306192,25.67423379629625,52.0,56.25600000000002,55.62530943306191,17.0
-1,-93.8092801359428,13.089699777777792,35.0,41.95200000000001,51.85728013594279,25.0
-1,-111.1715964801446,12.985437796296283,37.0,50.496000000000016,60.67559648014458,24.0
-1,-122.06445947471644,18.26317529166661,47.0,60.672000000000025,61.39245947471642,24.0
-1,-94.34677693557076,11.03334925000001,35.0,48.384000000000015,45.96277693557075,24.0
-1,-84.5363399138424,13.72293270833335,35.0,36.76800000000001,47.76833991384239,23.0
-1,-125.63226652440306,21.199549861111063,56.0,66.91200000000002,58.72026652440305,21.0
-1,-106.5345869116939,13.037784717592602,41.0,48.384000000000015,58.15058691169389,25.0
-1,-97.32278354416454,17.66218304629629,39.0,40.51200000000001,56.81078354416452,19.0
-1,-83.6981964576893,15.893651027777755,37.0,41.76000000000001,41.938196457689294,21.0
-1,-86.25976940704862,15.928093217592588,35.0,39.84,46.41976940704861,21.0
-1,-135.0898480285086,14.163919842592602,52.0,60.19200000000003,74.89784802850858,24.0
-1,-123.63241005293028,15.991874925925927,46.0,53.18400000000002,70.44841005293027,24.0
-1,-96.2336191155082,20.610379425925878,54.0,55.20000000000002,41.033619115508166,20.0
-1,-91.32407434913002,12.52609607407408,26.0,35.424,55.900074349130016,24.0
-1,-112.67528510870513,12.642820717592574,45.0,58.75200000000002,53.92328510870509,23.0
-1,-114.80122787349724,19.06777705555547,52.0,64.60800000000003,50.19322787349723,21.0
-1,-83.33051083142686,16.121424449074087,38.0,36.672,46.65851083142686,20.0
-1,-92.4257937091111,11.505205462962964,30.0,42.43200000000001,49.9937937091111,22.0
-1,-81.4600321432305,11.650427398148144,41.0,51.45600000000002,30.004032143230493,17.0
-1,-119.75035294725537,16.653339574074074,47.0,53.66400000000002,66.08635294725534,22.0
-1,-101.47638024024208,15.783818712962963,53.0,56.928000000000026,44.54838024024205,23.0
-1,-116.88425369706746,10.769029824074074,40.0,51.552000000000014,65.33225369706744,24.0
-1,-118.55368813779648,14.182777226851837,42.0,57.60000000000002,60.95368813779647,25.0
-1,-117.16400888682904,21.872746333333275,53.0,58.65600000000003,58.50800888682902,20.0
-1,-109.91966410126317,15.342002611111097,46.0,62.11200000000002,47.80766410126314,21.0
-1,-115.77442375738136,15.241120532407407,40.0,50.40000000000001,65.37442375738134,22.0
-1,-119.56328473881923,10.898849226851857,42.0,47.80800000000002,71.75528473881921,27.0
-1,-109.07695668533644,20.451397768518508,48.0,52.32000000000003,56.7569566853364,20.0
-1,-92.21006713642429,27.241752490740705,55.0,51.840000000000025,40.37006713642424,17.0
-1,-161.00399007365246,18.5621943518518,58.0,90.72000000000004,70.28399007365242,22.0
-1,-147.55088657077175,17.126054902777735,48.0,62.11200000000003,85.43888657077171,26.0
-1,-123.88314801053764,17.023928916666627,46.0,64.99200000000002,58.89114801053761,22.0
-1,-137.80224228740082,20.974314092592508,61.0,84.38400000000004,53.41824228740076,22.0
-1,-110.6943718589972,16.853741972222203,41.0,48.768000000000015,61.92637185899718,22.0
-1,-109.681321041694,17.98116671296292,47.0,52.80000000000002,56.88132104169397,22.0
-1,-140.6734896601282,15.584590273148118,45.0,64.12800000000003,76.54548966012818,25.0
-1,-115.0432990867932,9.8252074814815,38.0,46.848000000000006,68.1952990867932,27.0
-1,-127.73987445040844,19.42720592129623,50.0,65.37600000000003,62.36387445040842,21.0
-1,-127.8701320542578,18.959814023148144,49.0,54.33600000000001,73.53413205425778,22.0
-1,-115.22770660276586,16.03690203703703,40.0,50.112000000000016,65.11570660276585,22.0
-1,-88.7181315195927,22.47429949537033,43.0,44.73600000000001,43.98213151959269,18.0
-1,-114.29158878571864,12.71583322222222,35.0,47.71200000000002,66.57958878571863,24.0
-1,-118.28028116961096,15.467729504629627,43.0,55.87200000000003,62.40828116961092,24.0
-1,-110.14958128249992,21.026330055555498,44.0,48.960000000000015,61.18958128249992,18.0
-1,-80.08305570875677,15.31947809259259,37.0,40.12800000000001,39.95505570875677,21.0
-1,-117.52464963174918,14.416190925925909,47.0,55.20000000000002,62.32464963174916,25.0
-1,-90.48618692070468,19.52487067592589,47.0,50.97600000000002,39.51018692070467,16.0
-1,-103.29864875467102,15.189487291666662,44.0,56.54400000000002,46.754648754671,22.0
-1,-109.289295247401,14.71171385648148,40.0,52.03200000000002,57.257295247400975,24.0
-1,-160.03593492333945,20.033657060185064,65.0,81.69600000000004,78.33993492333941,24.0
-1,-97.80048294725069,12.81318861574074,39.0,44.16000000000001,53.64048294725066,23.0
-1,-162.57075159659132,22.443510458333247,74.0,97.34400000000008,65.22675159659127,20.0
-1,-183.1326759278907,20.748521504629533,79.0,125.28000000000009,57.85267592789061,23.0
-1,-134.82031908758836,17.12357139814811,51.0,68.25600000000003,66.56431908758832,23.0
-1,-113.2630313402291,16.791832222222194,49.0,52.896000000000015,60.36703134022909,23.0
-1,-122.21857022246556,22.41509544444438,50.0,59.80800000000002,62.41057022246553,20.0
-1,-102.95443555778162,13.22848995370368,37.0,50.01600000000002,52.9384355577816,23.0
-1,-127.3724897624835,16.237054277777766,48.0,67.68000000000004,59.69248976248347,23.0
-1,-153.5824134117483,14.556777606481484,50.0,70.56000000000003,83.02241341174825,25.0
-1,-88.17287998426482,14.784742768518528,39.0,42.72000000000001,45.45287998426481,18.0
-1,-85.33197704297939,12.451086101851857,32.0,41.376000000000005,43.95597704297938,19.0
-1,-110.46877116097292,17.019299597222226,47.0,56.25600000000002,54.212771160972906,22.0
-1,-102.23269296132229,16.039432592592572,37.0,43.58400000000001,58.64869296132228,24.0
-1,-91.90417831889948,19.11559386111107,38.0,41.18400000000001,50.72017831889946,20.0
-1,-100.37405796506869,16.460116333333325,47.0,56.06400000000002,44.31005796506865,20.0
-1,-101.10799609875338,14.431945231481484,39.0,53.08800000000002,48.01999609875335,21.0
-1,-103.51618654522598,13.351098458333311,32.0,44.73600000000001,58.780186545225966,23.0
-1,-103.58003450290298,18.334015550925887,51.0,64.89600000000003,38.68403450290295,18.0
-1,-103.91787245387718,22.18557241203696,49.0,51.45600000000002,52.46187245387715,20.0
-1,-101.2071383208592,18.16114618055552,46.0,55.20000000000002,46.007138320859184,19.0
-1,-171.84408510775444,16.369045143518477,62.0,95.13600000000004,76.70808510775437,25.0
-1,-133.01740297796522,17.636523189814753,53.0,72.48000000000003,60.53740297796519,23.0
-1,-99.11502296594726,15.697427231481472,33.0,39.74400000000001,59.371022965947255,22.0
-1,-143.91009019783465,17.264421879629555,54.0,79.96800000000005,63.94209019783461,25.0
-1,-81.56910312530388,18.096401430555524,44.0,48.76800000000002,32.80110312530387,15.0
-1,-92.32975235981976,16.785547092592562,36.0,46.46400000000001,45.86575235981974,23.0
-1,-102.22741610545364,12.712669731481496,40.0,45.21600000000001,57.011416105453634,24.0
-1,-101.40606259308584,19.328733148148096,42.0,48.86400000000002,52.54206259308582,20.0
-1,-102.02942410833668,18.82158244907403,39.0,48.28800000000002,53.74142410833665,18.0
-1,-120.363405060653,18.04812778240737,51.0,64.32000000000002,56.043405060652994,22.0
-1,-129.25784264082137,20.83567818981476,55.0,70.65600000000003,58.60184264082132,21.0
-1,-97.93308511373894,15.206447893518504,35.0,43.68000000000001,54.253085113738926,20.0
-1,-104.49605576215316,15.614580083333337,40.0,46.17600000000001,58.32005576215314,22.0
-1,-107.85416010052184,19.42593673148146,41.0,49.15200000000002,58.70216010052184,20.0
-1,-161.26275463822753,17.393809680555503,62.0,91.68000000000004,69.58275463822748,23.0
-1,-114.70791161243832,14.153361629629618,41.0,57.40800000000002,57.29991161243829,25.0
-1,-118.72590275897484,17.481812884259224,43.0,53.856000000000016,64.8699027589748,21.0
-1,-142.83970449074144,15.169408999999993,48.0,78.33600000000004,64.5037044907414,23.0
-1,-106.87851713409594,16.78337706944441,43.0,48.67200000000001,58.20651713409593,21.0
-1,-110.7402610817909,14.296766648148148,34.0,42.432,68.3082610817909,23.0
-1,-242.77101721549067,19.6855853981481,97.0,153.9840000000001,88.78701721549058,24.0
-1,-105.98137534537253,16.18705375925922,42.0,50.68800000000002,55.293375345372496,23.0
-1,-154.19228373031692,17.391176189814757,59.0,86.59200000000004,67.60028373031687,25.0
-1,-100.72815600861156,13.31311919444444,43.0,49.152000000000015,51.57615600861155,23.0
-1,-103.15640659523196,14.846945106481458,52.0,62.01600000000003,41.14040659523195,23.0
-1,-87.45307691357317,15.63716084259258,39.0,45.31200000000002,42.14107691357314,22.0
-1,-98.6039993178166,13.89216272222222,44.0,50.49600000000002,48.10799931781658,22.0
-1,-99.70748022153276,17.922226375000008,42.0,47.42400000000002,52.283480221532734,17.0
-1,-109.2189103623134,15.199678981481462,50.0,59.80800000000004,49.410910362313366,19.0
-1,-122.27271088869055,25.61408253240735,66.0,70.36800000000004,51.90471088869052,17.0
-1,-114.56154643693692,22.28237037499993,54.0,56.44800000000003,58.11354643693687,22.0
-1,-82.02335188047292,15.125105365740726,34.0,40.992,41.03135188047291,22.0
-1,-97.46517219866352,14.6387729074074,33.0,36.192,61.27317219866352,25.0
-1,-110.10172455656314,18.07698942592589,39.0,41.08800000000001,69.01372455656313,23.0
-1,-126.56517591523593,19.490921518518487,55.0,67.96800000000003,58.59717591523589,20.0
-1,-111.28202506588508,17.70920476851846,45.0,57.88800000000003,53.39402506588505,22.0
-1,-122.50483036494708,14.135838467592604,43.0,46.08000000000001,76.42483036494706,24.0
-1,-167.18341003223844,18.50192498148143,60.0,93.98400000000004,73.19941003223839,23.0
-1,-304.34024936710864,22.85918701851845,143.0,223.20000000000016,81.1402493671085,23.0
-1,-112.52702427399186,21.26191443981472,53.0,57.98400000000002,54.54302427399184,20.0
-1,-95.46509235514807,19.06749663425921,59.0,54.240000000000016,41.225092355148064,21.0
-1,-122.93812803811684,20.31192043981476,68.0,76.41600000000004,46.5221280381168,22.0
-1,-111.04272782996269,20.848701537037016,49.0,51.26400000000002,59.778727829962655,21.0
-1,-133.87426683565684,15.074385296296269,55.0,73.34400000000004,60.53026683565679,24.0
-1,-116.82509729070809,24.181917291666597,61.0,66.81600000000003,50.009097290708056,20.0
-1,-146.11888675168626,19.31806555555549,58.0,87.74400000000004,58.37488675168623,22.0
-1,-121.42806038444527,13.196955245370368,45.0,54.52800000000002,66.90006038444525,26.0
-1,-104.6656324463556,19.48031942592588,42.0,48.384000000000015,56.2816324463556,20.0
-1,-120.0817397751452,24.876590763888853,65.0,77.85600000000005,42.22573977514514,15.0
-1,-74.02652578548336,13.927544699074078,34.0,37.15200000000001,36.87452578548334,21.0
-1,-98.4207684872994,14.761797305555548,44.0,51.36000000000002,47.06076848729938,23.0
-1,-103.06129327444977,17.522389949074043,41.0,40.32000000000001,62.74129327444975,22.0
-1,-289.32436583396685,18.604929958333265,123.0,220.22400000000016,69.10036583396669,23.0
-1,-132.4149652961293,14.956498597222186,42.0,62.20800000000003,70.20696529612928,24.0
-1,-99.4453359327238,22.07299320370368,51.0,51.26400000000002,48.18133593272376,18.0
-1,-86.86179514257114,12.741312740740732,37.0,43.96800000000002,42.89379514257113,25.0
-1,-102.51871043049591,12.745040236111118,48.0,53.184000000000026,49.33471043049591,23.0
-1,-181.0145281869468,16.388133504629582,73.0,115.29600000000008,65.7185281869467,22.0
-1,-134.11197295544034,18.806182787037013,53.0,64.89600000000003,69.21597295544031,22.0
-1,-136.16113116886686,14.849276074074051,47.0,78.24000000000004,57.92113116886684,24.0
-1,-118.22722353650911,18.70284859259254,46.0,55.48800000000002,62.73922353650911,22.0
-1,-119.60666775845009,20.5076047592592,53.0,58.46400000000003,61.14266775845006,20.0
-1,-114.00548872546732,17.70054311111106,40.0,46.08000000000001,67.92548872546732,23.0
-1,-110.17306976908404,20.836484537036984,53.0,61.440000000000026,48.73306976908401,18.0
-1,-104.46306694587165,17.51348943981481,42.0,49.05600000000001,55.40706694587162,21.0
-1,-120.41049988470758,16.472739050925888,48.0,69.88800000000003,50.522499884707536,22.0
-1,-143.29978254574712,18.20240899537032,53.0,70.65600000000002,72.64378254574711,22.0
-1,-138.94066496939246,19.456559962962903,58.0,63.45600000000003,75.48466496939244,24.0
-1,-128.93788884983073,17.59521346296292,60.0,73.53600000000004,55.40188884983069,23.0
-1,-109.93649920624225,18.182644717592563,43.0,50.68800000000002,59.24849920624222,24.0
-1,-140.53616333928264,18.062513236111062,61.0,72.09600000000003,68.4401633392826,25.0
-1,-127.45505703159576,12.719904749999994,46.0,65.85600000000002,61.59905703159576,23.0
-1,-100.2225464999634,22.73938502314808,51.0,45.02400000000002,55.19854649996336,19.0
-1,-120.20247365884786,16.486233861111078,49.0,52.896000000000015,67.30647365884785,25.0
-1,-92.19274827226675,17.797999092592587,46.0,46.56000000000001,45.632748272266745,18.0
-1,-100.2788578136883,19.76124207407401,48.0,54.14400000000002,46.134857813688285,19.0
-1,-98.89822804381666,16.50911746759256,44.0,47.90400000000001,50.99422804381664,22.0
-1,-152.66877082664078,17.314681347222173,57.0,77.85600000000004,74.81277082664074,25.0
-1,-158.9849818945331,25.9440260462962,66.0,88.99200000000003,69.99298189453306,20.0
-1,-132.55590558843608,17.74871212962959,52.0,66.33600000000003,66.21990558843606,24.0
-1,-90.67684994935364,17.808013699074046,42.0,49.536000000000016,41.14084994935365,23.0
-1,-133.60269997763402,17.171559046296274,62.0,79.00800000000004,54.59469997763397,24.0
-1,-93.2267007115599,22.60446330092589,50.0,51.26400000000002,41.96270071155988,19.0
-1,-126.54688178406022,13.774049703703708,45.0,55.39200000000002,71.1548817840602,26.0
-1,-122.49500794300351,19.20639082870364,55.0,68.06400000000004,54.431007943003486,23.0
-1,-123.50256232470127,19.136778231481404,60.0,78.81600000000005,44.68656232470124,18.0
-1,-91.65617387066504,14.656031319444454,42.0,54.14400000000002,37.51217387066503,17.0
-1,-127.85686370794224,19.919294194444376,47.0,62.59200000000003,65.26486370794221,22.0
-1,-117.79852662305476,14.419977199074069,48.0,58.84800000000003,58.95052662305472,21.0
-1,-119.82852949172867,20.64266965740736,58.0,63.55200000000003,56.27652949172865,24.0
-1,-118.35121607151852,18.916569097222176,47.0,57.312000000000026,61.03921607151848,20.0
-1,-92.03617655388145,24.43857548148141,51.0,43.39200000000002,48.64417655388143,19.0
-1,-110.5677962284378,17.004985990740742,45.0,47.61600000000002,62.951796228437786,22.0
-1,-75.28933296474857,15.463261629629626,43.0,49.05600000000001,26.23333296474856,14.0
-1,-152.90639304340982,16.71036028240737,55.0,71.61600000000004,81.2903930434098,26.0
-1,-152.1615932100924,15.55281710648148,59.0,92.54400000000004,59.617593210092345,21.0
-1,-104.09917508178587,17.610695782407397,64.0,52.60800000000002,51.49117508178587,24.0
-1,-98.3646204589078,19.837311648148106,42.0,48.768000000000015,49.596620458907786,21.0
-1,-94.74885142044,12.729503037037038,34.0,41.95200000000001,52.79685142043999,24.0
-1,-96.59042956970396,15.583491888888874,40.0,47.52000000000002,49.07042956970395,22.0
-1,-134.28832593142866,13.675768013888884,50.0,72.76800000000003,61.52032593142863,24.0
-1,-127.21212525902936,26.292110263888787,69.0,78.14400000000005,49.06812525902932,19.0
-1,-92.85031929780882,16.438036768518522,46.0,59.904000000000025,32.9463192978088,16.0
-1,-113.16088034020493,22.5220949768518,56.0,61.15200000000003,52.0088803402049,18.0
-1,-125.42695119258303,14.601220319444431,51.0,62.78400000000003,62.642951192583,25.0
-1,-94.433448034214,13.401819759259253,33.0,40.12800000000001,54.305448034214,21.0
-1,-154.42964457275275,18.162272986111077,61.0,81.98400000000005,72.44564457275268,23.0
-1,-87.41254814638556,13.299370166666654,43.0,48.288,39.12454814638556,22.0
-1,-98.28477573625143,16.274400703703687,34.0,37.92000000000001,60.364775736251445,22.0
-1,-249.703351359838,15.713934055555516,105.0,186.9120000000001,62.791351359837904,24.0
-1,-124.64551933991224,16.546916328703716,46.0,50.496000000000016,74.14951933991222,23.0
-1,-125.43633578110516,16.015720300925913,44.0,57.50400000000002,67.93233578110515,24.0
-1,-147.82360951567568,19.66728836574067,57.0,72.00000000000004,75.82360951567564,23.0
-1,-126.1337903039477,17.250157337962918,50.0,64.22400000000003,61.90979030394767,24.0
-1,-102.66705852828296,12.68298609259259,29.0,36.96,65.70705852828296,24.0
-1,-171.42567641116585,14.384998620370352,65.0,91.29600000000003,80.12967641116582,26.0
-1,-98.95242114521484,16.49340934259254,44.0,58.65600000000002,40.296421145214815,17.0
-1,-168.0873996982122,20.075189032407323,66.0,96.76800000000006,71.31939969821217,24.0
-1,-134.09794782645284,15.975299726851835,51.0,65.18400000000003,68.91394782645281,25.0
-1,-104.70067950445988,17.522286541666663,40.0,52.51200000000002,52.188679504459856,19.0
-1,-87.76295512485258,12.118118643518525,30.0,35.808,51.95495512485258,23.0
-1,-131.00997304788103,16.101771708333303,40.0,59.904000000000025,71.10597304788101,24.0
-1,-98.50418252857264,17.11192393518518,34.0,36.86400000000001,61.64018252857263,20.0
-1,-94.24802076454336,22.89853274537031,44.0,47.424000000000014,46.82402076454335,19.0
-1,-135.89740206997106,19.634707259259216,54.0,67.39200000000002,68.50540206997104,22.0
-1,-98.38315629145434,18.806684009259207,42.0,48.768000000000015,49.615156291454326,21.0
-1,-132.35734019398438,24.21070836574067,60.0,70.84800000000004,61.50934019398434,19.0
-1,-105.68941680965123,29.893508393518484,60.0,60.38400000000003,45.305416809651206,17.0
-1,-95.55043340574568,19.09158824537034,50.0,55.776000000000025,39.77443340574565,19.0
-1,-99.99325929909156,16.695364361111082,44.0,55.48800000000003,44.50525929909154,24.0
-1,-90.69422528873903,22.315310166666624,63.0,60.576000000000015,30.118225288739023,13.0
-1,-110.82872801151596,19.347382472222165,49.0,56.160000000000025,54.66872801151594,21.0
-1,-107.81214675176622,19.24609167129624,42.0,50.01600000000002,57.7961467517662,21.0
-1,-124.8684672899216,21.79011452314808,57.0,72.00000000000003,52.868467289921576,21.0
-1,-102.06989665665556,18.849484884259198,46.0,50.496000000000016,51.57389665665554,22.0
-1,-95.55669260239264,22.097099486111105,52.0,62.016000000000034,33.54069260239262,14.0
-1,-126.93812111012974,21.699710624999938,60.0,79.10400000000004,47.83412111012971,20.0
-1,-115.36084149585228,15.730573657407376,44.0,63.26400000000002,52.096841495852246,22.0
-1,-92.74426351557904,16.882271745370346,41.0,47.13600000000002,45.60826351557901,23.0
-1,-142.06686831893148,20.04971668055548,63.0,76.70400000000004,65.36286831893143,24.0
-1,-121.92218104219516,19.70464872685179,50.0,57.79200000000002,64.13018104219512,23.0
-1,-110.28532458725608,18.31761365740736,37.0,50.78400000000001,59.50132458725607,22.0
-1,-106.3650814548838,17.303293319444414,38.0,47.90400000000001,58.46108145488378,22.0
-1,-95.6703501100172,21.38220458333332,42.0,45.60000000000001,50.0703501100172,21.0
-1,-126.04921755983617,16.37814762037037,52.0,59.32800000000002,66.72121755983613,23.0
-1,-102.57714966909047,19.85094537037035,44.0,40.896,61.68114966909049,22.0
-1,-95.29283273653913,10.960397541666676,38.0,48.57600000000002,46.71683273653909,23.0
-1,-102.78496907332618,12.663783305555553,45.0,56.832000000000015,45.952969073326166,24.0
-1,-87.9625005748488,11.655841287037044,28.0,37.632000000000005,50.330500574848806,22.0
-1,-122.47065418272088,11.644302287037023,43.0,63.45600000000002,59.01465418272086,23.0
-1,-103.86700619836124,15.16202744444444,42.0,51.07200000000002,52.79500619836122,24.0
-1,-124.3611646592832,23.899721490740617,63.0,88.12800000000004,36.23316465928315,15.0
-1,-106.492749743813,19.50466243518512,56.0,57.88800000000002,48.60474974381299,22.0
-1,-114.82419499445604,15.990033175925918,38.0,50.40000000000002,64.42419499445603,23.0
-1,-121.88643122251302,16.237485097222198,49.0,69.40800000000002,52.47843122251301,23.0
-1,-105.928408219076,16.26376384722219,37.0,41.568000000000005,64.36040821907599,23.0
-1,-107.01612080779792,20.975816879629555,46.0,48.576000000000015,58.4401208077979,20.0
-1,-97.49099854965746,15.348704111111095,38.0,48.576000000000015,48.91499854965744,22.0
-1,-87.7622939274024,14.889363402777771,45.0,42.91200000000001,44.85029392740239,23.0
-1,-132.05753120969143,16.659596106481445,51.0,64.89600000000002,67.16153120969143,24.0
-1,-106.51640598621113,19.291221402777744,45.0,56.16000000000002,50.35640598621111,19.0
-1,-104.86601899811116,17.17165712037033,46.0,58.08000000000003,46.78601899811113,19.0
-1,-112.8391757911321,12.750465236111122,38.0,45.792000000000016,67.04717579113209,27.0
-1,-108.9209989595544,12.6517988611111,34.0,50.30400000000001,58.61699895955439,22.0
-1,-129.28195430897446,22.75449968518512,54.0,59.04000000000003,70.24195430897444,22.0
-1,-104.90538039263016,16.286609759259242,44.0,53.85600000000002,51.04938039263014,20.0
-1,-108.77908390877197,17.526924499999982,47.0,55.29600000000002,53.48308390877192,23.0
-1,-115.13331984489346,15.569141138888886,37.0,44.25600000000001,70.87731984489346,24.0
-1,-118.2010217857862,15.768601532407391,36.0,50.68800000000001,67.5130217857862,24.0
-1,-100.45909702902948,23.85383665740734,53.0,53.08800000000002,47.37109702902946,19.0
-1,-125.35787832937588,21.45561925925921,61.0,64.41600000000003,60.941878329375854,22.0
-1,-125.7904673696965,16.97322455555552,50.0,68.44800000000004,57.34246736969647,23.0
-1,-110.9914055420454,22.336088717592503,61.0,70.08000000000004,40.91140554204537,20.0
-1,-106.97184780314312,19.35101137037033,49.0,55.29600000000003,51.67584780314312,22.0
-1,-82.61399549663903,14.876428097222217,40.0,43.680000000000014,38.93399549663901,21.0
-1,-129.2987284813713,18.11814349537028,48.0,65.28000000000003,64.0187284813713,23.0
-1,-158.88316901684982,24.20906329166656,72.0,91.87200000000006,67.01116901684978,22.0
-1,-134.78481822739195,22.164396013888823,59.0,76.12800000000004,58.656818227391895,21.0
-1,-111.93100996109088,14.761867212962956,52.0,65.76000000000002,46.171009961090846,23.0
-1,-104.32680866124824,20.411243638888845,50.0,58.17600000000002,46.15080866124822,18.0
-1,-106.2038043647236,15.264247004629617,43.0,50.01600000000002,56.187804364723576,24.0
-1,-104.77898311913764,12.612672249999973,39.0,51.264,53.51498311913764,25.0
-1,-98.98726369417967,17.011300069444452,39.0,41.47200000000001,57.51526369417967,23.0
-1,-96.31686413139232,14.90044381944445,46.0,54.72000000000002,41.59686413139229,21.0
-1,-115.97053186490744,19.73224430092588,48.0,56.83200000000002,59.1385318649074,21.0
-1,-114.50755193778576,17.19584296296295,44.0,51.45600000000002,63.05155193778575,24.0
-1,-107.05384498465985,15.917657055555534,44.0,58.94400000000002,48.1098449846598,20.0
-1,-78.69102182769569,15.272750550925922,43.0,47.616000000000014,31.075021827695675,17.0
-1,-122.70628044465238,14.108335148148138,47.0,65.28000000000003,57.42628044465235,22.0
-1,-72.33390418217996,10.848557226851849,30.0,34.17600000000001,38.15790418217996,18.0
-1,-101.54467895004716,22.809960671296277,49.0,53.18400000000002,48.36067895004715,17.0
-1,-110.60544975197182,12.800726944444431,48.0,59.80800000000002,50.7974497519718,21.0
-1,-107.40551000450104,13.638691212962955,45.0,57.40800000000002,49.997510004501024,23.0
-1,-145.58431084426704,16.79064218055553,58.0,85.92000000000004,59.664310844266986,23.0
-1,-112.72373510416328,12.924912861111109,46.0,59.23200000000003,53.49173510416324,23.0
-1,-91.42923236387514,10.886282046296312,34.0,45.40800000000001,46.02123236387514,24.0
-1,-101.30747942730056,12.3826382037037,37.0,47.23200000000002,54.07547942730055,23.0
-1,-119.221485670883,19.22164593518516,49.0,57.60000000000002,61.621485670882976,23.0
-1,-92.732624155842,18.076505064814786,48.0,45.600000000000016,47.13262415584198,21.0
-1,-122.77297910617264,16.913094092592534,44.0,61.63200000000002,61.14097910617261,21.0
-1,-149.84131181523068,14.94817311574073,58.0,86.78400000000005,63.05731181523063,24.0
-1,-117.87860198956858,20.605647986111048,61.0,71.90400000000004,45.97460198956854,20.0
-1,-83.30932034107252,14.350636143518528,34.0,32.06400000000001,51.245320341072514,21.0
-1,-73.92027556931775,15.412240074074056,36.0,42.62400000000001,31.296275569317743,15.0
-1,-96.30567466981884,24.08363974074065,59.0,53.95200000000002,42.35367466981883,19.0
-1,-142.27905962255772,17.58725412037031,58.0,76.89600000000004,65.38305962255767,23.0
-1,-129.51454759370938,19.624726074074008,59.0,69.98400000000004,59.53054759370935,23.0
-1,-86.91437468733474,16.358381962962955,38.0,38.30400000000001,48.61037468733474,23.0
-1,-97.94546605351847,15.046131504629638,38.0,44.16000000000001,53.78546605351848,22.0
-1,-94.92470552366927,18.920950814814777,46.0,53.18400000000002,41.74070552366927,19.0
-1,-78.72454832061936,11.056920097222225,32.0,37.536,41.18854832061936,23.0
-1,-94.72833426352386,23.06497342129624,49.0,52.99200000000002,41.73633426352384,17.0
-1,-92.58788358121016,18.08227991203697,43.0,47.90400000000001,44.68388358121013,19.0
-1,-99.65522896631242,16.406748467592557,39.0,50.01600000000002,49.63922896631241,22.0
-1,-158.38225636576374,18.77831549999992,59.0,84.38400000000004,73.99825636576371,25.0
-1,-75.72927977048442,21.828948212962946,41.0,43.39200000000001,32.33727977048442,17.0
-1,-125.25372033925598,16.581854490740714,47.0,58.56000000000002,66.69372033925596,22.0
-1,-89.53388972954501,13.29054224999996,39.0,52.32000000000002,37.21388972954499,19.0
-1,-113.52038828187142,18.96048622685181,47.0,61.056000000000026,52.464388281871386,19.0
-1,-116.16775246210696,16.44220546296293,45.0,55.10400000000002,61.06375246210693,23.0
-1,-125.28672050927668,18.574225874999943,52.0,64.70400000000002,60.58272050927667,22.0
-1,-119.37472563170668,15.12766509259258,48.0,58.27200000000003,61.10272563170663,23.0
-1,-118.32102781632469,23.433151324074043,61.0,70.36800000000004,47.953027816324656,20.0
-1,-112.82523164378242,23.83665540277768,58.0,66.52800000000003,46.29723164378238,20.0
-1,-260.1568647966894,21.291813597222134,113.0,198.6240000000001,61.53286479668923,22.0
-1,-117.91818560752247,16.381998018518495,44.0,57.88800000000002,60.030185607522455,25.0
-1,-105.04024707883435,14.509354865740711,47.0,53.66400000000002,51.37624707883434,24.0
-1,-170.48044266203783,15.130717055555529,70.0,104.44800000000006,66.03244266203775,24.0
-1,-69.79623254447255,17.022488240740724,39.0,41.37600000000001,28.42023254447253,15.0
-1,-112.35270562820486,15.176324421296291,45.0,61.53600000000003,50.81670562820482,20.0
-1,-134.0778025561619,21.24573711574068,62.0,89.95200000000006,44.12580255616185,18.0
-1,-98.16250556694128,16.151411337962948,56.0,67.48800000000001,30.67450556694128,19.0
-1,-81.73560887444367,20.31445405555552,46.0,48.000000000000014,33.73560887444365,19.0
-1,-96.42095477722845,15.06380636111111,41.0,49.24800000000001,47.17295477722843,22.0
-1,-99.03244041606403,13.428516796296291,39.0,46.65600000000001,52.37644041606402,21.0
-1,-115.44097356029354,16.2251530046296,50.0,54.52800000000003,60.91297356029352,24.0
-1,-107.28759206165024,17.613676287037023,40.0,42.43200000000001,64.85559206165023,21.0
-1,-117.84710332190062,16.668164893518483,44.0,52.51200000000002,65.3351033219006,22.0
-1,-87.40367822416734,18.711778495370325,42.0,45.50400000000001,41.899678224167324,22.0
-1,-127.16485134178548,24.907251245370247,59.0,77.76000000000005,49.40485134178543,21.0
-1,-100.7972198059615,14.955984574074058,36.0,47.328,53.4692198059615,23.0
-1,-98.23715955665809,16.034683124999983,38.0,42.528000000000006,55.70915955665806,23.0
-1,-95.43891216516018,19.73298466203703,43.0,42.91200000000001,52.52691216516016,19.0
-1,-99.56320936450302,17.145231555555515,40.0,47.04000000000001,52.523209364503,23.0
-1,-111.94677649628684,16.77005600462962,40.0,49.44000000000001,62.506776496286825,23.0
-1,-100.2127763729595,15.922502083333336,45.0,48.576000000000015,51.63677637295948,22.0
-1,-97.7786513158575,14.33362236111109,36.0,49.728000000000016,48.05065131585748,21.0
-1,-115.6784710783448,12.528860842592584,48.0,57.88800000000003,57.79047107834477,28.0
-1,-160.56172695060548,21.403270652777728,77.0,100.32000000000006,60.24172695060541,23.0
-1,-117.33736014471243,17.26166514351848,60.0,71.52000000000002,45.81736014471242,20.0
-1,-104.3492716541262,14.50949895833331,55.0,68.16000000000001,36.1892716541262,17.0
-1,-103.83445488511036,15.35122293055554,43.0,52.80000000000002,51.03445488511032,22.0
-1,-116.80289302290828,16.819175120370332,46.0,64.12800000000003,52.67489302290824,20.0
-1,-104.10036037604624,24.130489226851783,58.0,58.84800000000003,45.252360376046205,18.0
-1,-97.51162786503323,13.678165287037023,38.0,43.96800000000001,53.543627865033216,24.0
-1,-97.49678806635995,14.268261856481471,45.0,52.12800000000002,45.36878806635994,20.0
-1,-105.0518294392042,13.965067740740752,39.0,49.728000000000016,55.32382943920419,23.0
-1,-124.63565934148974,17.65374383796292,51.0,67.77600000000002,56.85965934148971,23.0
-1,-96.23309303175112,21.42370434259256,42.0,47.32800000000002,48.905093031751086,18.0
-1,-210.4417252961278,22.650846944444364,90.0,137.6640000000001,72.77772529612771,22.0
-1,-96.95185135178828,15.384587013888906,37.0,44.35200000000001,52.59985135178829,23.0
-1,-190.31059065520736,23.91150044444433,80.0,121.44000000000008,68.8705906552073,22.0
-1,-110.84987528029885,25.70960712499996,54.0,55.96800000000002,54.881875280298814,16.0
-1,-82.79446085850589,18.043778287037025,43.0,47.90400000000002,34.89046085850587,20.0
-1,-127.50081344463923,25.95730006018508,77.0,96.48000000000005,31.02081344463921,14.0
-1,-62.46906456940207,17.051088231481437,40.0,38.88000000000001,23.58906456940205,12.0
-1,-90.9120136644521,18.85326244907402,46.0,49.152000000000015,41.76001366445208,20.0
-1,-128.7307187870152,16.479409226851818,51.0,63.74400000000003,64.98671878701518,22.0
-1,-136.03321390591174,23.07333306018516,60.0,74.97600000000004,61.05721390591169,21.0
-1,-94.3402284860829,22.89090250925925,49.0,50.016000000000005,44.32422848608291,17.0
-1,-166.74232034973878,14.260966148148157,69.0,90.81600000000006,75.92632034973872,27.0
-1,-91.59390896714314,16.342400291666653,44.0,54.048000000000016,37.54590896714311,21.0
-1,-102.45194236288816,13.501855907407409,38.0,48.67200000000001,53.779942362888136,22.0
-1,-94.3500271997012,17.642693166666618,39.0,46.75200000000001,47.59802719970118,22.0
-1,-110.37616843299992,16.166194990740742,47.0,52.12800000000002,58.248168432999904,20.0
-1,-206.51200694369453,18.168474662036942,96.0,151.1040000000001,55.40800694369442,20.0
-1,-119.94118185579563,17.952863611111084,54.0,58.27200000000003,61.6691818557956,22.0
-1,-94.36034919861932,10.271189115740746,30.0,40.80000000000001,53.560349198619306,22.0
-1,-113.05680706928484,18.97866148611105,50.0,58.75200000000002,54.30480706928482,20.0
-1,-104.6886422195518,14.533419157407389,43.0,57.60000000000002,47.08864221955178,22.0
-1,-65.0212869629064,18.867067638888887,42.0,42.62400000000002,22.39728696290638,15.0
-1,-106.8488273109574,17.50569658333326,56.0,70.27200000000003,36.57682731095737,19.0
-1,-79.92039964939946,17.716310912037027,34.0,35.80800000000001,44.11239964939946,21.0
-1,-118.71935549931852,18.28185321296294,45.0,57.888000000000034,60.83135549931848,19.0
-1,-71.6809704889398,10.82831926851851,35.0,38.01600000000001,33.66497048893979,21.0
-1,-117.5118111786902,28.350076967592532,71.0,82.46400000000004,35.04781117869016,14.0
-1,-90.1558102326799,15.0642389675926,35.0,43.00800000000001,47.14781023267988,22.0
-1,-107.6097890884756,15.696196467592577,50.0,58.36800000000003,49.24178908847556,22.0
-1,-102.68881269672988,13.724869814814802,39.0,54.33600000000002,48.35281269672985,23.0
-1,-114.23546908652442,24.99726487499996,61.0,70.17600000000003,44.05946908652439,16.0
-1,-146.36105602317969,20.97564416666661,66.0,85.72800000000004,60.633056023179655,21.0
-1,-110.65264020813105,18.76442155555553,53.0,62.208000000000034,48.44464020813101,21.0
-1,-120.30067467666647,17.001580314814763,53.0,65.37600000000002,54.924674676666456,21.0
-1,-109.65801363789308,22.131194703703628,52.0,70.94400000000003,38.714013637893046,20.0
-1,-100.45891328094264,13.451289097222231,40.0,48.000000000000014,52.45891328094263,22.0
-1,-123.41542325521866,15.421783953703704,53.0,73.82400000000003,49.59142325521863,22.0
-1,-99.39003620942188,18.90149480555554,44.0,43.488000000000014,55.902036209421865,20.0
-1,-157.11538463902815,18.68155835185177,70.0,89.76000000000005,67.35538463902812,24.0
-1,-99.89761885786908,15.77227523148146,51.0,56.92800000000002,42.969618857869065,22.0
-1,-91.48712433988676,16.798206958333328,55.0,58.176,33.311124339886746,20.0
-1,-134.13570744853337,17.45633662499995,56.0,79.96800000000005,54.16770744853332,23.0
-1,-113.1603747011544,19.09906589814809,54.0,61.24800000000003,51.91237470115437,20.0
-1,-98.89879021241136,19.293352708333284,43.0,53.18400000000002,45.714790212411344,23.0
-1,-160.69403946788975,17.42794270370366,69.0,110.40000000000006,50.2940394678897,22.0
-1,-75.06915666329195,10.98449038888889,34.0,48.48000000000002,26.589156663291924,17.0
-1,-103.68400365961394,16.252912124999984,50.0,58.36800000000002,45.31600365961391,22.0
-1,-108.27913239870723,14.353924481481476,56.0,58.46400000000002,49.81513239870722,25.0
-1,-113.719123681791,23.085484407407357,57.0,60.864000000000026,52.85512368179097,21.0
-1,-110.4799133660928,16.89984332407405,49.0,51.26400000000002,59.21591336609277,23.0
-1,-104.70331949565818,12.013385069444448,45.0,46.46400000000001,58.239319495658165,28.0
-1,-104.60177704026624,19.12375106018514,48.0,64.12800000000001,40.47377704026622,21.0
-1,-124.81073312139232,19.94999825462957,57.0,60.480000000000025,64.3307331213923,21.0
-1,-128.57869302415205,16.521689259259233,56.0,75.55200000000004,53.02669302415201,21.0
-1,-139.0680522553551,19.67615472222217,64.0,70.27200000000005,68.79605225535506,22.0
-1,-106.78979135253942,16.25257933796295,44.0,53.568000000000026,53.221791352539405,26.0
-1,-83.69744883474002,17.166774851851848,45.0,44.25600000000001,39.44144883474001,20.0
-1,-90.16364469507523,12.391925578703711,40.0,45.216000000000015,44.94764469507524,23.0
-1,-93.69577377121776,11.899329708333315,38.0,48.960000000000015,44.73577377121775,24.0
-1,-112.88015898477026,12.565559930555551,38.0,52.704000000000015,60.17615898477025,24.0
-1,-153.09222164597722,16.440027041666603,56.0,81.02400000000004,72.06822164597718,24.0
-1,-128.38976704067284,24.653982671296237,59.0,74.68800000000003,53.70176704067282,18.0
-1,-104.20350202550073,18.505540601851774,60.0,66.144,38.05950202550071,19.0
-1,-112.73479714207464,15.764955384259242,42.0,47.90400000000001,64.83079714207462,25.0
-1,-141.15251220840824,21.29886616666656,61.0,80.25600000000004,60.89651220840821,23.0
-1,-127.64398040205928,17.51230268055551,52.0,60.96000000000003,66.68398040205925,25.0
-1,-105.58775833376517,13.482666101851844,36.0,44.832000000000015,60.75575833376513,24.0
-1,-70.23725635405194,10.53309166666666,36.0,40.03200000000001,30.20525635405192,20.0
-1,-84.67822394363992,13.216522106481492,34.0,44.54400000000002,40.134223943639896,22.0
-1,-126.3429408608203,16.761583930555513,51.0,60.864000000000026,65.47894086082027,23.0
-1,-104.940157586501,23.603392120370323,55.0,58.27200000000003,46.66815758650096,19.0
-1,-89.10786334066806,18.93281111111109,48.0,51.93600000000002,37.17186334066804,19.0
-1,-132.1426533484705,18.04453878703695,56.0,69.79200000000003,62.35065334847049,25.0
-1,-76.43558503738045,16.479073287037036,34.0,33.696,42.73958503738045,16.0
-1,-108.90716213857095,17.019876212962952,42.0,50.112000000000016,58.79516213857095,22.0
-1,-118.2531245969594,22.58921517129621,56.0,65.18400000000003,53.06912459695938,20.0
-1,-129.84485321260624,14.315882541666657,53.0,73.05600000000004,56.78885321260619,23.0
-1,-96.60842246799704,17.129878314814796,41.0,47.13600000000002,49.47242246799702,24.0
-1,-103.331829215139,22.12614662499998,49.0,50.30400000000001,53.02782921513899,21.0
-1,-84.58088145042251,14.143665939814824,34.0,43.104000000000006,41.476881450422496,20.0
-1,-75.00575653589374,16.134304902777778,35.0,35.712,39.29375653589374,20.0
-1,-80.72351363626112,22.23218533796292,45.0,46.17600000000001,34.5475136362611,17.0
-1,-105.54853970026468,18.22774231944441,44.0,52.99200000000002,52.55653970026467,20.0
-1,-92.60539740594328,19.59034856481478,47.0,57.79200000000002,34.813397405943256,17.0
-1,-107.05882768427756,18.166292930555528,48.0,58.56000000000002,48.49882768427752,21.0
-1,-100.50411840724544,22.06929376388884,48.0,50.59200000000002,49.912118407245416,19.0
-1,-121.87038418376972,15.082065537037034,44.0,50.68800000000002,71.1823841837697,25.0
-1,-107.85647047494705,18.99875743055552,54.0,49.72800000000001,58.12847047494704,24.0
-1,-78.9772428554126,11.712910884259282,38.0,40.22400000000001,38.75324285541259,20.0
-1,-94.67945026859871,21.63086403703697,56.0,49.92000000000002,44.7594502685987,18.0
-1,-98.6897976585028,19.27319389351852,51.0,61.152000000000015,37.53779765850279,20.0
-1,-106.8948921052741,20.342801064814783,45.0,54.04800000000002,52.84689210527408,20.0
-1,-67.39136215713594,11.922825569444433,31.0,37.728,29.66336215713594,19.0
-1,-114.18634470792368,16.64962949537037,52.0,53.56800000000002,60.61834470792365,22.0
-1,-107.96984860905084,13.960775374999992,44.0,56.064000000000014,51.905848609050814,20.0
-1,-102.3907101219392,24.63523048611104,49.0,53.95200000000003,48.43871012193917,17.0
-1,-84.67535369882941,22.507220064814764,48.0,48.86400000000002,35.8113536988294,14.0
-1,-97.14594667990109,22.7811700231481,54.0,54.81600000000002,42.32994667990104,19.0
-1,-124.11433955891584,15.637507620370355,43.0,53.95200000000001,70.16233955891583,25.0
-1,-82.97055677754969,14.099792805555552,39.0,53.280000000000015,29.69055677754967,14.0
-1,-98.07837856930706,17.486590435185143,47.0,53.088000000000015,44.990378569307055,18.0
-1,-107.5908103218151,21.752593129629588,54.0,60.480000000000025,47.11081032181508,20.0
-1,-113.81839365077283,11.524131648148131,45.0,60.67200000000003,53.1463936507728,24.0
-1,-95.4227961702176,24.33512261111108,51.0,53.56800000000002,41.85479617021759,18.0
-1,-87.00770760708436,19.910520523148104,49.0,49.15200000000002,37.855707607084334,18.0
-1,-121.57276631772186,20.38474655555553,56.0,62.016000000000034,59.55676631772182,21.0
-1,-127.7356515999806,17.577044671296257,50.0,60.57600000000002,67.15965159998056,24.0
-1,-104.21984539542372,16.627418157407394,40.0,52.22400000000002,51.9958453954237,23.0
-1,-95.30655797474044,17.233980666666675,45.0,47.424000000000014,47.882557974740415,23.0
-1,-95.19574635671152,13.80163762037038,42.0,48.86400000000001,46.3317463567115,22.0
-1,-99.3913256953418,20.26945481944438,48.0,51.74400000000002,47.64732569534178,20.0
-1,-82.45147303533457,19.708478949074035,44.0,49.82400000000002,32.627473035334546,16.0
-1,-82.0640869632253,15.575237101851858,39.0,40.22400000000001,41.84008696322528,22.0
-1,-143.6209625319556,19.243604023148105,58.0,83.04000000000003,60.58096253195557,23.0
-1,-100.01901773394168,15.049228222222208,44.0,57.408000000000015,42.61101773394165,21.0
-1,-136.01550582126487,13.421434208333324,50.0,67.20000000000003,68.81550582126482,26.0
-1,-114.9756077514657,16.767207861111068,43.0,60.288000000000025,54.68760775146568,21.0
-1,-99.13740400134066,17.4031555185185,41.0,45.600000000000016,53.53740400134063,21.0
-1,-89.82130130971723,19.1151745694444,50.0,50.01600000000002,39.80530130971721,20.0
-1,-163.96859155289917,15.019425833333312,59.0,94.65600000000003,69.31259155289911,25.0
-1,-100.87056762415844,19.624611162037,53.0,44.73600000000002,56.13456762415844,24.0
-1,-103.20603480661649,21.60872384722216,44.0,55.10400000000002,48.10203480661646,18.0
-1,-107.0303000773754,17.259139986111055,48.0,59.52000000000002,47.51030007737537,20.0
-1,-130.43456191396322,15.2649334074074,45.0,65.95200000000003,64.4825619139632,22.0
-1,-86.73948572993132,13.787074342592591,32.0,36.768,49.97148572993132,23.0
-1,-96.26276851584916,14.63821299999997,41.0,46.944,49.31876851584916,24.0
-1,-79.89919682108612,13.39099308796296,35.0,44.06400000000001,35.83519682108611,18.0
-1,-100.42106808143345,16.759924365740716,41.0,53.088000000000015,47.33306808143343,23.0
-1,-102.20916998482495,14.022027930555538,45.0,56.25600000000003,45.95316998482495,22.0
-1,-105.89593444082168,16.321712759259235,41.0,45.21600000000001,60.67993444082168,22.0
-1,-135.64326521398368,18.26766149537032,51.0,68.44800000000004,67.19526521398366,22.0
-1,-87.30475343549182,13.948467513888888,34.0,40.12800000000001,47.17675343549181,19.0
-1,-137.15283520772655,20.80651833796289,57.0,77.37600000000005,59.77683520772651,21.0
-1,-97.7803577420429,20.32158249074068,45.0,54.14400000000002,43.63635774204288,19.0
-1,-150.19066646530737,27.79915648611104,81.0,104.73600000000006,45.45466646530732,15.0
-1,-149.07492858622328,17.251251162037004,60.0,79.77600000000004,69.29892858622325,25.0
-1,-100.11841531385888,12.532595467592593,44.0,52.89600000000002,47.22241531385887,21.0
-1,-94.42647877241444,20.869532995370317,45.0,55.29600000000002,39.13047877241441,16.0
-1,-92.57363177349848,13.474033180555558,47.0,57.40800000000002,35.16563177349845,19.0
-1,-135.37917037303924,24.34990994907397,60.0,80.64000000000004,54.739170373039215,20.0
-1,-111.00609764856964,14.230531384259256,34.0,43.968,67.03809764856963,24.0
-1,-106.33960360665311,15.217721120370356,38.0,42.432,63.907603606653126,25.0
-1,-140.7157089391456,14.478491726851834,53.0,76.12800000000004,64.58770893914557,24.0
-1,-108.11834447283964,15.221909629629645,45.0,52.608000000000025,55.510344472839634,21.0
-1,-99.40258628151584,12.42935849074071,42.0,56.54400000000002,42.85858628151584,24.0
-1,-81.93506233138797,14.042997986111107,40.0,49.34400000000002,32.591062331387946,19.0
-1,-90.90521823056471,9.729794754629632,39.0,46.75200000000002,44.15321823056471,26.0
-1,-104.70878742254985,19.920104277777728,46.0,49.34400000000002,55.36478742254981,23.0
-1,-87.85701268594603,20.116063490740757,43.0,49.152000000000015,38.705012685946016,18.0
-1,-86.53473026883438,14.801068004629633,50.0,55.00800000000002,31.52673026883436,18.0
-1,-92.56272908619276,15.236500726851848,44.0,48.86400000000001,43.69872908619277,20.0
-1,-111.3097934558219,22.76355041203697,61.0,67.77600000000004,43.533793455821865,18.0
-1,-78.69155945919918,18.38832596296293,44.0,42.432000000000016,36.25955945919917,19.0
-1,-130.25557777945076,15.231573615740722,55.0,81.50400000000003,48.75157777945073,21.0
-1,-103.09008269125913,17.855110527777764,42.0,45.31200000000001,57.7780826912591,21.0
-1,-133.9300242733221,19.827043847222164,47.0,61.92000000000002,72.01002427332206,22.0
-1,-92.24559020095278,16.15770541203703,39.0,49.34400000000002,42.901590200952754,19.0
-1,-115.16499166516776,13.29391360648148,41.0,52.800000000000026,62.36499166516772,25.0
-1,-90.83263160570796,18.76036089351849,43.0,40.80000000000001,50.03263160570797,21.0
-1,-111.5525423201716,20.566649249999934,57.0,67.39200000000004,44.16054232017157,19.0
-1,-108.77959850639328,14.779179787037029,42.0,53.56800000000001,55.21159850639327,24.0
-1,-117.62946474481345,15.264410240740698,47.0,62.40000000000003,55.22946474481342,24.0
-1,-102.04556182780414,21.150223134259164,48.0,55.10400000000002,46.94156182780412,17.0
-1,-124.45352049909364,21.20878259722221,60.0,69.69600000000003,54.75752049909361,18.0
-1,-128.4511356150158,18.911437731481435,60.0,72.86400000000003,55.58713561501576,22.0
-1,-113.61028218289668,14.712671106481451,56.0,74.40000000000003,39.21028218289664,20.0
-1,-99.0860665270904,18.267013138888863,38.0,50.97600000000002,48.11006652709038,20.0
-1,-85.30780278497386,15.400351930555544,41.0,46.94400000000002,38.36380278497384,22.0
-1,-109.94013738306076,22.12570539351845,59.0,68.35200000000003,41.58813738306075,18.0
-1,-102.24891195964346,16.672680592592577,47.0,56.736000000000026,45.51291195964343,22.0
-1,-117.27184799202766,13.254078097222214,43.0,58.08000000000003,59.19184799202763,25.0
-1,-106.05593777855164,10.741979129629632,39.0,54.52800000000003,51.52793777855163,20.0
-1,-96.66088403941497,13.05198819444446,37.0,44.73600000000001,51.92488403941495,24.0
-1,-134.8444095073202,18.978519958333266,62.0,81.31200000000004,53.53240950732015,21.0
-1,-91.07480285909725,22.232942166666625,51.0,51.360000000000014,39.71480285909723,17.0
-1,-110.43622201147024,14.32862240277776,47.0,61.15200000000003,49.284222011470206,25.0
-1,-124.61220531207832,14.130479374999997,53.0,69.31200000000003,55.30020531207829,24.0
-1,-134.0550436545041,16.088603814814793,50.0,63.74400000000003,70.31104365450406,25.0
-1,-88.50390489107136,14.618875180555538,40.0,47.90400000000002,40.59990489107133,20.0
-1,-144.2274895563291,20.490623587962865,58.0,89.47200000000005,54.75548955632903,21.0
-1,-112.09171387485408,17.092445430555518,49.0,63.16800000000002,48.92371387485406,23.0
-1,-106.06311119496269,18.93533223611106,48.0,56.736000000000026,49.32711119496266,24.0
-1,-101.352727519919,14.206026953703702,40.0,45.792000000000016,55.56072751991898,23.0
-1,-85.12579794604522,19.531331337962914,41.0,42.81600000000001,42.30979794604522,20.0
-1,-94.58307881217314,14.490808074074106,46.0,49.44000000000002,45.14307881217313,20.0
-1,-110.67610642085704,17.599183685185135,55.0,54.72000000000001,55.95610642085703,23.0
-1,-76.93450850510592,14.59320174999999,40.0,36.86400000000001,40.07050850510591,18.0
-1,-102.4037093274163,16.762848847222177,47.0,53.08800000000002,49.31570932741627,25.0
-1,-97.60186436417176,16.701428555555527,49.0,63.64800000000003,33.95386436417174,16.0
-1,-95.05020286031564,9.80059558333333,28.0,38.208000000000006,56.84220286031562,26.0
-1,-94.79194120472609,18.89146732870369,53.0,52.512000000000015,42.27994120472606,18.0
-1,-78.21553018840905,13.535812722222223,39.0,45.216000000000015,32.999530188409025,17.0
-1,-95.27422776793392,17.387676018518494,47.0,51.840000000000025,43.43422776793391,23.0
-1,-95.66060284428173,21.39321939351849,50.0,52.03200000000002,43.62860284428171,18.0
-1,-110.91586993122294,19.182486231481427,53.0,63.16800000000003,47.74786993122291,19.0
-1,-146.9168378720937,16.050252185185172,64.0,85.24800000000003,61.66883787209369,23.0
-1,-102.10285563768868,17.27535678703701,46.0,59.80800000000002,42.29485563768867,22.0
-1,-71.84426582194742,18.72996888425925,37.0,37.15200000000001,34.69226582194741,17.0
-1,-113.41622193663,16.773772611111088,51.0,61.72800000000003,51.68822193662996,22.0
-1,-98.41628646120525,12.701340717592585,36.0,44.064000000000014,54.352286461205225,22.0
-1,-94.1774415652744,16.90570524999997,43.0,58.56000000000002,35.617441565274376,18.0
-1,-109.8418735486538,22.733692324074028,51.0,58.17600000000002,51.66587354865379,18.0
-1,-116.47833266264011,20.96235081018515,52.0,62.68800000000003,53.79033266264008,19.0
-1,-104.72369490466676,13.028726638888902,44.0,54.14400000000003,50.57969490466674,24.0
-1,-92.2256496915944,13.550416754629616,34.0,39.84000000000001,52.38564969159441,24.0
-1,-75.76438104182387,11.188164212962963,40.0,37.72800000000001,38.03638104182386,20.0
-1,-116.9422833239072,15.846868083333332,46.0,50.59200000000002,66.35028332390718,24.0
-1,-78.8537232154475,15.207893569444469,35.0,36.288,42.56572321544749,16.0
-1,-82.04134350590367,19.63361347685183,44.0,51.74400000000002,30.297343505903648,16.0
-1,-96.22462219529166,18.377722583333323,38.0,47.13600000000001,49.08862219529165,19.0
-1,-119.59963896812324,15.092290458333308,57.0,68.83200000000004,50.7676389681232,26.0
-1,-105.58621535526284,19.879234837962937,47.0,55.20000000000002,50.38621535526283,20.0
-1,-116.6046292442986,17.16494504166662,53.0,67.29600000000003,49.30862924429856,23.0
-1,-102.51440128933292,16.59068025925924,48.0,57.02400000000002,45.49040128933288,19.0
-1,-95.46140903653068,14.878452259259277,36.0,38.49600000000001,56.96540903653068,20.0
-1,-78.6633473351756,16.624449328703687,41.0,49.82400000000002,28.839347335175574,15.0
-1,-101.08322960997808,17.42661410185186,46.0,54.24000000000001,46.84322960997807,20.0
-1,-111.37818047244272,15.489597819444455,49.0,49.152000000000015,62.22618047244269,23.0
-1,-96.32135938737838,19.107222999999955,52.0,54.81600000000002,41.50535938737837,18.0
-1,-68.20009264748896,15.626855726851836,33.0,40.60800000000001,27.592092647488943,15.0
-1,-151.85134237643882,16.08618338425924,70.0,92.54400000000004,59.30734237643876,23.0
-1,-149.2045099439635,21.1259296712962,69.0,83.52000000000004,65.68450994396348,22.0
-1,-104.42820760538687,16.511732472222203,41.0,47.04000000000001,57.38820760538686,21.0
-1,-89.15825567534932,13.434650861111106,39.0,42.432000000000016,46.72625567534931,23.0
-1,-135.99255766469489,16.80726965740739,52.0,64.41600000000003,71.57655766469486,24.0
-1,-148.96203802007204,15.737508837962942,68.0,94.36800000000004,54.59403802007198,24.0
-1,-114.300723368769,14.776880078703693,47.0,59.52000000000002,54.780723368769,25.0
-1,-114.38478396984472,16.975804194444404,49.0,60.76800000000003,53.61678396984469,24.0
-1,-80.64823650716832,14.323589592592583,42.0,48.000000000000014,32.6482365071683,19.0
-1,-106.4318537600779,15.455394606481471,50.0,51.64800000000002,54.78385376007788,22.0
-1,-337.3431897734729,22.773090898148045,155.0,262.84800000000007,74.49518977347279,21.0
-1,-107.11385986486832,13.634994666666648,37.0,49.15200000000001,57.96185986486832,23.0
-1,-115.6190796669063,20.16791644907406,61.0,67.20000000000003,48.41907966690627,22.0
-1,-90.3687795341448,14.249511967592603,38.0,42.81600000000002,47.55277953414478,20.0
-1,-109.74541983555456,17.0418926388889,41.0,50.01600000000001,59.729419835554566,21.0
-1,-127.81010478054014,17.119296856481455,45.0,58.65600000000002,69.15410478054012,22.0
-1,-179.67751044951703,20.587478124999933,81.0,114.72000000000008,64.95751044951696,24.0
-1,-76.75496552793278,13.316545134259256,31.0,39.84,36.91496552793278,19.0
-1,-78.08017814460334,13.41001582870369,39.0,41.85600000000001,36.22417814460333,23.0
-1,-81.47192618887752,17.055542157407405,41.0,44.544,36.92792618887752,19.0
-1,-137.23945529121028,18.68844601388884,53.0,77.76000000000003,59.47945529121024,19.0
-1,-87.649638801684,19.425592694444425,45.0,44.928,42.72163880168401,20.0
-1,-100.1388530102414,15.847042791666652,49.0,50.78400000000001,49.354853010241385,22.0
-1,-98.22566062354028,16.379897787037006,41.0,50.112000000000016,48.11366062354027,23.0
-1,-88.33797326477367,11.668945291666663,40.0,49.05600000000002,39.28197326477364,18.0
-1,-114.95166405186303,16.25773957870368,47.0,55.68000000000002,59.27166405186301,24.0
-1,-106.14685606582614,18.385152837962888,45.0,53.088000000000015,53.05885606582613,21.0
-1,-93.60252396083578,15.183874986111103,40.0,45.69599999999999,47.9065239608358,20.0
-1,-124.65768358836507,16.763690064814774,52.0,77.28000000000004,47.377683588365024,18.0
-1,-100.76899601243736,21.25131181481479,58.0,53.664,47.10499601243737,20.0
-1,-106.31866664159249,21.41727319907402,57.0,65.28000000000003,41.03866664159245,18.0
-1,-102.49769547087216,12.639050226851849,39.0,48.00000000000002,54.49769547087214,25.0
-1,-104.34891710328134,15.399997601851846,43.0,49.82400000000001,54.52491710328133,23.0
-1,-117.05153459846387,14.80462585185184,46.0,56.736000000000026,60.315534598463856,24.0
-1,-121.73401138920202,18.644649870370333,49.0,70.27200000000003,51.46201138920199,20.0
-1,-99.16699066882894,21.166220629629574,46.0,53.08800000000002,46.07899066882892,19.0
-1,-67.26302873198455,13.005283921296298,29.0,31.200000000000003,36.06302873198455,20.0
-1,-99.69237137117462,17.67073833796292,53.0,60.19200000000003,39.50037137117459,19.0
-1,-89.32474571912724,16.118165675925933,45.0,49.344000000000015,39.98074571912722,19.0
-1,-239.92633993943048,16.89972324074071,100.0,170.8800000000001,69.04633993943038,22.0
-1,-94.60471153536244,17.232949037037,40.0,42.62400000000001,51.98071153536243,21.0
-1,-85.52687366908546,13.296621277777763,38.0,47.04000000000001,38.48687366908544,20.0
-1,-102.82241990414154,15.03341306481481,44.0,54.33600000000002,48.48641990414152,22.0
-1,-100.41727172474492,12.319551620370364,40.0,47.13600000000001,53.28127172474491,26.0
-1,-106.09173670263178,17.87172956481478,49.0,53.47200000000002,52.61973670263176,22.0
-1,-83.53117950870174,13.561437050925925,35.0,46.56000000000001,36.97117950870174,20.0
-1,-103.9552329149497,14.940251587962956,43.0,52.03200000000002,51.923232914949686,23.0
-1,-99.64177426501996,18.546232930555533,42.0,49.152000000000015,50.48977426501993,20.0
-1,-90.8749319941017,20.092173347222165,43.0,44.832000000000015,46.04293199410168,17.0
-1,-98.47574805588252,13.24289220370368,35.0,53.664000000000016,44.81174805588252,22.0
-1,-98.44578095105967,16.724233782407396,39.0,47.040000000000006,51.40578095105968,19.0
-1,-106.20277210888258,15.071167634259254,45.0,54.14400000000003,52.058772108882565,23.0
-1,-137.4768454316124,14.437497731481471,48.0,69.21600000000002,68.26084543161237,26.0
-1,-105.52523498842471,17.16158627777772,52.0,60.38400000000002,45.14123498842471,25.0
-1,-130.05447965977618,15.24314171759258,45.0,58.36800000000003,71.68647965977615,25.0
-1,-118.60997039391845,12.901234314814792,40.0,58.27200000000002,60.337970393918425,25.0
-1,-164.83745904779693,19.054170236111048,74.0,103.00800000000004,61.82945904779688,21.0
-1,-80.88986608324409,15.430989328703724,36.0,40.99200000000001,39.89786608324408,19.0
-1,-146.93190497264663,20.649622513888797,66.0,92.83200000000004,54.09990497264658,19.0
-1,-103.64966489529064,13.357505189814814,41.0,52.51200000000002,51.13766489529062,21.0
-1,-103.07325438349942,17.575289347222196,40.0,46.75200000000002,56.3212543834994,21.0
-1,-98.91296292597816,18.20409076851847,39.0,49.82400000000002,49.08896292597813,19.0
-1,-85.04863936561425,14.273772254629616,43.0,48.86400000000001,36.18463936561424,19.0
-1,-115.6869362183084,19.146027652777768,50.0,58.84800000000003,56.83893621830838,19.0
-1,-110.99838706539536,21.19614869444439,60.0,64.70400000000004,46.29438706539531,18.0
-1,-84.94622595324685,14.96627631018518,42.0,46.84800000000001,38.09822595324684,20.0
-1,-90.24745875205326,19.422259439814788,49.0,42.62400000000002,47.62345875205325,21.0
-1,-84.89032994461093,15.076556611111103,35.0,39.07200000000001,45.81832994461092,21.0
-1,-147.5316081670328,21.992680532407352,74.0,104.64000000000009,42.89160816703272,19.0
-1,-90.8100413255892,13.711616125000011,37.0,48.09600000000002,42.71404132558919,23.0
-1,-91.1115902420734,19.213808990740706,43.0,45.79200000000001,45.319590242073374,22.0
-1,-88.06017865980363,14.518651199074062,37.0,41.95200000000001,46.10817865980361,20.0
-1,-156.22458542182153,11.4725826111111,59.0,86.68800000000005,69.53658542182147,28.0
-1,-103.17563082115394,17.814550675925876,50.0,59.52000000000002,43.65563082115392,21.0
-1,-93.2381541441497,12.313572666666682,38.0,37.92,55.3181541441497,24.0
-1,-104.0113667783321,15.405988564814797,43.0,50.49600000000002,53.51536677833208,24.0
-1,-120.02180713885976,25.936376777777667,60.0,65.85600000000002,54.16580713885976,20.0
-1,-86.61439825179296,10.556426689814826,33.0,38.688,47.92639825179297,23.0
-1,-113.14219579826288,19.110441874999943,46.0,57.504000000000026,55.63819579826286,24.0
-1,-105.7096518883216,16.180360731481453,50.0,58.080000000000034,47.62965188832156,23.0
-1,-83.99340107549288,13.24181263888888,39.0,41.37600000000001,42.61740107549287,23.0
-1,-91.86353434479378,18.17297772685181,44.0,55.20000000000002,36.66353434479376,18.0
-1,-91.4866761480288,18.122963444444416,41.0,52.320000000000014,39.16667614802879,19.0
-1,-98.06829091030858,20.215961467592543,44.0,50.20800000000002,47.86029091030855,21.0
-1,-127.59562752689834,21.648517615740666,54.0,66.52800000000003,61.06762752689831,19.0
-1,-103.88545888554488,14.567318486111096,48.0,54.91200000000003,48.97345888554485,25.0
-1,-99.00013492253692,20.226837685185185,46.0,48.768000000000015,50.23213492253692,19.0
-1,-84.20809843555627,17.2166739861111,40.0,49.82400000000002,34.38409843555625,18.0
-1,-79.93242533927494,17.782379268518522,38.0,37.344000000000015,42.58842533927493,20.0
-1,-103.21063373690504,15.650760249999994,54.0,49.63200000000002,53.57863373690503,23.0
-1,-96.14100610339533,14.010582287037025,44.0,50.49600000000002,45.64500610339528,26.0
-1,-104.99611712492046,14.812009574074064,43.0,52.12800000000002,52.86811712492044,23.0
-1,-115.1528195760781,16.636819087962934,47.0,54.81600000000002,60.336819576078085,19.0
-1,-102.85657783325944,17.808916018518502,45.0,51.45600000000002,51.40057783325943,23.0
-1,-108.35054491786474,16.475986398148112,55.0,60.76800000000003,47.58254491786471,22.0
-1,-83.87843869015708,23.57393546296291,49.0,53.28000000000002,30.598438690157064,16.0
-1,-101.45724232707116,17.530186037036984,52.0,65.85600000000004,35.601242327071134,19.0
-1,-102.52570096792306,21.870848648148076,50.0,56.92800000000002,45.597700967923046,20.0
-1,-111.09578084588163,14.22725605555556,42.0,54.432000000000016,56.663780845881625,24.0
-1,-93.54274906917983,24.160729009259256,65.0,54.62400000000002,38.91874906917983,16.0
-1,-100.25366915793558,17.989593393518483,49.0,61.92000000000003,38.33366915793554,20.0
-1,-77.97134665849626,11.294599949074067,39.0,50.11200000000001,27.85934665849625,17.0
-1,-99.47778492081312,16.599271999999996,38.0,47.808000000000014,51.66978492081309,22.0
-1,-98.337040352385,18.935343314814787,53.0,58.56000000000002,39.77704035238497,20.0
-1,-84.69226205325579,12.130550152777786,39.0,50.112000000000016,34.58026205325577,21.0
-1,-96.51445522666585,17.20959198148143,43.0,49.728000000000016,46.78645522666582,24.0
-1,-84.36492994230014,19.437439041666625,49.0,51.64800000000002,32.71692994230012,16.0
-1,-102.59855579977746,12.282632555555574,33.0,45.88800000000001,56.710555799777445,24.0
-1,-125.0661234728464,16.890021652777733,49.0,59.32800000000002,65.7381234728464,25.0
-1,-104.91453913470085,28.85067359259252,63.0,67.10400000000003,37.81053913470082,15.0
-1,-100.89260720128462,21.455145078703666,47.0,53.28000000000002,47.61260720128461,21.0
-1,-76.9315805236914,11.96442188425928,29.0,33.40800000000001,43.52358052369138,20.0
-1,-76.01741168521662,15.422695263888878,38.0,31.872,44.14541168521661,22.0
-1,-99.62975074476957,23.936098226851797,51.0,55.68000000000003,43.94975074476954,17.0
-1,-85.43211462021094,18.011734662037018,50.0,55.58400000000004,29.848114620210897,16.0
-1,-103.53190929146166,18.517647601851795,44.0,50.97600000000001,52.55590929146165,20.0
-1,-165.66500604352157,19.45041824999992,70.0,97.72800000000008,67.9370060435215,21.0
-1,-127.0616552076362,15.255213685185185,58.0,69.50400000000003,57.55765520763617,23.0
-1,-86.85750276836072,15.55942812037037,45.0,48.192000000000014,38.665502768360696,20.0
-1,-98.11148129303106,23.80944161574071,57.0,56.928000000000026,41.18348129303104,17.0
-1,-92.85808727373424,28.100067222222176,63.0,63.74400000000004,29.114087273734214,12.0
-1,-85.72321716302551,18.29842929629625,43.0,42.72,43.00321716302552,23.0
-1,-110.51601449473308,17.978551439814773,47.0,56.44800000000002,54.06801449473306,21.0
-1,-78.91923848647545,13.720038351851835,35.0,42.33600000000001,36.58323848647543,20.0
-1,-86.89027627561582,14.582631504629624,41.0,49.536,37.35427627561582,19.0
-1,-118.9503584105706,24.097520166666577,67.0,79.39200000000005,39.55835841057055,16.0
-1,-96.90720757706372,16.121304601851847,43.0,43.104000000000006,53.80320757706372,23.0
-1,-88.13070639998747,26.15040330092584,53.0,54.91200000000002,33.21870639998745,17.0
-1,-94.9693574386866,12.938885842592615,43.0,51.16800000000001,43.8013574386866,21.0
-1,-90.36512139544952,20.22270960185184,49.0,49.05600000000001,41.30912139544952,19.0
-1,-128.47417516427907,15.899305777777762,57.0,75.07200000000003,53.40217516427903,23.0
-1,-106.14622848808662,21.68575787962959,46.0,53.08800000000002,53.05822848808659,20.0
-1,-79.15310934661544,15.07678522685183,40.0,42.048,37.10510934661544,19.0
-1,-89.23794252676575,18.75485780555556,41.0,40.03200000000001,49.20594252676575,22.0
-1,-116.77811326166042,19.859255203703643,55.0,64.22400000000002,52.554113261660405,21.0
-1,-90.61298724903412,16.546550995370385,36.0,32.25600000000001,58.35698724903413,22.0
-1,-81.88306293960365,16.374391939814828,39.0,47.23200000000001,34.651062939603634,18.0
-1,-109.90591810263308,19.274567050925874,56.0,58.75200000000002,51.15391810263305,20.0
-1,-105.63671683174718,14.435360407407403,43.0,47.32800000000001,58.30871683174716,26.0
-1,-115.921287186766,18.53224158796288,49.0,60.096000000000025,55.82528718676596,24.0
-1,-89.31786589104249,13.497211083333315,36.0,41.76000000000001,47.55786589104248,20.0
-1,-83.0985160554133,12.404617236111113,42.0,44.448,38.6505160554133,22.0
-1,-93.0812783441925,13.987672657407408,38.0,40.8,52.2812783441925,21.0
-1,-89.51008032111079,18.2884196759259,42.0,46.65600000000001,42.85408032111079,20.0
-1,-132.12207647958985,17.10375153703699,54.0,71.61600000000003,60.50607647958984,23.0
-1,-101.22691499047812,17.180771620370336,41.0,44.928,56.29891499047812,21.0
-1,-102.49222126269746,10.893335342592597,33.0,43.48800000000001,59.00422126269744,25.0
-1,-103.94617307013992,21.88215869907403,58.0,57.21600000000002,46.7301730701399,18.0
-1,-109.20075781834436,20.1099591203703,53.0,65.37600000000003,43.82475781834432,21.0
-1,-93.27386922671894,17.735580351851862,43.0,45.50400000000001,47.76986922671893,22.0
-1,-110.63215980901172,16.84322885185181,43.0,51.16800000000001,59.4641598090117,21.0
-1,-71.76294770302428,12.113446305555556,35.0,41.184000000000005,30.578947703024284,18.0
-1,-112.86334782411288,16.99631766666662,50.0,61.53600000000003,51.32734782411286,23.0
-1,-96.38758682791902,19.843867870370328,48.0,46.56000000000001,49.82758682791901,23.0
-1,-100.4437787690742,16.040251564814785,53.0,54.52800000000002,45.91577876907419,23.0
-1,-95.4534934489405,18.67102347222218,51.0,57.79200000000003,37.66149344894048,19.0
-1,-93.52193258621963,15.329357499999984,49.0,48.86400000000001,44.657932586219616,22.0
-1,-85.79102669124342,22.199126226851803,52.0,49.152000000000015,36.63902669124341,20.0
-1,-119.1198878044334,19.71708352314809,58.0,77.95200000000004,41.16788780443335,19.0
-1,-106.83193128752714,21.5621098518518,56.0,64.12800000000003,42.70393128752711,17.0
-1,-95.89731393433593,19.2311146481481,54.0,63.16800000000001,32.729313934335906,17.0
-1,-107.97587145493038,17.95801947222218,48.0,53.95200000000003,54.02387145493036,22.0
-1,-135.08296167672347,22.076485740740647,68.0,87.36000000000004,47.72296167672342,20.0
-1,-116.75804945867006,19.219456361111035,62.0,69.98400000000004,46.77404945867003,23.0
-1,-86.5318419486598,16.872566319444438,37.0,43.968,42.56384194865981,22.0
-1,-97.8984049137115,13.8663417361111,42.0,53.76000000000001,44.13840491371149,22.0
-1,-98.36563503958368,15.53828710185186,39.0,47.61600000000002,50.74963503958366,20.0
-1,-108.36000588687114,23.12646072685179,60.0,70.84800000000004,37.51200588687109,19.0
-1,-99.18425003396412,12.873221398148155,40.0,47.13600000000001,52.04825003396411,24.0
-1,-88.22142031305647,16.028436208333304,46.0,56.352000000000025,31.869420313056448,18.0
-1,-95.56982974399509,19.67555657870365,56.0,59.52000000000002,36.049829743995055,18.0
-1,-119.01382313191948,11.57972468518518,48.0,60.096000000000025,58.91782313191946,27.0
-1,-97.12661569481156,21.32577548148141,44.0,51.26400000000001,45.86261569481155,19.0
-1,-97.5914906228823,19.23447076388885,56.0,59.71200000000003,37.87949062288228,20.0
-1,-89.45153114832647,16.38450437962961,46.0,41.76000000000002,47.69153114832644,22.0
-1,-125.61658515365028,18.576307949073996,54.0,70.08000000000003,55.53658515365025,23.0
-1,-118.40870469885628,21.886227999999917,66.0,73.53600000000003,44.87270469885623,21.0
-1,-99.39010333579672,15.418413004629612,36.0,45.88800000000001,53.50210333579669,24.0
-1,-125.8731559871635,21.7934830092592,57.0,66.04800000000002,59.82515598716349,20.0
-1,-97.10652284529073,16.948553078703686,47.0,50.304000000000016,46.80252284529071,23.0
-1,-91.76134812543322,11.954802592592593,38.0,41.664,50.097348125433214,24.0
-1,-95.06870276841366,16.187126101851845,43.0,55.872000000000014,39.19670276841365,20.0
-1,-332.5629206915752,19.913262421296217,146.0,255.4560000000002,77.106920691575,25.0
-1,-95.55062692961567,14.52818960648149,42.0,55.96800000000002,39.58262692961565,20.0
-1,-101.00553814541006,17.986967208333322,49.0,58.56000000000002,42.44553814541003,18.0
-1,-91.67628266765983,17.079693861111082,43.0,52.128000000000014,39.54828266765984,22.0
-1,-112.22051553227632,17.715922652777746,50.0,60.288000000000025,51.93251553227629,22.0
-1,-108.77268935608215,15.688617041666657,54.0,63.26400000000002,45.50868935608216,22.0
-1,-67.91536350840326,5.114968870370371,29.0,34.848000000000006,33.06736350840326,24.0
-1,-98.53435615185116,19.74677578703699,49.0,53.08800000000002,45.446356151851134,20.0
-1,-107.90360787228728,19.56655024999993,54.0,53.280000000000015,54.62360787228727,25.0
-1,-96.0248151614004,18.77650591666664,48.0,54.81600000000002,41.20881516140038,17.0
-1,-103.73678368826808,14.033072384259244,50.0,52.22400000000002,51.51278368826805,24.0
-1,-128.6312865706721,17.325790259259254,57.0,60.00000000000003,68.63128657067207,22.0
-1,-80.20717114207596,17.010241555555567,50.0,48.96,31.24717114207596,17.0
-1,-104.68033890929776,17.50145453703699,51.0,64.32000000000002,40.36033890929776,21.0
-1,-119.17765890382478,20.877581134259177,55.0,70.56000000000003,48.61765890382474,20.0
-1,-81.77200939929202,17.937067495370375,39.0,40.32000000000001,41.45200939929202,20.0
-1,-93.63588820843336,19.6155744444444,51.0,55.00800000000002,38.62788820843334,20.0
-1,-85.33322561117544,20.967034300925903,49.0,49.05600000000002,36.27722561117541,18.0
-1,-88.31370486473982,13.995661652777784,36.0,42.336000000000006,45.97770486473981,20.0
-1,-113.2148047578482,17.264820976851823,46.0,56.92800000000002,56.286804757848174,22.0
-1,-83.53130194823291,13.747255777777765,40.0,48.09600000000002,35.43530194823289,19.0
-1,-94.77946662399556,19.578111874999955,48.0,46.36800000000001,48.411466623995565,20.0
-1,-90.25772722989495,16.8269372407407,47.0,55.776000000000025,34.48172722989494,19.0
-1,-88.10402064807249,18.48436913888884,44.0,48.384000000000015,39.72002064807247,19.0
-1,-86.4884717371472,23.719883601851823,54.0,58.84800000000003,27.640471737147163,14.0
-1,-79.5815517086742,10.715534310185207,34.0,39.168,40.413551708674206,21.0
-1,-103.32046288688775,14.496914921296298,41.0,45.69600000000001,57.62446288688775,22.0
-1,-103.76273970528968,20.09364705555552,52.0,63.648000000000025,40.11473970528965,21.0
-1,-107.6717436218708,13.302845273148153,44.0,51.07200000000002,56.59974362187077,26.0
-1,-101.73700984916567,17.46539879629625,45.0,59.04000000000003,42.69700984916565,17.0
-1,-92.49143031971244,14.6274257962963,44.0,54.81600000000002,37.67543031971241,21.0
-1,-91.35590798007551,15.033730249999984,42.0,48.000000000000014,43.3559079800755,24.0
-1,-80.12119528292851,22.525863527777783,46.0,49.05600000000002,31.065195282928496,18.0
-1,-82.25388134645375,16.77192156944444,44.0,42.72000000000001,39.53388134645374,20.0
-1,-107.1950217890664,16.650669175925902,50.0,55.77600000000003,51.41902178906637,24.0
-1,-116.2130320857382,14.970391374999991,45.0,58.65600000000003,57.557032085738165,22.0
-1,-113.51872563128052,20.287447736111083,46.0,56.544000000000025,56.974725631280506,20.0
-1,-104.27117978476076,18.19432064351849,45.0,51.45600000000002,52.81517978476074,21.0
-1,-89.51501827018133,15.854530277777773,42.0,48.67200000000002,40.84301827018131,22.0
-1,-116.05284524610232,12.936506921296296,47.0,60.864000000000026,55.18884524610228,22.0
-1,-91.80121287854644,19.43855351388883,50.0,53.088000000000015,38.71321287854643,19.0
-1,-83.35139084401376,16.290081,40.0,43.77600000000001,39.57539084401376,21.0
-1,-114.93984373422812,16.616934662037032,52.0,61.72800000000002,53.2118437342281,23.0
-1,-97.20189206396172,12.760513624999998,40.0,51.45600000000001,45.74589206396169,25.0
-1,-92.60316980393488,14.072840449074054,35.0,48.38400000000002,44.21916980393488,21.0
-1,-87.19845171647384,12.266508305555556,41.0,47.808000000000014,39.39045171647384,21.0
-1,-122.26026948924552,17.36715068981475,50.0,62.68800000000002,59.57226948924552,22.0
-1,-94.79053693739462,18.580687305555525,44.0,47.71200000000002,47.0785369373946,20.0
-1,-228.4042332890811,17.08305015277771,99.0,164.0640000000001,64.34023328908101,24.0
-1,-104.01294623249558,17.801671180555523,49.0,49.24800000000002,54.76494623249556,22.0
-1,-92.0316988824166,18.50416680092585,49.0,50.11200000000002,41.91969888241658,19.0
-1,-99.34668122230954,15.416956587962936,44.0,55.87200000000002,43.47468122230952,23.0
-1,-95.5101415073442,16.103995416666663,42.0,48.86400000000002,46.64614150734418,21.0
-1,-109.57262160133943,14.82300521296297,43.0,56.54400000000002,53.02862160133944,22.0
-1,-87.88724395743972,10.095083763888898,30.0,39.264,48.623243957439726,24.0
-1,-84.42765634278992,19.459333407407414,38.0,39.84,44.58765634278991,18.0
-1,-91.09190134899376,14.477426555555551,36.0,42.24000000000001,48.85190134899374,21.0
-1,-113.2776240020154,18.580101370370347,53.0,60.57600000000004,52.70162400201537,23.0
-1,-99.20242253819612,18.18209219907404,47.0,49.152000000000015,50.05042253819611,22.0
-1,-125.51476012709075,16.663254634259218,47.0,61.72800000000002,63.78676012709074,23.0
-1,-182.92433681153057,17.938565259259214,80.0,119.32800000000007,63.596336811530485,24.0
-1,-95.69243214746274,17.100605800925905,42.0,56.25600000000002,39.43643214746272,22.0
-1,-129.22944093159236,16.03314998611111,49.0,57.40800000000003,71.82144093159233,23.0
-1,-98.54813430294848,17.261511370370346,46.0,53.76000000000002,44.78813430294847,20.0
-1,-87.30207723280662,18.41513031944444,43.0,44.73600000000001,42.56607723280661,17.0
-1,-93.52273373912249,13.344324837962985,46.0,49.44000000000002,44.08273373912246,20.0
-1,-93.0235123247158,14.724899222222216,47.0,51.74400000000002,41.27951232471579,23.0
-1,-133.5225110675239,18.9750118842592,56.0,74.01600000000002,59.50651106752388,23.0
-1,-116.54688819938478,18.12340623611105,50.0,63.26400000000003,53.28288819938475,21.0
-1,-103.76704489186189,23.799591564814783,55.0,63.07200000000004,40.69504489186183,17.0
-1,-91.57550805070584,23.68770118055552,53.0,51.64800000000002,39.92750805070583,17.0
-1,-103.10572609374412,21.612993148148085,55.0,54.72000000000001,48.38572609374412,21.0
-1,-115.51205882615383,18.11984323611104,47.0,57.02400000000002,58.48805882615381,24.0
-1,-103.22013366723424,21.111470930555488,53.0,52.89600000000002,50.32413366723424,20.0
-1,-94.82962651958856,16.266998601851814,51.0,59.80800000000002,35.02162651958854,18.0
-1,-89.65958877503691,14.097707263888893,40.0,42.24000000000001,47.4195887750369,23.0
-1,-93.00688869847158,14.310815351851826,36.0,50.112000000000016,42.89488869847156,21.0
-1,-99.4546381253862,19.813205374999967,57.0,61.44000000000004,38.01463812538617,19.0
-1,-70.46967783535024,13.31239520833334,30.0,33.504,36.96567783535025,20.0
-1,-95.22308297549866,16.038884060185172,46.0,54.52800000000002,40.69508297549864,22.0
-1,-102.47674396224969,13.271898513888877,40.0,49.72800000000001,52.74874396224967,21.0
-1,-86.28518917998663,19.109708560185187,41.0,41.95200000000001,44.33318917998662,17.0
-1,-101.92561116528576,14.456597194444438,48.0,53.568000000000026,48.35761116528573,18.0
-1,-89.0346676748006,16.65654499537034,44.0,54.14400000000002,34.890667674800575,16.0
-1,-103.52751874750577,14.421412740740742,41.0,50.20800000000003,53.319518747505725,24.0
-1,-94.92073407109348,14.547129601851855,36.0,42.816,52.10473407109348,25.0
-1,-103.08787030490012,17.55555145833326,47.0,56.06400000000002,47.023870304900086,21.0
-1,-84.89846236600079,22.925451893518492,55.0,46.75200000000002,38.146462366000776,18.0
-1,-122.34342672977306,22.7402752268518,68.0,68.54400000000004,53.79942672977303,21.0
-1,-98.92775616705964,19.77638726851846,48.0,53.568000000000026,45.35975616705961,21.0
-1,-123.84100321700171,20.954528986111026,70.0,66.14400000000003,57.69700321700168,21.0
-1,-98.13095608147052,18.86672345833331,46.0,46.46400000000002,51.66695608147051,22.0
-1,-92.50086274241814,21.618945763888817,56.0,62.208000000000034,30.2928627424181,17.0
-1,-88.89004806814498,21.7672969861111,47.0,47.42400000000002,41.46604806814495,19.0
-1,-100.08694058187233,16.45037839351853,42.0,47.32800000000001,52.758940581872295,23.0
-1,-93.97409545610596,15.108216814814826,49.0,55.87200000000002,38.102095456105936,20.0
-1,-92.92652362441964,15.108440824074052,42.0,52.128000000000014,40.79852362441962,21.0
-1,-101.41318902901716,15.100000300925924,46.0,53.95200000000003,47.461189029017135,23.0
-1,-90.76550108362034,12.549118606481477,37.0,42.912000000000006,47.85350108362033,21.0
-1,-106.36391590112268,22.34081739351847,52.0,52.41600000000002,53.94791590112267,19.0
-1,-92.20354659194248,12.668925050925942,34.0,40.51200000000001,51.69154659194248,21.0
-1,-99.07067880103634,20.43528598611108,51.0,54.91200000000003,44.15867880103632,19.0
-1,-100.3606540219142,16.675065199074034,44.0,57.79200000000002,42.568654021914185,21.0
-1,-102.16274509773092,15.93783667592592,46.0,55.87200000000002,46.29074509773091,22.0
-1,-105.415813812201,16.499276939814788,49.0,57.40800000000003,48.007813812200965,24.0
-1,-92.77688815033392,15.86227112962963,47.0,47.32800000000001,45.44888815033392,24.0
-1,-111.48839666658604,17.805745421296272,51.0,56.544000000000025,54.944396666586,22.0
-1,-88.49940517063652,20.7394193564814,46.0,46.94400000000002,41.5554051706365,19.0
-1,-85.12240099793861,12.728139652777786,43.0,46.94400000000001,38.1784009979386,20.0
-1,-87.84479241451535,17.44705512962959,47.0,47.04000000000001,40.80479241451535,20.0
-1,-95.93874943486794,21.786382638888828,51.0,50.78400000000001,45.15474943486793,20.0
-1,-112.1155972299826,18.29636055092585,46.0,57.31200000000002,54.80359722998258,25.0
-1,-112.69297598885588,11.65453078240742,49.0,54.72000000000003,57.97297598885587,25.0
-1,-103.7683686053878,21.22231580555548,58.0,62.97600000000004,40.792368605387765,19.0
-1,-108.80399525278575,20.714608824074,51.0,68.73600000000003,40.067995252785735,21.0
-1,-86.16276720565827,16.72671270833333,49.0,53.952000000000005,32.210767205658264,16.0
-1,-136.27693498173932,21.58065350462961,74.0,78.91200000000005,57.36493498173927,19.0
-1,-76.8955454800407,13.32804944907408,39.0,46.75200000000002,30.14354548004068,18.0
-1,-85.5282516414536,19.92572062962963,49.0,45.88800000000001,39.64025164145358,21.0
-1,-85.65898969495838,15.401377689814815,38.0,47.04000000000001,38.618989694958366,21.0
-1,-104.97376343371828,14.77907715277778,46.0,56.64000000000003,48.33376343371826,22.0
-1,-88.71933374571864,17.770740874999973,47.0,49.72800000000002,38.99133374571861,22.0
-1,-98.4493653459848,21.713688240740662,49.0,57.02400000000002,41.42536534598478,18.0
-1,-82.44194912919829,10.295946212962974,31.0,34.176,48.26594912919829,24.0
-1,-103.24237282174016,15.648927944444432,48.0,51.840000000000025,51.40237282174012,23.0
-1,-112.70606949531268,14.344956277777763,36.0,45.216,67.49006949531267,25.0
-1,-85.05252414763814,18.20347336574074,51.0,53.28000000000001,31.772524147638137,19.0
-1,-90.17748777642188,14.953390643518516,35.0,33.696000000000005,56.481487776421865,24.0
-1,-121.0539206927179,15.901639277777765,51.0,76.60800000000003,44.44592069271786,21.0
-1,-80.74278751350079,13.80119876851852,32.0,31.488,49.25478751350078,24.0
-1,-94.6318540193882,19.11142923611108,46.0,56.064000000000014,38.56785401938821,19.0
-1,-83.83927950782382,18.544663074074062,47.0,47.80800000000002,36.03127950782379,18.0
-1,-80.50197494290387,16.833324462962963,44.0,50.01600000000002,30.485974942903844,18.0
-1,-88.36593971149014,15.035041939814816,44.0,49.34400000000002,39.02193971149011,21.0
-1,-97.89450904202448,17.256190472222215,44.0,44.640000000000015,53.25450904202447,23.0
-1,-101.81980456020696,13.367381467592576,46.0,49.152000000000015,52.66780456020695,25.0
-1,-99.02823078501144,17.906084504629586,54.0,55.68000000000003,43.3482307850114,20.0
-1,-91.81169770446157,20.858056310185173,46.0,46.65600000000001,45.15569770446153,18.0
-1,-102.57032058725176,13.669375347222225,47.0,53.66400000000002,48.90632058725174,22.0
-1,-143.61616515576955,17.894692824074024,60.0,83.71200000000005,59.9041651557695,23.0
-1,-81.74224933005323,11.296668898148129,38.0,50.40000000000002,31.342249330053207,22.0
-1,-121.42052593549366,23.7711481203703,62.0,73.82400000000003,47.59652593549364,19.0
-1,-122.72304821532065,20.84570106018512,55.0,62.88000000000003,59.84304821532061,22.0
-1,-84.58877143603237,19.311470208333297,45.0,46.848000000000006,37.74077143603236,21.0
-1,-90.62802478103433,14.312249347222217,41.0,47.328,43.30002478103431,21.0
-1,-86.07289801316588,24.296671444444407,49.0,47.424000000000014,38.64889801316588,16.0
-1,-84.20559191817354,19.725938879629563,47.0,54.43200000000002,29.77359191817352,17.0
-1,-79.11448381067807,16.821471166666647,40.0,39.64800000000001,39.466483810678056,18.0
-1,-80.3768210759008,16.889523759259227,38.0,44.25600000000001,36.12082107590079,20.0
-1,-75.75263350449119,10.980570037037038,40.0,48.000000000000014,27.75263350449117,19.0
-1,-83.5107852013836,15.8966946111111,39.0,44.064000000000014,39.446785201383584,22.0
-1,-94.4032551458926,16.045582578703687,35.0,45.50400000000001,48.899255145892575,21.0
-1,-98.37751246297336,17.01557548148148,43.0,49.152000000000015,49.22551246297333,22.0
-1,-94.20893249208056,22.9895106944444,45.0,51.16800000000002,43.04093249208053,18.0
-1,-114.4389048557694,21.067867217592536,57.0,71.42400000000002,43.014904855769394,18.0
-1,-83.2247821718019,13.920185652777771,37.0,47.424000000000014,35.8007821718019,22.0
-1,-96.22746686057224,19.329893606481438,47.0,51.64800000000002,44.57946686057223,18.0
-1,-89.45600685075499,18.611181444444423,45.0,52.512000000000015,36.944006850754974,21.0
-1,-88.39384865695106,21.007200194444383,48.0,47.32800000000001,41.06584865695105,18.0
-1,-93.29279174440586,12.217444027777772,40.0,47.32800000000001,45.96479174440586,21.0
-1,-85.1194090649028,15.969179194444434,47.0,52.896000000000015,32.22340906490278,20.0
-1,-97.0684510810092,12.576527171296297,35.0,51.360000000000014,45.70845108100917,23.0
-1,-102.31274902165146,18.933186888888887,47.0,47.808000000000014,54.50474902165144,22.0
-1,-109.5086781629509,18.44439920370363,45.0,60.09600000000003,49.41267816295088,24.0
-1,-80.67329058106395,12.012907791666676,41.0,52.70400000000001,27.969290581063948,18.0
-1,-87.97623337759686,14.964617819444436,36.0,41.088000000000015,46.88823337759685,22.0
-1,-62.29708747400832,17.071549374999993,40.0,41.280000000000015,21.0170874740083,12.0
-1,-87.39407719582366,16.233018287037016,46.0,47.424000000000014,39.97007719582365,21.0
-1,-84.93994176076993,13.378315351851857,36.0,43.48800000000001,41.45194176076991,21.0
-1,-93.53970584081053,18.03001292129628,44.0,51.45600000000002,42.08370584081051,19.0
-1,-88.07829357523721,23.11587193981472,45.0,48.28800000000002,39.79029357523719,20.0
-1,-132.24329532202478,12.417260893518526,53.0,69.02400000000003,63.21929532202474,24.0
-1,-83.45513911107577,23.66591342129625,54.0,54.432000000000016,29.023139111075757,16.0
-1,-82.49761149125938,16.723057254629605,48.0,55.68000000000002,26.817611491259356,14.0
-1,-85.14863310400722,19.4199671435185,48.0,44.54400000000002,40.604633104007206,18.0
-1,-105.32386695169733,14.702397027777778,38.0,49.05600000000001,56.26786695169731,22.0
-1,-102.60246601688502,24.426257648148084,60.0,67.20000000000003,35.40246601688499,14.0
-1,-91.72601456391423,15.46020815277776,47.0,57.98400000000002,33.74201456391423,20.0
-1,-93.87301196410336,18.74485591666663,55.0,62.59200000000003,31.28101196410335,17.0
-1,-98.43810864039524,19.997269046296225,46.0,46.75200000000002,51.68610864039521,24.0
-1,-81.88657996596402,22.64454554166664,49.0,47.04000000000001,34.846579965964,18.0
-1,-85.1079545081815,13.05808493518518,38.0,47.424000000000014,37.683954508181486,18.0
-1,-102.07804973694203,21.178062949074043,55.0,62.01600000000003,40.062049736942,17.0
-1,-99.5496854693146,14.56460925462962,49.0,55.48800000000002,44.06168546931458,21.0
-1,-91.04619745877469,16.309117703703713,43.0,57.98400000000003,33.06219745877466,16.0
-1,-188.8211137691199,20.095667740740648,86.0,121.92000000000009,66.9011137691198,22.0
-1,-145.88297678778835,16.90575291666662,59.0,84.57600000000004,61.30697678778832,20.0
-1,-107.79684240297811,20.883562703703653,54.0,61.92000000000003,45.87684240297809,18.0
-1,-100.22698333912756,18.723772236111103,57.0,62.208000000000034,38.01898333912754,18.0
-1,-86.32042053000818,22.16744658333331,51.0,42.62400000000001,43.69642053000817,19.0
-1,-75.6660143141271,18.67739069444441,49.0,50.97600000000001,24.69001431412709,16.0
-1,-96.6735413594854,16.372704476851837,43.0,48.19200000000002,48.48154135948539,22.0
-1,-95.56937171092204,16.533535879629618,43.0,53.47200000000002,42.09737171092201,19.0
-1,-104.16907835634876,19.132859675925875,50.0,59.32800000000003,44.84107835634873,22.0
-1,-110.67049936661928,22.84440398148139,51.0,59.52000000000002,51.15049936661926,21.0
-1,-93.16424304384503,16.093327722222206,44.0,48.86400000000002,44.30024304384501,23.0
-1,-98.95537264440148,20.07884996296289,49.0,50.304000000000016,48.65137264440146,22.0
-1,-74.78399711984176,15.128915074074092,41.0,44.44799999999999,30.335997119841767,16.0
-1,-90.29845989830817,20.027126851851847,42.0,53.37600000000002,36.92245989830814,16.0
-1,-129.84287645034888,18.017665865740646,56.0,79.39200000000004,50.45087645034884,19.0
-1,-78.31987206572602,12.438903657407408,34.0,40.128000000000014,38.191872065726,22.0
-1,-85.59435228047423,14.86814174074076,42.0,45.21600000000001,40.37835228047421,21.0
-1,-94.59916573393404,20.94465793981477,53.0,59.61600000000003,34.983165733933994,17.0
-1,-78.80449116404799,13.344351203703695,42.0,44.54400000000001,34.26049116404797,20.0
-1,-105.14885043920889,14.066840606481469,41.0,51.45600000000002,53.69285043920887,25.0
-1,-92.44689926624332,13.191317499999975,36.0,50.59200000000002,41.854899266243294,22.0
-1,-123.21918485344332,24.32321113425919,59.0,68.83200000000004,54.387184853443294,21.0
-1,-125.83055497724284,17.932147759259223,53.0,60.38400000000003,65.44655497724283,24.0
-1,-87.35761083917872,20.848840287036992,56.0,51.936000000000014,35.421610839178705,16.0
-1,-82.3871249893861,15.590130347222225,44.0,50.68800000000002,31.69912498938608,20.0
-1,-74.82836342912347,14.198903884259291,34.0,32.544000000000004,42.284363429123474,23.0
-1,-107.73405950646055,21.400560587962925,52.0,51.93600000000002,55.79805950646055,22.0
-1,-84.07884728625089,10.845872208333336,32.0,40.896000000000015,43.18284728625088,23.0
-1,-86.37409106203367,12.802691046296315,42.0,45.024000000000015,41.350091062033655,22.0
-1,-120.1072503235093,17.0728694722222,55.0,69.88800000000003,50.219250323509264,21.0
-1,-97.9822621394359,19.06471977777773,46.0,50.20800000000001,47.77426213943589,22.0
-1,-105.09216299027436,23.00737102314809,49.0,57.312000000000026,47.78016299027435,22.0
-1,-93.68166378837428,20.75609532870365,46.0,44.64000000000001,49.04166378837427,20.0
-1,-91.3890406928124,17.839388675925903,53.0,55.96800000000001,35.42104069281238,17.0
-1,-91.91498657435132,17.760824157407395,50.0,53.47200000000001,38.44298657435132,18.0
-1,-84.06518815375497,12.845218898148154,44.0,50.68800000000001,33.377188153754965,20.0
-1,-83.57005520009446,15.886052837962948,40.0,48.384000000000015,35.186055200094444,17.0
-1,-91.48385489294884,12.94119654629629,44.0,48.768000000000015,42.71585489294882,24.0
-1,-99.76672894549137,18.115030861111062,41.0,50.304000000000016,49.46272894549134,22.0
-1,-76.70788042484182,8.77523317592593,30.0,39.552,37.15588042484181,19.0
-1,-67.19996901357916,15.491756717592564,36.0,45.696000000000005,21.50396901357915,14.0
-1,-101.28004078475522,14.82927219907406,38.0,41.18400000000001,60.0960407847552,25.0
-1,-84.37505527983006,11.31539487500001,39.0,48.86400000000002,35.511055279830046,21.0
-1,-146.559931008398,16.48637937037034,61.0,86.01600000000005,60.543931008397934,23.0
-1,-91.71398370077048,15.974251523148151,41.0,43.872000000000014,47.84198370077046,22.0
-1,-92.75514064353682,15.197477300925922,42.0,48.19200000000002,44.5631406435368,18.0
-1,-270.10981910268873,19.84457804166656,115.0,205.3440000000001,64.76581910268858,21.0
-1,-101.41700717443688,16.784154759259224,41.0,48.48000000000001,52.93700717443688,24.0
-1,-99.63532739936456,17.816239745370325,40.0,45.120000000000005,54.51532739936455,25.0
-1,-74.35111026599841,17.370136925925923,38.0,40.512,33.839110265998414,16.0
-1,-105.06426547633508,13.334844254629637,47.0,51.07200000000002,53.99226547633506,26.0
-1,-90.28318256418164,13.453543041666654,41.0,45.88800000000001,44.39518256418162,21.0
-1,-87.38418685143506,18.037811796296257,48.0,52.032000000000025,35.35218685143503,22.0
-1,-98.79885848045768,16.00260246296295,43.0,51.55200000000003,47.24685848045766,21.0
-1,-98.17856417047616,20.040110601851797,45.0,56.16000000000002,42.01856417047616,19.0
-1,-126.123607271182,18.254596421296235,58.0,71.61600000000003,54.50760727118197,21.0
-1,-89.48646999505608,18.656799351851827,52.0,50.88000000000002,38.60646999505606,18.0
-1,-87.03073406644036,15.34860148611111,41.0,43.00800000000001,44.02273406644035,22.0
-1,-79.40696784856868,14.64720616203705,40.0,48.67200000000002,30.734967848568672,15.0
-1,-168.5457470108061,21.86071755092583,73.0,109.44000000000008,59.10574701080603,21.0
-1,-88.88037798747132,14.772029328703706,37.0,44.25600000000001,44.624377987471306,21.0
-1,-68.67847464560799,15.965747240740738,38.0,36.19200000000001,32.48647464560798,17.0
-1,-97.84632994456362,14.996030300925922,48.0,52.032000000000025,45.8143299445636,25.0
-1,-112.9979714538778,15.226138907407387,42.0,55.87200000000002,57.125971453877774,26.0
-1,-110.83267815918916,12.937209106481497,45.0,57.504000000000026,53.32867815918913,25.0
-1,-88.957202758073,12.616762138888888,39.0,53.08800000000002,35.86920275807297,21.0
-1,-90.72661436767343,22.984934356481443,45.0,47.13600000000001,43.59061436767343,16.0
-1,-83.00405807972734,17.973069740740712,42.0,47.61600000000002,35.388058079727315,16.0
-1,-92.3406026948624,16.33771959259257,45.0,50.68800000000001,41.6526026948624,21.0
-1,-93.42309591602836,20.149815504629604,43.0,46.94400000000001,46.47909591602834,21.0
-1,-137.7112082372659,19.42324881944437,64.0,83.71200000000005,53.99920823726586,23.0
-1,-97.70272698206804,21.77231720370369,51.0,55.00800000000003,42.69472698206802,20.0
-1,-85.85121151205195,17.854728277777742,43.0,55.39200000000002,30.459211512051937,15.0
-1,-79.73787765534496,20.866227615740712,46.0,46.94400000000002,32.79387765534494,18.0
-1,-106.20349164047994,14.003781129629608,45.0,60.67200000000002,45.53149164047991,22.0
-1,-98.52959195287934,21.25512590740737,49.0,53.47200000000002,45.05759195287933,22.0
-1,-93.73206815580568,20.80920387962956,44.0,52.128000000000014,41.60406815580567,17.0
-1,-87.71489142185517,12.426765888888896,40.0,45.69600000000002,42.01889142185515,20.0
-1,-137.0552731932501,21.747616356481384,65.0,89.18400000000005,47.871273193250026,20.0
-1,-84.41935617405727,13.811868629629627,40.0,50.88000000000002,33.539356174057254,20.0
-1,-89.37257294691373,16.313606703703663,48.0,57.312000000000026,32.06057294691371,20.0
-1,-89.15566398103857,11.233767282407396,44.0,53.472000000000016,35.68366398103856,19.0
-1,-96.54064047687012,15.661538444444435,46.0,51.55200000000003,44.98864047687009,22.0
-1,-88.61613494732781,15.959678421296283,37.0,46.84800000000001,41.7681349473278,24.0
-1,-104.53406686954656,17.627200694444383,44.0,55.20000000000002,49.33406686954655,19.0
-1,-108.04626946293962,16.398422245370348,49.0,63.36000000000004,44.68626946293959,22.0
-1,-75.61912721270603,19.033255398148142,43.0,43.96800000000001,31.65112721270602,15.0
-1,-96.90169737150792,15.361401087962967,45.0,47.23200000000002,49.66969737150789,25.0
-1,-96.37734240729296,16.4078446296296,40.0,50.88000000000002,45.49734240729293,20.0
-1,-111.66128512512738,19.95685374537029,52.0,61.440000000000026,50.22128512512735,22.0
-1,-94.12186668929888,16.983000648148106,43.0,50.20800000000001,43.91386668929886,21.0
-1,-117.45615888919455,15.569836124999991,48.0,57.888000000000034,59.568158889194535,25.0
-1,-97.0678374230242,24.745192870370325,58.0,64.32000000000002,32.74783742302417,14.0
-1,-89.17017747004769,16.444809467592595,43.0,55.29600000000003,33.87417747004767,19.0
-1,-97.3505504827442,16.914395935185144,46.0,52.03200000000002,45.31855048274419,24.0
-1,-107.44284244191394,17.853920574074028,49.0,56.64000000000002,50.80284244191391,21.0
-1,-108.18230844003632,18.42026284259255,52.0,59.90400000000002,48.27830844003631,21.0
-1,-86.69519268248186,21.93963374537033,48.0,53.472,33.223192682481866,15.0
-1,-82.19702963601583,18.574306805555544,47.0,51.360000000000014,30.83702963601582,16.0
-1,-118.63389613988214,20.361992601851803,57.0,69.79200000000003,48.84189613988211,20.0
-1,-91.618882659646,18.520052236111063,53.0,58.65600000000003,32.962882659645985,16.0
-1,-92.27597330110504,17.803611972222193,52.0,61.82400000000002,30.45197330110502,19.0
-1,-96.93625993354225,15.698137300925904,47.0,54.33600000000002,42.60025993354222,21.0
-1,-111.6740576847572,17.28571720833326,46.0,60.09600000000003,51.57805768475716,21.0
-1,-87.72712126730241,12.583608124999987,35.0,41.37600000000001,46.35112126730239,23.0
-1,-102.6473755667606,13.716064393518527,43.0,48.768000000000015,53.87937556676059,24.0
-1,-99.13087828608708,18.66666312499996,56.0,61.34400000000002,37.78687828608705,16.0
-1,-86.5401367478589,15.399165268518528,42.0,51.26400000000002,35.276136747858864,20.0
-1,-92.11956102930606,15.23666873148145,41.0,52.12800000000002,39.99156102930604,21.0
-1,-101.36534880932986,15.426048629629618,48.0,57.88800000000003,43.47734880932983,22.0
-1,-109.54254832389076,16.143878953703673,51.0,66.72000000000003,42.82254832389073,21.0
-1,-97.7625061807366,17.959912430555516,53.0,57.696000000000026,40.066506180736575,22.0
-1,-91.7203692872202,18.422838453703683,45.0,47.90400000000002,43.81636928722018,20.0
-1,-78.35876062099466,21.491880708333323,53.0,52.89600000000002,25.46276062099464,16.0
-1,-85.12260596614774,18.67510577777777,47.0,45.98400000000002,39.13860596614772,19.0
-1,-102.5434504378317,16.022810990740737,45.0,53.856000000000016,48.687450437831686,21.0
-1,-91.94589534986338,19.205952939814757,43.0,50.88000000000002,41.06589534986336,20.0
-1,-101.02680275036654,21.800368097222204,47.0,56.736000000000026,44.29080275036652,17.0
-1,-93.561568802436,13.104743495370371,45.0,54.72000000000002,38.84156880243598,21.0
-1,-99.90654885250012,15.545301657407409,46.0,50.304000000000016,49.602548852500114,22.0
-1,-84.01366925288819,19.07768089814811,47.0,50.88000000000002,33.133669252888176,18.0
-1,-84.58819975904328,14.939733435185175,39.0,44.25600000000001,40.33219975904326,20.0
-1,-80.77136425126142,10.853138476851866,28.0,33.888,46.88336425126141,23.0
-1,-84.94970992162173,17.531592310185182,46.0,56.256000000000014,28.693709921621718,17.0
-1,-93.38986406292582,17.571974222222185,47.0,55.10400000000002,38.2858640629258,19.0
-1,-83.62992544913708,13.058718421296309,36.0,38.59200000000001,45.03792544913706,22.0
-1,-64.37785618397308,17.59125428703703,34.0,40.89600000000001,23.481856183973065,15.0
-1,-116.00794827724316,15.4194992685185,49.0,56.64000000000002,59.36794827724314,22.0
-1,-142.65781168047724,17.866164226851808,59.0,79.58400000000003,63.073811680477206,21.0
-1,-93.54585309561392,13.374789217592593,38.0,46.27200000000001,47.27385309561391,22.0
-1,-84.25519297703731,13.93287689814814,39.0,46.368000000000016,37.887192977037294,22.0
-1,-103.68509603900571,19.970725342592555,55.0,62.30400000000002,41.38109603900568,20.0
-1,-84.68790013539171,16.23284083333332,51.0,57.88800000000003,26.799900135391685,16.0
-1,-90.2164785493714,19.19436992592589,50.0,58.17600000000002,32.040478549371365,17.0
-1,-111.16871263847877,15.008122486111096,39.0,54.240000000000016,56.92871263847874,25.0
-1,-115.14440419196318,22.298796671296277,53.0,58.46400000000003,56.68040419196315,19.0
-1,-112.86439685015182,14.368664768518494,46.0,55.968000000000025,56.8963968501518,24.0
-1,-110.67109417069904,15.380370124999976,39.0,53.08800000000002,57.58309417069903,25.0
-1,-106.00513472670804,19.62478919444438,51.0,60.86400000000003,45.14113472670802,23.0
-1,-110.339780499987,18.502737643518422,54.0,68.92800000000003,41.411780499986975,21.0
-1,-88.20018281253007,14.04681472222223,41.0,47.616000000000014,40.58418281253006,20.0
-1,-86.03827426016522,14.59079490277776,48.0,53.760000000000026,32.278274260165205,18.0
-1,-91.93242882274976,20.204304185185126,49.0,62.01600000000003,29.916428822749747,14.0
-1,-90.6985311206509,14.39843034259259,43.0,52.03200000000002,38.66653112065089,18.0
-1,-143.2458544634597,23.20139525462951,68.0,89.37600000000005,53.86985446345963,21.0
-1,-87.31628624882295,16.04136628703701,38.0,40.89600000000001,46.42028624882294,21.0
-1,-81.24968572678934,17.159057555555563,53.0,53.76000000000002,27.489685726789315,16.0
-1,-107.29613072492629,20.059629847222137,53.0,57.504000000000026,49.792130724926245,21.0
-1,-88.66559743718076,16.413334662037013,36.0,43.00800000000001,45.65759743718076,19.0
-1,-109.06226616062516,22.943224856481372,59.0,70.17600000000003,38.88626616062514,19.0
-1,-98.1831531021556,16.660178199074082,44.0,54.432000000000016,43.75115310215556,21.0
-1,-99.1616418992671,26.63315251388884,56.0,56.64000000000002,42.521641899267074,17.0
-1,-96.81194686232637,17.714786518518494,40.0,48.86400000000001,47.94794686232634,21.0
-1,-98.24323342090064,15.075944768518504,50.0,60.96000000000002,37.28323342090062,21.0
-1,-87.37318459350844,18.454577537037032,46.0,50.40000000000002,36.97318459350842,18.0
-1,-74.80801311414406,12.68978317592593,45.0,49.728000000000016,25.080013114144045,13.0
-1,-101.5258218582807,17.328792685185167,42.0,47.80800000000001,53.71782185828069,21.0
-1,-91.64107163229512,15.47810914814816,41.0,52.22400000000002,39.41707163229509,18.0
-1,-100.22814055257965,17.227777564814797,52.0,57.88800000000003,42.340140552579626,21.0
-1,-95.88438880245226,21.335108435185145,58.0,68.736,27.148388802452267,13.0
-1,-94.72471721538736,17.45264550925922,51.0,49.63200000000002,45.09271721538734,22.0
-1,-89.9333344067567,16.025472189814828,48.0,52.992000000000026,36.94133440675667,18.0
-1,-101.63021200494632,16.167116226851846,47.0,64.80000000000003,36.83021200494628,18.0
-1,-102.72391266461408,22.51605852314808,55.0,64.60800000000003,38.11591266461405,20.0
-1,-96.9788500349134,16.978741337962955,47.0,48.86400000000002,48.11485003491338,21.0
-1,-113.174517900009,17.05465770370367,53.0,64.51200000000003,48.66251790000897,22.0
-1,-83.80556973108612,8.541624712962967,32.0,38.784000000000006,45.02156973108612,24.0
-1,-91.72976277288944,20.363281962962905,53.0,63.07200000000003,28.6577627728894,15.0
-1,-97.3274560022389,17.14691771759256,49.0,49.440000000000026,47.88745600223888,25.0
-1,-95.7744495368112,17.356877351851843,42.0,54.432000000000016,41.34244953681119,20.0
-1,-89.23683631105396,17.63864931018517,44.0,51.16800000000002,38.068836311053936,20.0
-1,-123.90213295522128,16.379020782407352,44.0,60.864000000000026,63.03813295522126,25.0
-1,-89.95497028698571,17.706070342592533,45.0,59.712000000000025,30.242970286985692,16.0
-1,-129.979784157692,22.330276337962896,55.0,74.59200000000004,55.38778415769195,20.0
-1,-76.82184060049866,20.42046931944444,57.0,47.616000000000014,29.20584060049864,16.0
-1,-104.33811035157468,17.982007962962957,51.0,47.904000000000025,56.43411035157464,23.0
-1,-91.32548585416322,19.42556683796294,44.0,45.88800000000001,45.43748585416321,21.0
-1,-85.90685739552613,17.67357040277778,37.0,46.75200000000002,39.15485739552612,19.0
-1,-127.6439238106728,16.992970180555513,49.0,60.57600000000003,67.06792381067275,24.0
-1,-96.14834118874242,22.324903898148097,53.0,57.60000000000002,38.54834118874239,19.0
-1,-85.01995280240097,21.567801824074024,49.0,49.728000000000016,35.29195280240095,15.0
-1,-84.97901338527265,10.313925351851845,39.0,47.80800000000003,37.17101338527263,21.0
-1,-104.22556459367092,17.194469240740723,50.0,56.352000000000025,47.87356459367089,21.0
-1,-107.74263308416512,18.81599399074068,56.0,65.76000000000002,41.98263308416512,21.0
-1,-91.20468893658614,12.724796226851849,44.0,53.088000000000015,38.11668893658612,20.0
-1,-93.26150223010242,15.558810412037024,51.0,57.69600000000002,35.5655022301024,20.0
-1,-87.22167409605856,16.142801347222218,48.0,59.71200000000001,27.509674096058543,17.0
-1,-113.84682939434582,20.521274819444397,52.0,58.75200000000002,55.094829394345794,20.0
-1,-85.68211718909808,19.81153885185181,43.0,45.792000000000016,39.89011718909807,16.0
-1,-110.07010291349864,16.163960759259236,53.0,55.29600000000004,54.7741029134986,24.0
-1,-87.58801908076828,23.05446804629628,58.0,57.31200000000002,30.27601908076825,17.0
-1,-94.36017585469985,19.435034532407343,46.0,45.98400000000001,48.37617585469984,22.0
-1,-104.67943796274332,14.518105643518496,43.0,58.368000000000016,46.3114379627433,23.0
-1,-164.4990862015061,18.941294532407337,74.0,102.52800000000006,61.97108620150602,24.0
-1,-100.6628706250494,16.500375152777778,53.0,62.208000000000034,38.45487062504936,22.0
-1,-110.76265127677698,18.656061694444404,51.0,59.904000000000025,50.85865127677695,21.0
-1,-103.66087461561436,13.537581856481491,57.0,66.72000000000001,36.94087461561435,23.0
-1,-73.02331688925908,15.536895504629634,45.0,45.792000000000016,27.231316889259062,17.0
-1,-100.88835795957404,16.96918362500002,51.0,55.29600000000003,45.59235795957402,23.0
-1,-93.30558303257898,20.229658273148104,43.0,52.32000000000002,40.98558303257896,18.0
-1,-71.39952899064795,17.339508324074057,50.0,48.09600000000001,23.303528990647937,15.0
-1,-75.30968109649652,9.672278722222227,36.0,41.56800000000001,33.7416810964965,21.0
-1,-98.76948209603128,22.39238999999996,50.0,52.992000000000026,45.77748209603124,21.0
-1,-66.86033954980542,10.58528775925926,39.0,44.256,22.604339549805417,14.0
-1,-105.76593462625472,17.097736449074052,50.0,51.45600000000002,54.3099346262547,24.0
-1,-81.7862437650723,21.908090148148112,55.0,61.24800000000001,20.53824376507228,13.0
-1,-75.72624434135987,14.84314892129627,35.0,40.99200000000001,34.73424434135986,21.0
-1,-104.80338716566472,19.61742481481476,48.0,53.856000000000016,50.9473871656647,20.0
-1,-91.81198112157357,16.396891773148123,46.0,57.88800000000002,33.923981121573526,15.0
-1,-85.23276352771968,12.760778874999994,41.0,43.29600000000001,41.93676352771968,23.0
-1,-90.62594793019332,11.889776490740749,38.0,45.12000000000001,45.5059479301933,24.0
-1,-101.62168699293402,14.214243842592577,43.0,60.38400000000003,41.23768699293399,24.0
-1,-128.2465863520703,12.18606313888887,45.0,60.672000000000025,67.57458635207027,27.0
-1,-92.0570655282648,17.756706078703658,40.0,52.512000000000015,39.54506552826479,17.0
-1,-91.22179928676454,12.760642564814818,43.0,51.55200000000002,39.66979928676452,19.0
-1,-114.67955150236452,22.79433587499993,56.0,59.13600000000003,55.54355150236449,20.0
-1,-210.43243116910625,20.42754470370363,96.0,156.9600000000001,53.47243116910615,18.0
-1,-77.4667150595825,16.15410419907406,48.0,52.99200000000002,24.474715059582483,15.0
-1,-97.55503768111038,15.367101060185185,46.0,47.13600000000002,50.41903768111035,23.0
-1,-97.89615033620228,14.249636939814817,45.0,56.64000000000002,41.25615033620225,23.0
-1,-103.25534950269828,17.5826709305555,51.0,57.21600000000002,46.03934950269824,19.0
-1,-88.10877294608667,13.040274449074063,37.0,48.86400000000001,39.24477294608667,18.0
-1,-111.81868424698084,22.513240129629533,55.0,60.00000000000003,51.81868424698081,20.0
-1,-96.17817667661348,19.448646810185146,43.0,50.78400000000001,45.39417667661347,19.0
-1,-103.68288728701538,18.5478637546296,41.0,49.53600000000001,54.146887287015375,23.0
-1,-121.29644703064022,18.60085524074065,55.0,62.78400000000003,58.5124470306402,25.0
-1,-110.344476101778,17.997378666666616,47.0,57.88800000000003,52.45647610177799,23.0
-1,-116.7586874152105,19.10929898148141,60.0,64.80000000000003,51.95868741521048,23.0
-1,-68.62971260163403,14.259856120370378,54.0,48.00000000000002,20.629712601634004,13.0
-1,-86.41957729848238,19.817998550925907,48.0,50.78400000000002,35.63557729848235,18.0
-1,-76.9250336717667,11.885355712962967,39.0,46.46400000000001,30.46103367176669,20.0
-1,-105.12512821043175,21.817980754629566,52.0,61.72800000000003,43.39712821043174,20.0
-1,-108.4524490237209,18.5247867916666,48.0,59.42400000000002,49.02844902372088,23.0
-1,-88.32080025860587,12.666897703703713,39.0,46.94400000000001,41.37680025860586,22.0
-1,-93.70264268445324,17.723318833333323,47.0,59.52000000000002,34.18264268445324,20.0
-1,-80.52011278197895,15.071396259259243,42.0,47.32800000000001,33.19211278197895,19.0
-1,-84.53667738006862,19.4203678009259,56.0,53.28000000000002,31.2566773800686,18.0
-1,-104.75998013934878,17.191036055555553,46.0,50.97600000000003,53.78398013934876,24.0
-1,-108.87020892568825,16.34222587962962,61.0,74.88000000000004,33.99020892568821,20.0
-1,-85.15366473905397,18.682648638888864,42.0,52.224000000000025,32.92966473905395,17.0
-1,-86.44200631889841,14.46707375462962,47.0,55.488000000000014,30.954006318898397,16.0
-1,-96.84249153766444,16.780042842592582,48.0,57.504000000000026,39.33849153766442,19.0
-1,-91.91912520258334,20.03897183796288,50.0,63.55200000000002,28.367125202583328,16.0
-1,-132.1765465815703,12.927842263888891,54.0,66.43200000000003,65.74454658157028,27.0
-1,-87.84606245699081,16.133665726851827,42.0,46.176000000000016,41.6700624569908,21.0
-1,-99.42960067205266,15.43565791203704,48.0,51.936,47.493600672052665,19.0
-1,-92.56264610779004,20.246894902777736,52.0,55.680000000000014,36.88264610779004,19.0
-1,-98.06531281069816,18.77787500925921,57.0,64.03200000000002,34.03331281069812,19.0
-1,-101.42399804441794,12.68476210185186,39.0,44.16000000000001,57.26399804441792,25.0
-1,-90.88656026469454,18.624124287037024,45.0,48.000000000000014,42.88656026469453,21.0
-1,-84.59498333305554,18.420395736111104,48.0,48.09600000000001,36.49898333305553,19.0
-1,-95.03114011087555,22.12854903240734,57.0,61.53600000000002,33.495140110875525,18.0
-1,-98.2056603773862,15.404718416666627,47.0,57.60000000000003,40.60566037738619,23.0
-1,-90.1901797097515,14.145688375000006,44.0,52.128000000000014,38.0621797097515,23.0
-1,-87.25035288314741,15.00126297685185,50.0,64.99200000000002,22.2583528831474,12.0
-1,-105.6793819608182,17.961322967592583,49.0,59.80800000000002,45.87138196081817,22.0
-1,-92.30119855574648,13.53301676388888,43.0,52.22400000000002,40.07719855574647,22.0
-1,-101.09464562408802,18.313254490740707,50.0,51.45600000000002,49.63864562408799,24.0
-1,-76.88739422819282,18.175211685185147,42.0,43.680000000000014,33.2073942281928,19.0
-1,-85.94623981136266,16.32537581018517,48.0,51.74400000000001,34.20223981136265,19.0
-1,-96.37755949330904,17.949305847222185,41.0,47.32800000000001,49.04955949330903,23.0
-1,-80.76220015387858,15.644358430555544,43.0,42.91200000000001,37.850200153878575,20.0
-1,-113.42244033771158,17.764162532407397,62.0,66.62400000000004,46.79844033771154,21.0
-1,-84.14347181707925,18.77487431018516,45.0,45.21600000000002,38.927471817079216,17.0
-1,-89.20233045055672,18.98474453703702,50.0,54.24000000000002,34.96233045055669,17.0
-1,-111.9839221024485,18.18640985185183,56.0,67.10400000000004,44.87992210244845,22.0
-1,-78.87915669901199,19.28232200925928,49.0,53.47200000000002,25.407156699011963,13.0
-1,-75.40818902047548,15.303013893518502,43.0,45.02400000000001,30.384189020475468,18.0
-1,-110.64866649786936,19.81980930092583,53.0,59.23200000000002,51.41666649786933,23.0
-1,-101.67976575197072,17.08130977777777,48.0,55.776000000000025,45.903765751970695,21.0
-1,-119.28596835392416,18.2562120277777,56.0,71.23200000000003,48.05396835392413,20.0
-1,-105.37392072582064,12.433730638888903,53.0,66.33600000000003,39.03792072582063,17.0
-1,-87.00829049863215,21.376368745370325,53.0,53.47200000000002,33.53629049863213,18.0
-1,-83.53224726682106,16.087515953703694,46.0,50.304,33.22824726682105,18.0
-1,-78.08212993622338,18.409144476851854,47.0,48.48000000000002,29.602129936223363,17.0
-1,-76.81839593930928,18.681179268518527,45.0,48.09600000000001,28.72239593930927,16.0
-1,-105.08128605103568,20.26467889814809,55.0,63.74400000000004,41.33728605103564,22.0
-1,-84.78805879715662,23.34031793981477,51.0,47.90400000000001,36.88405879715661,16.0
-1,-71.91327417085111,14.226051430555572,41.0,45.79200000000001,26.12127417085109,17.0
-1,-113.6870339399668,21.67094622685176,52.0,63.07200000000003,50.61503393996677,19.0
-1,-91.5453997338225,11.42455720833335,39.0,48.09600000000002,43.44939973382248,21.0
-1,-86.91082365958636,15.09333809722222,45.0,46.84800000000001,40.06282365958635,22.0
-1,-89.80490582314988,22.321477199074028,58.0,58.56000000000003,31.24490582314985,15.0
-1,-81.33700512870796,20.938595291666616,46.0,51.16800000000001,30.169005128707948,13.0
-1,-132.21492764082407,18.185254217592533,63.0,86.88000000000004,45.33492764082403,20.0
-1,-80.41407979733307,15.579394060185152,38.0,45.216000000000015,35.198079797333065,16.0
-1,-228.5468066939106,21.023665259259197,103.0,150.72000000000008,77.82680669391053,22.0
-1,-120.16082862922843,18.893368018518466,57.0,62.20800000000003,57.95282862922841,20.0
-1,-127.23260938971492,18.60108211574065,57.0,69.31200000000004,57.92060938971489,24.0
-1,-99.58622402974932,22.35184276851847,55.0,56.64000000000003,42.94622402974931,20.0
-1,-84.97651020122069,17.902251027777744,48.0,54.91200000000003,30.064510201220656,18.0
-1,-106.30276571065396,17.54311483333332,60.0,64.22400000000002,42.07876571065396,22.0
-1,-87.84114604009633,20.033426356481456,48.0,54.240000000000016,33.601146040096324,15.0
-1,-81.3383482601316,19.676177925925945,50.0,54.81600000000002,26.522348260131583,16.0
-1,-79.3618176846351,23.822972291666588,54.0,54.14400000000001,25.21781768463509,16.0
-1,-98.21268069849664,21.032471305555514,49.0,49.24800000000001,48.96468069849665,19.0
-1,-92.6254896658408,15.665129041666674,44.0,54.72000000000003,37.90548966584076,18.0
-1,-83.20369457061025,21.09112291203702,47.0,48.38400000000001,34.81969457061025,19.0
-1,-85.56359281699066,15.594982916666655,55.0,60.67200000000002,24.89159281699064,13.0
-1,-124.19345647303064,17.091686921296276,58.0,68.92800000000004,55.2654564730306,22.0
-1,-120.67394634395568,17.329707430555523,60.0,65.56800000000003,55.10594634395566,24.0
-1,-102.08735650032492,16.40615846759259,46.0,48.960000000000015,53.12735650032489,25.0
-1,-104.88173951912547,15.173266092592591,40.0,49.63200000000002,55.24973951912546,24.0
-1,-81.53025703145556,16.764736856481495,42.0,45.024000000000015,36.50625703145555,20.0
-1,-80.32748217159318,10.56157600462963,43.0,60.19200000000003,20.13548217159315,13.0
-1,-104.89383713654902,20.160326249999915,47.0,52.128000000000014,52.76583713654901,20.0
-1,-111.21398404600818,19.635634740740656,53.0,63.07200000000003,48.14198404600815,24.0
-1,-105.35725197726356,26.85303288425922,66.0,71.90400000000004,33.45325197726351,17.0
-1,-99.58621297695854,20.702011199074008,49.0,56.736000000000026,42.8502129769585,20.0
-1,-92.82287420576688,18.871932305555497,45.0,51.26400000000002,41.55887420576687,22.0
-1,-107.39643306860354,17.260590791666637,56.0,59.61600000000002,47.78043306860352,22.0
-1,-91.31398996580302,17.244585675925883,46.0,56.16,35.15398996580302,18.0
-1,-148.185430227648,16.051579249999985,68.0,85.92000000000006,62.265430227647954,24.0
-1,-85.14023555042382,16.05868344907408,47.0,48.76800000000003,36.3722355504238,20.0
-1,-82.43322420644712,15.62647392129631,50.0,51.93600000000001,30.497224206447115,18.0
-1,-116.20668264064906,20.062990472222147,51.0,62.40000000000001,53.80668264064906,22.0
-1,-182.69970059205204,19.74482697222216,90.0,114.91200000000008,67.78770059205196,24.0
-1,-84.33934937942298,13.533032541666673,47.0,50.20800000000001,34.13134937942297,20.0
-1,-85.28247446169817,10.043727574074078,46.0,53.85600000000002,31.42647446169816,15.0
-1,-109.79294851079833,25.73492219444439,59.0,65.47200000000002,44.3209485107983,15.0
-1,-105.72025888589438,14.965591337962934,50.0,63.16800000000003,42.552258885894354,22.0
-1,-99.7565998270982,17.15527471759257,56.0,64.70400000000002,35.05259982709816,21.0
-1,-91.92313868907402,18.534215597222143,43.0,54.72000000000003,37.203138689074,20.0
-1,-70.3499470106204,14.196317185185194,39.0,39.648,30.701947010620398,16.0
-1,-99.77311417737552,18.055350731481436,45.0,50.88000000000002,48.89311417737551,22.0
-1,-73.68900913193107,19.371537944444416,41.0,45.50400000000001,28.185009131931064,16.0
-1,-75.31691364116406,12.59227739351851,47.0,45.792000000000016,29.524913641164048,20.0
-1,-100.3602771055402,15.390513560185171,49.0,55.87200000000002,44.48827710554018,22.0
-1,-80.19181509794365,15.506839662037011,41.0,56.92800000000001,23.26381509794364,13.0
-1,-93.63132673035558,13.091398398148169,44.0,49.536000000000016,44.095326730355566,23.0
-1,-82.23863292166921,19.676686824074025,47.0,56.73600000000002,25.502632921669196,14.0
-1,-80.74419427203094,15.282312569444429,46.0,51.45600000000001,29.28819427203093,16.0
-1,-80.38051677360437,11.298279601851862,42.0,42.43200000000001,37.94851677360437,24.0
-1,-94.85402351808192,15.097947407407425,52.0,60.09600000000003,34.7580235180819,19.0
-1,-106.01452051990896,23.11082706944432,54.0,61.44000000000003,44.57452051990894,22.0
-1,-70.16300736487374,13.562684592592577,35.0,46.656000000000006,23.50700736487373,14.0
-1,-111.80710331897518,17.075177972222153,48.0,61.82400000000003,49.98310331897516,24.0
-1,-92.45500713070228,16.333553425925913,46.0,54.24000000000002,38.21500713070225,19.0
-1,-100.89155749362357,16.941512064814795,52.0,57.21600000000001,43.67555749362354,24.0
-1,-106.09385893122688,17.835520763888834,50.0,57.79200000000003,48.30185893122686,21.0
-1,-97.02856405617592,29.449408347222192,68.0,68.92800000000004,28.10056405617588,12.0
-1,-101.213765391931,15.834404541666636,44.0,53.66400000000002,47.54976539193097,20.0
-1,-89.99354112160952,13.298838300925922,32.0,40.992,49.00154112160953,22.0
-1,-88.6386752639275,14.782412574074083,40.0,41.85600000000001,46.78267526392749,21.0
-1,-87.4207681408297,17.726048805555518,47.0,51.07200000000002,36.34876814082968,19.0
-1,-82.75484020539956,22.70043063425922,51.0,60.096000000000025,22.65884020539953,12.0
-1,-89.05468046509031,17.137173106481455,46.0,56.64000000000002,32.4146804650903,17.0
-1,-93.81403332593511,14.42682252777777,44.0,49.82400000000001,43.99003332593511,23.0
-1,-99.76157487144532,12.306216671296312,37.0,46.94400000000002,52.81757487144532,26.0
-1,-92.62715390164831,17.58937649074073,57.0,57.312000000000026,35.3151539016483,19.0
-1,-107.86084607227224,19.53080375462957,64.0,68.06400000000002,39.79684607227221,19.0
-1,-113.44481187462,15.20557208333334,39.0,50.88000000000002,62.56481187461997,23.0
-1,-162.5441650290294,17.77239477777767,83.0,117.12000000000008,45.42416502902934,22.0
-1,-85.18023240480376,15.950613833333348,43.0,53.472000000000016,31.70823240480375,19.0
-1,-67.30468107693335,18.522874597222184,43.0,47.23200000000002,20.07268107693333,14.0
-1,-90.06434658793393,17.328101546296253,50.0,48.960000000000015,41.10434658793392,20.0
-1,-106.63845223257582,20.781501990740683,49.0,56.352000000000025,50.28645223257578,22.0
-1,-95.06232823842458,15.4306908148148,50.0,55.10400000000003,39.95832823842456,22.0
-1,-93.8217616333553,17.582832930555497,46.0,57.79200000000002,36.02976163335527,21.0
-1,-102.640412592301,14.310235615740734,51.0,60.288000000000025,42.352412592300965,23.0
-1,-65.24544562058514,16.436294564814812,43.0,43.10400000000001,22.141445620585134,14.0
-1,-94.10508567727668,17.93278542129628,50.0,57.12000000000002,36.985085677276665,21.0
-1,-124.48478246555608,20.72600232870366,53.0,63.93600000000004,60.54878246555603,22.0
-1,-134.81793920947766,20.41107612499992,62.0,86.20800000000006,48.60993920947761,18.0
-1,-106.31707270056566,18.4895631203703,52.0,59.13600000000003,47.18107270056562,23.0
-1,-95.1980459908676,14.42979817592592,43.0,52.70400000000002,42.49404599086757,22.0
-1,-92.69633495409582,22.81650944444445,55.0,57.408000000000015,35.288334954095795,16.0
-1,-92.26712543781696,13.840415958333312,45.0,53.56800000000001,38.69912543781695,20.0
-1,-111.67647962834542,14.435944069444409,53.0,65.76000000000003,45.91647962834539,22.0
-1,-104.2435399282722,12.398924800925933,54.0,65.95200000000003,38.29153992827217,17.0
-1,-94.98170151992228,20.963396768518457,45.0,53.85600000000001,41.125701519922266,18.0
-1,-85.52640335732156,17.883655648148135,53.0,58.56000000000002,26.966403357321525,18.0
-1,-81.18624537794335,13.28216618981481,41.0,54.14400000000002,27.042245377943324,17.0
-1,-92.4616536245948,19.38517062499996,43.0,45.216000000000015,47.24565362459479,22.0
-1,-85.131196033849,23.393097074074024,48.0,46.65600000000001,38.47519603384899,15.0
-1,-100.90765880686791,18.107665356481487,46.0,51.36000000000002,49.54765880686789,19.0
-1,-99.06072813727305,22.07978038425921,48.0,48.576000000000015,50.484728137273024,20.0
-1,-98.98025077260618,19.126063708333294,56.0,66.72000000000001,32.26025077260618,16.0
-1,-84.18047867131261,13.932145111111115,47.0,49.53600000000001,34.644478671312605,19.0
-1,-115.43261244116508,19.559159185185127,61.0,75.45600000000003,39.97661244116504,21.0
-1,-92.26680800062957,16.68220447685184,49.0,52.89600000000003,39.370808000629545,19.0
-1,-93.5344500875639,19.445172624999987,45.0,51.93600000000002,41.59845008756388,18.0
-1,-106.12899864485853,17.222623407407383,47.0,53.376000000000026,52.7529986448585,22.0
-1,-99.6841331126562,13.987151379629609,50.0,59.23200000000003,40.452133112656185,22.0
-1,-81.95422089335565,18.947302499999964,48.0,56.73600000000002,25.218220893355628,16.0
-1,-77.90547609609587,17.6175625185185,51.0,53.18400000000001,24.72147609609585,14.0
-1,-90.9011450458176,18.68422577777774,52.0,56.25600000000003,34.64514504581756,18.0
-1,-97.17424456675658,19.139074648148107,50.0,59.90400000000002,37.27024456675656,20.0
-1,-77.52589556242906,19.83222756481477,48.0,45.40800000000001,32.11789556242905,15.0
-1,-105.1822480414772,14.76806229166666,43.0,53.47200000000002,51.71024804147719,25.0
-1,-88.3676609749716,16.60057518055555,56.0,62.11200000000003,26.255660974971565,17.0
-1,-86.68611674192351,15.82855688425927,43.0,47.90400000000001,38.7821167419235,19.0
-1,-77.50071351579794,21.219293291666684,46.0,49.728000000000016,27.77271351579793,12.0
-1,-77.47981893899026,20.36324049537036,54.0,50.97600000000001,26.50381893899025,14.0
-1,-98.42977939678453,18.160348935185187,58.0,57.888000000000005,40.541779396784506,20.0
-1,-99.45417346135972,16.43274791666662,54.0,60.76800000000002,38.6861734613597,20.0
-1,-106.5693304368724,19.656170745370325,56.0,66.14400000000002,40.42533043687238,22.0
-1,-99.4475882830118,15.054031375000006,43.0,49.05600000000002,50.39158828301178,23.0
-1,-96.73565423172954,20.5239564583333,54.0,56.736000000000026,39.99965423172951,19.0
-1,-65.67629796220024,14.834305203703684,35.0,43.39200000000001,22.284297962200224,14.0
-1,-95.50119987780664,19.85158295833332,47.0,47.90400000000002,47.59719987780663,21.0
-1,-98.4355513783795,20.605658064814737,51.0,59.71200000000003,38.72355137837946,18.0
-1,-78.58914053096055,14.830006546296278,37.0,42.91200000000001,35.677140530960536,18.0
-1,-94.94871766784456,18.63891609722217,56.0,68.35200000000003,26.59671766784452,14.0
-1,-81.71851464997849,13.66793181944444,34.0,42.24000000000001,39.47851464997847,21.0
-1,-92.96847114716608,22.199533620370325,54.0,60.76800000000003,32.20047114716604,17.0
-1,-87.03014376808311,20.07713475925921,64.0,62.30400000000002,24.726143768083084,12.0
-1,-88.66420970727756,18.785866717592604,39.0,42.048000000000016,46.61620970727755,21.0
-1,-77.5103269489695,14.193103546296262,42.0,40.22400000000001,37.286326948969496,18.0
-1,-83.27485348034159,14.0928680648148,41.0,46.84800000000001,36.42685348034157,21.0
-1,-92.9742071938068,16.14674208333331,45.0,51.07200000000002,41.90220719380678,20.0
-1,-115.5906474150068,19.630981152777707,51.0,50.40000000000002,65.1906474150068,22.0
-1,-89.06807765655279,13.3108292037037,42.0,55.48800000000002,33.580077656552774,20.0
-1,-95.9571377159696,16.345497060185174,44.0,53.568000000000026,42.38913771596957,19.0
-1,-199.08541924250557,17.892211060185115,85.0,138.43200000000007,60.65341924250546,23.0
-1,-90.6753182606828,16.816643787037027,51.0,52.60800000000002,38.0673182606828,21.0
-1,-96.65329717728832,11.122331222222243,40.0,43.20000000000002,53.45329717728831,25.0
-1,-102.42338661565012,19.847417546296214,54.0,62.20800000000003,40.2153866156501,15.0
-1,-81.76310810245928,15.883718449074044,47.0,54.14400000000002,27.619108102459272,15.0
-1,-92.45667424487844,17.631082736111065,46.0,57.69600000000002,34.76067424487841,18.0
-1,-107.39930599148931,20.682880092592555,47.0,54.24000000000002,53.15930599148929,20.0
-1,-96.68771705680578,18.954582319444384,49.0,55.00800000000002,41.67971705680576,21.0
-1,-89.8315145242448,17.15485052314812,40.0,41.85600000000001,47.9755145242448,23.0
-1,-121.3107045946014,13.346491078703702,53.0,65.08800000000004,56.22270459460135,22.0
-1,-93.69837955035788,21.247929949074024,48.0,59.32800000000002,34.37037955035786,18.0
-1,-95.65806612150864,19.846051986111085,50.0,56.83200000000003,38.82606612150862,17.0
-1,-86.44809647302188,17.804537425925908,50.0,60.19200000000003,26.256096473021856,16.0
-1,-89.24555978255046,15.781127759259244,49.0,47.23200000000001,42.01355978255044,21.0
-1,-97.20956362007368,20.423343083333283,54.0,62.88000000000002,34.32956362007364,18.0
-1,-110.5872119370804,14.790783356481466,46.0,60.38400000000002,50.203211937080376,23.0
-1,-99.461423125304,14.436252129629604,48.0,59.52000000000003,39.94142312530398,20.0
-1,-82.66376631062832,15.956707009259269,48.0,50.11200000000002,32.5517663106283,17.0
-1,-89.26639484415048,15.556030921296294,46.0,50.20800000000001,39.05839484415048,24.0
-1,-95.32473773146084,19.70961602777772,56.0,54.24000000000002,41.084737731460805,18.0
-1,-145.06455640105045,17.067583620370325,64.0,82.17600000000004,62.88855640105041,25.0
-1,-82.16353208073298,18.076811666666607,40.0,46.368,35.79553208073298,21.0
-1,-114.97806840794476,18.29385197222217,57.0,72.48000000000003,42.49806840794473,19.0
-1,-71.15304709007572,14.945717967592598,42.0,47.808000000000014,23.34504709007571,16.0
-1,-92.7433334297886,10.558469773148154,41.0,61.632000000000026,31.11133342978856,18.0
-1,-97.47845502697024,19.257111745370334,59.0,62.59200000000004,34.886455026970204,18.0
-1,-91.08576806499087,22.612656069444427,45.0,54.81600000000002,36.26976806499086,18.0
-1,-98.61502354187536,17.358581287037023,49.0,65.37600000000002,33.23902354187534,17.0
-1,-92.87230040691249,18.464557467592552,47.0,57.98400000000002,34.88830040691245,19.0
-1,-110.39655078108926,21.829008810185083,54.0,64.60800000000003,45.78855078108923,20.0
-1,-93.88712804086522,14.594538962962975,54.0,62.68800000000002,31.1991280408652,16.0
-1,-90.37181130685444,20.473314879629573,43.0,43.68000000000002,46.6918113068544,18.0
-1,-91.6977816271896,18.48333754629626,47.0,51.744000000000014,39.95378162718959,19.0
-1,-74.072285496842,7.076193870370371,37.0,38.49600000000001,35.576285496842,23.0
-1,-104.90249946845178,19.92165445370364,60.0,66.62400000000004,38.27849946845174,21.0
-1,-114.1531091341393,19.265029999999943,52.0,60.86400000000003,53.28910913413928,22.0
-1,-93.57333302172154,12.169110930555576,36.0,37.53600000000001,56.03733302172152,25.0
-1,-87.54723183356653,15.137835629629622,34.0,39.64800000000001,47.89923183356652,23.0
-1,-95.86093169977832,12.359908625000015,46.0,54.52800000000002,41.3329316997783,21.0
-1,-90.68594503084977,19.98172770370368,50.0,56.44800000000002,34.237945030849744,18.0
-1,-83.49539150320949,18.45236431018516,47.0,52.89600000000002,30.599391503209464,15.0
-1,-107.05004920547672,14.235798597222232,54.0,64.32000000000002,42.73004920547669,22.0
-1,-89.74302884132317,18.853879092592564,40.0,45.40800000000001,44.33502884132315,20.0
-1,-87.603613065577,17.28045805092593,46.0,50.40000000000002,37.203613065576974,19.0
-1,-88.70480361601294,13.51465174999999,35.0,42.336000000000006,46.36880361601293,22.0
-1,-120.3183795060108,17.232745675925898,55.0,70.65600000000003,49.66237950601077,20.0
-1,-84.70796529852564,15.181417398148142,42.0,48.00000000000002,36.70796529852562,17.0
-1,-98.7305665876852,19.878353972222197,55.0,63.840000000000025,34.89056658768518,16.0
-1,-93.71625427183994,16.14452886574075,44.0,48.00000000000001,45.71625427183994,21.0
-1,-90.86097930129682,19.475625009259247,49.0,53.76000000000002,37.10097930129681,16.0
-1,-76.32136376967621,12.508003699074065,40.0,47.13600000000001,29.185363769676204,17.0
-1,-94.57732393802884,18.85142142129627,59.0,63.93600000000002,30.64132393802884,16.0
-1,-104.50414832220522,13.720679361111117,51.0,61.53600000000002,42.9681483222052,22.0
-1,-82.86425539257567,18.137981458333325,49.0,52.32000000000001,30.54425539257566,17.0
-1,-101.37509299008994,21.545619365740656,53.0,57.40800000000003,43.96709299008992,22.0
-1,-92.59529262929736,14.120531189814804,50.0,60.00000000000003,32.59529262929731,17.0
-1,-71.30745074370671,11.92992605092591,37.0,41.76000000000001,29.547450743706705,20.0
-1,-100.01591760518464,22.540717287037,58.0,53.66400000000002,46.351917605184624,20.0
-1,-101.8248111752529,18.385602467592527,49.0,62.20800000000003,39.61681117525287,18.0
-1,-85.61833265034241,20.062875671296258,52.0,51.84000000000002,33.77833265034239,19.0
-1,-89.19920342291027,17.2735644722222,42.0,48.09600000000001,41.103203422910255,20.0
-1,-90.8178284836844,19.58060726388884,51.0,56.928000000000026,33.88982848368438,18.0
-1,-97.22387918339984,22.628442930555504,49.0,57.88800000000002,39.33587918339983,17.0
-1,-98.8675316928056,15.96342153703702,44.0,51.45600000000002,47.411531692805575,22.0
-1,-91.1294860330583,16.413310736111104,49.0,43.68000000000001,47.44948603305829,24.0
-1,-99.89414130153556,15.011294800925942,53.0,53.088000000000015,46.80614130153555,23.0
-1,-98.2914016917085,20.054315671296298,56.0,55.39200000000002,42.89940169170848,20.0
-1,-86.88612317132367,26.558227675925878,56.0,49.15200000000002,37.73412317132365,18.0
-1,-97.28488151274338,14.691852768518526,42.0,51.936000000000014,45.34888151274337,23.0
-1,-96.53933846255656,11.404356615740747,41.0,43.00800000000001,53.53133846255656,27.0
-1,-88.22870570011924,26.035024101851796,55.0,58.56000000000002,29.668705700119204,14.0
-1,-84.04641658418265,12.833527587962973,41.0,48.960000000000015,35.08641658418264,19.0
-1,-83.96774859784955,16.210697962962936,39.0,43.104000000000006,40.86374859784954,23.0
-1,-99.33002792217084,17.732178518518474,56.0,60.28800000000003,39.04202792217082,20.0
-1,-94.15790899495944,14.980993615740708,44.0,58.65600000000003,35.5019089949594,21.0
-1,-81.13200218362365,19.09208937037034,42.0,48.960000000000015,32.17200218362363,18.0
-1,-84.53069622966598,15.18775885648146,44.0,53.18400000000001,31.34669622966597,17.0
-1,-93.80768715639576,15.030307240740738,42.0,55.68000000000003,38.12768715639572,19.0
-1,-136.7773598829227,19.228711240740648,77.0,97.24800000000006,39.52935988292263,22.0
-1,-79.37620270993335,18.489671375000004,45.0,47.32800000000002,32.048202709933335,18.0
-1,-97.7571669899934,14.007000444444436,50.0,63.55200000000003,34.20516698999337,21.0
-1,-91.00061081941774,16.641843027777718,47.0,55.68000000000002,35.32061081941772,19.0
-1,-103.44632952028284,17.785786078703662,53.0,57.40800000000002,46.038329520282815,21.0
-1,-81.87614090741096,20.146719342592583,47.0,48.768000000000015,33.108140907410935,19.0
-1,-86.79661697648886,16.50710287499999,47.0,55.29600000000003,31.50061697648884,17.0
-1,-99.74272541564768,15.434802694444445,47.0,49.44000000000001,50.30272541564767,23.0
-1,-93.11983866697894,18.33023267129627,53.0,64.70400000000002,28.41583866697891,18.0
-1,-81.83914722692275,21.08329226851848,51.0,50.97600000000002,30.863147226922724,16.0
-1,-104.49075401053491,14.948243032407396,61.0,63.93600000000003,40.55475401053489,21.0
-1,-89.03394533104259,18.32995172222219,69.0,68.25600000000001,20.777945331042567,10.0
-1,-95.38277517272611,17.443678268518486,52.0,56.44800000000002,38.9347751727261,21.0
-1,-73.36810206636089,19.213040222222197,48.0,46.27200000000002,27.096102066360874,15.0
-1,-104.51974424661312,16.239345037037005,56.0,61.24800000000003,43.27174424661308,19.0
-1,-101.66931771553875,19.076770962962943,53.0,55.39200000000002,46.27731771553875,21.0
-1,-72.87667046430178,21.667948902777777,43.0,52.99200000000002,19.884670464301763,12.0
-1,-90.72667450103332,14.55071716666665,51.0,57.504000000000026,33.22267450103331,20.0
-1,-89.52798245745304,20.01673015277776,61.0,66.91200000000003,22.615982457453004,13.0
-1,-88.04662667944544,12.373504509259238,41.0,54.52800000000002,33.518626679445426,19.0
-1,-75.13580338430432,14.46671027314816,47.0,51.16800000000002,23.967803384304297,14.0
-1,-89.17733459053999,15.236825583333315,47.0,58.46400000000003,30.71333459053996,18.0
-1,-92.81485344811938,16.029332569444446,36.0,36.38400000000001,56.43085344811938,21.0
-1,-85.51893098699222,17.734483319444426,41.0,48.960000000000015,36.5589309869922,19.0
-1,-90.6334957801326,13.277814944444469,32.0,38.78400000000001,51.849495780132585,23.0
-1,-92.75809218703552,20.73511409722218,49.0,48.09600000000002,44.66209218703551,18.0
-1,-62.166018875562,10.044357000000003,34.0,34.848000000000006,27.31801887556199,19.0
-1,-100.32224935620376,18.158504805555523,56.0,62.78400000000001,37.53824935620374,20.0
-1,-109.39200427798544,16.309702287036995,58.0,59.13600000000003,50.25600427798542,24.0
-1,-95.8256864813205,22.232933388888853,55.0,54.33600000000003,41.48968648132047,19.0
-1,-125.08914699488,21.244918606481427,51.0,64.70400000000004,60.38514699487995,21.0
-1,-100.92518511438678,16.22445647685185,45.0,49.152000000000015,51.77318511438676,23.0
-1,-80.08293652119309,17.315200935185175,46.0,48.48000000000002,31.602936521193065,17.0
-1,-82.25979112280965,14.556003134259242,34.0,37.440000000000005,44.81979112280963,22.0
-1,-87.18590283662708,17.269405287036975,43.0,49.05600000000002,38.12990283662706,22.0
-1,-78.50448268177962,16.463924412037024,40.0,52.512000000000015,25.99248268177961,12.0
-1,-91.84609765827533,18.13164958333328,47.0,49.92000000000002,41.92609765827529,22.0
-1,-89.21365032150425,10.818901402777772,50.0,58.75200000000002,30.46165032150422,18.0
-1,-74.90995443676326,20.158887981481456,47.0,51.74400000000001,23.165954436763247,13.0
-1,-101.78399978664471,16.825246708333296,45.0,50.97600000000002,50.80799978664472,24.0
-1,-129.7202420132792,16.96758203240736,60.0,76.99200000000005,52.72824201327916,23.0
-1,-114.57084905117992,18.763511458333284,49.0,63.36000000000003,51.21084905117991,24.0
-1,-97.81019911237593,13.920875296296307,47.0,51.360000000000014,46.45019911237592,24.0
-1,-78.73110387178372,16.037739254629628,46.0,51.45600000000002,27.275103871783703,17.0
-1,-85.73892879864462,14.476220314814812,51.0,57.12000000000002,28.618928798644607,17.0
-1,-86.54860697395227,17.34762454166663,48.0,51.936000000000014,34.61260697395227,19.0
-1,-63.39190963056,10.295186157407407,27.0,34.944,28.44790963055999,15.0
-1,-87.50828044612277,18.66279663425921,43.0,51.93600000000002,35.572280446122754,19.0
-1,-99.85337819611452,15.800030037037024,55.0,71.80800000000002,28.04537819611452,16.0
-1,-71.61050255780827,14.225256009259263,43.0,46.46400000000001,25.14650255780826,15.0
-1,-91.28385240947333,24.528063046296207,58.0,61.440000000000026,29.843852409473293,16.0
-1,-87.91423817326705,15.830661268518512,43.0,50.01600000000001,37.89823817326703,20.0
-1,-87.41523412021601,12.697886328703706,42.0,55.20000000000002,32.21523412021598,19.0
-1,-93.28204377530768,18.348637953703676,37.0,39.84000000000001,53.44204377530766,21.0
-1,-115.82769477618582,18.491488768518444,59.0,66.33600000000003,49.4916947761858,24.0
-1,-104.83752874219309,12.36846302314815,39.0,52.416000000000025,52.42152874219306,25.0
-1,-92.56551257812194,24.366935115740684,49.0,56.44800000000003,36.117512578121904,18.0
-1,-106.92790040751656,20.928971967592545,47.0,51.64800000000001,55.27990040751656,21.0
-1,-95.30565003039943,12.109746791666671,45.0,42.04800000000001,53.25765003039943,25.0
-1,-90.44793417107851,17.002119449074076,49.0,55.20000000000002,35.24793417107849,20.0
-1,-67.95701141544251,12.430839097222218,36.0,39.74400000000001,28.2130114154425,17.0
-1,-90.32645683458269,21.659969546296274,46.0,48.48000000000002,41.84645683458265,17.0
-1,-76.95147497284769,9.504367555555566,38.0,43.48800000000002,33.46347497284767,19.0
-1,-88.1244343426584,19.90180453240731,56.0,60.48000000000003,27.64443434265837,16.0
-1,-90.691024262347,21.91751136574072,56.0,63.55200000000002,27.13902426234697,15.0
-1,-104.55187601964178,15.632522254629606,50.0,61.15200000000002,43.399876019641766,18.0
-1,-88.2813741990604,13.988568231481484,48.0,57.792000000000016,30.489374199060386,16.0
-1,-106.6041672140404,19.918336472222176,54.0,53.76000000000002,52.84416721404038,22.0
-1,-116.99132622244976,22.087873185185103,66.0,71.23200000000003,45.75932622244973,20.0
-1,-82.97979251734421,17.552135560185164,44.0,49.63200000000002,33.3477925173442,15.0
-1,-84.30264285508856,16.647772449074054,39.0,45.02400000000001,39.27864285508856,20.0
-1,-86.41974083721936,21.412369060185146,43.0,41.184000000000005,45.23574083721937,17.0
-1,-103.79106955141616,17.86311538888884,48.0,56.064000000000014,47.72706955141616,23.0
-1,-114.60042912892963,19.207387666666595,52.0,58.17600000000003,56.42442912892962,23.0
-1,-82.24838634367515,17.46415562962961,47.0,52.896000000000015,29.35238634367513,16.0
-1,-76.34205495588492,17.43307749537037,48.0,45.31200000000001,31.030054955884918,19.0
-1,-84.6111291637821,18.265122773148107,43.0,46.27200000000001,38.33912916378209,18.0
-1,-107.48999201070694,19.635329537036974,52.0,64.51200000000003,42.97799201070691,20.0
-1,-122.1813816648918,18.43290435185181,50.0,61.632000000000026,60.54938166489177,20.0
-1,-88.11748867314924,8.833106935185198,38.0,52.992000000000026,35.125488673149206,19.0
-1,-86.47777961457781,14.075781064814812,47.0,54.048000000000016,32.4297796145778,17.0
-1,-115.411398696638,22.44493636111106,58.0,70.17600000000003,45.23539869663796,17.0
-1,-87.47885995505868,18.07036950462957,56.0,60.09600000000003,27.382859955058656,18.0
-1,-68.63152520090502,14.8608158472222,52.0,60.38400000000002,8.24752520090499,7.0
-1,-80.9414515648213,18.40626894444445,43.0,45.69600000000002,35.245451564821295,18.0
-1,-115.9755984079668,21.195733782407338,49.0,61.72800000000002,54.24759840796677,20.0
-1,-88.0228118384446,14.587286393518522,45.0,47.90400000000001,40.118811838444586,20.0
-1,-88.65241025826062,19.225185287037014,52.0,55.96800000000002,32.6844102582606,18.0
-1,-92.27293636040294,15.019557481481494,41.0,49.44000000000002,42.83293636040292,20.0
-1,-81.14808591668614,17.31015157407407,43.0,47.32800000000001,33.82008591668613,20.0
-1,-91.23918746407932,17.65290004629627,47.0,57.98400000000002,33.25518746407929,22.0
-1,-100.6789875494719,19.594518953703687,67.0,74.97600000000003,25.702987549471867,14.0
-1,-79.56429233073047,18.05404444907404,45.0,51.45600000000002,28.108292330730457,16.0
-1,-78.49739445193978,14.136537708333334,38.0,36.672,41.82539445193978,23.0
-1,-76.9824497130488,18.662163319444435,43.0,50.59200000000001,26.39044971304878,16.0
-1,-108.3143476002698,13.649245203703686,43.0,54.33600000000002,53.97834760026979,23.0
-1,-86.29221011522513,18.437515865740725,44.0,46.848000000000006,39.444210115225125,18.0
-1,-93.43795437324852,17.51212625462959,50.0,51.93600000000002,41.50195437324849,21.0
-1,-87.58472816287983,20.25573319444438,67.0,66.24000000000002,21.344728162879807,15.0
-1,-79.20939145525193,15.747438268518511,43.0,43.48800000000001,35.721391455251926,18.0
-1,-222.7817655018225,19.869326935185097,100.0,156.4800000000001,66.3017655018224,22.0
-1,-90.7900601896952,17.637352824074068,46.0,52.51200000000002,38.27806018969517,18.0
-1,-72.39320431429621,18.125561842592564,46.0,44.92800000000001,27.465204314296194,18.0
-1,-89.960840633397,16.145494537037024,47.0,58.46400000000003,31.496840633396964,19.0
-1,-97.85446396116468,20.72224604166665,58.0,73.24800000000002,24.606463961164657,15.0
-1,-90.45327759332812,16.94621852314812,50.0,60.576000000000015,29.877277593328092,18.0
-1,-91.90306735388388,19.70833261574071,48.0,51.93600000000002,39.96706735388385,19.0
-1,-115.88985276021604,24.82324567129621,55.0,65.18400000000003,50.70585276021601,18.0
-1,-82.59932097088534,12.202171967592582,41.0,46.65600000000001,35.94332097088534,20.0
-1,-99.17522021609824,17.314751731481465,44.0,48.576000000000015,50.59922021609824,22.0
-1,-88.5761457082786,18.412064254629605,48.0,55.00800000000002,33.56814570827858,17.0
-1,-108.9098370484304,19.647532365740688,62.0,66.81600000000003,42.09383704843038,22.0
-1,-94.94500767668517,19.754752601851823,52.0,56.640000000000015,38.305007676685136,18.0
-1,-149.58035641739576,21.740836657407304,68.0,90.04800000000004,59.53235641739571,22.0
-1,-97.59464314732767,16.41914831944442,49.0,54.91200000000001,42.68264314732766,20.0
-1,-117.65664421272648,15.899290972222204,52.0,61.72800000000003,55.92864421272647,26.0
-1,-101.72983086498525,18.271690319444406,46.0,56.64000000000002,45.08983086498522,20.0
-1,-91.3997387000047,16.318475898148126,44.0,53.08800000000002,38.31173870000468,21.0
-1,-115.44303829028132,13.731146435185162,51.0,69.21600000000004,46.22703829028127,22.0
-1,-102.03188674457168,16.081254175925917,46.0,53.56800000000002,48.46388674457166,22.0
-1,-90.94560584114916,22.55382259259257,60.0,65.28000000000003,25.66560584114913,13.0
-1,-88.69274352741581,17.106922824074054,51.0,57.40800000000002,31.28474352741579,18.0
-1,-95.91792377469535,14.219932324074058,40.0,49.72800000000001,46.18992377469536,23.0
-1,-121.1470367175722,19.81165378703701,53.0,65.66400000000003,55.483036717572176,18.0
-1,-74.66582249031832,18.356788245370357,44.0,44.832000000000015,29.8338224903183,19.0
-1,-96.90279105198093,17.941071504629615,44.0,53.18400000000002,43.718791051980894,21.0
-1,-94.6231670780352,17.95764533796296,41.0,44.736,49.88716707803521,22.0
-1,-100.19046534540756,16.133960657407393,48.0,57.40800000000002,42.78246534540753,22.0
-1,-105.36873235177517,16.620203504629583,39.0,44.16000000000002,61.20873235177515,24.0
-1,-73.39406310292102,16.710962796296304,43.0,42.52800000000001,30.86606310292101,15.0
-1,-88.40239826903976,19.42640649074071,49.0,54.048000000000016,34.35439826903975,17.0
-1,-95.37871373150202,13.332239800925944,42.0,44.44800000000001,50.93071373150202,24.0
-1,-76.98275724431818,16.4108743148148,41.0,49.05600000000001,27.92675724431817,17.0
-1,-88.85443751042325,21.53544620370368,45.0,56.06400000000003,32.79043751042323,14.0
-1,-98.6489497690634,18.165854106481454,48.0,51.840000000000025,46.808949769063375,23.0
-1,-83.10200701310514,19.16012554166668,43.0,46.17600000000001,36.92600701310513,19.0
-1,-83.42088472920562,18.502486592592604,42.0,40.99200000000001,42.42888472920562,20.0
-1,-108.83827383228694,16.750230837962935,57.0,69.79200000000003,39.04627383228692,21.0
-1,-87.32453101434638,11.51114789351852,33.0,39.168000000000006,48.15653101434636,25.0
-1,-92.0015008941332,21.029029490740704,54.0,54.24000000000003,37.76150089413315,16.0
-1,-71.05161985928953,13.410022851851831,45.0,44.06400000000001,26.987619859289524,17.0
-1,-142.56254485878102,22.98513512037028,70.0,90.81600000000005,51.746544858780986,19.0
-1,-74.45960725839716,20.04604694444444,50.0,53.66400000000001,20.795607258397144,15.0
-1,-117.27811795669356,18.042252018518464,53.0,66.81600000000003,50.46211795669352,20.0
-1,-79.21504113558231,14.670506097222203,41.0,45.31200000000001,33.9030411355823,19.0
-1,-71.75075275785973,17.791288537037026,46.0,48.48000000000002,23.27075275785971,11.0
-1,-73.24873321354636,12.494813134259248,37.0,43.68000000000001,29.568733213546352,21.0
-1,-81.78273817536797,9.356080856481494,47.0,42.81600000000001,38.96673817536795,22.0
-1,-84.53946657576606,21.636081273148097,59.0,64.70400000000002,19.83546657576603,10.0
-1,-71.55839023697777,14.184692481481488,38.0,38.016000000000005,33.54239023697776,19.0
-1,-77.67282282008573,18.403606064814788,45.0,52.512000000000015,25.16082282008571,15.0
-1,-85.40543225498197,20.00136993981478,45.0,50.01600000000001,35.389432254981955,18.0
-1,-89.74540558480481,14.65992962037038,40.0,41.95200000000001,47.7934055848048,24.0
-1,-76.6266799135152,13.666522162037053,35.0,44.064000000000014,32.56267991351518,18.0
-1,-75.64285047191358,14.938993949074051,36.0,37.248,38.39485047191358,19.0
-1,-89.72945492570392,26.71329738425924,62.0,63.93600000000004,25.793454925703884,13.0
-1,-94.81641360296364,22.918865722222165,61.0,70.75200000000002,24.064413602963636,13.0
-1,-86.17566082389365,20.54243335648145,53.0,53.08800000000002,33.08766082389363,17.0
-1,-90.38318159907894,18.450481620370347,49.0,52.896000000000015,37.48718159907892,17.0
-1,-83.25714767614585,13.486077541666653,36.0,43.58400000000001,39.67314767614584,22.0
-1,-99.39837381628416,15.397423722222218,50.0,56.736000000000026,42.66237381628415,22.0
-1,-107.68718178933744,22.588296601851784,52.0,61.63200000000002,46.05518178933743,20.0
-1,-90.7860690667825,14.85958575462964,49.0,51.16800000000002,39.61806906678248,18.0
-1,-114.58245479597254,22.25756814814809,58.0,69.31200000000003,45.27045479597251,18.0
