-1,-360.0632371109304,24.016076490740648,93.0,124.70400000000008,235.35923711093034,29.0
-1,-755.5504034211406,141.6395978333334,253.0,130.46400000000017,625.0864034211404,30.0
-1,-1029.8771061234695,143.96742987037035,283.0,138.8160000000001,891.0611061234695,30.0
-1,-1225.9314609702233,168.9852227175928,303.0,146.78400000000025,1079.147460970223,30.0
-1,-1020.449809102465,173.69679267129638,278.0,110.49600000000018,909.9538091024648,30.0
-1,-918.5541842754872,115.8761803518517,231.0,117.31200000000008,801.242184275487,30.0
-1,-978.941268716421,146.82403624537037,254.0,98.97600000000013,879.9652687164208,30.0
-1,-890.2475797096159,120.57769922222208,246.0,120.48000000000006,769.7675797096159,30.0
-1,-1429.089467804121,161.1769193287038,293.0,154.75200000000024,1274.337467804121,30.0
-1,-1778.1541754664615,159.71256704629644,278.0,146.30400000000003,1631.8501754664617,30.0
-1,-725.6742474787893,135.10726441203695,257.0,103.48800000000008,622.1862474787893,30.0
-1,-736.6897248524522,110.55386059722215,239.0,115.39199999999994,621.2977248524522,30.0
-1,-642.5789655005268,121.74626728703704,253.0,152.06399999999996,490.5149655005269,29.0
-1,-760.531701038245,138.96937125925922,269.0,144.19199999999995,616.339701038245,30.0
-1,-741.3792275891497,127.57102714814798,239.0,111.7440000000001,629.6352275891495,30.0
-1,-689.5598349043768,101.04563722222228,235.0,130.36799999999985,559.191834904377,30.0
-1,-476.22660141899246,99.45891423148134,237.0,143.7120000000002,332.5146014189923,30.0
-1,-680.3249339034211,101.90379459722224,233.0,144.67200000000014,535.652933903421,30.0
-1,-437.6310697104286,82.1553817870369,212.0,158.7839999999999,278.8470697104287,30.0
-1,-401.7996271536295,105.94865212037035,225.0,121.34400000000012,280.4556271536294,30.0
-1,-404.922172461659,73.05553048611115,209.0,137.76000000000005,267.16217246165894,30.0
-1,-316.76647032981515,70.5027243287037,183.0,127.39199999999995,189.3744703298152,26.0
-1,-530.8067268975667,102.93132266203696,227.0,146.112,384.69472689756674,30.0
-1,-321.16661544824825,65.70715970833336,230.0,172.32000000000022,148.84661544824803,28.0
-1,-465.1920027931194,78.23109592129643,237.0,183.36000000000016,281.8320027931192,29.0
-1,-365.6927756802989,73.99542603240752,209.0,154.17600000000013,211.51677568029868,28.0
-1,-361.4743220499168,73.72117042592598,250.0,191.32800000000017,170.14632204991662,27.0
-1,-422.61784061791855,86.64032986574082,295.0,222.1440000000002,200.4738406179183,27.0
-1,-426.996183680428,69.61908598148142,218.0,163.8720000000001,263.1241836804279,28.0
-1,-308.1520209835968,60.879734296296334,210.0,193.24800000000008,114.9040209835967,27.0
-1,-367.820064011627,65.36234008333336,275.0,230.01600000000025,137.80406401162674,29.0
-1,-356.0488946998331,68.62313497685192,255.0,210.4320000000001,145.61689469983304,28.0
-1,-327.4837367909423,61.30919981481483,296.0,237.5040000000001,89.97973679094224,24.0
-1,-362.8513030479153,49.80831660185188,283.0,240.28800000000007,122.56330304791518,28.0
-1,-347.800485598324,46.72828953703703,236.0,227.52000000000007,120.2804855983239,27.0
-1,-404.0946753349047,63.04607950925925,273.0,231.552,172.54267533490463,29.0
-1,-289.3746257986057,38.79156987500001,221.0,194.59200000000016,94.78262579860548,29.0
-1,-324.6013879521024,45.68117540740746,241.0,218.9760000000001,105.6253879521023,28.0
-1,-338.3176721576152,53.92445801851853,287.0,252.86400000000015,85.45367215761505,25.0
-1,-400.0328092679841,56.89183075462964,285.0,259.9680000000002,140.0648092679839,28.0
-1,-375.9377712562896,38.01085076388891,295.0,277.344,98.5937712562896,27.0
-1,-318.8768823814757,51.77895305092599,217.0,211.3920000000003,107.48488238147542,28.0
-1,-566.4930411946058,58.6629514305556,364.0,344.5439999999997,221.94904119460608,29.0
-1,-305.24308102464784,33.00600921296292,257.0,249.1199999999999,56.12308102464792,24.0
-1,-378.8988408785907,36.38714202777778,307.0,307.7759999999997,71.12284087859099,26.0
-1,-326.6603096303748,36.30110105555565,261.0,273.0240000000001,53.6363096303747,22.0
-1,-274.46727344290093,33.392433365740764,224.0,209.95200000000008,64.51527344290085,27.0
-1,-314.0907682915655,31.20760545370372,265.0,257.9520000000001,56.13876829156537,24.0
-1,-288.6931351311841,37.54876345833336,234.0,240.0960000000001,48.59713513118398,24.0
-1,-308.81565653172424,48.08483886574079,243.0,229.5360000000001,79.2796565317242,23.0
-1,-363.4693301644725,56.85405096759267,264.0,255.6480000000001,107.8213301644724,26.0
-1,-411.27128157319135,40.49413556944447,308.0,305.6639999999996,105.60728157319171,27.0
-1,-449.1827992556671,62.82794042129633,333.0,311.4239999999997,137.75879925566733,29.0
-1,-248.70448655886548,38.299292032407386,181.0,161.1839999999999,87.52048655886556,24.0
-1,-279.54776004731934,42.55737075462966,219.0,202.84800000000016,76.6997600473192,23.0
-1,-304.86111857869696,23.82764969907405,254.0,268.51199999999983,36.34911857869712,22.0
-1,-392.9814957656524,53.96199874074081,331.0,297.3120000000001,95.66949576565226,21.0
-1,-324.6681520746757,46.37621762037046,258.0,246.24000000000007,78.4281520746756,21.0
-1,-286.09040296939185,29.686814907407392,248.0,233.376,52.714402969391855,24.0
-1,-296.176544181457,40.00666634259265,238.0,227.71200000000016,68.46454418145686,24.0
-1,-289.7148204980259,45.69338594907412,233.0,217.536,72.17882049802596,25.0
-1,-293.4340998943629,47.12918060648151,253.0,231.84000000000012,61.59409989436272,23.0
-1,-304.1327425203008,40.379134245370416,204.0,207.0720000000001,97.06074252030066,22.0
-1,-228.1132979435639,38.61213610185188,175.0,153.02400000000011,75.08929794356378,24.0
-1,-300.02266488478165,43.94502846759264,240.0,231.93599999999984,68.08666488478177,26.0
-1,-341.33600950187054,35.72803560648149,233.0,235.296,106.04000950187051,28.0
-1,-249.2485335771385,41.360717129629634,202.0,169.824,79.42453357713843,24.0
-1,-272.3838553527312,39.29884123611116,221.0,202.08,70.3038553527312,24.0
-1,-343.8629631523765,49.676373148148144,253.0,239.9040000000001,103.95896315237644,28.0
-1,-437.5612622435263,53.59112284722226,345.0,319.1999999999997,118.36126224352658,29.0
-1,-257.6575767932617,42.58940008796297,192.0,172.512,85.1455767932617,25.0
-1,-251.0039968594172,32.792584958333286,190.0,178.17600000000004,72.82799685941713,27.0
-1,-325.71128631431753,41.09412112962968,241.0,238.75200000000007,86.95928631431748,29.0
-1,-245.651409542498,30.41934436574077,175.0,174.336,71.31540954249802,27.0
-1,-211.99341813793,22.977053259259275,171.0,172.31999999999996,39.67341813793004,21.0
-1,-227.6712323654503,38.95275429166669,199.0,175.872,51.79923236545028,20.0
-1,-228.46262308133265,34.585524254629604,182.0,179.04,49.42262308133263,21.0
-1,-246.9749741443274,30.85750286574072,202.0,191.42400000000004,55.55097414432737,24.0
-1,-212.4556433164712,34.792143657407394,174.0,169.91999999999996,42.53564331647126,18.0
-1,-266.80483842551735,31.30915574537038,216.0,214.656,52.14883842551736,25.0
-1,-281.0735349860177,40.20045108333336,228.0,189.98399999999992,91.08953498601778,28.0
-1,-209.7614557292992,28.521545203703667,173.0,159.93599999999992,49.82545572929925,20.0
-1,-357.5985039820094,35.84353329166667,251.0,271.67999999999995,85.91850398200944,24.0
-1,-201.0716073479037,27.43015742129627,131.0,128.64000000000004,72.43160734790362,25.0
-1,-387.7314937403037,49.78879928240747,277.0,252.00000000000003,135.7314937403037,28.0
-1,-180.05967594236265,32.78673547685187,135.0,131.13600000000002,48.92367594236261,23.0
-1,-179.79934191652194,30.882319689814825,123.0,110.784,69.01534191652193,26.0
-1,-202.4488656398579,31.149535731481524,165.0,144.09600000000003,58.35286563985787,25.0
-1,-178.61346167877025,32.02945396296298,113.0,103.96800000000005,74.64546167877022,26.0
-1,-182.65548547616467,30.26350710185187,149.0,129.98399999999998,52.67148547616468,22.0
-1,-216.0186889941464,31.88999904629631,145.0,141.60000000000005,74.41868899414632,25.0
-1,-201.03236638257945,33.021590171296296,131.0,129.12000000000003,71.91236638257939,25.0
-1,-193.9576161268944,27.05118689814815,129.0,136.99200000000005,56.96561612689436,21.0
-1,-159.73458043808785,32.14109481481481,120.0,97.63199999999998,62.10258043808789,24.0
-1,-188.9430687305521,30.2643555972222,126.0,124.41600000000004,64.52706873055209,23.0
-1,-243.581007475794,29.6723038796296,168.0,171.93600000000004,71.64500747579396,27.0
-1,-176.59977209938194,38.12068422685184,135.0,110.304,66.29577209938192,24.0
-1,-231.1848304310776,28.60954893518515,159.0,169.6319999999999,61.55283043107768,26.0
-1,-193.410196951044,35.22593555555557,118.0,108.48,84.93019695104397,26.0
-1,-147.93847155252502,25.77739536574073,123.0,102.52800000000002,45.41047155252501,25.0
-1,-197.5370361854816,31.144278324074065,130.0,125.76000000000003,71.77703618548155,25.0
-1,-150.5731651903683,26.861154092592585,106.0,104.83200000000004,45.74116519036826,20.0
-1,-172.64736648701955,32.33887390740738,102.0,87.36000000000004,85.28736648701953,26.0
-1,-163.467741548336,31.6009125648148,104.0,98.976,64.49174154833598,20.0
-1,-159.48378059843583,30.68748399537041,116.0,85.05599999999994,74.4277805984359,23.0
-1,-188.20538953023996,34.491386050925904,120.0,113.76000000000003,74.4453895302399,23.0
-1,-159.43309421793367,28.745419643518517,112.0,104.16000000000004,55.27309421793363,24.0
-1,-251.3533802677333,32.25129731481481,120.0,110.592,140.76138026773333,29.0
-1,-161.25688453475297,26.572969703703706,97.0,89.85600000000004,71.40088453475293,25.0
-1,-143.96735295090178,33.976034277777806,102.0,95.32800000000005,48.63935295090175,19.0
-1,-188.9914309701348,38.94989934259263,105.0,93.792,95.1994309701348,26.0
-1,-182.73019013261265,28.74372011574067,102.0,110.88,71.85019013261264,25.0
-1,-242.24743326054173,35.86120458333329,117.0,133.34400000000005,108.9034332605417,27.0
-1,-185.59635506517697,39.63620764814815,107.0,89.18400000000001,96.41235506517694,24.0
-1,-155.67492240240787,32.365545037036945,104.0,100.03200000000002,55.64292240240785,23.0
-1,-186.58566235803715,32.91470787962957,109.0,112.99200000000005,73.59366235803712,25.0
-1,-161.50693558808894,27.47428253703704,92.0,89.76000000000002,71.7469355880889,24.0
-1,-170.96493268109168,27.35836515277775,107.0,113.472,57.49293268109166,24.0
-1,-166.90195570433065,34.317368773148175,97.0,83.23200000000004,83.66995570433059,25.0
-1,-146.03538257109054,26.172661069444445,83.0,76.89599999999999,69.13938257109055,22.0
-1,-171.29613399886608,26.914855578703698,99.0,94.56000000000004,76.73613399886605,24.0
-1,-189.34375095239284,29.65521181481482,140.0,136.60799999999998,52.73575095239288,25.0
-1,-157.01958251691053,28.910896564814827,96.0,84.384,72.63558251691052,24.0
-1,-134.90188689008176,23.010467324074057,79.0,69.60000000000002,65.30188689008175,23.0
-1,-156.1933052650975,25.395146171296304,110.0,100.80000000000004,55.39330526509747,24.0
-1,-175.22643760096548,31.66622013425925,105.0,101.56800000000004,73.65843760096546,22.0
-1,-147.80290060952768,29.790367685185146,96.0,91.87200000000004,55.93090060952767,22.0
-1,-131.140622717521,19.44917009722221,90.0,83.52000000000001,47.62062271752101,24.0
-1,-151.95623677654658,31.208161759259276,88.0,66.52799999999999,85.42823677654657,22.0
-1,-243.4485565033195,33.23555720370374,110.0,99.84,143.6085565033195,28.0
-1,-171.69093108489227,27.845762171296272,89.0,89.76000000000002,81.93093108489224,25.0
-1,-197.17704597148185,28.787481490740745,100.0,93.888,103.28904597148184,28.0
-1,-161.90545827838338,30.72452564814814,100.0,101.95200000000004,59.953458278383344,23.0
-1,-214.5174216616184,31.342471305555527,119.0,112.99200000000006,101.52542166161837,25.0
-1,-153.5644945344918,31.951870263888907,79.0,69.50400000000002,84.06049453449177,25.0
-1,-192.5747430210614,28.883168481481466,135.0,126.14400000000003,66.43074302106137,21.0
-1,-167.39637483810276,28.018707986111057,88.0,92.16000000000004,75.23637483810269,25.0
-1,-138.84683774106426,24.36519353240742,88.0,81.02400000000004,57.82283774106423,23.0
-1,-141.56435790574616,28.677267953703687,88.0,96.96000000000004,44.60435790574612,17.0
-1,-127.14041714011664,25.5341743101852,87.0,75.36000000000003,51.78041714011663,23.0
-1,-154.81928384125322,33.35463707870367,83.0,72.86400000000002,81.9552838412532,22.0
-1,-147.36609582526242,35.78721920833334,91.0,76.32000000000004,71.04609582526238,23.0
-1,-146.5529624403265,24.78557125462965,94.0,95.32800000000005,51.22496244032645,22.0
-1,-144.7521016707554,22.58222909722223,84.0,79.10400000000001,65.64810167075538,24.0
-1,-148.89754503689957,25.042843208333306,81.0,79.10400000000003,69.79354503689954,21.0
-1,-147.7532550682925,34.85014075462966,88.0,76.03200000000002,71.72125506829248,20.0
-1,-136.18050309928583,26.226392986111133,80.0,89.66400000000003,46.516503099285806,21.0
-1,-141.35609741747905,21.89810710648148,83.0,78.048,63.30809741747905,27.0
-1,-144.08197989111784,24.79394661574068,66.0,71.712,72.36997989111782,23.0
-1,-190.50126349136175,29.739325949074104,111.0,96.96000000000002,93.54126349136176,23.0
-1,-141.86175937523598,24.35736921296293,70.0,78.33600000000004,63.52575937523594,19.0
-1,-145.13581092618975,21.74710439351851,66.0,63.16800000000003,81.96781092618973,25.0
-1,-139.16309353113598,25.421505685185178,74.0,79.58400000000003,59.579093531135946,21.0
-1,-164.23865822295997,23.376013499999985,90.0,92.73600000000002,71.50265822295995,23.0
-1,-149.85123008874535,27.32979065277776,73.0,73.34400000000004,76.5072300887453,24.0
-1,-143.3390270192147,19.682816796296304,73.0,77.56800000000003,65.77102701921469,22.0
-1,-122.50403741408591,21.495282532407373,62.0,58.65600000000001,63.8480374140859,21.0
-1,-121.84067551546082,23.285730050925924,64.0,55.96800000000001,65.87267551546081,23.0
-1,-135.3022283833896,21.584507879629623,70.0,58.56000000000003,76.74222838338957,25.0
-1,-144.54742650515598,24.159943925925905,76.0,84.00000000000003,60.547426505155954,24.0
-1,-149.3698561278759,23.73678083333328,93.0,102.72,46.64985612787589,23.0
-1,-157.63914414390598,26.381309087962965,81.0,85.15200000000002,72.48714414390598,22.0
-1,-150.2681760881158,20.09125766203701,72.0,70.944,79.3241760881158,24.0
-1,-152.8243978832112,27.69847527777777,82.0,90.72000000000004,62.10439788321117,19.0
-1,-139.5497397826949,19.427683819444443,65.0,70.65600000000002,68.89373978269488,23.0
-1,-124.8355377620667,20.217628925925908,67.0,65.66400000000002,59.1715377620667,24.0
-1,-127.6174787171905,25.26810864814817,74.0,70.75200000000002,56.86547871719047,21.0
-1,-134.20010232308528,20.31961830092592,66.0,67.68,66.52010232308528,24.0
-1,-132.93236299433158,26.344518898148145,75.0,70.27200000000002,62.66036299433158,20.0
-1,-132.8168415311513,23.207243861111078,76.0,73.05600000000004,59.76084153115127,24.0
-1,-113.04564336680718,21.204881875,60.0,58.08000000000001,54.96564336680717,23.0
-1,-150.63212343369258,19.989907925925905,79.0,77.76000000000003,72.87212343369254,24.0
-1,-124.9697884363334,21.199166023148138,64.0,74.4,50.5697884363334,23.0
-1,-164.28641990840356,29.78376581018515,82.0,81.69600000000001,82.59041990840356,23.0
-1,-166.94524186088017,33.32202223148146,83.0,77.18400000000001,89.76124186088013,26.0
-1,-129.43214816255988,18.768528226851792,73.0,79.10400000000001,50.32814816255988,27.0
-1,-144.66759161845204,22.380169467592587,72.0,74.97600000000003,69.69159161845201,25.0
-1,-128.6449839808237,22.40581972685185,68.0,67.96800000000002,60.67698398082368,22.0
-1,-129.05955954375972,16.853180671296286,72.0,81.98400000000005,47.07555954375966,19.0
-1,-144.09143584695133,21.019018388888863,69.0,69.40800000000002,74.68343584695131,24.0
-1,-125.5432763663757,18.150812277777767,65.0,71.90400000000001,53.63927636637569,23.0
-1,-120.15535843042254,24.29972136574073,66.0,70.08000000000003,50.07535843042251,20.0
-1,-165.130344207331,20.87618032407407,74.0,101.85600000000004,63.27434420733094,17.0
-1,-129.16355201792578,22.576319652777723,71.0,81.60000000000001,47.56355201792578,21.0
-1,-124.95262085904292,18.44378397222218,67.0,76.32000000000002,48.632620859042895,24.0
-1,-167.200439785087,26.94430714351848,89.0,102.72,64.48043978508699,24.0
-1,-127.90243353538456,21.716617944444412,61.0,70.17600000000003,57.726433535384544,25.0
-1,-125.35097974860304,17.68819737499998,54.0,70.84800000000003,54.50297974860303,19.0
-1,-127.73098197391796,25.38034501851847,78.0,70.36800000000002,57.36298197391794,23.0
-1,-122.9211241509574,18.62916693055553,56.0,67.87200000000003,55.04912415095739,21.0
-1,-130.6399882772699,22.2684746111111,56.0,68.92800000000003,61.71198827726988,23.0
-1,-110.99556830316344,14.232163472222211,46.0,58.176000000000016,52.81956830316342,24.0
-1,-110.69878257395264,14.990330384259254,49.0,60.96000000000002,49.73878257395262,22.0
-1,-141.27481281065036,20.03093165740739,66.0,73.72800000000002,67.54681281065032,23.0
-1,-129.0202843809898,19.808722833333302,58.0,73.63200000000002,55.38828438098978,23.0
-1,-111.14878693300292,18.208734935185163,48.0,61.44000000000002,49.70878693300289,19.0
-1,-113.93034276051804,13.638498189814811,56.0,64.80000000000003,49.130342760518026,22.0
-1,-116.19540682072062,16.690959023148125,56.0,67.00800000000002,49.18740682072061,20.0
-1,-109.30577130916632,18.320352583333317,55.0,61.440000000000026,47.86577130916629,22.0
-1,-125.3349737898269,15.61105682407407,46.0,52.896000000000015,72.43897378982689,24.0
-1,-106.41090801036052,14.90587931481481,46.0,47.90400000000001,58.5069080103605,24.0
-1,-130.0279855834786,18.52423400925923,51.0,63.36000000000003,66.66798558347858,23.0
-1,-110.2605295229153,17.014713124999986,51.0,53.088,57.17252952291532,22.0
-1,-126.78856696957206,25.9166227824074,61.0,60.38400000000002,66.40456696957204,18.0
-1,-128.49613962760455,15.442390148148109,48.0,66.14400000000002,62.35213962760453,25.0
-1,-109.27309903886832,15.57340689814814,47.0,56.640000000000015,52.63309903886831,23.0
-1,-117.83645961417996,15.951431546296275,48.0,60.48000000000002,57.35645961417995,22.0
-1,-137.08542937087043,21.849361902777726,59.0,68.06400000000001,69.02142937087041,21.0
-1,-123.6161769774993,18.84851212962963,52.0,59.23200000000004,64.38417697749927,20.0
-1,-119.3273767931273,15.869672078703672,53.0,65.08800000000002,54.23937679312728,22.0
-1,-102.9093015291626,14.885737402777764,43.0,49.44000000000001,53.46930152916258,24.0
-1,-115.62611606175916,19.38984617592588,55.0,67.29600000000002,48.33011606175914,20.0
-1,-158.25191546707725,21.533838476851823,55.0,68.25600000000003,89.99591546707724,28.0
-1,-93.93948879624725,10.540723175925928,40.0,47.13600000000001,46.80348879624724,21.0
-1,-150.04460909074328,21.68701045833329,61.0,67.77600000000002,82.26860909074324,26.0
-1,-100.00618708614736,11.80581019444446,41.0,46.27200000000001,53.734187086147344,24.0
-1,-119.19640281312437,19.09204374074073,64.0,66.91200000000003,52.28440281312432,25.0
-1,-116.37219780917286,15.51277692129628,48.0,55.39200000000002,60.98019780917284,24.0
-1,-128.19028515509848,21.04976802314812,65.0,81.40800000000004,46.78228515509844,16.0
-1,-97.7195004040679,13.087239731481498,43.0,48.192,49.52750040406789,23.0
-1,-125.73893837295272,18.10672874074069,53.0,69.21600000000002,56.52293837295272,21.0
-1,-135.3332852698622,17.382967078703683,53.0,57.40800000000002,77.92528526986216,23.0
-1,-138.4006743814508,18.64519345833329,51.0,83.23200000000004,55.16867438145079,18.0
-1,-117.6612196609128,19.50076512962963,54.0,52.704000000000015,64.95721966091278,23.0
-1,-138.77553492211825,15.984862680555551,57.0,76.128,62.64753492211823,24.0
-1,-112.75531419131684,15.132742967592591,51.0,62.78400000000002,49.971314191316814,19.0
-1,-108.23102000790392,19.14011015277777,45.0,49.536000000000016,58.69502000790391,18.0
-1,-135.3902365761,15.327010083333304,50.0,70.17600000000003,65.21423657609998,24.0
-1,-125.96967831543722,16.69343483796294,46.0,58.84800000000004,67.12167831543718,24.0
-1,-142.171268744126,13.91873927314814,48.0,65.28000000000002,76.89126874412598,24.0
-1,-122.52926574046592,12.35681245833333,52.0,71.13600000000002,51.393265740465885,21.0
-1,-101.38875240103675,15.04606273611108,44.0,62.304000000000016,39.084752401036745,16.0
-1,-129.0342636637155,12.60992912037038,42.0,58.08000000000001,70.9542636637155,22.0
-1,-100.71016921937004,10.342148532407396,39.0,57.60000000000002,43.11016921937001,20.0
-1,-113.11948097435226,16.560924759259237,43.0,61.248000000000026,51.871480974352224,20.0
-1,-102.66715114860602,10.769172356481487,46.0,49.440000000000005,53.22715114860601,26.0
-1,-108.61336387102524,17.08327516666664,44.0,64.70400000000002,43.9093638710252,19.0
-1,-117.16246855014263,14.357208671296286,55.0,69.98400000000001,47.17846855014264,20.0
-1,-108.87429870149975,17.199055643518484,44.0,53.76000000000002,55.11429870149975,21.0
-1,-116.02344290674836,18.201195749999943,45.0,60.96000000000002,55.06344290674835,21.0
-1,-113.57644571421184,15.585088652777747,40.0,58.36800000000002,55.208445714211805,20.0
-1,-141.07473706818882,15.346100296296283,54.0,71.90400000000004,69.17073706818877,25.0
-1,-119.50866369036304,18.351270458333293,44.0,52.224000000000025,67.28466369036302,23.0
-1,-101.67130982082452,10.297427236111108,38.0,54.52800000000002,47.14330982082451,24.0
-1,-98.03004135947202,11.171121898148137,35.0,55.488000000000014,42.542041359472016,19.0
-1,-96.6505036183051,13.36275769444444,41.0,45.984000000000016,50.66650361830508,23.0
-1,-108.67497139156517,12.048360657407397,33.0,45.504000000000005,63.170971391565146,24.0
-1,-104.32911841260312,12.042628384259276,33.0,48.096,56.233118412603126,23.0
-1,-103.86773650677624,17.477068180555545,43.0,53.28000000000002,50.5877365067762,21.0
-1,-116.34771139783057,14.7675174722222,37.0,58.27200000000003,58.07571139783053,20.0
-1,-122.88159922656064,16.955520615740713,46.0,59.80800000000003,63.07359922656062,20.0
-1,-133.37229888785208,16.875058092592575,46.0,66.24000000000004,67.13229888785206,22.0
-1,-166.82139042722093,13.662459208333354,46.0,71.42400000000002,95.39739042722093,26.0
-1,-120.0480349097646,14.787061550925914,43.0,55.488000000000014,64.56003490976458,22.0
-1,-132.74675057957143,12.905695870370367,38.0,67.39200000000002,65.35475057957143,24.0
-1,-94.17303233522291,13.094612194444425,33.0,56.44800000000002,37.72503233522289,20.0
-1,-114.53880750699928,13.357863486111098,41.0,61.82400000000003,52.714807506999264,21.0
-1,-103.2709262449572,12.612923560185171,35.0,47.23200000000001,56.0389262449572,23.0
-1,-158.14928630486503,12.21607350925926,41.0,63.36000000000002,94.789286304865,24.0
-1,-121.9894871564468,16.724660148148125,40.0,54.81600000000002,67.1734871564468,21.0
-1,-135.94472261188065,17.04026036574071,46.0,66.24000000000002,69.70472261188061,22.0
-1,-115.32016671023706,13.833158060185184,40.0,55.96800000000002,59.35216671023705,24.0
-1,-113.3390043641036,12.924610222222208,36.0,60.86400000000002,52.47500436410358,23.0
-1,-110.67269801259305,12.005260462962951,40.0,61.63200000000001,49.04069801259301,22.0
-1,-150.23394502029169,19.100573055555493,50.0,72.864,77.3699450202917,23.0
-1,-113.19843628998542,10.207100180555551,37.0,57.88800000000002,55.31043628998541,22.0
-1,-132.8701893497245,13.300819953703677,38.0,67.20000000000002,65.6701893497245,24.0
-1,-163.10775177178772,15.780357685185194,53.0,66.04800000000002,97.05975177178772,27.0
-1,-135.2202126682492,16.238460800925907,42.0,60.67200000000003,74.54821266824915,26.0
-1,-129.8944534804146,16.674963587962953,43.0,60.57600000000002,69.31845348041456,23.0
-1,-135.25372024768723,16.465924800925894,36.0,57.21600000000001,78.0377202476872,24.0
-1,-101.55844733107736,16.90206079629625,34.0,52.896000000000015,48.66244733107734,19.0
-1,-124.65985039977592,16.61107537962961,42.0,63.45600000000002,61.20385039977592,28.0
-1,-118.73405534590832,12.436187023148156,40.0,63.552000000000014,55.18205534590831,21.0
-1,-138.02505763407177,11.86236933796295,47.0,61.82400000000002,76.20105763407176,23.0
-1,-126.08238870372278,12.529561236111112,43.0,62.40000000000002,63.68238870372276,23.0
-1,-92.99368433769408,13.745837550925913,43.0,44.640000000000015,48.35368433769408,22.0
-1,-128.20230814915166,10.437937740740756,39.0,62.01600000000003,66.18630814915164,24.0
-1,-123.5305911701559,14.31897231481481,42.0,57.504000000000026,66.02659117015587,21.0
-1,-129.72262247226766,16.83076927777774,46.0,63.93600000000002,65.78662247226764,20.0
-1,-112.9587356704088,11.564674328703692,43.0,60.00000000000003,52.95873567040879,21.0
-1,-97.8592534505574,10.004260634259268,33.0,42.720000000000006,55.13925345055739,23.0
-1,-152.66023209264716,14.34397601388886,50.0,75.36000000000003,77.30023209264714,23.0
-1,-101.3419747258674,12.259009560185191,30.0,41.760000000000005,59.58197472586741,21.0
-1,-129.192245201565,13.760232050925906,37.0,61.92000000000002,67.27224520156496,22.0
-1,-96.78874658063202,10.997680388888895,33.0,42.81600000000001,53.97274658063202,23.0
-1,-140.7264123276243,17.60516394907401,55.0,84.86400000000003,55.86241232762427,21.0
-1,-114.00209514928696,12.138656398148134,34.0,48.96000000000001,65.04209514928696,23.0
-1,-146.46701928439842,12.000391763888883,45.0,68.83200000000004,77.63501928439837,24.0
-1,-122.76362047151588,13.05508877777776,37.0,53.66400000000002,69.09962047151586,21.0
-1,-179.49843344655653,13.963888319444433,44.0,64.41600000000003,115.08243344655652,29.0
-1,-103.1717795703683,12.012099740740728,37.0,47.616000000000014,55.55577957036829,22.0
-1,-116.5317105090522,11.76610519444442,42.0,57.696000000000026,58.83571050905218,25.0
-1,-102.22900135789196,12.421696763888889,42.0,58.08000000000001,44.14900135789193,20.0
-1,-120.34434759592288,15.238198638888877,36.0,57.60000000000002,62.74434759592285,23.0
-1,-103.11891522562652,11.000566287037044,36.0,56.352000000000025,46.76691522562648,22.0
-1,-113.735871017494,16.690020212962928,41.0,55.20000000000002,58.53587101749396,21.0
-1,-123.3628835520178,13.341412624999991,38.0,57.216000000000015,66.14688355201777,25.0
-1,-147.0208098010183,15.632697513888864,55.0,71.61600000000003,75.40480980101825,24.0
-1,-132.00647092742594,14.81566788425924,48.0,72.57600000000004,59.43047092742589,23.0
-1,-149.8021421038713,11.486581805555549,43.0,68.25600000000003,81.54614210387126,25.0
-1,-111.5296629632716,15.454706166666648,39.0,55.00800000000002,56.52166296327158,21.0
-1,-111.4312832319888,18.385805828703663,43.0,75.64800000000002,35.783283231988776,16.0
-1,-113.26884556356784,15.84939639351852,37.0,55.10400000000003,58.16484556356782,20.0
-1,-95.17488250361744,8.764613912037044,31.0,37.824000000000005,57.35088250361743,27.0
-1,-124.20585415557912,11.407636064814806,38.0,55.29600000000002,68.9098541555791,22.0
-1,-108.5648122144266,14.016804624999985,37.0,52.80000000000001,55.7648122144266,22.0
-1,-125.969934450706,11.748995564814816,40.0,60.96000000000002,65.00993445070597,23.0
-1,-111.70329154619762,14.098218189814808,35.0,56.83200000000002,54.87129154619759,20.0
-1,-145.80494307267873,14.50339292592591,47.0,77.37600000000005,68.42894307267866,24.0
-1,-135.41168730695148,11.740809819444436,38.0,64.22400000000002,71.18768730695147,23.0
-1,-144.210913674002,18.643309347222164,49.0,70.75200000000004,73.45891367400196,21.0
-1,-115.31108426251208,11.02060651388889,32.0,38.88000000000001,76.43108426251206,26.0
-1,-144.48161748542665,17.005344703703674,57.0,80.35200000000003,64.1296174854266,23.0
-1,-142.26505976805225,15.688529365740726,49.0,71.23200000000004,71.03305976805223,22.0
-1,-108.96948771183511,13.34024449074071,32.0,47.61600000000001,61.3534877118351,23.0
-1,-143.7269444759028,12.933833527777756,43.0,79.87200000000003,63.85494447590277,22.0
-1,-96.97608533811638,11.897103078703696,33.0,51.360000000000014,45.61608533811637,22.0
-1,-109.90766885589127,15.05500255092589,45.0,63.36000000000003,46.54766885589124,20.0
-1,-153.49404803117184,13.609328115740723,48.0,79.58400000000005,73.9100480311718,25.0
-1,-113.58301602063987,14.343227958333326,37.0,54.432000000000016,59.15101602063986,21.0
-1,-123.19050927968108,10.587892236111108,35.0,52.32000000000001,70.87050927968106,23.0
-1,-133.45153856222709,15.240075254629588,45.0,74.78400000000003,58.66753856222704,19.0
-1,-89.74135427425898,11.7486623611111,36.0,43.39200000000001,46.34935427425896,24.0
-1,-125.32713943094552,11.978608782407402,35.0,56.25600000000002,69.07113943094551,24.0
-1,-124.34121603010544,10.451995763888895,32.0,40.608,83.73321603010542,28.0
-1,-112.61330368241984,13.730395546296297,38.0,53.856000000000016,58.75730368241981,20.0
-1,-138.26991466905247,14.064916629629607,44.0,76.89600000000004,61.373914669052425,19.0
-1,-105.46886186268948,11.671715925925934,36.0,48.384,57.08486186268946,22.0
-1,-94.5102562656707,11.83696978703704,29.0,48.38400000000001,46.12625626567069,21.0
-1,-113.30459276331256,11.61208449074074,32.0,50.40000000000001,62.90459276331255,26.0
-1,-124.8814036399226,12.41967965740738,39.0,61.44000000000002,63.44140363992258,21.0
-1,-113.88412929853882,8.849158444444441,30.0,45.408000000000015,68.47612929853881,23.0
-1,-122.7619401674092,12.083828615740726,40.0,58.84800000000001,63.91394016740918,22.0
-1,-100.07120308075778,11.378744671296282,32.0,45.98400000000001,54.08720308075778,23.0
-1,-130.54250357536492,15.237126115740708,41.0,63.840000000000025,66.7025035753649,21.0
-1,-111.02957178683768,11.231907425925929,33.0,49.152000000000015,61.87757178683767,23.0
-1,-109.92568277562869,9.716448657407414,33.0,47.80800000000002,62.11768277562864,27.0
-1,-123.16766962304996,10.71410883333333,35.0,54.24000000000002,68.92766962304994,24.0
-1,-109.98445289063037,11.57193607407406,33.0,52.22400000000002,57.76045289063034,20.0
-1,-123.40305202471248,11.535810472222222,36.0,59.424000000000014,63.97905202471247,23.0
-1,-121.6900424404658,13.029386259259248,36.0,48.09600000000001,73.59404244046577,21.0
-1,-106.20592870720424,13.733512166666667,39.0,52.32000000000002,53.88592870720421,18.0
-1,-140.19275400620722,12.562041203703684,39.0,66.81600000000003,73.37675400620721,25.0
-1,-119.60681169712676,12.329786662037034,44.0,56.544000000000025,63.06281169712674,24.0
-1,-133.42254453334417,12.650690416666654,46.0,73.82400000000004,59.59854453334412,22.0
-1,-129.12439208967538,11.652959250000004,38.0,61.34400000000003,67.78039208967536,23.0
-1,-113.7845435264296,16.093970277777743,44.0,67.10400000000003,46.68054352642957,23.0
-1,-127.32079476103416,12.891083361111088,40.0,65.56800000000001,61.75279476103416,20.0
-1,-102.96795771268756,12.498417004629609,37.0,54.432000000000016,48.53595771268754,21.0
-1,-92.55975181061132,11.971805324074058,26.0,38.784,53.775751810611325,24.0
-1,-124.43968386794587,9.621141069444455,36.0,65.56800000000003,58.871683867945855,23.0
-1,-129.33310474903587,11.580314282407398,39.0,65.37600000000002,63.95710474903586,26.0
-1,-109.84188223383735,12.667660814814807,34.0,50.78400000000001,59.05788223383736,22.0
-1,-122.00702640748835,10.94214820833334,33.0,49.344000000000015,72.66302640748833,24.0
-1,-128.10826408238728,12.356931851851868,46.0,67.87200000000003,60.23626408238724,24.0
-1,-116.78508003882165,10.5688282037037,36.0,51.552000000000014,65.23308003882161,29.0
-1,-197.45751939020707,13.726681907407391,55.0,91.48800000000004,105.96951939020704,29.0
-1,-125.09805949696,10.573579513888893,35.0,59.04000000000001,66.05805949695997,23.0
-1,-116.2074634463491,16.360267217592572,38.0,54.81600000000002,61.39146344634908,21.0
-1,-149.75874731086583,11.280552592592583,43.0,68.64000000000003,81.11874731086579,23.0
-1,-111.31294405724466,10.516470393518537,33.0,45.88800000000001,65.42494405724466,24.0
-1,-128.67258884470095,12.410899277777762,37.0,62.78400000000003,65.88858884470093,24.0
-1,-149.60970082189033,13.17576485648146,48.0,78.91200000000003,70.6977008218903,26.0
-1,-108.8251189547456,14.938685217592576,36.0,51.744000000000014,57.081118954745584,22.0
-1,-128.16358271091644,10.086731981481488,36.0,53.18400000000002,74.97958271091642,26.0
-1,-100.8840942321477,12.13401279166666,27.0,41.184,59.70009423214771,25.0
-1,-142.05555941787247,14.303383606481468,52.0,79.39200000000004,62.66355941787243,23.0
-1,-122.13476933702046,12.733294777777749,36.0,62.78400000000002,59.350769337020445,20.0
-1,-121.45676095537354,16.66962633796292,46.0,70.65600000000002,50.80076095537351,19.0
-1,-118.78912484821063,8.13537709722223,35.0,48.86400000000001,69.92512484821063,26.0
-1,-122.11983433527833,12.86066085185182,41.0,65.76000000000002,56.359834335278286,24.0
-1,-110.68003726352596,14.099608763888863,35.0,49.344000000000015,61.33603726352594,22.0
-1,-116.86963407588787,15.85761273611108,38.0,56.92800000000002,59.94163407588786,21.0
-1,-153.81963945104374,13.266788259259249,54.0,93.21600000000004,60.60363945104368,21.0
-1,-127.26967368605092,12.783049944444436,39.0,64.70400000000002,62.56567368605088,21.0
-1,-130.3475891496538,15.198668870370348,47.0,72.57600000000004,57.77158914965377,20.0
-1,-175.88755162149465,13.382278384259246,55.0,97.82400000000004,78.0635516214946,24.0
-1,-106.714459166159,14.96096751388887,36.0,53.18400000000002,53.53045916615897,21.0
-1,-152.4654634086234,11.569150115740731,50.0,85.05600000000004,67.40946340862338,24.0
-1,-154.71160023924648,15.26516098611108,64.0,109.82400000000004,44.88760023924642,19.0
-1,-105.15386235935873,11.693433805555577,31.0,50.88000000000001,54.27386235935872,23.0
-1,-129.22040761149958,12.36388566203705,45.0,62.304000000000016,66.91640761149957,20.0
-1,-107.43207126124436,11.75364294444444,29.0,43.96800000000001,63.46407126124437,24.0
-1,-124.08938295753153,17.35307730555554,45.0,56.83200000000003,67.25738295753148,21.0
-1,-117.14175489654772,13.825907819444408,46.0,67.39200000000004,49.74975489654767,21.0
-1,-112.4042571357765,12.704249726851828,33.0,55.872000000000014,56.5322571357765,23.0
-1,-115.0190137514622,11.46937970370368,37.0,47.71200000000002,67.3070137514622,25.0
-1,-94.85842476344772,9.290373375000009,22.0,38.016,56.84242476344773,23.0
-1,-137.97711139614592,13.116225657407387,35.0,58.94400000000002,79.03311139614588,27.0
-1,-105.92599956163548,13.889280824074056,40.0,55.20000000000002,50.72599956163547,20.0
-1,-136.4164737126397,13.191600351851854,43.0,66.24000000000002,70.17647371263968,23.0
-1,-117.82844965402126,10.982910259259253,37.0,61.248000000000026,56.58044965402123,22.0
-1,-157.40052433276256,15.177234263888858,53.0,87.55200000000004,69.84852433276252,24.0
-1,-149.49635734103734,14.949026629629602,44.0,73.53600000000003,75.96035734103731,23.0
-1,-133.7039551406884,15.745406259259228,35.0,53.088000000000015,80.6159551406884,25.0
-1,-105.87713808687266,12.628152435185156,28.0,41.08800000000001,64.78913808687265,22.0
-1,-144.3908055211407,14.445419171296288,42.0,69.12000000000003,75.27080552114066,25.0
-1,-103.36083013224042,14.277944439814812,39.0,58.27200000000002,45.0888301322404,18.0
-1,-112.06181522441864,16.482019787036997,40.0,62.78400000000003,49.27781522441862,19.0
-1,-115.8963165483478,13.062891810185176,40.0,65.08800000000002,50.808316548347776,18.0
-1,-158.47835516237186,10.653495652777764,51.0,99.84000000000005,58.63835516237181,26.0
-1,-146.12179752434895,16.92826381018513,55.0,87.45600000000005,58.66579752434892,19.0
-1,-118.45854602934487,10.035571384259264,36.0,52.60800000000002,65.85054602934486,26.0
-1,-107.07041747286333,10.349056925925945,31.0,43.776,63.29441747286331,24.0
-1,-117.40000807346314,11.142305625000002,31.0,48.48000000000001,68.92000807346314,26.0
-1,-108.36865245676162,11.762775439814824,35.0,50.496000000000016,57.8726524567616,20.0
-1,-134.58866129945068,14.877015560185145,47.0,69.69600000000003,64.89266129945067,22.0
-1,-111.958552220162,11.180711217592592,36.0,55.20000000000002,56.75855222016198,23.0
-1,-90.53946390805712,12.249323291666691,35.0,46.656000000000006,43.88346390805712,18.0
-1,-153.09855045154634,14.984414615740702,57.0,93.88800000000006,59.21055045154628,24.0
-1,-128.8463471480403,16.616030990740686,47.0,81.98400000000004,46.86234714804028,18.0
-1,-119.3266163043134,15.704686759259229,42.0,60.672000000000025,58.654616304313386,21.0
-1,-97.4798788889144,12.808298148148143,34.0,48.384000000000015,49.0958788889144,20.0
-1,-95.591894280647,13.88562323148147,37.0,51.36000000000002,44.231894280647,20.0
-1,-117.0224004211643,11.46932928703704,28.0,38.304,78.7184004211643,25.0
-1,-121.6139848228444,15.320136175925883,41.0,54.72000000000002,66.89398482284439,26.0
-1,-133.31645535546693,15.20294363888886,47.0,76.03200000000004,57.28445535546689,20.0
-1,-126.546815933757,15.303029023148133,50.0,69.02400000000003,57.522815933756966,21.0
-1,-172.66381888586693,15.740408365740706,58.0,94.08000000000006,78.58381888586686,24.0
-1,-101.85512576284428,15.149459643518496,38.0,49.920000000000016,51.935125762844265,20.0
-1,-141.4755111635376,14.259694712962943,40.0,62.59200000000003,78.88351116353755,25.0
-1,-122.99198222333568,12.851700245370354,43.0,64.22400000000002,58.76798222333565,23.0
-1,-112.217049334161,10.300388129629638,32.0,51.45600000000001,60.761049334160994,22.0
-1,-96.7844149217348,12.092610583333338,32.0,44.736,52.0484149217348,23.0
-1,-118.89704207180787,14.11622859259257,38.0,56.64000000000002,62.25704207180787,19.0
-1,-129.38081372980415,10.263735087962967,36.0,55.00800000000002,74.37281372980412,23.0
-1,-125.91646071845634,10.959651791666648,43.0,73.72800000000004,52.18846071845631,22.0
-1,-122.67275512988591,12.612429074074088,33.0,47.616000000000014,75.0567551298859,24.0
-1,-133.8664269323458,13.347994717592575,45.0,75.93600000000004,57.93042693234575,23.0
-1,-128.09665707209186,13.899551629629617,47.0,75.36000000000004,52.73665707209181,24.0
-1,-117.68817536662402,15.115089685185144,37.0,61.34400000000002,56.344175366624,20.0
-1,-144.45851991115865,16.3833004907407,49.0,80.25600000000004,64.20251991115862,22.0
-1,-120.58854455791712,11.093009416666655,39.0,61.15200000000002,59.43654455791711,22.0
-1,-114.99747639871084,17.47182058333329,45.0,68.25600000000003,46.7414763987108,18.0
-1,-111.64188215317158,10.008909685185202,36.0,47.80800000000001,63.83388215317157,26.0
-1,-115.98621325105364,13.251401245370351,37.0,52.99200000000001,62.99421325105364,25.0
-1,-146.96199077165844,13.3729241759259,42.0,73.44000000000003,73.52199077165841,23.0
-1,-124.0890407709736,11.77115860648148,33.0,56.064000000000014,68.0250407709736,24.0
-1,-115.57800794382123,12.928768495370344,35.0,55.58400000000001,59.99400794382122,23.0
-1,-124.233167957122,13.51609157407405,37.0,57.696000000000026,66.53716795712198,24.0
-1,-125.01954539572272,13.12309700462961,45.0,75.07200000000003,49.94754539572269,21.0
-1,-110.12911377270504,11.948378787037033,37.0,50.68800000000001,59.44111377270503,25.0
-1,-165.42127244142205,12.677957694444409,53.0,88.89600000000004,76.525272441422,24.0
-1,-134.36804508579235,15.339546870370349,39.0,63.74400000000003,70.6240450857923,22.0
-1,-175.00689745643842,12.822364597222208,50.0,92.06400000000004,82.94289745643837,24.0
-1,-118.6168773818437,14.629119259259271,38.0,53.18400000000002,65.43287738184368,19.0
-1,-81.99022347329253,15.79529316203702,34.0,49.05600000000002,32.934223473292505,16.0
-1,-90.84384898662228,10.07719470833333,30.0,40.608,50.23584898662228,25.0
-1,-110.23959400004227,12.937524041666668,32.0,52.03200000000002,58.20759400004225,23.0
-1,-96.83302367497528,13.814974060185182,36.0,47.616000000000014,49.217023674975245,21.0
-1,-126.52600879770256,11.179811333333324,43.0,61.53600000000003,64.99000879770254,24.0
-1,-150.1416965930227,13.583871041666626,51.0,85.05600000000004,65.08569659302266,21.0
-1,-107.73700486168782,10.982584370370388,38.0,55.77600000000002,51.961004861687805,21.0
-1,-150.59289768601002,12.279670208333329,48.0,76.99200000000002,73.60089768601001,23.0
-1,-118.90599269757332,11.92037698611111,38.0,60.38400000000002,58.5219926975733,26.0
-1,-101.32732424935406,10.842932583333353,36.0,53.08800000000001,48.23932424935406,19.0
-1,-99.0314118759574,10.526613231481496,29.0,42.432,56.59941187595739,25.0
-1,-109.38550758985592,12.107203666666663,36.0,53.08800000000002,56.2975075898559,23.0
-1,-100.75457831710838,10.679966657407409,33.0,46.56000000000001,54.19457831710837,26.0
-1,-115.6415305870222,11.043092263888894,31.0,47.61600000000001,68.02553058702219,28.0
-1,-130.6211115522638,11.667253199074077,43.0,69.50400000000003,61.117111552263765,19.0
-1,-134.82186433282644,11.236748550925912,37.0,66.43200000000002,68.38986433282642,23.0
-1,-101.43684273430031,13.96797478703702,32.0,51.07200000000002,50.364842734300304,20.0
-1,-130.3604222747337,11.522879638888904,35.0,54.72000000000001,75.64042227473371,24.0
-1,-128.66100583271924,12.82307274999998,45.0,79.58400000000003,49.07700583271921,21.0
-1,-110.9039448315182,12.205795148148123,38.0,56.25600000000002,54.64794483151819,20.0
-1,-114.86224992464476,12.82949364814814,36.0,53.088000000000015,61.77424992464475,20.0
-1,-121.40513631630716,11.690604004629632,37.0,56.832000000000015,64.57313631630716,25.0
-1,-93.90631310871112,12.095287250000007,36.0,48.38400000000001,45.52231310871112,22.0
-1,-111.19760496909971,11.915525490740745,37.0,55.680000000000014,55.51760496909971,21.0
-1,-147.16824390411068,11.285366800925924,48.0,71.42400000000004,75.74424390411066,24.0
-1,-105.97107232607488,11.247996069444442,36.0,52.12800000000002,53.84307232607486,24.0
-1,-104.38674578189402,12.145499685185186,37.0,53.088000000000015,51.298745781894006,22.0
-1,-131.06843816626534,9.26674713425926,40.0,60.76800000000002,70.30043816626531,28.0
-1,-111.93436902807078,12.504449078703704,31.0,46.36800000000001,65.56636902807077,26.0
-1,-124.45836707708284,14.760380518518511,44.0,65.28000000000003,59.17836707708281,20.0
-1,-126.41448808517612,7.982307745370377,30.0,50.68800000000002,75.7264880851761,28.0
-1,-96.14324972079204,12.63192150462961,33.0,46.75200000000001,49.39124972079203,20.0
-1,-111.74630719328664,11.67395722685186,33.0,49.63200000000001,62.11430719328664,23.0
-1,-103.96484729951432,12.144395453703696,36.0,48.672,55.292847299514335,22.0
-1,-128.46853039358683,9.787447421296296,40.0,62.30400000000002,66.1645303935868,25.0
-1,-112.69422696916804,9.78142974537038,32.0,46.75200000000002,65.94222696916802,25.0
-1,-119.93344526579132,13.809900097222227,39.0,56.352000000000025,63.58144526579132,21.0
-1,-107.0065267795139,13.642511564814829,38.0,58.94400000000002,48.06252677951388,22.0
-1,-104.61261327492596,7.087404203703696,26.0,41.856,62.75661327492596,25.0
-1,-136.16487816196556,13.069480657407398,43.0,72.67200000000004,63.49287816196552,21.0
-1,-100.0757137187393,10.894078319444436,31.0,50.78400000000001,49.29171371873928,21.0
-1,-126.41177529762902,14.477127773148132,46.0,72.28800000000003,54.12377529762899,19.0
-1,-130.1100197639733,15.272589583333309,48.0,77.66400000000003,52.44601976397326,21.0
-1,-135.54432873008182,13.050804203703697,44.0,69.21600000000002,66.32832873008181,22.0
-1,-81.51694982602382,9.708842004629638,29.0,42.144000000000005,39.37294982602382,19.0
-1,-113.10516204110414,13.768116736111104,37.0,45.88800000000001,67.21716204110413,24.0
-1,-104.80723958568392,15.835314972222209,41.0,62.78400000000003,42.02323958568391,15.0
-1,-133.46597265388286,12.141991134259268,50.0,78.43200000000003,55.03397265388283,21.0
-1,-119.2530908619584,11.401586851851858,32.0,48.192000000000014,71.06109086195839,24.0
-1,-71.5143075853301,9.159697550925936,27.0,35.136,36.3783075853301,20.0
-1,-102.85478721190049,11.720174550925927,31.0,45.40800000000001,57.44678721190048,25.0
-1,-124.39131361327298,13.683546944444414,41.0,61.72800000000003,62.66331361327296,25.0
-1,-92.75782104099208,15.738627398148134,35.0,51.07200000000002,41.685821040992046,20.0
-1,-107.80731318302196,10.908149981481492,35.0,52.03200000000002,55.77531318302195,20.0
-1,-97.18424391597485,10.629180222222224,30.0,45.888000000000005,51.29624391597482,23.0
-1,-131.1037007475266,13.514658157407396,42.0,63.93600000000002,67.16770074752657,27.0
-1,-131.2436814926495,11.925148375000012,42.0,61.248000000000026,69.99568149264948,25.0
-1,-96.99051591228044,15.048718583333317,36.0,49.44000000000001,47.55051591228043,20.0
-1,-107.69476925050662,8.324079217592598,27.0,38.4,69.29476925050662,28.0
-1,-99.72900650341568,11.059157439814822,30.0,44.44800000000001,55.28100650341568,23.0
-1,-98.14171042870711,8.665621509259257,34.0,48.576000000000015,49.56571042870709,22.0
-1,-132.35059264609825,14.668725884259231,50.0,83.32800000000005,49.02259264609821,18.0
-1,-139.01044497019373,14.972313800925924,50.0,72.67200000000003,66.3384449701937,24.0
-1,-128.094952067226,15.5686973472222,44.0,71.61600000000003,56.47895206722597,20.0
-1,-113.57786897159582,10.161240490740768,38.0,56.83200000000002,56.74586897159579,22.0
-1,-114.27672951990355,10.991788370370374,36.0,53.85600000000001,60.420729519903546,24.0
-1,-212.52317224506345,12.866243449074055,81.0,137.85600000000008,74.66717224506337,25.0
-1,-155.47090308025042,16.767870259259194,58.0,90.52800000000003,64.94290308025039,21.0
-1,-120.42236599154678,12.600819546296286,42.0,59.71200000000002,60.710365991546766,22.0
-1,-152.9747969545063,11.888922236111094,48.0,71.13600000000004,81.83879695450628,26.0
-1,-108.5082697029175,11.870098675925922,36.0,50.01600000000001,58.49226970291749,23.0
-1,-127.62829179859156,15.249337490740716,49.0,76.51200000000003,51.11629179859152,22.0
-1,-109.70668375951736,12.093483717592584,35.0,52.60800000000002,57.09868375951733,21.0
-1,-95.44892062060676,11.556101981481484,28.0,39.93600000000001,55.51292062060677,22.0
-1,-116.61815156643692,11.148134972222207,39.0,60.00000000000003,56.6181515664369,23.0
-1,-182.6692533727533,14.24754457870368,62.0,112.60800000000006,70.06125337275323,23.0
-1,-146.36932351603784,10.89370243055556,43.0,64.22400000000003,82.1453235160378,28.0
-1,-126.0871781131047,11.312309981481484,41.0,58.84800000000002,67.23917811310469,23.0
-1,-131.53595748631142,15.449035203703684,46.0,67.29600000000003,64.23995748631137,23.0
-1,-124.41706165307144,14.676067259259248,48.0,66.62400000000002,57.793061653071405,20.0
-1,-108.84922515277574,14.44755133796294,36.0,63.93600000000002,44.91322515277572,20.0
-1,-128.68639654277348,12.081827273148129,40.0,65.66400000000003,63.02239654277345,24.0
-1,-134.23748966817266,12.204717759259264,45.0,68.44800000000002,65.78948966817265,23.0
-1,-100.4761826227402,14.61607248611109,35.0,50.68800000000002,49.78818262274018,22.0
-1,-120.10725056245778,9.734189856481487,39.0,51.168000000000006,68.93925056245777,26.0
-1,-136.75439521304105,12.853778374999983,48.0,60.86400000000003,75.89039521304102,25.0
-1,-115.06063360029876,10.845156060185175,32.0,52.896000000000015,62.16463360029875,21.0
-1,-116.46296287677532,12.616914324074068,43.0,60.57600000000004,55.88696287677527,25.0
-1,-112.10718088396442,16.749650472222193,45.0,70.75200000000002,41.3551808839644,19.0
-1,-126.5650808395439,14.272733694444424,40.0,58.36800000000002,68.19708083954387,20.0
-1,-139.80829571093477,19.15243488425919,54.0,80.35200000000005,59.45629571093472,20.0
-1,-107.58790868621584,12.346917129629627,36.0,50.78400000000001,56.803908686215806,22.0
-1,-91.79846235388894,12.313127726851835,25.0,42.048,49.75046235388893,22.0
-1,-123.20441822611522,11.084521708333332,38.0,56.64000000000002,66.5644182261152,23.0
-1,-113.4060405415295,11.04653126851851,32.0,51.45600000000002,61.95004054152948,22.0
-1,-102.36016775940838,13.870470523148144,38.0,56.35200000000002,46.008167759408366,20.0
-1,-132.4043673786204,13.363266486111083,44.0,69.98400000000002,62.4203673786204,22.0
-1,-112.23929295918398,7.362777629629645,28.0,45.504,66.735292959184,25.0
-1,-126.8084623906808,12.521780236111098,39.0,57.88800000000001,68.92046239068078,26.0
-1,-113.1149790439006,13.434995453703706,40.0,59.23200000000002,53.882979043900576,21.0
-1,-115.65129654030603,14.621963749999985,44.0,58.94400000000002,56.70729654030602,20.0
-1,-97.5175433812874,10.779686078703708,27.0,43.87200000000001,53.64554338128739,25.0
-1,-120.9608975953182,14.127672490740729,37.0,56.44800000000002,64.51289759531817,24.0
-1,-101.69444454727024,12.396770199074084,36.0,53.76000000000002,47.93444454727022,23.0
-1,-111.89107115761628,12.855295365740728,45.0,60.57600000000003,51.31507115761623,20.0
-1,-110.05511094305228,12.200018518518512,40.0,61.248000000000026,48.80711094305226,19.0
-1,-108.35701824013825,14.871192662037032,45.0,61.53600000000003,46.8210182401382,19.0
-1,-109.28210551898518,17.11218413888886,39.0,51.26400000000002,58.01810551898516,20.0
-1,-110.12215862427004,11.385114069444452,35.0,51.45600000000001,58.666158624270025,23.0
-1,-106.62074457422158,12.779913120370372,38.0,58.65600000000002,47.96474457422156,20.0
-1,-124.56465466782416,14.087342532407392,46.0,74.97600000000003,49.588654667824144,23.0
-1,-108.51240845429297,13.916351541666648,38.0,59.616000000000014,48.89640845429294,21.0
-1,-91.49708231697792,14.69973210185185,30.0,35.712,55.78508231697792,22.0
-1,-151.6940381017394,13.942228967592568,49.0,77.66400000000003,74.03003810173936,21.0
-1,-85.1404730794408,12.036769013888875,28.0,42.816,42.32447307944079,18.0
-1,-89.88356619453816,9.04624150000002,29.0,39.936,49.94756619453817,24.0
-1,-127.99638654072751,17.530389699074064,48.0,66.14400000000002,61.85238654072751,27.0
-1,-139.50306329309723,11.795076833333315,44.0,67.00800000000002,72.49506329309722,22.0
-1,-95.0376639683166,10.033760208333325,31.0,43.48800000000001,51.549663968316594,23.0
-1,-88.43709748581264,12.85488505092592,35.0,47.23200000000002,41.20509748581263,21.0
-1,-117.79897156802524,10.982799319444451,32.0,51.64800000000002,66.15097156802524,22.0
-1,-103.4968258764392,13.714885365740749,40.0,61.15200000000002,42.34482587643918,15.0
-1,-103.99878707518374,12.983160722222213,33.0,48.00000000000001,55.99878707518373,22.0
-1,-101.94561830307292,12.589757546296283,38.0,60.76800000000002,41.1776183030729,19.0
-1,-114.08021131666024,11.628323916666648,32.0,52.41600000000001,61.66421131666023,25.0
-1,-82.22841719395487,13.900068379629616,32.0,41.952000000000005,40.276417193954856,20.0
-1,-94.97588887169628,9.642135712962958,27.0,44.64000000000001,50.33588887169628,24.0
-1,-105.42281288538332,9.273676768518534,30.0,45.79200000000001,59.6308128853833,24.0
-1,-101.49077241041284,11.162327972222228,29.0,44.64,56.85077241041285,25.0
-1,-117.60763450441544,11.595339537037027,39.0,53.66400000000002,63.94363450441543,24.0
-1,-134.10151956682836,17.712818972222184,53.0,79.96800000000005,54.1335195668283,17.0
-1,-98.4126653971353,12.910909087962953,36.0,51.552000000000014,46.860665397135286,19.0
-1,-113.04135212198337,11.138827009259264,37.0,53.85600000000001,59.18535212198336,24.0
-1,-124.95738571530846,12.716219324074068,47.0,65.85600000000002,59.10138571530844,23.0
-1,-92.8538933529185,15.41524566666664,36.0,49.63200000000001,43.221893352918485,21.0
-1,-117.54933185579162,15.267395537037007,43.0,64.89600000000003,52.6533318557916,19.0
-1,-110.328206892726,13.64487556481479,33.0,53.76000000000002,56.56820689272597,24.0
-1,-110.32989970762976,16.16775975925925,43.0,66.52800000000002,43.80189970762974,15.0
-1,-91.56852568544532,14.773477550925907,37.0,49.05600000000001,42.51252568544529,20.0
-1,-114.82200560124944,13.52288790277778,45.0,61.05600000000001,53.76600560124942,23.0
-1,-115.93294503435293,13.886379083333315,36.0,53.18400000000002,62.74894503435289,23.0
-1,-105.52389329718994,16.291034824074064,53.0,71.61600000000003,33.907893297189915,18.0
-1,-97.26904814770651,15.14398569444441,32.0,47.712,49.55704814770653,22.0
-1,-100.91376480696496,11.053598972222218,28.0,46.94400000000001,53.96976480696494,23.0
-1,-95.5691081160368,11.498536027777783,32.0,43.77600000000001,51.79310811603679,21.0
-1,-132.5242772854715,14.3757375972222,44.0,69.31200000000003,63.21227728547146,22.0
-1,-107.9005845177056,11.32279881481481,37.0,44.064000000000014,63.8365845177056,24.0
-1,-120.28800756453052,13.434711101851844,44.0,63.45600000000002,56.832007564530485,24.0
-1,-93.49176875960106,12.22838372222222,34.0,40.8,52.691768759601054,22.0
-1,-108.1677652038753,14.635010013888898,43.0,55.87200000000002,52.29576520387528,21.0
-1,-122.00893202233948,13.675479930555523,38.0,65.76000000000002,56.24893202233946,23.0
-1,-109.16055233574936,13.05190243518518,33.0,46.84800000000001,62.31255233574935,22.0
-1,-108.45266980039322,16.944770365740705,47.0,64.89600000000003,43.5566698003932,19.0
-1,-142.01108711987126,13.13542303703702,42.0,71.23200000000003,70.77908711987124,23.0
-1,-87.17499830676323,15.292735074074068,38.0,46.656,40.51899830676324,20.0
-1,-89.73247987151808,15.558222351851846,33.0,42.336000000000006,47.39647987151807,17.0
-1,-106.16769243601928,12.24673705092592,40.0,54.52800000000002,51.639692436019246,22.0
-1,-122.0750566182295,9.774071384259262,28.0,47.71200000000001,74.36305661822948,27.0
-1,-100.44450850511453,12.882138976851852,34.0,53.472000000000016,46.9725085051145,18.0
-1,-109.52975599108154,13.73675477777775,33.0,50.97600000000002,58.55375599108152,26.0
-1,-96.71699433493616,10.153560101851848,31.0,47.13600000000001,49.580994334936165,25.0
-1,-112.83115592045276,14.294358763888892,42.0,57.50400000000002,55.32715592045276,28.0
-1,-114.33429019226088,12.723257523148128,31.0,50.49600000000001,63.83829019226088,23.0
-1,-132.77056000924634,11.37004599074073,52.0,76.03200000000004,56.7385600092463,24.0
-1,-86.82459573748157,10.19374918055555,29.0,40.416,46.40859573748157,23.0
-1,-141.6703583451918,14.987269810185156,55.0,81.12000000000003,60.55035834519177,23.0
-1,-89.63037041906398,12.802857398148122,38.0,54.04800000000002,35.58237041906396,20.0
-1,-93.80165676307404,13.04216196759257,35.0,47.04000000000001,46.76165676307404,19.0
-1,-129.39688231981933,14.009279629629622,45.0,62.88000000000003,66.5168823198193,21.0
-1,-85.40358164976544,8.238111550925936,27.0,44.25600000000001,41.14758164976544,22.0
-1,-114.19425006078976,9.339883805555552,31.0,52.704000000000015,61.49025006078974,23.0
-1,-95.46836778083808,14.236008212962949,36.0,51.16800000000001,44.30036778083807,19.0
-1,-123.78641032846572,15.826282833333302,45.0,64.12800000000003,59.658410328465706,27.0
-1,-134.30597544429452,12.917339953703694,45.0,67.58400000000003,66.72197544429447,23.0
-1,-90.54496039124878,14.139553634259247,35.0,41.56800000000001,48.97696039124877,23.0
-1,-103.7801723072819,14.970375384259237,42.0,48.384000000000015,55.39617230728189,22.0
-1,-100.67134449863934,15.344310962962949,44.0,55.872000000000014,44.79934449863932,21.0
-1,-102.6705639262841,13.331109439814814,38.0,56.25600000000001,46.41456392628409,21.0
-1,-106.1763189532864,13.17609213425924,37.0,55.68000000000002,50.496318953286384,21.0
-1,-119.9882296447874,10.616207712962956,41.0,60.57600000000003,59.41222964478738,24.0
-1,-80.72912185257408,14.253003273148137,37.0,43.392,37.33712185257407,20.0
-1,-94.35169877751788,11.326975976851855,30.0,39.74400000000001,54.607698777517854,24.0
-1,-106.83972871004936,16.131668527777748,39.0,62.20800000000002,44.63172871004936,16.0
-1,-112.40322539932004,11.14090710185184,33.0,52.41600000000002,59.987225399320025,27.0
-1,-96.94304991264102,14.554887435185163,44.0,59.42400000000003,37.519049912641,22.0
-1,-94.6400018066179,14.060145564814793,27.0,41.376000000000005,53.26400180661791,20.0
-1,-112.30626749991032,12.5362017361111,38.0,57.31200000000002,54.99426749991032,24.0
-1,-101.51743454676615,15.382663194444444,35.0,48.384000000000015,53.13343454676614,20.0
-1,-78.75550169534966,10.527868101851857,33.0,41.47200000000001,37.283501695349656,22.0
-1,-113.42726394000697,16.57769004166662,55.0,75.55200000000004,37.87526394000692,20.0
-1,-108.40825036945832,17.062971148148094,44.0,57.12000000000003,51.288250369458304,23.0
-1,-127.89115494990612,18.44287206944444,52.0,71.80800000000004,56.08315494990608,25.0
-1,-86.24129127798287,14.100742277777758,38.0,49.34400000000001,36.89729127798285,19.0
-1,-130.5422114422896,13.586465972222188,43.0,69.60000000000002,60.94221144228958,23.0
-1,-93.21703704259724,9.884880856481496,26.0,40.32000000000001,52.89703704259722,23.0
-1,-113.909885624431,13.768625736111115,36.0,49.82400000000001,64.085885624431,24.0
-1,-103.29189950143584,15.350962606481447,38.0,57.02400000000002,46.26789950143581,19.0
-1,-143.877063827475,11.039579421296304,47.0,78.33600000000003,65.54106382747497,24.0
-1,-91.7658989598344,13.085014388888888,47.0,53.85600000000002,37.909898959834365,19.0
-1,-125.97516327405548,13.7726700925926,45.0,61.92000000000003,64.05516327405545,22.0
-1,-104.83479020599148,13.742514893518504,45.0,58.94400000000002,45.89079020599145,23.0
-1,-120.07606052881874,14.894584680555544,40.0,58.36800000000002,61.70806052881873,23.0
-1,-91.36082762520762,15.768909592592603,35.0,47.71200000000001,43.64882762520761,19.0
-1,-108.87419239714556,13.253203861111112,39.0,52.896000000000015,55.97819239714555,25.0
-1,-104.15423762169031,13.91417202777778,46.0,62.496000000000016,41.658237621690304,21.0
-1,-137.61707185144462,17.16762254166664,55.0,74.11200000000002,63.505071851444605,28.0
-1,-91.72288535960269,12.44226424074076,34.0,38.976000000000006,52.746885359602665,23.0
-1,-90.3049732731438,12.630421749999996,38.0,52.03200000000002,38.27297327314376,20.0
-1,-100.0552803616747,14.40637378703701,42.0,55.10400000000002,44.95128036167468,21.0
-1,-117.23790042979266,17.108234328703627,40.0,60.57600000000002,56.66190042979263,23.0
-1,-94.79443490938796,13.063049134259249,35.0,48.86400000000002,45.930434909387934,22.0
-1,-97.97506270471548,12.967370124999992,34.0,50.30400000000001,47.67106270471545,20.0
-1,-101.2447512990574,14.290065060185148,40.0,56.448000000000015,44.7967512990574,21.0
-1,-101.54332416649098,11.659274587962956,37.0,50.68800000000002,50.85532416649096,24.0
-1,-109.5199460996345,9.886447481481497,33.0,51.744000000000014,57.77594609963448,27.0
-1,-86.44220500973773,10.256841240740744,30.0,45.888000000000005,40.55420500973773,24.0
-1,-99.5912590686765,15.276547958333325,41.0,53.856000000000016,45.73525906867648,20.0
-1,-98.36186503996274,11.92784168981481,37.0,50.59200000000002,47.76986503996271,21.0
-1,-114.0532716993761,12.905483407407385,42.0,62.01600000000002,52.03727169937608,22.0
-1,-119.08198661726776,15.133428759259235,45.0,61.92000000000003,57.16198661726773,24.0
-1,-106.82860024727086,9.508538824074089,29.0,40.51200000000001,66.31660024727084,24.0
-1,-95.86373188647713,10.762415347222204,34.0,53.56800000000002,42.29573188647709,22.0
-1,-105.5153132962372,13.353395560185172,31.0,53.088000000000015,52.42731329623717,21.0
-1,-94.97122005253584,11.54429260185184,38.0,55.20000000000001,39.77122005253582,23.0
-1,-116.5466240403044,12.62413847222222,40.0,56.64000000000001,59.90662404030439,20.0
-1,-106.81020670741566,15.948933055555532,41.0,59.808000000000014,47.00220670741565,18.0
-1,-99.357104046333,11.384110851851846,27.0,35.616,63.74110404633301,24.0
-1,-106.73518507256564,12.31400446296294,36.0,53.18400000000002,53.5511850725656,21.0
-1,-106.42472396730555,21.653073976851733,51.0,67.96800000000002,38.45672396730556,19.0
-1,-103.83598004958574,13.010583958333324,40.0,54.33600000000002,49.49998004958573,22.0
-1,-102.8013875044733,12.660449939814814,31.0,46.368000000000016,56.43338750447329,26.0
-1,-123.18309757574434,16.724232263888847,45.0,62.20800000000003,60.97509757574432,22.0
-1,-89.96994037497814,12.961737314814812,30.0,45.21600000000001,44.75394037497812,19.0
-1,-103.93375554457154,13.607375425925913,35.0,50.97600000000001,52.95775554457153,22.0
-1,-89.8499324665423,15.534718439814792,36.0,49.63200000000002,40.21793246654228,19.0
-1,-128.43325469580958,13.436026277777778,45.0,62.59200000000003,65.84125469580955,21.0
-1,-103.04583071854644,10.831418412037037,40.0,58.65600000000002,44.38983071854642,23.0
-1,-112.00291497977273,13.970520245370372,42.0,52.60800000000002,59.39491497977272,28.0
-1,-72.55014918757648,15.117292925925897,30.0,38.496,34.054149187576485,17.0
-1,-104.4799045823371,12.838973361111114,36.0,45.984,58.49590458233709,22.0
-1,-95.6581091313092,13.990100634259257,34.0,47.80800000000001,47.85010913130918,19.0
-1,-111.3106085345803,13.720625990740745,41.0,56.16000000000002,55.150608534580286,26.0
-1,-87.72355050106451,10.238371944444452,29.0,40.608,47.1155505010645,25.0
-1,-112.1972924060442,13.556631018518503,38.0,56.448000000000015,55.74929240604418,25.0
-1,-114.54943688669756,13.547028898148133,35.0,54.33600000000001,60.21343688669755,23.0
-1,-103.43089966947784,14.469518490740723,44.0,59.42400000000003,44.00689966947783,22.0
-1,-122.30370571824878,12.634684282407417,52.0,65.37600000000003,56.92770571824874,23.0
-1,-99.97388778610905,14.358080449074064,50.0,67.96800000000002,32.00588778610901,18.0
-1,-93.06776393472136,10.988059916666684,28.0,39.456,53.61176393472136,22.0
-1,-96.07564858108844,13.499947356481478,36.0,50.88000000000002,45.19564858108843,19.0
-1,-109.31225699912474,15.681808736111092,40.0,58.84800000000002,50.46425699912473,22.0
-1,-128.62833324665988,11.79922449999999,37.0,53.37600000000002,75.25233324665986,24.0
-1,-89.59992800742995,11.43193379166665,26.0,49.248000000000005,40.35192800742995,22.0
-1,-85.76474892492418,13.545232365740729,34.0,43.584,42.180748924924174,22.0
-1,-105.77793570757368,14.744822810185184,43.0,54.91200000000001,50.86593570757368,21.0
-1,-112.10650987332446,14.111491254629613,42.0,58.84800000000001,53.25850987332445,23.0
-1,-111.55351157822066,15.346830013888871,45.0,62.49600000000002,49.05751157822064,17.0
-1,-120.67094120653935,13.07631780555555,43.0,62.97600000000004,57.69494120653932,23.0
-1,-129.58888620265694,16.268939708333317,48.0,66.72000000000003,62.8688862026569,24.0
-1,-129.71972941711547,14.725244199074057,46.0,76.03200000000002,53.68772941711545,20.0
-1,-134.9421249456045,19.83566889351848,54.0,73.24800000000003,61.69412494560445,26.0
-1,-110.74365247154016,12.43857285648147,40.0,51.74400000000002,58.99965247154016,23.0
-1,-72.64962368656447,11.53328506481482,31.0,39.26400000000001,33.38562368656446,21.0
-1,-101.43816714043064,13.653625499999997,38.0,54.14400000000001,47.294167140430616,22.0
-1,-84.53959370982417,12.08204004629628,37.0,46.17600000000001,38.36359370982417,21.0
-1,-77.8312471116055,12.09665985185184,27.0,36.96,40.87124711160551,20.0
-1,-105.8411716516312,15.530411412037036,40.0,55.68000000000002,50.16117165163117,20.0
-1,-107.03343385842824,13.380556018518512,42.0,57.504000000000026,49.52943385842823,21.0
-1,-90.07979028258418,15.79788999074071,39.0,49.63200000000001,40.44779028258418,18.0
-1,-97.3958238520674,10.579816972222224,29.0,42.24,55.1558238520674,24.0
-1,-79.18802596001979,11.908781546296291,36.0,46.75200000000001,32.43602596001978,20.0
-1,-95.10894316368226,14.223730624999977,36.0,50.97600000000002,44.13294316368224,20.0
-1,-83.31448627842245,13.35407381481482,34.0,45.312000000000005,38.002486278422445,17.0
-1,-106.77730561521024,13.971512101851824,40.0,58.75200000000001,48.02530561521024,19.0
-1,-108.5279338814834,14.12719948611108,41.0,58.84800000000003,49.67993388148337,22.0
-1,-107.74915730169296,13.728473814814818,44.0,59.616000000000014,48.13315730169296,23.0
-1,-121.1192576462511,15.50888565740738,48.0,58.56000000000002,62.55925764625108,24.0
-1,-95.38108736038306,10.797601861111112,34.0,44.064,51.31708736038306,21.0
-1,-85.53213802695925,11.127106379629623,33.0,46.464000000000006,39.06813802695923,22.0
-1,-110.87936629555912,16.56809833796293,42.0,60.096000000000025,50.78336629555909,19.0
-1,-73.296180040898,15.526037796296288,32.0,34.56,38.73618004089799,20.0
-1,-107.86601574994204,18.52864200462954,42.0,65.18400000000003,42.68201574994201,18.0
-1,-78.70502278987493,10.708846750000005,33.0,38.784,39.921022789874925,20.0
-1,-110.12949951661996,10.980146287037034,35.0,49.92000000000001,60.20949951661997,23.0
-1,-89.10183851164844,11.291412412037044,32.0,41.664000000000016,47.43783851164842,24.0
-1,-83.77640667663943,10.930640319444432,36.0,44.64000000000001,39.13640667663943,22.0
-1,-106.91012875934626,11.16181524537037,35.0,48.67200000000001,58.23812875934625,22.0
-1,-125.68614132429616,17.671739620370325,51.0,67.77600000000004,57.91014132429613,25.0
-1,-134.00745738074187,10.426965328703703,43.0,68.06400000000004,65.94345738074185,29.0
-1,-105.55223863786526,12.84324505555553,40.0,58.65600000000002,46.89623863786524,21.0
-1,-99.30553164635214,10.08587202314814,28.0,41.664,57.641531646352135,26.0
-1,-103.00575764307148,9.516787583333342,27.0,42.144000000000005,60.86175764307147,25.0
-1,-125.9746760360901,15.394738986111085,42.0,65.66400000000003,60.31067603609008,22.0
-1,-110.79798130573391,16.644689143518477,43.0,65.76000000000002,45.03798130573391,22.0
-1,-82.50056963660887,15.322772754629629,46.0,52.80000000000001,29.700569636608854,17.0
-1,-106.86664001758552,17.927572328703704,42.0,60.38400000000002,46.482640017585496,19.0
-1,-88.85121791370574,7.894853388888882,29.0,37.536,51.31521791370574,27.0
-1,-111.629083848653,14.903047819444422,39.0,54.52800000000001,57.101083848653005,23.0
-1,-110.73607465579016,11.671740662037031,36.0,45.792000000000016,64.94407465579013,22.0
-1,-108.70066582301617,16.178435773148124,47.0,58.36800000000002,50.33266582301614,21.0
-1,-121.90796971043838,15.937988513888865,38.0,54.52800000000001,67.37996971043837,23.0
-1,-86.09270732992687,11.290290694444442,42.0,50.496000000000016,35.59670732992686,20.0
-1,-96.16863035166192,17.08653046759255,35.0,51.07200000000001,45.09663035166191,23.0
-1,-88.12756368567503,9.746782310185194,32.0,39.648,48.47956368567504,25.0
-1,-86.50250064081891,8.164151861111115,31.0,46.08,40.42250064081891,20.0
-1,-128.1309160258854,12.189063046296289,48.0,76.60800000000003,51.52291602588536,23.0
-1,-96.09586043290749,13.959525421296304,35.0,42.24000000000001,53.85586043290748,21.0
-1,-98.86299713575694,14.158554393518504,33.0,46.27200000000001,52.59099713575693,22.0
-1,-93.89209604945027,12.311483347222202,29.0,40.128,53.76409604945028,23.0
-1,-114.25117167150064,14.453066106481456,48.0,60.19200000000002,54.0591716715006,22.0
-1,-131.1850932655401,10.877065398148158,38.0,60.672000000000025,70.51309326554008,23.0
-1,-134.6554817669671,12.846492046296282,42.0,63.26400000000003,71.39148176696709,23.0
-1,-104.6188259138268,14.258154393518526,43.0,55.29600000000002,49.3228259138268,22.0
-1,-114.50165392961712,14.553060273148148,39.0,51.26400000000002,63.2376539296171,22.0
-1,-110.9063417300214,13.8549643796296,36.0,52.99200000000001,57.9143417300214,21.0
-1,-102.25588233085163,10.308170532407406,28.0,46.75200000000001,55.50388233085163,23.0
-1,-128.5721480421226,15.957932356481454,41.0,67.10400000000003,61.46814804212255,25.0
-1,-87.37693833160361,10.251916527777803,33.0,43.968,43.40893833160361,23.0
-1,-95.76675469488184,14.213597995370344,39.0,56.73600000000002,39.03075469488183,22.0
-1,-102.47798838679392,13.203166675925909,35.0,54.62400000000002,47.8539883867939,23.0
-1,-86.12466750709083,13.499958291666658,34.0,43.58400000000002,42.54066750709082,19.0
-1,-97.55445664559404,10.091579111111136,35.0,50.88000000000001,46.67445664559402,23.0
-1,-96.24320654352758,13.70219168981479,30.0,48.19200000000001,48.05120654352756,20.0
-1,-95.3707254986949,8.812799111111108,28.0,39.74400000000001,55.62672549869488,25.0
-1,-107.16675976582488,12.707270060185186,41.0,51.64800000000002,55.51875976582488,24.0
-1,-92.44756372975282,12.93095136574072,34.0,48.192000000000014,44.2555637297528,21.0
-1,-103.0085932987219,14.110575259259228,49.0,64.99200000000003,38.01659329872188,21.0
-1,-109.79885242343444,13.33641823611112,38.0,51.36000000000002,58.43885242343444,23.0
-1,-97.75974590430128,17.05594246759257,49.0,62.88000000000002,34.879745904301245,18.0
-1,-84.4198383961008,13.677514620370358,34.0,44.73600000000001,39.6838383961008,16.0
-1,-126.118671145551,12.917128499999992,45.0,66.43200000000002,59.686671145550974,26.0
-1,-117.45384221128776,13.423775736111075,39.0,56.544000000000025,60.909842211287724,24.0
-1,-126.0781889560432,17.755915310185138,47.0,68.73600000000002,57.34218895604317,22.0
-1,-104.70277146255114,10.569223087962976,36.0,51.45600000000001,53.24677146255113,22.0
-1,-92.15814352950136,13.185684606481464,43.0,59.040000000000006,33.11814352950136,17.0
-1,-120.72656822084508,14.789916689814778,45.0,57.696000000000026,63.03056822084505,24.0
-1,-100.6678141438692,10.931442796296286,30.0,44.92800000000001,55.73981414386919,26.0
-1,-102.35839682901867,14.718159347222205,37.0,56.160000000000025,46.198396829018655,20.0
-1,-109.9692529217264,16.822599569444396,46.0,59.42400000000003,50.54525292172637,22.0
-1,-86.55193043519445,14.652452939814811,36.0,49.728000000000016,36.823930435194434,18.0
-1,-113.71594173687616,15.366422819444434,35.0,53.95200000000002,59.76394173687612,21.0
-1,-109.71820189398966,11.956680268518534,36.0,44.064000000000014,65.65420189398964,24.0
-1,-123.8825119535556,13.221605662037016,45.0,61.92000000000003,61.96251195355556,25.0
-1,-123.97969990905317,11.508362726851871,36.0,48.86400000000001,75.11569990905315,21.0
-1,-97.93279669685758,13.0908326435185,32.0,50.304000000000016,47.62879669685756,22.0
-1,-101.3134894387413,16.184677787037035,38.0,50.59200000000002,50.72148943874128,21.0
-1,-97.07811587000371,14.487769898148144,35.0,48.09600000000001,48.98211587000372,19.0
-1,-99.8727128357734,16.930606208333298,41.0,67.87200000000003,32.000712835773385,20.0
-1,-110.1084453164738,15.297312416666658,43.0,59.80800000000002,50.30044531647376,23.0
-1,-99.75328699122817,11.727127000000008,40.0,49.63200000000001,50.12128699122814,24.0
-1,-142.61679293685663,17.969455087962867,55.0,78.81600000000005,63.80079293685658,24.0
-1,-79.55613410591272,11.379400092592595,26.0,39.072,40.48413410591272,19.0
-1,-109.07046063386468,15.251740199074035,43.0,56.92800000000002,52.14246063386467,24.0
-1,-93.22000848120793,14.506948425925922,38.0,52.89600000000002,40.32400848120788,18.0
-1,-121.09019863431227,12.570707495370366,42.0,59.32800000000002,61.76219863431226,26.0
-1,-127.1221168262732,13.841300166666642,42.0,66.33600000000003,60.7861168262732,22.0
-1,-199.80646869917345,17.002448606481433,84.0,155.23200000000008,44.57446869917337,17.0
-1,-121.05911040288166,15.26570256018519,45.0,58.27200000000001,62.78711040288165,29.0
-1,-104.02694283536188,20.59104123611105,52.0,64.12800000000001,39.898942835361865,18.0
-1,-85.90141254783339,14.667326800925922,40.0,53.568,32.33341254783339,18.0
-1,-129.5446152171208,10.989480092592592,40.0,52.320000000000014,77.22461521712079,24.0
-1,-123.23265160257144,13.88674840277776,43.0,57.120000000000026,66.11265160257143,25.0
-1,-93.75210024519936,15.475170870370382,33.0,39.456,54.29610024519936,21.0
-1,-102.31607746547448,10.276974060185193,35.0,48.67200000000001,53.64407746547447,23.0
-1,-97.50289679864632,10.218750740740736,37.0,47.90400000000002,49.59889679864632,24.0
-1,-97.85180385314892,15.15071599999999,36.0,47.90400000000002,49.94780385314888,22.0
-1,-99.40020230443282,13.610545185185185,42.0,53.760000000000026,45.6402023044328,23.0
-1,-92.87315073647808,13.639440199074064,45.0,55.29600000000002,37.57715073647804,19.0
-1,-93.90381608169484,10.856255685185191,34.0,46.56000000000001,47.343816081694825,24.0
-1,-69.75634178734543,17.53613041203701,36.0,42.048000000000016,27.708341787345425,16.0
-1,-103.4622979757296,16.439721712962974,45.0,63.648000000000025,39.81429797572958,19.0
-1,-103.53662519054284,15.612762699074066,46.0,63.84000000000003,39.6966251905428,20.0
-1,-91.72569048738632,14.352915958333336,43.0,51.55200000000001,40.17369048738632,22.0
-1,-108.24808071060258,13.909165958333334,35.0,49.920000000000016,58.32808071060257,24.0
-1,-88.85308583938539,17.229921865740724,41.0,51.360000000000014,37.49308583938538,18.0
-1,-102.99682089775852,11.89001163425926,44.0,57.792000000000016,45.20482089775851,26.0
-1,-78.03162966264551,10.1177895462963,30.0,42.52800000000001,35.503629662645494,18.0
-1,-102.68106159694555,15.554950898148116,42.0,57.02400000000002,45.657061596945546,23.0
-1,-110.84413574488084,14.059082458333329,40.0,54.72000000000002,56.12413574488082,21.0
-1,-93.91069447931818,17.019300504629626,40.0,48.38400000000002,45.52669447931815,20.0
-1,-101.7250482590332,12.00569678703704,38.0,46.56000000000002,55.16504825903319,24.0
-1,-116.188881192953,14.79461176851849,46.0,59.42400000000003,56.76488119295298,25.0
-1,-78.77147233987758,12.777888398148145,37.0,50.97600000000001,27.79547233987756,18.0
-1,-97.9520646844968,11.70148178703704,42.0,57.120000000000026,40.83206468449677,20.0
-1,-118.69179661820245,16.431740893518477,40.0,61.82400000000003,56.86779661820241,24.0
-1,-109.500122977511,14.814111157407412,46.0,68.64000000000003,40.86012297751097,23.0
-1,-91.73131646685688,17.436845240740734,40.0,51.16800000000001,40.56331646685687,19.0
-1,-100.53576671274296,14.666545587962936,40.0,55.68000000000003,44.85576671274294,20.0
-1,-104.91743745124586,17.640804935185145,51.0,62.49600000000004,42.42143745124583,19.0
-1,-70.13821484111784,15.49575069444445,47.0,51.168,18.97021484111784,14.0
-1,-114.66709479640316,18.42363704166668,53.0,75.36000000000003,39.30709479640313,24.0
-1,-90.7604651208849,15.122110166666644,43.0,61.34400000000002,29.41646512088488,15.0
-1,-98.61166648038508,10.032954435185204,32.0,45.60000000000001,53.01166648038508,24.0
-1,-95.02377860512476,15.395145555555557,55.0,70.36800000000004,24.655778605124706,15.0
-1,-104.09183642093436,17.589684930555492,55.0,66.91200000000003,37.17983642093432,25.0
-1,-120.37587258871643,15.911362736111084,52.0,69.60000000000004,50.7758725887164,24.0
-1,-137.4871882543521,12.725408287037032,60.0,89.56800000000005,47.91918825435204,22.0
-1,-91.3682904217252,16.012434541666632,35.0,50.496000000000016,40.87229042172519,20.0
-1,-120.5308503557194,15.925639731481448,49.0,64.99200000000002,55.538850355719376,22.0
-1,-104.98637620878353,11.338211870370383,38.0,51.74400000000002,53.242376208783504,26.0
-1,-84.74779399513571,11.148236907407387,36.0,47.424000000000014,37.32379399513569,21.0
-1,-90.03841212748625,14.915794458333329,42.0,51.93600000000002,38.10241212748623,22.0
-1,-105.00851447267428,16.35413401388888,45.0,55.968000000000025,49.04051447267427,22.0
-1,-127.84542884877966,11.659954791666662,45.0,58.656000000000034,69.18942884877963,27.0
-1,-85.08703982357942,11.837938009259249,29.0,39.45600000000001,45.63103982357941,22.0
-1,-112.74190725149614,16.70621166666664,42.0,61.24800000000002,51.493907251496125,20.0
-1,-96.51912438837496,17.635209999999997,37.0,45.31200000000001,51.207124388374936,21.0
-1,-109.81108817922932,15.502124296296296,43.0,57.60000000000002,52.211088179229314,24.0
-1,-107.41053636036632,16.446881374999936,40.0,57.120000000000026,50.29053636036629,22.0
-1,-87.73119080511205,13.648422754629603,32.0,44.832,42.89919080511205,19.0
-1,-93.96010164307526,17.274263856481454,41.0,55.68000000000002,38.28010164307525,21.0
-1,-131.6592584420951,11.976931236111112,41.0,60.09600000000003,71.56325844209508,25.0
-1,-106.7506001409985,13.251194597222218,44.0,68.73600000000003,38.01460014099847,19.0
-1,-101.84314606776246,14.230036384259243,38.0,60.00000000000002,41.84314606776245,20.0
-1,-89.21353757115043,13.776934986111115,35.0,48.384000000000015,40.82953757115041,21.0
-1,-110.98392089834984,10.996104648148144,40.0,57.120000000000026,53.86392089834983,24.0
-1,-80.51257441870989,11.661908597222226,38.0,49.44000000000002,31.072574418709877,20.0
-1,-138.56787070821224,11.808735277777782,52.0,71.52000000000002,67.04787070821222,26.0
-1,-131.1326933124102,14.007586023148152,50.0,77.76000000000003,53.37269331241018,28.0
-1,-93.30399375935426,15.240436412037024,39.0,49.44000000000001,43.86399375935425,21.0
-1,-99.30884817516056,12.076115949074072,37.0,54.62400000000002,44.68484817516053,21.0
-1,-107.3493204299262,14.995419449074053,45.0,56.544000000000025,50.80532042992617,22.0
-1,-111.89455661216128,9.915743449074068,37.0,59.71200000000002,52.18255661216124,24.0
-1,-102.61322681648468,10.646052592592582,32.0,46.27200000000001,56.34122681648468,24.0
-1,-93.58474233478272,12.313249722222237,37.0,42.816,50.76874233478273,22.0
-1,-92.83719909749718,11.369701212962962,29.0,43.87200000000001,48.96519909749716,19.0
-1,-78.88115021951367,14.637635097222208,32.0,40.8,38.08115021951367,18.0
-1,-88.32873682197848,10.50878440277778,35.0,44.73600000000002,43.59273682197847,22.0
-1,-112.13221209379324,17.004015791666625,55.0,76.12800000000004,36.0042120937932,20.0
-1,-99.26049111901132,14.95864399074073,45.0,61.72800000000002,37.5324911190113,20.0
-1,-107.549817603114,13.259520287037024,41.0,54.72000000000002,52.82981760311398,23.0
-1,-122.61025513321424,16.62960327314811,66.0,81.88800000000005,40.722255133214205,24.0
-1,-76.98574355398273,14.59358258333332,38.0,46.46400000000001,30.52174355398272,17.0
-1,-83.74699608643527,14.791322995370358,38.0,43.488000000000014,40.25899608643525,22.0
-1,-97.10369987319142,12.600051393518497,29.0,46.84800000000001,50.2556998731914,19.0
-1,-106.26185383981286,16.54282349537033,46.0,62.88000000000002,43.381853839812834,21.0
-1,-114.62770697963352,20.13277752314814,54.0,68.92800000000003,45.69970697963349,25.0
-1,-75.04667994129395,15.039836004629642,34.0,41.47200000000001,33.57467994129394,16.0
-1,-107.633606988516,12.7637085787037,40.0,57.88800000000003,49.74560698851596,20.0
-1,-100.97633600622991,12.82447273148148,39.0,52.60800000000002,48.368336006229896,25.0
-1,-81.48748014189471,12.8643289537037,25.0,38.784000000000006,42.70348014189469,18.0
-1,-74.18460693299728,10.08912472222223,30.0,41.856,32.32860693299728,20.0
-1,-107.02088645256612,14.429349560185193,42.0,52.60800000000002,54.4128864525661,22.0
-1,-123.56620354901536,12.621135449074048,39.0,60.28800000000002,63.27820354901534,22.0
-1,-107.32598701166842,16.152291499999965,46.0,63.74400000000003,43.58198701166839,21.0
-1,-117.82020739067424,15.697287787037018,47.0,68.44800000000002,49.3722073906742,23.0
-1,-97.2464625125667,14.808967629629604,35.0,46.65600000000002,50.590462512566674,24.0
-1,-130.5362175389619,10.191506560185196,44.0,59.42400000000003,71.11221753896186,27.0
-1,-104.70139983135996,10.993565032407403,31.0,47.23200000000001,57.46939983135995,22.0
-1,-105.70517309041487,16.849123634259247,41.0,56.92800000000002,48.77717309041488,19.0
-1,-113.73135214951736,15.82597041203702,39.0,59.808000000000014,53.92335214951734,23.0
-1,-94.69097414660544,16.177621754629612,48.0,64.60800000000002,30.082974146605416,15.0
-1,-97.32217255232314,13.008350435185193,37.0,47.61600000000001,49.70617255232314,23.0
-1,-94.34076341713872,15.387216129629612,38.0,49.82400000000003,44.51676341713869,18.0
-1,-82.25009586641426,9.613560685185186,25.0,40.8,41.45009586641426,24.0
-1,-104.10348147630692,14.442018111111116,52.0,61.632000000000026,42.47148147630688,24.0
-1,-100.21802320959064,12.396691222222218,32.0,51.36000000000001,48.85802320959063,22.0
-1,-88.51397642231896,9.526392671296298,31.0,46.75200000000001,41.76197642231895,23.0
-1,-94.13176884809916,13.057957740740736,34.0,48.76800000000001,45.36376884809915,20.0
-1,-88.96528240240974,13.180935486111087,32.0,49.63200000000001,39.33328240240972,19.0
-1,-106.38714481017853,18.247351324073996,37.0,58.65600000000002,47.731144810178506,21.0
-1,-104.20886715692272,14.87096449537036,41.0,52.320000000000014,51.88886715692271,22.0
-1,-78.01652840873494,11.666615097222214,34.0,45.79200000000001,32.22452840873493,19.0
-1,-114.12357997934978,16.773705555555516,46.0,61.15200000000003,52.97157997934975,24.0
-1,-118.51110266648746,13.857608874999986,48.0,62.30400000000003,56.20710266648744,24.0
-1,-82.4341692494571,15.655053490740718,40.0,55.48800000000002,26.946169249457075,15.0
-1,-88.52683828014493,16.973184129629626,41.0,47.90400000000001,40.62283828014492,17.0
-1,-103.59841143860956,13.548866689814822,42.0,52.99200000000002,50.60641143860955,26.0
-1,-95.3109188255113,14.843133981481463,41.0,56.16000000000002,39.15091882551127,22.0
-1,-91.33528614548972,11.884380842592597,38.0,55.87200000000002,35.46328614548971,18.0
-1,-100.03476793136514,9.379386749999997,29.0,40.12800000000001,59.90676793136513,24.0
-1,-95.93873191402656,15.483526388888883,36.0,47.04000000000001,48.89873191402656,21.0
-1,-114.48691885119854,15.272750796296302,44.0,57.31200000000002,57.17491885119853,19.0
-1,-93.99835919212693,11.291510125000002,38.0,49.82400000000001,44.1743591921269,24.0
-1,-111.56729046379168,13.494055717592586,47.0,57.696000000000026,53.87129046379165,22.0
-1,-154.12190340222378,16.174028944444427,50.0,81.40800000000003,72.71390340222376,24.0
-1,-87.49558434485864,10.842143708333356,27.0,39.072,48.42358434485864,25.0
-1,-97.9029889846636,16.214375472222212,44.0,53.37600000000002,44.52698898466358,21.0
-1,-91.66318216760334,16.38086987037031,38.0,48.48000000000001,43.18318216760333,21.0
-1,-102.86557733506784,12.993741472222204,43.0,64.51200000000003,38.35357733506779,22.0
-1,-182.7554658329086,14.900432874999971,59.0,98.01600000000006,84.73946583290856,25.0
-1,-91.7463213849036,13.755694347222212,42.0,54.816,36.93032138490359,18.0
-1,-94.38840978994897,12.9949989861111,40.0,51.64800000000001,42.74040978994894,24.0
-1,-126.13704068118784,15.166848291666636,45.0,65.28000000000002,60.85704068118782,24.0
-1,-85.43455783021273,11.479471722222222,33.0,44.54400000000001,40.89055783021271,20.0
-1,-115.71696007020329,18.66394011574069,48.0,62.49600000000003,53.22096007020323,21.0
-1,-94.72984010446336,17.234291888888844,41.0,53.37600000000002,41.35384010446333,19.0
-1,-124.30576515755804,12.838538958333327,45.0,68.44800000000002,55.857765157558,25.0
-1,-94.14973716655874,14.347379731481466,39.0,58.46400000000002,35.68573716655871,18.0
-1,-78.84146838094108,14.519150162037048,32.0,41.08800000000001,37.75346838094108,18.0
-1,-99.3438980916074,12.90567321296296,45.0,57.312000000000026,42.03189809160739,23.0
-1,-96.71694587889264,12.548106083333323,46.0,56.92800000000003,39.78894587889261,22.0
-1,-84.11032529617358,13.517898444444436,33.0,44.83200000000001,39.27832529617358,17.0
-1,-108.99671799488743,15.59774763425924,42.0,56.44800000000003,52.5487179948874,21.0
-1,-99.8571206132571,15.750973999999994,38.0,52.224000000000025,47.63312061325707,20.0
-1,-100.84534357941212,12.905976773148131,44.0,50.78400000000003,50.061343579412096,23.0
-1,-107.52526128336856,13.100355958333338,34.0,52.51200000000002,55.013261283368536,22.0
-1,-106.16067767417142,16.71532256944442,45.0,60.19200000000002,45.9686776741714,17.0
-1,-94.57694700294935,14.414957314814812,46.0,56.44800000000003,38.12894700294933,21.0
-1,-79.13303667326328,13.509619828703686,38.0,43.77599999999999,35.35703667326329,19.0
-1,-79.14148313886226,11.560152555555556,38.0,48.00000000000002,31.14148313886224,18.0
-1,-110.47168018487908,13.280874356481466,47.0,58.56000000000003,51.91168018487905,23.0
-1,-91.03066554533036,13.41133898611109,38.0,48.86400000000001,42.16666554533034,21.0
-1,-107.77370559251352,18.75188870370369,45.0,59.61600000000004,48.15770559251347,20.0
-1,-84.64110380205977,12.87273145370368,30.0,41.472,43.16910380205977,22.0
-1,-91.4200293021785,14.869305449074089,38.0,50.68800000000001,40.732029302178496,22.0
-1,-97.48121779744248,17.695155115740718,44.0,56.35200000000002,41.12921779744245,19.0
-1,-96.447442377972,16.003452740740727,42.0,53.66400000000002,42.783442377972,20.0
-1,-93.9781026926571,12.129800458333326,37.0,50.49600000000001,43.4821026926571,24.0
-1,-76.63609179019613,11.101769106481466,34.0,40.032,36.60409179019614,23.0
-1,-106.70543344737456,12.18218047685185,34.0,45.98400000000001,60.721433447374544,23.0
-1,-113.48962714993664,15.091216962962926,48.0,64.99200000000003,48.497627149936605,23.0
-1,-89.29555627531525,14.99978922685185,47.0,53.37600000000002,35.91955627531522,19.0
-1,-126.69609809966812,14.121617833333312,49.0,75.74400000000003,50.952098099668106,21.0
-1,-104.07620507113282,17.27703864814813,47.0,61.24800000000001,42.8282050711328,19.0
-1,-113.95991714174563,12.215292236111114,36.0,54.81600000000002,59.14391714174562,23.0
-1,-95.19603802288076,9.95080818981481,31.0,41.66400000000001,53.53203802288075,26.0
-1,-81.87825276003576,14.304849444444455,43.0,53.280000000000015,28.598252760035752,19.0
-1,-96.84326148057312,12.449460384259234,37.0,48.96000000000002,47.8832614805731,24.0
-1,-123.17097218292894,14.933748379629613,50.0,71.61600000000003,51.55497218292891,22.0
-1,-153.9408109352442,17.57659949537035,58.0,69.98400000000001,83.95681093524419,27.0
-1,-88.43887749076373,11.43661929166666,35.0,47.90400000000001,40.53487749076372,20.0
-1,-78.20815361524001,10.210309291666658,27.0,39.648,38.56015361524,20.0
-1,-90.03533719691029,13.83521701388886,34.0,49.44000000000002,40.595337196910265,20.0
-1,-130.11172817017186,13.72651312962961,43.0,67.68000000000004,62.43172817017182,22.0
-1,-146.95163069263373,13.637727013888863,57.0,94.36800000000004,52.58363069263367,21.0
-1,-97.31183578865574,12.992346268518498,27.0,43.29600000000001,54.01583578865573,24.0
-1,-93.818835196251,14.421539861111096,39.0,44.73600000000001,49.08283519625099,23.0
-1,-111.48961940152184,14.30704809259257,37.0,58.36800000000002,53.12161940152183,22.0
-1,-104.72329244970848,12.097980189814798,36.0,54.62400000000002,50.099292449708464,20.0
-1,-94.21917061121648,10.587352888888896,36.0,49.536,44.68317061121648,21.0
-1,-83.13282179456064,18.14033229629629,41.0,47.42400000000001,35.708821794560635,20.0
-1,-154.76298515515344,17.19121695833331,55.0,85.53600000000003,69.2269851551534,22.0
-1,-78.04838643012646,19.33311540277777,42.0,52.03200000000002,26.01638643012644,14.0
-1,-96.22421730430244,18.28382935185178,50.0,60.48000000000002,35.74421730430241,20.0
-1,-109.24978145258255,16.929004337962972,52.0,67.20000000000003,42.049781452582536,25.0
-1,-131.661514950086,15.755327662037027,54.0,79.00800000000004,52.65351495008597,28.0
-1,-104.6648963236606,15.289291800925906,37.0,49.53600000000001,55.1288963236606,20.0
-1,-95.16060356279932,17.94933816666666,45.0,54.52800000000003,40.63260356279929,18.0
-1,-102.94309354266224,10.03820043055556,34.0,41.760000000000005,61.18309354266224,23.0
-1,-91.74688322568798,18.617706953703685,44.0,54.14400000000002,37.60288322568797,15.0
-1,-96.1269153035903,19.294664800925904,42.0,57.120000000000026,39.00691530359028,14.0
-1,-101.09675869336866,12.953840694444438,42.0,54.240000000000016,46.85675869336863,21.0
-1,-83.31637799931534,17.59635878703703,35.0,45.792000000000016,37.52437799931533,18.0
-1,-83.95441537385994,16.18590153703703,41.0,48.67200000000002,35.282415373859926,18.0
-1,-120.58591284455828,17.473552962962923,51.0,65.56800000000003,55.01791284455823,21.0
-1,-123.6997126543704,10.344804171296312,40.0,56.44800000000002,67.25171265437038,23.0
-1,-112.10043992734244,18.12646687037033,47.0,64.60800000000003,47.4924399273424,19.0
-1,-107.78917096553278,14.553417134259249,40.0,58.75200000000003,49.037170965532745,19.0
-1,-112.11148495539544,13.937986652777765,49.0,61.92000000000003,50.191484955395424,24.0
-1,-93.44088395180552,14.065334458333332,42.0,50.304000000000016,43.13688395180549,20.0
-1,-87.62333560893109,14.005595986111112,30.0,40.22400000000001,47.39933560893108,23.0
-1,-118.40540152293173,15.837520662037011,45.0,64.03200000000001,54.3734015229317,21.0
-1,-103.75877108225862,14.445767722222229,48.0,66.62400000000002,37.13477108225859,19.0
-1,-97.37657884813824,12.397325680555555,35.0,48.48000000000001,48.89657884813823,25.0
-1,-92.16123825894888,15.80756824074076,41.0,56.25600000000002,35.90523825894885,17.0
-1,-93.28383073214128,18.21497834259262,48.0,55.776000000000025,37.50783073214124,19.0
-1,-112.74396094347622,16.004499222222176,55.0,76.32000000000004,36.4239609434762,19.0
-1,-76.27078426156243,14.24644924999999,36.0,47.808000000000014,28.46278426156242,18.0
-1,-90.05197483087225,15.003066976851844,37.0,54.91200000000001,35.13997483087224,17.0
-1,-83.25867567944786,9.624607962962966,30.0,38.88000000000001,44.37867567944786,26.0
-1,-108.6675082254961,12.24863158333334,38.0,54.048,54.6195082254961,23.0
-1,-88.91944656830862,13.233334847222206,33.0,46.56000000000001,42.3594465683086,18.0
-1,-95.86538649128414,14.357508300925916,39.0,56.64000000000002,39.22538649128412,24.0
-1,-114.57111269883504,13.362887472222214,48.0,60.096000000000025,54.47511269883501,25.0
-1,-79.46640868419604,9.835209893518511,31.0,38.30400000000001,41.16240868419603,23.0
-1,-115.8111468307643,12.62742514814814,41.0,62.97600000000002,52.83514683076429,24.0
-1,-98.59086111098894,12.49652961111111,49.0,68.73600000000002,29.85486111098892,17.0
-1,-96.67789548305764,18.0865307592592,46.0,53.184000000000005,43.493895483057614,24.0
-1,-96.99525333401184,16.854707337962946,41.0,54.24000000000002,42.75525333401181,19.0
-1,-87.98678171401563,12.151992703703677,34.0,49.63200000000002,38.354781714015616,20.0
-1,-98.91826767015696,9.27616478703706,36.0,55.296000000000014,43.622267670156944,21.0
-1,-112.33629085245764,18.02650992592587,50.0,64.41600000000003,47.92029085245762,20.0
-1,-110.94309680496696,13.134689106481469,34.0,59.32800000000002,51.61509680496695,22.0
-1,-118.18929397097678,14.653424861111116,59.0,70.27200000000002,47.91729397097676,22.0
-1,-100.99867917257014,14.472673921296275,52.0,69.31200000000003,31.686679172570106,19.0
-1,-93.60590403758373,14.94797892129627,45.0,56.832000000000015,36.77390403758369,21.0
-1,-108.66033623558226,16.217084851851848,50.0,68.25600000000001,40.40433623558225,22.0
-1,-89.50231849860123,8.462861379629627,30.0,34.176,55.32631849860122,25.0
-1,-102.62650117047436,16.290155805555536,59.0,66.24000000000002,36.38650117047435,20.0
-1,-93.49552477955766,13.43394998611109,42.0,55.488000000000014,38.00752477955765,20.0
-1,-104.47645663930088,14.018522773148153,37.0,53.280000000000015,51.19645663930087,23.0
-1,-89.65404738873876,16.627913439814808,50.0,58.08000000000002,31.57404738873874,16.0
-1,-100.98750389991454,12.16622767592592,39.0,48.38400000000002,52.603503899914514,24.0
-1,-104.81324365802226,16.54835361111109,43.0,57.98400000000003,46.82924365802223,19.0
-1,-96.22180550506368,9.142182898148151,24.0,35.04,61.181805505063686,26.0
-1,-100.36623894151008,15.496645111111096,45.0,58.75200000000003,41.614238941510045,20.0
-1,-102.29526160165742,10.67347480092593,32.0,47.808000000000014,54.48726160165741,24.0
-1,-107.14548168219764,14.970203231481472,46.0,57.02400000000003,50.1214816821976,22.0
-1,-78.12038456149781,12.286828273148164,30.0,40.608,37.51238456149781,20.0
-1,-102.76240303380156,14.841278277777764,36.0,53.18400000000001,49.57840303380153,21.0
-1,-109.90981439325418,12.107942916666657,34.0,50.78400000000002,59.12581439325417,23.0
-1,-125.26704415706806,13.955396231481467,39.0,65.76000000000003,59.50704415706802,23.0
-1,-99.56095731876448,13.266337981481476,49.0,56.928000000000026,42.63295731876444,21.0
-1,-96.01301473071848,12.17223369907408,43.0,53.37600000000002,42.63701473071845,21.0
-1,-102.83906207695952,12.325585046296286,33.0,47.71200000000002,55.1270620769595,24.0
-1,-98.02596074980664,14.6552340138889,44.0,49.24800000000002,48.77796074980662,23.0
-1,-105.41710269417618,16.265999726851835,41.0,61.920000000000016,43.49710269417616,19.0
-1,-79.75054713588764,13.217476583333346,37.0,49.24800000000001,30.502547135887625,17.0
-1,-106.39948829179286,15.410285148148128,44.0,59.42400000000003,46.97548829179284,20.0
-1,-94.54970078392084,17.537707472222227,56.0,69.50400000000003,25.04570078392083,13.0
-1,-86.2225893106621,15.934316791666664,43.0,51.55200000000001,34.6705893106621,20.0
-1,-95.66846969317392,19.134660986111104,51.0,66.43200000000003,29.236469693173884,17.0
-1,-134.22163530755935,18.77556989814816,56.0,75.55200000000002,58.669635307559325,26.0
-1,-91.52597999867209,17.061790124999995,43.0,55.48800000000002,36.03797999867206,20.0
-1,-96.3019304627621,11.692373069444468,46.0,57.40800000000003,38.893930462762064,24.0
-1,-105.00357443161496,12.864252245370366,37.0,59.13600000000002,45.86757443161495,22.0
-1,-100.68374651093008,18.956604958333283,44.0,60.96000000000002,39.72374651093008,19.0
-1,-119.48377258287752,13.856270902777757,43.0,62.88000000000002,56.6037725828775,23.0
-1,-122.14707589465648,22.16778230092587,70.0,87.16800000000005,34.97907589465643,20.0
-1,-86.63166950156963,12.789697986111095,33.0,46.46400000000001,40.16766950156963,19.0
-1,-95.80736022551598,11.998598851851847,32.0,48.48000000000001,47.32736022551597,25.0
-1,-80.31205232864238,11.321203703703691,36.0,53.568000000000005,26.74405232864237,18.0
-1,-129.50207198215958,17.519550953703646,47.0,67.39200000000002,62.11007198215956,24.0
-1,-120.7870408053411,10.272606189814802,39.0,64.22400000000003,56.56304080534108,28.0
-1,-106.50755844997944,13.049190217592589,46.0,61.05600000000002,45.451558449979416,20.0
-1,-113.01737459788214,13.23042647222221,41.0,55.48800000000002,57.529374597882125,24.0
-1,-105.61629768698954,15.590360995370368,45.0,57.88800000000002,47.72829768698952,20.0
-1,-80.48745569589633,13.173112120370384,38.0,48.00000000000001,32.487455695896315,19.0
-1,-86.3319284103003,10.566648972222238,33.0,47.52,38.811928410300304,22.0
-1,-84.75378515293542,13.049737472222226,33.0,47.80800000000002,36.94578515293541,19.0
-1,-102.41261020164302,16.97745421296296,44.0,61.056000000000026,41.356610201642994,21.0
-1,-98.10041557153878,16.91139056944446,41.0,48.000000000000014,50.10041557153877,24.0
-1,-79.29129302598514,13.015006097222225,44.0,55.10400000000001,24.18729302598513,16.0
-1,-76.57960804095381,12.912032921296296,32.0,46.36800000000001,30.21160804095381,20.0
-1,-135.48379221798422,14.295113166666647,42.0,72.86400000000002,62.6197922179842,28.0
-1,-99.1784147139671,15.876669930555554,40.0,55.00800000000002,44.17041471396709,24.0
-1,-103.5019795225785,13.744987374999988,38.0,54.52800000000002,48.97397952257848,22.0
-1,-91.98800784097004,12.075555828703733,39.0,54.52800000000001,37.46000784097003,21.0
-1,-103.8931536901161,13.6519359537037,37.0,47.04000000000001,56.85315369011609,24.0
-1,-89.42622416826032,14.721930027777772,48.0,52.416,37.01022416826032,20.0
-1,-82.47012546548076,15.407855671296296,31.0,35.712,46.75812546548076,20.0
-1,-96.2277271658998,17.85297283333331,43.0,57.120000000000026,39.107727165899774,21.0
-1,-103.03873617373822,12.18719524074075,35.0,49.536000000000016,53.50273617373819,22.0
-1,-109.76543800207342,15.438816754629626,43.0,54.52800000000001,55.23743800207341,23.0
-1,-92.44010951880938,16.63034776851849,38.0,47.23200000000001,45.20810951880937,23.0
-1,-93.1242249431023,18.250796111111097,48.0,60.000000000000014,33.12422494310229,18.0
-1,-94.02246194997043,13.073987685185184,40.0,50.68800000000002,43.33446194997042,22.0
-1,-95.9501936075228,14.472810009259248,37.0,54.72000000000002,41.23019360752277,21.0
-1,-98.93689929420404,22.174406171296216,59.0,69.40800000000003,29.528899294204,17.0
-1,-86.55194905225704,13.573921638888876,36.0,45.6,40.95194905225705,19.0
-1,-124.02786820003892,20.888215037037003,62.0,67.77600000000004,56.25186820003888,27.0
-1,-121.20966321610273,12.084678689814814,43.0,61.72800000000002,59.48166321610269,26.0
-1,-97.95499729830028,12.322245374999996,36.0,50.97600000000002,46.97899729830026,20.0
-1,-101.46142443237292,11.555309625,34.0,42.144000000000005,59.31742443237292,25.0
-1,-99.1594888656766,14.888538967592575,32.0,52.22400000000002,46.93548886567658,18.0
-1,-95.3096205360444,14.21547285648147,41.0,51.45600000000002,43.8536205360444,23.0
-1,-95.80623802053948,16.368917009259217,46.0,64.12800000000003,31.678238020539457,18.0
-1,-82.69720967313788,24.164270648148158,47.0,50.88000000000002,31.817209673137853,16.0
-1,-101.68103341789978,14.443633694444443,41.0,54.62400000000003,47.05703341789975,22.0
-1,-66.01703332946349,10.566841865740743,26.0,30.912,35.10503332946349,22.0
-1,-64.65945750213372,16.376395120370344,31.0,36.384,28.27545750213372,16.0
-1,-105.50415266139268,12.922053726851855,41.0,57.50400000000003,48.00015266139263,25.0
-1,-119.81628756380904,17.26495924999997,45.0,62.68800000000002,57.128287563809,21.0
-1,-153.0949882500239,20.579498814814755,62.0,90.04800000000004,63.046988250023865,29.0
-1,-112.46863692469007,17.55350907870367,40.0,53.76000000000002,58.70863692469008,22.0
-1,-111.11968975264006,15.588284708333326,45.0,62.01600000000003,49.10368975264004,24.0
-1,-99.69207136250785,12.971145990740744,45.0,56.06400000000004,43.6280713625078,21.0
-1,-99.26635651541363,13.781298152777785,40.0,51.07200000000002,48.19435651541362,23.0
-1,-123.7949677101834,11.11719779629629,37.0,64.22400000000003,59.57096771018335,25.0
-1,-113.71125510920784,13.204340745370349,48.0,69.40800000000003,44.30325510920781,24.0
-1,-102.47067815975632,20.23232814814812,48.0,59.04000000000003,43.43067815975628,18.0
-1,-105.52161009940612,17.211741328703692,52.0,57.79200000000003,47.7296100994061,21.0
-1,-105.65055555407754,12.272330319444428,45.0,63.07200000000002,42.57855555407752,22.0
-1,-125.4751885356209,16.13569070370369,56.0,65.37600000000003,60.09918853562086,23.0
-1,-95.41280403652314,16.282181046296273,45.0,62.59200000000003,32.82080403652311,17.0
-1,-91.0826247092822,10.801084333333348,33.0,43.77600000000002,47.3066247092822,22.0
-1,-104.62920048520516,14.309893412037038,44.0,57.120000000000026,47.509200485205135,22.0
-1,-105.58173913288636,15.61765737037036,51.0,57.98400000000002,47.59773913288634,22.0
-1,-106.891557755489,13.061891736111091,40.0,59.80800000000002,47.08355775548897,26.0
-1,-90.1170679957626,15.5133616898148,40.0,54.72000000000002,35.39706799576258,17.0
-1,-120.26025745168062,13.370492703703691,48.0,58.84800000000004,61.412257451680574,25.0
-1,-70.93442852822017,12.878098375000008,30.0,33.312,37.62242852822017,22.0
-1,-109.22086812367723,13.796534527777771,40.0,57.98400000000002,51.23686812367722,23.0
-1,-143.26987897367837,19.25298328703699,70.0,100.03200000000004,43.23787897367829,24.0
-1,-92.13851610551006,14.696137050925918,32.0,43.20000000000001,48.93851610551006,22.0
-1,-113.7520817011978,12.619997666666672,37.0,47.616000000000014,66.1360817011978,21.0
-1,-102.162684202863,18.862641421296228,52.0,63.26400000000002,38.89868420286299,19.0
-1,-86.91901913211431,17.13639690277776,43.0,49.15200000000002,37.76701913211429,17.0
-1,-80.36682998731257,9.83249131481481,28.0,37.824,42.542829987312565,23.0
-1,-109.9359896908581,13.589422194444444,51.0,68.54400000000003,41.39198969085807,26.0
-1,-107.60525290010582,13.198864569444424,42.0,65.37600000000002,42.22925290010581,22.0
-1,-105.92650427849748,16.713787217592575,46.0,65.28000000000003,40.646504278497446,21.0
-1,-121.30039581199333,17.21556737962954,45.0,59.04000000000003,62.26039581199329,23.0
-1,-92.998186041253,10.56082867129629,33.0,45.12000000000001,47.87818604125298,26.0
-1,-94.55843633046092,13.28458821759261,46.0,51.552000000000014,43.00643633046091,23.0
-1,-101.9544237718713,12.9567370462963,40.0,54.14400000000003,47.81042377187128,22.0
-1,-95.28818197092758,13.264850435185176,42.0,58.176,37.11218197092757,19.0
-1,-116.90920356150777,18.6507996342592,49.0,68.83200000000004,48.07720356150772,21.0
-1,-107.3358713667636,16.716087208333335,51.0,76.70400000000004,30.631871366763573,18.0
-1,-105.48963115472836,16.795329953703686,46.0,57.60000000000002,47.88963115472834,20.0
-1,-88.81421422109052,13.764043861111112,36.0,53.85600000000001,34.958214221090515,21.0
-1,-82.92834938045027,13.733575185185186,41.0,53.184000000000026,29.74434938045025,19.0
-1,-97.94394180380216,13.272517736111096,40.0,53.280000000000015,44.66394180380214,23.0
-1,-97.16615317927436,16.136097129629636,41.0,47.52000000000002,49.64615317927437,23.0
-1,-65.18531945276584,14.536195624999992,30.0,39.456,25.72931945276584,16.0
-1,-105.78769089489674,17.722348916666647,48.0,59.904000000000025,45.88369089489672,20.0
-1,-104.91978630285467,12.095822555555564,37.0,47.32800000000002,57.59178630285465,24.0
-1,-102.10614611024502,17.38167118055554,44.0,56.352000000000025,45.754146110245,20.0
-1,-105.84364737351646,18.023997106481453,50.0,68.25600000000001,37.58764737351645,17.0
-1,-83.27707165461476,11.051734185185191,35.0,42.91200000000001,40.365071654614745,21.0
-1,-100.20305104815624,15.778136935185154,40.0,51.936000000000014,48.26705104815622,20.0
-1,-101.62342320924942,14.861905550925934,41.0,56.544000000000025,45.0794232092494,23.0
-1,-88.49002771617526,14.976697453703697,32.0,44.73600000000001,43.75402771617526,23.0
-1,-104.2555444273718,15.892812393518511,45.0,57.69600000000001,46.55954442737178,20.0
-1,-97.6278779747555,16.046688875,44.0,48.48000000000001,49.1478779747555,23.0
-1,-113.34574156665396,13.7618035324074,53.0,68.16000000000003,45.18574156665395,23.0
-1,-85.74665474981387,10.255630277777795,25.0,36.096,49.65065474981387,21.0
-1,-91.05501634560632,11.19785967129631,36.0,44.73600000000001,46.31901634560632,24.0
-1,-105.45141247520608,21.13270304629626,56.0,67.20000000000003,38.251412475206045,18.0
-1,-96.19497205899648,13.7424976851852,48.0,55.488000000000014,40.70697205899648,22.0
-1,-80.68399356786398,14.394749717592587,36.0,44.832000000000015,35.85199356786397,18.0
-1,-108.39466197205124,14.00113755555553,37.0,54.33600000000002,54.05866197205122,22.0
-1,-97.0794955382614,13.836499388888877,46.0,50.400000000000006,46.679495538261406,23.0
-1,-101.69251781568784,9.787317319444448,43.0,50.20800000000001,51.48451781568784,24.0
-1,-128.30892011882776,16.572708708333302,55.0,68.06400000000004,60.24492011882771,23.0
-1,-109.99361984514223,15.811448166666668,51.0,64.41600000000003,45.5776198451422,22.0
-1,-93.7836520295489,14.937494287037005,42.0,60.480000000000025,33.303652029548886,20.0
-1,-100.98478757531802,15.940609412037023,40.0,52.22400000000002,48.760787575318005,20.0
-1,-93.38743111915927,18.267160856481453,49.0,66.14400000000002,27.243431119159272,14.0
-1,-107.6996161732857,15.460082435185171,43.0,64.12800000000003,43.57161617328567,23.0
-1,-119.33798675274528,15.061051574074067,46.0,68.06400000000002,51.27398675274526,22.0
-1,-91.54168803212274,14.353739124999995,44.0,58.27200000000003,33.26968803212271,19.0
-1,-107.36631801770892,13.042452314814817,45.0,50.68800000000002,56.67831801770892,26.0
-1,-110.77849186073888,14.9988507824074,52.0,69.60000000000004,41.17849186073884,20.0
-1,-77.25109727405896,12.391444027777757,36.0,45.40800000000001,31.84309727405896,21.0
-1,-95.91142601471526,17.12060126851849,44.0,57.88800000000003,38.023426014715234,18.0
-1,-80.8424120235245,11.132644018518524,33.0,44.16,36.68241202352449,22.0
-1,-98.5272497785594,15.015451611111082,35.0,46.46400000000001,52.06324977855939,22.0
-1,-98.69610159094,12.06923543055556,46.0,60.48000000000003,38.21610159093998,21.0
-1,-96.33940128671787,20.50116286574071,50.0,60.768000000000015,35.57140128671785,18.0
-1,-105.50326925247188,18.46961931481481,50.0,71.23200000000003,34.27126925247184,21.0
-1,-102.6246341124764,12.638131555555551,36.0,53.85600000000002,48.76863411247639,23.0
-1,-111.78127921825885,15.823096328703691,44.0,56.544000000000025,55.23727921825882,24.0
-1,-83.86835961544284,14.5971285601852,40.0,54.72000000000002,29.148359615442825,17.0
-1,-104.83713339730988,17.981294138888867,46.0,55.87200000000002,48.96513339730987,19.0
-1,-81.3747770529002,12.65016003703704,30.0,34.08,47.2947770529002,24.0
-1,-98.22122280751238,14.032349384259245,44.0,57.02400000000002,41.197222807512354,22.0
-1,-103.78064366057184,20.332337249999973,51.0,63.45600000000003,40.32464366057183,16.0
-1,-108.55483175693855,9.547775402777768,41.0,53.56800000000001,54.98683175693855,27.0
-1,-97.76712697545535,17.261144157407408,44.0,53.18400000000002,44.58312697545534,22.0
-1,-90.1933311862916,14.570084027777767,33.0,48.192000000000014,42.00133118629157,19.0
-1,-77.17660678907828,12.33457962037037,36.0,44.83200000000001,32.34460678907828,20.0
-1,-95.10628983561897,12.9379944212963,38.0,55.776000000000025,39.33028983561893,19.0
-1,-77.8046299640707,15.691438055555547,38.0,38.11200000000001,39.69262996407069,21.0
-1,-100.62987997819432,14.003311814814804,36.0,42.14400000000001,58.48587997819431,25.0
-1,-83.58522084124628,12.13983602777779,38.0,44.16,39.42522084124628,22.0
-1,-89.89593588873356,15.812905203703698,39.0,43.87200000000001,46.02393588873355,24.0
-1,-95.55879476806982,12.838612736111097,41.0,54.43200000000002,41.12679476806979,22.0
-1,-84.7143652149819,13.896629143518522,35.0,43.00800000000001,41.706365214981886,20.0
-1,-98.6297430897375,15.123258023148132,46.0,59.32800000000003,39.30174308973747,22.0
-1,-95.51687571589248,12.007894328703708,40.0,59.04000000000002,36.47687571589245,20.0
-1,-101.7894871497771,14.891490527777764,43.0,55.48800000000002,46.30148714977708,21.0
-1,-95.11448525961116,10.458031699074072,32.0,46.84800000000001,48.266485259611166,23.0
-1,-78.48772184767174,9.925805449074057,27.0,33.888000000000005,44.59972184767173,23.0
-1,-87.32316450278117,14.899096037037015,34.0,47.52000000000001,39.803164502781165,22.0
-1,-89.48050927812656,13.19673624074072,33.0,45.31200000000001,44.16850927812654,24.0
-1,-108.73086476768016,16.697648560185172,51.0,62.30400000000002,46.42686476768016,22.0
-1,-94.78044644675413,9.963199601851862,31.0,43.77600000000001,51.00444644675412,26.0
-1,-111.15229584126332,17.920939129629588,48.0,68.44800000000002,42.70429584126328,21.0
-1,-82.202240982526,13.41774709722218,46.0,55.20000000000002,27.002240982525983,18.0
-1,-93.98256180665206,18.596855115740716,42.0,60.96000000000003,33.02256180665202,20.0
-1,-88.6500962270642,14.829763870370368,39.0,56.83200000000002,31.818096227064174,18.0
-1,-103.74455346844262,12.976480782407382,40.0,60.57600000000003,43.16855346844259,23.0
-1,-88.66272101837909,15.290814703703685,42.0,52.416000000000025,36.24672101837906,20.0
-1,-79.5312956778452,18.65370658333333,44.0,52.512000000000015,27.01929567784518,15.0
-1,-122.70896659071192,12.326370805555538,40.0,62.016000000000034,60.6929665907119,24.0
-1,-106.92761278582172,16.54273103240736,47.0,57.21600000000002,49.71161278582169,23.0
-1,-81.12947710154504,11.016264273148144,35.0,47.90400000000002,33.225477101545025,22.0
-1,-97.7511816480988,16.983333851851828,45.0,56.92800000000001,40.823181648098775,22.0
-1,-94.63499893748522,14.618314361111096,35.0,44.16000000000001,50.47499893748521,22.0
-1,-89.35783631986169,9.895568430555556,30.0,43.77600000000001,45.58183631986167,22.0
-1,-80.85942775253346,13.295527250000012,32.0,41.28000000000001,39.57942775253345,19.0
-1,-74.68625316299014,11.748169263888885,38.0,47.32800000000001,27.35825316299013,19.0
-1,-96.07257656280274,15.378679620370354,49.0,62.112000000000016,33.96057656280272,20.0
-1,-82.46838382837527,15.59844123148147,39.0,52.320000000000014,30.14838382837525,16.0
-1,-137.28501658865991,15.46899322685186,57.0,82.75200000000002,54.5330165886599,27.0
-1,-125.12095233781412,17.97239957407405,53.0,65.66400000000003,59.456952337814094,29.0
-1,-92.4829080155286,13.758443083333336,46.0,59.42400000000002,33.05890801552858,19.0
-1,-89.85149275016624,17.475942185185172,48.0,63.45600000000002,26.395492750166227,15.0
-1,-109.69811410527248,10.554886509259266,41.0,67.87200000000003,41.82611410527246,23.0
-1,-92.70164447986808,16.47799987037036,41.0,56.64000000000002,36.06164447986804,19.0
-1,-76.42742785134158,15.51982037037036,38.0,48.86400000000001,27.56342785134156,19.0
-1,-76.40045314895181,13.571819935185182,33.0,45.024,31.37645314895181,17.0
-1,-97.3935733036504,16.404675115740726,45.0,69.98400000000002,27.409573303650376,13.0
-1,-87.26216207506094,20.274276953703687,37.0,42.52800000000001,44.73416207506093,19.0
-1,-95.89370399691931,19.52816371296294,46.0,52.32000000000002,43.5737039969193,21.0
-1,-92.36215298012726,14.8673306759259,36.0,43.104000000000006,49.258152980127264,22.0
-1,-96.89538550204917,13.48584088888888,45.0,58.08000000000003,38.81538550204913,21.0
-1,-99.49555662782822,14.477608476851842,37.0,49.536000000000016,49.95955662782821,22.0
-1,-116.87482107908968,19.257085597222165,68.0,82.08000000000004,34.794821079089644,18.0
-1,-92.08424808372185,12.884015055555563,38.0,52.70400000000001,39.38024808372184,19.0
-1,-97.06155390181968,12.514952902777775,41.0,49.05600000000002,48.00555390181966,25.0
-1,-110.01041578348614,14.006434606481475,38.0,55.20000000000001,54.81041578348612,21.0
-1,-89.56373683380363,15.645131680555538,46.0,55.10400000000001,34.459736833803625,18.0
-1,-135.98610172631257,9.788651958333348,55.0,87.36000000000004,48.62610172631253,22.0
-1,-87.7695082072418,18.22394888888887,36.0,42.81600000000001,44.95350820724179,20.0
-1,-106.32080622171704,20.6484745277777,64.0,72.57600000000004,33.744806221717,20.0
-1,-68.6186326768565,3.5947523888888835,23.0,27.168,41.45063267685652,26.0
-1,-104.73434565420128,18.63623311111111,47.0,57.120000000000026,47.61434565420127,21.0
-1,-95.86818975355516,13.052761074074066,42.0,50.496000000000016,45.37218975355515,23.0
-1,-89.87047433270311,14.321638046296288,33.0,45.600000000000016,44.2704743327031,17.0
-1,-116.34838074325089,13.484042300925928,48.0,66.81600000000003,49.53238074325085,24.0
-1,-95.25058655299576,16.689089990740715,38.0,52.896000000000015,42.35458655299575,20.0
-1,-90.64076574670592,10.205957157407424,36.0,44.25600000000001,46.3847657467059,23.0
-1,-99.6373024445142,14.705542875,45.0,56.54400000000001,43.09330244451419,21.0
-1,-84.15909262923664,19.612410708333325,53.0,62.20800000000003,21.951092629236616,12.0
-1,-114.97057797570542,19.855850810185164,52.0,77.47200000000004,37.49857797570538,21.0
-1,-92.28403148847586,14.67487078240741,37.0,43.58400000000001,48.70003148847585,24.0
-1,-121.82407765452687,16.72244237037032,60.0,87.93600000000005,33.888077654526846,16.0
-1,-94.44591488386764,13.442093870370377,37.0,45.984000000000016,48.461914883867614,21.0
-1,-85.37930377972674,15.183561509259256,37.0,46.56000000000001,38.81930377972672,18.0
-1,-95.59606775437322,17.149630912037,38.0,48.000000000000014,47.5960677543732,21.0
-1,-108.92450246311516,11.3782806898148,43.0,65.28000000000003,43.64450246311511,19.0
-1,-87.28889236576788,10.200133393518534,31.0,40.608,46.68089236576788,22.0
-1,-91.32316488219423,12.85764585648149,43.0,58.08000000000002,33.24316488219422,18.0
-1,-96.94037906295053,13.408643532407414,44.0,48.67200000000002,48.26837906295049,24.0
-1,-102.56476163185393,14.10618060185183,41.0,55.48800000000002,47.07676163185389,23.0
-1,-105.15292423285231,11.142394236111112,39.0,52.512000000000015,52.64092423285231,25.0
-1,-79.1349637168096,13.937951430555549,37.0,47.616000000000014,31.518963716809576,17.0
-1,-77.38824918384564,15.014245851851848,33.0,38.592000000000006,38.79624918384564,21.0
-1,-90.80628096679384,15.196729333333325,36.0,53.280000000000015,37.52628096679384,18.0
-1,-85.69232421280225,12.104962976851851,33.0,43.68,42.012324212802255,22.0
-1,-92.55657150831226,21.170555185185183,51.0,57.312000000000026,35.244571508312234,14.0
-1,-98.993614261085,12.97905535648148,45.0,56.352000000000025,42.64161426108498,23.0
-1,-87.4786538350303,14.429383115740755,40.0,47.616000000000014,39.86265383503029,20.0
-1,-106.55854876328648,12.579860902777796,40.0,59.23200000000002,47.32654876328644,23.0
-1,-83.14879910144424,13.309679550925924,30.0,35.328,47.82079910144424,20.0
-1,-126.98460540669682,16.936841337962953,52.0,74.88000000000002,52.10460540669679,27.0
-1,-89.63832645966173,17.181791523148128,38.0,47.71200000000002,41.92632645966172,22.0
-1,-100.3265378132129,18.004924861111054,54.0,69.88800000000003,30.438537813212857,20.0
-1,-85.40007809828677,13.768466722222222,32.0,37.536,47.864078098286775,26.0
-1,-89.80181198596242,12.483535134259249,33.0,47.71200000000001,42.0898119859624,25.0
-1,-102.50277124945724,12.815664120370371,38.0,58.56000000000002,43.94277124945723,23.0
-1,-75.19361972142221,13.0515596111111,38.0,46.080000000000005,29.1136197214222,18.0
-1,-81.59196857006854,13.717322615740713,31.0,46.176000000000016,35.41596857006853,21.0
-1,-87.15219229420731,14.247465504629645,35.0,42.432000000000016,44.7201922942073,22.0
-1,-137.041378570558,15.87627747685185,51.0,72.28800000000003,64.75337857055798,19.0
-1,-76.25750510455286,17.011275328703682,44.0,51.168,25.089505104552867,16.0
-1,-85.56180992459815,13.686810587962956,38.0,54.14400000000002,31.41780992459813,19.0
-1,-96.72469772370944,15.808002138888863,38.0,52.22400000000002,44.50069772370943,23.0
-1,-93.83971544386856,17.719898129629595,42.0,53.37600000000002,40.46371544386853,20.0
-1,-82.13515330190276,13.324034736111107,38.0,42.52800000000001,39.60715330190275,20.0
-1,-69.74620075935765,10.502349828703707,33.0,41.66400000000001,28.08220075935764,19.0
-1,-134.74133595113835,17.577225115740664,51.0,78.81600000000005,55.92533595113831,28.0
-1,-95.02198256558324,9.991597027777788,34.0,50.78400000000003,44.23798256558322,25.0
-1,-93.25219335840931,14.31899138888889,40.0,60.00000000000002,33.2521933584093,18.0
-1,-113.24796077809472,17.325233638888836,64.0,83.61600000000003,29.631960778094697,19.0
-1,-91.51564833527851,15.285835916666636,43.0,57.69600000000002,33.819648335278494,18.0
-1,-85.14519303783464,12.032139120370356,42.0,60.19200000000002,24.95319303783463,19.0
-1,-96.69422232454514,17.73135637499996,47.0,60.28800000000003,36.40622232454511,23.0
-1,-96.32994499669688,16.752356532407365,43.0,58.27200000000002,38.05794499669685,20.0
-1,-78.89346812719633,12.242680643518511,27.0,39.55200000000001,39.34146812719632,20.0
-1,-88.78888678260212,13.82169762499998,31.0,39.072,49.71688678260212,25.0
-1,-98.37105105713752,16.09406967129628,50.0,70.08000000000003,28.29105105713749,18.0
-1,-114.75248216867146,16.01045291203702,52.0,72.86400000000003,41.88848216867144,24.0
-1,-90.35543265436638,10.364483837962965,37.0,60.76800000000002,29.587432654366356,19.0
-1,-90.04226078229513,15.262477453703688,40.0,57.02400000000002,33.01826078229511,19.0
-1,-78.47757475297193,18.764901305555533,51.0,55.68000000000001,22.79757475297193,15.0
-1,-88.7532551917943,18.19665281018513,46.0,59.23200000000002,29.521255191794268,18.0
-1,-101.03912844143852,15.02977246296296,47.0,69.60000000000004,31.43912844143849,17.0
-1,-118.45479150594248,10.251695467592604,51.0,78.24000000000002,40.21479150594244,24.0
-1,-98.24385885771812,18.6052156481481,50.0,66.14400000000003,32.09985885771809,18.0
-1,-103.65582834500144,17.596369837962957,51.0,55.87200000000002,47.78382834500143,20.0
-1,-86.53163956353413,15.021974398148128,44.0,54.240000000000016,32.291639563534105,19.0
-1,-97.4820379172766,13.735690995370364,35.0,54.048000000000016,43.43403791727658,22.0
-1,-144.5094956567503,14.239643893518515,58.0,81.12000000000005,63.38949565675023,24.0
-1,-108.6998361060009,15.788959583333328,55.0,75.45600000000003,33.24383610600086,19.0
-1,-102.0611376727247,10.371750009259264,29.0,40.12800000000001,61.9331376727247,27.0
-1,-83.98833497802207,16.83027149537034,46.0,55.39200000000002,28.596334978022043,17.0
-1,-91.29544647239577,15.051699041666655,47.0,56.736000000000026,34.559446472395734,21.0
-1,-85.55124900425409,13.89883010185184,43.0,55.87200000000002,29.679249004254064,19.0
-1,-165.66115349804073,27.27880506944434,80.0,101.18400000000004,64.47715349804068,27.0
-1,-83.108921470486,13.984425532407366,46.0,57.792000000000016,25.31692147048598,16.0
-1,-89.49653339121663,12.248202662037032,35.0,53.18400000000002,36.31253339121661,20.0
-1,-93.82013363103944,14.133972930555547,40.0,55.87200000000002,37.94813363103943,20.0
-1,-86.54009585218772,14.732436472222208,40.0,56.16000000000002,30.3800958521877,17.0
-1,-84.28588876437937,17.257075902777746,50.0,52.896,31.38988876437937,20.0
-1,-111.09762231148127,14.059293652777772,53.0,74.97600000000006,36.12162231148122,19.0
-1,-106.66756831283396,14.28691981944444,50.0,67.68000000000002,38.987568312833936,20.0
-1,-111.02390759622196,13.121917361111109,43.0,60.864000000000026,50.15990759622192,25.0
-1,-104.20193558633672,13.905162898148149,40.0,55.58400000000002,48.61793558633671,22.0
-1,-120.95967082813904,16.07969196296293,39.0,56.448000000000015,64.51167082813903,26.0
-1,-92.17950492806062,11.81877647222221,41.0,54.14400000000001,38.03550492806061,23.0
-1,-83.10591395344784,10.218406430555564,29.0,37.440000000000005,45.66591395344784,22.0
-1,-77.95214268524026,10.689328171296296,36.0,51.93600000000001,26.01614268524025,19.0
-1,-93.18521436040224,19.64082897222221,56.0,63.16800000000002,30.017214360402225,15.0
-1,-109.03777972810862,15.673843046296296,59.0,79.48800000000004,29.54977972810857,19.0
-1,-100.375618154841,11.96198870833335,36.0,54.52800000000002,45.84761815484097,22.0
-1,-101.2349216056276,19.1041638518518,48.0,68.54400000000003,32.69092160562758,18.0
-1,-77.1484030659236,11.929586388888886,37.0,50.112000000000016,27.03640306592359,19.0
-1,-90.5874484161104,20.63225747685184,51.0,60.00000000000003,30.58744841611038,18.0
-1,-91.43276379806936,14.698453375,35.0,47.32800000000001,44.10476379806936,21.0
-1,-118.35977558282384,12.409806106481488,42.0,57.88800000000003,60.47177558282381,27.0
-1,-88.65820396403662,18.065365421296285,43.0,48.288,40.37020396403661,17.0
-1,-131.22671667467995,15.964754893518498,66.0,99.93600000000004,31.29071667467991,18.0
-1,-87.61959204511936,12.36713910648146,36.0,47.424000000000014,40.19559204511934,21.0
-1,-80.51228181301295,10.66985912037036,34.0,47.42400000000001,33.08828181301295,20.0
-1,-108.86813896373268,17.146451689814786,50.0,69.79200000000003,39.07613896373265,20.0
-1,-109.71508000728431,9.298446296296312,39.0,51.74400000000002,57.9710800072843,26.0
-1,-88.56330920142884,11.154387041666652,34.0,47.23200000000001,41.33130920142882,23.0
-1,-108.66955486511452,17.95985687499997,49.0,63.26400000000003,45.4055548651145,20.0
-1,-107.74432207236796,12.207233148148154,39.0,52.22400000000001,55.52032207236796,24.0
-1,-106.19355879796356,10.230744546296307,40.0,64.22400000000002,41.96955879796353,23.0
-1,-96.7151439121788,13.983058226851838,32.0,47.808000000000014,48.907143912178775,22.0
-1,-96.6821927708346,19.2011203657407,52.0,65.37600000000003,31.30619277083457,18.0
-1,-108.47673188225448,12.94315393981483,46.0,64.89600000000003,43.58073188225445,21.0
-1,-89.03966829430254,10.879087990740748,30.0,43.48800000000001,45.55166829430253,23.0
-1,-81.60189637837323,12.017862717592584,33.0,44.83200000000001,36.76989637837322,22.0
-1,-75.54730854803628,19.234925939814808,45.0,55.10400000000001,20.44330854803628,13.0
-1,-93.39939865260608,12.425959374999987,36.0,57.60000000000002,35.79939865260606,21.0
-1,-83.03954366403522,11.939717245370383,36.0,42.816,40.22354366403521,21.0
-1,-100.11372662637878,14.542246449074076,40.0,56.54400000000002,43.56972662637876,21.0
-1,-92.11832497932308,11.562747703703712,32.0,48.57600000000001,43.54232497932307,22.0
-1,-85.47022839250843,13.596950606481473,39.0,49.63200000000002,35.83822839250842,18.0
-1,-117.16012708058344,17.077006402777716,53.0,69.98400000000002,47.17612708058341,24.0
-1,-84.4716061864242,15.60620751388888,42.0,44.92800000000001,39.543606186424185,20.0
-1,-120.455180218556,13.468476652777772,50.0,63.26400000000002,57.19118021855599,27.0
-1,-103.63104532439472,14.776810935185152,42.0,56.160000000000025,47.47104532439469,21.0
-1,-75.82706781350164,10.691843611111109,37.0,41.952,33.875067813501644,21.0
-1,-92.23880915749248,21.354458620370327,59.0,75.93600000000005,16.302809157492433,11.0
-1,-96.77544637819976,10.434814268518526,35.0,57.98400000000002,38.79144637819975,22.0
-1,-126.78293643846476,16.267345703703683,59.0,86.30400000000004,40.47893643846471,22.0
-1,-83.63818218073571,13.19965077314816,36.0,54.62400000000002,29.01418218073569,18.0
-1,-109.06116664394357,12.57622633333333,42.0,61.24800000000003,47.81316664394353,21.0
-1,-92.06779331759262,15.785852601851838,44.0,54.91200000000002,37.1557933175926,18.0
-1,-80.01561445675421,12.07584237962963,31.0,44.64000000000001,35.37561445675421,18.0
-1,-86.93705399069246,17.9070418518518,53.0,67.39200000000002,19.54505399069244,12.0
-1,-92.6932411266804,12.45475554166668,35.0,48.00000000000002,44.69324112668037,22.0
-1,-109.32422892839688,15.968748527777766,54.0,76.60800000000006,32.71622892839683,18.0
-1,-92.44066733583004,12.465218162037011,39.0,45.98400000000002,46.456667335830005,24.0
-1,-84.93905247597586,16.18990751851851,40.0,55.48800000000002,29.45105247597584,15.0
-1,-100.26549108681948,13.277052208333313,46.0,63.840000000000025,36.42549108681945,21.0
-1,-78.58755594441878,15.927092259259243,44.0,53.08800000000002,25.49955594441876,15.0
-1,-101.78667257673747,14.592002731481466,48.0,60.86400000000002,40.922672576737455,21.0
-1,-84.96227307816754,11.072403138888884,45.0,59.99999999999999,24.96227307816756,17.0
-1,-101.03258689118688,14.277681726851858,40.0,63.16800000000003,37.86458689118684,17.0
-1,-82.326986357102,15.37366304166666,41.0,61.72800000000002,20.59898635710198,14.0
-1,-96.06173612261544,13.620856490740742,46.0,59.42400000000003,36.637736122615394,23.0
-1,-81.64405408097839,16.155312629629627,42.0,45.888000000000005,35.75605408097839,20.0
-1,-103.16104907955004,12.982088879629618,44.0,62.68800000000002,40.47304907955,23.0
-1,-94.0478070864373,12.595521305555556,32.0,40.512,53.535807086437295,24.0
-1,-78.65753248975662,19.83275391666665,41.0,51.16800000000001,27.489532489756613,16.0
-1,-108.0890478077008,16.733644888888893,50.0,65.76000000000002,42.32904780770079,22.0
-1,-138.4015950482114,19.981728222222163,60.0,83.13600000000004,55.26559504821136,27.0
-1,-108.8244062968737,17.2403331944444,50.0,66.33600000000003,42.48840629687368,22.0
-1,-95.12222546906102,18.571062546296258,48.0,70.08000000000003,25.04222546906099,15.0
-1,-81.88696508075628,12.08074939351853,33.0,41.28,40.60696508075628,21.0
-1,-78.2744785984958,11.90430377777779,35.0,48.57600000000001,29.6984785984958,19.0
-1,-89.11769513562297,15.25472903240741,41.0,51.74400000000001,37.37369513562296,20.0
-1,-88.573481027307,12.444280347222223,43.0,58.08000000000003,30.493481027306977,19.0
-1,-84.87704247261622,13.444044874999996,45.0,55.68,29.19704247261623,17.0
-1,-89.66022439532044,17.390902907407398,40.0,56.35200000000002,33.30822439532042,16.0
-1,-91.35557801409249,14.927733935185175,40.0,52.89600000000002,38.45957801409246,20.0
-1,-95.75673083804487,14.675416513888882,42.0,62.400000000000034,33.35673083804484,18.0
-1,-87.27920226072077,15.017577916666657,44.0,58.17600000000002,29.10320226072074,19.0
-1,-91.64693681140484,15.745802430555528,51.0,60.864000000000026,30.782936811404795,19.0
-1,-99.59770905156876,17.47187565277775,51.0,71.71200000000003,27.885709051568732,15.0
-1,-86.21387970098692,12.301698407407397,38.0,58.08000000000003,28.13387970098689,18.0
-1,-78.94281613543843,15.435091638888874,36.0,50.78400000000001,28.15881613543842,15.0
-1,-100.38571402655224,15.869040013888878,50.0,63.16800000000003,37.21771402655223,18.0
-1,-79.8856620811912,16.26202757407405,43.0,52.320000000000014,27.56566208119118,16.0
-1,-99.71232764766054,11.851568986111104,38.0,59.712000000000025,40.00032764766051,23.0
-1,-83.66016116185406,11.497208101851848,33.0,42.43200000000001,41.22816116185405,23.0
-1,-73.9577750648283,15.300390935185174,38.0,44.06400000000001,29.89377506482829,17.0
-1,-92.55023490960431,15.362054861111105,41.0,54.62400000000002,37.926234909604304,20.0
-1,-91.3295004560482,11.041724893518518,36.0,48.19200000000001,43.1375004560482,23.0
-1,-77.81117968779748,11.300557587962944,36.0,54.04800000000002,23.763179687797447,17.0
-1,-74.44603428893589,13.673525888888902,32.0,32.352000000000004,42.09403428893588,23.0
-1,-120.65958759813152,14.380873365740706,49.0,77.47200000000002,43.18758759813148,21.0
-1,-99.28912499728132,15.861613162037036,49.0,69.60000000000004,29.689124997281294,18.0
-1,-81.84687411242558,12.963046111111115,38.0,50.208000000000006,31.638874112425576,18.0
-1,-98.33374145817466,14.6002174398148,42.0,51.84000000000002,46.49374145817464,21.0
-1,-100.65953457382656,14.058152796296262,39.0,60.67200000000002,39.987534573826544,24.0
-1,-89.75096752377101,10.095442407407418,35.0,51.07200000000002,38.67896752377099,22.0
-1,-84.41180499496849,11.158240004629633,32.0,44.54400000000001,39.86780499496848,24.0
-1,-98.31206059509952,15.21358449537037,53.0,61.82400000000003,36.48806059509951,19.0
-1,-78.8377665386087,15.965041425925907,36.0,46.464000000000006,32.3737665386087,18.0
-1,-103.93151113395554,15.582229124999976,41.0,57.88800000000002,46.04351113395552,25.0
-1,-107.031856122023,16.731892791666652,46.0,63.16800000000003,43.86385612202295,22.0
-1,-88.53291315325511,14.087939939814802,46.0,63.64800000000002,24.88491315325509,15.0
-1,-93.04066653290828,12.033381949074078,38.0,49.344000000000015,43.69666653290828,24.0
-1,-110.43387669605195,14.92206124537037,52.0,83.23200000000004,27.201876696051915,16.0
-1,-90.2088228889018,16.07714910185184,42.0,51.16800000000003,39.04082288890178,21.0
-1,-100.49806253160108,14.875805208333302,37.0,56.928000000000026,43.570062531601046,21.0
-1,-79.00951100713482,21.882666842592595,39.0,49.63200000000001,29.377511007134807,15.0
-1,-78.97806499399331,11.183455023148149,33.0,51.360000000000014,27.618064993993308,19.0
-1,-96.51094951501096,12.9035430509259,43.0,56.16000000000002,40.35094951501094,22.0
-1,-87.91228874715803,12.054216782407403,40.0,53.08800000000002,34.82428874715801,23.0
-1,-102.1656877091927,11.833103601851846,41.0,64.99200000000003,37.17368770919267,23.0
-1,-114.50269713116371,17.059598791666637,48.0,64.12800000000001,50.37469713116372,25.0
-1,-81.51530704919506,12.129082199074046,32.0,50.01600000000001,31.49930704919505,17.0
-1,-99.78388546589522,12.15520172222222,38.0,52.992000000000026,46.791885465895206,23.0
-1,-98.84732928598652,13.873779875000016,44.0,52.512000000000015,46.3353292859865,24.0
-1,-92.06715244186684,8.482698685185195,34.0,46.65600000000001,45.41115244186683,24.0
-1,-110.9123762041262,15.296314032407397,52.0,72.09600000000003,38.81637620412617,25.0
-1,-101.7162735505798,13.719561587962945,41.0,56.25600000000003,45.46027355057975,22.0
-1,-76.84333538464355,12.213053282407383,27.0,38.112,38.73133538464354,22.0
-1,-95.5774547798415,13.506935120370372,40.0,55.29600000000002,40.28145477984148,19.0
-1,-96.34330529445592,16.081809106481458,42.0,53.37600000000001,42.96730529445591,20.0
-1,-93.8907785551058,22.29481954629628,56.0,68.73600000000002,25.1547785551058,15.0
-1,-105.78151925561576,18.169625972222185,44.0,59.61600000000002,46.16551925561575,23.0
-1,-89.094659823769,14.513487907407407,44.0,54.048000000000016,35.046659823768984,20.0
-1,-114.61586936510857,18.248918231481404,57.0,76.22400000000005,38.39186936510852,23.0
-1,-87.54065131924969,14.246350624999998,43.0,63.16800000000003,24.372651319249663,14.0
-1,-62.13536112106243,11.250838143518552,23.0,25.44,36.695361121062426,24.0
-1,-80.64042110832597,12.009704291666676,33.0,43.39200000000001,37.24842110832596,20.0
-1,-100.66902551174655,16.40291642129628,40.0,51.36000000000002,49.30902551174654,25.0
-1,-111.91109402425036,12.744179722222215,42.0,57.98400000000003,53.92709402425034,27.0
-1,-89.87129160569644,13.504367865740736,46.0,64.12800000000003,25.743291605696417,17.0
-1,-77.7582067094397,15.78710437500001,44.0,50.01600000000002,27.74220670943969,18.0
-1,-91.82790204620534,17.81168064814813,47.0,60.76800000000002,31.05990204620531,17.0
-1,-76.516941270578,14.216640935185184,40.0,50.78400000000002,25.73294127057797,17.0
-1,-107.86438249882612,16.55206703240739,45.0,53.18400000000002,54.680382498826106,24.0
-1,-98.29971734901368,18.22318357407406,52.0,68.35200000000003,29.94771734901365,19.0
-1,-92.9093692711979,16.04804924537038,46.0,56.06400000000002,36.84536927119789,20.0
-1,-128.45205849454172,14.968183768518514,63.0,83.90400000000002,44.548058494541685,22.0
-1,-86.41160063125695,16.10022670370371,44.0,60.096000000000025,26.315600631256924,14.0
-1,-101.13348352946755,14.049406425925923,41.0,52.512000000000015,48.62148352946755,24.0
-1,-82.42131765836076,12.091458143518532,40.0,49.632000000000005,32.78931765836076,19.0
-1,-102.1582749488072,13.923398120370376,45.0,63.55200000000003,38.606274948807176,21.0
-1,-95.1595416842313,13.70971023611111,41.0,65.95200000000001,29.20754168423129,15.0
-1,-113.93475564576993,15.23908695833332,46.0,64.80000000000003,49.1347556457699,26.0
-1,-72.74684876677017,8.141529222222214,29.0,39.93600000000001,32.81084876677017,20.0
-1,-84.80881400570286,12.375942662037028,38.0,58.75200000000002,26.056814005702837,15.0
-1,-78.21686537504911,12.527456393518513,34.0,53.088000000000015,25.128865375049088,17.0
-1,-79.86023201655419,17.743300976851863,41.0,50.496,29.3642320165542,19.0
-1,-84.73533879896732,19.602792689814805,53.0,58.65600000000002,26.0793387989673,15.0
-1,-63.0470196941106,6.5790684398148,25.0,30.24,32.80701969411059,22.0
-1,-90.38195673113611,12.260138953703713,40.0,55.68000000000002,34.70195673113611,21.0
-1,-101.93398838773555,16.94056312037036,51.0,65.18400000000003,36.74998838773554,16.0
-1,-95.9441323188574,8.87599087037037,30.0,45.50400000000001,50.44013231885741,23.0
-1,-87.33220838938075,15.43823258796297,39.0,51.64800000000001,35.68420838938074,19.0
-1,-117.13696951607476,14.220525069444433,54.0,79.68000000000005,37.45696951607471,22.0
-1,-80.10411961506631,14.47767144444443,34.0,52.320000000000014,27.7841196150663,18.0
-1,-85.56891823583757,16.73971838888889,44.0,56.352000000000025,29.216918235837557,19.0
-1,-93.99869316856396,15.999612023148137,42.0,57.69600000000001,36.302693168563934,19.0
-1,-88.670976007305,12.74856321759262,34.0,42.62400000000001,46.04697600730498,22.0
-1,-85.45920824061824,9.402333152777766,24.0,37.728,47.73120824061824,24.0
-1,-82.48191206872335,14.148628999999984,40.0,54.04800000000002,28.433912068723323,19.0
-1,-138.9650130193356,15.99290832407407,49.0,73.92000000000003,65.04501301933557,27.0
-1,-96.11594626997277,20.78140774074068,55.0,62.59200000000003,33.52394626997274,18.0
-1,-102.26718420708308,15.684287634259228,56.0,75.55200000000005,26.71518420708304,18.0
-1,-90.2473799399981,14.55124944444444,36.0,52.70400000000002,37.54337993999808,19.0
-1,-110.40256220426384,23.12275190740737,55.0,69.12000000000005,41.2825622042638,18.0
-1,-91.36727962818674,15.760759930555537,42.0,51.26400000000002,40.10327962818672,21.0
-1,-88.75895914963452,11.101303685185174,34.0,52.320000000000014,36.438959149634506,21.0
-1,-105.99162448497106,12.370274916666665,37.0,51.26400000000002,54.72762448497104,22.0
-1,-117.4053187158164,16.93209436111111,59.0,90.14400000000003,27.26131871581634,17.0
-1,-90.21047910290272,12.125015981481472,30.0,43.87200000000001,46.3384791029027,23.0
-1,-93.69469740800967,12.805570611111108,41.0,55.29600000000002,38.39869740800966,19.0
-1,-136.41215294832818,13.911610356481471,49.0,75.26400000000004,61.14815294832815,29.0
-1,-108.30748477203224,17.513069064814808,49.0,62.400000000000034,45.90748477203221,19.0
-1,-112.19008439009797,15.068913814814795,57.0,73.53600000000004,38.6540843900979,20.0
-1,-88.8487954990195,16.15748928240738,46.0,62.208000000000034,26.640795499019468,16.0
-1,-99.04444519754117,14.879707624999975,49.0,67.87200000000003,31.17244519754112,18.0
-1,-92.33181357798148,20.77919201851845,59.0,72.00000000000003,20.331813577981453,13.0
-1,-120.48017145939563,14.844527976851843,40.0,55.29600000000003,65.18417145939561,19.0
-1,-99.6284783936879,13.18014042129629,47.0,68.35200000000002,31.276478393687885,19.0
-1,-92.28981405164008,18.81872632407409,49.0,63.26400000000003,29.025814051640047,16.0
-1,-90.48335663711944,11.856063791666664,43.0,57.40800000000002,33.07535663711941,19.0
-1,-102.00832433453284,17.64791533333332,50.0,76.70400000000004,25.304324334532787,17.0
-1,-93.6940925005156,11.996707162037051,32.0,49.82400000000001,43.8700925005156,22.0
-1,-103.08896571277388,13.346219013888875,44.0,60.96000000000003,42.12896571277385,24.0
-1,-94.0103763687141,14.617601004629632,42.0,64.70400000000002,29.30637636871408,17.0
-1,-107.587290817951,18.697776097222174,61.0,75.55200000000002,32.035290817950965,18.0
-1,-97.987992285079,11.506251652777784,38.0,57.88800000000002,40.09999228507897,23.0
-1,-92.09215547862073,18.80847952777776,44.0,56.06400000000002,36.02815547862069,20.0
-1,-97.28069195396498,16.036578486111118,48.0,59.424000000000014,37.85669195396496,21.0
-1,-90.39319765716746,16.518656472222236,44.0,62.112000000000016,28.281197657167446,15.0
-1,-121.4780025588133,16.3705303333333,38.0,65.56800000000003,55.91000255881327,20.0
-1,-84.79071300056576,18.168119249999997,45.0,55.48800000000002,29.30271300056574,19.0
-1,-90.11392557511994,13.22684104166667,40.0,51.45600000000002,38.657925575119926,22.0
-1,-83.24590000714407,17.522932541666634,44.0,54.72000000000003,28.52590000714405,19.0
-1,-83.29447908390064,10.826014374999994,31.0,40.99200000000001,42.30247908390063,23.0
-1,-117.03182456142872,16.67623504629627,50.0,67.58400000000003,49.4478245614287,27.0
-1,-93.17013666780596,15.805724541666674,47.0,61.15200000000002,32.01813666780593,18.0
-1,-95.06695061264428,11.32573558333334,30.0,47.712,47.354950612644274,24.0
-1,-149.03807913969823,17.96283407870367,65.0,96.38400000000004,52.65407913969821,24.0
-1,-88.78311328714997,18.636711597222213,52.0,66.14400000000003,22.639113287149947,14.0
-1,-115.3724229722826,15.726802800925904,49.0,68.64000000000003,46.73242297228256,24.0
-1,-102.78543134627336,13.12986346296296,37.0,49.536000000000016,53.24943134627335,23.0
-1,-87.20751961382005,10.583039143518524,33.0,50.78400000000002,36.423519613820034,22.0
-1,-113.2984543675897,19.95389650000001,49.0,67.20000000000002,46.09845436758969,25.0
-1,-86.20478758382475,14.953485439814816,39.0,58.17600000000003,28.028787583824723,16.0
-1,-95.75000880786688,12.973353578703682,37.0,58.36800000000002,37.38200880786685,20.0
-1,-109.09572856719625,13.909327106481468,39.0,54.43200000000002,54.663728567196216,24.0
-1,-96.4419887652998,13.92404580092591,35.0,45.88800000000001,50.5539887652998,24.0
-1,-92.91590978982263,12.895391379629622,42.0,65.37600000000002,27.539909789822623,16.0
-1,-85.60566355575037,9.716209611111108,29.0,43.392,42.21366355575037,23.0
-1,-106.70457893639828,20.72227703703701,67.0,76.12800000000001,30.57657893639828,17.0
-1,-94.43408526491667,12.86872897685186,38.0,46.08000000000003,48.35408526491665,25.0
-1,-77.85495722537021,13.585803865740743,32.0,38.68800000000001,39.16695722537021,21.0
-1,-79.45447436611762,15.899567981481486,39.0,45.98400000000002,33.4704743661176,20.0
-1,-89.68884259944014,18.10989843055552,47.0,56.25600000000002,33.43284259944012,19.0
-1,-102.43144713188934,16.238029027777763,53.0,67.20000000000003,35.23144713188931,20.0
-1,-91.30129399494504,10.590220162037037,27.0,41.664000000000016,49.63729399494503,26.0
-1,-85.84070553474618,13.03023625462962,37.0,52.41600000000002,33.42470553474617,16.0
-1,-100.68083825121064,14.99640827314814,51.0,76.70400000000004,23.976838251210605,13.0
-1,-87.24203559115206,13.72907167592593,47.0,56.44800000000003,30.794035591152035,20.0
-1,-102.08993534217292,16.789838425925883,57.0,79.58400000000005,22.505935342172865,13.0
-1,-103.25540068597176,12.44516879629629,40.0,65.18400000000001,38.07140068597173,19.0
-1,-91.95765541771488,15.626053120370358,42.0,53.66400000000002,38.293655417714845,21.0
-1,-120.22124633989137,16.679509249999978,49.0,65.85600000000002,54.36524633989134,23.0
-1,-80.41576338694699,12.659168245370372,33.0,43.392,37.023763386947,21.0
-1,-85.71253268459347,13.989567907407382,41.0,58.56000000000003,27.15253268459345,16.0
-1,-90.40286984418444,10.214741523148149,31.0,48.86400000000001,41.53886984418444,25.0
-1,-125.3613073905898,13.754167578703695,50.0,88.99200000000005,36.36930739058973,20.0
-1,-88.91872200130791,13.212647962962972,43.0,50.11200000000001,38.80672200130791,21.0
-1,-83.34592831016462,10.206820916666668,34.0,45.984000000000016,37.361928310164615,23.0
-1,-102.54444750357744,22.56481719907399,60.0,68.16000000000004,34.384447503577384,19.0
-1,-84.04220837493745,13.95712730555554,39.0,56.35200000000002,27.69020837493742,14.0
-1,-107.2437062087592,15.377977736111102,46.0,63.26400000000002,43.97970620875916,23.0
-1,-104.40925437929572,13.228044124999997,44.0,60.096000000000025,44.313254379295714,25.0
-1,-94.558916134238,13.1720343425926,42.0,53.28000000000002,41.27891613423797,20.0
-1,-74.96482444286315,24.74983264814812,52.0,55.10400000000002,19.860824442863134,13.0
-1,-68.69209088773133,16.72110249074074,36.0,39.168,29.52409088773133,20.0
-1,-91.09414937118524,12.091821606481464,38.0,53.56800000000002,37.52614937118521,20.0
-1,-112.05236938582472,12.832666962962946,49.0,65.66400000000003,46.38836938582469,25.0
-1,-107.03849828827094,12.87193823611112,37.0,55.10400000000002,51.93449828827092,23.0
-1,-84.5961181223889,10.155281916666675,35.0,50.59200000000002,34.004118122388874,21.0
-1,-82.88970868657532,14.569829777777777,41.0,45.984000000000016,36.9057086865753,22.0
-1,-87.89486890761154,13.291971625000002,36.0,42.14400000000001,45.750868907611526,24.0
-1,-87.75467451133622,14.86819637037036,37.0,40.8,46.95467451133622,22.0
-1,-94.98469661131595,21.898586495370367,51.0,63.55200000000002,31.432696611315937,15.0
-1,-90.19976006016546,16.7146036388889,49.0,59.61600000000003,30.583760060165428,17.0
-1,-93.23471183663791,17.30303054629628,50.0,63.07200000000002,30.162711836637897,21.0
-1,-98.20632564529144,15.264040453703684,47.0,56.06400000000003,42.1423256452914,23.0
-1,-90.23321383402606,10.82387447222222,36.0,50.30400000000001,39.92921383402605,23.0
-1,-101.21141588608756,10.77735004166668,32.0,47.52000000000001,53.69141588608756,25.0
-1,-91.59622728500612,15.499288023148136,37.0,49.53600000000002,42.06022728500609,21.0
-1,-114.9255853682674,15.650165472222197,40.0,57.408000000000015,57.5175853682674,26.0
-1,-93.44344421923763,15.34586445370368,37.0,47.04000000000001,46.40344421923762,22.0
-1,-94.54906905074662,15.069217652777771,42.0,61.34400000000003,33.20506905074659,18.0
-1,-90.53611032700164,14.920887555555549,38.0,53.56800000000001,36.968110327001625,19.0
-1,-93.64356038359291,13.782871671296286,47.0,64.22400000000002,29.41956038359291,17.0
-1,-88.55071024089966,13.767060550925908,46.0,62.78400000000003,25.76671024089963,15.0
-1,-96.20092065172318,15.768692138888886,47.0,60.672000000000025,35.528920651723155,21.0
-1,-88.93662287362403,18.2373183935185,43.0,55.10400000000002,33.83262287362402,18.0
-1,-89.79550231532971,14.68347612962963,35.0,48.384000000000015,41.41150231532969,22.0
-1,-97.99198075635807,11.216060791666663,36.0,50.01600000000001,47.97598075635808,26.0
-1,-97.90436404364706,16.136292194444422,45.0,63.36000000000002,34.54436404364704,17.0
-1,-92.93331609528272,17.09866218981479,47.0,58.46400000000002,34.46931609528271,17.0
-1,-111.45766236552106,15.521538083333342,51.0,80.25600000000003,31.201662365521027,19.0
-1,-82.76991351430846,22.70194817129629,43.0,50.016000000000005,32.75391351430845,16.0
-1,-102.51647551956908,13.804769814814817,41.0,55.87200000000002,46.64447551956905,27.0
-1,-95.65537393291362,16.397640004629608,43.0,63.07200000000002,32.583373932913595,20.0
-1,-92.36499780800231,19.25596016666663,48.0,56.92800000000002,35.436997808002296,20.0
-1,-99.6977349365814,17.3359345046296,57.0,75.74400000000003,23.95373493658137,13.0
-1,-97.37539698449253,12.08564725462962,39.0,54.240000000000016,43.13539698449249,25.0
-1,-83.37454185752782,18.248059800925923,42.0,53.664000000000016,29.7105418575278,15.0
-1,-78.30008856817494,13.318641615740749,32.0,40.32000000000001,37.980088568174935,22.0
-1,-109.13783989490256,21.014732467592555,56.0,59.712000000000025,49.42583989490255,23.0
-1,-85.61758590017176,12.700116611111095,30.0,41.95200000000001,43.66558590017175,21.0
-1,-87.85890684933571,16.80406762962962,42.0,47.80800000000002,40.05090684933568,21.0
-1,-141.31675071915726,16.950093282407394,57.0,78.91200000000003,62.40475071915721,29.0
-1,-90.10564204240384,14.932952703703675,42.0,56.83200000000002,33.27364204240382,20.0
-1,-95.82029578561452,12.704015328703695,39.0,59.52000000000002,36.3002957856145,20.0
-1,-89.20762815901506,10.978657731481476,31.0,45.40800000000001,43.79962815901506,23.0
-1,-128.17679915962998,14.905947634259226,40.0,68.16000000000003,60.01679915962997,26.0
-1,-82.80595000160908,13.45864732407407,34.0,48.48000000000001,34.325950001609066,20.0
-1,-136.9378980858168,15.304953981481496,65.0,100.51200000000006,36.42589808581676,22.0
-1,-94.23461879921211,14.222284407407402,29.0,43.29600000000001,50.9386187992121,23.0
-1,-110.25817167395232,13.011650402777766,45.0,64.60800000000002,45.65017167395232,22.0
-1,-84.38483387018944,13.239333236111102,37.0,54.14400000000002,30.240833870189423,19.0
-1,-82.9880375960163,18.728685648148137,37.0,47.13600000000002,35.85203759601628,18.0
-1,-100.00385579589975,15.34794120370368,45.0,64.89600000000003,35.10785579589974,18.0
-1,-99.94547914823411,17.313255101851844,54.0,69.69600000000004,30.249479148234087,16.0
-1,-72.61109527691428,16.62884709722221,36.0,40.22400000000001,32.387095276914266,20.0
-1,-86.55891853817292,12.118251726851843,42.0,57.21600000000002,29.34291853817289,20.0
-1,-77.20481437189238,14.59676463425926,29.0,34.080000000000005,43.12481437189237,21.0
-1,-93.21704751056753,11.22410197685186,34.0,56.16000000000002,37.05704751056749,22.0
-1,-104.62814850059418,15.26820171296296,49.0,65.08800000000004,39.54014850059414,21.0
-1,-89.41483584514297,20.45858992592592,50.0,68.92800000000003,20.486835845142952,15.0
-1,-95.90076222656842,12.196669074074082,31.0,44.256,51.64476222656842,23.0
-1,-91.61635829457802,12.036393259259254,35.0,49.44000000000001,42.176358294578,24.0
-1,-105.38405499757108,19.07796409259258,49.0,60.67200000000003,44.71205499757103,21.0
-1,-80.74938154799719,14.447435967592575,34.0,40.12800000000001,40.62138154799719,22.0
-1,-101.48190797208468,14.328307435185195,43.0,59.80800000000003,41.67390797208465,22.0
-1,-106.87434605170976,22.796887731481423,57.0,71.52000000000002,35.35434605170973,16.0
-1,-93.00254669434054,13.321598587962944,40.0,61.92000000000003,31.082546694340515,19.0
-1,-73.75688631413247,17.005602361111105,37.0,41.952000000000005,31.804886314132467,18.0
-1,-109.76183538885344,15.597996898148123,55.0,67.39200000000002,42.3698353888534,22.0
-1,-82.77327540189195,11.542911930555563,35.0,45.792000000000016,36.981275401891935,22.0
-1,-92.4569161099206,15.426069958333324,46.0,61.24800000000001,31.208916109920597,17.0
-1,-90.27699371959808,14.360556509259249,34.0,46.56000000000001,43.71699371959806,20.0
-1,-119.61463983963957,17.51211256481477,54.0,68.44800000000004,51.16663983963953,22.0
-1,-89.89091748447872,20.382143282407377,46.0,50.30400000000002,39.5869174844787,21.0
-1,-64.10111559255606,8.950175467592603,20.0,34.176,29.92511559255605,20.0
-1,-91.39121375753732,15.38881114351851,42.0,56.352000000000025,35.0392137575373,21.0
-1,-104.24367708661104,15.07700008333332,48.0,61.824000000000034,42.419677086611,20.0
-1,-93.27261232753536,12.311479490740751,34.0,48.00000000000002,45.27261232753533,23.0
-1,-104.15702650636491,17.086836777777748,58.0,73.24800000000003,30.90902650636489,20.0
-1,-107.43464013168924,16.85932337499998,54.0,76.22400000000003,31.21064013168921,16.0
-1,-82.4156405922936,18.102050074074075,50.0,60.19200000000002,22.22364059229358,14.0
-1,-87.79182609500441,11.038580509259264,34.0,40.896000000000015,46.89582609500439,23.0
-1,-105.15158069539687,12.103860481481478,46.0,72.19200000000004,32.95958069539685,20.0
-1,-117.86811632492402,16.78845611574073,53.0,81.79200000000004,36.07611632492397,20.0
-1,-75.15526661714767,13.780303865740729,37.0,41.37600000000001,33.779266617147655,19.0
-1,-100.58670155293404,12.14743318981483,41.0,57.120000000000026,43.466701552934026,26.0
-1,-89.50047068745918,18.949262541666663,49.0,62.30400000000003,27.19647068745915,14.0
-1,-91.87344209305311,10.035579555555556,36.0,50.496000000000016,41.37744209305311,21.0
-1,-77.33907821558873,15.88333748148148,32.0,40.22400000000001,37.11507821558872,19.0
-1,-95.91655449530649,15.287469050925909,47.0,60.76800000000002,35.14855449530645,20.0
-1,-157.71605090368192,18.59853270833333,79.0,103.39200000000002,54.32405090368189,25.0
-1,-79.96347611030484,18.698483777777756,40.0,51.552000000000014,28.411476110304832,15.0
-1,-106.59114362105424,11.237865777777785,45.0,70.27200000000003,36.31914362105422,21.0
-1,-127.67078155105337,15.947670277777776,62.0,87.16800000000005,40.5027815510533,24.0
-1,-67.22790418761896,8.547503337962969,25.0,36.096,31.13190418761896,21.0
-1,-79.12337936121128,17.06025531481478,36.0,41.664000000000016,37.45937936121127,21.0
-1,-101.17740025639702,16.2654765509259,54.0,73.63200000000003,27.54540025639698,16.0
-1,-86.59675345915265,18.17921067129629,50.0,63.74400000000002,22.852753459152638,13.0
-1,-84.62592742813655,12.364446583333338,36.0,42.240000000000016,42.385927428136526,21.0
-1,-112.36920609017434,22.099959685185112,64.0,82.46400000000003,29.90520609017432,18.0
-1,-71.99415834440144,12.245142953703692,36.0,46.17600000000001,25.818158344401432,19.0
-1,-80.8030925529856,15.372619490740728,37.0,51.55200000000002,29.251092552985583,17.0
-1,-79.85840713670856,18.29398218518517,38.0,48.86400000000002,30.99440713670854,15.0
-1,-72.32882745365441,16.259589347222207,35.0,43.48800000000001,28.840827453654413,17.0
-1,-102.6481460306531,15.247173754629603,52.0,73.92000000000002,28.72814603065309,17.0
-1,-107.37897342849092,19.460363777777708,59.0,79.87200000000003,27.5069734284909,18.0
-1,-102.67508265024946,14.006926680555562,51.0,70.46400000000004,32.21108265024943,19.0
-1,-87.13402969120233,15.286841388888853,41.0,56.160000000000025,30.974029691202304,21.0
-1,-87.67313898426193,20.26245899999994,52.0,65.37600000000002,22.29713898426191,13.0
-1,-106.75927952045998,14.46293850462964,50.0,68.44800000000004,38.31127952045995,21.0
-1,-89.20162321387231,15.851335083333312,51.0,66.04800000000002,23.153623213872297,15.0
-1,-113.63599930654352,12.15125231018519,48.0,69.12000000000003,44.51599930654347,24.0
-1,-93.30053550705928,11.984218249999996,51.0,68.35200000000003,24.948535507059223,17.0
-1,-124.647950870196,14.803301486111115,56.0,72.48000000000002,52.167950870196,27.0
-1,-104.10755028225,14.365130851851834,37.0,56.92800000000002,47.179550282249984,24.0
-1,-106.27608250514776,15.94738265740738,52.0,77.08800000000002,29.188082505147754,19.0
-1,-97.51800500412595,15.76084425462961,39.0,54.14400000000002,43.37400500412596,20.0
-1,-81.92113400790002,13.46731276851852,34.0,51.264,30.65713400790002,18.0
-1,-93.64976897460804,16.80542906944443,39.0,44.832000000000015,48.817768974608015,22.0
-1,-85.47823415412354,14.823555763888884,40.0,57.69600000000001,27.78223415412353,14.0
-1,-86.25919848863622,16.594637601851822,39.0,56.83200000000001,29.427198488636204,19.0
-1,-70.93770260673783,10.873242449074072,30.0,38.208,32.72970260673783,23.0
-1,-92.04219728490942,15.129731407407398,44.0,62.88000000000002,29.1621972849094,16.0
-1,-132.1672164975767,10.78752688425926,39.0,54.33600000000003,77.83121649757668,29.0
-1,-84.27753313431023,14.43561250000002,32.0,40.8,43.47753313431024,19.0
-1,-105.47689647065808,17.262047837962943,48.0,64.32000000000002,41.15689647065806,23.0
-1,-97.30988945579168,18.624498407407383,50.0,64.99200000000002,32.31788945579165,18.0
-1,-103.95773257348468,15.193603064814797,42.0,65.66400000000002,38.29373257348468,22.0
-1,-103.68576179555096,17.84921332870367,40.0,54.24000000000002,49.44576179555092,21.0
-1,-90.54732309659096,18.771351893518496,38.0,53.18400000000002,37.36332309659093,20.0
-1,-86.6779942662485,14.107653990740724,46.0,63.840000000000025,22.837994266248483,15.0
-1,-80.11418632636514,13.315005819444435,36.0,48.48000000000001,31.634186326365125,22.0
-1,-76.6355819572153,18.430586499999965,43.0,47.904,28.73158195721529,16.0
-1,-98.638901654696,14.75730131481482,48.0,61.34400000000002,37.29490165469597,16.0
-1,-147.80207927334467,16.057476185185177,75.0,100.51200000000004,47.290079273344645,25.0
-1,-102.56960593216066,16.95848099074069,45.0,69.31200000000003,33.25760593216063,17.0
-1,-92.99354203002495,20.28988645370369,57.0,69.31200000000003,23.68154203002493,13.0
-1,-89.89213567960442,11.358031134259251,37.0,54.14400000000002,35.748135679604395,21.0
-1,-104.48612204725605,17.50651673148147,47.0,59.712000000000025,44.774122047256014,21.0
-1,-81.15910980498049,16.668258430555543,43.0,52.89600000000002,28.263109804980477,15.0
-1,-84.41011904297989,13.36761273611112,42.0,53.760000000000026,30.650119042979856,18.0
-1,-78.65310056742882,14.674240180555527,41.0,48.28800000000002,30.365100567428808,19.0
-1,-81.08662669360783,8.502190203703702,30.0,40.89600000000001,40.19062669360781,23.0
-1,-99.45788735506318,18.590222675925887,56.0,76.41600000000003,23.04188735506315,15.0
-1,-76.00095829858772,13.26436966203702,34.0,45.40800000000001,30.592958298587718,19.0
-1,-85.871881268809,21.165655013888863,46.0,52.99200000000001,32.879881268809,19.0
-1,-95.14958085680824,13.666247467592608,43.0,57.12000000000002,38.02958085680821,19.0
-1,-92.833734880445,21.687127662037035,50.0,67.68000000000002,25.15373488044497,13.0
-1,-105.25393206451812,12.564371643518507,37.0,54.62400000000002,50.6299320645181,23.0
-1,-87.21465031355586,14.926075879629616,40.0,58.27200000000001,28.942650313555845,16.0
-1,-92.7092867651442,18.15420443055555,48.0,64.60800000000002,28.1012867651442,15.0
-1,-106.7381857743485,23.40186467592586,51.0,59.13600000000002,47.60218577434848,22.0
-1,-86.66162987047704,15.466040180555549,42.0,51.45600000000003,35.20562987047701,20.0
-1,-115.89885194548576,17.561822486111097,51.0,81.21600000000004,34.68285194548572,20.0
-1,-103.8919364628309,13.121676657407406,39.0,55.29600000000002,48.59593646283087,24.0
-1,-89.44895884445926,11.93716106018518,32.0,45.02400000000001,44.42495884445925,24.0
-1,-112.83892434447242,14.71621031481481,40.0,59.52000000000002,53.31892434447239,23.0
-1,-87.37308693034319,12.506392550925904,35.0,53.18400000000002,34.18908693034318,20.0
-1,-76.76773569304203,20.85510177314812,43.0,51.84000000000001,24.927735693042017,13.0
-1,-93.76582028658272,16.45905724537035,37.0,48.384000000000015,45.3818202865827,25.0
-1,-91.54868608344006,16.242674953703716,48.0,60.76800000000003,30.780686083440028,17.0
-1,-101.81978693695248,12.10930309259258,40.0,62.68800000000003,39.13178693695246,22.0
-1,-100.818073435786,20.122698805555512,56.0,78.24000000000004,22.57807343578595,14.0
-1,-96.77072085568452,14.383806995370383,44.0,64.41600000000003,32.35472085568449,17.0
-1,-86.43935518792975,13.76803442592591,43.0,57.79200000000002,28.647355187929723,19.0
-1,-109.54520593127272,15.802509194444427,53.0,80.54400000000005,29.001205931272683,17.0
-1,-92.87068433804444,21.299370412037003,49.0,56.160000000000025,36.710684338044416,20.0
-1,-82.98184741713044,15.536699972222204,39.0,54.048000000000016,28.933847417130423,15.0
-1,-92.5124167831423,18.959568444444397,52.0,68.35200000000002,24.160416783142274,16.0
-1,-114.96065944435784,15.86587878703704,48.0,66.43200000000003,48.52865944435781,23.0
-1,-87.93123696714268,14.916824018518508,44.0,60.09600000000002,27.835236967142663,17.0
-1,-88.3112550101678,14.547044620370356,36.0,49.05600000000001,39.255255010167794,20.0
-1,-83.62078158348699,18.254109537037028,39.0,50.40000000000002,33.22078158348697,19.0
-1,-84.64811961502232,15.70150421296294,38.0,47.52000000000002,37.1281196150223,18.0
-1,-80.3751581503342,19.779684041666645,44.0,53.088000000000015,27.28715815033419,14.0
-1,-102.42047508355913,16.063249111111087,44.0,61.44000000000003,40.9804750835591,21.0
-1,-75.80998740522239,12.504293291666649,36.0,47.424000000000014,28.385987405222377,18.0
-1,-102.150405344019,18.83871460648149,53.0,64.03200000000002,38.11840534401896,18.0
-1,-102.6805741280687,20.10813032870368,50.0,63.16800000000003,39.51257412806867,22.0
-1,-84.64134344433495,13.59068225462962,35.0,47.904000000000025,36.73734344433493,23.0
-1,-97.40001187318136,19.69250461111108,46.0,58.08000000000003,39.32001187318135,21.0
-1,-92.85395816769258,9.950976171296304,39.0,55.58400000000002,37.26995816769255,23.0
-1,-91.77315747081478,16.34360369907405,40.0,53.280000000000015,38.493157470814765,21.0
-1,-90.65122800968398,17.457640412037023,51.0,62.40000000000003,28.251228009683945,16.0
-1,-113.00856304070945,16.276499777777783,56.0,81.40800000000003,31.60056304070941,18.0
-1,-71.25780848338023,17.371492611111112,40.0,50.40000000000001,20.85780848338021,14.0
-1,-85.94281141071542,15.353838064814823,36.0,46.84800000000001,39.0948114107154,21.0
-1,-92.64341452520594,14.31336559722222,35.0,48.67200000000001,43.97141452520592,23.0
-1,-88.28966188390692,12.93167732407407,32.0,48.00000000000001,40.2896618839069,18.0
-1,-92.11304296322552,14.369563328703714,42.0,56.54400000000002,35.5690429632255,18.0
-1,-97.29175322814748,19.028228754629588,57.0,65.08800000000002,32.203753228147455,20.0
-1,-95.05144919650893,12.456987337962955,43.0,68.73600000000002,26.315449196508897,16.0
-1,-92.14129563792756,15.901019236111102,47.0,65.56800000000001,26.573295637927547,17.0
-1,-80.63772529323091,18.04429095833331,45.0,53.37600000000001,27.2617252932309,17.0
-1,-92.98573991022596,15.921059018518497,43.0,61.056000000000026,31.92973991022595,17.0
-1,-90.83705692077793,14.307665944444414,41.0,54.62400000000002,36.2130569207779,22.0
-1,-112.6607231860698,11.530204407407416,44.0,62.40000000000002,50.26072318606978,23.0
-1,-79.90567722183809,17.676956671296274,44.0,45.88800000000001,34.01767722183807,19.0
-1,-95.32859489891328,12.943524087962963,34.0,46.65600000000001,48.67259489891328,22.0
-1,-156.16321133362518,17.66131753703702,66.0,95.80800000000004,60.35521133362514,22.0
-1,-66.77831282554865,16.349041259259227,29.0,31.488000000000003,35.29031282554865,21.0
-1,-99.5011199119943,11.335758949074084,39.0,58.08000000000002,41.42111991199428,22.0
-1,-152.35581097916926,14.773879134259252,72.0,110.01600000000006,42.3398109791692,21.0
-1,-99.93488891118382,17.510116587962933,48.0,65.37600000000003,34.558888911183786,19.0
-1,-86.38257237060625,10.2881364675926,29.0,42.81600000000001,43.56657237060625,21.0
-1,-89.92721784531764,11.304423018518523,27.0,43.008,46.91921784531764,25.0
-1,-88.8380297784985,14.383535412037036,41.0,55.58400000000002,33.25402977849847,19.0
-1,-78.92259913690762,14.136115814814817,34.0,37.15200000000001,41.77059913690762,23.0
-1,-98.35963464928624,13.555726037037052,49.0,65.76000000000002,32.59963464928623,19.0
-1,-85.59905950599241,21.76650904166664,48.0,53.37600000000002,32.22305950599239,17.0
-1,-92.69929086348762,10.558226305555555,29.0,43.58400000000001,49.1152908634876,24.0
-1,-90.36154092098452,11.020636712962965,31.0,46.56000000000001,43.80154092098449,23.0
-1,-92.9062268255234,17.159993675925897,48.0,62.01600000000003,30.89022682552338,20.0
-1,-99.28029172236091,14.479368986111108,35.0,51.45600000000002,47.8242917223609,24.0
-1,-110.73257251452752,16.085695865740714,51.0,67.00800000000002,43.7245725145275,22.0
-1,-83.12730841117136,9.233334111111118,31.0,44.064,39.06330841117135,20.0
-1,-82.02264565845962,14.369241236111106,35.0,45.216000000000015,36.806645658459615,21.0
-1,-87.86305419074566,14.993801263888876,37.0,46.17600000000001,41.687054190745656,21.0
-1,-91.8558117802838,17.441871916666656,38.0,46.36800000000001,45.4878117802838,24.0
-1,-117.69740812527854,16.695507166666644,52.0,79.87200000000004,37.8254081252785,19.0
-1,-102.86943299158564,15.604728828703708,40.0,59.42400000000003,43.4454329915856,20.0
-1,-70.73481414688622,17.197442712962967,38.0,47.328,23.406814146886223,16.0
-1,-86.64397334985071,10.17118370833333,27.0,40.896,45.74797334985072,25.0
-1,-80.04872796256798,14.661604662037012,38.0,51.936000000000014,28.112727962567966,17.0
-1,-103.78377100704506,22.442336402777716,52.0,65.18400000000003,38.59977100704504,20.0
-1,-72.56995755007819,20.53792080092593,38.0,46.080000000000005,26.489957550078177,14.0
-1,-95.15198311587484,16.587141152777768,47.0,61.82400000000002,33.32798311587481,18.0
-1,-100.6175633312055,16.093351828703682,42.0,56.44800000000002,44.169563331205474,21.0
-1,-113.34624720976184,14.297314499999985,49.0,69.40800000000004,43.93824720976178,20.0
-1,-122.85365656687328,16.757167879629602,58.0,86.01600000000003,36.83765656687324,21.0
-1,-106.00542117075692,16.924478148148136,49.0,75.45600000000003,30.549421170756904,18.0
-1,-86.02267497799889,21.248641087962906,50.0,52.51200000000002,33.51067497799887,18.0
-1,-101.69885521717188,16.938317814814784,49.0,57.60000000000003,44.09885521717186,23.0
-1,-108.28149450442756,13.641341694444424,39.0,58.94400000000002,49.33749450442754,25.0
-1,-94.5150272873681,18.74427194907408,46.0,61.44000000000002,33.07502728736808,17.0
-1,-88.4977539158167,18.16746143518515,47.0,56.160000000000025,32.33775391581668,18.0
-1,-95.99955533338348,15.030595578703712,45.0,61.63200000000002,34.367555333383464,17.0
-1,-102.96027422676524,17.044976300925896,55.0,70.65600000000003,32.304274226765216,19.0
-1,-82.84239624897197,14.848678379629629,39.0,52.99200000000002,29.85039624897195,19.0
-1,-95.939222182321,17.971584574074047,43.0,59.80800000000002,36.13122218232099,22.0
-1,-85.84215256834136,15.90327938425926,39.0,53.95200000000003,31.89015256834134,17.0
-1,-108.36735076567808,18.44473068518518,64.0,88.70400000000004,19.663350765678054,12.0
-1,-110.28534185339991,16.485742824074073,52.0,77.56800000000004,32.717341853399894,18.0
-1,-82.15109350953404,14.307291810185184,43.0,60.38400000000002,21.76709350953402,15.0
-1,-76.11976562096879,22.10618309259257,48.0,50.68800000000002,25.431765620968772,16.0
-1,-147.58048251715107,15.182956546296303,68.0,93.50400000000003,54.07648251715102,26.0
-1,-72.52268012664246,15.048569861111112,36.0,39.74400000000001,32.778680126642456,19.0
-1,-97.25586383630366,21.60793621296292,51.0,53.95200000000002,43.303863836303634,20.0
-1,-92.0079975921938,20.677192759259224,43.0,56.736000000000026,35.27199759219378,20.0
-1,-91.31257251372465,10.491525953703707,44.0,55.104,36.20857251372465,23.0
-1,-92.8343135353768,19.708641537036986,50.0,69.21600000000002,23.61831353537677,14.0
-1,-90.45566905790102,18.94871791203701,43.0,57.31200000000002,33.14366905790099,18.0
-1,-93.92435961634288,17.316945009259236,44.0,56.256000000000014,37.66835961634286,19.0
-1,-90.67429768898876,18.622412935185167,53.0,64.60800000000003,26.06629768898872,16.0
-1,-83.99898999692554,18.08222792129628,46.0,54.52800000000002,29.47098999692553,17.0
-1,-97.8706270621512,16.284721712962934,50.0,70.94400000000003,26.92662706215115,15.0
-1,-98.53340686446738,15.66378703240739,55.0,67.87200000000001,30.661406864467367,17.0
-1,-110.84268478069237,14.98431381481479,46.0,70.94400000000003,39.898684780692335,24.0
-1,-86.45159323611463,16.518786328703683,45.0,57.88800000000001,28.563593236114617,20.0
-1,-81.10449812720964,12.6310980277778,34.0,51.64800000000002,29.456498127209613,18.0
-1,-99.18823974116168,18.284658675925936,47.0,58.176000000000016,41.01223974116167,21.0
-1,-99.63326062956742,14.275605634259255,41.0,60.57600000000003,39.05726062956739,22.0
-1,-83.66480030350469,12.291331314814796,36.0,50.59200000000003,33.072800303504664,20.0
-1,-86.89527016166971,13.398826939814812,29.0,41.47200000000001,45.42327016166971,20.0
-1,-98.5438235742004,13.257012680555544,44.0,57.98400000000002,40.559823574200365,21.0
-1,-76.05492177793997,9.226867717592595,25.0,37.248000000000005,38.80692177793996,23.0
-1,-87.17925875682228,13.044543337962944,37.0,54.72000000000001,32.459258756822265,18.0
-1,-90.61197251880895,19.180040157407397,47.0,58.94400000000002,31.667972518808934,19.0
-1,-105.88711181638982,18.8001404583333,49.0,67.68000000000004,38.20711181638978,18.0
-1,-94.4895513650264,14.0455799074074,41.0,49.72800000000002,44.76155136502639,23.0
-1,-90.1082957985514,22.005373736111093,54.0,65.56800000000001,24.5402957985514,14.0
-1,-104.12302827997672,17.08838033796298,52.0,61.440000000000026,42.68302827997668,25.0
-1,-80.75111790637736,14.706432643518513,38.0,57.312000000000005,23.43911790637735,14.0
-1,-118.18550567509128,16.672915675925886,58.0,75.55200000000004,42.63350567509126,22.0
-1,-89.25532878182659,14.84011607407407,39.0,51.64800000000001,37.60732878182658,23.0
-1,-83.35460782517941,9.570538680555574,28.0,35.232,48.122607825179415,23.0
-1,-104.48790055921262,16.99746784722221,49.0,62.68800000000003,41.7999005592126,25.0
-1,-93.58449191559212,19.66860254166665,54.0,65.85600000000002,27.72849191559209,17.0
-1,-85.57280913203138,12.390529800925922,33.0,52.70400000000001,32.86880913203137,19.0
-1,-86.36412867693596,15.419070680555556,40.0,57.60000000000002,28.764128676935943,17.0
-1,-88.7120085595171,16.219528041666678,41.0,52.60800000000002,36.10400855951709,20.0
-1,-81.03865311768317,11.946290703703706,31.0,44.640000000000015,36.398653117683146,19.0
-1,-81.85204033846261,11.139793912037035,31.0,46.656,35.196040338462616,20.0
-1,-83.58628230741645,24.10151885185181,56.0,62.97600000000003,20.61028230741643,13.0
-1,-83.41194638833373,15.85098275462962,38.0,54.432,28.97994638833373,15.0
-1,-72.13902498773868,15.385039995370368,40.0,41.280000000000015,30.85902498773866,19.0
-1,-98.48395964856276,18.30852082870368,47.0,60.96000000000003,37.52395964856272,19.0
-1,-95.81475904846948,9.578113685185196,36.0,51.64800000000002,44.166759048469466,24.0
-1,-117.87228436067365,17.962250365740736,56.0,74.20800000000003,43.664284360673605,25.0
-1,-89.97064075716051,17.30599395833331,50.0,62.11200000000002,27.858640757160487,16.0
-1,-90.93309106480795,10.733873550925932,32.0,48.86400000000001,42.06909106480794,21.0
-1,-80.39386845444173,16.00942090740741,38.0,53.56800000000002,26.825868454441714,17.0
-1,-99.650176245851,13.433322027777782,45.0,65.47200000000004,34.17817624585095,20.0
-1,-140.2516123057572,13.208717810185174,46.0,78.14400000000003,62.10761230575716,26.0
-1,-85.74529562718833,17.212964009259235,43.0,46.368000000000016,39.37729562718831,24.0
-1,-92.44036455768544,16.008953731481473,49.0,66.52800000000003,25.91236455768541,16.0
-1,-82.95164248936975,14.551794509259246,39.0,49.92000000000001,33.03164248936974,19.0
-1,-84.9816665673088,16.811077708333343,40.0,53.280000000000015,31.70166656730879,18.0
-1,-89.06064897064874,16.611735703703694,45.0,64.32000000000002,24.740648970648717,15.0
-1,-107.54627826840422,16.415808750000014,44.0,58.368000000000016,49.17827826840421,19.0
-1,-87.496535850861,15.189985398148162,39.0,45.88800000000001,41.60853585086098,21.0
-1,-106.9457204033006,16.50513624999996,38.0,52.22400000000002,54.72172040330058,22.0
-1,-107.55408442318628,17.578377041666652,50.0,67.68000000000002,39.874084423186254,25.0
-1,-100.50064429288096,14.764335439814792,40.0,58.56000000000003,41.94064429288093,23.0
-1,-83.04311708188814,25.64768259259257,50.0,51.360000000000014,31.68311708188813,17.0
-1,-96.7246982671893,12.677050847222198,44.0,63.16800000000003,33.55669826718928,20.0
-1,-86.48910475513986,11.930849351851844,30.0,46.84800000000001,39.64110475513985,23.0
-1,-100.18718432948288,16.352704583333324,48.0,65.56800000000003,34.61918432948285,16.0
-1,-95.73273594838652,13.69358130092595,35.0,47.13600000000001,48.59673594838651,22.0
-1,-114.67495362290576,13.988588527777765,41.0,61.92000000000002,52.75495362290573,28.0
-1,-106.746955190143,16.504955583333317,44.0,56.73600000000002,50.01095519014298,25.0
-1,-86.36922967362271,12.231764527777766,37.0,45.984000000000016,40.385229673622696,25.0
-1,-103.98956883380166,13.01171962037037,40.0,53.95200000000002,50.03756883380164,25.0
-1,-119.23712853561643,18.191618444444416,45.0,61.056000000000026,58.181128535616416,26.0
-1,-95.74481054761333,16.99652725462963,40.0,51.55200000000001,44.19281054761333,25.0
-1,-90.86005579999696,22.913898055555485,60.0,61.15200000000002,29.70805579999693,18.0
-1,-103.27199347629325,10.0723188101852,30.0,49.344000000000015,53.92799347629323,24.0
-1,-81.5967075068441,13.618336171296292,32.0,38.592000000000006,43.00470750684409,20.0
-1,-98.66905535562545,26.16068992129627,57.0,68.06400000000004,30.605055355625414,15.0
-1,-87.81958102475575,15.88808513425925,38.0,52.12800000000002,35.69158102475573,20.0
-1,-105.95586146889993,15.128322708333323,42.0,57.312000000000026,48.643861468899885,24.0
-1,-121.09984467545048,14.866469726851845,55.0,80.92800000000004,40.17184467545043,23.0
-1,-88.55247254284453,17.800934425925877,44.0,56.44800000000003,32.104472542844505,18.0
-1,-89.70786109351577,10.392125037037053,44.0,63.36000000000003,26.347861093515743,19.0
-1,-91.4771652892645,15.654602916666663,33.0,42.432,49.0451652892645,21.0
-1,-78.66760359671787,8.91527942129631,28.0,43.488,35.17960359671787,21.0
-1,-96.04552619663994,22.08867958796292,51.0,64.89600000000003,31.149526196639908,17.0
-1,-90.07919216809135,15.286946912037031,47.0,63.16800000000001,26.911192168091343,16.0
-1,-74.93173192463834,12.69868264351852,31.0,36.288,38.643731924638345,23.0
-1,-89.8450549576559,20.410597078703688,55.0,64.99200000000003,24.853054957655875,15.0
-1,-89.62716467146288,13.427930092592598,45.0,53.28000000000002,36.347164671462856,20.0
-1,-101.7962582443462,12.847350407407417,38.0,60.09600000000002,41.70025824434617,22.0
-1,-96.85071761397803,15.596413393518484,48.0,69.21600000000002,27.63471761397803,16.0
-1,-99.85564388359876,18.10096352314814,53.0,60.28800000000004,39.567643883598734,20.0
-1,-90.69693131527768,15.915889421296296,39.0,48.384000000000015,42.31293131527765,22.0
-1,-100.8891324284802,15.355823856481486,49.0,71.13600000000004,29.753132428480168,17.0
-1,-99.41937888155816,12.976154569444423,40.0,62.68800000000002,36.731378881558136,20.0
-1,-82.50729826117741,21.276049212962945,48.0,56.25600000000002,26.25129826117739,16.0
-1,-111.88351785857854,16.140270777777772,49.0,73.53600000000003,38.34751785857851,23.0
-1,-101.29345101947708,13.06825344907407,42.0,61.05600000000002,40.23745101947706,20.0
-1,-78.68458690418603,10.70637153240743,33.0,46.464000000000006,32.220586904186035,20.0
-1,-92.82676344118627,19.164012731481463,50.0,59.04000000000003,33.78676344118624,21.0
-1,-153.05290574255594,17.276156115740715,68.0,108.19200000000004,44.860905742555886,21.0
-1,-100.91848300313956,17.504698638888854,51.0,78.72000000000004,22.19848300313953,14.0
-1,-85.24940101613892,16.58598881018516,45.0,60.096000000000025,25.15340101613889,17.0
-1,-87.20393975841043,18.043384495370365,50.0,63.26400000000002,23.9399397584104,14.0
-1,-82.82832040703018,15.760771092592584,44.0,52.608000000000025,30.22032040703015,19.0
-1,-74.64423412203425,11.032271800925924,26.0,38.88,35.76423412203425,23.0
-1,-100.4261767234151,13.181665495370352,45.0,67.58400000000003,32.84217672341506,18.0
-1,-91.15719831403672,11.583302296296305,30.0,42.62400000000001,48.5331983140367,24.0
-1,-77.51490086258644,15.81441619907408,42.0,56.54400000000001,20.970900862586436,14.0
-1,-90.16031620075668,14.220919995370366,39.0,52.41600000000002,37.74431620075667,21.0
-1,-93.1879298168956,16.874080634259254,47.0,63.16800000000004,30.01992981689557,16.0
-1,-90.25681375695136,23.868041148148095,51.0,63.45600000000003,26.80081375695132,15.0
-1,-105.4772688853923,16.89130095370367,52.0,74.68800000000003,30.78926888539228,15.0
-1,-89.47770480615299,12.897562800925934,43.0,62.88000000000002,26.597704806152976,15.0
-1,-100.55139214498254,13.90365899537036,44.0,63.45600000000002,37.095392144982526,23.0
-1,-87.07302153724035,13.483727134259274,41.0,51.456,35.61702153724035,18.0
-1,-85.98435519533786,10.776126583333332,29.0,43.00800000000002,42.976355195337845,25.0
-1,-104.26571531401925,17.361096407407395,51.0,69.21600000000002,35.049715314019224,18.0
-1,-87.81234478888624,12.050682995370348,29.0,43.488,44.32434478888623,19.0
-1,-77.35808419151769,13.985139782407396,34.0,52.32000000000001,25.038084191517683,15.0
-1,-89.48672477693717,20.143216013888832,58.0,70.176,19.31072477693716,13.0
-1,-99.83655835110343,11.984022638888902,36.0,50.49600000000002,49.34055835110343,24.0
-1,-95.97426176875284,13.625696050925908,34.0,48.38400000000002,47.59026176875284,25.0
-1,-83.97932327833966,17.329957342592575,41.0,54.432000000000016,29.54732327833965,15.0
-1,-98.19396705970568,15.740164342592616,50.0,74.40000000000003,23.793967059705647,15.0
-1,-107.4851671184708,15.135924606481462,53.0,77.56800000000003,29.917167118470765,18.0
-1,-102.1460110392754,19.27405956481477,48.0,68.44800000000002,33.69801103927537,17.0
-1,-103.19512183274593,13.861694856481488,49.0,66.24000000000002,36.95512183274588,22.0
-1,-99.89564103157844,14.505293828703705,48.0,64.992,34.903641031578445,18.0
-1,-92.47477779703996,17.401817504629612,42.0,61.92000000000002,30.554777797039925,17.0
-1,-92.47791781692356,22.023079712962925,56.0,66.14400000000002,26.333917816923535,15.0
-1,-87.16998444117445,17.92082401851851,38.0,51.45600000000002,35.713984441174425,19.0
-1,-105.7804862578764,16.927910041666664,43.0,65.66400000000003,40.116486257876375,19.0
-1,-80.07530222674441,11.193902819444448,35.0,48.09600000000001,31.979302226744394,19.0
-1,-88.49545949573326,14.787320671296284,37.0,55.68000000000002,32.81545949573324,17.0
-1,-101.88555613056292,16.812815356481455,50.0,61.92000000000002,39.96555613056291,19.0
-1,-88.21747416251804,15.855758671296284,38.0,52.89600000000001,35.321474162518044,19.0
-1,-93.28975470430426,15.56628234259257,53.0,74.88000000000004,18.409754704304216,13.0
-1,-99.91223135221698,18.67977392129624,48.0,71.13600000000002,28.77623135221696,15.0
-1,-78.00426517007138,11.252157694444437,27.0,37.440000000000005,40.56426517007137,21.0
-1,-88.0417322725396,12.472589226851854,35.0,48.09600000000001,39.94573227253959,22.0
-1,-107.9804248695806,19.80886418518516,54.0,76.80000000000003,31.180424869580573,15.0
-1,-91.056380994212,19.904768509259235,43.0,56.35200000000002,34.704380994211974,20.0
-1,-112.35119519506664,18.160100499999984,58.0,77.18400000000003,35.16719519506661,22.0
-1,-103.05400448775718,13.585002949074072,43.0,58.65600000000003,44.39800448775716,23.0
-1,-90.21485491965528,18.50725432407408,43.0,53.664000000000016,36.55085491965525,19.0
-1,-104.40371543294115,17.452373662037008,48.0,63.64800000000003,40.75571543294113,19.0
-1,-96.05611839236984,17.985679282407386,47.0,64.32000000000002,31.73611839236981,18.0
-1,-103.06900514836174,17.953980171296298,50.0,65.28000000000003,37.78900514836171,19.0
-1,-91.44311563614448,13.24628335185186,40.0,57.792000000000016,33.65111563614446,20.0
-1,-106.40240653874504,14.77192809722221,47.0,73.44000000000003,32.96240653874503,19.0
-1,-94.7618183001326,15.676887888888867,40.0,65.85600000000002,28.905818300132587,18.0
-1,-102.12172932852867,18.429144388888865,48.0,59.52000000000002,42.60172932852866,22.0
-1,-83.41220463966185,18.53202696296295,36.0,43.20000000000001,40.21220463966184,20.0
-1,-80.05043094088464,13.834587055555554,46.0,61.63200000000002,18.418430940884623,14.0
-1,-98.5953184268646,14.146313305555536,42.0,62.59200000000003,36.00331842686458,20.0
-1,-133.94697226604688,18.82993926388884,61.0,86.49600000000004,47.45097226604683,25.0
-1,-85.23025826900165,13.87305241203702,41.0,50.88000000000002,34.350258269001635,19.0
-1,-90.52694486619956,18.77732364351849,41.0,52.224000000000025,38.302944866199525,20.0
-1,-85.8266800777971,18.831982606481457,42.0,58.27200000000003,27.554680077797087,17.0
-1,-95.38456250102313,16.413242384259274,47.0,62.68800000000002,32.69656250102308,19.0
-1,-81.33498416594654,9.36407605555557,26.0,29.856,51.47898416594653,26.0
-1,-89.00586823335402,15.780316879629622,36.0,50.59200000000001,38.413868233354,19.0
-1,-88.47065989705553,13.781464874999996,32.0,45.312000000000005,43.15865989705552,21.0
-1,-92.50470685090563,18.11640788888888,51.0,64.51200000000001,27.99270685090562,17.0
-1,-83.5437577494655,17.46008478240738,41.0,55.20000000000001,28.343757749465496,15.0
-1,-89.02757277485505,19.813534180555557,46.0,67.29600000000002,21.73157277485502,13.0
-1,-90.33059521296568,18.36297530092589,47.0,61.82400000000003,28.50659521296566,16.0
-1,-78.39866808657638,17.87473296759258,38.0,47.80800000000001,30.59066808657637,16.0
-1,-97.06792129209234,15.790341152777756,52.0,65.47200000000002,31.595921292092303,21.0
-1,-90.22139460466892,12.185133134259257,40.0,50.68800000000002,39.5333946046689,24.0
-1,-95.7143389290865,24.139798379629585,50.0,58.27200000000002,37.44233892908648,21.0
-1,-89.80707260003315,17.622910180555504,44.0,53.85600000000002,35.95107260003313,20.0
-1,-108.50541842154315,13.713085851851842,44.0,64.70400000000002,43.80141842154315,24.0
-1,-92.5193392065064,11.097938717592603,30.0,38.68800000000001,53.8313392065064,25.0
-1,-92.95424797198548,12.301425532407412,42.0,56.83200000000001,36.12224797198547,20.0
-1,-86.72159950125705,15.96115650462962,43.0,49.63200000000001,37.08959950125704,20.0
-1,-99.8410886129902,15.430526712962978,46.0,66.72000000000003,33.121088612990164,20.0
-1,-80.66384847257355,11.816808606481487,35.0,54.04800000000001,26.615848472573536,18.0
-1,-82.73090675296706,19.503084152777788,43.0,50.97600000000001,31.75490675296704,18.0
-1,-137.6302508354852,19.66144270370364,69.0,95.80800000000004,41.82225083548513,24.0
-1,-98.37429781068,13.488106458333322,30.0,40.320000000000014,58.05429781067998,23.0
-1,-93.17769379312276,15.383858819444452,43.0,64.12800000000003,29.049693793122724,14.0
-1,-82.58382020799027,19.373900069444453,42.0,51.45600000000002,31.127820207990247,18.0
-1,-90.31037371008996,11.972609870370386,32.0,44.16000000000002,46.15037371008994,23.0
-1,-97.402742544357,22.45202465277773,56.0,67.29600000000002,30.106742544356983,17.0
-1,-114.88317178909206,17.960620486111107,53.0,71.80800000000004,43.075171789092025,24.0
-1,-77.78366601047571,13.849601675925909,31.0,43.77600000000001,34.007666010475695,20.0
-1,-91.97201695611524,16.539397550925894,42.0,52.03200000000002,39.940016956115215,21.0
-1,-83.41574169995464,19.132448342592564,45.0,58.56000000000001,24.855741699954624,14.0
-1,-76.44341516309913,19.795716986111103,46.0,57.02400000000002,19.419415163099117,13.0
-1,-85.36912346488111,24.91413013888881,51.0,54.52800000000002,30.84112346488109,19.0
-1,-112.018920412495,13.10281322222222,45.0,67.20000000000003,44.818920412494975,24.0
-1,-92.18591730892555,19.464563652777784,41.0,53.28000000000002,38.90591730892552,21.0
-1,-78.62962499845807,13.879752208333311,34.0,37.72800000000001,40.90162499845807,22.0
-1,-120.73762402102275,14.52921203240739,47.0,69.02400000000003,51.71362402102272,22.0
-1,-60.40692744307962,11.744217162037051,34.0,35.32800000000001,25.07892744307961,16.0
-1,-91.27196357447284,21.182340740740703,53.0,67.77600000000002,23.49596357447281,14.0
