-1,-394.64580141111514,65.31870556481486,257.0,165.4080000000001,229.23780141111504,27.0
-1,-659.2749276082077,101.66424919444437,208.0,95.32800000000005,563.9469276082076,30.0
-1,-785.6987960225989,107.1861124583334,218.0,120.768,664.9307960225989,30.0
-1,-709.2170756184283,153.73115135648155,237.0,101.85600000000008,607.3610756184282,30.0
-1,-1084.1993961457322,111.72684462962958,231.0,130.17600000000004,954.023396145732,29.0
-1,-461.75685745343753,101.98418217129624,197.0,85.34399999999991,376.41285745343765,30.0
-1,-366.2285203057692,53.58668166666674,163.0,103.392,262.8365203057692,27.0
-1,-499.8822989944843,91.5950150601853,194.0,111.45600000000002,388.4262989944843,29.0
-1,-709.1790554980332,113.47162283796298,235.0,114.62400000000008,594.5550554980332,30.0
-1,-521.0189457016578,93.61388999074072,218.0,124.128,396.89094570165776,30.0
-1,-616.3405887516018,95.84740386111108,219.0,126.43199999999996,489.9085887516019,30.0
-1,-614.3552266411984,101.00413706481471,214.0,126.33600000000013,488.0192266411984,29.0
-1,-466.4185234856142,70.80296505555555,193.0,143.232,323.18652348561415,29.0
-1,-632.1478132117569,97.59622869444452,215.0,124.41600000000004,507.7318132117569,29.0
-1,-577.8084706375873,105.19173334259264,222.0,134.9760000000001,442.8324706375872,30.0
-1,-296.1494924419692,50.875986574074126,150.0,103.48800000000004,192.6614924419691,23.0
-1,-342.96963731286473,79.28859570370378,160.0,95.04000000000003,247.92963731286468,27.0
-1,-342.2619135153635,58.77964593981491,170.0,117.88800000000008,224.37391351536343,30.0
-1,-262.91339361964344,57.300565856481526,166.0,121.05599999999998,141.8573936196435,27.0
-1,-216.9025137666551,29.8848720324074,128.0,111.36,105.54251376665508,26.0
-1,-334.6211225464272,67.87753123611112,187.0,167.13600000000008,167.48512254642714,30.0
-1,-217.17970357300447,36.04863090740741,132.0,113.85599999999998,103.32370357300448,26.0
-1,-200.71502040076,45.52088617592593,153.0,111.83999999999996,88.87502040076005,21.0
-1,-259.8065112946957,45.506873722222245,170.0,153.6960000000001,106.1105112946956,24.0
-1,-265.498993722724,55.556453986111215,200.0,158.11200000000005,107.38699372272396,24.0
-1,-203.1150801506879,40.92720846296298,143.0,129.9840000000001,73.13108015068784,24.0
-1,-214.02844670800727,40.264733574074086,158.0,126.81600000000006,87.21244670800722,26.0
-1,-201.05991596827573,35.3189888101852,155.0,135.55200000000005,65.50791596827567,23.0
-1,-304.7380003712673,58.614595981481536,198.0,177.79200000000012,126.94600037126716,27.0
-1,-326.29718064976817,56.1224378888889,190.0,160.32000000000002,165.97718064976817,25.0
-1,-204.87179951217323,41.86606191666666,163.0,133.344,71.52779951217323,23.0
-1,-173.62864723100532,20.321630736111107,145.0,132.28799999999998,41.34064723100533,25.0
-1,-156.0195213218842,18.316765009259235,120.0,118.75200000000004,37.267521321884175,24.0
-1,-217.81737794241883,35.66673918518516,157.0,154.56,63.257377942418834,24.0
-1,-203.51271584763884,24.659142810185195,151.0,150.04800000000006,53.46471584763877,27.0
-1,-219.40704225653496,32.851298319444446,145.0,134.78400000000005,84.62304225653492,25.0
-1,-201.89981878374945,33.22447722222222,159.0,138.2400000000001,63.65981878374932,22.0
-1,-197.96155312316017,30.676849537037025,151.0,142.65600000000003,55.30555312316013,18.0
-1,-184.0764248098359,24.191425148148117,145.0,143.71200000000005,40.36442480983587,17.0
-1,-175.37038077462503,19.8186727222222,151.0,140.448,34.92238077462503,22.0
-1,-238.86763087806276,39.23436074537038,184.0,164.92800000000008,73.93963087806264,25.0
-1,-221.72659356912095,33.94430595833335,169.0,162.52800000000005,59.19859356912094,19.0
-1,-179.52768180459154,32.74114498611103,139.0,125.85600000000008,53.67168180459147,20.0
-1,-183.59389326455943,30.4477234074074,143.0,152.928,30.665893264559436,16.0
-1,-182.37955642586277,26.62161363888884,145.0,131.328,51.05155642586274,20.0
-1,-180.99539741047016,25.088663851851837,136.0,145.53600000000006,35.45939741047009,17.0
-1,-197.88289583874865,21.11874396296294,172.0,168.19199999999995,29.690895838748663,16.0
-1,-202.63871387700905,26.492742421296285,178.0,157.63200000000006,45.006713877009,22.0
-1,-174.75026923732,24.68406101388884,130.0,133.24800000000002,41.50226923731999,21.0
-1,-192.04963412513845,25.71213562962956,152.0,149.66399999999996,42.38563412513847,22.0
-1,-202.0763858259141,26.35872381944443,168.0,169.44,32.636385825914054,17.0
-1,-156.5841822460808,14.763117523148148,123.0,129.60000000000005,26.98418224608073,19.0
-1,-188.28761975408557,24.519267060185168,154.0,153.50399999999996,34.783619754085564,18.0
-1,-190.71753453772607,19.06136968981481,158.0,170.88000000000005,19.83753453772602,11.0
-1,-173.11384106087075,23.37103396759258,153.0,154.464,18.64984106087075,11.0
-1,-184.47383095498137,21.99124939814812,142.0,160.32000000000002,24.153830954981338,16.0
-1,-197.7913172386383,15.532638282407406,144.0,159.64800000000005,38.143317238638254,21.0
-1,-179.44891244365385,18.973875824074074,154.0,154.08,25.36891244365383,17.0
-1,-177.26885816141743,28.07385900925924,163.0,146.97600000000003,30.292858161417413,14.0
-1,-192.21214407022197,24.92888523148145,157.0,154.56000000000003,37.6521440702219,17.0
-1,-168.166984430244,20.5262857592593,131.0,133.15200000000004,35.01498443024398,20.0
-1,-179.08952989497843,16.566482268518524,155.0,160.70400000000006,18.38552989497837,14.0
-1,-184.00404212981928,19.16831960185184,159.0,156.00000000000003,28.00404212981925,17.0
-1,-180.7860346483696,24.89496906944441,157.0,156.67200000000008,24.114034648369486,12.0
-1,-196.9617535314032,21.16845515740741,171.0,173.76000000000005,23.201753531403146,15.0
-1,-195.9815432041354,17.970437106481473,149.0,161.08800000000002,34.89354320413538,19.0
-1,-178.30878507360288,19.284075337962957,155.0,156.96000000000004,21.34878507360284,15.0
-1,-165.99992108802672,18.707236111111097,122.0,136.32000000000005,29.679921088026667,18.0
-1,-169.54099403319302,23.280757124999987,139.0,139.39200000000008,30.14899403319293,16.0
-1,-188.3934968020046,19.1135575648148,158.0,154.368,34.02549680200459,18.0
-1,-186.6837815858302,18.989509939814788,146.0,156.38400000000004,30.29978158583015,20.0
-1,-161.40002241146465,23.648899643518543,138.0,136.0320000000001,25.36802241146455,14.0
-1,-176.08532162736202,23.730831342592584,155.0,149.47199999999998,26.61332162736205,16.0
-1,-152.42499712849173,22.933382472222213,127.0,125.85600000000002,26.56899712849171,15.0
-1,-174.2761949080961,21.52381308333331,141.0,150.04799999999994,24.22819490809617,15.0
-1,-176.58941549077474,18.456646166666637,166.0,153.50400000000005,23.085415490774693,15.0
-1,-192.5366563870945,22.32860824537033,155.0,159.84000000000006,32.69665638709443,19.0
-1,-164.1025759094959,22.54954147685181,147.0,134.784,29.318575909495895,19.0
-1,-162.85691088840304,16.787955750000002,133.0,142.08000000000004,20.77691088840299,14.0
-1,-176.22609784474366,26.35479410648153,154.0,149.47200000000004,26.75409784474362,15.0
-1,-175.70885657438987,18.232051189814804,138.0,151.58400000000003,24.12485657438984,16.0
-1,-160.89016917430922,17.96597804166667,134.0,128.16000000000005,32.73016917430921,17.0
-1,-142.68611617418722,28.423355504629644,134.0,117.408,25.27811617418723,13.0
-1,-149.71226703430153,19.73228946759257,139.0,124.032,25.68026703430151,15.0
-1,-176.14578902762415,16.253755944444435,135.0,148.12800000000007,28.017789027624072,17.0
-1,-154.17520167513368,19.32696063425918,129.0,126.72000000000006,27.45520167513362,17.0
-1,-141.85523626587965,15.010685967592584,118.0,110.40000000000003,31.45523626587959,19.0
-1,-154.80970233068132,20.292765162037007,125.0,126.72000000000004,28.08970233068129,17.0
-1,-156.4056996327981,20.716826921296267,135.0,130.27200000000005,26.133699632798045,17.0
-1,-145.4924726088173,25.67292902314812,140.0,126.04800000000002,19.44447260881728,14.0
-1,-163.51878820086293,18.4484392361111,140.0,144.19200000000004,19.32678820086289,15.0
-1,-169.02256331744815,22.55408595833333,126.0,143.32800000000003,25.69456331744812,16.0
-1,-183.1531522598925,18.064208143518524,147.0,161.47199999999995,21.68115225989252,15.0
-1,-137.56348471139265,17.244513490740722,114.0,116.35200000000007,21.211484711392565,15.0
-1,-130.90614766475665,18.24160976851853,103.0,96.48000000000002,34.426147664756634,19.0
-1,-148.83058940862406,20.26468894907409,121.0,127.77600000000004,21.054589408624015,14.0
-1,-155.29281111373825,19.577322083333325,138.0,125.856,29.436811113738276,21.0
-1,-148.72188562727476,18.81855167592588,109.0,121.44000000000004,27.28188562727471,16.0
-1,-149.95848197355667,13.231726787037042,126.0,128.44800000000004,21.51048197355663,16.0
-1,-139.14336823169597,15.456665736111091,118.0,114.24000000000002,24.90336823169596,17.0
-1,-160.9999027399329,18.21838272685181,120.0,141.02400000000006,19.97590273993285,14.0
-1,-152.80731159305748,20.546647462962948,116.0,131.5200000000001,21.287311593057368,13.0
-1,-145.57320278084515,20.54972989814814,122.0,116.54399999999998,29.02920278084516,16.0
-1,-150.93742420592343,16.682030486111103,135.0,133.92000000000007,17.017424205923373,12.0
-1,-144.60739695971694,18.45869259259255,116.0,118.17600000000007,26.43139695971687,16.0
-1,-147.28529020239156,22.23108608796291,121.0,122.78400000000003,24.50129020239153,17.0
-1,-121.47891964332096,7.353336689814823,97.0,105.216,16.26291964332094,12.0
-1,-133.54536601853505,17.429172699074034,95.0,101.184,32.36136601853505,18.0
-1,-120.42454660645625,13.076140004629622,100.0,104.64,15.784546606456232,12.0
-1,-129.66391511624653,22.264150902777725,102.0,95.23200000000004,34.431915116246515,13.0
-1,-136.77973863633628,23.434500587962948,111.0,115.39200000000004,21.387738636336245,14.0
-1,-160.35808916998525,19.75737426851845,126.0,132.09600000000006,28.262089169985185,16.0
-1,-135.3896843397994,15.69042285648146,101.0,106.65600000000006,28.733684339799343,16.0
-1,-129.98174420634183,15.650304782407405,108.0,113.472,16.50974420634181,13.0
-1,-135.918095030402,17.051593310185158,97.0,106.17600000000004,29.74209503040196,18.0
-1,-176.98784993187834,19.04083693518518,144.0,142.94400000000007,34.04384993187827,20.0
-1,-135.04369245297408,13.713368666666655,90.0,103.872,31.17169245297408,17.0
-1,-125.6934493445921,17.02229352314814,87.0,86.49600000000005,39.19744934459205,21.0
-1,-126.95965675086754,15.532731259259243,76.0,88.51200000000001,38.44765675086753,22.0
-1,-136.40504478685247,17.074730657407425,121.0,116.73600000000002,19.66904478685245,12.0
-1,-160.32931399748983,16.05380304629629,125.0,132.00000000000006,28.329313997489784,17.0
-1,-167.2307019154304,23.165315574074015,133.0,138.52800000000005,28.702701915430332,17.0
-1,-127.78289173059906,19.260401574074013,96.0,94.84800000000004,32.934891730599034,18.0
-1,-120.292344300912,16.337891412037017,95.0,91.58400000000005,28.708344300911957,16.0
-1,-117.1840436444173,13.356459078703711,86.0,94.75200000000004,22.432043644417263,16.0
-1,-130.53588636011344,16.853457592592566,80.0,98.30400000000006,32.23188636011338,18.0
-1,-117.29921975927752,19.93918616203696,80.0,83.90400000000004,33.39521975927749,17.0
-1,-120.99045329326046,16.389760138888864,89.0,93.98400000000004,27.006453293260424,15.0
-1,-125.48829618081024,17.690470782407377,104.0,102.336,23.15229618081024,15.0
-1,-129.68441592821802,17.89677722685183,95.0,102.336,27.34841592821799,16.0
-1,-114.4613631252079,17.06236940277776,78.0,79.872,34.58936312520789,19.0
-1,-122.45039395183916,17.90668394907404,93.0,96.768,25.68239395183913,17.0
-1,-116.6424918238653,21.866075236111072,93.0,96.09600000000005,20.546491823865267,14.0
-1,-118.50478125465824,15.727338379629613,83.0,86.97600000000003,31.52878125465822,19.0
-1,-139.48056424691373,22.83166855555552,114.0,112.12800000000004,27.352564246913715,15.0
-1,-131.02185506635817,20.539533601851804,108.0,106.56000000000004,24.461855066358133,15.0
-1,-135.40859975929772,18.033385189814805,87.0,94.56000000000004,40.84859975929769,20.0
-1,-126.12943172243324,19.30817026851847,99.0,91.296,34.83343172243327,20.0
-1,-112.91382342230358,13.774909569444432,85.0,79.29600000000003,33.617823422303545,22.0
-1,-128.54900898079325,19.88020815277776,102.0,96.09600000000002,32.45300898079324,17.0
-1,-121.90633630105948,14.274878740740748,83.0,82.46400000000003,39.44233630105944,21.0
-1,-122.2266708591962,13.739251782407402,105.0,98.59200000000004,23.63467085919618,15.0
-1,-130.2903209596045,18.220141717592544,91.0,108.76800000000004,21.52232095960446,13.0
-1,-111.93728071518824,19.57590284722219,76.0,81.40800000000003,30.529280715188204,18.0
-1,-128.9793828553179,22.331015060185123,101.0,96.19200000000004,32.787382855317844,18.0
-1,-121.94197220082148,17.659091990740734,87.0,91.48800000000004,30.45397220082145,17.0
-1,-114.30727259680135,14.758130370370363,82.0,89.28000000000003,25.027272596801325,17.0
-1,-108.8770924882241,17.401620037037027,79.0,80.35200000000002,28.52509248822408,18.0
-1,-141.2207070113449,21.422586708333267,120.0,114.81600000000002,26.40470701134489,17.0
-1,-116.05535880985988,14.914891717592583,89.0,94.46400000000004,21.59135880985985,17.0
-1,-114.15140167098023,15.12739090740738,88.0,91.87200000000004,22.279401670980203,14.0
-1,-113.78543905441438,19.063878787037,83.0,81.60000000000004,32.185439054414346,19.0
-1,-133.76258923595543,18.283415837962888,73.0,74.97600000000003,58.78658923595542,23.0
-1,-129.034082078537,18.103509467592577,91.0,88.22400000000003,40.81008207853698,21.0
-1,-143.1753308184826,17.983350490740705,102.0,102.72000000000006,40.455330818482544,21.0
-1,-112.1806164201813,19.24687160648149,86.0,78.81600000000003,33.364616420181264,19.0
-1,-148.83700122350234,12.78265928240739,97.0,111.36000000000004,37.47700122350231,23.0
-1,-136.7304812315033,20.681293791666608,105.0,107.52000000000004,29.210481231503238,17.0
-1,-133.16941365988248,17.426187435185152,105.0,101.472,31.69741365988247,20.0
-1,-125.0668392310049,18.081367199074023,82.0,87.26400000000002,37.80283923100489,21.0
-1,-113.33740509523555,17.16786641666664,79.0,73.44000000000004,39.89740509523551,19.0
-1,-126.98257362580452,24.88401715277774,96.0,97.53600000000009,29.446573625804447,17.0
-1,-131.65603822336476,17.55227573148143,85.0,102.14400000000006,29.51203822336469,18.0
-1,-114.35372500176533,21.852811675925857,88.0,92.54400000000004,21.809725001765266,14.0
-1,-120.3961831552301,17.13137795370368,94.0,94.36800000000004,26.028183155230067,17.0
-1,-125.45960138843624,20.47607669907403,92.0,102.04800000000004,23.411601388436218,13.0
-1,-124.86232096365852,18.81916918518516,97.0,100.03200000000004,24.830320963658497,16.0
-1,-120.0720263352348,15.573913166666664,82.0,89.28000000000003,30.79202633523476,20.0
-1,-121.65254351291809,20.99776497685183,95.0,103.20000000000005,18.452543512918048,12.0
-1,-113.2632589077534,17.89009312962959,97.0,89.47200000000001,23.79125890775339,16.0
-1,-117.53480727883492,17.918563259259205,81.0,87.55200000000004,29.982807278834887,17.0
-1,-118.8154190092292,15.91846079629629,76.0,88.41600000000003,30.39941900922916,18.0
-1,-134.25206374898653,17.28725785185182,93.0,98.592,35.66006374898652,19.0
-1,-128.7266054588749,24.03203227314811,104.0,96.768,31.95860545887488,17.0
-1,-133.38211817649884,17.723929009259223,96.0,104.06400000000004,29.318118176498796,15.0
-1,-138.5203162002475,17.015335166666656,99.0,114.14400000000008,24.376316200247405,17.0
-1,-115.38989042014408,14.190572189814814,87.0,92.54400000000004,22.845890420144023,16.0
-1,-105.78931496602164,16.124236907407383,79.0,77.47200000000001,28.31731496602164,16.0
-1,-125.6448421226964,15.203149453703691,95.0,99.55200000000004,26.092842122696347,17.0
-1,-136.80873573723113,16.28685354629628,94.0,111.16800000000003,25.640735737231086,14.0
-1,-127.77706805552322,19.06452099074072,108.0,94.65600000000003,33.12106805552319,19.0
-1,-99.50958991066372,17.765672449074035,77.0,76.89600000000004,22.613589910663677,15.0
-1,-142.8023263844994,16.839157629629597,112.0,124.70400000000004,18.09832638449933,13.0
-1,-108.58282121334943,14.01825774999999,88.0,79.58400000000003,28.99882121334941,19.0
-1,-119.5260229681443,23.084686944444407,91.0,87.36000000000003,32.16602296814428,15.0
-1,-119.9093380463523,15.046334212962952,72.0,76.03200000000004,43.87733804635226,21.0
-1,-127.86903464384876,17.92531334259256,89.0,98.40000000000003,29.469034643848712,16.0
-1,-123.80054427496822,19.67413485648146,92.0,104.448,19.352544274968206,13.0
-1,-105.77895923047936,23.374153481481475,85.0,81.98400000000002,23.794959230479343,13.0
-1,-111.83068593261214,16.056420231481486,77.0,86.88000000000004,24.950685932612096,17.0
-1,-115.0251664974096,13.383086462962972,79.0,80.83200000000004,34.19316649740958,21.0
-1,-112.355558003335,20.94468517592588,94.0,91.58400000000005,20.77155800333496,14.0
-1,-99.56729801336536,13.42764692592592,71.0,75.168,24.399298013365364,17.0
-1,-120.07026143418229,21.951159069444422,88.0,99.84000000000005,20.23026143418225,13.0
-1,-101.4004019071328,18.63375293055555,68.0,75.93600000000004,25.46440190713277,15.0
-1,-112.47604165243402,19.499606624999984,85.0,77.95200000000001,34.524041652434015,18.0
-1,-138.08228197974634,21.68889121759256,102.0,105.98400000000008,32.098281979746275,18.0
-1,-124.69043311306288,15.875703671296272,77.0,87.168,37.52243311306286,20.0
-1,-126.3597663746778,22.033075791666644,98.0,102.04800000000004,24.31176637467775,16.0
-1,-113.65113042924042,20.52399841666663,87.0,91.39200000000008,22.25913042924035,14.0
-1,-126.87066476793314,18.632758592592545,95.0,101.37600000000003,25.49466476793308,15.0
-1,-124.12089280848224,21.67956735648144,84.0,89.37600000000005,34.744892808482206,18.0
-1,-106.79778147131948,14.125336939814794,73.0,77.56800000000004,29.22978147131942,20.0
-1,-133.36660472305877,21.549237671296225,93.0,103.872,29.49460472305875,16.0
-1,-122.9943153345505,24.6432119583333,89.0,90.91200000000003,32.08231533455047,16.0
-1,-117.03610843606197,20.894844499999987,95.0,96.67200000000004,20.36410843606191,13.0
-1,-131.7068822911547,17.101011379629593,96.0,108.38400000000004,23.32288229115465,14.0
-1,-130.40311453751116,19.217559712962903,84.0,80.54400000000003,49.85911453751115,22.0
-1,-118.99021889933752,14.761047615740727,95.0,99.36000000000006,19.630218899337468,13.0
-1,-142.41798770354322,16.744576143518525,105.0,111.07200000000005,31.345987703543194,19.0
-1,-119.38520490713128,14.360178236111098,81.0,94.75200000000004,24.633204907131237,16.0
-1,-119.50946206659644,12.735662060185184,77.0,92.64000000000004,26.86946206659638,17.0
-1,-130.7560762388185,13.509544444444424,89.0,114.52800000000006,16.22807623881845,11.0
-1,-115.17233850593362,18.21048194907408,89.0,88.32000000000001,26.852338505933623,16.0
-1,-116.870096074242,15.367218050925938,85.0,93.02400000000004,23.846096074241963,15.0
-1,-107.54110522466225,13.234287120370364,84.0,79.58400000000003,27.957105224662214,19.0
-1,-106.84594054512672,18.02392052777776,80.0,78.04800000000002,28.797940545126693,16.0
-1,-127.00007569128596,19.647175555555528,91.0,87.74400000000004,39.25607569128591,20.0
-1,-116.51807509567776,17.271925981481463,84.0,90.33600000000004,26.18207509567775,15.0
-1,-123.18476938635476,19.139064152777685,77.0,88.80000000000003,34.38476938635474,16.0
-1,-123.83062008583504,14.70697853240744,93.0,89.85600000000002,33.97462008583503,19.0
-1,-118.48296110011054,16.887872560185173,89.0,88.41600000000004,30.066961100110507,20.0
-1,-116.15349590219935,17.556755425925882,84.0,94.656,21.49749590219936,11.0
-1,-113.88490024296776,14.894914990740716,83.0,81.79200000000003,32.092900242967744,21.0
-1,-112.12616737452426,20.076491333333323,81.0,67.29600000000002,44.83016737452424,18.0
-1,-109.46305810123803,17.75346438888889,75.0,76.70400000000005,32.759058101237976,18.0
-1,-119.58551816116994,15.364772078703703,88.0,94.75200000000004,24.83351816116991,15.0
-1,-100.34120452451016,16.262244601851847,72.0,73.92000000000002,26.42120452451013,15.0
-1,-128.1984647011261,19.122069986111047,76.0,97.24800000000003,30.95046470112608,18.0
-1,-117.2020002634,18.06170351851848,67.0,74.11200000000002,43.09000026339997,23.0
-1,-122.99581289128594,17.994610467592572,102.0,101.95200000000004,21.043812891285903,15.0
-1,-122.39501572613048,18.694650601851837,91.0,94.27200000000002,28.12301572613045,18.0
-1,-120.060469579695,18.06871539351849,88.0,98.30400000000004,21.75646957969498,13.0
-1,-112.32805610015453,15.814085949074048,67.0,72.09600000000002,40.23205610015451,20.0
-1,-132.44046397847677,17.75000392129627,98.0,102.14400000000003,30.29646397847671,17.0
-1,-119.81607867866958,17.09136896296291,78.0,84.76800000000001,35.04807867866956,20.0
-1,-112.0971365463272,16.905090425925906,71.0,77.08800000000004,35.00913654632717,21.0
-1,-125.36178661365534,20.491548490740676,83.0,81.88800000000003,43.473786613655314,21.0
-1,-102.2002073954443,19.100524999999998,68.0,63.64800000000001,38.55220739544428,18.0
-1,-123.83610728111708,22.477816370370284,85.0,90.62400000000004,33.21210728111703,17.0
-1,-119.83822534719889,17.251444384259234,88.0,83.23200000000003,36.60622534719887,21.0
-1,-113.22934106975823,14.893808597222208,82.0,82.36800000000004,30.861341069758197,20.0
-1,-105.50196095465915,18.033284907407342,76.0,76.32000000000002,29.18196095465914,17.0
-1,-113.17875710426516,14.163557638888886,75.0,85.15200000000002,28.02675710426513,18.0
-1,-104.29473227521152,18.80603918518515,71.0,69.88800000000002,34.40673227521149,18.0
-1,-107.86555518816594,16.671391675925925,81.0,80.64000000000004,27.2255551881659,18.0
-1,-108.4113559176334,13.541694393518515,72.0,74.49600000000002,33.91535591763336,20.0
-1,-120.47215455039785,20.608532472222173,93.0,99.45600000000005,21.016154550397804,14.0
-1,-118.83615518438693,21.17869633333331,73.0,73.44000000000003,45.3961551843869,18.0
-1,-118.45728064383374,16.923362180555543,68.0,77.08800000000004,41.3692806438337,21.0
-1,-115.80958909966463,15.191574513888863,66.0,73.63200000000003,42.177589099664615,20.0
-1,-110.1561929991774,18.19601763425925,72.0,81.21600000000001,28.940192999177395,14.0
-1,-115.02179974863068,12.568098050925911,72.0,84.19200000000004,30.82979974863065,18.0
-1,-94.22062814515428,12.324048449074082,61.0,54.912000000000006,39.30862814515428,21.0
-1,-120.85722352841364,19.194018013888865,76.0,86.30400000000003,34.55322352841361,15.0
-1,-119.50722115082333,15.483796111111111,73.0,86.97600000000004,32.53122115082328,20.0
-1,-111.61946620604138,18.529700814814767,74.0,80.54400000000003,31.07546620604135,19.0
-1,-105.14773388389708,12.20583523611111,69.0,70.56000000000003,34.58773388389704,23.0
-1,-122.02266010464844,20.989728495370308,83.0,85.34400000000004,36.6786601046484,20.0
-1,-109.97244332707554,20.254051754629558,80.0,81.40800000000002,28.56444332707552,16.0
-1,-103.33302203947596,20.916163944444385,75.0,74.11200000000004,29.221022039475912,16.0
-1,-109.901600824558,25.30568230092589,82.0,82.65600000000003,27.24560082455795,14.0
-1,-108.71431772683223,19.194139296296274,68.0,67.39200000000002,41.32231772683222,18.0
-1,-114.13199028771643,15.198317759259265,76.0,84.09600000000003,30.03599028771641,17.0
-1,-93.90893311490068,16.446795861111084,71.0,67.68000000000004,26.22893311490064,17.0
-1,-119.83983643173607,19.12033753240737,72.0,76.03200000000002,43.807836431736064,18.0
-1,-112.76927026587396,15.581816162037022,76.0,85.15200000000002,27.617270265873945,17.0
-1,-101.67953324901464,16.691863069444437,72.0,73.72800000000004,27.95153324901459,20.0
-1,-121.69538166930796,14.991630180555552,76.0,83.13600000000002,38.55938166930793,19.0
-1,-111.78118813617117,13.668570407407406,72.0,77.56800000000004,34.21318813617111,21.0
-1,-110.21224007951476,16.55577991666666,75.0,76.32000000000004,33.89224007951473,19.0
-1,-99.12743658672863,13.372631374999974,61.0,67.29600000000003,31.8314365867286,18.0
-1,-108.85113989154468,18.918275773148157,84.0,86.68800000000002,22.16313989154466,15.0
-1,-107.7480456474358,16.024688768518498,77.0,85.34400000000002,22.404045647435783,15.0
-1,-119.10935525699028,13.798968805555546,70.0,80.25600000000001,38.853355256990255,21.0
-1,-115.45149720598285,21.63977750462961,71.0,76.03200000000002,39.41949720598282,16.0
-1,-122.07248942139536,20.88730684722215,78.0,87.16800000000003,34.90448942139534,18.0
-1,-109.69865677766887,18.0516192222222,63.0,67.68000000000002,42.01865677766885,20.0
-1,-116.77199599730204,24.458975435185145,76.0,82.56000000000003,34.21199599730201,15.0
-1,-104.2282286227636,13.19960709722221,74.0,83.13600000000004,21.09222862276357,14.0
-1,-107.49093534950585,14.775783111111105,71.0,80.16000000000004,27.330935349505808,16.0
-1,-107.83148078054988,17.55017995833328,76.0,78.81600000000002,29.01548078054985,17.0
-1,-109.22826971566468,15.546325171296312,61.0,64.12800000000003,45.10026971566465,22.0
-1,-108.87599341121,14.624616319444431,62.0,75.36000000000003,33.51599341120998,21.0
-1,-111.63120159445684,14.855476597222207,58.0,68.35200000000002,43.279201594456815,22.0
-1,-116.15565170037732,21.78487947685179,73.0,80.25600000000003,35.899651700377284,19.0
-1,-98.59057528721418,21.2927749537037,74.0,76.41600000000001,22.174575287214164,13.0
-1,-94.9896567926425,13.597624708333342,56.0,53.47200000000002,41.51765679264249,20.0
-1,-100.29696274677818,13.06663766666666,63.0,68.44800000000002,31.84896274677816,19.0
-1,-108.9981724094119,17.489724314814826,75.0,69.12000000000003,39.87817240941187,18.0
-1,-110.69245428388464,21.462163361111035,82.0,82.08000000000004,28.612454283884585,19.0
-1,-123.51159307290644,24.725005041666588,88.0,84.67200000000005,38.83959307290638,17.0
-1,-108.40484552039672,17.42971385648145,66.0,77.37600000000003,31.028845520396693,16.0
-1,-121.37570726134696,21.40818615740733,82.0,84.48,36.89570726134696,21.0
-1,-111.15658043053512,16.560460532407372,68.0,72.09600000000002,39.06058043053511,20.0
-1,-105.47250500987568,19.72983094907401,75.0,68.54400000000001,36.928505009875664,17.0
-1,-111.04268217313026,16.105260842592557,75.0,87.84000000000005,23.202682173130206,12.0
-1,-109.48283263435624,18.010396365740668,59.0,72.48000000000003,37.00283263435621,21.0
-1,-96.88242430784103,11.903952648148149,73.0,75.64800000000002,21.234424307841007,14.0
-1,-117.96692589028795,20.895142162037008,73.0,77.95200000000004,40.014925890287934,19.0
-1,-119.91449379858406,16.657870847222185,73.0,75.93600000000004,43.97849379858402,23.0
-1,-105.86369529044742,16.996254884259262,62.0,63.55200000000003,42.31169529044739,21.0
-1,-109.07859701472552,19.413410328703645,75.0,80.06400000000001,29.014597014725517,18.0
-1,-110.8001029760742,13.587854462962955,59.0,70.08000000000003,40.720102976074166,21.0
-1,-106.8510703646105,19.90636836574068,77.0,77.37600000000003,29.47507036461046,20.0
-1,-114.48040222425024,20.004991402777726,73.0,77.08800000000004,37.3924022242502,18.0
-1,-87.83812837529105,11.523175967592596,58.0,57.600000000000016,30.238128375291037,18.0
-1,-119.541954775933,15.049402083333318,70.0,74.88000000000004,44.66195477593296,23.0
-1,-95.72041448526625,28.08323178240733,84.0,69.216,26.50441448526626,16.0
-1,-116.39515842210294,18.49070471296293,74.0,82.08000000000004,34.3151584221029,19.0
-1,-111.8744327687612,15.552367208333337,71.0,75.45600000000002,36.41843276876119,21.0
-1,-96.03744932848576,19.248192393518497,72.0,66.14400000000003,29.893449328485712,15.0
-1,-108.47563154294308,21.567559060185133,66.0,75.16800000000002,33.307631542943064,15.0
-1,-96.86738536633322,13.18257414814816,52.0,53.664000000000016,43.2033853663332,22.0
-1,-96.35770016618642,16.6985102222222,67.0,63.74400000000001,32.61370016618641,17.0
-1,-107.43248054662786,24.202710425925886,77.0,73.63200000000003,33.80048054662783,16.0
-1,-113.0614242027079,16.78135835648146,70.0,74.78400000000003,38.27742420270786,22.0
-1,-112.20875254517782,20.850889541666632,78.0,83.32800000000002,28.88075254517781,15.0
-1,-120.5978985967659,13.93711655092593,63.0,66.33600000000003,54.261898596765874,23.0
-1,-121.27021364747876,23.291010300925823,77.0,87.16800000000003,34.10221364747872,18.0
-1,-89.24078138861196,11.829449949074071,62.0,69.98400000000002,19.256781388611945,14.0
-1,-105.56101189553404,15.164646370370344,53.0,60.57600000000002,44.98501189553402,22.0
-1,-105.11687396052024,15.69948080555555,61.0,71.23200000000003,33.88487396052023,16.0
-1,-101.8078716031147,14.461850027777787,54.0,59.61600000000002,42.19187160311469,21.0
-1,-86.76063958093714,19.22363112037037,66.0,57.984,28.77663958093714,16.0
-1,-92.51098504825607,11.739470509259254,58.0,58.36800000000003,34.142985048256044,19.0
-1,-99.46510243615272,21.315375777777746,65.0,66.72000000000001,32.745102436152706,17.0
-1,-107.42984968549968,22.444348717592543,64.0,66.52800000000003,40.901849685499634,16.0
-1,-113.7427578767759,16.567554092592566,65.0,74.88000000000004,38.86275787677586,18.0
-1,-91.45786578171902,16.596917592592575,53.0,58.65600000000001,32.801865781719016,18.0
-1,-97.45831512416342,17.668924143518524,69.0,74.304,23.154315124163418,15.0
-1,-108.50007454007772,11.968478194444428,51.0,53.18400000000002,55.31607454007772,24.0
-1,-108.00679847203948,19.55068971296292,66.0,63.55200000000004,44.45479847203946,20.0
-1,-88.67610919738597,19.943038245370374,61.0,66.33600000000003,22.340109197385942,11.0
-1,-82.12079414490704,12.957779865740733,58.0,60.672000000000025,21.448794144907016,17.0
-1,-93.19367174913502,12.204200254629622,63.0,59.52000000000002,33.673671749135,18.0
-1,-103.55696010139002,15.737666236111084,59.0,72.57600000000004,30.98096010138999,20.0
-1,-99.03454989010744,17.106287402777742,57.0,61.05600000000003,37.9785498901074,19.0
-1,-102.71427845775736,23.019348481481423,71.0,67.96800000000003,34.74627845775732,18.0
-1,-102.63618519516568,18.659962152777737,61.0,62.68800000000001,39.94818519516566,21.0
-1,-114.44708436665174,18.24959162499992,78.0,73.82400000000003,40.62308436665171,23.0
-1,-91.70463364301555,16.30485154166665,50.0,56.73600000000002,34.96863364301554,22.0
-1,-115.14630188155913,16.28450744444444,68.0,75.26400000000004,39.88230188155909,17.0
-1,-108.27425906042195,14.823822689814811,53.0,56.160000000000025,52.11425906042193,24.0
-1,-107.71164456627277,16.715494930555515,66.0,79.77600000000002,27.93564456627272,17.0
-1,-98.80364991356898,15.692300865740712,67.0,68.16000000000003,30.64364991356895,18.0
-1,-103.64647771057324,14.317193574074077,48.0,53.37600000000002,50.27047771057321,23.0
-1,-104.5719038534465,17.3202656712963,83.0,75.552,29.019903853446493,17.0
-1,-101.28567315911734,13.43576818055555,58.0,59.13600000000002,42.14967315911731,24.0
-1,-116.8747760703218,16.954967037037004,54.0,66.14400000000003,50.73077607032175,19.0
-1,-92.76031268575768,19.93997411574069,59.0,61.34400000000003,31.416312685757653,14.0
-1,-97.9153464838549,20.938824796296263,66.0,62.97600000000003,34.93934648385487,16.0
-1,-109.06630223072632,15.941917870370387,50.0,56.73600000000003,52.33030223072628,19.0
-1,-116.96989919906328,15.3644033194444,45.0,54.81600000000002,62.15389919906328,23.0
-1,-97.72116685864655,16.001581050925928,62.0,59.23200000000001,38.48916685864655,21.0
-1,-102.39456279855897,14.236597824074051,54.0,59.52000000000002,42.87456279855893,25.0
-1,-77.83348869566508,12.584746884259252,49.0,48.672,29.16148869566508,20.0
-1,-110.25127046927815,14.605663898148109,50.0,67.68000000000002,42.57127046927815,21.0
-1,-114.63907504787248,20.132468689814747,63.0,67.29600000000002,47.34307504787246,20.0
-1,-120.66913007492266,16.65025667129627,59.0,75.84000000000005,44.82913007492261,18.0
-1,-111.0535637996582,22.69119515277772,60.0,63.84000000000003,47.21356379965818,20.0
-1,-86.48796168287015,19.390013444444424,62.0,59.32800000000003,27.15996168287011,18.0
-1,-102.8935348965079,14.03543718981483,50.0,60.864000000000026,42.02953489650788,22.0
-1,-112.79858762994316,16.423305407407394,63.0,66.72000000000003,46.07858762994314,20.0
-1,-104.34711412761288,15.213477847222228,56.0,59.80800000000002,44.53911412761286,23.0
-1,-103.79798542250776,15.716700773148128,59.0,62.78400000000002,41.01398542250774,23.0
-1,-97.62311704122718,17.086902259259247,58.0,61.72800000000002,35.89511704122715,16.0
-1,-90.71115597407164,15.681148226851835,57.0,58.36800000000003,32.34315597407161,17.0
-1,-84.64643977298233,12.165401328703709,39.0,48.96000000000002,35.68643977298231,23.0
-1,-76.57645202262353,16.60686291666667,55.0,53.184000000000026,23.392452022623495,15.0
-1,-102.07314934687722,14.67364560648149,58.0,57.88800000000001,44.1851493468772,24.0
-1,-106.8897210180124,21.667956736111066,70.0,71.04000000000002,35.84972101801239,17.0
-1,-95.70812767332173,14.195295254629624,56.0,56.832000000000015,38.87612767332171,20.0
-1,-112.79421242155306,14.842968745370367,58.0,65.66400000000003,47.13021242155303,23.0
-1,-111.087010720071,16.22678113888889,49.0,56.06400000000002,55.02301072007097,23.0
-1,-105.25206597429764,11.147384328703684,43.0,55.68000000000003,49.57206597429761,25.0
-1,-104.4605001719,17.8946699537037,68.0,74.11200000000004,30.348500171899964,14.0
-1,-111.1636003348321,21.601642717592515,56.0,62.49600000000003,48.66760033483206,18.0
-1,-106.48403387730268,17.25926918981478,52.0,58.46400000000001,48.02003387730267,22.0
-1,-125.53337297010292,20.174745444444383,78.0,84.57600000000002,40.95737297010292,23.0
-1,-93.17218513532266,16.643530324074067,52.0,52.800000000000026,40.37218513532264,18.0
-1,-102.47830586272632,19.342597310185127,54.0,65.08800000000002,37.39030586272629,18.0
-1,-118.26945512065453,14.614084361111106,48.0,57.98400000000003,60.2854551206545,24.0
-1,-113.0591903083713,14.961257675925914,62.0,66.24000000000002,46.81919030837128,26.0
-1,-98.88054298229358,16.618375476851877,51.0,40.99200000000001,57.888542982293565,22.0
-1,-144.0964664185731,20.987573777777705,71.0,104.64000000000006,39.45646641857304,15.0
-1,-92.77588241557775,20.168480374999984,50.0,44.35200000000002,48.42388241557776,18.0
-1,-111.01935826144282,19.610345611111043,69.0,72.00000000000003,39.01935826144279,21.0
-1,-98.93146021216924,14.75894245370373,56.0,63.16800000000004,35.7634602121692,21.0
-1,-112.04784785893747,15.512201004629633,54.0,46.65600000000002,65.39184785893747,24.0
-1,-114.06688409418923,12.227784013888884,44.0,52.99200000000001,61.07488409418924,24.0
-1,-73.28579544246385,20.3127221712963,56.0,44.640000000000015,28.64579544246384,18.0
-1,-90.1014007997808,12.76577267592594,57.0,60.38400000000003,29.717400799780773,16.0
-1,-114.4845865424166,17.2513151527777,59.0,67.96800000000003,46.51658654241656,25.0
-1,-100.59072838356587,14.40180558796296,58.0,68.35200000000002,32.23872838356586,17.0
-1,-106.2696255483584,10.929654861111116,41.0,48.67200000000002,57.59762554835838,25.0
-1,-125.818010834807,17.784681013888857,57.0,72.09600000000003,53.722010834806966,21.0
-1,-96.6025978429513,17.204789393518517,51.0,52.70400000000002,43.89859784295128,19.0
-1,-108.87496981996864,19.214973439814795,55.0,63.36000000000004,45.5149698199686,19.0
-1,-90.50975798700014,18.437616347222203,65.0,73.63200000000002,16.87775798700012,13.0
-1,-94.1460310093847,15.076967175925908,59.0,61.34400000000003,32.80203100938466,16.0
-1,-104.67794444586433,14.986911249999991,59.0,63.55200000000003,41.12594444586428,22.0
-1,-103.6217908217012,21.312339032407337,69.0,72.00000000000003,31.621790821701165,17.0
-1,-127.6778379410809,12.887568972222246,58.0,58.36800000000003,69.30983794108087,26.0
-1,-93.74254621889746,17.04775643055553,65.0,63.07200000000002,30.670546218897435,20.0
-1,-88.54399221218812,14.723564611111092,54.0,56.35200000000002,32.1919922121881,19.0
-1,-106.99168006294778,18.56560641203701,73.0,70.27200000000003,36.71968006294774,18.0
-1,-102.05887409874389,20.62189987499995,64.0,66.04800000000003,36.01087409874384,18.0
-1,-125.9717475003275,19.46700785648141,70.0,70.08000000000003,55.89174750032748,22.0
-1,-112.03804621615168,13.325312185185194,42.0,44.25600000000001,67.78204621615168,26.0
-1,-103.34357952348329,14.997364912037026,49.0,59.13600000000002,44.20757952348325,23.0
-1,-113.38722768336044,20.97664082870363,65.0,62.01600000000003,51.37122768336042,22.0
-1,-85.8693978662084,17.397908342592572,54.0,59.61600000000003,26.25339786620837,18.0
-1,-100.02852631428304,18.52544258796291,53.0,63.26400000000003,36.76452631428299,20.0
-1,-100.47019124851992,12.753056791666635,51.0,63.93600000000004,36.53419124851988,22.0
-1,-99.47854057883718,16.91962770370367,57.0,60.28800000000003,39.19054057883715,21.0
-1,-128.4297854730911,16.787319004629598,52.0,65.08800000000002,63.341785473091086,24.0
-1,-100.56065366956872,21.35947012499993,62.0,64.12800000000001,36.4326536695687,19.0
-1,-102.10117198316144,14.855021925925916,46.0,56.544000000000025,45.5571719831614,21.0
-1,-94.40999441570328,14.848335379629631,35.0,47.616000000000014,46.79399441570325,20.0
-1,-97.5349679122975,16.39581003240739,63.0,59.42400000000003,38.11096791229747,20.0
-1,-127.96009838897557,20.484152657407307,62.0,69.69600000000004,58.26409838897551,21.0
-1,-101.67384152438522,14.636455361111114,50.0,55.58400000000002,46.08984152438521,24.0
-1,-95.81121980484812,14.689945615740738,60.0,63.93600000000002,31.875219804848083,18.0
-1,-103.58180486609564,14.820730319444436,56.0,71.90400000000002,31.677804866095617,16.0
-1,-136.92468273148637,23.596314347222187,109.0,110.11200000000008,26.812682731486312,15.0
-1,-100.25764851754118,12.16395088425926,46.0,55.20000000000002,45.057648517541175,23.0
-1,-114.93844371522896,13.14667790740742,43.0,53.76000000000002,61.17844371522896,22.0
-1,-102.46700082435063,16.230328898148123,64.0,65.47200000000004,36.995000824350605,21.0
-1,-111.51069341817096,17.47506288425924,53.0,55.48800000000003,56.02269341817094,21.0
-1,-109.35128917922025,14.598023310185168,55.0,64.12800000000003,45.2232891792202,24.0
-1,-102.23859177628373,18.95500030555551,68.0,60.38400000000003,41.854591776283705,17.0
-1,-93.91453711995126,15.50940333333332,49.0,62.78400000000003,31.130537119951235,17.0
-1,-96.45303177476453,18.97464800462955,46.0,48.48000000000002,47.9730317747645,20.0
-1,-77.58640771182321,16.64443958796295,52.0,57.21600000000002,20.370407711823187,12.0
-1,-91.9395012052654,14.42769156944445,35.0,46.65600000000001,45.2835012052654,20.0
-1,-101.50876686314017,17.90132257407404,59.0,58.65600000000003,42.85276686314014,23.0
-1,-122.43444939649017,14.264971976851845,54.0,64.12800000000001,58.30644939649015,24.0
-1,-110.77836455275528,18.483665226851816,70.0,73.24800000000002,37.53036455275527,21.0
-1,-98.21279920041768,11.70866266203705,32.0,33.888000000000005,64.32479920041767,24.0
-1,-103.4879649851164,18.080154819444413,59.0,58.176000000000016,45.31196498511639,22.0
-1,-127.41706282855104,17.49469152777773,57.0,65.95200000000003,61.46506282855104,21.0
-1,-108.64792052928507,12.64148306018518,36.0,48.19200000000001,60.45592052928508,22.0
-1,-93.26683416134252,20.443244124999943,60.0,67.77600000000002,25.490834161342505,16.0
-1,-106.81916439939742,18.00833944907402,43.0,47.04000000000001,59.77916439939741,22.0
-1,-114.98547075982565,19.05902552314808,57.0,65.95200000000003,49.0334707598256,20.0
-1,-102.20113942106455,14.445672555555545,35.0,46.08000000000001,56.12113942106454,24.0
-1,-108.26079111967826,13.355629865740742,44.0,59.904000000000025,48.35679111967823,21.0
-1,-112.61249017354814,18.197002217592505,66.0,66.24000000000002,46.37249017354812,22.0
-1,-108.53789256128798,20.883357050925863,57.0,61.72800000000003,46.80989256128794,21.0
-1,-91.94299157286804,17.141955717592587,55.0,57.120000000000026,34.822991572868006,21.0
-1,-105.86909847889052,13.5247619861111,51.0,57.69600000000002,48.173098478890495,24.0
-1,-104.4265018521586,19.64385046296293,66.0,78.24000000000002,26.186501852158564,15.0
-1,-100.18575514821794,21.729115435185157,51.0,53.184000000000026,47.00175514821791,18.0
-1,-84.51614893092693,17.853866472222208,58.0,49.728000000000016,34.78814893092692,21.0
-1,-99.1756277026034,13.973885546296287,50.0,55.776000000000025,43.39962770260337,20.0
-1,-93.20977877031326,14.587883347222231,48.0,40.89600000000002,52.31377877031324,23.0
-1,-123.92626717838104,17.17013025462958,53.0,64.89600000000003,59.030267178381,19.0
-1,-93.61265855862548,14.775596949074064,58.0,52.80000000000002,40.81265855862544,19.0
-1,-114.62060262049792,18.44487510648143,55.0,70.46400000000003,44.15660262049791,18.0
-1,-109.13883944232086,16.155604236111095,53.0,53.184000000000026,55.95483944232083,24.0
-1,-147.26812377331456,22.63215993981473,69.0,85.15200000000004,62.11612377331451,20.0
-1,-94.72120866576992,16.26281183333332,63.0,67.87200000000004,26.849208665769872,16.0
-1,-140.68677278132444,18.594061652777704,61.0,77.76000000000005,62.92677278132439,22.0
-1,-97.67161188123023,16.41810627777774,52.0,62.88000000000003,34.7916118812302,18.0
-1,-99.87359641165982,15.72966800462964,47.0,51.26400000000002,48.6095964116598,22.0
-1,-105.23825031709394,18.188621472222167,43.0,56.64000000000002,48.59825031709392,18.0
-1,-107.70096217209672,16.838117949074054,46.0,56.256000000000014,51.444962172096695,20.0
-1,-97.21759227835952,16.405635976851848,47.0,49.34400000000002,47.8735922783595,22.0
-1,-104.88943103914592,19.72903584722213,55.0,65.18400000000003,39.7054310391459,21.0
-1,-96.69204747332525,16.441983268518506,57.0,61.920000000000016,34.77204747332522,18.0
-1,-114.68807292561942,18.075665527777748,61.0,71.71200000000003,42.97607292561939,19.0
-1,-81.71392889680911,19.867666583333317,60.0,62.30400000000004,19.409928896809078,11.0
-1,-102.97224326880055,21.63567804629625,66.0,61.440000000000026,41.53224326880054,18.0
-1,-99.09441302887733,17.41098966203701,60.0,58.56000000000003,40.53441302887728,17.0
-1,-119.51619034914964,12.931501824074068,67.0,70.36800000000005,49.1481903491496,24.0
-1,-104.0437386217982,16.972516731481452,47.0,49.536000000000016,54.5077386217982,24.0
-1,-102.81565134227452,14.039878370370378,38.0,44.73600000000002,58.079651342274495,22.0
-1,-112.37921422244808,15.258707694444425,58.0,59.04000000000003,53.33921422244804,25.0
-1,-73.05429736102532,11.849216587962966,40.0,41.56800000000001,31.486297361025308,17.0
-1,-118.43606904244746,15.903894939814784,56.0,63.84000000000003,54.59606904244743,25.0
-1,-129.70231059981987,16.401454537037054,42.0,42.24000000000001,87.46231059981986,27.0
-1,-111.94110969217368,13.635887902777782,58.0,78.14400000000003,33.79710969217364,14.0
-1,-97.36695621503496,18.946846763888832,46.0,55.68000000000002,41.68695621503496,20.0
-1,-72.61866745729363,13.08656968981482,48.0,44.256000000000014,28.36266745729361,18.0
-1,-67.80624019971752,16.986677592592596,55.0,50.68800000000003,17.118240199717487,13.0
-1,-111.1361240108018,16.214382592592575,42.0,61.440000000000026,49.69612401080178,18.0
-1,-89.80963614622817,11.70111331018519,49.0,55.77600000000002,34.03363614622815,22.0
-1,-93.5351420345146,17.202821999999962,67.0,68.06400000000004,25.471142034514564,14.0
-1,-100.48774458947705,16.08495083333331,56.0,63.93600000000004,36.551744589477,20.0
-1,-99.29081749884958,21.63924247685181,60.0,62.88000000000002,36.410817498849546,16.0
-1,-135.64579082290723,15.60426961111108,51.0,73.63200000000003,62.01379082290719,24.0
-1,-116.19126054836023,13.957135999999998,38.0,44.73600000000001,71.45526054836023,25.0
-1,-112.94116875116885,15.786498629629603,48.0,64.22400000000002,48.71716875116882,20.0
-1,-137.23243752338067,14.809343481481458,58.0,78.04800000000004,59.184437523380616,25.0
-1,-108.9206295937186,14.36554504166665,47.0,57.312000000000026,51.60862959371856,22.0
-1,-113.80579111679802,19.626823277777703,49.0,64.60800000000002,49.197791116798,18.0
-1,-90.18529657094814,14.453636106481474,52.0,55.680000000000014,34.50529657094812,19.0
-1,-99.60089489334766,14.474936023148135,46.0,52.32000000000002,47.28089489334764,22.0
-1,-100.310783599695,14.637459527777771,45.0,58.75200000000003,41.55878359969495,20.0
-1,-102.28082630085628,19.329780152777744,43.0,53.18400000000002,49.09682630085628,20.0
-1,-99.30018615459022,17.707366550925887,43.0,48.000000000000014,51.30018615459021,19.0
-1,-100.70994214298878,16.793969305555553,35.0,42.81600000000001,57.89394214298878,17.0
-1,-107.1888483907726,13.393834555555568,31.0,35.616,71.5728483907726,24.0
-1,-94.1721568569526,17.5566611064815,47.0,52.89600000000002,41.276156856952575,17.0
-1,-100.85298672525018,14.074319680555536,42.0,52.320000000000014,48.53298672525016,23.0
-1,-115.5543217528464,13.53864199999998,41.0,51.45600000000002,64.09832175284639,25.0
-1,-87.2070561536608,13.797049194444432,48.0,52.128000000000014,35.07905615366078,21.0
-1,-98.94181641549667,17.86324655555553,53.0,58.36800000000003,40.57381641549664,20.0
-1,-98.98261902898837,21.4736282268518,51.0,52.22400000000002,46.758619028988335,18.0
-1,-110.47776607201368,23.321540148148053,60.0,62.88000000000002,47.59776607201366,20.0
-1,-100.11458773591472,15.532074078703666,62.0,70.94400000000003,29.170587735914683,19.0
-1,-90.6487022952617,11.44144525925926,33.0,36.576,54.0727022952617,25.0
-1,-123.98033867476704,17.508135037036972,68.0,83.71200000000005,40.26833867476701,19.0
-1,-119.81684747251832,20.46325365277772,63.0,74.97600000000003,44.84084747251831,19.0
-1,-91.5967925344145,18.75635921759254,53.0,52.41600000000002,39.18079253441449,21.0
-1,-107.55315588958648,17.260805268518496,47.0,54.33600000000002,53.21715588958647,20.0
-1,-86.99752087424612,16.27745018981478,46.0,58.08000000000003,28.91752087424609,17.0
-1,-116.64712275484467,18.074613467592528,57.0,73.72800000000002,42.91912275484465,20.0
-1,-104.34873471384368,14.879613527777751,62.0,72.19200000000004,32.15673471384365,21.0
-1,-105.48953400051866,18.640795944444385,61.0,80.35200000000005,25.13753400051861,11.0
-1,-128.56948421442075,14.161463990740732,48.0,59.23200000000002,69.33748421442074,24.0
-1,-87.2609922377232,13.901174398148164,51.0,52.60800000000002,34.652992237723176,19.0
-1,-100.39158004510875,16.97609907407402,60.0,73.92000000000002,26.47158004510874,16.0
-1,-109.37755311122038,15.762577967592572,54.0,64.12800000000003,45.24955311122036,19.0
-1,-106.86321067216475,15.355193902777769,56.0,59.712000000000025,47.15121067216475,24.0
-1,-92.59517531472338,17.469204296296255,51.0,53.37600000000003,39.21917531472334,20.0
-1,-107.53786859799096,16.574543074074036,49.0,57.312000000000026,50.225868597990925,21.0
-1,-106.90384897917372,24.805661731481425,69.0,70.84800000000004,36.05584897917368,13.0
-1,-97.81361747233206,21.029995486111066,66.0,62.59200000000003,35.221617472332035,18.0
-1,-81.46373490137127,10.10944286111111,40.0,47.32800000000002,34.13573490137125,22.0
-1,-106.20541883480448,16.891785662037,51.0,62.30400000000003,43.901418834804446,20.0
-1,-99.19769479541932,18.751527486111083,59.0,57.504000000000026,41.69369479541929,19.0
-1,-105.77382749525066,16.639482722222212,52.0,57.024000000000015,48.74982749525064,22.0
-1,-89.69403859055936,19.473063101851828,49.0,52.70400000000002,36.99003859055933,17.0
-1,-104.7585589421834,16.810433444444424,61.0,54.43200000000002,50.32655894218338,23.0
-1,-87.16934639982654,18.33194351851848,54.0,52.512000000000015,34.65734639982653,18.0
-1,-111.04789517739934,20.009947453703656,60.0,70.75200000000004,40.295895177399295,18.0
-1,-108.4777022256186,15.511720342592572,51.0,66.43200000000003,42.04570222561856,22.0
-1,-101.77176273856412,19.308877597222207,60.0,62.784000000000034,38.987762738564086,18.0
-1,-99.14717954378126,16.899728967592583,50.0,59.61600000000002,39.53117954378124,21.0
-1,-95.9982887362698,18.416434523148137,59.0,57.98400000000003,38.01428873626976,16.0
-1,-125.84191766604928,18.517873152777724,50.0,70.56000000000003,55.28191766604924,19.0
-1,-95.70283285679216,17.133351078703686,57.0,63.26400000000002,32.438832856792125,19.0
-1,-105.65270071390268,16.694955671296253,45.0,52.60800000000002,53.04470071390267,23.0
-1,-100.86008253660636,18.05868494907405,50.0,52.32000000000002,48.540082536606334,19.0
-1,-91.84299075072688,18.009003574074068,45.0,42.24000000000001,49.60299075072686,21.0
-1,-91.62574180794468,17.211273592592594,50.0,48.48000000000002,43.14574180794465,19.0
-1,-101.26785291639096,13.56282215740739,39.0,45.120000000000005,56.14785291639094,26.0
-1,-131.07515172086897,16.828252092592564,55.0,65.56800000000003,65.50715172086893,22.0
-1,-104.8499825414276,14.437440731481471,38.0,49.824,55.02598254142762,22.0
-1,-114.86462127920797,17.245024277777706,47.0,54.91200000000002,59.952621279207946,25.0
-1,-103.01303026099843,17.6011727731481,53.0,57.31200000000003,45.70103026099842,22.0
-1,-94.2463014401355,20.80089770833329,55.0,50.40000000000002,43.84630144013548,20.0
-1,-102.33847490666392,20.870385078703663,57.0,66.14400000000003,36.19447490666388,16.0
-1,-90.79733787947714,18.086546990740704,53.0,56.160000000000025,34.63733787947712,17.0
-1,-87.90762745265826,20.84934215740737,48.0,49.63200000000001,38.27562745265825,18.0
-1,-114.32249053882197,15.997528087962928,55.0,67.68000000000004,46.64249053882194,25.0
-1,-146.79048833284247,16.601459712962924,68.0,78.24000000000004,68.55048833284242,24.0
-1,-105.1379534215361,16.64590446759258,44.0,63.55200000000002,41.58595342153608,19.0
-1,-109.9170999937664,14.074925009259264,44.0,52.416000000000025,57.50109999376638,27.0
-1,-104.49462751602088,17.417393356481455,60.0,64.99200000000002,39.50262751602087,21.0
-1,-99.49779927247636,18.20812906481477,54.0,64.51200000000001,34.98579927247635,17.0
-1,-107.22583498057992,22.479622398148106,52.0,51.45600000000002,55.76983498057991,19.0
-1,-94.19894148386672,12.815453787037038,47.0,58.56000000000002,35.638941483866695,18.0
-1,-100.79880688257498,17.713854981481422,53.0,50.49600000000002,50.30280688257496,22.0
-1,-98.6010198770716,17.846031240740672,57.0,57.98400000000003,40.61701987707156,23.0
-1,-95.2413529766616,15.818347671296284,47.0,48.768000000000015,46.47335297666158,19.0
-1,-90.03062462783029,22.17258854166664,59.0,61.24800000000003,28.782624627830263,10.0
-1,-114.13925076204627,17.957840037036984,60.0,68.92800000000004,45.21125076204624,21.0
-1,-93.7256099857801,14.475981124999992,47.0,59.61600000000003,34.10960998578007,22.0
-1,-78.59088560132479,13.081545671296292,36.0,41.184,37.40688560132479,21.0
-1,-145.190302754822,15.13672846296293,71.0,95.04000000000006,50.15030275482193,19.0
-1,-105.16444195331826,19.753864597222183,57.0,63.36000000000004,41.80444195331823,15.0
-1,-110.70950907136503,17.589538953703677,58.0,69.21600000000002,41.49350907136502,23.0
-1,-88.16047031590026,14.895467300925915,50.0,48.960000000000015,39.20047031590025,16.0
-1,-104.56998453869032,18.453106430555483,54.0,60.67200000000003,43.8979845386903,22.0
-1,-114.03106989802686,17.065211694444436,62.0,66.52800000000002,47.50306989802685,19.0
-1,-93.80430599270971,20.08720851388883,45.0,55.58400000000002,38.2203059927097,18.0
-1,-97.74171632636003,20.822316569444386,55.0,61.15200000000003,36.58971632636,16.0
-1,-105.42846325927562,14.227178555555543,51.0,53.37600000000003,52.052463259275584,23.0
-1,-101.26082435888802,14.92039944907405,46.0,48.38400000000002,52.876824358888,19.0
-1,-107.7839331262958,17.944307055555534,64.0,57.12000000000003,50.66393312629576,21.0
-1,-106.8566882137708,24.3787690231481,63.0,66.04800000000003,40.80868821377079,15.0
-1,-122.78828428908524,13.34415865740741,49.0,56.44800000000003,66.34028428908523,25.0
-1,-93.73582622287309,16.128596282407397,55.0,57.50400000000002,36.231826222873046,16.0
-1,-110.87423700836084,16.232344430555553,55.0,56.16000000000003,54.71423700836081,22.0
-1,-112.12428796848909,19.93900668981477,52.0,59.52000000000004,52.60428796848904,22.0
-1,-124.0707616200788,17.35778816666664,73.0,84.38400000000004,39.68676162007876,20.0
-1,-101.26116454916937,17.367503009259217,58.0,69.79200000000003,31.469164549169328,16.0
-1,-129.00773672434173,19.621259282407397,101.0,101.56800000000004,27.43973672434168,16.0
-1,-105.07874543486736,17.888259865740697,56.0,62.11200000000003,42.96674543486733,21.0
-1,-104.81049363053032,13.268659240740757,44.0,46.65600000000003,58.154493630530304,25.0
-1,-94.47217460229363,13.191864953703703,48.0,50.01600000000003,44.45617460229361,23.0
-1,-91.35048929299114,12.716962412037036,44.0,49.82400000000001,41.52648929299113,21.0
-1,-117.865555604473,24.218022157407347,67.0,72.67200000000003,45.19355560447298,18.0
-1,-87.86866957692283,12.796348152777774,49.0,48.67200000000002,39.1966695769228,21.0
-1,-119.68573866905196,21.893616791666567,65.0,70.27200000000003,49.41373866905193,19.0
-1,-88.99718644858245,15.456973310185168,46.0,50.49600000000002,38.50118644858243,19.0
-1,-97.9956882053876,15.702256638888889,46.0,50.97600000000003,47.01968820538759,24.0
-1,-90.68847643332111,18.03762208796294,56.0,60.67200000000003,30.01647643332109,16.0
-1,-93.62709054370556,18.4912207546296,55.0,55.68000000000002,37.94709054370552,18.0
-1,-95.81353479027524,18.23026817592588,40.0,45.69600000000001,50.117534790275215,18.0
-1,-102.06332651483308,15.634993606481478,46.0,48.28800000000002,53.775326514833054,21.0
-1,-105.24476281672248,19.84658143055549,57.0,64.80000000000004,40.44476281672244,20.0
-1,-88.69151192843779,16.350313537037017,55.0,56.736000000000026,31.95551192843776,16.0
-1,-84.76162065228053,13.725579175925915,45.0,46.17600000000002,38.5856206522805,22.0
-1,-105.96834368964812,20.7388455879629,63.0,62.88000000000003,43.0883436896481,18.0
-1,-88.04971159325147,18.42247812037038,62.0,61.53600000000003,26.513711593251447,14.0
-1,-95.99131832481588,15.339477958333326,40.0,46.27200000000002,49.71931832481586,21.0
-1,-98.01675761655594,16.028558236111103,53.0,56.54400000000003,41.472757616555896,21.0
-1,-99.88100105737132,19.741380476851823,58.0,58.46400000000003,41.41700105737128,21.0
-1,-93.37931647312784,16.8574444398148,44.0,53.472000000000016,39.90731647312782,19.0
-1,-115.11407353767171,13.5561069537037,49.0,63.55200000000004,51.562073537671694,23.0
-1,-111.45557602019746,16.82924729166663,51.0,62.88000000000003,48.575576020197424,24.0
-1,-116.363047403625,21.485893560185087,55.0,63.74400000000004,52.61904740362496,20.0
-1,-87.26645026079554,16.243259925925916,49.0,58.46400000000002,28.80245026079552,17.0
-1,-102.94672420253168,22.19950830092588,57.0,59.32800000000003,43.61872420253163,18.0
-1,-75.34487591356557,16.222433319444427,45.0,49.15200000000002,26.19287591356555,13.0
-1,-88.45607217678241,19.108967574074057,53.0,51.744000000000014,36.7120721767824,17.0
-1,-103.37665367593284,14.416303416666643,46.0,57.21600000000003,46.16065367593279,23.0
-1,-84.08012033675286,15.766804226851836,61.0,66.62400000000002,17.45612033675284,11.0
-1,-129.4944510562095,15.750775458333306,67.0,79.39200000000005,50.10245105620944,24.0
-1,-84.7017095807239,19.97906824074068,52.0,54.240000000000016,30.461709580723884,15.0
-1,-78.92285970726536,15.987303430555512,44.0,48.192000000000014,30.730859707265346,19.0
-1,-78.46146145043394,12.57741268981482,43.0,47.424000000000014,31.03746145043393,18.0
-1,-98.65871169967406,11.239196685185188,44.0,50.112000000000016,48.54671169967404,23.0
-1,-85.17861972907514,17.777472624999966,46.0,45.31200000000001,39.86661972907513,21.0
-1,-116.41870549054096,17.139051287037013,63.0,72.57600000000004,43.84270549054092,20.0
-1,-108.8205492846673,21.27060929629621,61.0,69.31200000000004,39.50854928466725,17.0
-1,-90.244984496487,15.199158583333322,42.0,48.000000000000014,42.244984496487,22.0
-1,-95.40473209722715,22.605562472222203,50.0,51.45600000000002,43.948732097227136,17.0
-1,-84.22129965967726,14.618316004629628,44.0,47.32800000000002,36.89329965967724,17.0
-1,-102.28851392842424,16.82669900925925,52.0,58.84800000000003,43.44051392842422,22.0
-1,-97.21086439667845,12.288225981481498,36.0,41.47200000000001,55.738864396678416,23.0
-1,-120.11518927811336,17.323635208333307,49.0,63.26400000000002,56.85118927811332,21.0
-1,-109.20065716075835,15.073639597222222,47.0,57.60000000000002,51.600657160758345,23.0
-1,-94.05010845299503,18.900186055555537,62.0,55.29600000000003,38.754108452995006,20.0
-1,-110.39581343501396,19.00011743981477,67.0,69.88800000000002,40.50781343501393,20.0
-1,-87.35981064177001,13.85674714351851,51.0,48.96000000000002,38.39981064176999,22.0
-1,-97.62581067978208,26.34966639351847,65.0,62.97600000000003,34.64981067978206,16.0
-1,-94.7882989538451,13.082949726851862,32.0,37.056,57.7322989538451,23.0
-1,-110.94243290419055,13.76576552314813,51.0,58.94400000000003,51.99843290419052,26.0
-1,-108.02844622205772,20.42277811574067,50.0,50.59200000000002,57.43644622205769,22.0
-1,-85.88295140078812,13.764213962962964,44.0,44.64000000000001,41.24295140078811,20.0
-1,-98.5850980423968,18.438479101851836,45.0,47.04000000000001,51.5450980423968,22.0
-1,-93.58178069393722,16.824266425925938,45.0,56.64000000000002,36.94178069393719,15.0
-1,-74.16478954458489,13.082717518518509,51.0,49.34400000000002,24.82078954458488,16.0
-1,-85.1953993413909,13.578971925925934,47.0,45.216000000000015,39.97939934139088,24.0
-1,-105.79108638590333,17.510744874999972,59.0,72.09600000000003,33.6950863859033,17.0
-1,-106.96538632189842,19.324352782407395,66.0,57.21600000000002,49.749386321898406,22.0
-1,-91.46398882017203,16.523714898148125,45.0,55.29600000000002,36.16798882017201,17.0
-1,-102.69941966798366,14.55798418981479,46.0,49.44000000000002,53.25941966798364,22.0
-1,-124.51057102510558,21.299735083333253,55.0,64.12800000000003,60.38257102510556,21.0
-1,-103.4303915551808,17.62828820370365,48.0,56.736000000000026,46.69439155518077,22.0
-1,-98.92657360583156,15.479394421296252,53.0,66.43200000000003,32.494573605831526,15.0
-1,-120.18650176517632,17.19794774074068,53.0,61.63200000000003,58.55450176517628,25.0
-1,-87.33331731641995,14.37345625925923,52.0,62.97600000000003,24.357317316419927,14.0
-1,-92.38199575706584,17.35210867592592,50.0,63.36000000000003,29.02199575706582,15.0
-1,-101.42270606005474,16.473034532407393,51.0,60.57600000000002,40.84670606005472,16.0
-1,-98.42968047503273,21.85266096759258,77.0,78.72000000000003,19.709680475032684,13.0
-1,-87.59927776923483,17.275923000000002,57.0,60.19200000000002,27.40727776923481,13.0
-1,-86.99120697679149,15.695653106481474,46.0,47.32800000000002,39.66320697679148,21.0
-1,-106.73889082565572,18.268833064814796,59.0,62.400000000000034,44.33889082565568,20.0
-1,-104.37897721782818,17.100688740740726,48.0,55.48800000000003,48.89097721782816,21.0
-1,-82.18095616901103,16.746253111111095,49.0,51.64800000000002,30.53295616901101,16.0
-1,-99.12789587167715,17.524728740740667,46.0,60.09600000000003,39.03189587167714,20.0
-1,-87.44745774437382,17.706462180555548,41.0,44.25600000000001,43.19145774437381,19.0
-1,-111.3205772638185,18.00670518055549,55.0,60.96000000000003,50.360577263818485,22.0
-1,-72.33211420231376,9.7343630277778,38.0,41.760000000000005,30.572114202313763,22.0
-1,-104.27739268108644,14.690922995370398,46.0,51.840000000000025,52.43739268108643,23.0
-1,-98.0827117736468,20.93946412499998,52.0,60.76800000000002,37.31471177364676,17.0
-1,-95.86970880368622,11.700026245370376,42.0,65.18400000000003,30.685708803686204,19.0
-1,-96.6677946613508,16.525372745370333,40.0,44.73600000000001,51.93179466135079,21.0
-1,-113.59055480628848,15.183598680555548,55.0,62.11200000000003,51.47855480628845,22.0
-1,-113.76608757806407,20.669548680555504,67.0,83.04000000000003,30.72608757806405,14.0
-1,-104.8056816096904,16.845427449074045,52.0,60.864000000000026,43.941681609690384,18.0
-1,-89.80970982237817,11.419826472222208,52.0,62.112000000000016,27.697709822378147,15.0
-1,-82.71588286804393,20.73312004629626,49.0,46.75200000000001,35.96388286804393,16.0
-1,-99.7444213855083,16.789461865740734,54.0,57.31200000000003,42.43242138550826,19.0
-1,-116.44704630735342,15.798233874999983,51.0,67.77600000000002,48.671046307353386,23.0
-1,-77.29976699102099,18.22772127777774,46.0,50.88000000000002,26.419766991020968,15.0
-1,-92.06825193442523,14.663986583333322,51.0,49.344000000000015,42.72425193442523,21.0
-1,-131.96650847738914,19.430440874999945,55.0,63.55200000000004,68.41450847738909,21.0
-1,-123.32494513824392,17.601517268518503,42.0,60.48000000000003,62.84494513824389,23.0
-1,-85.37706329316538,14.77134015277777,43.0,47.23200000000002,38.14506329316536,20.0
-1,-106.7284357836844,13.868376277777772,44.0,45.12000000000002,61.60843578368439,23.0
-1,-103.75229242469982,23.49987442592584,49.0,60.096000000000025,43.65629242469979,17.0
-1,-106.23995903055322,15.449517148148155,51.0,55.68000000000002,50.5599590305532,19.0
-1,-97.20375518305408,18.77016749537034,51.0,54.33600000000002,42.86775518305407,22.0
-1,-110.00132507079567,15.954303810185158,44.0,47.712000000000025,62.28932507079565,23.0
-1,-104.22609535849853,13.279536625000002,37.0,54.432000000000016,49.79409535849852,23.0
-1,-127.49584401511214,16.153323912037003,57.0,70.46400000000003,57.031844015112114,24.0
-1,-99.37316324300386,16.617954537036997,41.0,51.16800000000002,48.205163243003845,21.0
-1,-116.14079696836389,19.784867680555497,60.0,68.83200000000004,47.30879696836384,18.0
-1,-136.58194884058543,15.853005023148125,59.0,70.94400000000003,65.63794884058542,25.0
-1,-84.64636793780912,20.644845680555527,53.0,48.86400000000001,35.78236793780911,15.0
-1,-104.65709840745438,18.45657265740733,62.0,62.68800000000002,41.96909840745436,22.0
-1,-94.18957902322944,12.46487968981481,43.0,54.52800000000002,39.66157902322943,22.0
-1,-103.74218488000412,19.52863615277769,59.0,69.12000000000003,34.62218488000408,18.0
-1,-108.48195130358688,21.405896717592537,56.0,63.55200000000004,44.92995130358685,19.0
-1,-90.4626668531073,16.37210100462962,37.0,44.640000000000015,45.822666853107286,20.0
-1,-108.36482054760504,14.433401287037022,51.0,56.928000000000026,51.43682054760502,27.0
-1,-103.2679227780418,19.45574543518516,50.0,61.34400000000002,41.92392277804178,20.0
-1,-104.05260642251412,14.15302062962963,47.0,56.832000000000015,47.22060642251411,24.0
-1,-102.7613763505774,17.542105550925896,56.0,72.38400000000003,30.37737635057738,16.0
-1,-84.46175282312018,13.33510568055556,44.0,55.680000000000014,28.78175282312016,14.0
-1,-106.55302798691032,15.324954722222213,53.0,64.12800000000003,42.42502798691028,19.0
-1,-61.62726431770048,11.689652763888882,37.0,41.664,19.96326431770048,14.0
-1,-91.90003258912188,19.2450723009259,50.0,53.664000000000016,38.23603258912188,19.0
-1,-80.77834847456216,14.540900416666656,43.0,44.73600000000002,36.04234847456214,19.0
-1,-110.95434236977243,16.729314194444413,53.0,57.12000000000002,53.83434236977241,23.0
-1,-87.96721054950243,18.429191097222187,45.0,52.80000000000002,35.167210549502414,19.0
-1,-90.72163409015452,15.620406944444426,50.0,64.80000000000003,25.92163409015448,17.0
-1,-91.0991638131787,9.654784750000008,33.0,39.648,51.4511638131787,21.0
-1,-98.86839270058869,13.401804402777762,51.0,53.856000000000016,45.01239270058867,23.0
-1,-102.15255447651596,13.169215796296296,34.0,42.912000000000006,59.240554476515946,24.0
-1,-77.39511509326803,18.51956745370368,57.0,43.296000000000014,34.09911509326802,20.0
-1,-111.0043533935843,19.10064472685176,45.0,60.00000000000003,51.00435339358428,20.0
-1,-97.11691762994106,14.43239486111109,49.0,56.544000000000025,40.57291762994103,18.0
-1,-94.36337669459344,16.67080964351851,47.0,53.95200000000003,40.4113766945934,20.0
-1,-103.2006203309695,18.17389128703696,46.0,56.25600000000003,46.94462033096947,21.0
-1,-89.86187436382664,19.48178494444443,54.0,56.736000000000026,33.125874363826625,18.0
-1,-81.19341837072753,16.733656643518504,39.0,38.59200000000001,42.60141837072752,21.0
-1,-83.06471112661117,18.063694675925884,47.0,47.712000000000025,35.352711126611155,19.0
-1,-114.96806045279293,21.8759419351851,52.0,61.632000000000026,53.33606045279289,21.0
-1,-95.99289500544722,22.65909492592588,57.0,58.27200000000003,37.7208950054472,15.0
-1,-97.50683828203316,18.710495662037008,46.0,48.28800000000002,49.218838282033154,18.0
-1,-74.11732801582669,10.923491106481473,32.0,44.832000000000015,29.285328015826668,19.0
-1,-126.80928268083188,16.458323402777758,53.0,76.41600000000004,50.393282680831824,23.0
-1,-88.82936364639329,23.954192620370307,54.0,50.88000000000002,37.94936364639328,16.0
-1,-86.70889141126429,14.749939106481484,45.0,46.75200000000001,39.95689141126429,18.0
-1,-83.9703131561442,18.14853414814812,45.0,46.368000000000016,37.60231315614418,16.0
-1,-106.35277382263884,21.1837080694444,56.0,63.55200000000004,42.8007738226388,17.0
-1,-94.39608330816311,18.630156027777744,45.0,49.44000000000002,44.95608330816311,18.0
-1,-71.39223402704721,12.801806504629637,37.0,35.80800000000001,35.5842340270472,20.0
-1,-85.91853484797619,22.907740370370348,43.0,45.50400000000002,40.41453484797618,15.0
-1,-97.58225827284748,22.35139068981477,57.0,54.81600000000002,42.76625827284746,20.0
-1,-99.90050251251678,18.43939313888886,44.0,50.496000000000016,49.40450251251677,22.0
-1,-115.26262789650328,18.99937682870363,50.0,63.74400000000003,51.51862789650326,23.0
-1,-85.6264114009821,15.974414907407398,58.0,55.10400000000002,30.52241140098207,17.0
-1,-90.46806990093796,15.516814231481478,50.0,57.88800000000002,32.58006990093795,18.0
-1,-98.76399477093396,17.524245967592563,56.0,65.76000000000003,33.00399477093393,16.0
-1,-105.02018968301287,14.62038540277777,42.0,48.00000000000002,57.02018968301287,23.0
-1,-89.71243274131774,18.99325874074073,53.0,51.36000000000002,38.35243274131771,21.0
-1,-85.95872420675087,13.620283467592593,45.0,50.496000000000016,35.46272420675086,20.0
-1,-93.16949681900095,15.304714912037031,46.0,54.24000000000003,38.92949681900092,19.0
-1,-81.45831241370009,17.81634493055553,48.0,46.65600000000001,34.80231241370007,21.0
-1,-92.105671914785,16.906370203703702,45.0,48.38400000000002,43.72167191478497,19.0
-1,-81.80100215282351,15.279690074074056,50.0,52.80000000000002,29.00100215282349,17.0
-1,-103.84971871105157,14.56984929166665,47.0,62.68800000000002,41.16171871105155,21.0
-1,-95.9463209859922,20.88757804629624,54.0,52.416000000000025,43.53032098599218,19.0
-1,-95.19339427760134,17.482401402777754,51.0,57.12000000000002,38.07339427760133,20.0
-1,-108.66958789200068,16.030408606481448,46.0,52.608000000000025,56.06158789200065,24.0
-1,-105.02522796633758,15.525015342592576,52.0,54.14400000000001,50.881227966337576,22.0
-1,-108.64359445490106,17.122570611111062,62.0,70.65600000000002,37.98759445490104,20.0
-1,-92.74904121395606,13.974706162037016,44.0,47.424000000000014,45.32504121395605,23.0
-1,-99.54488723342908,12.27163362500001,41.0,54.81600000000002,44.72888723342904,22.0
-1,-85.28906982233502,17.334368083333327,42.0,47.23200000000001,38.05706982233501,21.0
-1,-92.34805603151828,23.40364932870365,57.0,62.11200000000003,30.236056031518245,16.0
-1,-104.03704668652496,17.413532814814758,49.0,62.78400000000003,41.25304668652493,19.0
-1,-104.11803757873388,25.87779555555549,60.0,62.30400000000002,41.814037578733874,15.0
-1,-103.77712840281296,14.604708370370355,45.0,54.14400000000003,49.633128402812936,25.0
-1,-131.63324316849634,14.834377958333327,52.0,66.72000000000003,64.91324316849631,25.0
-1,-86.00653216535545,15.596142912037012,43.0,46.94400000000002,39.06253216535544,21.0
-1,-93.96839020121436,19.90158208796293,50.0,55.77600000000002,38.19239020121433,19.0
-1,-131.1868841698279,16.996825490740697,49.0,64.03200000000002,67.15488416982787,23.0
-1,-92.86022774264556,11.33291206018518,40.0,56.25600000000002,36.60422774264554,19.0
-1,-78.5852794806298,13.86071182870371,41.0,44.35200000000001,34.233279480629776,20.0
-1,-101.61123573913332,16.492608245370363,51.0,55.29600000000002,46.3152357391333,23.0
-1,-93.0963140829482,15.878654861111093,37.0,46.08000000000001,47.0163140829482,23.0
-1,-103.00955981929955,15.593837111111077,49.0,64.12800000000003,38.88155981929953,21.0
-1,-96.38226761110894,15.601720481481484,56.0,54.14400000000001,42.23826761110894,22.0
-1,-112.99299285372996,22.79624753703697,67.0,68.16000000000003,44.83299285372994,22.0
-1,-88.81360419603317,16.0100625324074,44.0,46.36800000000001,42.44560419603315,18.0
-1,-97.5056180258732,13.3450769861111,36.0,42.81600000000002,54.68961802587317,22.0
-1,-79.02975555502199,17.457195569444433,47.0,53.568000000000005,25.461755555021984,14.0
-1,-107.4301692668501,16.753212092592562,53.0,59.04000000000003,48.39016926685007,24.0
-1,-89.32396378451209,9.630892967592604,39.0,43.872000000000014,45.45196378451208,23.0
-1,-107.98858953869257,20.15556866666661,68.0,67.29600000000003,40.69258953869254,21.0
-1,-98.71668374722472,12.267873944444462,36.0,38.592000000000006,60.12468374722472,23.0
-1,-85.96443725098175,16.17064663425924,45.0,50.11200000000002,35.85243725098173,17.0
-1,-128.647563820988,17.50291266666661,57.0,76.80000000000004,51.84756382098799,22.0
-1,-82.93466544322789,23.11306929166661,54.0,51.936000000000014,30.99866544322787,16.0
-1,-105.21901830305237,16.06868334259259,46.0,55.77600000000002,49.443018303052334,19.0
-1,-105.45773842417894,14.588939453703675,56.0,73.53600000000003,31.921738424178912,19.0
-1,-106.27232989247528,18.4925243888888,48.0,61.92000000000002,44.35232989247525,22.0
-1,-93.52629158604262,17.045646527777745,45.0,53.95200000000002,39.574291586042605,19.0
-1,-85.88568257038708,25.27117288888882,67.0,64.32000000000004,21.565682570387047,13.0
-1,-97.07469076737578,16.164339944444425,54.0,62.49600000000004,34.57869076737574,19.0
-1,-84.17709194076832,17.311372745370345,43.0,50.208000000000006,33.969091940768315,20.0
-1,-93.99351820697156,17.963932111111095,51.0,54.33600000000003,39.65751820697154,22.0
-1,-91.77785021629435,20.029393546296248,52.0,59.13600000000003,32.64185021629434,15.0
-1,-110.1744150650418,19.08155965277773,55.0,59.80800000000003,50.36641506504176,21.0
-1,-97.64306765029812,18.21625672222217,62.0,66.72000000000003,30.92306765029809,16.0
-1,-99.0618771319037,13.05054944444442,50.0,56.64000000000003,42.42187713190367,22.0
-1,-115.21919311336936,16.999100805555564,50.0,64.80000000000001,50.41919311336935,19.0
-1,-98.85033401895,14.84371913888888,59.0,60.00000000000003,38.85033401894997,21.0
-1,-132.975573327353,19.60363956018511,63.0,72.96000000000004,60.01557332735297,23.0
-1,-92.82450052864289,20.27332319444439,44.0,58.75200000000002,34.07250052864286,17.0
-1,-89.44974686797855,19.621682657407376,56.0,54.62400000000003,34.82574686797851,19.0
-1,-105.24421527026789,21.865828671296217,61.0,65.56800000000001,39.67621527026787,19.0
-1,-111.1952126978967,19.156665462962906,56.0,55.296000000000014,55.89921269789669,22.0
-1,-96.778014569679,14.572790435185178,50.0,58.84800000000003,37.93001456967896,21.0
-1,-109.3354167946237,16.62189866666662,55.0,64.12800000000003,45.20741679462367,23.0
-1,-98.63781569827134,21.25115687499994,59.0,60.00000000000002,38.63781569827131,20.0
-1,-72.01092110800188,13.20490387962963,43.0,45.69600000000002,26.314921108001865,14.0
-1,-92.76976442374624,18.443802541666635,59.0,61.92000000000003,30.849764423746223,16.0
-1,-90.8381886497898,21.16467898611107,54.0,59.42400000000002,31.41418864978978,16.0
-1,-108.7354271123522,20.26198498611105,59.0,68.06400000000004,40.67142711235216,20.0
-1,-106.37981553982132,22.20373525925923,69.0,68.06400000000004,38.315815539821294,19.0
-1,-86.94181805245007,15.679437134259247,50.0,55.00800000000002,31.933818052450054,20.0
-1,-94.99712236138195,21.260497050925867,59.0,64.03200000000002,30.96512236138194,16.0
-1,-98.02880280080448,18.176658754629585,51.0,63.45600000000004,34.572802800804446,18.0
-1,-108.93912632287277,19.60355044444437,68.0,76.32000000000002,32.61912632287274,17.0
-1,-73.03027326481134,13.644548152777766,50.0,48.57600000000001,24.45427326481134,16.0
-1,-93.67952890243863,14.707277537037042,58.0,54.43200000000002,39.24752890243861,18.0
-1,-80.45871175443015,20.16879124537036,55.0,56.64,23.81871175443015,12.0
-1,-98.3607933837473,19.937458787037016,58.0,60.38400000000003,37.97679338374728,17.0
-1,-95.74550437267796,15.090923495370372,40.0,44.16000000000001,51.585504372677946,24.0
-1,-91.18705741865026,20.35455654166665,67.0,68.35200000000003,22.83505741865023,14.0
-1,-99.73650044881911,15.63461165740738,46.0,53.95200000000002,45.78450044881912,24.0
-1,-338.28241167408294,24.406864476851805,164.0,256.4160000000001,81.86641167408284,22.0
-1,-111.66981065573066,13.966354194444438,40.0,51.64800000000001,60.02181065573064,23.0
-1,-85.1030525382057,16.33265304629629,46.0,47.32800000000002,37.77505253820568,17.0
-1,-110.2633264458677,15.382710615740754,54.0,60.672000000000025,49.591326445867686,23.0
-1,-98.45973025921604,17.16805184722223,59.0,61.34400000000003,37.115730259216015,18.0
-1,-94.39990251670302,18.380387222222197,55.0,57.696000000000026,36.703902516703,17.0
-1,-91.40010703381354,19.34226173611106,52.0,50.304000000000016,41.09610703381352,20.0
-1,-99.76538484995648,14.971644800925922,49.0,56.54400000000002,43.22138484995646,23.0
-1,-88.82804470876297,15.653689162037036,46.0,48.288000000000025,40.54004470876295,21.0
-1,-78.55533827346011,19.40226626388887,46.0,44.064000000000014,34.491338273460094,19.0
-1,-99.15303103365306,15.496348625000008,50.0,55.87200000000003,43.28103103365304,20.0
-1,-92.96173993234382,13.861780245370372,41.0,43.20000000000001,49.7617399323438,21.0
-1,-83.32608024430732,14.483912671296306,41.0,43.58400000000002,39.742080244307296,19.0
-1,-92.06131909814434,17.525410162037023,51.0,56.83200000000002,35.22931909814432,17.0
-1,-106.26054541374168,17.831454999999977,48.0,62.016000000000005,44.24454541374168,21.0
-1,-93.91232058446607,17.956147472222174,50.0,54.91200000000002,39.000320584466046,22.0
-1,-101.05624887439416,14.927553708333331,41.0,49.24800000000001,51.80824887439415,24.0
-1,-109.0143324398604,19.13736227777771,54.0,53.56800000000002,55.44633243986039,20.0
-1,-92.8768092676599,17.479211009259227,48.0,57.02400000000002,35.85280926765988,17.0
-1,-96.04185712831288,17.32926411574071,52.0,56.35200000000002,39.68985712831287,21.0
-1,-117.41784013398568,14.110474856481478,46.0,53.47200000000002,63.94584013398566,24.0
-1,-107.52844538245049,21.96972350462957,57.0,65.37600000000002,42.15244538245047,19.0
-1,-97.54739411655248,17.16520898148145,37.0,46.56000000000001,50.98739411655248,23.0
-1,-132.78712335938573,16.08876644907406,63.0,81.12000000000005,51.66712335938569,23.0
-1,-68.45762939507205,12.06169990277777,35.0,30.33600000000001,38.12162939507204,15.0
-1,-81.8514047401322,23.377025138888857,48.0,48.38400000000001,33.46740474013219,15.0
-1,-99.23355084870872,12.872335699074082,33.0,39.168000000000006,60.06555084870871,23.0
-1,-144.72096016523273,18.91325118055548,67.0,86.20800000000004,58.5129601652327,21.0
-1,-76.74292482957024,15.712805162037029,43.0,41.85600000000001,34.88692482957023,18.0
-1,-82.3566173005014,12.0690577824074,43.0,50.78400000000002,31.57261730050138,16.0
-1,-119.32622683710316,20.614810055555505,54.0,71.71200000000003,47.614226837103125,19.0
-1,-116.12772419448176,21.19075273148137,50.0,61.632000000000026,54.49572419448173,23.0
-1,-82.67372280354691,15.111138893518508,43.0,46.08000000000002,36.59372280354689,19.0
-1,-85.47974607092013,12.851074648148131,43.0,55.29600000000003,30.183746070920108,18.0
-1,-92.51239001247926,15.025531606481485,39.0,47.23200000000001,45.280390012479245,21.0
-1,-104.20219096712044,26.045800685185167,69.0,63.16800000000003,41.0341909671204,16.0
-1,-79.94354231850434,14.581001129629612,43.0,50.496000000000016,29.44754231850432,16.0
-1,-105.08542981132749,16.852272578703666,57.0,57.88800000000003,47.19742981132747,21.0
-1,-84.57245873982403,17.047715310185154,37.0,40.89600000000001,43.67645873982402,20.0
-1,-83.49350865147409,13.193321717592584,37.0,49.05600000000001,34.43750865147408,20.0
-1,-109.36169657820908,19.547875263888848,50.0,65.18400000000003,44.177696578209066,19.0
-1,-95.88675237407432,18.97791584722216,50.0,54.72000000000002,41.16675237407431,19.0
-1,-101.5662248322168,15.367068569444433,35.0,43.68000000000001,57.88622483221678,24.0
-1,-97.70191617161085,19.881944046296255,50.0,47.61600000000002,50.085916171610826,21.0
-1,-64.3420839647419,7.183105754629621,30.0,36.864,27.4780839647419,18.0
-1,-132.06863703483003,19.854062342592517,57.0,77.37600000000005,54.69263703482999,23.0
-1,-92.40140327431617,12.933325629629625,44.0,53.18400000000002,39.21740327431615,24.0
-1,-98.07326587586756,14.565669824074076,50.0,62.97600000000003,35.09726587586752,17.0
-1,-108.55936103366685,19.976998430555497,59.0,66.24000000000002,42.31936103366681,20.0
-1,-127.5227476329294,17.374865305555534,55.0,68.25600000000003,59.26674763292936,23.0
-1,-105.71186360049371,18.872580740740705,46.0,49.72800000000002,55.9838636004937,21.0
-1,-107.03652947517185,14.68779104629629,50.0,60.76800000000003,46.26852947517182,21.0
-1,-93.76625678950636,15.86713875462963,45.0,43.10400000000001,50.66225678950635,22.0
-1,-89.94013353321387,16.644274851851854,49.0,55.58400000000002,34.35613353321385,19.0
-1,-63.45801964817374,8.474248912037048,42.0,48.09600000000002,15.362019648173725,10.0
-1,-128.26874260138365,18.290803601851813,56.0,69.50400000000003,58.76474260138361,23.0
-1,-117.66321224388643,18.1301189768518,73.0,74.11200000000002,43.55121224388643,20.0
-1,-71.29377184610345,11.180354018518504,38.0,47.04000000000001,24.253771846103437,17.0
-1,-107.09979307668044,17.159385921296288,56.0,60.672000000000025,46.4277930766804,20.0
-1,-92.3270326464039,16.061041837962954,43.0,48.09600000000001,44.23103264640388,19.0
-1,-95.64179236175964,20.549799361111067,52.0,54.33600000000002,41.30579236175962,20.0
-1,-101.23200009572275,21.35793227314808,51.0,50.88000000000002,50.35200009572274,21.0
-1,-125.81261756740612,21.223049615740656,68.0,77.37600000000003,48.43661756740608,21.0
-1,-80.33528209391756,17.664984374999964,59.0,54.62400000000002,25.71128209391754,14.0
-1,-99.58347733099434,14.761954217592612,54.0,58.46400000000003,41.11947733099432,22.0
-1,-72.48727232956493,11.60488587500002,38.0,41.760000000000005,30.72727232956492,16.0
-1,-98.4840804410545,21.07961211111104,53.0,56.06400000000003,42.42008044105447,18.0
-1,-92.81714855530416,12.713451537037043,41.0,44.92800000000002,47.88914855530414,19.0
-1,-100.62032358285543,19.95430320833329,48.0,54.048000000000016,46.57232358285541,21.0
-1,-129.13599866984595,17.482628606481438,59.0,63.07200000000004,66.06399866984594,23.0
-1,-123.7499657493129,16.131214231481486,58.0,65.56800000000004,58.18196574931287,19.0
-1,-99.70346392011716,19.015420092592564,62.0,64.99200000000002,34.71146392011716,16.0
-1,-112.84805249842393,22.166802870370297,62.0,69.02400000000003,43.8240524984239,19.0
-1,-102.13115459691424,14.992362532407416,41.0,46.27200000000001,55.85915459691422,25.0
-1,-154.5241350281102,17.343113495370318,61.0,81.79200000000004,72.73213502811016,23.0
-1,-96.03071680636538,18.29215542129624,45.0,47.80800000000002,48.22271680636536,25.0
-1,-105.10016363138531,16.70374345370368,47.0,55.296000000000014,49.8041636313853,20.0
-1,-91.7466970939036,15.465074212962977,40.0,43.87200000000001,47.87469709390359,21.0
-1,-91.65631485380923,23.18925444444441,55.0,55.10400000000002,36.55231485380924,19.0
-1,-91.54457117206296,14.500688305555556,50.0,52.800000000000026,38.74457117206293,23.0
-1,-129.5076249546053,15.037088412037,63.0,86.88000000000004,42.62762495460526,23.0
-1,-92.3511392134557,13.5377788472222,43.0,56.06400000000002,36.28713921345567,17.0
-1,-103.55121887742472,18.087728874999986,66.0,60.86400000000003,42.6872188774247,21.0
-1,-87.3288548438459,15.17137843981482,39.0,47.42400000000002,39.90485484384588,21.0
-1,-81.47548875416784,17.548871787037022,43.0,50.01600000000001,31.459488754167836,16.0
-1,-74.86105177765697,17.57736081018518,49.0,50.59200000000002,24.26905177765695,15.0
-1,-104.45837583540164,15.485507342592571,52.0,59.80800000000002,44.65037583540164,21.0
-1,-88.96920970724508,17.737781967592586,47.0,49.15200000000003,39.817209707245055,20.0
-1,-105.3985688029075,20.89918870833328,53.0,55.00800000000002,50.390568802907495,21.0
-1,-62.16557507813799,21.303832569444424,55.0,44.54400000000001,17.621575078137983,9.0
-1,-100.36047028993391,20.21410322685181,59.0,70.36800000000004,29.992470289933888,14.0
-1,-86.25294355777824,13.586891087962966,43.0,51.26400000000002,34.988943557778214,20.0
-1,-102.35925509180166,14.178629773148147,41.0,55.00800000000002,47.351255091801626,22.0
-1,-106.21519633530906,18.144416532407387,54.0,60.09600000000003,46.11919633530904,20.0
-1,-101.77441751233135,13.758998333333327,48.0,57.40800000000002,44.36641751233133,22.0
-1,-114.69867492323108,17.501081953703657,62.0,63.93600000000003,50.76267492323104,24.0
-1,-88.44386191567493,18.615049722222164,51.0,58.46400000000003,29.979861915674903,18.0
-1,-164.73750982168474,16.084525398148116,76.0,108.76800000000009,55.96950982168467,23.0
-1,-90.02265806967307,16.234830930555553,51.0,50.68800000000002,39.334658069673054,22.0
-1,-105.07457317182218,18.72396117129624,49.0,53.85600000000003,51.21857317182216,20.0
-1,-105.54912096830112,18.75278216666664,57.0,65.28000000000003,40.269120968301095,19.0
-1,-108.77612037935566,17.82262990277775,53.0,53.95200000000002,54.82412037935565,19.0
-1,-105.42006824949344,20.23235831018515,55.0,55.20000000000002,50.22006824949341,21.0
-1,-110.67549485706392,17.037984578703643,50.0,62.88000000000004,47.79549485706388,22.0
-1,-88.64219588254268,14.77323501851851,43.0,51.84000000000002,36.80219588254266,18.0
-1,-84.73221182057831,13.724722111111104,46.0,50.78400000000002,33.948211820578294,21.0
-1,-101.49294202254352,14.728310481481463,53.0,60.96000000000002,40.53294202254352,20.0
-1,-126.47738801194438,16.749142597222175,57.0,66.14400000000003,60.33338801194435,21.0
-1,-143.5157807149585,19.160671523148103,66.0,84.96000000000004,58.55578071495847,20.0
-1,-106.23042460048332,19.37551358333331,52.0,63.07200000000004,43.15842460048328,18.0
-1,-104.61777001989888,17.33912291203705,46.0,52.99200000000002,51.62577001989887,19.0
-1,-86.30489825436214,19.322252138888874,48.0,50.88000000000002,35.424898254362134,17.0
-1,-101.64471232153552,16.409916157407395,57.0,62.30400000000002,39.34071232153549,20.0
-1,-106.55541055922087,25.99879083796291,71.0,73.53600000000003,33.019410559220844,16.0
-1,-80.20599782604052,16.428198615740733,61.0,60.38400000000003,19.82199782604048,16.0
-1,-105.71790122336682,17.992652254629597,52.0,60.48000000000003,45.2379012233668,21.0
-1,-101.20490298500285,15.080556546296272,46.0,55.00800000000002,46.19690298500281,23.0
-1,-132.70238905859313,19.85167656018509,69.0,74.49600000000002,58.20638905859311,23.0
-1,-104.33391304327776,18.06695482870365,52.0,60.48000000000003,43.853913043277736,19.0
-1,-92.29142135867964,15.381989847222236,46.0,46.46400000000002,45.82742135867962,22.0
-1,-116.25424472201418,17.629192050925873,59.0,73.05600000000004,43.19824472201414,21.0
-1,-72.7537694297676,15.809073069444434,43.0,43.48800000000002,29.26576942976758,16.0
-1,-117.86453517627466,15.088888458333292,49.0,62.59200000000003,55.27253517627463,25.0
-1,-91.74856515712464,23.707955856481448,55.0,47.52000000000002,44.22856515712462,18.0
-1,-95.94029926547856,15.584952898148144,45.0,46.656000000000006,49.28429926547856,22.0
-1,-84.11445902068658,15.8054664074074,50.0,52.224000000000025,31.890459020686556,17.0
-1,-95.37903289936165,17.06438218981478,54.0,62.01600000000003,33.363032899361606,21.0
-1,-96.46139333116363,13.73967402777776,49.0,54.24000000000002,42.221393331163625,19.0
-1,-78.43449744135197,18.69814982870371,43.0,49.24800000000001,29.186497441351943,17.0
-1,-84.67173580015047,14.565002888888868,46.0,48.67200000000002,35.999735800150454,22.0
-1,-88.6709347353549,14.179836662037031,38.0,43.584,45.08693473535491,22.0
-1,-94.834370819693,19.563553374999977,61.0,60.67200000000002,34.16237081969299,15.0
-1,-98.03624539437754,22.585358134259213,46.0,51.36000000000002,46.67624539437753,17.0
-1,-93.6832203747446,15.3455545648148,45.0,52.80000000000002,40.88322037474459,22.0
-1,-94.44807545398233,20.900898245370303,49.0,54.04800000000003,40.40007545398228,15.0
-1,-82.28376584623174,12.71572112962964,51.0,55.68000000000001,26.603765846231735,15.0
-1,-94.47524735481612,20.235994745370284,49.0,50.97600000000002,43.4992473548161,20.0
-1,-143.18067983015936,15.786443407407369,65.0,87.45600000000006,55.72467983015932,25.0
-1,-96.26918355656308,20.376573592592557,53.0,62.78400000000003,33.485183556563065,13.0
-1,-79.17161428229853,16.11114520833333,58.0,48.96000000000002,30.21161428229852,18.0
-1,-84.29551767688535,15.54908214814815,48.0,44.54400000000001,39.75151767688534,19.0
-1,-81.52206400414262,17.726988398148155,63.0,56.544000000000025,24.978064004142592,17.0
-1,-94.85312648217328,15.954419148148135,42.0,48.96000000000002,45.89312648217326,20.0
-1,-81.71246413752183,11.616760217592594,36.0,47.23200000000001,34.480464137521814,17.0
-1,-96.7399820073796,20.95614387037032,57.0,54.33600000000002,42.40398200737959,22.0
-1,-90.59216044186626,17.077692467592556,49.0,48.86400000000002,41.72816044186624,22.0
-1,-91.77966552409346,19.70985699999994,54.0,54.048000000000016,37.73166552409344,19.0
-1,-111.37728743382412,17.489287787036982,52.0,64.12800000000003,47.24928743382408,23.0
-1,-88.29915742204054,17.052940652777767,52.0,53.760000000000026,34.53915742204052,19.0
-1,-88.52934691587654,11.713482064814798,46.0,53.472000000000016,35.05734691587652,19.0
-1,-80.62695655709805,12.17616047222222,40.0,44.256000000000014,36.37095655709804,18.0
-1,-113.59865799105478,15.75799170833333,47.0,66.52800000000003,47.07065799105474,23.0
-1,-111.47434567398454,14.01238467592592,46.0,55.10400000000003,56.37034567398452,25.0
-1,-86.42332038437804,18.33674990740736,48.0,56.064000000000014,30.35932038437803,18.0
-1,-84.27336564570359,16.185487148148123,46.0,51.552000000000014,32.721365645703585,19.0
-1,-79.79673264395112,15.276356902777763,49.0,52.032000000000025,27.764732643951085,16.0
-1,-97.07761632371636,19.936998453703666,55.0,56.83200000000003,40.24561632371633,18.0
-1,-109.73605508142978,24.62425047222217,61.0,68.16000000000004,41.57605508142974,16.0
-1,-108.82435193595872,19.46308623148142,61.0,63.840000000000025,44.98435193595871,19.0
-1,-103.83005387550452,20.999163509259223,52.0,51.84000000000002,51.99005387550452,18.0
-1,-85.68705083690158,19.2000213472222,44.0,49.44000000000002,36.24705083690156,18.0
-1,-87.42780120895145,13.720142185185184,40.0,42.91200000000001,44.51580120895144,23.0
-1,-109.85785777634302,20.355502805555496,64.0,67.77600000000002,42.081857776343,19.0
-1,-101.90344285691091,18.272702314814783,56.0,64.41600000000003,37.487442856910896,19.0
-1,-108.53045345393764,17.824390597222216,46.0,43.29600000000001,65.23445345393765,24.0
-1,-89.20164733650977,14.457687824074064,43.0,47.616000000000014,41.58564733650975,22.0
-1,-95.35321991976537,22.007968509259246,49.0,52.70400000000002,42.64921991976534,17.0
-1,-113.76053643741236,20.33261047685176,60.0,67.77600000000004,45.98453643741233,20.0
-1,-93.82795695907603,21.282091527777705,47.0,53.18400000000002,40.643956959076014,16.0
-1,-117.06075137257572,26.73031531944437,70.0,74.20800000000004,42.85275137257568,18.0
-1,-80.74546914661242,19.82672839814812,50.0,51.26400000000002,29.481469146612397,17.0
-1,-152.5706900260025,20.23959027777768,80.0,100.51200000000009,52.05869002600243,21.0
-1,-98.60883998289928,15.288356624999992,47.0,50.112000000000016,48.49683998289927,22.0
-1,-74.00885957719623,14.588725143518513,48.0,50.88000000000002,23.1288595771962,15.0
-1,-93.96901098150522,21.045671986111035,47.0,53.664000000000016,40.3050109815052,19.0
-1,-102.95395180183934,20.832433657407364,55.0,63.64800000000003,39.3059518018393,17.0
-1,-85.38199074476123,9.5802083287037,28.0,45.21600000000001,40.16599074476121,25.0
-1,-98.19679561380508,16.398585495370355,48.0,50.016000000000005,48.18079561380508,20.0
-1,-87.63132054416295,16.299887523148175,45.0,50.97600000000002,36.655320544162926,17.0
-1,-92.3470306646682,15.596901435185154,43.0,55.96800000000002,36.3790306646682,19.0
-1,-88.59024556331357,14.922942050925922,45.0,47.04000000000002,41.55024556331355,22.0
-1,-102.425087690755,15.779863930555544,46.0,45.02400000000001,57.401087690755,22.0
-1,-80.92988093890575,21.257419064814798,56.0,58.17600000000003,22.753880938905727,15.0
-1,-114.38361408187622,20.657579773148107,60.0,65.95200000000003,48.43161408187619,20.0
-1,-97.01223199368592,16.86713629629625,51.0,61.05600000000003,35.95623199368588,19.0
-1,-85.46367977325215,17.172380041666663,43.0,43.872000000000014,41.59167977325214,20.0
-1,-90.30125874030308,13.981298486111106,47.0,54.04800000000001,36.25325874030307,19.0
-1,-79.46929968810304,19.389775587962927,59.0,52.89600000000003,26.573299688103013,15.0
-1,-110.00055980139057,16.154226402777766,51.0,65.08800000000002,44.91255980139053,21.0
-1,-100.1432125112932,16.296084023148158,51.0,48.57600000000003,51.56721251129317,21.0
-1,-108.1853132050226,20.292193620370348,49.0,55.58400000000002,52.60131320502259,19.0
-1,-83.10972777467914,20.008988217592563,46.0,45.600000000000016,37.50972777467913,20.0
-1,-105.59780850252628,19.141654842592565,60.0,69.21600000000004,36.38180850252625,18.0
-1,-94.8454786258024,13.496110351851838,50.0,65.66400000000003,29.181478625802377,17.0
-1,-80.85791715020136,15.3425223148148,46.0,52.41600000000002,28.44191715020133,18.0
-1,-99.35372742854372,17.53686877777773,51.0,56.44800000000002,42.90572742854371,21.0
-1,-117.02699114625592,21.532647111111025,58.0,63.26400000000003,53.76299114625588,20.0
-1,-92.33616155680456,15.292575754629606,44.0,55.58400000000002,36.75216155680455,21.0
-1,-108.16187076435612,21.535594685185107,59.0,63.64800000000003,44.513870764356085,19.0
-1,-94.48209688193246,11.951434481481478,40.0,48.96000000000002,45.52209688193244,23.0
-1,-99.6264798349676,17.36053798611111,50.0,57.504000000000026,42.12247983496757,22.0
-1,-86.9308871480645,19.768437689814768,50.0,51.840000000000025,35.090887148064475,17.0
-1,-89.15436161077582,15.281965787037027,51.0,62.016000000000034,27.1383616107758,17.0
-1,-110.42554587261998,17.844174870370335,53.0,58.08000000000002,52.34554587261995,26.0
-1,-88.4783090531546,20.317502509259228,60.0,57.88800000000002,30.590309053154588,15.0
-1,-95.1747188307037,18.709162282407405,56.0,63.36000000000003,31.81471883070367,18.0
-1,-108.19781410546588,20.3206094027777,62.0,66.81600000000003,41.38181410546585,21.0
-1,-90.74311574400949,15.57659258796296,48.0,52.89600000000001,37.84711574400947,18.0
-1,-105.02495630635116,16.725750805555545,52.0,68.64000000000003,36.38495630635114,18.0
-1,-105.60016216050656,15.028072402777754,48.0,57.79200000000003,47.80816216050654,24.0
-1,-96.8935360386884,14.41200153703702,49.0,60.28800000000002,36.6055360386884,20.0
-1,-115.53629243361225,18.15064585648142,54.0,67.68000000000004,47.85629243361221,23.0
-1,-82.1065451542026,17.2511669907407,66.0,64.51200000000003,17.594545154202574,12.0
-1,-93.34232299607496,15.954762513888856,45.0,55.77600000000002,37.56632299607494,21.0
-1,-94.82094580690384,14.10884178703704,51.0,55.48800000000003,39.3329458069038,20.0
-1,-80.3075777292193,19.27720498611107,47.0,42.04800000000001,38.2595777292193,20.0
-1,-109.33524566086687,15.495069430555532,51.0,58.56000000000002,50.77524566086685,23.0
-1,-105.03721403338488,19.41574476851845,61.0,64.51200000000003,40.52521403338484,19.0
-1,-88.5066656242584,15.854698958333316,48.0,52.70400000000001,35.8026656242584,17.0
-1,-101.47654409333656,15.677068162037036,57.0,61.05600000000003,40.42054409333654,23.0
-1,-132.5936129054988,16.477047606481445,61.0,73.53600000000003,59.05761290549877,22.0
-1,-101.0882543844512,21.89691905092588,69.0,77.85600000000004,23.232254384451167,15.0
-1,-83.05402959865236,19.427162999999968,63.0,53.088000000000015,29.96602959865234,16.0
-1,-71.24714946006756,11.925807268518511,39.0,49.82400000000002,21.42314946006755,17.0
-1,-113.17771917204009,14.158809620370375,68.0,69.79200000000002,43.38571917204007,23.0
-1,-128.5969518944649,15.983815976851847,60.0,70.75200000000004,57.84495189446484,25.0
-1,-91.89373058935088,20.089322634259247,67.0,60.38400000000003,31.50973058935085,19.0
-1,-76.99153773075403,20.591154638888867,52.0,53.56800000000002,23.423537730754017,15.0
-1,-95.7706899444268,17.33992372685182,46.0,55.00800000000002,40.76268994442678,20.0
-1,-89.3158732977526,19.95060924537031,50.0,52.896000000000015,36.41987329775259,17.0
-1,-101.02558751902468,20.9110872731481,64.0,77.08800000000002,23.937587519024643,16.0
-1,-100.5534346596402,21.17467146759256,55.0,57.312000000000026,43.24143465964018,19.0
-1,-103.46422320315853,17.206013486111097,57.0,60.672000000000025,42.7922232031585,23.0
-1,-107.26523354602872,16.54437572685184,47.0,52.704000000000015,54.5612335460287,24.0
-1,-91.24034012050656,23.14047048148146,60.0,58.56000000000002,32.68034012050655,17.0
-1,-84.25026462225448,15.565062111111091,47.0,49.63200000000002,34.61826462225446,20.0
-1,-124.81420379173244,19.24976840740732,67.0,81.50400000000005,43.310203791732405,20.0
-1,-88.6701954057913,14.92229066203704,47.0,51.16800000000002,37.50219540579128,18.0
-1,-96.81793111931847,14.596913782407402,49.0,56.73600000000002,40.08193111931847,21.0
-1,-75.82844787438921,15.240648555555536,52.0,58.75200000000002,17.07644787438918,10.0
-1,-84.02642595684267,19.101388129629605,56.0,57.69600000000002,26.33042595684265,15.0
-1,-99.49542397336708,17.85531721759259,57.0,59.61600000000002,39.87942397336705,23.0
-1,-92.63452293881264,20.61019431944441,57.0,63.07200000000003,29.56252293881262,16.0
-1,-120.06350545538196,19.668163148148125,63.0,68.83200000000004,51.23150545538193,21.0
-1,-99.75867989354168,19.190274231481467,60.0,64.32000000000002,35.43867989354167,17.0
-1,-108.56992421810146,17.170030111111082,61.0,66.24000000000004,42.32992421810143,20.0
-1,-97.20602480626036,21.463502662036984,63.0,64.03200000000002,33.174024806260334,19.0
-1,-105.46868814614122,18.847409476851823,56.0,58.46400000000003,47.00468814614119,20.0
-1,-101.07061177207652,20.141661050925897,66.0,64.51200000000003,36.55861177207648,19.0
-1,-84.44524651432813,14.178870467592594,43.0,48.57600000000001,35.869246514328125,20.0
-1,-117.32136437813588,17.484178800925868,60.0,62.97600000000002,54.345364378135855,26.0
-1,-68.35416417888513,16.222648999999972,38.0,42.720000000000006,25.63416417888512,14.0
-1,-102.93559706632016,17.265053930555506,52.0,64.80000000000003,38.13559706632013,17.0
-1,-118.40564453411456,19.35513707407402,69.0,74.88000000000005,43.52564453411451,21.0
-1,-93.22537101192478,24.16270156481475,55.0,54.14400000000003,39.08137101192476,14.0
-1,-112.4489762455352,16.14479344907403,68.0,77.85600000000002,34.592976245535176,18.0
-1,-108.10871112342149,16.154837166666674,53.0,63.84000000000003,44.26871112342143,22.0
-1,-79.50960888348453,16.775991541666663,51.0,53.08800000000003,26.42160888348451,16.0
-1,-90.3655329444536,17.92711980555553,60.0,70.65600000000002,19.70953294445358,12.0
-1,-93.62755981513428,15.51939508333335,56.0,48.96000000000003,44.66755981513424,23.0
-1,-100.18255890060264,15.58706376851851,50.0,55.39200000000002,44.79055890060263,22.0
-1,-83.19202375723165,15.627427925925923,49.0,52.22400000000001,30.96802375723164,20.0
-1,-93.04711489638412,19.354351907407388,59.0,58.94400000000003,34.103114896384106,18.0
-1,-100.06902328621202,18.488653208333307,52.0,60.288000000000025,39.78102328621199,21.0
-1,-86.37108985319753,18.270404736111068,62.0,59.23200000000002,27.13908985319751,20.0
-1,-90.0823647552966,13.862340472222218,48.0,50.20800000000002,39.87436475529658,22.0
-1,-81.42609294896316,19.869679282407358,56.0,52.12800000000002,29.298092948963134,14.0
-1,-93.9637758371518,24.747552949074013,55.0,64.22400000000002,29.73977583715178,16.0
-1,-99.93940081387068,22.248967124999968,58.0,66.04800000000003,33.89140081387067,19.0
-1,-87.09876581944746,16.176666319444443,52.0,51.744000000000014,35.354765819447444,18.0
-1,-92.83963508492856,14.12128447685184,55.0,58.75200000000002,34.08763508492852,21.0
-1,-103.86680338903986,16.34341842592589,53.0,60.480000000000025,43.38680338903983,21.0
-1,-109.64322827998996,15.897729837962943,55.0,64.32000000000004,45.32322827998993,23.0
-1,-82.08081942618412,12.148788587962958,48.0,51.07200000000001,31.00881942618412,20.0
-1,-76.67097593683003,16.27128894907405,48.0,57.12000000000002,19.550975936830017,13.0
-1,-104.0520527734046,17.575674643518457,54.0,63.64800000000003,40.40405277340457,19.0
-1,-97.8777901358206,18.954880240740707,48.0,54.24000000000002,43.63779013582057,21.0
-1,-102.78320023469448,19.670482689814747,64.0,59.52000000000003,43.26320023469444,22.0
-1,-101.85705997103464,18.07858041203698,59.0,70.94400000000003,30.913059971034592,19.0
-1,-92.53498069477818,22.08732074999995,61.0,55.48800000000002,37.04698069477816,20.0
-1,-74.55622099229315,14.539019509259235,49.0,52.99200000000001,21.564220992293137,14.0
-1,-81.43471225790792,20.486673726851823,50.0,48.480000000000025,32.95471225790789,16.0
-1,-95.14564255290068,19.58924812962957,65.0,72.28800000000003,22.857642552900646,13.0
-1,-90.16289874147752,19.36316854629625,57.0,60.76800000000004,29.394898741477483,16.0
-1,-91.4757994815075,11.79333768518518,42.0,52.704000000000015,38.77179948150748,22.0
-1,-91.46589977388317,16.988653495370386,57.0,60.28800000000003,31.177899773883123,16.0
-1,-91.97028646577292,15.307505365740724,49.0,64.70400000000002,27.266286465772893,16.0
-1,-99.99493301815292,19.55769234722218,66.0,72.09600000000003,27.898933018152885,15.0
-1,-86.64168445568401,12.367979550925916,54.0,53.08800000000002,33.553684455683985,20.0
-1,-84.26926346796047,22.54393437037036,58.0,58.27200000000003,25.997263467960444,14.0
-1,-102.7691466607995,18.244019777777755,57.0,66.91200000000003,35.85714666079947,19.0
-1,-93.5964966482652,13.739848916666649,41.0,49.728000000000016,43.86849664826517,22.0
-1,-95.15251979815892,13.26613539351852,47.0,51.648000000000025,43.5045197981589,25.0
-1,-100.758553535021,17.75632979629628,55.0,65.56800000000003,35.19055353502097,17.0
-1,-77.87885416088511,17.166734277777746,49.0,51.64800000000002,26.23085416088509,17.0
-1,-98.23485010074828,13.1841317175926,42.0,50.304000000000016,47.93085010074826,22.0
-1,-86.7039851332559,17.667078611111066,62.0,64.51200000000003,22.191985133255866,14.0
-1,-86.24548123823884,17.78265854629627,62.0,66.24000000000004,20.0054812382388,13.0
-1,-125.10547548758753,16.68815489814812,63.0,76.41600000000004,48.689475487587465,23.0
-1,-85.69617012467202,11.168871106481484,39.0,48.86400000000001,36.83217012467201,20.0
-1,-101.31965355346397,20.96843010185181,56.0,64.03200000000002,37.28765355346392,21.0
-1,-80.4084036207008,17.43149231481484,50.0,50.49600000000003,29.91240362070076,16.0
-1,-116.77608342605195,17.820738287037013,57.0,65.08800000000002,51.688083426051946,23.0
-1,-99.6866691463974,14.784592032407405,45.0,50.01600000000002,49.67066914639739,23.0
-1,-95.31073277022004,13.907395601851848,51.0,54.04800000000003,41.26273277021999,23.0
-1,-88.72258373501774,12.269529652777775,38.0,52.51200000000002,36.21058373501772,19.0
-1,-90.1788491975308,21.1308400046296,58.0,51.93600000000003,38.24284919753077,19.0
-1,-109.8729777915749,17.736616476851793,61.0,58.75200000000003,51.12097779157487,24.0
-1,-95.40686592998787,19.73058781481477,52.0,61.44000000000003,33.966865929987854,20.0
-1,-80.92983406858731,10.602603083333328,45.0,60.19200000000002,20.737834068587286,15.0
-1,-103.54125413172788,13.983377490740729,51.0,57.02400000000003,46.51725413172785,23.0
-1,-91.93695772031684,12.812064578703682,40.0,47.424000000000014,44.51295772031682,26.0
-1,-116.805940110082,21.585690930555486,60.0,66.14400000000003,50.66194011008196,22.0
-1,-90.57197735773865,17.541306662037034,41.0,45.888000000000005,44.68397735773862,20.0
-1,-97.07324777903102,14.866104018518516,44.0,55.10400000000002,41.969247779031,20.0
-1,-97.83609015607657,19.23929601388884,64.0,60.19200000000004,37.64409015607651,19.0
-1,-103.65148586642616,19.887395351851797,58.0,65.28,38.37148586642616,19.0
-1,-97.21569172474749,17.503370361111095,46.0,46.176000000000016,51.03969172474746,21.0
-1,-84.34173477068177,11.151676990740764,40.0,48.48000000000002,35.86173477068175,17.0
-1,-101.94240524978608,18.095291745370343,51.0,58.56000000000002,43.382405249786046,21.0
-1,-86.20233044619567,19.87371527314808,53.0,62.78400000000001,23.418330446195668,16.0
-1,-98.81668657036428,14.89707347222222,53.0,61.15200000000004,37.66468657036423,22.0
-1,-96.24336459955352,19.32569267592589,65.0,62.11200000000004,34.1313645995535,20.0
-1,-86.90969727820551,18.287547388888843,52.0,57.984000000000016,28.9256972782055,15.0
-1,-95.19463051736024,22.36835271759256,56.0,54.91200000000003,40.28263051736023,16.0
-1,-74.7879867474418,19.173594791666662,46.0,48.768000000000015,26.01998674744179,15.0
-1,-85.2223929934604,12.89820372685186,36.0,44.736,40.4863929934604,24.0
-1,-88.72946651927732,16.77870882870369,51.0,57.600000000000016,31.129466519277308,18.0
-1,-82.91462253650586,23.361912736111066,53.0,53.952000000000034,28.962622536505823,14.0
-1,-119.3657277075742,27.91634098148141,74.0,79.00800000000004,40.35772770757416,16.0
-1,-87.16217459527655,20.161211527777752,60.0,60.67200000000003,26.490174595276525,17.0
-1,-101.0567737117851,16.116264402777773,54.0,58.75200000000002,42.30477371178508,19.0
-1,-101.85204545796516,15.93672535648147,45.0,51.93600000000002,49.916045457965126,24.0
-1,-69.98115326980172,13.28539962499999,50.0,54.048000000000016,15.93315326980171,10.0
-1,-100.51809029309764,17.088818157407353,53.0,64.03200000000004,36.4860902930976,22.0
-1,-105.51578137736732,14.494068828703702,50.0,55.00800000000002,50.50778137736731,22.0
-1,-100.78131381705784,15.009004791666673,52.0,51.64800000000003,49.13331381705783,26.0
-1,-82.63860765717791,14.93519120833334,50.0,50.49600000000003,32.14260765717789,19.0
-1,-89.49427683930219,23.02850985185181,61.0,52.12800000000003,37.36627683930215,19.0
-1,-102.15349181141772,16.836805759259235,47.0,52.032000000000025,50.12149181141769,22.0
-1,-95.10792216946038,17.459463277777758,48.0,60.00000000000002,35.107922169460366,19.0
-1,-116.8337897515741,19.745362370370323,69.0,75.55200000000005,41.281789751574046,20.0
-1,-116.7876891952202,17.88350286111109,65.0,76.22400000000005,40.56368919522014,14.0
-1,-89.27585812070984,15.123248754629651,47.0,49.82400000000002,39.45185812070982,19.0
-1,-92.24254458163608,16.60966374537038,49.0,50.11200000000002,42.13054458163607,18.0
-1,-85.21066775896033,19.797560231481494,53.0,52.89600000000002,32.314667758960304,19.0
-1,-98.29028383387848,16.793653254629596,57.0,59.90400000000004,38.38628383387844,21.0
-1,-79.24525949197249,14.114706009259269,49.0,52.32000000000002,26.92525949197246,19.0
-1,-80.94229105995892,22.17878947685181,58.0,57.312000000000026,23.630291059958893,15.0
-1,-89.98288957803342,18.07328524074074,46.0,45.88800000000001,44.09488957803341,19.0
-1,-88.18287389135692,16.75486318981482,44.0,48.48000000000002,39.7028738913569,21.0
-1,-98.39559255850922,13.949875652777791,58.0,62.49600000000003,35.89959255850919,19.0
-1,-97.45335934770756,19.36532692592592,50.0,53.664000000000016,43.78935934770755,20.0
-1,-94.4719436520262,20.09452223148145,58.0,59.04000000000004,35.43194365202618,16.0
-1,-102.9759736135578,18.30788666666664,59.0,54.91200000000002,48.06397361355779,23.0
-1,-111.22961080127132,17.202473796296275,67.0,61.44000000000003,49.789610801271294,24.0
-1,-92.05819402756704,15.284998365740725,44.0,52.22400000000002,39.83419402756704,19.0
-1,-97.29851150792086,18.50525598611106,46.0,53.66400000000002,43.634511507920834,22.0
-1,-112.73634115938128,24.51919945370365,67.0,64.80000000000003,47.936341159381264,19.0
-1,-92.61833400970208,21.637453888888853,50.0,46.08000000000001,46.53833400970206,19.0
-1,-102.13780838897388,17.825246069444393,52.0,54.72000000000001,47.41780838897385,22.0
-1,-106.78081850312716,18.574114129629585,58.0,61.24800000000003,45.53281850312713,19.0
-1,-101.67754974009073,17.469829893518483,56.0,58.656000000000034,43.02154974009069,20.0
-1,-106.55220734514208,22.78026456944437,61.0,58.75200000000002,47.80020734514206,22.0
-1,-103.78289033047558,14.95490522222221,40.0,48.576,55.20689033047558,24.0
-1,-112.40645795547852,16.998280425925905,53.0,61.15200000000002,51.25445795547851,24.0
-1,-87.52235495219954,19.1812322824074,52.0,55.68000000000003,31.842354952199504,14.0
-1,-92.69203032471482,16.205710689814797,45.0,51.26400000000002,41.4280303247148,22.0
-1,-111.48421459076988,16.21062559259257,51.0,62.016000000000034,49.46821459076984,23.0
-1,-84.09773750405918,11.935736120370365,43.0,51.36000000000002,32.737737504059155,19.0
-1,-72.91356366678565,23.47688731018517,48.0,44.92800000000001,27.985563666785644,16.0
-1,-94.15208350565796,21.97030264351848,62.0,59.61600000000002,34.53608350565796,15.0
-1,-100.42381997776492,16.49578417129629,42.0,61.15200000000003,39.27181997776488,21.0
-1,-96.27241846380156,18.38513163425921,52.0,55.68000000000002,40.592418463801536,19.0
-1,-92.30130220625976,14.943511898148124,49.0,56.832000000000015,35.46930220625974,21.0
-1,-92.67819039661734,16.776106800925916,46.0,50.30400000000003,42.37419039661732,19.0
-1,-105.89525137539118,20.887644171296248,60.0,64.89600000000003,40.999251375391154,21.0
-1,-101.72159101020426,16.65575393981482,49.0,53.18400000000002,48.53759101020425,20.0
-1,-83.7970407084922,20.68145781481476,53.0,44.92800000000001,38.869040708492186,19.0
-1,-87.01084369024389,16.976954226851834,54.0,53.37600000000002,33.63484369024388,16.0
-1,-90.502032600568,21.873716638888837,50.0,52.80000000000002,37.70203260056798,15.0
-1,-101.27025900721938,12.560339148148122,43.0,55.776000000000025,45.49425900721936,21.0
-1,-82.18960119590255,17.781338587962935,49.0,46.56000000000001,35.62960119590254,17.0
-1,-97.17692619721932,14.544553662037004,63.0,69.88800000000003,27.2889261972193,18.0
-1,-94.04829494968624,17.74843912962959,50.0,53.37600000000002,40.67229494968623,20.0
-1,-98.09357781829073,24.715375467592544,67.0,68.44800000000004,29.645577818290697,14.0
-1,-98.69855992163936,15.119138129629633,44.0,52.60800000000002,46.09055992163935,22.0
-1,-87.41895612279586,16.250646615740724,55.0,60.19200000000002,27.22695612279584,15.0
-1,-96.40604861445084,24.28672901388886,72.0,67.77600000000004,28.63004861445081,16.0
-1,-94.79099974906694,18.53159233333329,57.0,54.62400000000003,40.16699974906691,19.0
-1,-126.18483057455786,21.80800625925919,68.0,69.88800000000003,56.29683057455783,22.0
-1,-122.11931664391388,19.606927050925847,58.0,63.16800000000004,58.951316643913856,23.0
-1,-84.75487488146288,17.518393013888918,40.0,43.96800000000001,40.78687488146287,20.0
-1,-104.6637017395914,16.19704968981478,43.0,54.33600000000002,50.32770173959139,23.0
-1,-132.41709091356276,20.794797893518417,67.0,79.20000000000005,53.21709091356272,21.0
-1,-83.01868456097623,14.230090407407396,47.0,48.09600000000002,34.92268456097621,20.0
-1,-103.89989787371024,18.49492062037034,51.0,54.62400000000004,49.27589787371021,20.0
-1,-95.59717756452022,23.59849651851849,66.0,58.84800000000003,36.74917756452019,17.0
-1,-111.4909946302059,22.935660060185118,58.0,61.44000000000003,50.05099463020587,18.0
-1,-81.14133678238656,14.081753333333308,40.0,42.81600000000001,38.32533678238656,19.0
-1,-138.22035627693694,17.64032723611105,63.0,81.21600000000004,57.004356276936896,22.0
-1,-100.0952384237588,14.60743043981483,44.0,47.808000000000014,52.2872384237588,22.0
-1,-81.67585036762743,17.727045930555548,44.0,48.28800000000002,33.387850367627415,20.0
-1,-90.05936104171852,17.101589092592583,53.0,57.408000000000015,32.651361041718495,17.0
-1,-104.77286429872902,21.90107907407404,60.0,61.53600000000003,43.236864298729,17.0
-1,-96.87457012011278,17.009002361111076,41.0,56.544000000000025,40.33057012011275,21.0
-1,-91.69269834056028,14.292429046296288,47.0,53.18400000000002,38.508698340560265,21.0
-1,-101.3633325048684,23.06112090740732,62.0,65.95200000000003,35.41133250486838,20.0
-1,-66.30143042025848,8.049250180555555,34.0,47.52000000000001,18.781430420258477,13.0
-1,-109.75313369594032,17.752955268518463,47.0,61.63200000000003,48.12113369594031,19.0
-1,-90.31276614088684,15.889279462962948,49.0,51.26400000000001,39.04876614088685,21.0
-1,-99.9466145406336,18.954648587962907,51.0,57.50400000000003,42.44261454063357,19.0
-1,-83.47509185072785,19.60275717129628,46.0,49.344000000000015,34.131091850727834,16.0
-1,-98.64112533998927,18.112150722222182,42.0,52.22400000000002,46.41712533998928,22.0
-1,-109.2302676681476,14.834750689814792,49.0,63.45600000000003,45.77426766814758,23.0
-1,-95.24245189445446,15.59247751851852,46.0,50.30400000000002,44.93845189445443,22.0
-1,-81.47994530698601,18.895013722222185,50.0,52.41600000000002,29.063945306985996,19.0
-1,-106.84031558976474,20.94849674999996,54.0,60.09600000000003,46.74431558976472,19.0
-1,-101.66763305641189,16.251427499999973,54.0,64.22400000000003,37.44363305641184,17.0
-1,-80.64036767361695,11.901188689814806,40.0,45.12000000000001,35.52036767361694,20.0
-1,-96.128913985028,17.715837703703667,55.0,57.02400000000003,39.10491398502796,20.0
-1,-84.00013585587061,14.112515208333331,43.0,48.09600000000001,35.90413585587061,18.0
-1,-74.45640502090627,17.239330148148127,46.0,42.91200000000002,31.54440502090625,18.0
-1,-101.09213067310536,15.712088851851847,53.0,55.00800000000002,46.08413067310535,23.0
-1,-111.1340306060489,17.05209512499997,53.0,64.12800000000003,47.00603060604887,23.0
-1,-79.46528171428469,13.90814785185184,44.0,43.96800000000001,35.49728171428468,19.0
-1,-96.26060419795024,23.30858066203698,55.0,56.64000000000002,39.62060419795023,19.0
-1,-102.5611381858652,17.47108859722218,45.0,59.13600000000002,43.425138185865165,20.0
-1,-121.7925538640726,13.682383305555556,51.0,67.77600000000002,54.01655386407258,27.0
-1,-89.21628213263222,17.18745535185182,49.0,53.76000000000002,35.456282132632204,18.0
-1,-69.56964270286048,12.717386810185175,53.0,56.160000000000025,13.409642702860454,10.0
-1,-86.02784112074113,19.299814249999965,54.0,55.20000000000003,30.827841120741105,18.0
-1,-96.8195511727904,15.693830902777774,51.0,47.32800000000002,49.49155117279039,22.0
-1,-112.98466121240202,16.621400097222185,53.0,64.80000000000004,48.18466121240198,21.0
-1,-89.68584738808053,16.133416365740707,49.0,56.92800000000003,32.757847388080506,18.0
-1,-87.11822890159502,19.869127976851804,59.0,59.13600000000003,27.98222890159499,16.0
-1,-84.40195369150808,23.410696374999937,57.0,57.88800000000003,26.513953691508064,12.0
-1,-93.47852715327431,18.50580395833332,50.0,54.52800000000002,38.95052715327429,18.0
-1,-98.18085634691091,17.005418004629615,46.0,55.10400000000002,43.0768563469109,20.0
-1,-91.07850842846902,27.10231154629626,60.0,54.14400000000001,36.93450842846901,15.0
-1,-92.79857819973702,16.775545217592576,53.0,54.52800000000003,38.27057819973699,19.0
-1,-88.66146027956495,15.01194779166666,50.0,53.18400000000002,35.47746027956494,18.0
-1,-99.18883328153004,18.5546716481481,54.0,65.76000000000002,33.42883328153002,16.0
-1,-78.43007361614107,15.538744763888886,48.0,44.64000000000001,33.790073616141065,19.0
-1,-91.96551378650464,16.18161168518517,41.0,49.24800000000002,42.71751378650461,20.0
-1,-91.00768401937938,14.453034722222217,42.0,55.776000000000025,35.23168401937936,19.0
-1,-107.18032788589088,15.826476726851828,60.0,59.61600000000003,47.56432788589085,24.0
-1,-97.0908263534455,14.790831055555532,43.0,53.664000000000016,43.42682635344548,24.0
-1,-93.9384179406421,17.29410282870367,45.0,49.92000000000002,44.01841794064208,21.0
-1,-104.16090313693964,15.01215580092592,51.0,59.04000000000003,45.12090313693962,21.0
-1,-97.80745257438478,16.272220828703677,48.0,49.15200000000002,48.65545257438476,21.0
-1,-116.6488547158967,21.769273620370296,56.0,67.20000000000003,49.44885471589667,19.0
-1,-80.20333479796173,26.77085423611109,61.0,50.59200000000002,29.61133479796171,14.0
-1,-86.01579226841133,18.21968812499996,43.0,47.90400000000002,38.11179226841132,20.0
-1,-90.4169486991464,20.868793208333283,52.0,52.32000000000003,38.09694869914637,18.0
-1,-102.32794207473776,18.87608893981476,60.0,59.52000000000003,42.80794207473774,21.0
-1,-86.72861584515394,17.88954019444439,44.0,56.64000000000002,30.08861584515392,15.0
-1,-85.26216524515065,21.008913791666625,42.0,50.59200000000002,34.670165245150635,17.0
-1,-74.21638710343146,19.41514161111107,46.0,50.20800000000002,24.00838710343144,14.0
-1,-92.00046334737311,17.937802907407377,56.0,52.51200000000003,39.4884633473731,21.0
-1,-98.7861414249896,17.074644587962936,46.0,56.256000000000014,42.53014142498958,18.0
-1,-83.52831813629828,14.853933828703704,41.0,49.15200000000001,34.376318136298266,16.0
-1,-95.58418046771446,17.043414129629596,48.0,56.25600000000002,39.32818046771444,19.0
-1,-88.78851153966791,16.522869629629607,48.0,53.18400000000002,35.60451153966789,18.0
-1,-97.55327580096372,14.659308370370356,49.0,65.28000000000003,32.273275800963695,17.0
-1,-93.7779890114175,21.379193550925883,48.0,47.80800000000002,45.96998901141748,19.0
-1,-96.48344579599822,16.401181962962923,38.0,56.16000000000002,40.32344579599821,19.0
-1,-123.81572089063395,16.536794041666635,50.0,57.312000000000026,66.50372089063394,24.0
-1,-75.9803358402295,16.896220101851817,47.0,51.552000000000014,24.42833584022949,17.0
-1,-84.80243100824134,17.481436398148134,47.0,53.85600000000002,30.946431008241312,17.0
-1,-99.6564189946828,12.49369944444444,43.0,54.240000000000016,45.41641899468279,21.0
-1,-77.11026762243873,14.91298675925925,46.0,50.68800000000002,26.422267622438703,14.0
-1,-78.31276386978254,18.92690399537033,48.0,51.936000000000014,26.37676386978253,14.0
-1,-101.74835665839652,16.765868962962934,56.0,65.47200000000004,36.27635665839647,20.0
-1,-111.98455169513588,15.485821925925896,47.0,63.55200000000004,48.43255169513585,21.0
-1,-94.33771628070696,14.478501254629624,41.0,42.14400000000001,52.19371628070695,24.0
-1,-91.76992586042222,24.44546342592591,57.0,55.29600000000002,36.4739258604222,18.0
-1,-88.02413572931864,19.50085207407401,59.0,53.856000000000016,34.16813572931863,20.0
-1,-78.23545046195238,20.28193406481481,54.0,55.776000000000025,22.45945046195236,12.0
-1,-91.66090000775988,15.029703208333316,58.0,62.78400000000003,28.876900007759858,17.0
-1,-99.89083405131092,19.17417154166664,69.0,73.34400000000002,26.5468340513109,16.0
-1,-91.57559537907568,21.91561097222216,55.0,62.592000000000034,28.983595379075645,14.0
-1,-103.65137954679813,12.224299773148164,44.0,51.26400000000002,52.387379546798094,25.0
-1,-86.21229180947516,14.340062638888892,40.0,54.048000000000016,32.164291809475145,20.0
-1,-91.50221104261666,23.817022972222173,76.0,65.66400000000003,25.83821104261664,13.0
-1,-95.13161477730073,17.690324699074047,49.0,52.12800000000002,43.0036147773007,20.0
-1,-88.14780701476496,14.73946809722223,39.0,45.600000000000016,42.54780701476494,21.0
-1,-87.94066526457294,15.170532032407404,45.0,52.60800000000002,35.33266526457292,19.0
-1,-92.7716322108422,16.29150580555553,53.0,60.096000000000025,32.675632210842174,19.0
-1,-103.88537817877878,14.736086606481493,44.0,50.11200000000002,53.77337817877875,23.0
-1,-106.58681755115803,20.59949586574073,58.0,69.69600000000003,36.89081755115802,18.0
-1,-115.11553000229202,19.14412124999993,62.0,70.65600000000003,44.459530002291984,20.0
-1,-104.77319499754142,24.82311324999993,73.0,73.05600000000003,31.7171949975414,17.0
-1,-103.12301159204144,20.25180345370364,53.0,58.27200000000002,44.85101159204142,21.0
-1,-106.83524071573429,16.87457324999996,55.0,72.28800000000003,34.54724071573425,19.0
-1,-105.22393936261864,17.700259814814764,57.0,65.66400000000003,39.5599393626186,18.0
-1,-91.18788507366804,21.803630518518474,68.0,72.19200000000004,18.995885073667992,12.0
-1,-87.96421364905898,19.994976486111028,58.0,64.70400000000002,23.26021364905895,15.0
-1,-108.84451832084866,18.049714740740715,54.0,63.16800000000003,45.67651832084864,22.0
-1,-84.19677067573711,16.54559226851849,55.0,57.504000000000026,26.692770675737084,18.0
-1,-98.75133200889712,15.265156347222227,47.0,61.92000000000002,36.83133200889711,19.0
-1,-96.4275554759636,16.54445718055554,45.0,45.31200000000002,51.11555547596357,21.0
-1,-108.15950629799826,16.847815824074075,44.0,56.06400000000002,52.09550629799824,22.0
-1,-96.3875271668624,18.201972314814803,55.0,51.55200000000002,44.83552716686238,19.0
-1,-87.09242762628816,23.30518349999997,56.0,62.01600000000003,25.07642762628813,14.0
-1,-83.58347768576681,12.118454865740755,42.0,48.768000000000015,34.81547768576679,23.0
-1,-103.9576119515672,23.35686720370361,64.0,66.52800000000003,37.42961195156717,15.0
-1,-94.73714086031536,23.38279365277773,61.0,59.90400000000003,34.833140860315325,18.0
-1,-94.66736102466464,15.211870935185187,57.0,57.60000000000003,37.067361024664606,21.0
-1,-104.67772989942898,19.93374102777772,51.0,61.24800000000003,43.42972989942895,20.0
-1,-99.44341502248288,20.990112296296225,50.0,55.58400000000002,43.85941502248285,19.0
-1,-95.67962987902126,16.288307287037025,55.0,59.42400000000001,36.25562987902126,19.0
-1,-75.74259416362266,18.478891444444432,49.0,49.53600000000003,26.206594163622626,16.0
-1,-93.54381801590056,23.824343638888827,61.0,67.20000000000003,26.343818015900528,13.0
-1,-102.83190374750193,20.2822065231481,71.0,72.28800000000004,30.543903747501886,18.0
-1,-95.61663706474828,19.925355092592568,57.0,54.62400000000003,40.992637064748266,21.0
-1,-97.30185842825988,20.69858484722213,53.0,60.96000000000003,36.341858428259854,19.0
-1,-74.38886889948482,13.647373634259267,38.0,49.63200000000002,24.7568688994848,15.0
-1,-89.99350467360674,20.877139662036974,51.0,52.70400000000003,37.28950467360672,17.0
-1,-76.56909207655137,15.790185217592574,45.0,52.89600000000002,23.67309207655135,14.0
-1,-95.48070673446418,14.2756038287037,62.0,62.59200000000003,32.888706734464144,20.0
-1,-98.72509977698157,20.31287082407401,58.0,70.08000000000004,28.645099776981517,17.0
-1,-100.75501414566024,23.107436666666604,63.0,69.12000000000003,31.63501414566021,18.0
-1,-97.35314996598888,17.509910282407382,55.0,52.224000000000025,45.12914996598887,22.0
-1,-120.51559219638835,16.787574930555497,52.0,65.95200000000003,54.56359219638833,23.0
-1,-92.04094756903692,14.566956486111092,38.0,53.280000000000015,38.76094756903692,21.0
-1,-104.57143902932714,14.486746495370353,48.0,59.23200000000003,45.33943902932712,24.0
-1,-96.39293081454478,18.70322017592589,49.0,55.968000000000025,40.42493081454476,20.0
-1,-102.80991836858588,16.818433245370365,48.0,58.56000000000002,44.24991836858586,20.0
-1,-82.5024535676316,19.1496409398148,55.0,55.48800000000003,27.014453567631577,16.0
-1,-102.33188349653042,21.89295032407401,64.0,64.41600000000004,37.91588349653039,22.0
-1,-73.86847259071799,14.701716439814826,47.0,48.960000000000015,24.90847259071797,17.0
-1,-88.90957235543347,14.58641105555556,48.0,50.59200000000002,38.31757235543345,22.0
-1,-88.99475189749782,22.257198615740705,56.0,58.84800000000003,30.1467518974978,14.0
-1,-93.644777246639,16.871979856481456,54.0,63.84000000000003,29.80477724663896,19.0
-1,-87.59669343491524,13.552108634259255,39.0,46.94400000000002,40.65269343491522,21.0
-1,-90.8668983575964,17.565226069444442,51.0,49.34400000000002,41.522898357596375,22.0
-1,-96.75837297681451,22.231734749999948,69.0,60.76800000000003,35.9903729768145,21.0
-1,-114.47473979063471,18.676091759259197,52.0,67.96800000000003,46.50673979063468,23.0
-1,-93.6846455802567,13.714935675925943,43.0,48.28800000000002,45.396645580256674,23.0
-1,-95.78153676848166,18.23493237037031,52.0,56.44800000000003,39.33353676848162,20.0
-1,-80.70027231067338,14.08896727777778,51.0,60.28800000000003,20.412272310673348,12.0
-1,-89.50399583039211,15.433808050925926,50.0,52.992000000000026,36.511995830392095,19.0
-1,-88.50447992702027,18.9571112083333,55.0,59.13600000000003,29.36847992702024,18.0
-1,-81.5693096764468,14.936427962962949,43.0,47.80800000000002,33.76130967644679,18.0
-1,-89.619841497755,20.34510665740736,53.0,56.54400000000002,33.07584149775498,17.0
-1,-91.77867029566612,12.521693337962972,43.0,51.26400000000002,40.51467029566609,21.0
-1,-104.42356583623858,14.474878722222227,44.0,52.99200000000002,51.43156583623856,22.0
-1,-66.33903248279766,13.852974763888868,37.0,39.168000000000006,27.17103248279766,14.0
-1,-95.58464377417155,16.03333239351852,49.0,55.29600000000002,40.28864377417153,17.0
-1,-87.87435309493281,15.125199699074086,45.0,55.29600000000002,32.578353094932794,18.0
-1,-81.30576779730151,16.07689133796296,52.0,49.82400000000001,31.481767797301504,17.0
-1,-92.76788155299208,20.79933894907402,55.0,56.44800000000003,36.31988155299205,16.0
-1,-92.96317113372088,23.131705671296235,57.0,60.96000000000003,32.00317113372086,15.0
-1,-100.1512407948622,21.542874953703684,61.0,69.69600000000004,30.455240794862167,15.0
-1,-101.06444257637968,12.110697555555554,45.0,51.45600000000002,49.60844257637965,23.0
-1,-91.56236005042352,15.129645527777791,42.0,46.08000000000001,45.4823600504235,22.0
-1,-92.1953208538261,19.36976044907401,49.0,57.60000000000003,34.59532085382607,19.0
-1,-97.30981174962712,21.29749606481473,57.0,65.37600000000003,31.93381174962708,18.0
-1,-89.31801319687122,16.234866263888886,40.0,47.32800000000002,41.9900131968712,22.0
-1,-121.63246215886151,17.745641643518454,59.0,74.11200000000004,47.52046215886148,21.0
-1,-88.24955113298827,18.490325689814775,49.0,58.84800000000003,29.40155113298824,17.0
-1,-86.66023601425245,13.63286918518518,41.0,49.536000000000016,37.12423601425243,24.0
-1,-134.66013778970927,18.62239078703697,69.0,76.03200000000004,58.62813778970922,27.0
-1,-71.61657961221488,18.308224124999988,48.0,42.432000000000016,29.18457961221486,17.0
-1,-83.01054697464801,24.472969268518515,60.0,58.56000000000002,24.450546974647978,11.0
-1,-116.6699252280404,19.04497477314807,56.0,64.03200000000002,52.63792522804039,22.0
-1,-107.80223451622696,15.216786532407404,47.0,57.120000000000026,50.68223451622694,25.0
-1,-101.20956422971356,18.867563986111087,65.0,63.93600000000004,37.27356422971352,21.0
-1,-75.12473901387796,15.720499634259246,47.0,55.10400000000003,20.020739013877925,14.0
-1,-88.39837717570938,18.86399195370364,46.0,45.50400000000002,42.89437717570937,23.0
-1,-92.07080403656548,15.919913981481477,52.0,52.800000000000026,39.27080403656544,21.0
-1,-81.17936151101256,13.573962009259256,41.0,45.31200000000001,35.867361511012554,21.0
-1,-106.3543708542783,15.630196037037042,48.0,59.61600000000004,46.738370854278266,21.0
-1,-97.77811739325033,20.269297324073985,49.0,59.13600000000002,38.642117393250295,20.0
-1,-111.66409972015532,14.918128351851836,60.0,64.60800000000003,47.05609972015528,22.0
-1,-90.92409577589828,20.813141513888823,52.0,59.80800000000003,31.116095775898245,18.0
-1,-104.31006559065014,19.2897550092592,58.0,64.41600000000003,39.89406559065011,18.0
-1,-111.78259959628924,16.809422578703643,52.0,57.98400000000003,53.79859959628919,25.0
-1,-89.49172434947808,13.101088527777772,47.0,58.08000000000002,31.411724349478057,20.0
-1,-86.49012996621707,20.0954920046296,54.0,58.17600000000002,28.31412996621704,16.0
-1,-84.3276087235034,15.734280824074055,44.0,46.56000000000002,37.767608723503386,23.0
-1,-101.68863847880806,18.95845956018516,55.0,56.64000000000002,45.04863847880803,21.0
-1,-92.80879301236928,24.43055365740736,59.0,57.312000000000026,35.49679301236927,18.0
-1,-86.6135635658137,16.83594898611108,55.0,57.98400000000003,28.62956356581368,16.0
-1,-79.45638388969763,18.002244319444433,51.0,48.096000000000025,31.3603838896976,17.0
-1,-90.5381374634668,26.491404578703687,58.0,53.760000000000026,36.77813746346676,15.0
-1,-98.28457746445436,17.499512226851845,51.0,63.26400000000002,35.02057746445435,20.0
-1,-118.69966319331158,19.75363867592585,68.0,74.30400000000003,44.39566319331155,21.0
-1,-81.23680408918234,21.52358561574071,58.0,49.440000000000026,31.79680408918232,16.0
-1,-85.72453251573107,13.09331751388887,47.0,57.60000000000002,28.12453251573105,15.0
-1,-87.50701946684009,27.486785166666607,63.0,59.71200000000003,27.795019466840053,15.0
-1,-103.4048338322538,26.605585305555508,61.0,66.52800000000003,36.87683383225377,15.0
-1,-118.9605709676832,16.960933092592576,59.0,75.16800000000002,43.79257096768319,23.0
-1,-88.88724764349888,20.17166673611108,54.0,57.312000000000026,31.575247643498862,17.0
-1,-66.40960015903292,13.878636296296309,40.0,43.296000000000014,23.113600159032902,15.0
-1,-79.80759182725564,18.787720925925885,50.0,53.28000000000002,26.527591827255613,15.0
-1,-95.00325065264784,16.403962564814805,56.0,50.30400000000002,44.69925065264783,23.0
-1,-89.13233096531322,23.11280404629626,63.0,64.32000000000002,24.81233096531319,9.0
-1,-107.96043204706444,15.534083055555532,53.0,68.06400000000002,39.89643204706442,22.0
-1,-74.26307675264522,11.888489814814797,46.0,55.48800000000002,18.77507675264519,15.0
-1,-95.46599663148784,18.12486846759253,57.0,56.44800000000004,39.01799663148781,22.0
-1,-80.2861419974381,18.551361833333324,45.0,51.648000000000025,28.63814199743807,16.0
-1,-89.28334866012007,19.428583009259228,53.0,52.416000000000025,36.86734866012005,19.0
-1,-110.07304766807768,19.60944736574068,61.0,63.93600000000002,46.13704766807767,24.0
-1,-82.88524231815005,19.338361486111086,50.0,53.66400000000003,29.221242318150026,17.0
-1,-96.93464939301845,17.22272044444441,52.0,54.91200000000003,42.022649393018426,22.0
-1,-92.01313397417144,20.37281651851843,53.0,64.32000000000002,27.693133974171424,16.0
-1,-78.92187105420828,12.618590685185191,50.0,56.92800000000001,21.993871054208263,14.0
-1,-81.339991998269,21.183863763888844,57.0,53.856000000000016,27.483991998268976,17.0
-1,-94.80224190715676,13.055225013888885,47.0,60.57600000000003,34.22624190715675,19.0
-1,-104.40308694685956,17.002728453703664,55.0,64.22400000000003,40.17908694685953,23.0
-1,-92.15954270130852,24.741883759259213,65.0,70.94400000000003,21.215542701308472,12.0
-1,-84.42563030661373,15.432698435185197,50.0,49.24800000000002,35.17763030661371,19.0
-1,-77.99096539020053,21.700059175925933,50.0,43.10400000000001,34.88696539020052,18.0
-1,-79.4311144430705,14.464955972222183,40.0,51.45600000000002,27.975114443070467,16.0
-1,-91.00510980626508,18.610256009259224,51.0,61.92000000000003,29.085109806265056,15.0
-1,-93.1604502580122,20.743606273148107,55.0,58.84800000000003,34.31245025801216,18.0
-1,-97.05322592511465,18.89345843981475,61.0,61.72800000000003,35.325225925114616,18.0
-1,-86.38022172320372,18.75349501388883,50.0,52.51200000000001,33.86822172320371,19.0
-1,-82.10847462498272,19.836096995370344,47.0,53.088000000000015,29.0204746249827,16.0
-1,-87.95642193118545,16.278305662037035,49.0,50.78400000000002,37.17242193118542,17.0
-1,-90.52213710587056,17.005821087962936,56.0,59.04000000000003,31.482137105870542,16.0
-1,-80.88708024157476,13.228266791666671,45.0,55.58400000000002,25.303080241574737,15.0
-1,-103.9450271431315,18.24241433333329,46.0,52.224000000000025,51.72102714313147,23.0
-1,-79.92372294929079,13.305766425925924,41.0,54.14400000000002,25.77972294929077,15.0
-1,-94.59470221411888,17.387924263888856,47.0,54.52800000000002,40.06670221411887,19.0
-1,-99.26752084066028,17.77965476388887,48.0,50.49600000000002,48.77152084066024,22.0
-1,-88.6087299509817,20.953289412037,47.0,52.60800000000002,36.00072995098168,18.0
-1,-107.25344926853847,14.685901884259245,46.0,54.24000000000003,53.01344926853846,24.0
-1,-87.83088691454151,16.369608236111084,45.0,54.240000000000016,33.5908869145415,19.0
-1,-81.53826425066062,18.735123736111067,50.0,54.52800000000002,27.0102642506606,15.0
-1,-75.55626925782363,11.605934208333329,35.0,42.91200000000001,32.64426925782362,20.0
-1,-97.62233505180726,18.195793412037037,46.0,51.93600000000002,45.686335051807234,19.0
-1,-102.09884118005591,18.108947717592557,46.0,53.95200000000001,48.14684118005592,21.0
-1,-104.52842925816344,17.288160620370327,48.0,60.480000000000025,44.0484292581634,21.0
-1,-83.49411796857491,18.17249474074072,42.0,49.72800000000002,33.76611796857489,15.0
-1,-92.20632376735315,16.330627055555556,53.0,55.39200000000002,36.81432376735314,20.0
-1,-107.8818406134406,17.194159097222208,59.0,67.39200000000004,40.48984061344055,20.0
-1,-78.58904008236352,16.32117506018515,52.0,50.304000000000016,28.285040082363505,17.0
-1,-99.741290625643,22.48045323611109,51.0,60.096000000000025,39.64529062564296,18.0
-1,-81.48343868928879,13.890128870370384,48.0,51.16800000000002,30.31543868928877,18.0
-1,-84.55540428661479,14.254269513888891,54.0,49.24800000000001,35.30740428661478,19.0
-1,-103.80059267385792,20.36961147685181,64.0,72.00000000000004,31.80059267385788,15.0
-1,-74.9081796737085,17.551731787037042,51.0,55.20000000000002,19.70817967370848,14.0
-1,-94.95981979511215,16.515022328703697,55.0,63.26400000000002,31.69581979511213,17.0
-1,-100.3134997050735,14.93202665277775,49.0,60.19200000000003,40.12149970507346,23.0
-1,-79.21762622189203,17.880377037037032,52.0,57.504000000000026,21.713626221892,9.0
-1,-93.83926789027193,18.242845314814783,56.0,60.96000000000004,32.87926789027188,18.0
-1,-93.2989353975478,17.093978972222207,60.0,63.16800000000003,30.130935397547763,18.0
-1,-77.18699437867454,15.016733310185176,42.0,45.60000000000001,31.58699437867453,17.0
-1,-83.76718700980183,21.8110814583333,57.0,57.88800000000003,25.8791870098018,14.0
-1,-83.3956163534524,17.211178393518495,44.0,41.856000000000016,41.53961635345239,23.0
-1,-85.4111109529013,17.109809754629612,51.0,60.480000000000025,24.93111095290127,15.0
-1,-90.65603097171858,16.319949430555532,52.0,67.87200000000001,22.78403097171856,15.0
-1,-103.72758532992408,20.047974462962923,48.0,54.240000000000016,49.48758532992405,23.0
-1,-85.02185503306714,13.666407634259247,41.0,48.19200000000002,36.82985503306711,21.0
-1,-92.19826596138216,16.22136109259258,54.0,55.58400000000002,36.61426596138214,19.0
-1,-75.73775316823902,20.01462776851847,45.0,46.75200000000001,28.985753168239015,18.0
-1,-92.78934842539029,19.56384167592589,48.0,52.89600000000002,39.89334842539024,18.0
-1,-86.68231236120721,19.963332347222163,52.0,54.24000000000002,32.44231236120719,18.0
-1,-84.93509548511157,15.730814152777784,48.0,54.72000000000001,30.21509548511156,17.0
-1,-86.03572154997445,20.80371789351848,58.0,62.59200000000003,23.443721549974427,15.0
-1,-81.32019502873266,13.960236712962969,45.0,49.536000000000016,31.784195028732636,19.0
-1,-108.85522731649448,15.26806556018516,54.0,74.40000000000003,34.455227316494444,22.0
-1,-94.83930012356156,19.10814884259257,53.0,57.98400000000003,36.85530012356153,18.0
-1,-88.07992114989975,21.280986101851788,62.0,61.248000000000026,26.83192114989972,15.0
-1,-72.75438286314048,17.133066819444434,46.0,48.09600000000002,24.658382863140467,11.0
-1,-89.19320319261868,18.54750161574072,55.0,55.48800000000003,33.70520319261866,18.0
-1,-99.35402494142804,16.675460912037003,49.0,67.20000000000002,32.15402494142801,19.0
-1,-72.81085220977978,10.282084236111109,45.0,43.29600000000001,29.51485220977978,19.0
-1,-86.07473948290775,18.53410109259258,44.0,50.78400000000002,35.29073948290773,19.0
-1,-90.78190509808512,14.5993991898148,52.0,58.56000000000003,32.221905098085095,19.0
-1,-86.44682542154804,26.09710212499998,58.0,60.672000000000025,25.77482542154801,12.0
-1,-115.09145149097478,17.44276861574073,62.0,66.81600000000003,48.27545149097474,24.0
-1,-82.3347170373326,17.66472570833333,45.0,53.08800000000001,29.246717037332584,20.0
-1,-88.45350660864355,17.878891893518485,45.0,49.34400000000002,39.10950660864353,19.0
-1,-89.44008450561658,16.737655388888864,54.0,57.40800000000002,32.03208450561656,18.0
-1,-95.9896399365921,19.811798277777733,60.0,61.15200000000002,34.83763993659208,17.0
-1,-94.49799946187204,23.77049174537032,63.0,60.096000000000025,34.401999461872,18.0
-1,-90.94295674708798,16.30910549537035,44.0,51.16800000000002,39.77495674708796,21.0
-1,-83.82492269491043,19.31049098148145,48.0,52.416000000000025,31.4089226949104,14.0
-1,-99.59452015785324,15.000992226851846,49.0,57.98400000000002,41.61052015785324,21.0
-1,-114.78667111737056,17.91182529629624,60.0,72.00000000000003,42.78667111737055,22.0
-1,-97.2630355633295,20.794835374999916,51.0,57.88800000000002,39.37503556332948,21.0
-1,-98.97131213375692,19.769924328703645,50.0,52.22400000000002,46.74731213375691,22.0
-1,-122.5434001458502,18.509707870370303,54.0,68.16000000000003,54.38340014585019,23.0
-1,-90.20479609523484,21.592460032407367,53.0,55.29600000000002,34.908796095234834,15.0
-1,-104.47313245656228,22.172366018518424,66.0,73.63200000000003,30.841132456562235,20.0
-1,-106.25090378781042,14.737552060185148,58.0,72.28800000000003,33.96290378781039,17.0
-1,-82.21326858774081,15.213893231481492,50.0,56.83200000000002,25.38126858774079,13.0
-1,-112.86215658089024,17.849797115740692,57.0,67.10400000000003,45.7581565808902,20.0
-1,-94.20120917475164,18.715706981481432,47.0,55.10400000000001,39.09720917475161,17.0
-1,-103.3546361145656,13.027350666666663,56.0,58.27200000000003,45.08263611456559,24.0
-1,-86.86867173536174,18.14481437499994,54.0,56.25600000000002,30.612671735361715,18.0
-1,-86.44619571808524,23.85329873148141,59.0,57.31200000000001,29.134195718085227,17.0
-1,-89.98728798226979,15.425068078703696,57.0,66.432,23.555287982269792,14.0
-1,-87.18003370462077,18.55062322222222,48.0,55.58400000000001,31.59603370462076,17.0
-1,-96.21474700487546,17.46916124537035,55.0,53.376000000000026,42.83874700487544,22.0
-1,-76.7972957775022,16.934860518518533,49.0,52.224000000000025,24.57329577750218,17.0
-1,-79.00068498513876,16.00037603703703,52.0,51.74400000000002,27.256684985138737,16.0
-1,-101.83717515629044,22.710791134259196,58.0,67.48800000000003,34.3491751562904,18.0
-1,-88.06010495402043,21.166338699074032,53.0,59.52000000000002,28.5401049540204,15.0
-1,-79.32424077171649,16.89272335185184,44.0,44.448000000000015,34.87624077171648,18.0
-1,-97.62673723476424,19.58894712499998,60.0,62.11200000000003,35.51473723476422,18.0
-1,-91.98373220506583,17.469084722222195,56.0,59.61600000000001,32.36773220506583,16.0
-1,-91.50286987026972,20.640570972222136,59.0,55.77600000000003,35.726869870269695,18.0
-1,-141.66896621724993,22.180023782407307,70.0,86.97600000000004,54.692966217249904,23.0
-1,-92.3040555778361,16.30575049074072,48.0,51.64800000000002,40.65605557783607,21.0
-1,-90.8045266568607,17.703430444444404,52.0,56.16000000000003,34.64452665686067,19.0
-1,-92.57871209748215,22.932603087962903,69.0,70.94400000000005,21.63471209748211,11.0
-1,-83.98439987188212,16.685503124999958,55.0,59.90400000000001,24.080399871882108,15.0
-1,-85.08839606039021,15.065455986111123,59.0,54.91200000000001,30.176396060390204,18.0
-1,-85.4628201452332,16.089510842592585,52.0,51.648000000000025,33.81482014523316,18.0
-1,-140.44701465063866,19.37497595833323,66.0,81.60000000000004,58.84701465063861,22.0
-1,-94.86838422603498,12.438618333333334,54.0,55.39200000000002,39.47638422603495,22.0
-1,-112.91115681073056,21.054573856481426,64.0,65.85600000000004,47.0551568107305,20.0
-1,-101.05669951979364,20.272316337962884,60.0,63.64800000000003,37.40869951979359,19.0
-1,-85.98650691744683,14.552745236111118,45.0,50.01600000000001,35.97050691744682,19.0
-1,-89.5851020149475,13.390552666666638,59.0,70.17600000000002,19.40910201494748,13.0
-1,-76.38994819448702,9.960674162037026,39.0,52.80000000000002,23.589948194487,17.0
-1,-93.12835040340032,16.8189155833333,64.0,74.40000000000002,18.72835040340032,11.0
-1,-80.38459155421948,17.167244624999984,55.0,53.280000000000015,27.104591554219464,16.0
-1,-99.24961607849492,23.066295759259205,59.0,68.06400000000004,31.185616078494867,17.0
-1,-86.6704945821948,8.187590939814825,46.0,55.20000000000002,31.47049458219478,18.0
-1,-95.41735133964436,20.41061746759256,58.0,70.27200000000003,25.145351339644336,14.0
-1,-74.69219828935651,19.61186455092593,51.0,48.576000000000015,26.116198289356493,15.0
-1,-89.48613522513195,15.439540694444414,47.0,46.46400000000002,43.022135225131926,23.0
-1,-99.9002124768229,14.138444662037028,53.0,53.088000000000015,46.812212476822886,22.0
-1,-87.01408333345836,13.633300050925904,50.0,54.240000000000016,32.774083333458336,21.0
-1,-100.47781913964866,19.46404803703697,54.0,58.84800000000003,41.62981913964863,23.0
-1,-97.36363698784912,13.67851994444444,50.0,54.43200000000002,42.93163698784912,25.0
-1,-101.32828117719012,24.263587763888808,60.0,60.19200000000003,41.1362811771901,18.0
-1,-87.55095623476501,14.76866637962962,47.0,52.12800000000003,35.422956234764975,20.0
-1,-78.40724773080994,9.957562217592596,37.0,49.15200000000001,29.25524773080993,20.0
-1,-81.93669478225448,16.37709521296295,54.0,59.80800000000002,22.128694782254463,14.0
-1,-88.23837605286086,15.69688462037035,54.0,52.60800000000002,35.63037605286084,20.0
-1,-84.14080178959867,18.169870671296263,48.0,46.27200000000002,37.86880178959864,19.0
-1,-108.57130518757,18.706519476851778,54.0,61.05600000000003,47.51530518756996,21.0
-1,-89.09225630084549,18.54865461111109,47.0,53.18400000000002,35.90825630084548,19.0
-1,-90.82692183556652,16.23361367129629,51.0,55.58400000000003,35.24292183556648,16.0
-1,-62.4569017070717,13.740420527777784,33.0,37.632000000000005,24.824901707071696,17.0
-1,-82.75970780711768,20.268410861111068,62.0,56.92800000000002,25.83170780711765,17.0
-1,-91.81736769761856,15.460620402777748,55.0,53.28000000000002,38.53736769761853,21.0
-1,-85.82348694887615,11.997623569444444,53.0,51.26400000000002,34.55948694887613,18.0
-1,-90.5825909694037,14.22280051851851,50.0,54.33600000000002,36.24659096940368,21.0
-1,-90.19889559755669,17.1892103148148,55.0,57.79200000000002,32.406895597556655,18.0
-1,-91.05292893814138,20.24467962037033,53.0,51.840000000000025,39.21292893814135,18.0
-1,-84.90669779129038,15.9891892546296,38.0,47.616000000000014,37.29069779129038,19.0
-1,-72.8327976046871,18.50060475,44.0,52.80000000000001,20.032797604687087,15.0
-1,-94.74849606565095,20.069374236111045,55.0,53.952000000000034,40.79649606565091,22.0
-1,-94.53104179069967,15.65047030555556,43.0,51.648000000000025,42.88304179069964,21.0
-1,-101.8939043515718,16.337215888888842,58.0,63.26400000000004,38.62990435157176,21.0
-1,-96.86396376029684,14.88728866203702,56.0,52.99200000000002,43.87196376029683,25.0
-1,-91.42516874148248,19.273269203703705,44.0,50.68800000000002,40.73716874148244,19.0
-1,-77.81985978270738,16.683728574074053,55.0,49.82400000000002,27.995859782707367,18.0
-1,-99.35778383811922,23.0028260277777,61.0,58.65600000000001,40.70178383811921,19.0
-1,-88.40019108141342,19.60763230092589,53.0,55.29600000000002,33.1041910814134,15.0
-1,-89.73213320807145,14.33628277777779,36.0,43.58400000000001,46.14813320807144,23.0
-1,-107.03995555149494,18.145229861111048,61.0,63.64800000000003,43.39195555149491,21.0
-1,-85.57977166127105,13.7579958888889,47.0,56.06400000000003,29.51577166127102,19.0
-1,-95.157884372047,14.57442550462962,47.0,47.90400000000001,47.253884372047,23.0
-1,-87.0541488194424,14.415062828703702,46.0,41.18400000000001,45.87014881944239,21.0
-1,-85.58986038759318,16.331067930555545,49.0,58.17600000000002,27.413860387593147,16.0
-1,-76.76194852774964,11.634586740740737,41.0,43.96800000000001,32.793948527749635,23.0
-1,-74.76191903150372,12.069205078703702,39.0,43.96800000000001,30.793919031503712,18.0
-1,-89.28625035411187,23.984628847222183,55.0,54.91200000000003,34.37425035411185,15.0
-1,-95.4008631415808,20.664765212962887,55.0,54.91200000000002,40.48886314158078,20.0
-1,-79.22969617742271,18.21646394907409,48.0,46.84800000000002,32.38169617742269,16.0
-1,-82.27990287403789,13.160302675925903,37.0,50.40000000000001,31.879902874037874,20.0
-1,-103.5209211906992,17.322991495370317,56.0,61.82400000000004,41.69692119069917,21.0
-1,-80.8087766871107,16.25402501388888,49.0,51.93600000000002,28.872776687110672,16.0
-1,-76.44947990869892,20.83853786111109,53.0,49.34400000000002,27.105479908698904,15.0
-1,-97.06071770042254,18.03920797685183,60.0,60.96000000000004,36.10071770042251,19.0
-1,-99.84065069166442,19.723550574074007,60.0,64.70400000000004,35.13665069166438,20.0
-1,-82.79336979060497,15.610384680555526,41.0,49.92000000000002,32.87336979060495,19.0
-1,-89.27698611390954,19.20678838425924,42.0,48.28800000000002,40.988986113909526,19.0
-1,-145.03200975106776,17.168767930555497,67.0,94.08000000000006,50.952009751067706,25.0
-1,-100.4736186073151,17.155022185185153,52.0,57.31200000000002,43.16161860731508,20.0
-1,-99.96370240974612,14.656838004629638,46.0,49.34400000000002,50.61970240974612,23.0
-1,-103.67469503672248,24.99459399999994,61.0,63.648000000000025,40.02669503672245,18.0
-1,-77.13166398061952,14.903784648148138,48.0,45.024000000000015,32.107663980619506,20.0
-1,-78.69401695608423,15.892301291666657,47.0,51.84000000000002,26.85401695608421,14.0
-1,-80.40514224253529,17.238929657407397,42.0,52.60800000000001,27.79714224253528,15.0
-1,-69.6012408165894,17.738187662037035,49.0,56.25600000000002,13.345240816589373,11.0
-1,-98.49258373085188,21.365240717592552,59.0,57.02400000000003,41.46858373085186,19.0
-1,-88.13273736483998,19.488572041666615,56.0,53.47200000000002,34.66073736483996,18.0
-1,-98.49760421077929,19.63377149999997,53.0,53.376000000000026,45.12160421077925,23.0
-1,-90.4121662263824,14.251576328703711,46.0,47.13600000000002,43.27616622638237,21.0
-1,-79.63703122601609,14.537774828703707,48.0,48.672000000000025,30.965031226016063,18.0
-1,-94.73757669489424,17.871246421296277,45.0,51.36000000000003,43.37757669489421,18.0
-1,-105.0664049322746,19.27222581018513,57.0,60.86400000000003,44.20240493227456,20.0
-1,-77.15190148113308,13.007067782407397,42.0,50.88000000000002,26.271901481133057,15.0
-1,-77.15134080228864,16.270101800925914,42.0,51.64800000000001,25.50334080228864,15.0
-1,-78.39805692800441,13.988695814814813,43.0,48.67200000000002,29.72605692800439,16.0
-1,-102.55290669348722,15.71592741666665,48.0,61.34400000000002,41.2089066934872,19.0
-1,-92.75519940979363,18.76142410648141,52.0,55.10400000000001,37.65119940979363,20.0
-1,-67.04391060664491,17.241704004629636,46.0,43.87200000000001,23.171910606644907,16.0
-1,-87.5130669733709,22.091393782407344,51.0,51.26400000000002,36.24906697337087,19.0
-1,-81.70068362284735,15.556651939814818,45.0,52.80000000000001,28.900683622847342,18.0
-1,-107.91535467660624,16.76164289351847,62.0,58.84800000000004,49.0673546766062,26.0
-1,-95.82738981351427,17.33243784259257,47.0,54.33600000000002,41.49138981351426,20.0
-1,-90.32915630744154,19.893461282407383,57.0,52.32000000000002,38.00915630744151,20.0
-1,-91.23513409558852,23.12236292129627,62.0,57.312000000000026,33.923134095588495,14.0
-1,-115.96461843978656,19.439207356481397,61.0,72.86400000000005,43.10061843978651,22.0
-1,-86.52251970608654,18.12767753703698,44.0,51.07200000000002,35.450519706086524,20.0
-1,-99.73530551675572,13.929439777777771,50.0,52.89600000000003,46.83930551675569,23.0
-1,-104.77313456453211,19.20425363425924,63.0,69.40800000000004,35.36513456453208,18.0
-1,-94.85070924408652,17.10395675462963,47.0,60.57600000000002,34.27470924408649,20.0
-1,-91.19780380627816,21.484541310185115,51.0,51.26400000000002,39.933803806278135,18.0
-1,-88.32330511317961,20.508687032407384,59.0,62.49600000000002,25.827305113179595,16.0
-1,-73.60450054604455,13.191624212962967,45.0,48.00000000000002,25.60450054604453,16.0
-1,-93.41502727575843,19.76703057870364,58.0,64.32000000000004,29.095027275758405,18.0
-1,-89.81675610165726,18.377459740740708,49.0,51.55200000000002,38.264756101657234,19.0
-1,-111.36773734363511,21.18937048611106,55.0,62.208000000000034,49.159737343635086,18.0
-1,-71.99289037182078,26.04926152777772,56.0,53.85600000000002,18.136890371820748,8.0
-1,-105.32031318252037,16.693554078703695,61.0,66.14400000000002,39.17631318252033,19.0
-1,-95.52066353711312,18.20027479629625,54.0,56.35200000000003,39.16866353711308,21.0
-1,-82.9834302934859,23.79667313425924,64.0,57.504000000000026,25.47943029348588,12.0
-1,-112.29742632024808,20.495081472222147,69.0,76.32000000000004,35.97742632024804,20.0
-1,-82.74948801405878,17.331571481481465,55.0,52.60800000000002,30.14148801405876,16.0
-1,-90.08591795055656,22.315061740740692,51.0,52.512000000000015,37.57391795055656,18.0
-1,-87.71473427211046,17.92429799537036,50.0,49.632000000000026,38.08273427211043,20.0
-1,-86.3356795018854,17.192339162037,61.0,57.02400000000002,29.31167950188537,20.0
-1,-80.86032794522708,16.65629969907408,46.0,45.024000000000015,35.83632794522708,18.0
-1,-68.50277381070092,16.857328773148147,50.0,52.800000000000026,15.702773810700885,9.0
-1,-85.17111068908073,21.96978520833329,54.0,56.544000000000025,28.627110689080705,15.0
-1,-83.60626178931318,22.22782538888885,58.0,52.41600000000002,31.19026178931316,16.0
-1,-89.17785029616664,17.665109050925878,55.0,54.81600000000003,34.36185029616661,18.0
-1,-99.26120766296523,18.609694310185148,60.0,69.21600000000002,30.045207662965204,18.0
-1,-79.95356543513816,13.526306791666668,50.0,52.89600000000002,27.057565435138144,19.0
-1,-71.28584418563781,16.82700754166666,52.0,50.20800000000003,21.07784418563779,14.0
-1,-135.0852166010116,20.186760361111027,65.0,92.25600000000006,42.82921660101154,19.0
-1,-104.56751957926976,20.05838045833329,60.0,59.52000000000003,45.04751957926975,22.0
-1,-74.55722069912397,12.612324745370378,42.0,46.08000000000001,28.477220699123954,18.0
-1,-82.44491096152396,17.21695744444442,44.0,48.000000000000014,34.444910961523945,17.0
-1,-91.27067062206208,19.413104874999977,53.0,47.61600000000003,43.654670622062056,18.0
-1,-103.52341496585596,18.56041625925924,50.0,59.13600000000003,44.38741496585592,22.0
-1,-83.77755907372526,19.455172481481476,46.0,45.79200000000001,37.985559073725256,19.0
-1,-87.78689337446448,18.25794918055552,48.0,55.776000000000025,32.01089337446446,18.0
-1,-87.01477769279006,17.13270542129628,48.0,55.48800000000002,31.526777692790034,16.0
-1,-121.92825883847598,15.78860074999997,55.0,65.76000000000003,56.16825883847595,25.0
-1,-86.59899354849962,19.575895430555576,56.0,55.39200000000001,31.20699354849961,17.0
-1,-91.5089147232264,17.287700314814778,51.0,57.31200000000003,34.196914723226385,21.0
-1,-128.28242695960773,17.07811175925924,61.0,76.12800000000004,52.15442695960769,21.0
-1,-85.94899729165414,15.018564347222208,45.0,54.52800000000002,31.420997291654125,18.0
-1,-94.24210079265896,17.286274291666647,50.0,57.02400000000002,37.21810079265894,21.0
-1,-83.87219132069671,22.17327016666664,65.0,63.07200000000003,20.80019132069669,12.0
-1,-90.59249793689472,17.60741387037036,49.0,43.20000000000002,47.39249793689469,24.0
-1,-87.32310858794274,16.41613727314813,64.0,57.31200000000003,30.01110858794271,20.0
-1,-91.8553593765256,17.02190714814816,49.0,56.25600000000003,35.59935937652558,17.0
-1,-88.68152562845194,19.88470014814808,49.0,55.68000000000003,33.001525628451915,19.0
-1,-86.49531012545027,17.38237193518516,53.0,56.928000000000026,29.56731012545025,17.0
-1,-96.49104202564271,20.2107596944444,56.0,55.10400000000003,41.387042025642685,18.0
-1,-84.8143262331515,16.071728055555546,54.0,58.36800000000002,26.44632623315148,16.0
-1,-86.36665848839014,15.561120680555526,44.0,57.120000000000026,29.246658488390118,18.0
-1,-74.42105934980663,16.5841753472222,51.0,51.07200000000002,23.349059349806616,16.0
-1,-89.14562427470929,18.806649685185185,59.0,54.33600000000003,34.80962427470926,19.0
-1,-78.57481579575231,15.238307129629622,48.0,55.29600000000002,23.278815795752298,14.0
-1,-99.6718106100342,17.82540934722222,55.0,59.904000000000025,39.7678106100342,19.0
-1,-77.6060544838902,13.959963064814806,49.0,48.86400000000002,28.742054483890183,16.0
-1,-63.61505438267909,14.043531597222222,54.0,48.672000000000025,14.943054382679062,9.0
-1,-86.1539071359349,23.27482490740736,64.0,58.27200000000003,27.88190713593488,16.0
-1,-90.44540031818887,12.545047587962957,38.0,48.19200000000002,42.25340031818887,22.0
-1,-96.2122196328133,14.55175561111112,54.0,63.93600000000003,32.27621963281327,16.0
-1,-93.21219865813046,21.43428846759254,68.0,66.43200000000004,26.780198658130416,16.0
-1,-83.89322762226446,17.43613800925924,45.0,58.75200000000002,25.14122762226444,17.0
-1,-92.62966349901392,17.316306990740728,51.0,51.840000000000025,40.78966349901391,18.0
-1,-80.14086672020719,21.28895604629627,54.0,57.40800000000003,22.732866720207152,14.0
-1,-84.29075834213685,16.371058300925938,49.0,56.16000000000002,28.130758342136836,18.0
-1,-85.16672528833888,16.151978314814784,51.0,59.13600000000002,26.030725288338857,16.0
-1,-73.91046097067957,14.630536083333324,38.0,38.400000000000006,35.51046097067955,20.0
-1,-93.28486327154636,19.594478439814782,51.0,58.46400000000001,34.82086327154636,18.0
-1,-91.98752367258498,14.856981652777751,51.0,60.38400000000003,31.60352367258496,21.0
-1,-92.65235670056596,15.02172912037035,55.0,56.06400000000003,36.588356700565946,23.0
-1,-86.06904675447078,22.74698486574073,49.0,50.11200000000002,35.95704675447075,17.0
-1,-94.47663267057348,17.331141412037017,54.0,58.36800000000003,36.10863267057344,18.0
-1,-103.27772570821855,20.977481129629545,69.0,70.08000000000003,33.197725708218535,17.0
-1,-88.60662292618667,20.06193724999994,63.0,66.91200000000003,21.694622926186632,13.0
-1,-94.64164774282364,21.784453249999917,59.0,65.66400000000002,28.977647742823624,16.0
-1,-92.42013679372263,22.718733171296247,63.0,57.98400000000003,34.43613679372261,16.0
-1,-93.37020749317878,21.24834798611106,60.0,60.48000000000002,32.89020749317876,18.0
-1,-106.79552329436524,21.759026361111037,58.0,68.73600000000003,38.05952329436522,22.0
-1,-105.42647046427888,20.58221031018512,63.0,66.24000000000001,39.18647046427887,19.0
-1,-82.10250227734025,20.25073897222219,59.0,65.95200000000003,16.150502277340223,12.0
-1,-90.94417237424028,21.368369351851825,52.0,50.68800000000002,40.256172374240265,19.0
-1,-74.1614277909345,14.835863314814826,44.0,46.65600000000001,27.50542779093448,17.0
-1,-87.0334187598393,17.81301715277777,58.0,58.56000000000002,28.47341875983928,18.0
-1,-100.95022394122236,18.128410643518496,61.0,69.69600000000003,31.25422394122234,19.0
-1,-86.81751084332258,21.004172513888843,60.0,64.70400000000002,22.113510843322555,15.0
-1,-95.84661058792138,21.06741143981477,64.0,66.81600000000002,29.03061058792136,17.0
-1,-95.75385812306482,19.81871165740738,60.0,62.40000000000003,33.35385812306479,16.0
-1,-109.75986583984724,14.43661926851851,53.0,63.93600000000003,45.8238658398472,20.0
-1,-89.15388436055392,18.35417490277775,54.0,58.27200000000002,30.8818843605539,19.0
-1,-98.16243296188075,13.749523486111125,49.0,50.30400000000002,47.85843296188075,23.0
-1,-109.62711009205702,17.083288652777743,61.0,70.75200000000004,38.87511009205698,21.0
-1,-95.88575209372506,25.051828874999934,62.0,62.016000000000034,33.869752093725026,17.0
-1,-95.86006616188956,21.61891808796291,59.0,63.26400000000002,32.59606616188954,19.0
-1,-70.40896599345895,14.859750986111097,47.0,49.92000000000001,20.488965993458944,12.0
-1,-94.4230619779796,13.767071851851847,43.0,54.24000000000003,40.18306197797958,19.0
-1,-108.75211691952924,19.67249774999988,59.0,66.14400000000002,42.60811691952922,22.0
-1,-97.40948841810702,19.70400327777774,64.0,66.43200000000003,30.97748841810699,18.0
-1,-91.42710051823153,16.036613439814804,48.0,51.840000000000025,39.587100518231495,21.0
-1,-83.3647441439231,13.93494627777778,38.0,45.02400000000001,38.340744143923104,19.0
-1,-78.40320334272693,13.77461813888888,43.0,47.04000000000001,31.363203342726905,18.0
-1,-83.68599257045112,21.302441074074,61.0,60.480000000000025,23.205992570451095,13.0
-1,-78.4090947764301,12.101490203703714,41.0,43.00800000000002,35.40109477643008,21.0
-1,-70.32233302260266,12.496938962962972,44.0,46.84800000000001,23.474333022602647,17.0
-1,-89.03754524812783,15.702145495370342,51.0,50.97600000000002,38.0615452481278,23.0
-1,-94.61894351301648,16.85327342592592,53.0,54.52800000000003,40.09094351301647,19.0
-1,-99.80554748997662,18.12407912037031,57.0,60.864000000000026,38.9415474899766,20.0
-1,-72.79375899829307,16.716738749999973,45.0,45.024000000000015,27.76975899829305,16.0
-1,-80.7172456951676,16.105907467592594,49.0,47.04000000000002,33.67724569516758,19.0
-1,-78.63919217686406,17.032175912037026,44.0,49.72800000000001,28.911192176864045,18.0
-1,-111.94061064699032,16.90940376388889,48.0,56.928000000000026,55.0126106469903,22.0
-1,-84.27948073054253,18.26885834722217,53.0,60.96000000000003,23.31948073054249,17.0
-1,-85.50051547296553,15.815031898148122,47.0,61.44000000000002,24.06051547296552,14.0
-1,-91.95286827486444,20.647286189814768,56.0,56.736000000000026,35.216868274864424,19.0
-1,-73.01031706204554,16.609602689814785,46.0,49.728000000000016,23.28231706204552,16.0
-1,-107.73261972875304,18.915313953703635,60.0,71.42400000000004,36.308619728753,19.0
-1,-94.27411864299997,17.246320148148147,43.0,48.67200000000002,45.60211864299994,21.0
-1,-79.6577629772612,13.350312453703705,37.0,46.27200000000001,33.38576297726118,19.0
-1,-88.82150890648782,24.869036064814765,55.0,55.96800000000002,32.853508906487804,16.0
-1,-80.3263114836476,13.483096782407394,39.0,46.75200000000002,33.57431148364759,21.0
-1,-89.83038745586819,17.0144949861111,55.0,60.48000000000002,29.35038745586817,16.0
-1,-100.9358894172182,22.256049902777686,58.0,61.056000000000026,39.879889417218166,21.0
-1,-103.15643086431604,20.333815375000007,64.0,62.49600000000002,40.66043086431603,19.0
-1,-73.08837350886617,23.475315277777764,57.0,50.97600000000001,22.11237350886616,11.0
-1,-101.17512084255782,21.5468676527777,51.0,59.04000000000003,42.13512084255778,20.0
-1,-89.21818318229303,16.23667922685182,54.0,63.840000000000025,25.37818318229301,17.0
-1,-87.88647904689762,13.78268483333332,41.0,47.90400000000001,39.98247904689761,21.0
-1,-102.883928309806,19.522328972222184,62.0,70.17600000000003,32.70792830980598,20.0
-1,-95.45463229942088,16.246284791666646,56.0,55.39200000000002,40.062632299420855,23.0
-1,-89.61388378692332,24.411139851851782,61.0,63.64800000000003,25.965883786923296,15.0
-1,-94.17390244759127,17.46095625925924,51.0,59.32800000000003,34.84590244759125,19.0
-1,-101.124731895067,21.393282532407405,53.0,62.49600000000002,38.62873189506696,17.0
-1,-80.8706426002657,18.281425842592583,56.0,52.224000000000025,28.646642600265675,17.0
-1,-87.97243774321075,18.461891930555545,57.0,53.472000000000016,34.50043774321074,20.0
-1,-75.48535320901269,16.41696017129631,56.0,48.86400000000002,26.621353209012668,18.0
-1,-98.85673688421257,16.702297064814786,59.0,64.41600000000003,34.44073688421253,21.0
-1,-95.51909295230244,20.26454450925924,53.0,51.93600000000002,43.5830929523024,21.0
-1,-86.76854373011278,15.812905564814807,56.0,60.28800000000001,26.480543730112775,17.0
-1,-91.0446383951415,22.716460384259225,59.0,61.15200000000002,29.89263839514148,16.0
-1,-83.50208306544839,20.10636408796294,52.0,55.58400000000002,27.91808306544837,16.0
-1,-98.53297183323043,21.628389819444376,63.0,60.57600000000002,37.95697183323042,21.0
-1,-98.97690862504788,20.80916207407406,72.0,69.02400000000004,29.952908625047844,16.0
-1,-82.57503927887493,15.647259111111108,47.0,45.69600000000001,36.87903927887492,20.0
-1,-94.39181244075982,22.972714953703644,58.0,56.064000000000014,38.3278124407598,18.0
-1,-73.46001182876219,14.99311338888888,45.0,46.08000000000002,27.38001182876217,16.0
-1,-78.1340135205403,23.475966560185128,56.0,50.88,27.254013520540298,16.0
-1,-84.05279443502118,14.949732439814806,53.0,52.32000000000001,31.732794435021184,19.0
-1,-96.31566748956772,23.26237249074069,60.0,64.03200000000002,32.283667489567705,15.0
-1,-91.1864768330666,16.11231160185183,39.0,51.26400000000001,39.92247683306659,19.0
-1,-80.20062031568509,14.029548388888896,43.0,48.86400000000002,31.33662031568506,19.0
-1,-95.67838814508264,15.28791316203703,56.0,63.16800000000002,32.51038814508263,19.0
-1,-91.27573202881908,18.385770870370354,53.0,58.08000000000002,33.19573202881907,18.0
-1,-105.48069334142303,18.74299618981476,65.0,76.03200000000004,29.448693341422988,16.0
-1,-98.00450503363312,22.60103160648144,70.0,66.72000000000003,31.284505033633085,19.0
-1,-74.02913802397592,14.890445037037027,40.0,44.64000000000001,29.389138023975907,16.0
-1,-80.06584843555865,12.41362344444444,48.0,45.88800000000002,34.17784843555862,21.0
-1,-93.51353306601578,18.74051209722219,52.0,54.24000000000002,39.27353306601575,21.0
-1,-89.56642718121029,14.382283935185187,54.0,52.32000000000003,37.24642718121026,22.0
-1,-87.51188270252642,21.31386472222218,59.0,58.75200000000002,28.7598827025264,15.0
-1,-97.21984685975112,24.71378358333326,51.0,55.39200000000003,41.82784685975111,17.0
-1,-85.33586182344524,13.047474115740709,37.0,44.16000000000001,41.17586182344523,23.0
-1,-90.87738932768724,22.545805277777703,56.0,58.27200000000003,32.60538932768723,16.0
-1,-89.07535075247486,18.32245405555552,53.0,56.640000000000015,32.435350752474854,20.0
-1,-75.60111404952502,18.553691995370347,49.0,55.20000000000002,20.40111404952501,12.0
-1,-88.29898460382742,18.103399847222185,51.0,57.69600000000002,30.60298460382741,21.0
-1,-72.98704282536252,12.971777268518505,51.0,52.99200000000001,19.99504282536251,15.0
-1,-69.84941727880157,18.404312134259243,45.0,40.896000000000015,28.953417278801552,15.0
-1,-95.53294806225868,15.892839004629607,48.0,57.60000000000002,37.93294806225866,22.0
-1,-83.5697228149566,14.8712652638889,43.0,49.72800000000002,33.841722814956576,19.0
-1,-97.9759428197783,22.392866652777744,55.0,53.47200000000003,44.50394281977827,19.0
-1,-92.88880614437984,13.903954541666655,49.0,53.37600000000002,39.51280614437982,18.0
-1,-88.84095833925987,19.21300290277774,46.0,51.744000000000014,37.09695833925986,20.0
-1,-87.74968287924224,14.177390379629614,41.0,52.32000000000002,35.42968287924223,21.0
-1,-96.78396308598415,14.843722949074046,54.0,56.64000000000002,40.14396308598413,21.0
-1,-113.50485645015225,24.091154111111116,66.0,68.54400000000004,44.96085645015221,19.0
-1,-80.55301681699905,15.691993402777776,46.0,51.45600000000002,29.09701681699903,16.0
-1,-113.72187655782328,20.17273650925923,67.0,78.14400000000005,35.57787655782323,18.0
-1,-116.3541474501537,19.445005120370336,69.0,78.72000000000003,37.63414745015367,20.0
-1,-83.63808199045397,20.036669833333296,53.0,53.56800000000002,30.070081990453943,17.0
-1,-114.63348063079134,18.685499365740725,67.0,72.67200000000004,41.9614806307913,21.0
-1,-96.60200855005044,17.06298757407406,56.0,67.00800000000002,29.5940085500504,17.0
-1,-84.63991706029785,13.136395245370382,46.0,55.10400000000001,29.535917060297827,15.0
-1,-91.93412094289778,19.1777185972222,58.0,55.48800000000003,36.44612094289776,19.0
-1,-99.2835500240271,19.449307708333283,54.0,59.904000000000025,39.37955002402707,18.0
-1,-100.73899287026045,17.137987499999998,63.0,64.51200000000001,36.22699287026042,18.0
-1,-89.69555542911004,13.135953643518498,54.0,56.06400000000002,33.63155542911002,19.0
-1,-73.30372360395015,15.18822683333332,40.0,50.20800000000002,23.09572360395013,17.0
-1,-109.72032889223412,20.015536037036963,61.0,64.89600000000003,44.824328892234085,24.0
-1,-93.9777221101035,17.91279541203705,47.0,51.16800000000001,42.809722110103486,22.0
-1,-92.6900020869582,16.94104651851849,62.0,72.09600000000003,20.594002086958174,13.0
-1,-93.44739945620393,17.040026708333325,52.0,60.288000000000025,33.15939945620391,20.0
-1,-80.63738133998973,16.91388275925926,51.0,56.928000000000026,23.709381339989697,14.0
-1,-91.32066634001866,22.007287824074023,56.0,50.30400000000003,41.01666634001863,19.0
-1,-77.23568753651284,21.2984112546296,52.0,55.48800000000002,21.747687536512824,15.0
-1,-78.45442793581145,21.54508227777772,49.0,45.216000000000015,33.23842793581144,16.0
-1,-95.9128258616218,18.55349300925925,56.0,57.312000000000026,38.600825861621786,20.0
-1,-70.82536880480477,13.018821087962952,43.0,51.744000000000014,19.08136880480476,13.0
-1,-86.18420110367938,15.956478370370387,43.0,53.856000000000016,32.32820110367936,17.0
-1,-90.49525692506135,21.000301782407394,60.0,58.36800000000003,32.12725692506134,19.0
-1,-95.87150138307284,15.695882097222231,47.0,54.33600000000002,41.53550138307282,20.0
-1,-95.44806621011504,18.24532749999996,51.0,60.864000000000026,34.58406621011502,18.0
-1,-89.33376908091944,13.545582472222192,48.0,63.55200000000002,25.78176908091941,17.0
-1,-84.9419728929926,12.51966402314815,40.0,45.024000000000015,39.91797289299259,22.0
-1,-85.01623170439925,15.225344074074066,46.0,48.288000000000025,36.72823170439923,20.0
-1,-89.36319043524088,24.323099319444385,63.0,57.88800000000003,31.475190435240847,18.0
-1,-79.9142755699825,9.128500953703703,43.0,46.848000000000006,33.06627556998249,16.0
-1,-97.56358588507716,12.936802342592587,47.0,55.10400000000002,42.45958588507716,20.0
-1,-91.67573961828704,18.98311650925924,51.0,53.28000000000003,38.39573961828701,20.0
-1,-76.63709797571684,17.652661472222213,50.0,46.176000000000016,30.46109797571683,19.0
-1,-84.97049282086238,15.655281606481465,43.0,42.432000000000016,42.53849282086236,23.0
-1,-77.94284735405017,18.310296462963,49.0,47.424000000000014,30.51884735405016,16.0
-1,-88.54424354717727,19.283197453703693,50.0,50.49600000000002,38.04824354717726,17.0
-1,-85.99664096145798,18.11256987499996,52.0,53.95200000000002,32.04464096145796,20.0
-1,-75.16514212075077,17.57571751851848,45.0,50.304000000000016,24.861142120750763,16.0
-1,-91.15629464659496,15.968730518518525,44.0,46.56000000000002,44.59629464659495,22.0
-1,-99.15463086933514,18.43094377777772,58.0,62.592000000000034,36.562630869335095,21.0
-1,-82.1631683807262,13.096125986111112,43.0,48.86400000000002,33.299168380726194,20.0
-1,-87.69653567365756,14.128329467592591,45.0,54.33600000000003,33.360535673657544,22.0
-1,-81.68896889132134,21.140728509259187,53.0,56.83200000000002,24.856968891321312,14.0
-1,-93.0240855074212,20.096096824074,47.0,55.68000000000002,37.344085507421184,20.0
-1,-88.41019110642817,18.614838833333312,46.0,45.31200000000001,43.09819110642816,19.0
-1,-82.2352552099162,21.96842985648144,46.0,48.48,33.7552552099162,17.0
-1,-71.10593006114563,14.93087849074074,39.0,37.92000000000001,33.18593006114562,20.0
-1,-93.05875621934553,20.228176291666635,59.0,59.61600000000002,33.44275621934551,18.0
-1,-85.8774128630215,13.949929749999988,42.0,53.56800000000001,32.3094128630215,18.0
-1,-83.42392953522766,17.277230990740698,58.0,52.800000000000026,30.623929535227628,21.0
-1,-104.40964161627927,15.25092787499998,49.0,56.352000000000025,48.05764161627926,26.0
-1,-110.7947039964284,14.264201458333302,57.0,78.24000000000004,32.55470399642837,19.0
-1,-71.7208319862622,18.174686671296296,47.0,51.16800000000002,20.55283198626218,12.0
-1,-91.2682029297917,15.701726166666646,44.0,53.280000000000015,37.98820292979169,21.0
-1,-104.03354788612124,17.93181225925922,68.0,63.64800000000003,40.38554788612121,18.0
-1,-90.18190418823096,13.818544083333316,46.0,48.768000000000015,41.41390418823095,21.0
-1,-89.7881039764753,16.28380838888889,49.0,56.06400000000002,33.72410397647527,18.0
-1,-95.19312925468704,16.483177055555515,55.0,60.57600000000003,34.61712925468701,20.0
-1,-95.6052276347782,19.193814990740712,56.0,59.04000000000002,36.56522763477817,19.0
-1,-81.04399054665056,11.959306504629629,49.0,55.680000000000014,25.36399054665055,13.0
-1,-80.07591025700233,16.402590745370368,45.0,52.70400000000002,27.371910257002305,17.0
-1,-91.192485334794,20.08987310648145,59.0,57.79200000000002,33.400485334794,18.0
-1,-81.68905411525039,17.38544481944443,47.0,51.07200000000002,30.61705411525036,16.0
-1,-89.62658493369325,24.387121101851776,70.0,66.62400000000001,23.00258493369325,15.0
-1,-83.28530039543709,20.66453694907402,55.0,50.88000000000002,32.40530039543707,18.0
-1,-97.76795205687188,23.91332391666661,60.0,62.49600000000003,35.271952056871854,19.0
-1,-82.38270178304904,16.194532648148154,56.0,51.93600000000002,30.446701783049026,18.0
-1,-118.75235697201433,18.49961474074072,58.0,68.16000000000003,50.5923569720143,23.0
-1,-86.38134050201343,16.209341731481462,52.0,56.25600000000002,30.125340502013408,20.0
-1,-121.1079831103429,16.23329274999999,52.0,55.87200000000003,65.23598311034287,25.0
-1,-82.5050866739104,19.21611669444439,53.0,50.01600000000001,32.489086673910386,18.0
-1,-97.21233832571347,22.04192128703699,59.0,60.48000000000002,36.73233832571348,19.0
-1,-76.21785346895854,16.321350842592576,55.0,55.58400000000003,20.633853468958502,13.0
-1,-89.32786825945661,17.468651810185158,53.0,53.760000000000026,35.56786825945658,22.0
-1,-91.158699001365,14.15372562037035,47.0,65.66400000000002,25.494699001365,16.0
-1,-77.87920037656805,20.7617147222222,56.0,56.54400000000003,21.335200376568014,15.0
-1,-76.22051914158413,18.327811365740736,59.0,56.64000000000003,19.580519141584112,14.0
-1,-69.31985684185767,16.296955509259256,52.0,54.91200000000002,14.407856841857658,11.0
-1,-93.70547125555264,19.977146888888885,60.0,62.20800000000003,31.497471255552632,17.0
-1,-94.0241593539376,26.225050560185117,60.0,64.41600000000003,29.60815935393756,15.0
-1,-86.2276505224679,17.797162986111108,47.0,57.792000000000016,28.43565052246788,17.0
-1,-93.8514961802654,13.430239736111124,43.0,43.77600000000002,50.0754961802654,24.0
-1,-100.2253762013105,20.11098472222219,63.0,64.51200000000004,35.713376201310446,17.0
-1,-89.2070639722694,18.773466564814747,52.0,66.33600000000003,22.87106397226937,12.0
-1,-79.32116659226573,15.835544430555563,43.0,47.04000000000001,32.28116659226571,17.0
-1,-87.37912529794194,19.86345742592592,49.0,47.71200000000002,39.66712529794192,19.0
-1,-102.38087073721957,26.968818828703608,64.0,70.36800000000004,32.01287073721953,19.0
-1,-105.5801248510033,16.087784851851833,51.0,64.03200000000002,41.54812485100328,20.0
-1,-93.85003975650604,20.890075245370323,60.0,62.68800000000003,31.16203975650601,19.0
-1,-83.26758393790759,14.638752999999992,37.0,44.64000000000001,38.62758393790758,20.0
-1,-91.29495061498888,11.558345939814805,43.0,54.14400000000002,37.15095061498888,24.0
-1,-84.39986731132322,17.444890356481427,56.0,52.416000000000025,31.983867311323188,19.0
-1,-83.38695729770659,17.869416430555546,44.0,45.69600000000001,37.690957297706575,19.0
-1,-73.84519611024552,19.467128569444423,48.0,53.76000000000002,20.085196110245512,13.0
-1,-74.11675973123039,13.041039708333358,38.0,39.84000000000001,34.27675973123038,20.0
-1,-86.62295362732516,16.63003049999997,57.0,58.56000000000003,28.062953627325136,18.0
-1,-72.01535343191806,16.221031726851837,42.0,46.65600000000001,25.359353431918045,15.0
-1,-89.62870618001446,17.371285833333303,47.0,53.47200000000002,36.15670618001444,17.0
-1,-81.21074404406826,21.78468434259256,46.0,51.648000000000025,29.56274404406824,16.0
-1,-105.02002597980776,19.13466867592591,61.0,60.86400000000003,44.15602597980772,20.0
-1,-99.39981508607832,19.1674718611111,64.0,74.40000000000003,24.999815086078293,14.0
-1,-105.72283659852796,15.307766870370363,45.0,56.54400000000002,49.17883659852794,20.0
-1,-93.1543097863165,21.35236872685184,52.0,55.68000000000003,37.47430978631648,16.0
-1,-83.37189441256741,26.97933603703704,63.0,62.97600000000003,20.395894412567387,11.0
-1,-84.67221137810245,9.401497796296294,34.0,43.296000000000014,41.37621137810243,24.0
-1,-100.09116658775552,17.982322513888835,58.0,69.60000000000004,30.49116658775548,15.0
-1,-82.24368517350962,24.64818699999996,66.0,57.60000000000003,24.6436851735096,13.0
-1,-92.38507049850298,18.76673506944437,50.0,59.712000000000025,32.67307049850296,19.0
-1,-79.36670431535005,18.07860620370367,53.0,53.85600000000002,25.510704315350026,14.0
-1,-93.43383436908124,28.61035971759258,68.0,61.440000000000026,31.993834369081195,15.0
-1,-93.56519128787906,17.630104101851824,58.0,55.58400000000002,37.98119128787904,21.0
-1,-79.37179671486165,20.03629785648144,50.0,52.12800000000003,27.243796714861617,16.0
-1,-100.45004793590364,16.66706532870367,53.0,60.57600000000002,39.8740479359036,21.0
-1,-72.44614341104997,18.260553222222185,51.0,52.60800000000001,19.838143411049963,11.0
-1,-94.7523751188557,16.648266032407378,49.0,58.94400000000002,35.808375118855665,19.0
-1,-78.51917177163334,15.63104921759259,44.0,48.19200000000002,30.32717177163332,17.0
-1,-89.02718304521315,19.17607020833333,56.0,57.02400000000002,32.00318304521312,20.0
-1,-125.89077219186782,14.817970337962954,54.0,62.400000000000034,63.4907721918678,26.0
-1,-85.4967937341476,20.384342689814776,46.0,54.33600000000003,31.16079373414757,16.0
-1,-80.84585804518824,19.02992840277772,41.0,55.48800000000003,25.357858045188216,13.0
-1,-78.22990023187226,13.153982546296277,43.0,43.87200000000001,34.35790023187226,19.0
-1,-91.40067162180318,17.519326027777744,50.0,53.76000000000002,37.64067162180317,20.0
-1,-83.51747918383465,18.08469332407404,49.0,52.80000000000001,30.717479183834644,18.0
-1,-94.52738714340798,26.431084041666637,63.0,67.77600000000002,26.751387143407957,15.0
-1,-93.06157859279818,15.422822745370368,43.0,47.424000000000014,45.63757859279816,21.0
-1,-84.40331260677598,19.614299518518497,60.0,60.19200000000003,24.21131260677596,15.0
-1,-79.26992108765027,15.95115294907406,45.0,47.80800000000002,31.461921087650254,19.0
-1,-108.51265907921898,19.02050018981476,53.0,65.66400000000003,42.84865907921895,22.0
-1,-83.69422201029695,18.490723773148115,50.0,55.488000000000014,28.206222010296933,17.0
-1,-64.67912026546678,16.282315157407403,53.0,46.65600000000002,18.02312026546676,11.0
-1,-114.8758176860244,18.99425748148144,50.0,59.61600000000004,55.25981768602435,23.0
-1,-90.25002672562232,14.643025453703675,49.0,54.33600000000003,35.9140267256223,18.0
-1,-109.75360460836444,19.09748859259256,66.0,68.92800000000001,40.82560460836443,20.0
-1,-83.79731483906488,14.443703523148171,43.0,47.904000000000025,35.893314839064864,19.0
-1,-80.50061871207139,17.52054418981479,54.0,53.18400000000001,27.31661871207137,17.0
-1,-78.94166990416794,10.976865898148144,43.0,47.13600000000002,31.80566990416792,20.0
-1,-92.84331884748708,17.93197758796293,43.0,50.88000000000002,41.96331884748706,21.0
-1,-112.24178126951524,20.904875194444383,72.0,74.20800000000001,38.03378126951523,21.0
-1,-110.70572830982898,19.65194483333324,70.0,79.20000000000005,31.50572830982894,17.0
-1,-108.67025866712784,13.981395773148124,52.0,61.53600000000002,47.134258667127824,27.0
-1,-88.84902997754611,19.01875003240737,66.0,56.16000000000001,32.68902997754609,17.0
-1,-93.36038967225906,13.89943463888889,49.0,53.184000000000026,40.17638967225904,22.0
-1,-85.92356150680642,18.35278781481481,51.0,54.24000000000003,31.68356150680639,21.0
-1,-88.26481294133876,17.31006437037034,51.0,61.63200000000003,26.63281294133872,16.0
-1,-73.94023933746993,16.792221916666648,47.0,45.50400000000002,28.43623933746992,19.0
-1,-87.94209156626468,19.31833404629624,55.0,64.51200000000001,23.430091566264657,15.0
-1,-106.43735256355146,18.49631018981476,58.0,75.74400000000004,30.693352563551407,18.0
-1,-84.10212553009484,19.735575898148127,51.0,51.16800000000002,32.93412553009481,20.0
-1,-86.86600638465441,17.79500926851852,52.0,56.832000000000015,30.034006384654404,18.0
-1,-95.0450142073986,16.04618252777776,46.0,49.44000000000002,45.605014207398575,24.0
-1,-88.7096812611653,19.68071468981477,51.0,62.11200000000003,26.597681261165267,16.0
-1,-90.20093147680866,16.851130222222196,50.0,54.62400000000002,35.57693147680864,19.0
-1,-89.50981786146862,16.678488685185187,50.0,52.70400000000002,36.8058178614686,21.0
-1,-83.63064555807546,13.398948986111092,42.0,54.14400000000002,29.48664555807543,17.0
-1,-79.77489604211641,15.945718259259236,53.0,52.800000000000026,26.974896042116377,19.0
-1,-84.81317782528834,15.702762662037024,64.0,65.47200000000002,19.34117782528831,13.0
-1,-105.431135279581,16.586733337962926,48.0,54.336000000000034,51.09513527958099,24.0
-1,-60.536232531873104,11.42938575,44.0,40.512000000000015,20.02423253187309,16.0
-1,-110.69712797745404,22.735065847222145,68.0,76.22400000000003,34.47312797745402,20.0
-1,-84.04031748642166,20.229217870370334,64.0,61.72800000000002,22.31231748642163,15.0
-1,-92.86032380427928,22.777343236111054,57.0,63.07200000000002,29.788323804279266,15.0
-1,-85.03309077853558,26.120930555555525,54.0,57.31200000000002,27.721090778535554,13.0
-1,-73.52980797980776,15.730336018518525,42.0,41.184000000000005,32.34580797980775,21.0
-1,-102.95332141915372,13.74599877314814,47.0,60.864000000000026,42.08932141915368,21.0
-1,-90.31978263556417,25.925421712962912,64.0,69.02400000000003,21.29578263556414,11.0
-1,-87.4355370745577,19.546926689814786,51.0,53.184000000000026,34.251537074557675,18.0
-1,-72.29945884798933,15.24032928703704,46.0,47.52000000000002,24.7794588479893,14.0
-1,-75.55674738719452,18.394914314814795,50.0,51.93600000000003,23.62074738719449,14.0
-1,-95.96093023828422,16.544628462962926,54.0,55.87200000000002,40.088930238284206,23.0
-1,-90.76262534293012,19.31170700462963,57.0,56.64000000000003,34.12262534293009,19.0
-1,-72.95288026923043,15.8586908009259,48.0,52.89600000000001,20.056880269230422,16.0
-1,-99.98288597859128,15.310139537037012,44.0,57.31200000000002,42.67088597859127,22.0
-1,-90.33967187503669,15.011230763888852,45.0,54.62400000000003,35.71567187503666,22.0
-1,-76.5510389729262,17.207215032407444,48.0,39.07200000000001,37.479038972926176,22.0
-1,-104.53801805843162,21.534441305555504,64.0,66.14400000000003,38.394018058431584,21.0
-1,-88.12469195135832,20.157745513888862,59.0,67.96800000000002,20.156691951358297,13.0
-1,-92.54648192176953,18.09732699537036,56.0,63.360000000000014,29.18648192176951,17.0
-1,-85.4791562762031,18.3089966898148,47.0,52.992000000000026,32.48715627620308,17.0
-1,-88.766518641177,19.348498828703697,49.0,55.968000000000025,32.798518641176976,17.0
-1,-89.58763648541448,15.274347902777745,52.0,60.57600000000003,29.01163648541445,18.0
-1,-89.40949901514395,18.96588212962957,50.0,55.87200000000002,33.53749901514393,18.0
-1,-77.45638249822056,16.788069217592586,43.0,53.28000000000001,24.17638249822056,14.0
-1,-77.72048583663184,16.17473943518516,45.0,55.39200000000002,22.328485836631817,17.0
-1,-85.98147418243356,20.803115069444416,55.0,58.272000000000034,27.709474182433528,16.0
-1,-76.69013466826858,19.488109986111105,55.0,58.65600000000003,18.03413466826856,9.0
-1,-94.79455161993867,19.583251675925908,60.0,63.26400000000003,31.530551619938645,14.0
-1,-104.73527518485824,17.384998259259202,56.0,61.44000000000003,43.295275184858205,21.0
-1,-80.56019902040944,15.190818569444408,47.0,57.600000000000016,22.960199020409423,16.0
-1,-99.33276975026052,18.4950095555555,53.0,58.56000000000002,40.772769750260494,22.0
-1,-72.49741196285736,20.16838809722219,52.0,52.80000000000001,19.69741196285735,12.0
-1,-102.76895934661576,14.652252101851856,51.0,52.032000000000025,50.73695934661573,24.0
-1,-99.7050392233094,18.42687089351848,57.0,67.29600000000003,32.40903922330937,17.0
-1,-105.97806695400132,18.38532336574068,61.0,68.64000000000003,37.3380669540013,21.0
-1,-83.33874923250042,24.041453870370347,57.0,53.568000000000026,29.770749232500396,14.0
-1,-98.9785908352251,25.75211132870364,66.0,62.208000000000034,36.77059083522507,17.0
-1,-82.71315767264102,15.523854,54.0,58.46400000000002,24.249157672641,13.0
-1,-92.18554755329043,21.12964905555552,68.0,66.04800000000003,26.13754755329041,16.0
-1,-85.53152389118492,10.948221944444448,32.0,47.04000000000001,38.4915238911849,24.0
-1,-85.43714688570782,15.0720975046296,44.0,54.33600000000002,31.10114688570779,20.0
