-1,-897.4957295726949,130.7607295046296,240.0,135.74400000000014,761.7517295726948,29.0
-1,-212.5079363157172,34.918076351851845,111.0,98.40000000000003,114.10793631571718,24.0
-1,-409.3007779320618,52.14696684722227,172.0,171.07200000000014,238.22877793206163,22.0
-1,-275.3848056760787,50.50283607870376,138.0,121.344,154.0408056760787,24.0
-1,-290.9134000696813,35.44252474074074,123.0,141.0240000000001,149.8894000696812,26.0
-1,-247.01546573271304,31.48519403703699,124.0,165.6960000000001,81.31946573271294,24.0
-1,-188.5542508376984,37.09464860185188,118.0,115.77600000000014,72.77825083769824,20.0
-1,-266.4704510633599,39.1010293888889,154.0,170.20800000000014,96.26245106335978,22.0
-1,-182.4206177194468,27.18461152314813,111.0,121.34400000000012,61.0766177194467,23.0
-1,-153.9569487328817,29.28256321296293,96.0,84.96000000000002,68.99694873288166,20.0
-1,-213.06276757085965,27.224347439814807,107.0,126.14400000000003,86.91876757085963,22.0
-1,-155.15037181235687,26.834168939814777,87.0,87.64800000000002,67.50237181235684,22.0
-1,-194.9372780727375,33.367803439814786,122.0,137.85600000000014,57.08127807273736,17.0
-1,-178.52898302097682,30.588755722222206,97.0,78.33600000000001,100.1929830209768,25.0
-1,-359.0257988345504,43.39566711574079,173.0,209.3760000000001,149.64979883455032,25.0
-1,-295.12054620051833,32.525697402777666,163.0,194.11200000000017,101.00854620051814,21.0
-1,-147.44509475714256,17.240997495370344,105.0,102.62400000000004,44.8210947571425,22.0
-1,-126.33223220801742,20.48912775462958,85.0,86.88000000000004,39.45223220801737,21.0
-1,-213.047345436686,22.54216287499995,141.0,162.52800000000008,50.51934543668593,21.0
-1,-219.0087945270536,30.72540391666661,138.0,156.96000000000012,62.04879452705351,22.0
-1,-161.23830485949145,24.942989999999952,97.0,100.89600000000006,60.34230485949139,22.0
-1,-195.1159189525739,30.523814203703644,127.0,137.76000000000008,57.355918952573845,21.0
-1,-166.1410482794827,20.75492101388885,105.0,130.65600000000006,35.48504827948264,16.0
-1,-178.04557470077896,28.28397670370366,126.0,127.7760000000001,50.26957470077888,18.0
-1,-303.826655010893,45.12732400462959,184.0,162.336,141.49065501089297,25.0
-1,-410.8240757212026,42.201359462963005,141.0,150.6240000000001,260.2000757212025,29.0
-1,-134.08729208164786,22.16510631018517,86.0,84.76800000000001,49.31929208164785,23.0
-1,-160.15252433013129,30.62839088888885,122.0,110.59200000000004,49.56052433013125,20.0
-1,-231.54298839416583,24.87391014814813,197.0,192.192,39.35098839416586,19.0
-1,-140.38576831290322,12.770033199074057,82.0,97.15200000000006,43.23376831290315,24.0
-1,-154.3041069267818,22.4268031157407,112.0,114.43200000000004,39.87210692678177,17.0
-1,-170.93554467631506,25.893876050925897,115.0,125.85600000000004,45.07954467631501,19.0
-1,-246.93853926717725,29.740305643518475,154.0,193.05600000000013,53.88253926717712,20.0
-1,-132.28892653224293,18.728362546296275,95.0,100.704,31.584926532242942,17.0
-1,-173.394743015243,26.60016672685185,142.0,137.08800000000008,36.30674301524292,15.0
-1,-185.2038003948169,38.93866037500001,111.0,90.14400000000003,95.05980039481688,22.0
-1,-187.40033311367915,26.24005278240737,149.0,157.92000000000007,29.48033311367908,16.0
-1,-251.11035619857205,35.75502918518515,171.0,177.40800000000013,73.70235619857192,23.0
-1,-184.35814326728527,23.02216766203695,132.0,146.49600000000004,37.862143267285234,18.0
-1,-161.04842125495492,23.575956629629555,115.0,124.41600000000008,36.63242125495484,21.0
-1,-198.8837920783957,24.569476347222164,156.0,167.13600000000008,31.747792078395587,16.0
-1,-152.93834213350328,16.51510290277775,100.0,115.96800000000005,36.97034213350325,19.0
-1,-202.88635609619712,31.20681783333328,163.0,165.60000000000005,37.28635609619707,16.0
-1,-172.0050520136421,14.863592550925915,120.0,131.13600000000002,40.8690520136421,22.0
-1,-194.6059483429839,22.89140017592588,145.0,170.49600000000007,24.109948342983845,12.0
-1,-182.39906526805453,21.391662194444372,137.0,145.44000000000003,36.95906526805448,18.0
-1,-141.72400907895346,21.430168027777704,110.0,107.90400000000004,33.820009078953404,18.0
-1,-178.93392753731422,19.24417919444441,132.0,133.92000000000002,45.01392753731422,23.0
-1,-180.5358299618143,23.73778483333331,145.0,154.17600000000007,26.35982996181422,14.0
-1,-151.2141671125771,26.31164436574069,118.0,114.14400000000006,37.07016711257703,17.0
-1,-217.64121984169373,38.399045833333325,172.0,159.6480000000001,57.99321984169362,21.0
-1,-158.14994891823773,26.87581520833324,127.0,127.39200000000004,30.757948918237688,16.0
-1,-191.81164919781796,25.945705203703685,157.0,163.4880000000001,28.323649197817808,16.0
-1,-158.37200583911158,15.919958791666682,129.0,124.032,34.34000583911158,18.0
-1,-142.4984182281376,19.73969482407407,97.0,105.12000000000006,37.37841822813755,19.0
-1,-173.22300285055388,25.040286768518488,154.0,155.61600000000004,17.607002850553847,10.0
-1,-190.3753378222799,25.79170037037036,162.0,172.22400000000002,18.151337822279885,9.0
-1,-173.2811732110861,20.5458700648148,131.0,145.92,27.361173211086108,14.0
-1,-138.69317080790412,21.81566504629625,101.0,101.85600000000004,36.83717080790407,18.0
-1,-160.70949684127223,24.394627759259247,129.0,116.44800000000004,44.26149684127219,20.0
-1,-153.16599137960037,15.96189582870369,110.0,119.42400000000004,33.741991379600336,20.0
-1,-177.91885242411422,30.530800398148152,135.0,125.0880000000001,52.83085242411411,18.0
-1,-153.57836873104753,21.34312101388886,121.0,128.16,25.418368731047536,14.0
-1,-160.34971899802974,23.130739935185176,128.0,123.55200000000004,36.79771899802972,19.0
-1,-175.01614352720338,24.846637578703675,140.0,147.93600000000004,27.080143527203354,13.0
-1,-101.73780253203869,16.245758986111078,86.0,74.30400000000002,27.433802532038648,14.0
-1,-149.7540053772973,20.912115518518466,101.0,115.68000000000006,34.074005377297226,18.0
-1,-140.45143307090103,19.602033893518502,109.0,110.496,29.955433070901016,17.0
-1,-139.77772571206384,23.7381791342592,108.0,110.78400000000003,28.993725712063785,19.0
-1,-173.3982323542044,23.18310937499996,104.0,116.16000000000008,57.238232354204335,21.0
-1,-142.63599065338963,31.771152240740648,110.0,92.92800000000008,49.7079906533896,18.0
-1,-151.77676130253894,29.713850513888843,107.0,106.08000000000004,45.69676130253892,19.0
-1,-141.8541925366468,23.074871231481463,111.0,109.44000000000004,32.41419253664678,16.0
-1,-136.45953798455162,17.007610245370334,85.0,96.09600000000005,40.363537984551584,21.0
-1,-185.86515847408265,22.415790171296223,134.0,139.6800000000001,46.18515847408257,20.0
-1,-169.8897242021081,22.325044851851757,121.0,132.1920000000001,37.69772420210803,17.0
-1,-154.1542611485864,22.869119777777705,102.0,124.80000000000008,29.35426114858634,16.0
-1,-146.9345699221127,21.12304421759254,94.0,101.76000000000003,45.17456992211267,21.0
-1,-146.69836076347724,23.755813708333296,98.0,105.79200000000004,40.90636076347718,20.0
-1,-185.7527784164212,21.562356791666623,111.0,123.74400000000006,62.008778416421166,17.0
-1,-140.95690656359034,17.28302466666665,108.0,113.28000000000006,27.67690656359028,18.0
-1,-178.50037138428476,29.101729828703668,94.0,98.20800000000008,80.29237138428468,25.0
-1,-140.250291927717,24.438656999999942,80.0,76.22400000000002,64.02629192771697,23.0
-1,-155.85327013725183,21.44663821759257,106.0,118.36800000000004,37.485270137251774,18.0
-1,-127.52994461795076,17.659239842592562,72.0,80.25600000000003,47.27394461795073,21.0
-1,-160.43385943544803,18.87398026388885,120.0,127.10400000000006,33.32985943544798,18.0
-1,-150.60013990141815,18.629581319444423,89.0,101.08800000000006,49.51213990141811,21.0
-1,-126.15115891784367,23.36781994444441,98.0,98.49600000000004,27.65515891784364,12.0
-1,-133.6128241550782,17.18877402314815,63.0,79.29600000000002,54.316824155078194,24.0
-1,-164.37339216500047,27.71655294907403,139.0,112.03200000000008,52.3413921650004,21.0
-1,-125.47886870499588,11.722038782407385,82.0,95.32800000000005,30.15086870499583,20.0
-1,-144.7418424810794,21.845139476851774,90.0,95.42400000000004,49.31784248107935,25.0
-1,-136.76707553989334,21.15848223611107,87.0,89.85600000000002,46.911075539893325,17.0
-1,-167.46669918819,19.67823164814811,114.0,124.12800000000004,43.33869918818997,21.0
-1,-147.64171301283668,19.769684962962977,83.0,92.44800000000004,55.19371301283662,21.0
-1,-114.43249202151584,16.823247606481477,66.0,62.01600000000003,52.4164920215158,23.0
-1,-124.96942601356432,19.31689921759257,76.0,75.456,49.51342601356431,25.0
-1,-116.9031599875183,15.576358907407393,78.0,100.41600000000004,16.487159987518236,11.0
-1,-146.5579400430872,30.58577634722217,99.0,101.952,44.6059400430872,18.0
-1,-131.32469512399044,24.57038616666664,94.0,96.96000000000004,34.3646951239904,18.0
-1,-135.09397914925927,23.36027147685184,102.0,102.52800000000003,32.565979149259235,16.0
-1,-132.05558627828293,18.920052509259225,84.0,93.31200000000004,38.74358627828288,21.0
-1,-144.0463493945458,22.89389037037032,100.0,94.752,49.29434939454581,20.0
-1,-135.12752363484032,16.915577217592507,68.0,82.65600000000003,52.471523634840295,25.0
-1,-142.2951579120561,18.84984282407404,110.0,103.96800000000005,38.32715791205608,23.0
-1,-139.3378535733586,20.35445560185182,85.0,93.40800000000002,45.9298535733586,20.0
-1,-129.39918928699092,19.68605942592592,90.0,85.24799999999998,44.15118928699096,21.0
-1,-157.64706850619396,28.36263148611109,101.0,102.81600000000005,54.83106850619394,20.0
-1,-133.7553109670362,19.113015800925897,79.0,88.51200000000001,45.24331096703618,22.0
-1,-127.460788379826,17.665300032407384,80.0,83.71200000000003,43.74878837982596,20.0
-1,-161.62367218549815,24.686101990740735,125.0,137.56800000000004,24.05567218549812,12.0
-1,-124.56534011208682,16.45065745370368,83.0,87.93600000000004,36.62934011208678,19.0
-1,-144.59847844589416,23.193617249999928,87.0,105.88800000000008,38.7104784458941,19.0
-1,-149.87150716278998,17.5004297685185,86.0,88.89600000000003,60.97550716278995,22.0
-1,-141.8714008265528,26.345372069444384,104.0,107.42400000000002,34.44740082655276,17.0
-1,-158.827847696258,23.928584800925908,96.0,103.29600000000002,55.531847696258,20.0
-1,-127.28141813970062,15.725907828703708,62.0,78.72000000000004,48.56141813970058,22.0
-1,-118.02928363774126,17.29231446296296,79.0,88.51200000000001,29.517283637741244,17.0
-1,-149.04305856006238,21.950156805555544,87.0,99.64800000000004,49.39505856006232,18.0
-1,-155.98187945112053,22.40998496296291,111.0,128.73600000000005,27.24587945112049,15.0
-1,-132.0430657672057,18.39171116666664,81.0,93.40800000000004,38.63506576720568,16.0
-1,-135.18131327500754,26.29277287499998,119.0,96.0,39.181313275007525,17.0
-1,-124.99012097351007,17.9561256435185,96.0,97.248,27.74212097351008,15.0
-1,-142.89330228899564,25.27165499537036,100.0,98.11200000000002,44.7813022889956,18.0
-1,-154.2305805834648,23.612281930555486,97.0,116.06400000000008,38.1665805834647,16.0
-1,-126.0864644489734,20.30465473611112,80.0,78.62400000000002,47.46246444897336,21.0
-1,-145.6161543781489,18.01568458796297,102.0,91.77600000000004,53.84015437814888,19.0
-1,-111.88336401030878,15.778651824074082,73.0,69.02400000000003,42.859364010308745,19.0
-1,-171.01113763127947,22.386615083333258,105.0,110.97600000000006,60.035137631279405,21.0
-1,-137.2566990517868,23.373229537036977,94.0,102.43200000000004,34.82469905178677,17.0
-1,-132.24700303050852,16.850385171296274,77.0,86.88000000000005,45.36700303050848,21.0
-1,-169.86099839638092,21.48481475925921,98.0,106.94400000000005,62.91699839638089,24.0
-1,-126.97232912522225,23.608014518518488,80.0,85.34400000000004,41.62832912522221,17.0
-1,-166.70815753865867,23.7836896666666,102.0,108.48000000000005,58.22815753865864,20.0
-1,-129.89119054132843,18.64617193055553,67.0,69.312,60.57919054132844,24.0
-1,-141.10137086805685,21.120958300925864,93.0,104.25600000000006,36.8453708680568,19.0
-1,-148.58449735129426,24.568757055555523,95.0,95.80800000000004,52.77649735129424,20.0
-1,-145.9381669762696,19.05445573611111,74.0,75.26400000000001,70.67416697626959,22.0
-1,-121.44299157125904,16.8920507361111,72.0,66.81600000000002,54.626991571259005,20.0
-1,-137.0196633906972,13.566842499999993,63.0,77.56800000000005,59.45166339069713,23.0
-1,-128.398438369112,18.10994340740738,68.0,82.94400000000002,45.45443836911198,21.0
-1,-143.12431662316936,19.57838720370363,82.0,93.21600000000004,49.90831662316932,23.0
-1,-127.34840661604224,25.49866994907404,99.0,88.992,38.35640661604223,18.0
-1,-197.81375164705696,26.679461486111112,122.0,123.36000000000006,74.4537516470569,19.0
-1,-165.51398384183636,27.490235277777693,109.0,128.3520000000001,37.16198384183628,19.0
-1,-135.15602575309845,21.71201057870368,76.0,79.58400000000005,55.57202575309839,22.0
-1,-116.508587455228,20.32509744907406,62.0,57.31200000000001,59.196587455227984,24.0
-1,-123.40645400857464,18.518299912037016,62.0,73.44000000000004,49.96645400857458,21.0
-1,-121.6763279470158,19.86667112499995,76.0,84.00000000000001,37.67632794701579,19.0
-1,-127.80669203995586,15.915498768518496,72.0,85.24800000000002,42.55869203995585,22.0
-1,-95.3912817467514,16.09703322685183,54.0,48.672,46.719281746751385,23.0
-1,-123.01844939770903,16.62562999537038,71.0,81.31200000000004,41.706449397709015,22.0
-1,-150.3269445772675,22.01667359259253,90.0,102.33600000000004,47.9909445772675,23.0
-1,-131.1825416702221,18.43427572222222,64.0,69.12000000000002,62.06254167022207,22.0
-1,-146.9062696018489,17.340726958333274,90.0,96.67200000000004,50.23426960184887,22.0
-1,-139.3143296030865,28.703759819444407,100.0,96.96000000000002,42.35432960308648,17.0
-1,-110.3588698369392,17.520254333333313,62.0,64.41600000000003,45.94286983693917,22.0
-1,-167.1966657351598,25.87841393981475,120.0,115.20000000000007,51.99666573515972,18.0
-1,-116.19572557054244,14.2687654074074,56.0,56.35200000000002,59.84372557054243,24.0
-1,-127.3855308721248,19.72289288425919,75.0,86.11200000000004,41.27353087212476,21.0
-1,-114.75563976426736,18.94563263425926,63.0,64.224,50.53163976426736,22.0
-1,-132.6806613704716,25.168414712962917,88.0,86.78400000000003,45.89666137047156,20.0
-1,-131.5227763048084,19.26221694907406,62.0,72.76800000000001,58.75477630480837,22.0
-1,-115.56718287523528,21.55131060648143,72.0,71.232,44.33518287523528,19.0
-1,-127.7909135075842,16.88514356944443,80.0,89.85600000000004,37.93491350758416,16.0
-1,-128.53319664151206,20.435981444444405,86.0,76.512,52.02119664151205,21.0
-1,-157.0619341400544,26.418175958333293,113.0,111.84000000000005,45.22193414005437,20.0
-1,-130.66044763004368,19.67118278703701,90.0,92.35200000000005,38.30844763004364,21.0
-1,-143.01777295045505,26.37036441666665,101.0,100.41600000000008,42.60177295045495,18.0
-1,-113.04144913842332,19.049639314814776,60.0,59.32800000000002,53.7134491384233,21.0
-1,-134.02383948957558,18.194896189814763,77.0,92.35200000000005,41.67183948957554,18.0
-1,-157.2965393085842,27.94793460185178,98.0,101.85600000000004,55.440539308584135,22.0
-1,-107.3151286686294,19.427309194444465,71.0,67.39200000000001,39.92312866862938,16.0
-1,-119.50292249357564,20.936694509259237,67.0,63.84000000000002,55.66292249357564,20.0
-1,-109.3966175896735,19.55294293981481,69.0,63.648000000000025,45.74861758967348,21.0
-1,-133.45854983612887,28.281362217592537,86.0,72.0,61.45854983612888,23.0
-1,-106.95755711444016,22.59061402777777,77.0,74.97600000000001,31.98155711444015,15.0
-1,-131.37545083954143,20.180170319444397,82.0,84.76800000000003,46.607450839541386,20.0
-1,-134.81087623171948,24.89317602777772,81.0,91.87200000000004,42.938876231719455,18.0
-1,-105.65527207532593,13.159043981481462,54.0,61.15200000000003,44.50327207532588,24.0
-1,-129.57901361676693,26.58588005092585,91.0,90.33600000000004,39.243013616766895,17.0
-1,-133.31571605079182,19.53908777777773,83.0,94.46400000000004,38.85171605079178,20.0
-1,-137.06200565267653,21.3303346018518,79.0,83.13600000000004,53.92600565267651,20.0
-1,-138.22662646629112,18.47967569444445,71.0,86.11200000000001,52.11462646629112,23.0
-1,-116.68651713642669,22.82252274999995,79.0,75.36000000000001,41.32651713642667,21.0
-1,-133.24159975443249,25.35461237499995,88.0,89.85600000000001,43.38559975443248,18.0
-1,-113.95826517301585,17.434870879629624,73.0,70.94400000000003,43.014265173015815,21.0
-1,-138.71509661626666,18.727397384259227,84.0,86.4,52.31509661626666,23.0
-1,-108.21129425732153,17.28428413888886,55.0,61.53600000000002,46.67529425732151,22.0
-1,-114.23614567399956,16.45566113425923,60.0,70.56000000000003,43.67614567399954,21.0
-1,-124.4252186681935,19.03948113425923,84.0,76.12800000000003,48.297218668193466,23.0
-1,-99.01528769709822,16.347840560185173,61.0,53.760000000000026,45.25528769709818,21.0
-1,-117.00125591451769,14.92524060648146,72.0,83.32800000000002,33.67325591451767,22.0
-1,-126.5391616805736,15.846458782407398,65.0,68.06400000000004,58.47516168057357,24.0
-1,-108.6840968072648,17.10788611574071,49.0,59.32800000000002,49.3560968072648,18.0
-1,-135.84850272603865,24.83377150462961,83.0,81.21600000000002,54.63250272603863,19.0
-1,-120.2429547119474,19.148557546296296,76.0,69.21599999999998,51.02695471194743,20.0
-1,-123.44437420375824,18.23026546296296,76.0,86.20800000000006,37.23637420375819,16.0
-1,-122.289381509124,21.199306175925926,84.0,79.392,42.89738150912402,17.0
-1,-114.58626410482664,22.8730398518518,75.0,67.776,46.81026410482666,19.0
-1,-131.57212820296607,22.983541574074017,92.0,95.23200000000006,36.34012820296601,16.0
-1,-123.55657726133822,20.649765314814825,93.0,97.72800000000004,25.828577261338165,13.0
-1,-140.36567478131687,17.98487309722219,82.0,86.20800000000003,54.15767478131684,23.0
-1,-114.65764906183614,16.900609662037038,63.0,70.08000000000003,44.577649061836105,24.0
-1,-125.07014955481628,19.575528365740727,81.0,81.79200000000004,43.27814955481624,21.0
-1,-113.0748214417712,18.09392434722218,64.0,63.16800000000004,49.90682144177116,23.0
-1,-122.6359904266139,16.70526168055555,86.0,85.82400000000005,36.811990426613846,16.0
-1,-111.50579086477774,25.177477143518487,78.0,73.63200000000002,37.87379086477772,17.0
-1,-109.73631454149616,21.26689157407401,75.0,66.62400000000001,43.11231454149617,20.0
-1,-146.1786433130179,25.48895166666657,100.0,99.26400000000002,46.91464331301786,20.0
-1,-111.90099098524588,21.12024105092591,81.0,66.91200000000002,44.98899098524585,21.0
-1,-98.48138840238924,16.686478129629617,53.0,51.07200000000002,47.40938840238922,20.0
-1,-121.18909969399635,27.25586940277769,84.0,78.91200000000003,42.277099693996334,19.0
-1,-119.05438832809172,16.400553388888884,65.0,63.93600000000004,55.11838832809169,25.0
-1,-117.67074507102978,16.225886124999988,74.0,80.44800000000002,37.22274507102976,20.0
-1,-109.88396155908842,21.412852685185136,67.0,61.63200000000001,48.2519615590884,18.0
-1,-126.03362280626538,24.91479933796293,88.0,84.38400000000001,41.64962280626538,16.0
-1,-125.5772026158302,17.969819393518517,77.0,89.76000000000003,35.817202615830176,21.0
-1,-129.36891814644844,21.82092529166664,91.0,93.31200000000004,36.0569181464484,17.0
-1,-154.23948195218497,31.35287343518516,87.0,68.83199999999998,85.40748195218498,21.0
-1,-129.867277858056,21.331088509259224,90.0,97.92000000000002,31.947277858055998,18.0
-1,-119.29912717030064,19.939672810185147,58.0,57.31200000000001,61.98712717030063,24.0
-1,-128.0789718609163,26.0224813518518,84.0,83.32800000000002,44.75097186091629,18.0
-1,-131.9200542967996,20.546269912036944,81.0,85.24800000000002,46.6720542967996,22.0
-1,-114.07256943928238,19.35459906481478,49.0,46.656,67.41656943928237,26.0
-1,-140.3776797547102,21.68508842592589,82.0,90.24000000000004,50.13767975471016,19.0
-1,-147.56531225516693,20.46729325925924,64.0,64.224,83.34131225516693,27.0
-1,-127.84378839526823,25.399398953703745,79.0,64.51200000000003,63.33178839526821,18.0
-1,-110.48106550207108,24.285158986111075,76.0,67.87200000000001,42.60906550207106,19.0
-1,-137.33739803617192,22.780124490740683,82.0,79.87200000000003,57.4653980361719,20.0
-1,-122.2438380916888,26.125501439814784,88.0,82.84800000000004,39.39583809168877,18.0
-1,-110.87464314440172,16.025816731481495,66.0,68.25600000000001,42.61864314440172,22.0
-1,-111.47437595587957,18.205405185185164,62.0,66.33600000000003,45.13837595587953,21.0
-1,-125.99477096687464,24.329916902777743,76.0,67.58400000000002,58.4107709668746,23.0
-1,-127.86198828732162,16.682927037037018,66.0,67.87200000000003,59.9899882873216,25.0
-1,-111.9088522325454,16.74600830555556,65.0,55.968,55.94085223254539,23.0
-1,-138.4275763281305,21.374559481481405,90.0,88.99200000000003,49.43557632813046,21.0
-1,-135.0265018294267,18.64200043055553,74.0,71.32800000000003,63.698501829426704,28.0
-1,-114.32282466520375,16.73565788888886,55.0,55.58400000000002,58.738824665203744,23.0
-1,-106.71622999084524,17.339802749999965,57.0,61.72800000000002,44.988229990845234,22.0
-1,-123.07620272172385,11.607303916666668,62.0,61.34400000000001,61.732202721723816,26.0
-1,-124.39901874457186,16.959138185185164,61.0,62.88000000000002,61.51901874457185,21.0
-1,-150.36349149372046,20.160833240740704,72.0,87.26400000000002,63.09949149372044,22.0
-1,-97.92196092791724,20.78743982870368,62.0,54.336000000000006,43.58596092791722,18.0
-1,-140.75792827802593,17.082209513888884,64.0,72.76800000000003,67.9899282780259,26.0
-1,-99.20879718314688,16.904796236111103,51.0,55.20000000000002,44.00879718314688,24.0
-1,-125.90525270068004,17.974966152777743,68.0,71.61600000000001,54.28925270068004,22.0
-1,-128.62158207159192,16.990015611111065,69.0,75.26400000000002,53.35758207159189,23.0
-1,-129.43914201128604,21.75089479629626,81.0,76.41600000000001,53.023142011286026,22.0
-1,-115.22339758639606,24.620807296296224,80.0,77.56800000000003,37.65539758639604,16.0
-1,-132.94045227791878,24.36459329629624,92.0,86.01600000000005,46.92445227791874,20.0
-1,-132.2908407834613,19.9538287407407,87.0,93.12000000000003,39.17084078346125,17.0
-1,-116.79178378310836,19.34765148148139,67.0,81.02400000000004,35.76778378310833,19.0
-1,-110.12258002667228,21.15558813425919,64.0,62.30400000000001,47.81858002667226,19.0
-1,-116.29453620087892,17.02221522685182,53.0,67.29600000000002,48.9985362008789,20.0
-1,-100.67504903492691,13.395492907407398,52.0,53.18400000000002,47.491049034926895,24.0
-1,-109.46077370532583,16.600491277777742,62.0,66.91200000000002,42.54877370532582,23.0
-1,-119.39489283072524,17.75462729166667,65.0,71.90400000000002,47.490892830725215,20.0
-1,-139.14725649105216,18.193707333333325,67.0,72.96000000000002,66.18725649105214,22.0
-1,-130.90391877279475,13.643439189814808,65.0,72.28800000000003,58.615918772794736,25.0
-1,-114.90397429966036,18.86110508796295,78.0,72.00000000000001,42.90397429966035,21.0
-1,-145.85153324735256,26.074439185185128,87.0,94.36800000000004,51.4835332473525,21.0
-1,-125.2543891416444,22.4299865694444,69.0,68.16000000000003,57.09438914164439,22.0
-1,-131.14596344873578,25.086457046296225,91.0,88.99200000000003,42.15396344873575,17.0
-1,-100.79556873832972,16.090247731481444,54.0,55.296000000000014,45.49956873832971,23.0
-1,-115.1779240436833,20.12274969444437,67.0,64.22400000000003,50.95392404368328,22.0
-1,-108.043713414557,18.07770294907408,61.0,56.83200000000002,51.21171341455697,23.0
-1,-120.76529811979448,17.878680074074058,82.0,83.04000000000003,37.72529811979444,20.0
-1,-127.71983291743028,24.983191662037,80.0,85.15200000000002,42.56783291743026,17.0
-1,-109.97519523338164,21.25620999074066,58.0,62.68800000000003,47.28719523338162,18.0
-1,-133.94056946332995,26.768878939814755,98.0,89.568,44.37256946332997,17.0
-1,-131.49991938768136,23.28837487037034,83.0,76.80000000000001,54.69991938768136,21.0
-1,-100.40465163124313,14.258349129629645,49.0,47.90400000000001,52.50065163124312,20.0
-1,-121.23695264495844,23.169046402777752,75.0,74.30400000000003,46.93295264495841,20.0
-1,-119.73646972033065,20.64652457870365,73.0,87.93600000000004,31.800469720330607,17.0
-1,-130.0163646667557,23.98108795370363,89.0,94.08000000000004,35.936364666755665,18.0
-1,-131.935518244214,23.89022243518517,88.0,90.14400000000003,41.79151824421395,16.0
-1,-110.01079685917236,17.316354064814835,63.0,65.37600000000002,44.63479685917234,20.0
-1,-108.63501138023048,17.266079893518494,58.0,60.19200000000002,48.44301138023046,19.0
-1,-108.52125649165636,19.06898802777773,67.0,62.49600000000002,46.02525649165635,25.0
-1,-109.42214942096044,15.405369138888888,66.0,71.61600000000003,37.80614942096042,22.0
-1,-106.61959006570956,21.238947523148116,73.0,60.76800000000002,45.85159006570954,20.0
-1,-116.5402528744228,18.665156384259205,79.0,72.09600000000002,44.44425287442279,21.0
-1,-132.2361003635354,20.587149736111083,71.0,75.45600000000003,56.78010036353538,20.0
-1,-108.41524211838166,21.639651217592583,71.0,64.32000000000001,44.09524211838164,19.0
-1,-112.93349135057528,14.773609046296285,62.0,72.19200000000002,40.741491350575245,22.0
-1,-109.75662970853256,11.831523185185176,55.0,63.64800000000003,46.108629708532526,24.0
-1,-114.1885387277542,21.758230273148108,68.0,67.29600000000002,46.89253872775418,21.0
-1,-113.62631777860058,20.0847229259259,64.0,69.50400000000002,44.12231777860056,19.0
-1,-94.83881247833972,8.849469143518537,43.0,49.536000000000016,45.30281247833972,25.0
-1,-123.6451500233776,19.18122662037035,65.0,74.11200000000002,49.53315002337759,21.0
-1,-126.5911158650462,18.81686774537032,72.0,75.74400000000001,50.84711586504619,24.0
-1,-105.40391336670592,12.935285407407394,53.0,58.46400000000001,46.93991336670592,25.0
-1,-112.6039690487707,19.52321173148147,74.0,64.32000000000001,48.283969048770686,19.0
-1,-112.6695104238165,14.685078162037048,58.0,58.65600000000002,54.01351042381648,22.0
-1,-115.67462960387836,17.196459675925894,57.0,62.88000000000002,52.79462960387836,21.0
-1,-136.47721474233032,24.087768337962896,94.0,90.04800000000002,46.42921474233031,16.0
-1,-135.60704150707608,21.488104490740653,72.0,78.81600000000005,56.79104150707604,23.0
-1,-120.75754740290746,21.00239520833328,61.0,68.25600000000003,52.50154740290744,23.0
-1,-132.8302469843612,17.736187851851806,77.0,76.99200000000005,55.83824698436116,24.0
-1,-126.012235949088,26.740072828703653,82.0,80.35200000000005,45.66023594908795,15.0
-1,-162.81295093806074,24.93073566666657,94.0,108.57600000000004,54.23695093806069,23.0
-1,-123.06580404635356,21.625286722222175,69.0,71.23200000000001,51.833804046353535,21.0
-1,-137.3206820641741,18.70111110185175,76.0,75.74400000000003,61.57668206417406,24.0
-1,-98.74954634464676,12.108945870370375,56.0,52.89600000000002,45.85354634464673,23.0
-1,-102.97100795607888,19.548015018518512,67.0,62.88000000000001,40.09100795607889,19.0
-1,-106.1869219069756,12.128327606481497,60.0,60.48000000000002,45.70692190697559,22.0
-1,-116.51983587207502,15.956935106481469,52.0,55.29600000000003,61.223835872074986,24.0
-1,-115.40263067011824,16.42214371759257,60.0,74.97600000000003,40.42663067011822,20.0
-1,-145.02950434484683,20.96098199074073,75.0,94.75200000000004,50.27750434484678,21.0
-1,-129.5105074801436,20.22611108796287,73.0,73.344,56.16650748014359,21.0
-1,-125.44476404581076,16.067011250000004,65.0,78.91200000000002,46.53276404581075,22.0
-1,-182.2890161821904,25.96795715740737,99.0,129.02400000000003,53.26501618219035,18.0
-1,-114.89472379179406,23.26041111111108,81.0,76.89600000000003,37.99872379179403,18.0
-1,-101.61008807494584,15.251311550925932,57.0,54.144000000000005,47.46608807494584,21.0
-1,-107.97765570658552,16.015613472222196,62.0,62.11200000000001,45.8656557065855,23.0
-1,-119.18863518683538,20.106021694444404,72.0,74.01600000000003,45.17263518683535,18.0
-1,-123.27820781416074,20.61506954166662,75.0,79.68000000000002,43.59820781416072,23.0
-1,-113.84734025131856,23.965267722222173,76.0,68.92800000000004,44.91934025131852,20.0
-1,-121.1240402480327,19.566406606481465,71.0,83.23200000000006,37.89204024803264,17.0
-1,-111.0333625322358,20.022463050925875,72.0,74.59200000000003,36.44136253223577,20.0
-1,-107.97310342408764,21.43983330092589,71.0,66.24000000000001,41.733103424087616,20.0
-1,-91.67973324808544,11.117901018518522,54.0,65.18400000000003,26.49573324808541,19.0
-1,-114.52747011046958,19.48338915740736,66.0,65.56800000000001,48.95947011046957,24.0
-1,-124.60971089041584,17.98180931944439,70.0,78.91200000000003,45.69771089041582,22.0
-1,-124.22202173657983,20.472599157407355,71.0,69.98400000000002,54.23802173657983,21.0
-1,-125.44087373518,18.68357455092588,63.0,63.36000000000002,62.08087373517996,24.0
-1,-118.84768887630528,16.456496249999994,69.0,64.99200000000002,53.85568887630527,24.0
-1,-109.25573974099566,19.3302339768518,59.0,61.24800000000003,48.00773974099563,22.0
-1,-117.36315421831873,17.386419282407402,73.0,75.16800000000002,42.19515421831871,18.0
-1,-126.79774112465856,14.216128967592596,69.0,73.536,53.26174112465857,25.0
-1,-138.472700301556,17.03089286111108,66.0,78.24000000000004,60.23270030155596,24.0
-1,-109.60353523387307,13.42189493981481,57.0,60.38400000000002,49.21953523387305,22.0
-1,-119.6031682137484,14.99911887962965,59.0,64.51200000000001,55.091168213748375,26.0
-1,-123.54068272661556,21.07818005555551,54.0,55.87200000000002,67.66868272661554,24.0
-1,-162.85205210035272,20.66081217592588,82.0,98.01600000000003,64.83605210035269,22.0
-1,-112.33136808385204,17.40037725925923,63.0,62.88000000000003,49.45136808385199,23.0
-1,-102.9996572905084,18.41725022685185,58.0,59.13600000000001,43.86365729050839,22.0
-1,-122.26305190093385,19.811844606481444,67.0,59.13600000000002,63.12705190093381,22.0
-1,-107.63568664299004,22.936771435185136,74.0,71.71200000000003,35.92368664299002,18.0
-1,-124.56274319497966,20.936722800925896,87.0,75.16800000000003,49.394743194979625,20.0
-1,-92.64104047254018,12.734208458333333,44.0,47.904,44.73704047254019,21.0
-1,-107.26532854669033,18.665272874999985,60.0,62.88000000000002,44.38532854669031,21.0
-1,-150.43490786081952,22.893367611111078,82.0,94.17600000000006,56.25890786081945,20.0
-1,-113.75934644521432,17.656832856481486,52.0,51.93600000000002,61.8233464452143,22.0
-1,-132.05429564631612,20.96121643055555,78.0,80.83200000000002,51.22229564631608,19.0
-1,-115.92303405335376,16.808411282407377,55.0,66.14400000000002,49.77903405335374,19.0
-1,-111.33318248265404,18.663587949074014,62.0,67.68,43.653182482654046,18.0
-1,-123.2744143644627,20.17335351851844,69.0,76.12800000000003,47.14641436446268,20.0
-1,-124.28855441190191,18.823495087962904,70.0,76.12800000000004,48.16055441190187,21.0
-1,-118.54521183025166,14.80753267592594,57.0,60.57600000000003,57.96921183025163,25.0
-1,-148.91497136314783,14.864163416666672,70.0,79.96800000000003,68.9469713631478,24.0
-1,-110.852905804581,16.420397412037023,53.0,60.76800000000002,50.084905804581,22.0
-1,-107.91255863478948,19.570260976851827,58.0,59.232000000000006,48.68055863478948,18.0
-1,-130.8340997052236,24.911993060185143,71.0,76.32000000000004,54.51409970522354,19.0
-1,-129.08046963411306,18.768320259259216,72.0,78.72000000000003,50.36046963411303,22.0
-1,-95.62513448355632,16.756716435185158,56.0,61.248000000000005,34.377134483556304,17.0
-1,-114.3006723916734,24.2273403055555,72.0,65.85600000000004,48.44467239167335,18.0
-1,-139.0097051483391,21.727718564814747,80.0,87.84000000000002,51.169705148339055,21.0
-1,-109.3211931077148,15.420727643518491,54.0,65.37600000000002,43.94519310771478,25.0
-1,-133.2509907218672,22.414808763888825,75.0,90.81600000000005,42.434990721867166,17.0
-1,-125.54754266237354,15.54953504629628,55.0,73.34400000000002,52.20354266237352,22.0
-1,-112.45666185144692,22.215509037036945,72.0,68.92800000000003,43.52866185144688,19.0
-1,-125.93406252986334,16.75215526851851,70.0,84.57600000000006,41.35806252986328,19.0
-1,-115.7805913108484,14.958761796296312,54.0,49.05600000000002,66.72459131084837,23.0
-1,-122.44665726207715,21.777477393518467,73.0,76.70400000000004,45.74265726207714,20.0
-1,-152.94148498475528,21.567925425925917,84.0,103.68000000000004,49.26148498475522,19.0
-1,-112.84112119522656,17.777656648148096,58.0,58.368000000000016,54.473121195226526,23.0
-1,-98.65826808807068,21.854758597222183,58.0,51.74400000000002,46.91426808807065,19.0
-1,-139.43527783366244,14.656508578703692,60.0,70.94400000000003,68.49127783366242,26.0
-1,-112.02039602330632,21.109492467592545,71.0,67.48800000000003,44.53239602330631,20.0
-1,-123.862454550817,27.68956410185185,97.0,84.96000000000004,38.90245455081697,17.0
-1,-135.1749981679302,19.88915231944442,75.0,79.10400000000003,56.070998167930185,20.0
-1,-128.8965478328717,26.340158703703636,85.0,73.63200000000003,55.26454783287168,19.0
-1,-106.48432223326418,22.5363210185185,62.0,64.70400000000001,41.78032223326417,17.0
-1,-127.67044372474146,17.963780347222194,65.0,64.99200000000002,62.67844372474144,22.0
-1,-103.90440611537028,11.747567592592604,59.0,66.62400000000002,37.28040611537027,22.0
-1,-94.14790126254088,17.56595120833334,69.0,59.52,34.627901262540874,19.0
-1,-122.18945744033287,19.17203962037033,70.0,63.16800000000002,59.02145744033288,23.0
-1,-125.71997041233216,15.775294722222224,58.0,63.648000000000025,62.07197041233213,25.0
-1,-110.85087395021876,14.360929749999988,53.0,65.08800000000002,45.76287395021873,20.0
-1,-124.9537830932859,23.319230541666627,81.0,75.26400000000001,49.6897830932859,19.0
-1,-122.95177301552366,23.866629527777697,76.0,82.65600000000003,40.29577301552362,19.0
-1,-110.59142511459552,18.64302862499996,55.0,65.28000000000002,45.31142511459549,18.0
-1,-109.2991235946917,22.05420528703697,65.0,64.51200000000003,44.787123594691664,19.0
-1,-132.13461666896362,19.35248927777774,76.0,81.69600000000003,50.43861666896359,24.0
-1,-114.02455503774104,17.68505423148145,67.0,68.64000000000001,45.38455503774102,22.0
-1,-94.38890194254986,16.758266777777756,50.0,50.88000000000002,43.50890194254985,22.0
-1,-100.28822804629954,13.736139152777778,47.0,58.46400000000003,41.82422804629951,22.0
-1,-123.66829802171765,15.43358207870371,63.0,73.53600000000003,50.13229802171761,22.0
-1,-126.8793568383441,19.639100157407384,66.0,84.96000000000004,41.91935683834406,18.0
-1,-107.05153095676764,16.94668164814811,58.0,58.65600000000002,48.39553095676763,23.0
-1,-102.84508447473245,15.255204962962956,55.0,53.76000000000001,49.08508447473241,25.0
-1,-102.079503106751,22.152046185185167,62.0,57.88800000000001,44.19150310675097,18.0
-1,-104.7841258603256,16.874826333333313,49.0,50.400000000000006,54.3841258603256,20.0
-1,-128.19340572406298,19.48030611111107,62.0,56.640000000000015,71.55340572406296,23.0
-1,-120.9129146603182,17.92365362499998,65.0,72.48,48.43291466031818,21.0
-1,-84.03232465700383,16.216616583333327,60.0,52.70400000000001,31.328324657003822,21.0
-1,-114.8822752529296,17.333163425925903,57.0,62.11200000000002,52.77027525292957,21.0
-1,-114.62860486651763,16.586462467592604,58.0,52.12800000000001,62.500604866517634,23.0
-1,-129.7442581241434,19.000714106481425,67.0,73.92000000000003,55.8242581241434,22.0
-1,-128.37792024933748,16.603294615740737,63.0,81.21600000000004,47.16192024933744,20.0
-1,-125.13758735753278,15.56733831018516,52.0,60.672000000000025,64.46558735753275,24.0
-1,-111.9106324178195,15.23616147222221,53.0,62.97600000000003,48.93463241781947,22.0
-1,-116.1027774416645,20.257029319444413,66.0,68.44800000000002,47.65477744166448,20.0
-1,-143.1687807493684,29.39294835648144,98.0,100.41600000000004,42.75278074936837,17.0
-1,-113.30077020220064,16.286152800925915,52.0,55.96800000000002,57.33277020220064,24.0
-1,-125.6756863725931,18.16961270370363,60.0,69.12000000000002,56.55568637259309,23.0
-1,-125.97752178855282,22.10141738425924,76.0,78.336,47.64152178855283,19.0
-1,-112.79425780709948,18.514673449074035,58.0,58.08000000000002,54.71425780709946,23.0
-1,-127.74738860486462,17.429420976851844,65.0,68.06400000000002,59.68338860486461,23.0
-1,-97.90741468855543,21.151760046296285,56.0,50.88000000000001,47.02741468855543,20.0
-1,-92.06240107850822,14.654966180555554,60.0,56.44800000000001,35.61440107850821,22.0
-1,-101.7250302319867,17.393831708333312,62.0,59.61600000000001,42.10903023198669,19.0
-1,-123.03514455564408,20.05446736574068,57.0,62.20800000000003,60.82714455564404,21.0
-1,-118.72245651490726,15.67039666666666,52.0,55.39200000000002,63.33045651490725,24.0
-1,-119.71685482116798,23.184618689814776,69.0,72.48000000000003,47.23685482116795,16.0
-1,-118.2757895439512,20.590271439814806,77.0,70.94400000000002,47.33178954395117,19.0
-1,-116.65985291095052,21.840860592592502,65.0,66.52800000000002,50.13185291095051,20.0
-1,-98.32879286130712,14.332979347222208,45.0,48.09600000000001,50.23279286130711,25.0
-1,-118.56922004645112,20.664797388888854,68.0,60.768000000000015,57.80122004645109,20.0
-1,-108.60016608258454,15.565596356481462,60.0,60.19200000000002,48.40816608258452,26.0
-1,-135.62489475736447,23.610829490740706,82.0,78.14400000000003,57.480894757364425,22.0
-1,-116.99894239990482,18.69159228703697,56.0,60.09600000000001,56.902942399904816,22.0
-1,-99.57723824407776,20.287482592592557,61.0,57.216000000000015,42.36123824407773,18.0
-1,-104.2569199382822,10.729817569444462,44.0,49.728000000000016,54.528919938282186,24.0
-1,-160.2513496506772,19.658729657407346,74.0,101.56800000000004,58.68334965067715,23.0
-1,-109.3327227279134,14.32968622685184,52.0,65.37600000000002,43.95672272791338,23.0
-1,-128.17657502689048,19.704267546296247,74.0,68.06400000000002,60.11257502689045,23.0
-1,-113.9502694337153,14.34925581944442,50.0,57.60000000000002,56.35026943371528,25.0
-1,-118.28924500248108,25.100755523148067,69.0,73.82400000000004,44.46524500248104,17.0
-1,-125.98893986329584,22.57759209259251,69.0,73.05600000000003,52.93293986329584,21.0
-1,-104.34633886576567,18.06101864351846,58.0,57.12000000000002,47.22633886576566,22.0
-1,-123.9265624551222,15.519963481481478,67.0,66.24000000000002,57.68656245512218,24.0
-1,-113.97148847614872,23.396073662036983,68.0,68.35200000000002,45.619488476148696,21.0
-1,-133.305403677763,20.7817978194444,73.0,73.15200000000002,60.15340367776298,24.0
-1,-108.59129544070174,21.52072606481479,64.0,62.88000000000002,45.711295440701726,16.0
-1,-117.46843720493445,18.116870467592584,65.0,52.41600000000002,65.05243720493444,23.0
-1,-105.95698764601786,18.49762195370371,62.0,56.44800000000001,49.50898764601786,22.0
-1,-113.74930511126088,22.07587771296292,79.0,78.24000000000004,35.50930511126083,19.0
-1,-118.94936778611807,21.923643990740725,62.0,66.912,52.03736778611806,19.0
-1,-102.2508528456703,14.946427805555558,54.0,52.99200000000002,49.25885284567028,23.0
-1,-115.28150340325638,17.849623680555542,68.0,68.16000000000001,47.12150340325636,22.0
-1,-121.43899003998418,26.510318481481438,90.0,75.36000000000003,46.07899003998415,18.0
-1,-112.25346265331504,21.874659916666644,67.0,57.024000000000015,55.22946265331502,20.0
-1,-130.2554869956908,16.20089644444441,62.0,68.73600000000002,61.51948699569078,24.0
-1,-103.4717039555294,18.54320003240736,53.0,56.06400000000002,47.40770395552938,19.0
-1,-112.0289400607314,15.710921847222211,56.0,62.30400000000002,49.72494006073138,21.0
-1,-123.8059987768752,24.13330930092586,74.0,69.60000000000004,54.20599877687518,18.0
-1,-112.61923188544134,19.033987680555565,66.0,55.392,57.22723188544135,20.0
-1,-113.36165092764404,19.32308566203701,62.0,59.13600000000002,54.225650927644026,21.0
-1,-127.02441757131626,20.551034055555498,90.0,82.94400000000005,44.08041757131622,23.0
-1,-149.99986207883745,29.07238074537028,110.0,101.28000000000002,48.71986207883744,19.0
-1,-113.89923275826546,23.261934277777723,73.0,69.60000000000001,44.29923275826545,19.0
-1,-119.18950152137371,18.67889311111107,70.0,73.44000000000005,45.74950152137367,22.0
-1,-117.0381894618436,19.356191962962924,72.0,70.944,46.09418946184361,18.0
-1,-143.12700343845964,21.787138523148062,73.0,88.12800000000004,54.9990034384596,22.0
-1,-137.5322421430459,21.04968332870368,73.0,82.75200000000004,54.780242143045854,20.0
-1,-115.48462978100667,21.25238478240735,63.0,60.864000000000026,54.62062978100666,21.0
-1,-100.0683162847514,12.38720368981484,41.0,44.640000000000015,55.42831628475139,24.0
-1,-118.60346003683202,16.123625796296277,55.0,61.536000000000016,57.067460036832,22.0
-1,-137.18709655836028,20.77839407870365,71.0,72.86400000000002,64.32309655836028,22.0
-1,-149.15774765572667,16.269959166666656,72.0,82.56000000000003,66.59774765572662,24.0
-1,-113.64806719993256,20.8387389212962,56.0,57.792000000000016,55.85606719993254,22.0
-1,-143.75546187956957,17.822906347222172,84.0,86.20800000000006,57.547461879569525,25.0
-1,-131.46653476302566,19.895918324074028,66.0,74.11200000000002,57.354534763025626,19.0
-1,-115.01019466362924,21.548935884259148,66.0,70.27200000000003,44.738194663629216,20.0
-1,-114.45382462638892,17.07276433796297,51.0,53.28000000000002,61.17382462638889,25.0
-1,-109.93775126166896,15.50871120370371,53.0,48.28800000000001,61.64975126166895,21.0
-1,-121.97275784286434,15.63445738888886,61.0,70.56000000000002,51.41275784286432,22.0
-1,-122.28971786715384,21.65066093055549,72.0,61.63200000000003,60.657717867153806,23.0
-1,-121.74383027695156,23.07834134259255,76.0,69.50400000000002,52.23983027695154,21.0
-1,-114.67639247336228,18.424413435185137,66.0,55.776000000000025,58.900392473362245,24.0
-1,-114.21686922997134,16.807422171296274,63.0,59.52000000000002,54.69686922997133,24.0
-1,-116.7340663780235,10.193737472222235,44.0,62.88000000000002,53.85406637802349,27.0
-1,-116.46002794562465,22.084628300925928,74.0,67.77600000000004,48.68402794562461,20.0
-1,-131.08219145124204,25.13689496296294,82.0,77.952,53.13019145124205,17.0
-1,-118.2633555135844,14.332152685185198,66.0,64.41600000000003,53.84735551358439,27.0
-1,-104.13357222596392,14.292821615740758,41.0,45.98400000000001,58.1495722259639,24.0
-1,-102.43263110481884,17.704488208333334,51.0,53.95200000000002,48.48063110481884,20.0
-1,-104.49473410147998,14.70004260185184,54.0,59.13600000000003,45.358734101479946,21.0
-1,-115.46360785752472,16.709734254629605,56.0,61.72800000000002,53.73560785752469,20.0
-1,-102.56940395728202,15.306065370370357,47.0,57.40800000000001,45.16140395728201,20.0
-1,-127.09651740548205,18.1102630694444,65.0,70.56,56.53651740548205,22.0
-1,-101.64192464579644,15.15812175462963,63.0,64.99200000000002,36.64992464579643,17.0
-1,-98.16859238986572,18.246955898148126,57.0,54.43200000000002,43.736592389865685,21.0
-1,-129.2706168440716,21.228845074073984,71.0,72.09600000000003,57.17461684407158,23.0
-1,-104.32718853595829,15.583757351851846,53.0,55.87200000000002,48.45518853595824,23.0
-1,-109.8471536566663,17.33811817592591,58.0,66.62400000000002,43.22315365666627,21.0
-1,-104.08998912285288,19.30825349074073,65.0,61.92000000000003,42.16998912285285,20.0
-1,-114.58818721570196,22.4588329166666,76.0,69.50400000000005,45.08418721570192,20.0
-1,-162.76603107179108,18.14777006481476,79.0,111.84000000000006,50.926031071791016,21.0
-1,-121.59735627551868,17.359888351851847,63.0,62.40000000000003,59.197356275518665,23.0
-1,-92.47265639917714,15.566795898148152,55.0,55.392,37.08065639917713,20.0
-1,-102.9797620849158,18.049716486111063,55.0,56.832000000000015,46.147762084915776,20.0
-1,-120.7956228212948,19.655072398148096,67.0,76.32000000000005,44.47562282129477,22.0
-1,-119.77361070826048,15.784392597222254,51.0,55.68000000000002,64.09361070826047,24.0
-1,-114.61212825769292,16.65744927314813,60.0,63.55200000000002,51.06012825769289,22.0
-1,-125.47814671689454,23.08275801851845,64.0,76.12800000000003,49.35014671689452,19.0
-1,-97.9276315862967,16.568681124999994,58.0,54.52800000000001,43.399631586296685,22.0
-1,-110.9740045972478,19.562495768518485,59.0,61.15200000000002,49.8220045972478,20.0
-1,-118.53438349513875,19.19520260648143,59.0,61.24800000000001,57.28638349513876,21.0
-1,-115.67077304436005,17.37251818981478,51.0,60.00000000000002,55.67077304436002,20.0
-1,-101.16002334849314,22.490518388888876,74.0,62.40000000000003,38.76002334849312,19.0
-1,-108.999657795328,19.138653518518502,69.0,72.86400000000003,36.13565779532798,17.0
-1,-91.92924754821158,15.35615257870369,59.0,54.14400000000001,37.78524754821156,21.0
-1,-105.8672837352959,18.43236687037036,55.0,54.432,51.435283735295904,24.0
-1,-107.76319092467536,11.471285740740738,70.0,64.60800000000002,43.15519092467535,26.0
-1,-142.87448148660127,20.06949815740733,73.0,78.81600000000003,64.05848148660124,22.0
-1,-116.0806194029462,16.142991648148126,57.0,65.85600000000002,50.224619402946175,21.0
-1,-127.32181675184997,21.18542747685178,74.0,76.12800000000003,51.19381675184992,20.0
-1,-96.8476969412041,16.465143018518514,52.0,52.51200000000002,44.33569694120409,22.0
-1,-110.8363791963208,9.720580824074109,32.0,41.08800000000001,69.7483791963208,27.0
-1,-125.63268151126658,15.923770597222218,56.0,68.64000000000003,56.99268151126656,21.0
-1,-108.22724203465631,15.02191379629628,44.0,53.37600000000002,54.851242034656295,24.0
-1,-94.93001599730468,16.331654490740735,41.0,48.576000000000015,46.35401599730467,18.0
-1,-106.53532237673384,15.181085550925904,45.0,60.480000000000025,46.05532237673382,22.0
-1,-96.98619570925348,20.53315769907404,61.0,54.81600000000001,42.17019570925347,19.0
-1,-114.42248052136192,21.062723291666607,67.0,64.70400000000002,49.7184805213619,19.0
-1,-132.89670857940592,22.818782370370272,68.0,71.23200000000001,61.6647085794059,21.0
-1,-110.37924928112572,18.06781699999997,68.0,67.00800000000001,43.3712492811257,20.0
-1,-110.27563312111374,18.505818643518477,57.0,54.33600000000001,55.93963312111374,21.0
-1,-142.89789154220858,18.122415009259196,61.0,74.97600000000004,67.92189154220856,24.0
-1,-101.02916777008522,17.932367486111076,52.0,60.288000000000025,40.7411677700852,18.0
-1,-111.56343254712304,17.25952725462961,58.0,58.75200000000002,52.811432547123005,23.0
-1,-129.21526571631816,23.254871208333224,70.0,78.048,51.16726571631816,18.0
-1,-134.5891123037336,22.16623097685177,67.0,74.88000000000005,59.70911230373354,21.0
-1,-102.2684034523016,15.89446917592593,57.0,64.41600000000003,37.85240345230159,21.0
-1,-128.02207094028648,17.03464069444441,54.0,64.99200000000002,63.03007094028645,22.0
-1,-111.92917306202668,19.806723837962945,65.0,61.63200000000002,50.29717306202665,23.0
-1,-110.374690855462,21.392797657407403,68.0,64.70400000000002,45.670690855461984,20.0
-1,-115.1633926440126,14.472547078703696,44.0,44.44800000000001,70.71539264401258,25.0
-1,-105.72849632505242,20.255894291666618,55.0,62.78400000000003,42.9444963250524,21.0
-1,-133.91335398149147,18.63127620370362,65.0,66.04800000000003,67.86535398149144,26.0
-1,-131.50793044190334,14.943019842592593,53.0,62.20800000000003,69.2999304419033,24.0
-1,-101.328230221984,19.88232527314815,59.0,56.44800000000002,44.88023022198398,19.0
-1,-103.10662717333372,16.676083004629596,65.0,66.72,36.386627173333714,18.0
-1,-95.49783963292964,16.5184204398148,45.0,49.24800000000002,46.24983963292964,20.0
-1,-97.345561011108,14.26269113425926,46.0,57.696000000000026,39.649561011107984,18.0
-1,-117.8711599976258,22.743963759259174,61.0,66.04800000000003,51.82315999762576,21.0
-1,-101.69085676311758,20.27215850462961,51.0,57.024000000000015,44.66685676311756,19.0
-1,-103.49971986521572,14.04635502314815,59.0,61.53600000000002,41.963719865215694,23.0
-1,-106.18271414753268,16.128295263888866,51.0,63.07200000000002,43.110714147532654,20.0
-1,-117.55031010827116,18.62528794907405,67.0,68.92800000000003,48.62231010827113,21.0
-1,-134.42903000587123,13.141188333333323,56.0,73.63200000000003,60.797030005871214,25.0
-1,-125.34658606309408,20.02865579629625,58.0,71.80800000000004,53.53858606309402,20.0
-1,-106.99555905044532,21.211198037037008,58.0,63.55200000000002,43.44355905044528,17.0
-1,-95.1106892870566,14.815945888888876,50.0,62.88000000000003,32.23068928705656,17.0
-1,-108.31550564809484,18.52421071759252,53.0,62.40000000000002,45.915505648094815,22.0
-1,-72.44735806871212,5.956267800925918,33.0,42.816,29.631358068712117,21.0
-1,-118.6486893859277,13.08389619444445,55.0,65.376,53.2726893859277,23.0
-1,-84.40684530750814,11.65503744444446,43.0,45.888000000000005,38.51884530750813,22.0
-1,-106.52675936818603,15.765645481481467,51.0,56.16000000000002,50.36675936818604,23.0
-1,-107.2516821891612,15.046680564814812,63.0,68.25600000000003,38.995682189161165,21.0
-1,-122.29835075217446,17.80568303703698,60.0,62.88000000000002,59.418350752174426,23.0
-1,-95.43715271122484,22.028181476851813,64.0,59.71200000000003,35.725152711224816,17.0
-1,-127.19722433329476,16.103431708333318,48.0,57.50400000000001,69.69322433329476,26.0
-1,-100.02816016682011,18.025910722222196,52.0,57.216000000000015,42.81216016682012,21.0
-1,-125.35821949858672,14.038364314814832,50.0,56.44800000000002,68.9102194985867,24.0
-1,-106.95428326479411,15.61030633796296,53.0,63.26400000000002,43.69028326479409,22.0
-1,-104.58860499171158,16.722628333333322,58.0,63.26400000000003,41.32460499171154,20.0
-1,-117.97011478911728,18.174646560185177,63.0,68.64000000000003,49.330114789117246,20.0
-1,-100.17911236979894,20.14352797222219,53.0,60.864000000000026,39.31511236979892,19.0
-1,-98.01857498992857,16.322578592592606,41.0,52.60800000000002,45.41057498992855,20.0
-1,-113.76104466696182,14.527750523148152,48.0,53.56800000000001,60.19304466696181,23.0
-1,-86.800954748062,13.60150599537038,53.0,52.60800000000001,34.192954748061986,20.0
-1,-117.4284959911434,19.075760810185145,66.0,66.81600000000003,50.61249599114337,23.0
-1,-87.11374561975742,13.766025740740764,51.0,55.20000000000002,31.91374561975741,19.0
-1,-109.4531753910337,17.921255611111064,62.0,68.16000000000003,41.29317539103367,20.0
-1,-90.76009768573104,12.57583239814814,36.0,48.960000000000015,41.80009768573103,23.0
-1,-101.8188066927757,17.599829481481457,52.0,55.48800000000003,46.33080669277568,22.0
-1,-120.6751433586333,27.499912490740662,78.0,76.51200000000003,44.163143358633285,17.0
-1,-117.52440936591204,17.4654580138889,55.0,63.16800000000003,54.35640936591202,19.0
-1,-133.41274882801238,16.068923365740737,50.0,61.440000000000026,71.97274882801236,23.0
-1,-117.8516772964608,13.071072726851844,45.0,53.18400000000002,64.66767729646077,26.0
-1,-104.9284043068501,15.9353019212963,54.0,51.072,53.8564043068501,21.0
-1,-106.7074264007895,16.23466420370366,50.0,66.24000000000002,40.46742640078948,20.0
-1,-73.54909219540212,11.128166976851848,32.0,44.928,28.62109219540212,16.0
-1,-164.10848464226092,17.359403171296254,71.0,90.24000000000004,73.86848464226088,24.0
-1,-144.7960499735253,18.94647197222216,52.0,72.57600000000002,72.22004997352528,23.0
-1,-109.6080824360472,19.6322046111111,59.0,62.20800000000001,47.40008243604719,21.0
-1,-81.98072134265665,15.229913101851844,44.0,50.88000000000002,31.100721342656637,19.0
-1,-78.7105782978639,11.640324439814837,38.0,46.75200000000001,31.958578297863895,16.0
-1,-80.44631989187826,14.60984380092594,51.0,51.36000000000001,29.08631989187826,18.0
-1,-98.50429715316444,12.352976953703712,43.0,61.248000000000026,37.25629715316441,22.0
-1,-87.28808031003247,10.2769530925926,38.0,44.25600000000001,43.03208031003246,23.0
-1,-124.3700745005888,17.012082023148118,60.0,73.44000000000003,50.930074500588766,24.0
-1,-120.4304506517226,14.326002148148158,50.0,58.56000000000002,61.87045065172257,25.0
-1,-125.21190799852344,19.77680835648141,42.0,57.40800000000002,67.80390799852341,22.0
-1,-161.06018798789367,22.428307476851742,68.0,91.96800000000005,69.09218798789362,22.0
-1,-110.68778551621408,17.709389652777755,46.0,48.96,61.72778551621408,22.0
-1,-112.52333038271291,10.319285532407427,32.0,52.32000000000001,60.20333038271292,24.0
-1,-107.25422470486843,17.24502983333333,53.0,57.50400000000002,49.750224704868415,18.0
-1,-128.80079813037185,13.45876235185187,47.0,54.81600000000001,73.98479813037183,25.0
-1,-90.3911078410646,13.49122536111109,52.0,57.79200000000003,32.59910784106458,19.0
-1,-93.85050449221984,14.805491513888857,49.0,57.120000000000026,36.730504492219815,16.0
-1,-109.5470827513042,17.243242421296255,65.0,64.60800000000003,44.93908275130418,23.0
-1,-125.36884675106398,19.816459916666645,65.0,71.13600000000004,54.23284675106394,19.0
-1,-106.9514484306452,17.646978898148106,55.0,61.344000000000015,45.60744843064518,19.0
-1,-93.4657368021884,20.929032449074043,56.0,56.256000000000014,37.20973680218838,19.0
-1,-105.241671619198,14.597637587962955,53.0,61.15200000000002,44.08967161919799,20.0
-1,-93.42527393011284,13.367721509259278,39.0,49.05600000000002,44.36927393011282,20.0
-1,-92.76860639029296,18.334885569444417,54.0,50.400000000000006,42.36860639029296,21.0
-1,-121.5399499738787,14.948704504629616,41.0,59.04000000000001,62.49994997387869,23.0
-1,-112.27281118311424,16.814967796296255,66.0,80.06400000000004,32.20881118311419,18.0
-1,-90.38329911654628,16.34786694444447,44.0,46.17600000000002,44.20729911654625,21.0
-1,-110.26405829904994,17.038191726851835,53.0,58.46400000000002,51.80005829904991,20.0
-1,-112.63662112769856,18.915688287037,66.0,75.26400000000002,37.37262112769852,19.0
-1,-90.43107755856606,13.81808482407408,42.0,47.616,42.81507755856606,21.0
-1,-99.95369365772244,16.03503670833331,41.0,52.99200000000002,46.96169365772244,21.0
-1,-106.04264154905644,19.05322909259256,46.0,54.240000000000016,51.80264154905643,19.0
-1,-113.13719238904562,17.18178962499998,56.0,63.93600000000002,49.2011923890456,21.0
-1,-118.0518484924834,21.076424472222172,59.0,67.00800000000004,51.04384849248335,18.0
-1,-91.89921251954097,17.2309765509259,58.0,54.04800000000003,37.85121251954092,19.0
-1,-117.11746732400051,12.406871824074043,50.0,69.31200000000003,47.805467324000496,25.0
-1,-90.92805048135848,12.8715913425926,42.0,44.832000000000015,46.096050481358446,24.0
-1,-116.19562370966486,17.95131755555553,47.0,56.25600000000002,59.93962370966484,22.0
-1,-107.5674669163272,17.78728215740739,50.0,55.968000000000025,51.59946691632716,22.0
-1,-104.77799939299224,17.215736560185153,48.0,54.240000000000016,50.537999392992205,21.0
-1,-97.42060836223176,17.79645358333332,56.0,51.26400000000002,46.15660836223175,20.0
-1,-93.9101659989058,15.794169569444442,48.0,62.20800000000002,31.702165998905777,17.0
-1,-99.30740483956674,21.302047152777707,61.0,66.43200000000002,32.87540483956673,18.0
-1,-98.23757303492776,18.408258370370337,49.0,57.216000000000015,41.02157303492775,17.0
-1,-91.78780007696902,18.43586782870369,52.0,55.58400000000002,36.203800076969,18.0
-1,-97.18258936868467,14.932753796296328,50.0,51.55200000000002,45.63058936868467,19.0
-1,-95.8043146859671,19.928433421296265,58.0,69.79200000000003,26.012314685967063,16.0
-1,-96.15390008550784,11.538043333333324,41.0,54.62400000000002,41.52990008550782,22.0
-1,-105.28387461547884,18.87294902314816,61.0,57.50400000000002,47.779874615478825,21.0
-1,-90.67462911017208,13.841469685185183,41.0,58.46400000000003,32.21062911017204,16.0
-1,-99.9448481742053,22.376581754629598,57.0,65.18400000000003,34.76084817420528,13.0
-1,-123.31928803871324,15.213155564814803,58.0,63.07200000000002,60.24728803871323,24.0
-1,-106.51557640107694,19.597465324074,47.0,59.61600000000002,46.89957640107693,20.0
-1,-119.24283578518046,19.27875974999993,54.0,66.81600000000003,52.42683578518042,21.0
-1,-91.08844324144754,17.419160314814796,47.0,54.33600000000001,36.75244324144752,18.0
-1,-108.10959665534878,19.94455097222219,53.0,65.18400000000003,42.92559665534876,16.0
-1,-103.87547197281168,18.424823865740724,50.0,61.248000000000026,42.62747197281164,20.0
-1,-80.09561490603586,12.5749744675926,58.0,56.064000000000014,24.031614906035845,17.0
-1,-92.14797646249804,20.37990937037033,63.0,64.608,27.539976462498046,15.0
-1,-90.1622987292161,14.18369353703702,45.0,56.160000000000025,34.00229872921607,19.0
-1,-101.01428335925186,23.071626236111044,62.0,62.68800000000003,38.32628335925184,16.0
-1,-105.85746313051726,22.296435796296286,63.0,70.17600000000003,35.68146313051724,17.0
-1,-95.7796153630465,11.08759853703704,44.0,59.904000000000025,35.875615363046485,22.0
-1,-118.0753905638528,20.418855134259225,68.0,67.00800000000002,51.06739056385279,19.0
-1,-99.48876267165627,20.0193483981481,58.0,62.78400000000003,36.70476267165625,19.0
-1,-100.80514906745816,16.89963304166664,53.0,66.72000000000003,34.08514906745813,17.0
-1,-83.3481029176722,12.671840777777788,71.0,73.34400000000004,10.004102917672157,7.0
-1,-101.08989531777098,13.695070282407409,40.0,48.86400000000001,52.22589531777096,23.0
-1,-116.33295483238356,20.33013280092586,57.0,71.90400000000002,44.428954832383525,19.0
-1,-94.32315949825116,14.895935555555557,47.0,54.91200000000001,39.41115949825114,21.0
-1,-74.17096577597417,15.411628018518508,42.0,48.09600000000002,26.074965775974142,16.0
-1,-110.99339328760038,17.423118796296254,52.0,63.26400000000003,47.72939328760035,23.0
-1,-125.1354280104362,22.1638863888888,58.0,65.85600000000001,59.279428010436206,21.0
-1,-116.20076788320316,20.70395085185178,57.0,68.83200000000002,47.368767883203134,20.0
-1,-90.45171220193924,11.920395347222206,35.0,44.352,46.099712201939234,23.0
-1,-83.38440343362171,16.12338774537039,51.0,50.88000000000002,32.504403433621704,18.0
-1,-115.01474236841013,19.475107777777723,61.0,68.83200000000002,46.18274236841008,21.0
-1,-102.52694076213317,19.585413726851822,47.0,50.88000000000001,51.64694076213316,20.0
-1,-125.41224476700448,17.53414799074072,54.0,74.01600000000003,51.39624476700444,20.0
-1,-94.48323066559908,14.650876504629617,42.0,52.608,41.87523066559907,21.0
-1,-98.4850017450898,19.1659421296296,57.0,63.84000000000002,34.64500174508978,18.0
-1,-92.74564309312724,18.10621937499998,54.0,56.92800000000002,35.8176430931272,20.0
-1,-97.26952205611832,12.758679703703706,46.0,61.056000000000026,36.213522056118286,19.0
-1,-100.7060685285289,15.560892527777778,47.0,63.552000000000014,37.15406852852888,19.0
-1,-93.32367123015383,10.693139620370356,37.0,50.20800000000002,43.11567123015382,26.0
-1,-140.93291906060915,17.404720125,68.0,88.03200000000004,52.90091906060911,23.0
-1,-124.19365950469094,20.80402706018514,60.0,70.75200000000002,53.441659504690925,21.0
-1,-101.53903435717854,16.626714458333353,51.0,52.03200000000001,49.507034357178526,21.0
-1,-106.25866867403688,13.143264958333358,48.0,47.80800000000001,58.45066867403686,25.0
-1,-113.75889895438982,16.517437134259268,70.0,81.31200000000004,32.44689895438977,16.0
-1,-112.02771349374096,18.66236012499995,56.0,67.58400000000003,44.44371349374092,20.0
-1,-120.23140934215463,17.877425365740667,58.0,61.72800000000004,58.5034093421546,25.0
-1,-117.11483758761786,20.191736805555507,68.0,67.77600000000002,49.33883758761783,22.0
-1,-95.06460446735348,18.76759802314813,50.0,51.93600000000002,43.128604467353455,17.0
-1,-83.07650663147018,18.9590739398148,56.0,55.77600000000001,27.300506631470164,14.0
-1,-97.09941823690394,21.077417481481444,68.0,66.24000000000002,30.85941823690392,18.0
-1,-75.02101868839975,10.675082453703707,27.0,34.56,40.46101868839975,22.0
-1,-108.65621366780344,17.36714517129625,56.0,59.52000000000003,49.1362136678034,25.0
-1,-105.72484971216436,18.84422982870362,45.0,51.26400000000002,54.460849712164354,21.0
-1,-98.33951548778066,13.081582310185206,39.0,50.68800000000002,47.65151548778064,20.0
-1,-87.65809328866351,18.83490932870369,52.0,53.76000000000001,33.89809328866349,17.0
-1,-104.90977928433458,16.00207806018518,52.0,56.06400000000002,48.84577928433456,20.0
-1,-105.33308008402216,21.723740361111066,61.0,66.91200000000002,38.42108008402214,19.0
-1,-108.34873567266618,13.217917430555572,44.0,58.94400000000002,49.40473567266616,20.0
-1,-94.52219083200823,14.568369171296302,38.0,42.72000000000001,51.80219083200824,21.0
-1,-107.06632312810136,17.20235097685183,42.0,46.94400000000001,60.122323128101335,22.0
-1,-96.67651454164628,21.69450174074069,54.0,54.33600000000002,42.34051454164624,21.0
-1,-92.02575083721,14.342176064814828,50.0,52.22400000000001,39.80175083720999,20.0
-1,-99.76507594346864,12.562003884259289,34.0,41.664,58.10107594346865,22.0
-1,-106.8180839911171,13.142169023148163,45.0,49.53600000000001,57.28208399111711,23.0
-1,-92.04891644616823,15.35803141666668,38.0,44.06400000000001,47.98491644616824,23.0
-1,-109.7109010347701,22.41292418981476,56.0,66.04800000000003,43.66290103477007,22.0
-1,-101.82294438825728,17.51366550925923,56.0,70.94400000000003,30.878944388257253,18.0
-1,-96.56836782874709,21.193238101851826,61.0,65.76000000000003,30.80836782874706,17.0
-1,-93.04771997909737,15.657880814814806,37.0,52.41600000000002,40.63171997909735,18.0
-1,-64.09381365495761,10.797442828703709,46.0,47.42400000000001,16.669813654957615,14.0
-1,-114.25512472899902,17.094503111111077,50.0,70.65600000000002,43.59912472899901,21.0
-1,-91.77362497454314,15.580842337962974,44.0,50.496000000000016,41.27762497454312,24.0
-1,-75.87450813639353,17.986375768518503,64.0,58.56000000000002,17.314508136393506,11.0
-1,-116.67418591838867,19.488330662036955,63.0,71.13600000000004,45.53818591838863,21.0
-1,-126.289559289368,17.21855076388885,50.0,61.82400000000003,64.46555928936797,24.0
-1,-80.29682610748019,18.01580212962961,54.0,59.61600000000003,20.68082610748016,14.0
-1,-108.04493806903798,20.134545888888844,48.0,59.13600000000002,48.90893806903795,21.0
-1,-112.53072990908244,12.257420046296286,37.0,52.99200000000001,59.53872990908243,24.0
-1,-108.20477444281325,15.536146731481455,45.0,54.81600000000002,53.388774442813215,23.0
-1,-125.14108340585294,13.02575913888889,42.0,60.57600000000002,64.56508340585292,25.0
-1,-102.18860623384263,17.534257583333275,58.0,60.00000000000002,42.18860623384263,23.0
-1,-79.50763308708463,18.378811004629625,54.0,54.720000000000006,24.78763308708463,17.0
-1,-93.91996178124828,15.721626736111102,44.0,55.58400000000002,38.33596178124824,18.0
-1,-95.76122227906032,14.025169143518529,43.0,51.45600000000002,44.305222279060295,20.0
-1,-88.65965234367576,17.051215449074068,43.0,46.56000000000001,42.09965234367574,20.0
-1,-114.63241889043528,18.87876391203699,50.0,68.83200000000002,45.80041889043525,21.0
-1,-92.04667303995473,13.96036673148148,48.0,63.26400000000002,28.782673039954712,15.0
-1,-86.2979384766249,20.331310347222185,55.0,57.12000000000002,29.17793847662489,17.0
-1,-117.14123379372606,13.889886935185183,53.0,66.33600000000003,50.80523379372603,22.0
-1,-138.76822898345696,15.598919374999983,57.0,81.21600000000004,57.552228983456935,26.0
-1,-81.74396525884579,15.917254398148163,48.0,50.40000000000002,31.34396525884577,20.0
-1,-102.42251542119364,14.892580773148133,41.0,57.98400000000002,44.43851542119363,20.0
-1,-106.00819170997202,13.808897564814805,43.0,51.26400000000002,54.74419170997201,23.0
-1,-102.1545165125512,19.74388519444437,43.0,51.45600000000001,50.69851651255119,20.0
-1,-98.5637692488832,17.719311694444404,45.0,51.648000000000025,46.91576924888317,20.0
-1,-91.11286861919449,16.067880023148135,52.0,52.80000000000001,38.31286861919448,21.0
-1,-98.97025580956478,21.11941960648149,58.0,61.824,37.14625580956478,17.0
-1,-109.32613519608634,15.70254440277778,37.0,47.61600000000001,61.71013519608634,23.0
-1,-108.48471799418758,14.460387069444431,45.0,54.048000000000016,54.43671799418755,24.0
-1,-87.40189376214904,16.310089083333324,50.0,57.50400000000001,29.897893762149035,18.0
-1,-100.09174114869651,14.913902351851826,44.0,51.55200000000002,48.53974114869651,26.0
-1,-73.92950776304838,13.304775129629622,41.0,51.07200000000002,22.857507763048368,15.0
-1,-87.18173147455269,15.3133230787037,44.0,43.392,43.789731474552696,22.0
-1,-120.73019410381256,17.829123759259186,47.0,68.73600000000002,51.99419410381253,21.0
-1,-96.33542722613105,14.887875875000011,35.0,45.31200000000002,51.023427226131005,23.0
-1,-108.44722596942452,20.42091604629624,59.0,57.98400000000002,50.463225969424506,21.0
-1,-114.33081423675424,18.905684449073995,52.0,69.31200000000004,45.01881423675419,20.0
-1,-101.59015746296598,16.27042256018519,52.0,59.04000000000002,42.55015746296596,19.0
-1,-79.61635960121872,18.60528045833332,48.0,40.224,39.39235960121872,21.0
-1,-105.89417877058357,17.125974874999994,45.0,50.88000000000002,55.01417877058353,21.0
-1,-105.18661090689947,14.48974070833333,50.0,56.83200000000002,48.354610906899474,20.0
-1,-96.01622420463823,15.67942456018515,51.0,71.71200000000005,24.304224204638203,14.0
-1,-171.28043020689688,16.25595312962961,64.0,100.99200000000006,70.28843020689683,24.0
-1,-96.2785364474516,13.456540398148135,31.0,43.872000000000014,52.40653644745158,23.0
-1,-73.53998278213318,10.450165731481482,37.0,44.640000000000015,28.899982782133165,20.0
-1,-89.96755110188997,19.20757301851848,43.0,47.808000000000014,42.15955110188996,20.0
-1,-116.03841552061024,19.56768106944438,64.0,72.38400000000003,43.6544155206102,22.0
-1,-104.92068237411648,20.76828645833325,56.0,66.04800000000003,38.87268237411644,22.0
-1,-95.39248178248724,11.319763222222225,38.0,52.80000000000001,42.59248178248722,20.0
-1,-89.96123953587357,15.885142624999997,39.0,53.280000000000015,36.68123953587355,17.0
-1,-110.12406102530365,15.713627967592544,52.0,70.27200000000002,39.85206102530361,23.0
-1,-87.85611095067142,15.75221081018521,53.0,51.55200000000001,36.304110950671415,20.0
-1,-96.18664592145925,17.8815638472222,42.0,53.280000000000015,42.90664592145922,19.0
-1,-99.30963173695882,19.946329518518464,42.0,54.72000000000001,44.58963173695881,19.0
-1,-93.73023152988182,18.03077807407405,44.0,47.32800000000002,46.40223152988181,20.0
-1,-96.62880272087057,18.027171953703657,46.0,54.33600000000001,42.29280272087056,19.0
-1,-90.14298319375769,11.09034425,41.0,52.99200000000002,37.15098319375765,20.0
-1,-75.91830208957988,13.843443537037032,37.0,43.58400000000001,32.33430208957987,20.0
-1,-110.03051697891004,20.164112268518465,58.0,69.21600000000004,40.81451697891,22.0
-1,-99.278560284965,20.099937222222167,55.0,64.22400000000003,35.054560284964985,18.0
-1,-103.9221019458273,16.588154449074054,45.0,52.60800000000001,51.31410194582728,23.0
-1,-88.03069042087685,11.821657282407411,40.0,52.99200000000001,35.03869042087685,19.0
-1,-115.49456826462398,14.250101282407398,65.0,76.22400000000003,39.27056826462395,20.0
-1,-93.36381946895088,22.276119990740725,48.0,54.33600000000001,39.02781946895086,18.0
-1,-102.03499153903226,16.78853024537033,54.0,60.288000000000025,41.74699153903223,22.0
-1,-89.32740887323335,21.876397324074013,49.0,57.216000000000015,32.11140887323334,17.0
-1,-89.92540754498229,17.66298417129628,51.0,55.77600000000002,34.149407544982274,16.0
-1,-100.9420752218861,18.131535592592527,52.0,67.39200000000002,33.550075221886075,19.0
-1,-102.3984782161108,18.79370630555556,49.0,51.840000000000025,50.55847821611077,21.0
-1,-91.77220184564015,13.44548330555554,49.0,56.83200000000002,34.94020184564014,22.0
-1,-106.92200209819528,18.819979629629582,55.0,54.62400000000001,52.29800209819529,25.0
-1,-94.66578863573488,13.368812379629627,46.0,56.54400000000003,38.12178863573485,21.0
-1,-84.8981633802822,15.812516935185185,51.0,56.54400000000002,28.354163380282174,18.0
-1,-102.69050926999314,20.18990558333327,54.0,63.36000000000004,39.33050926999311,19.0
-1,-91.98939233356543,13.65072093518518,43.0,50.78400000000002,41.20539233356542,24.0
-1,-138.22228409560344,16.58259295370367,63.0,90.14400000000003,48.07828409560339,18.0
-1,-107.7994345996851,21.023512592592557,60.0,63.26400000000003,44.53543459968506,20.0
-1,-102.322961501827,16.67385566203703,42.0,49.152000000000015,53.17096150182698,22.0
-1,-92.319539504085,14.411911773148155,48.0,49.92000000000002,42.39953950408497,21.0
-1,-103.65102080966513,17.376144162037026,50.0,52.60800000000002,51.04302080966509,21.0
-1,-128.2208182126022,15.378505995370368,50.0,68.54400000000003,59.676818212602186,26.0
-1,-100.5801696427284,19.147656032407347,47.0,57.984000000000016,42.596169642728384,18.0
-1,-85.6641663353284,11.542181583333315,39.0,56.256000000000014,29.40816633532839,17.0
-1,-83.60159292066218,24.984269134259247,62.0,57.50400000000002,26.09759292066217,15.0
-1,-98.38313855799916,14.962900546296297,53.0,49.53600000000002,48.84713855799912,23.0
-1,-89.06633350901896,16.32263043518519,49.0,50.68800000000002,38.37833350901894,22.0
-1,-110.94006436339842,15.29853936574074,56.0,66.52800000000002,44.41206436339839,22.0
-1,-107.5899160340328,17.18669468518518,51.0,59.71200000000003,47.87791603403276,22.0
-1,-98.03485069193522,17.373261814814796,41.0,55.10400000000003,42.93085069193519,19.0
-1,-109.61686053547857,20.7259319444444,59.0,66.72000000000003,42.89686053547855,20.0
-1,-119.66854156802908,17.553717527777724,44.0,65.76000000000002,53.908541568029065,20.0
-1,-105.78666995665888,12.409567611111106,40.0,47.90400000000001,57.88266995665887,27.0
-1,-90.2633790158776,14.640199407407415,48.0,60.096,30.167379015877582,13.0
-1,-96.1544339173922,14.738425402777782,56.0,53.18400000000002,42.97043391739218,23.0
-1,-102.82004791665702,16.815008462962968,42.0,49.24800000000001,53.57204791665701,21.0
-1,-133.1216164823203,19.179208722222157,52.0,64.32000000000002,68.80161648232028,22.0
-1,-83.4612119299596,15.42581775462963,44.0,43.39200000000001,40.06921192995959,20.0
-1,-96.69164330496554,18.2908467222222,41.0,47.04000000000001,49.65164330496552,19.0
-1,-88.18707408444634,14.10410009722222,41.0,55.20000000000002,32.98707408444632,18.0
-1,-88.40628054030701,19.6304261759259,47.0,52.51200000000001,35.894280540307,18.0
-1,-97.0305981494154,19.672016796296248,48.0,49.920000000000016,47.110598149415374,20.0
-1,-86.11226006940167,14.12102614351853,35.0,49.632000000000005,36.48026006940167,19.0
-1,-80.49561651998707,14.198953717592602,52.0,58.08000000000002,22.415616519987044,15.0
-1,-112.49846931870232,15.686608143518502,48.0,57.40800000000003,55.09046931870229,25.0
-1,-83.75876073648203,15.995565574074073,42.0,48.76800000000002,34.99076073648202,21.0
-1,-122.61198850437208,19.206085717592494,54.0,67.29600000000003,55.31598850437205,23.0
-1,-95.7500621349512,26.023294060185115,58.0,57.98400000000002,37.76606213495119,16.0
-1,-117.41232109564754,15.667698157407411,50.0,64.80000000000003,52.61232109564752,22.0
-1,-100.43712999994948,19.958936615740708,61.0,62.88000000000002,37.55712999994945,20.0
-1,-115.02305853784851,12.873705083333345,47.0,64.51200000000003,50.51105853784848,22.0
-1,-92.11212646857258,17.106756282407364,48.0,66.91200000000002,25.200126468572563,15.0
-1,-92.70795175322068,18.00879619907407,48.0,45.024,47.68395175322068,20.0
-1,-92.5580364832391,16.70905450925926,45.0,50.01600000000001,42.5420364832391,21.0
-1,-92.65942434852346,17.25649884722221,61.0,59.136,33.52342434852345,20.0
-1,-92.04640233436362,18.05272939814813,50.0,54.81600000000001,37.23040233436362,20.0
-1,-138.16369538510264,14.920800300925928,52.0,69.88800000000003,68.27569538510261,24.0
-1,-68.18654453249106,9.8649985462963,45.0,46.464000000000006,21.722544532491053,15.0
-1,-113.47731591745028,18.43788393981477,55.0,59.32800000000002,54.14931591745027,21.0
-1,-91.75947428649772,17.42188712499999,60.0,64.51200000000003,27.24747428649769,18.0
-1,-118.43821044875594,17.409799231481458,44.0,54.14400000000003,64.29421044875592,22.0
-1,-90.70291216965038,13.663778638888887,44.0,56.25600000000002,34.446912169650346,20.0
-1,-74.15663078248659,17.194815226851826,39.0,40.12800000000001,34.02863078248657,20.0
-1,-95.77613308320647,15.896588236111098,44.0,43.68000000000001,52.09613308320646,24.0
-1,-104.03572791901873,21.69974433796289,44.0,57.69600000000001,46.3397279190187,18.0
-1,-100.21060273865577,18.078811013888853,48.0,53.472000000000016,46.738602738655736,19.0
-1,-80.06589809091706,15.461735125000002,45.0,47.040000000000006,33.02589809091705,19.0
-1,-82.34803389390285,19.877599273148125,50.0,52.03200000000002,30.31603389390283,17.0
-1,-74.62572399993829,13.51170025925926,47.0,49.344000000000015,25.28172399993828,17.0
-1,-103.81445153091096,16.595570083333303,45.0,55.68000000000002,48.134451530910944,23.0
-1,-92.02993462262916,17.719485532407383,47.0,49.344000000000015,42.68593462262914,19.0
-1,-89.69513903418212,15.777848875000013,53.0,51.64800000000001,38.04713903418211,19.0
-1,-85.09266203314675,15.145540064814789,46.0,52.89600000000002,32.19666203314674,19.0
-1,-86.30429824483753,16.66085821296296,46.0,55.29600000000002,31.008298244837505,18.0
-1,-81.69509232622082,17.71556407407405,43.0,51.55200000000001,30.14309232622081,15.0
-1,-100.46923725324604,19.356817666666625,52.0,60.00000000000003,40.469237253246,19.0
-1,-105.85012174768636,16.576792490740754,51.0,55.77600000000002,50.07412174768636,23.0
-1,-89.77716904785359,22.37353729629624,55.0,55.10400000000002,34.67316904785358,17.0
-1,-82.8293879718506,15.380028578703696,40.0,47.424000000000014,35.40538797185058,21.0
-1,-92.0649202136998,16.57205466203703,49.0,51.552000000000014,40.51292021369978,21.0
-1,-97.49322285529146,14.695500087962934,32.0,45.12000000000001,52.37322285529146,23.0
-1,-94.12763212977164,18.15862092592592,46.0,55.96800000000002,38.15963212977162,19.0
-1,-91.87442920311672,15.970099435185196,44.0,53.66400000000001,38.21042920311671,19.0
-1,-82.75945562374459,19.09182772685182,45.0,51.84000000000002,30.91945562374457,12.0
-1,-81.13717628937351,12.167973199074074,38.0,42.816,38.32117628937351,20.0
-1,-104.21446615758612,16.357736939814792,52.0,56.736000000000026,47.4784661575861,23.0
-1,-89.9391248962038,12.623528185185192,35.0,45.216,44.723124896203785,24.0
-1,-70.58842912354869,18.910161277777775,47.0,43.29600000000001,27.292429123548683,18.0
-1,-92.50386337314282,17.80157749537039,50.0,59.42400000000002,33.07986337314281,18.0
-1,-101.96763608720534,17.165592180555514,51.0,57.504000000000026,44.4636360872053,22.0
-1,-95.3560666637966,23.40951643981476,62.0,64.32000000000002,31.0360666637966,17.0
-1,-87.91528067770264,19.33458368981475,51.0,54.432000000000016,33.48328067770263,17.0
-1,-88.53528520294688,18.59804594444439,48.0,49.536000000000016,38.99928520294687,20.0
-1,-108.70511537876058,20.521071074074037,56.0,58.17600000000002,50.52911537876056,20.0
-1,-85.48824922062929,13.796879731481496,43.0,51.55200000000001,33.93624922062927,19.0
-1,-125.3366595459024,19.503324745370318,55.0,63.74400000000003,61.59265954590236,23.0
-1,-110.01259086402948,14.61036759259259,47.0,56.64000000000003,53.372590864029455,24.0
-1,-119.4402069449427,22.189730157407304,53.0,66.81600000000003,52.62420694494268,19.0
-1,-101.24209699709886,16.630723384259245,42.0,57.50400000000001,43.73809699709884,21.0
-1,-88.84591046341697,19.93362265277775,51.0,54.52800000000002,34.31791046341695,18.0
-1,-77.06339963690645,12.690597277777767,44.0,50.59200000000001,26.471399636906444,18.0
-1,-94.35683007546255,21.22719944907402,52.0,61.248000000000026,33.10883007546255,18.0
-1,-112.33593420740632,18.504751324074004,50.0,60.76800000000003,51.56793420740628,22.0
-1,-110.70201209522368,18.75458139351845,51.0,62.68800000000003,48.014012095223634,21.0
-1,-92.05313594124752,14.141956800925945,46.0,49.44000000000002,42.61313594124751,22.0
-1,-100.43736604901925,17.644326671296287,38.0,43.10400000000001,57.33336604901921,22.0
-1,-73.75796292162075,11.480802564814828,36.0,45.02400000000001,28.733962921620737,18.0
-1,-89.57561731082706,16.749702481481446,46.0,54.240000000000016,35.33561731082705,18.0
-1,-81.64319792884885,18.888354430555516,52.0,50.97600000000002,30.66719792884883,19.0
-1,-112.15534770535496,20.887979425925888,61.0,65.47200000000002,46.68334770535493,20.0
-1,-90.34843111986024,19.79359057870365,40.0,53.376000000000005,36.972431119860246,20.0
-1,-67.48509083060036,13.255296874999994,45.0,50.68800000000002,16.797090830600336,11.0
-1,-99.8100916034336,16.23165972685182,42.0,51.84000000000001,47.97009160343357,22.0
-1,-103.81396967366064,18.12115637962957,43.0,60.096000000000025,43.717969673660605,19.0
-1,-83.30606949477945,13.940566421296296,44.0,50.304000000000016,33.002069494779434,17.0
-1,-95.53096773629689,25.50822974074065,61.0,57.312000000000026,38.21896773629685,19.0
-1,-83.24905242548054,14.467200083333331,44.0,54.14400000000002,29.105052425480523,19.0
-1,-97.47540349840968,21.740588962962917,49.0,59.32800000000002,38.14740349840965,18.0
-1,-117.52785543893364,19.128166824074015,56.0,55.77600000000003,61.75185543893361,24.0
-1,-105.05936630084456,20.05938456481476,49.0,60.38400000000002,44.67536630084454,20.0
-1,-95.56891741477804,13.795025990740722,40.0,52.03200000000002,43.53691741477801,25.0
-1,-89.6020744383355,15.382348166666675,45.0,53.37600000000001,36.2260744383355,18.0
-1,-95.2738083882072,13.788070384259257,41.0,55.58400000000002,39.68980838820717,18.0
-1,-105.20369384360907,22.52201291666658,55.0,58.65600000000002,46.54769384360905,21.0
-1,-88.61601700333887,16.824385129629604,43.0,54.048000000000016,34.56801700333885,16.0
-1,-81.61038472685642,12.36731444444447,38.0,41.28000000000001,40.330384726856416,19.0
-1,-103.85949265680075,18.110260722222176,49.0,56.64000000000002,47.21949265680075,20.0
-1,-94.4615569148078,24.285429407407385,57.0,54.33600000000002,40.125556914807774,18.0
-1,-109.73504179281512,15.566463342592588,49.0,62.78400000000003,46.95104179281508,23.0
-1,-90.31705148267504,20.428453416666656,46.0,49.15200000000001,41.16505148267503,19.0
-1,-88.13787867436456,13.726680675925923,48.0,46.08000000000002,42.05787867436454,24.0
-1,-83.12735511437097,17.273151106481453,53.0,54.432000000000016,28.69535511437096,19.0
-1,-73.66633818579896,12.883172782407392,33.0,37.92,35.74633818579897,18.0
-1,-151.00578141360512,23.11105392592588,70.0,100.12800000000006,50.87778141360505,20.0
-1,-118.02953538424238,15.968557763888846,50.0,71.61600000000003,46.41353538424235,23.0
-1,-96.8170851284884,20.36644851851848,56.0,63.07200000000002,33.745085128488384,16.0
-1,-103.5675883233922,17.448483087962927,58.0,60.00000000000002,43.5675883233922,22.0
-1,-94.53699643260018,19.659244439814778,47.0,44.54400000000002,49.99299643260016,20.0
-1,-97.08323611550512,15.19280312962962,45.0,59.23200000000001,37.8512361155051,21.0
-1,-89.12083557278879,16.859138314814807,48.0,50.01600000000001,39.10483557278877,17.0
-1,-86.33337265543418,13.765358495370371,51.0,51.07200000000002,35.261372655434144,18.0
-1,-87.02000110886452,18.552021361111134,47.0,49.152000000000015,37.868001108864505,20.0
-1,-85.62063846219881,14.79746183796296,41.0,51.264,34.35663846219881,18.0
-1,-111.21507862925117,23.66348407870362,56.0,65.95200000000003,45.26307862925115,17.0
-1,-94.23471706236232,15.678194138888877,47.0,51.93600000000001,42.29871706236231,19.0
-1,-117.83845765912773,18.873452333333297,63.0,68.35200000000003,49.4864576591277,22.0
-1,-91.37246243706014,19.793812111111095,82.0,76.22400000000005,15.148462437060097,10.0
-1,-103.10940005474562,15.780858189814817,51.0,55.48800000000003,47.62140005474559,25.0
-1,-97.4269162818048,17.25643736574073,51.0,63.648000000000025,33.77891628180478,19.0
-1,-84.0509227196722,20.316696509259238,47.0,54.72000000000003,29.33092271967218,16.0
-1,-87.63782730645303,16.40643263425924,55.0,53.28000000000002,34.357827306453004,18.0
-1,-88.00067435711046,18.079423236111083,52.0,56.448000000000015,31.552674357110448,16.0
-1,-90.09627578279688,19.401123962962952,54.0,47.80800000000002,42.28827578279686,23.0
-1,-95.1959443699664,16.14221259259261,45.0,47.52000000000001,47.67594436996641,24.0
-1,-99.38895393499968,17.092465162037048,37.0,46.17600000000001,53.21295393499967,20.0
-1,-83.54547137963414,12.663553064814828,42.0,49.15200000000002,34.393471379634114,20.0
-1,-70.9696284298102,19.46205191666664,55.0,53.37600000000001,17.59362842981019,12.0
-1,-83.95724571493794,15.220959425925908,42.0,48.09600000000001,35.86124571493793,22.0
-1,-106.32273119078144,17.337899912036992,57.0,66.62400000000001,39.69873119078144,19.0
-1,-93.6914535452159,13.363238361111105,31.0,46.46400000000001,47.22745354521587,20.0
-1,-90.69212947980752,16.789992828703664,41.0,48.86400000000002,41.8281294798075,21.0
-1,-105.86950140765737,21.774799856481422,64.0,73.44000000000003,32.42950140765735,19.0
-1,-90.3368863750022,17.41225958333329,52.0,60.0,30.3368863750022,17.0
-1,-84.02322278154796,15.934125046296309,41.0,47.23200000000001,36.79122278154795,18.0
-1,-95.36580655948524,22.636865037037012,48.0,53.85600000000002,41.509806559485206,17.0
-1,-87.48387119400815,18.417687129629588,40.0,47.32800000000001,40.15587119400814,22.0
-1,-86.8120037990527,15.00145768981482,42.0,45.31200000000001,41.50000379905269,21.0
-1,-74.2287411871821,15.91824356481481,43.0,48.576000000000015,25.652741187182087,18.0
-1,-93.6362990569469,13.707296254629624,40.0,47.71200000000001,45.924299056946886,24.0
-1,-96.20767970133798,17.672159009259246,70.0,74.30400000000003,21.903679701337943,14.0
-1,-98.97848171487678,18.197292055555515,42.0,51.07200000000002,47.90648171487676,19.0
-1,-98.75134081002687,23.241155930555472,46.0,51.07200000000002,47.67934081002685,18.0
-1,-90.20378224538412,20.780576898148137,51.0,62.208000000000034,27.995782245384103,14.0
-1,-91.38107109440504,17.475683800925903,52.0,61.440000000000026,29.941071094405004,18.0
-1,-97.97100629032768,24.126051643518487,56.0,58.17600000000003,39.79500629032764,18.0
-1,-94.32752220757108,17.397581874999975,43.0,48.960000000000015,45.36752220757108,22.0
-1,-94.65629128047048,14.579643495370371,49.0,53.85600000000002,40.80029128047045,23.0
-1,-91.8553556924609,16.527168444444452,40.0,47.13600000000001,44.719355692460894,18.0
-1,-94.33628626609092,17.46838288425923,42.0,52.80000000000002,41.5362862660909,19.0
-1,-88.99659539328442,17.62525665277777,57.0,60.38400000000001,28.61259539328441,17.0
-1,-108.48426168443196,16.79266003703702,46.0,57.120000000000026,51.364261684431945,24.0
-1,-79.23430157543314,16.444676999999974,48.0,51.744000000000014,27.49030157543312,17.0
-1,-119.58044854869812,17.518231402777754,51.0,61.53600000000003,58.04444854869809,23.0
-1,-90.78285144846058,16.03791428703705,45.0,52.80000000000002,37.98285144846055,18.0
-1,-90.03517256982803,17.330572708333314,45.0,47.61600000000002,42.41917256982802,21.0
-1,-85.3840972164019,17.97823496759256,45.0,62.30400000000002,23.08009721640188,13.0
-1,-109.77143748503802,18.38851612962959,48.0,54.81600000000002,54.955437485038,21.0
-1,-90.10643216227236,14.9360631435185,37.0,47.61600000000001,42.49043216227236,21.0
-1,-113.1680010547054,17.335417314814787,47.0,49.24800000000001,63.9200010547054,23.0
-1,-89.50130773913028,15.452065777777769,37.0,51.648,37.85330773913028,20.0
-1,-95.9001129972973,20.510845504629582,55.0,55.77600000000002,40.12411299729728,20.0
-1,-103.00864194586524,13.574266490740738,46.0,59.04000000000002,43.968641945865215,22.0
-1,-82.03961265745936,19.965438138888885,51.0,50.208000000000006,31.83161265745935,17.0
-1,-97.74018925410216,14.180024111111097,43.0,49.344000000000015,48.396189254102126,18.0
-1,-109.30868131497915,23.130198050925863,53.0,69.21600000000002,40.092681314979146,18.0
-1,-97.51617983923424,19.310209907407323,50.0,57.60000000000002,39.9161798392342,21.0
-1,-87.84621735270099,19.257054578703706,44.0,47.808000000000014,40.038217352700975,19.0
-1,-100.1084904287694,17.45182443981476,46.0,56.35200000000002,43.75649042876938,22.0
-1,-104.80340415916878,17.073999273148125,66.0,69.12000000000003,35.683404159168745,20.0
-1,-90.60427814469946,13.19008697222224,39.0,39.93600000000001,50.66827814469946,26.0
-1,-98.11769053391907,19.14132542129625,67.0,66.24000000000004,31.877690533919036,20.0
-1,-105.2897823493634,16.92672759259256,50.0,55.296000000000014,49.99378234936338,24.0
-1,-91.63432312292682,22.24080261111108,57.0,55.29600000000002,36.3383231229268,20.0
-1,-86.90082558960054,12.318939124999982,42.0,54.24000000000002,32.66082558960052,19.0
-1,-95.55430501930326,19.99935095833329,43.0,49.15200000000002,46.40230501930324,18.0
-1,-79.16998945668735,17.824052189814797,61.0,56.44800000000003,22.721989456687325,13.0
-1,-90.578004164775,15.822856018518513,37.0,47.232000000000006,43.34600416477498,21.0
-1,-94.02958879912812,13.421147842592596,43.0,53.37600000000002,40.65358879912812,19.0
-1,-91.45666565936426,19.18870398148145,47.0,45.12,46.33666565936426,20.0
-1,-91.80840197108148,21.29962348148143,51.0,54.81600000000002,36.99240197108145,21.0
-1,-106.88017471561736,18.54139306018514,51.0,63.74400000000003,43.136174715617344,18.0
-1,-81.82554088160074,16.337365050925946,49.0,49.632,32.193540881600754,19.0
-1,-79.54244307128894,12.492799356481475,41.0,48.96000000000001,30.582443071288942,21.0
-1,-77.87163450039951,15.462040106481458,42.0,49.63200000000001,28.239634500399497,15.0
-1,-80.75936685974673,13.221068203703688,39.0,48.76800000000002,31.99136685974671,21.0
-1,-106.24860986203106,17.710829930555516,47.0,53.760000000000026,52.48860986203103,22.0
-1,-82.36178103512911,16.347085648148152,43.0,51.840000000000025,30.52178103512909,17.0
-1,-78.46520225402926,13.297849236111116,38.0,46.848,31.61720225402926,19.0
-1,-72.77524721345883,20.46805129629624,47.0,49.05600000000001,23.71924721345881,16.0
-1,-87.34583716556394,21.046004749999927,51.0,59.71200000000001,27.633837165563925,14.0
-1,-96.953274549242,21.74077727314812,58.0,61.056000000000026,35.89727454924197,17.0
-1,-101.39074205151078,16.170480175925917,53.0,54.62400000000002,46.766742051510754,22.0
-1,-75.73482620909525,12.448725662037049,37.0,40.89600000000001,34.838826209095245,20.0
-1,-92.8908737789046,22.06278330092585,50.0,62.30400000000004,30.58687377890455,17.0
-1,-92.5373419009619,18.17746663888888,55.0,51.64800000000001,40.889341900961895,19.0
-1,-79.9660045255352,17.196147763888877,46.0,46.36800000000001,33.59800452553518,19.0
-1,-93.21143507425688,14.904421435185158,43.0,48.86400000000001,44.34743507425688,19.0
-1,-88.65716742571888,13.602173388888891,44.0,49.05600000000001,39.60116742571886,20.0
-1,-74.3131615585531,13.215637106481488,42.0,45.984,28.3291615585531,19.0
-1,-103.509459127918,13.733898101851867,49.0,55.29600000000002,48.21345912791798,23.0
-1,-69.83309548440155,15.351754763888875,40.0,43.39200000000002,26.441095484401536,19.0
-1,-88.32405563522157,16.058212171296283,37.0,49.15200000000002,39.17205563522155,20.0
-1,-99.69008939541096,18.178766273148103,48.0,56.928000000000026,42.76208939541093,19.0
-1,-96.07872253616742,12.391477481481472,51.0,57.40800000000003,38.67072253616739,22.0
-1,-90.27241724341933,13.753790421296271,47.0,56.06400000000001,34.20841724341931,19.0
-1,-83.41037342878387,17.75349118055555,46.0,54.240000000000016,29.170373428783854,15.0
-1,-89.17694478247728,18.85955031481483,51.0,51.360000000000014,37.81694478247727,17.0
-1,-87.26782220136857,14.67783757407406,44.0,50.304000000000016,36.96382220136855,17.0
-1,-100.4742079721534,16.54509677777774,43.0,56.25600000000002,44.21820797215338,22.0
-1,-94.17610725989314,19.62828702777773,47.0,57.12000000000002,37.05610725989313,17.0
-1,-104.31437398585555,21.32149570370364,51.0,55.20000000000002,49.11437398585555,22.0
-1,-77.0916801622525,11.7767677824074,38.0,40.89600000000001,36.19568016225249,21.0
-1,-89.07065982538654,19.336289370370327,58.0,65.37600000000002,23.69465982538652,16.0
-1,-94.09213500731066,18.084706560185147,55.0,63.55200000000002,30.54013500731064,19.0
-1,-78.34931198578114,11.55168240277778,37.0,38.592000000000006,39.757311985781136,25.0
-1,-88.74954361240145,16.150782629629607,45.0,54.33600000000001,34.41354361240143,20.0
-1,-98.52630443398348,16.53148783796294,40.0,47.90400000000001,50.62230443398346,21.0
-1,-89.35440955697612,19.81436494907405,72.0,63.552000000000014,25.80240955697612,17.0
-1,-87.22984137992975,12.248367962962966,37.0,50.40000000000001,36.82984137992973,20.0
-1,-103.00161222492385,17.272991185185152,44.0,57.12000000000002,45.88161222492382,20.0
-1,-86.94975615071064,16.54852201388887,39.0,41.664000000000016,45.28575615071062,21.0
-1,-91.38796940091056,14.600603444444474,42.0,45.792000000000016,45.59596940091054,19.0
-1,-69.81470605174367,12.76698425462962,41.0,40.99200000000002,28.822706051743648,19.0
-1,-81.89395790000205,12.979167574074086,40.0,46.08000000000001,35.81395790000203,23.0
-1,-89.69214428971269,20.549387069444432,54.0,62.68800000000003,27.004144289712656,16.0
-1,-102.2127373134238,19.00727738425921,51.0,66.04800000000002,36.16473731342377,18.0
-1,-104.26061187050416,19.324818009259204,53.0,57.31200000000003,46.94861187050413,21.0
-1,-82.65139065872211,9.967663166666688,38.0,41.664,40.98739065872211,24.0
-1,-94.91091495250652,18.19550614814809,37.0,54.81600000000002,40.094914952506514,19.0
-1,-94.54911387123865,13.397313231481473,46.0,53.856000000000016,40.69311387123861,20.0
-1,-77.80273283279669,18.971735962962924,40.0,42.048000000000016,35.75473283279667,19.0
-1,-78.0276044810582,17.140499537037037,40.0,48.192000000000014,29.8356044810582,17.0
-1,-79.86497332815964,10.083403504629636,39.0,43.008,36.85697332815965,22.0
-1,-97.75718602159236,19.16188717592589,49.0,49.056,48.70118602159235,22.0
-1,-92.51207656848976,20.059035944444403,52.0,54.52800000000003,37.98407656848972,21.0
-1,-108.01771785758858,23.076395560185148,67.0,66.24000000000004,41.77771785758854,21.0
-1,-89.83625193417433,14.06039086111111,36.0,42.91200000000001,46.92425193417432,26.0
-1,-89.02564865856772,15.987852504629616,36.0,47.23200000000002,41.793648658567705,23.0
-1,-77.71241758570329,19.421095208333305,47.0,51.64800000000002,26.06441758570328,15.0
-1,-82.27951802821849,14.859667597222211,38.0,47.23200000000001,35.04751802821848,18.0
-1,-103.5820972193988,14.461136412037018,50.0,62.20800000000002,41.37409721939878,21.0
-1,-110.8978098817074,19.058853601851787,52.0,67.48800000000003,43.40980988170736,18.0
-1,-72.40243980158706,13.551420740740744,38.0,43.776,28.626439801587075,17.0
-1,-98.56318726164592,20.53219737037036,54.0,59.52000000000002,39.04318726164591,19.0
-1,-102.23777352876924,16.179219032407413,56.0,61.632000000000026,40.60577352876921,21.0
-1,-104.63666492372664,20.31769358333328,53.0,70.75200000000002,33.884664923726625,18.0
-1,-88.62046148743553,10.668703050925922,37.0,48.768000000000015,39.85246148743551,25.0
-1,-89.8299128822853,15.7169940185185,49.0,51.64800000000002,38.18191288228528,22.0
-1,-129.00713480531243,19.869031388888803,58.0,77.85600000000004,51.15113480531239,21.0
-1,-90.64022199099551,15.30873232870368,52.0,60.86400000000003,29.77622199099548,16.0
-1,-98.99318278275754,16.13018035648148,49.0,53.08800000000001,45.90518278275753,22.0
-1,-105.65906802363013,19.42111486574067,69.0,71.32800000000005,34.33106802363007,19.0
-1,-90.5724529538598,19.900341092592534,56.0,62.496000000000016,28.0764529538598,15.0
-1,-82.03586472914084,16.30291711574073,46.0,45.60000000000001,36.43586472914083,23.0
-1,-92.3214126710898,14.431009967592582,38.0,43.77600000000001,48.54541267108979,23.0
-1,-106.2087777028114,15.464985888888885,40.0,57.79200000000002,48.41677770281139,21.0
-1,-73.4765486388377,17.393766930555504,43.0,52.99200000000001,20.48454863883769,12.0
-1,-117.7505325840477,15.738532550925914,56.0,63.74400000000004,54.00653258404768,24.0
-1,-88.72968687288892,18.20648330092592,53.0,62.40000000000002,26.329686872888896,13.0
-1,-81.31548843992414,18.8709121944444,49.0,58.08000000000002,23.23548843992412,16.0
-1,-85.58192672652179,16.814271361111096,54.0,49.344000000000015,36.23792672652177,22.0
-1,-77.47300538051778,15.226989814814807,39.0,45.40800000000001,32.06500538051776,21.0
-1,-79.76968392928376,13.946986935185194,47.0,51.93600000000002,27.83368392928373,19.0
-1,-91.22884811224026,21.836951745370325,42.0,56.448000000000015,34.78084811224024,16.0
-1,-79.35343593485575,12.344237263888882,37.0,44.64000000000001,34.71343593485574,20.0
-1,-83.480142490306,13.828428976851828,45.0,47.42400000000002,36.05614249030597,20.0
-1,-85.24994476890545,18.28782929629628,44.0,47.040000000000006,38.20994476890544,19.0
-1,-100.9163363590502,20.075408999999976,70.0,71.90400000000004,29.01233635905016,15.0
-1,-104.93278568271704,19.28459637037032,46.0,51.26400000000002,53.66878568271704,23.0
-1,-99.91653447251085,18.483345490740728,46.0,53.95200000000002,45.96453447251083,20.0
-1,-86.73145260114777,15.529864925925931,52.0,56.73600000000001,29.995452601147747,17.0
-1,-103.2005476315004,18.414171416666623,51.0,60.00000000000002,43.20054763150038,19.0
-1,-99.2460011792706,16.65553890277775,42.0,47.13600000000002,52.11000117927059,24.0
-1,-115.46336728525728,20.144985805555464,58.0,71.52000000000004,43.94336728525725,20.0
-1,-107.7261582676798,13.2889492361111,49.0,68.73600000000003,38.99015826767976,18.0
-1,-94.87235778332106,13.51893969907408,43.0,55.872000000000014,39.00035778332106,23.0
-1,-102.56880642912776,14.55244708333331,41.0,57.31200000000002,45.25680642912775,21.0
-1,-85.87880242692341,22.606662851851823,49.0,50.59200000000001,35.286802426923394,16.0
-1,-78.84534559585185,14.35000899074075,31.0,40.51200000000001,38.33334559585184,17.0
-1,-95.38411700041588,15.284860583333332,41.0,53.376000000000005,42.008117000415865,19.0
-1,-104.27798784666592,22.444799467592528,53.0,55.10400000000002,49.17398784666589,19.0
-1,-91.86140753018778,13.652740888888871,43.0,50.016000000000005,41.84540753018777,24.0
-1,-99.84393429114247,22.755120370370296,53.0,56.736000000000026,43.10793429114245,20.0
-1,-93.93023668241224,18.265868291666624,39.0,48.28800000000002,45.64223668241221,22.0
-1,-98.32446967389824,17.69775358796294,60.0,64.22400000000003,34.10046967389821,18.0
-1,-95.78672471236652,20.24407970370366,57.0,62.59200000000003,33.19472471236649,18.0
-1,-98.177273742881,17.710027499999974,47.0,57.792000000000016,40.38527374288099,22.0
-1,-90.12655334745996,13.570535726851883,37.0,40.32,49.80655334745997,23.0
-1,-101.72688751747252,15.750429550925896,34.0,49.53600000000001,52.19088751747253,20.0
-1,-96.61450009131718,14.947842740740723,53.0,61.63200000000003,34.98250009131716,19.0
-1,-99.25483981560562,16.996881685185162,42.0,57.69600000000002,41.5588398156056,20.0
-1,-87.51638565609082,18.81856735648147,58.0,61.728000000000016,25.788385656090806,14.0
-1,-101.1243020542746,23.22471095833333,60.0,58.27200000000003,42.85230205427458,19.0
-1,-87.6612243429598,18.771924615740712,59.0,62.88000000000003,24.78122434295976,18.0
-1,-145.17324777965376,20.85398193981476,65.0,86.30400000000004,58.86924777965373,22.0
-1,-70.19689492440011,11.19522411574074,31.0,37.44000000000001,32.75689492440009,19.0
-1,-69.88472808005588,14.137047462962965,39.0,45.69600000000001,24.188728080055864,17.0
-1,-89.02217197496955,16.46083115277775,47.0,54.81600000000001,34.20617197496955,21.0
-1,-90.81307721304684,16.99314233333332,48.0,53.28000000000002,37.53307721304684,21.0
-1,-98.34237827864644,12.619689064814812,37.0,43.00800000000001,55.33437827864643,26.0
-1,-91.77605775985424,19.025841180555545,37.0,42.528000000000006,49.24805775985422,19.0
-1,-95.2867661482305,15.538659333333309,35.0,52.51200000000001,42.77476614823049,21.0
-1,-74.46727374121369,18.249016800925897,49.0,59.80800000000002,14.659273741213669,10.0
-1,-94.7338000244367,12.350586851851864,34.0,47.52000000000002,47.213800024436686,24.0
-1,-88.01502045373013,14.481594120370378,31.0,44.64000000000001,43.37502045373012,20.0
-1,-105.66680437427505,15.000950115740723,47.0,60.57600000000003,45.090804374275,23.0
-1,-97.4731129976754,15.070649199074078,34.0,44.352,53.12111299767539,23.0
-1,-114.88048876165018,16.02238963425922,44.0,55.87200000000002,59.00848876165016,25.0
-1,-82.6265089782201,15.676260268518522,43.0,46.464,36.1625089782201,18.0
-1,-84.75238221940381,15.852976439814798,44.0,56.736000000000026,28.01638221940379,17.0
-1,-98.9050956984686,18.366973328703654,36.0,42.24,56.66509569846859,22.0
-1,-89.98857289408627,16.639572726851856,36.0,41.856,48.13257289408628,21.0
-1,-118.39952918329496,16.115666462962942,62.0,74.68800000000005,43.71152918329492,23.0
-1,-105.74550774805314,18.082823050925864,51.0,57.50400000000002,48.24150774805312,19.0
-1,-104.03909036102284,14.141076273148112,40.0,62.40000000000003,41.6390903610228,21.0
-1,-91.66315834018592,21.226668351851824,64.0,64.22400000000003,27.43915834018589,18.0
-1,-90.71670428518058,18.86120304166663,47.0,55.39200000000002,35.32470428518056,19.0
-1,-90.8073147344709,13.475179268518522,41.0,47.23200000000001,43.57531473447089,22.0
-1,-105.34302126508749,17.936214458333307,50.0,62.68800000000002,42.65502126508747,21.0
-1,-84.15900384949,11.560946138888884,37.0,48.57599999999999,35.58300384949002,21.0
-1,-104.71907571140238,17.591327143518484,47.0,58.08000000000003,46.63907571140235,23.0
-1,-110.76194621669676,15.732891208333305,44.0,59.23200000000003,51.52994621669673,24.0
-1,-88.16297280843015,21.87112886111109,55.0,53.76000000000001,34.40297280843014,18.0
-1,-99.05243052335098,19.89767780092585,50.0,60.57600000000003,38.47643052335096,17.0
-1,-88.53146939303386,9.66777693055557,36.0,46.08000000000001,42.45146939303385,23.0
-1,-105.53536898998874,13.97841069444444,38.0,52.128000000000014,53.40736898998872,24.0
-1,-83.92297615275163,11.031006444444444,40.0,49.24800000000001,34.67497615275161,22.0
-1,-76.45480345567384,13.84217258796298,36.0,37.824,38.63080345567384,22.0
-1,-84.01151430233352,13.421500375000006,44.0,52.12800000000003,31.883514302333506,19.0
-1,-124.16192438685734,22.752581990740648,67.0,70.27200000000003,53.8899243868573,21.0
-1,-92.2978162283292,18.08330393055551,40.0,43.58400000000001,48.7138162283292,22.0
-1,-98.97549923127713,18.3832944259259,45.0,56.54400000000002,42.43149923127711,21.0
-1,-92.6734596265679,16.585679342592574,46.0,53.95200000000002,38.72145962656789,18.0
-1,-88.3297053420703,17.79320151851851,55.0,59.42400000000003,28.905705342070267,18.0
-1,-95.89541285314964,13.846554740740745,42.0,50.88000000000002,45.01541285314962,23.0
-1,-95.21531087525136,14.86239940277776,37.0,52.41600000000002,42.79931087525133,22.0
-1,-89.90084897430253,25.1661693194444,47.0,46.56000000000001,43.34084897430253,18.0
-1,-82.44236073993773,17.28198091666665,43.0,48.192000000000014,34.250360739937705,20.0
-1,-100.56331494846904,15.721944560185175,40.0,50.304000000000016,50.25931494846903,22.0
-1,-87.13387774624972,15.689766166666656,37.0,40.128000000000014,47.00587774624971,20.0
-1,-83.0989955065144,18.13785603703705,51.0,56.92800000000001,26.17099550651438,15.0
-1,-90.19246630488864,16.3766867037037,42.0,48.00000000000002,42.1924663048886,22.0
-1,-79.57493158569908,17.08128946296294,39.0,44.736,34.83893158569907,21.0
-1,-93.7023140854086,13.219861208333324,33.0,39.36000000000001,54.3423140854086,21.0
-1,-91.5195930138742,18.712725856481452,49.0,59.32800000000002,32.1915930138742,18.0
-1,-111.32266259902232,13.915327365740742,40.0,50.496000000000016,60.82666259902231,24.0
-1,-98.69490043955716,16.85468795833331,54.0,63.64800000000003,35.046900439557135,20.0
-1,-114.83734744934311,10.871060124999993,41.0,58.94400000000003,55.89334744934309,26.0
-1,-100.49329642843868,16.829256671296303,46.0,49.34400000000002,51.14929642843864,22.0
-1,-86.01042047599864,19.034391273148128,44.0,48.48000000000002,37.53042047599863,20.0
-1,-113.76856989107536,19.5933820231481,52.0,52.99200000000002,60.77656989107536,22.0
-1,-93.58795011278916,17.032222513888836,52.0,57.12000000000002,36.46795011278914,20.0
-1,-86.85952216757468,20.6051741296296,52.0,59.80800000000003,27.051522167574653,14.0
-1,-76.05125745574895,12.319385356481488,31.0,44.832000000000015,31.21925745574893,19.0
-1,-83.06276841676677,16.266465597222208,49.0,45.12000000000002,37.94276841676676,23.0
-1,-97.56269795669606,16.444341208333316,42.0,50.68800000000001,46.874697956696046,23.0
-1,-90.08888922209196,18.04700748148148,48.0,51.936000000000014,38.15288922209195,20.0
-1,-101.34981793367004,19.81877340277777,48.0,57.31200000000002,44.03781793367003,20.0
-1,-87.92928443949928,17.45960220370367,42.0,48.96000000000002,38.96928443949926,21.0
-1,-74.05026104887287,14.90137355092594,34.0,44.73600000000001,29.31426104887285,18.0
-1,-82.76581359717999,15.946147523148143,40.0,42.048,40.71781359717998,21.0
-1,-105.628849376585,20.791536699074,48.0,60.19200000000002,45.43684937658497,19.0
-1,-91.42346395757885,16.84850631944442,50.0,55.680000000000014,35.74346395757882,20.0
-1,-99.06896469875582,20.441364032407343,45.0,55.00800000000002,44.06096469875581,21.0
-1,-89.40895492667627,13.974061958333332,47.0,49.536000000000016,39.87295492667625,24.0
-1,-92.9605216022404,16.754810041666648,47.0,53.856000000000016,39.104521602240375,22.0
-1,-84.83568878415835,16.19116444444443,48.0,52.704000000000015,32.13168878415833,19.0
-1,-80.6536168814215,14.657048435185189,40.0,48.48000000000001,32.17361688142149,18.0
-1,-101.39796448690072,15.13551626388889,41.0,55.68000000000003,45.71796448690071,25.0
-1,-101.4962983468707,14.463566828703708,50.0,60.48000000000002,41.01629834687068,22.0
-1,-94.5563861664916,13.048662555555552,34.0,46.36800000000001,48.1883861664916,22.0
-1,-95.97190248517276,12.608365893518506,36.0,44.73600000000002,51.23590248517275,26.0
-1,-91.7308984363982,17.416680342592585,42.0,49.536000000000016,42.19489843639818,18.0
-1,-105.9527900127699,14.309881999999975,47.0,57.98400000000003,47.96879001276986,25.0
-1,-111.24195695447033,14.893710953703687,47.0,56.160000000000025,55.0819569544703,25.0
-1,-90.09910617730505,18.630496976851816,48.0,56.44800000000002,33.65110617730502,17.0
-1,-98.74461609989912,15.947829685185177,46.0,51.64800000000002,47.09661609989912,24.0
-1,-106.10347803970856,17.679016064814775,56.0,66.91200000000003,39.19147803970853,22.0
-1,-74.50379111373094,13.18251154166667,37.0,45.216,29.287791113730936,19.0
-1,-82.33584931499037,14.531229037037036,42.0,49.72800000000002,32.60784931499035,18.0
-1,-96.79252627109074,13.804829749999996,35.0,52.80000000000001,43.992526271090725,22.0
-1,-92.4378795745862,20.411098222222154,43.0,47.808000000000014,44.62987957458618,21.0
-1,-94.35302664901867,18.980009694444416,57.0,57.696,36.6570266490187,20.0
-1,-106.11258847830214,17.559641976851793,55.0,60.96000000000003,45.15258847830211,25.0
-1,-100.94198358279633,17.551068115740698,42.0,53.18400000000002,47.75798358279629,21.0
-1,-98.47972712448126,15.476467648148123,47.0,52.89600000000002,45.58372712448124,23.0
-1,-86.15514417512966,19.79050031944441,41.0,43.008,43.14714417512965,19.0
-1,-78.94282400618576,22.33019065740737,46.0,47.23200000000001,31.710824006185742,17.0
-1,-81.02411843358362,15.641353296296291,42.0,53.56800000000002,27.45611843358361,15.0
-1,-77.40793288678364,12.273762499999991,28.0,38.11200000000001,39.29593288678363,22.0
-1,-85.78247092198538,20.481487740740697,52.0,54.33600000000002,31.44647092198536,16.0
-1,-82.97944552482052,15.295127870370372,45.0,52.80000000000001,30.17944552482051,16.0
-1,-100.21864335943832,16.192153453703686,52.0,65.18400000000003,35.034643359438284,19.0
-1,-89.82591833732852,16.274206935185173,50.0,51.26400000000001,38.561918337328514,21.0
-1,-72.1584774160299,13.66559885185186,33.0,40.32,31.83847741602989,18.0
-1,-101.76955104974726,18.21322649074069,50.0,60.480000000000025,41.28955104974723,21.0
-1,-88.16652163994691,19.96601515277777,43.0,43.968,44.1985216399469,18.0
-1,-103.71899492637,16.346081958333304,51.0,53.184000000000026,50.534994926369976,25.0
-1,-92.00085217276892,17.06594252777775,53.0,52.70400000000002,39.29685217276891,23.0
-1,-96.91881013206653,11.30225748611111,26.0,43.96800000000001,52.9508101320665,22.0
-1,-86.82931832810479,14.995110824074072,43.0,50.49600000000001,36.33331832810478,18.0
-1,-74.78245053174155,16.802797138888863,38.0,42.81600000000001,31.96645053174153,17.0
-1,-107.83126056955344,17.48268876851851,45.0,52.99200000000002,54.839260569553424,22.0
-1,-86.62628599410652,11.531847874999997,36.0,49.63200000000002,36.9942859941065,19.0
-1,-103.36152103226247,14.48452737037036,44.0,53.08800000000001,50.27352103226247,25.0
-1,-99.00044965317406,17.49112959259253,51.0,62.01600000000003,36.98444965317403,21.0
-1,-104.00964247623529,15.70051158796294,37.0,53.18400000000002,50.82564247623527,20.0
-1,-84.3918207259674,19.84741722222221,50.0,49.248,35.14382072596741,17.0
-1,-80.88375146784522,13.933079504629642,43.0,49.440000000000005,31.44375146784521,17.0
-1,-81.06455004839876,14.024138958333316,44.0,52.03200000000001,29.03255004839874,18.0
-1,-89.71835970967669,16.271435643518508,43.0,50.68800000000002,39.03035970967667,20.0
-1,-95.9754593328285,15.994255412037004,45.0,54.91200000000003,41.06345933282848,22.0
-1,-82.86793272751964,21.942299898148093,43.0,48.09600000000002,34.771932727519626,19.0
-1,-102.58711234793398,15.7953762685185,47.0,58.08000000000003,44.50711234793396,21.0
-1,-96.34712448587128,12.903723856481475,46.0,51.26400000000001,45.08312448587129,24.0
-1,-95.23588709053058,14.967423703703702,37.0,44.54400000000002,50.69188709053056,21.0
-1,-79.82603292120635,18.870314722222204,35.0,46.75200000000001,33.074032921206346,16.0
-1,-88.80798084621645,19.553750925925893,44.0,48.000000000000014,40.807980846216445,19.0
-1,-80.26571144080532,11.175525847222202,28.0,44.35200000000001,35.9137114408053,22.0
-1,-85.93169095637285,12.91875691203704,41.0,47.808000000000014,38.12369095637284,23.0
-1,-89.01090089587646,14.448460847222226,38.0,43.77600000000001,45.23490089587645,23.0
-1,-83.08229530803149,11.614775212962988,43.0,48.48,34.60229530803149,18.0
-1,-95.01848107385857,12.118959037037015,28.0,46.94400000000001,48.07448107385854,24.0
-1,-86.12853844732909,22.429583310185123,49.0,49.920000000000016,36.20853844732908,18.0
-1,-85.66451898899467,14.357232611111096,52.0,62.49600000000003,23.168518988994645,15.0
-1,-97.25155781866152,17.12247538425921,49.0,62.11200000000003,35.13955781866149,18.0
-1,-99.03251087694164,19.389618615740687,52.0,55.68000000000003,43.3525108769416,18.0
-1,-107.2497619958759,14.322679013888877,40.0,52.80000000000001,54.44976199587588,24.0
-1,-94.88598234305827,15.859143879629617,46.0,55.87200000000002,39.013982343058274,22.0
-1,-95.25569754807448,18.45950704629625,42.0,47.90400000000002,47.351697548074455,23.0
-1,-85.63017448532834,18.153477018518505,42.0,47.23200000000001,38.398174485328326,19.0
-1,-101.3842481102524,18.651834351851832,46.0,51.45600000000002,49.92824811025239,21.0
-1,-81.11340930137936,11.20726060185186,28.0,38.112,43.00140930137937,25.0
-1,-114.00474117239534,23.612583060185123,66.0,68.06400000000004,45.940741172395306,21.0
-1,-91.31574906562358,17.080366046296255,43.0,59.04000000000002,32.27574906562355,18.0
-1,-84.4159404139888,17.282050509259246,37.0,43.77600000000001,40.6399404139888,21.0
-1,-124.63531382094716,17.029918606481424,47.0,70.94400000000003,53.69131382094712,22.0
-1,-83.22596207289266,16.22401792592592,39.0,45.408,37.817962072892655,22.0
-1,-88.22545067794105,14.030073666666665,51.0,51.744000000000014,36.48145067794104,19.0
-1,-94.33454594816972,19.5240797268518,42.0,53.18400000000002,41.1505459481697,19.0
-1,-100.05549679990357,19.71452258796293,44.0,55.00800000000002,45.04749679990354,22.0
-1,-89.14694450207182,19.727968101851843,50.0,54.52800000000001,34.61894450207181,20.0
-1,-85.30241462954376,17.06823281944442,55.0,52.22400000000003,33.07841462954372,22.0
-1,-100.54818260445693,16.18777649074075,44.0,56.832000000000015,43.71618260445691,19.0
-1,-111.95282058532888,22.88926208333326,61.0,68.35200000000002,43.60082058532887,19.0
-1,-105.32180842584154,18.36938280555551,61.0,62.30400000000004,43.01780842584151,23.0
-1,-88.65118770268995,14.759284999999991,45.0,51.93600000000002,36.71518770268993,20.0
-1,-81.76209525701782,14.322901032407398,38.0,43.968,37.794095257017815,23.0
-1,-96.6359798115962,16.455305685185174,51.0,57.69600000000002,38.93997981159618,22.0
-1,-78.5823467653131,20.54285322685184,46.0,46.84800000000001,31.7343467653131,18.0
-1,-98.02385146108718,20.33113327777773,64.0,64.51200000000003,33.51185146108715,23.0
-1,-88.7050914330758,23.482859462962928,52.0,51.16800000000001,37.53709143307578,16.0
-1,-89.17507951184572,12.785698810185176,26.0,39.456,49.71907951184573,20.0
-1,-96.10803824409666,17.55686513888887,46.0,49.344000000000015,46.76403824409664,24.0
-1,-83.23029243817683,18.7554135324074,43.0,46.56000000000001,36.67029243817682,20.0
-1,-78.57636899936362,14.22501113888886,36.0,50.784000000000006,27.79236899936361,17.0
-1,-77.95783215116728,11.447555953703692,61.0,52.608000000000025,25.349832151167263,20.0
-1,-80.71898426359876,18.53556959722217,48.0,44.06400000000001,36.65498426359875,21.0
-1,-107.38999515693166,18.031851046296246,62.0,72.09600000000002,35.29399515693164,20.0
-1,-104.44407928018688,22.48008199999995,64.0,66.62400000000002,37.82007928018686,20.0
-1,-92.79048916967386,22.176320236111085,59.0,57.216000000000015,35.57448916967384,19.0
-1,-99.48653859287762,15.909516134259231,35.0,52.896000000000015,46.59053859287761,20.0
-1,-105.4840312537284,15.122457879629629,37.0,49.728000000000016,55.75603125372839,24.0
-1,-90.55973952111808,20.94741531481477,48.0,47.13600000000001,43.42373952111807,22.0
-1,-85.36435125032234,20.359328439814757,54.0,59.42400000000003,25.940351250322315,15.0
-1,-106.03787599073976,18.538264467592533,50.0,57.79200000000002,48.24587599073975,22.0
-1,-87.44769838443118,10.842253004629637,36.0,53.85600000000002,33.591698384431155,18.0
-1,-66.96043180632981,13.211073486111127,42.0,46.08000000000001,20.88043180632979,15.0
-1,-99.49775108366823,20.30333263888886,40.0,54.24000000000002,45.25775108366823,17.0
-1,-83.54870953787398,13.663323902777774,35.0,43.29600000000001,40.252709537873976,20.0
-1,-82.51436938186069,17.7983603796296,38.0,47.23200000000001,35.28236938186068,16.0
-1,-81.62680619950191,15.33945711111111,40.0,43.872000000000014,37.75480619950189,20.0
-1,-86.6324851323817,13.90265346759258,42.0,56.16000000000002,30.47248513238169,16.0
-1,-103.5708433265814,17.1663968194444,42.0,59.52000000000002,44.0508433265814,18.0
-1,-101.03602908833192,13.50476306481482,45.0,54.91200000000001,46.1240290883319,23.0
-1,-72.7190217480718,12.050460143518524,38.0,45.60000000000001,27.119021748071784,17.0
-1,-88.40794620957826,19.05554081018516,51.0,55.96800000000002,32.439946209578245,15.0
-1,-75.06916025008499,12.975338037037034,25.0,33.024,42.04516025008498,23.0
-1,-91.08558622063632,16.322685384259273,44.0,45.312000000000005,45.773586220636325,23.0
-1,-80.87841995915255,17.254626638888862,65.0,59.42400000000003,21.454419959152528,16.0
-1,-88.13314409057475,12.354312416666668,49.0,55.10400000000003,33.02914409057471,19.0
-1,-89.13919187585117,14.191435083333328,41.0,54.048000000000016,35.09119187585115,17.0
-1,-86.55350994149373,19.71178443518515,64.0,56.06399999999999,30.489509941493743,17.0
-1,-80.83429621026994,12.521194842592571,41.0,44.35200000000001,36.48229621026993,23.0
-1,-90.6454602884483,10.381877824074076,29.0,42.432,48.21346028844831,23.0
-1,-114.97193032320436,19.889237152777696,65.0,68.73600000000003,46.23593032320433,22.0
-1,-90.22071156247142,17.75071093518519,42.0,53.66400000000002,36.5567115624714,17.0
-1,-91.39927501775072,10.756157814814818,37.0,44.92800000000001,46.47127501775071,25.0
-1,-86.52249635166072,14.018154439814827,49.0,56.352,30.17049635166072,17.0
-1,-97.03232046744158,22.839339444444395,55.0,67.68000000000002,29.35232046744156,14.0
-1,-99.23669039582391,17.203582074074028,52.0,56.83200000000003,42.4046903958239,22.0
-1,-82.48184230912426,17.91796884722219,49.0,57.02400000000002,25.45784230912424,14.0
-1,-95.0813612708005,15.22463405555554,39.0,48.76800000000001,46.313361270800485,22.0
-1,-88.6261419805709,18.49396294907404,45.0,50.40000000000002,38.22614198057088,21.0
-1,-101.40700140455866,13.77563886574074,50.0,67.48800000000003,33.919001404558635,19.0
-1,-101.17357363741904,18.21752109722219,49.0,55.96800000000002,45.205573637419015,23.0
-1,-83.02502124490748,16.634384486111106,46.0,45.88800000000001,37.137021244907466,20.0
-1,-89.0965182718332,16.137935495370368,51.0,58.08000000000003,31.01651827183317,16.0
-1,-82.78708211295394,14.77094580555556,44.0,55.00800000000002,27.77908211295392,15.0
-1,-105.667153450495,19.05681272222215,58.0,66.62400000000004,39.04315345049495,22.0
-1,-82.37658480166814,18.429325708333323,48.0,45.600000000000016,36.77658480166813,20.0
-1,-91.81342407856935,16.18008193981481,43.0,50.88000000000001,40.93342407856935,21.0
-1,-78.29321843297902,17.93595458796296,41.0,41.952000000000005,36.341218432979005,21.0
-1,-85.16922444273519,18.240671356481474,44.0,54.240000000000016,30.92922444273517,17.0
-1,-103.34863784284144,16.948886231481428,41.0,54.52800000000002,48.82063784284143,24.0
-1,-69.25113712710937,13.39555495833332,37.0,42.14400000000002,27.10713712710935,16.0
-1,-82.7312468562841,17.729221171296267,51.0,58.84800000000003,23.88324685628407,16.0
-1,-84.57100061320216,20.972472620370294,46.0,52.992000000000026,31.57900061320213,17.0
-1,-94.62474609188644,17.99469641203701,60.0,60.19200000000004,34.43274609188639,19.0
-1,-85.59795753130186,16.356225703703686,41.0,49.44000000000001,36.15795753130184,21.0
-1,-81.35226269899758,21.078483259259254,60.0,60.864,20.488262698997584,12.0
-1,-88.49540045685939,20.25756848611108,51.0,51.93600000000002,36.55940045685937,19.0
-1,-83.31145841859029,15.29938027777778,42.0,44.352000000000025,38.95945841859027,22.0
-1,-94.96059926837408,21.28032165740732,51.0,58.27200000000003,36.688599268374055,20.0
-1,-86.57747751757742,15.857642328703696,38.0,46.464000000000006,40.11347751757741,20.0
-1,-88.40945326168168,16.447547231481465,51.0,50.88000000000002,37.52945326168166,22.0
-1,-93.55173956823816,24.537451810185143,57.0,53.856000000000016,39.69573956823815,18.0
-1,-78.7514237314387,11.48896822685183,48.0,52.51200000000001,26.23942373143869,19.0
-1,-88.04151671088724,12.557572472222224,31.0,35.52000000000001,52.521516710887234,25.0
-1,-70.58110334905416,12.024732643518533,39.0,44.832,25.74910334905416,18.0
-1,-87.06967451251893,11.334144212962975,33.0,41.568,45.50167451251893,23.0
-1,-90.9051909664663,16.413290648148145,55.0,54.81600000000002,36.08919096646627,19.0
-1,-77.78556003766934,20.40019966203704,53.0,57.40800000000002,20.377560037669323,15.0
-1,-93.1559467218979,17.927299074074057,44.0,53.760000000000026,39.39594672189788,19.0
-1,-84.70593495471805,14.198293018518504,35.0,40.41600000000001,44.28993495471804,23.0
-1,-101.75456677988964,21.20985498611104,57.0,67.39200000000004,34.36256677988961,19.0
-1,-81.9122822055446,12.854471449074074,47.0,45.888000000000005,36.024282205544594,23.0
-1,-90.2385840908852,16.480696268518507,49.0,55.29600000000002,34.9425840908852,18.0
-1,-105.28875557947046,14.88184916666666,59.0,62.11200000000004,43.17675557947042,22.0
-1,-88.94532179004347,13.840791583333344,32.0,43.77600000000001,45.169321790043455,21.0
-1,-80.16393034218798,13.04017942129629,42.0,44.736,35.42793034218798,23.0
-1,-88.05045309944383,15.625394749999982,49.0,49.82400000000002,38.22645309944381,20.0
-1,-85.33666876990713,18.69931068518513,44.0,49.056000000000026,36.2806687699071,19.0
-1,-81.1995289078447,18.42422766666667,55.0,60.480000000000025,20.719528907844676,14.0
-1,-85.29438520108546,12.72769018518518,33.0,48.096,37.19838520108546,20.0
-1,-71.26407356708519,15.580232796296285,34.0,37.72800000000001,33.53607356708518,19.0
-1,-68.04259414402567,18.112665736111094,52.0,48.48000000000002,19.56259414402565,14.0
-1,-72.87852035356406,15.960139208333322,40.0,47.71200000000001,25.16652035356404,16.0
-1,-94.78278136235195,15.249007916666644,50.0,58.17600000000002,36.606781362351946,22.0
-1,-85.44112051053412,10.351775416666683,33.0,39.456,45.98512051053412,23.0
-1,-99.1216344579194,19.73076383796292,49.0,57.21600000000002,41.90563445791938,22.0
-1,-94.48455848666232,15.29715577777776,36.0,47.90400000000001,46.5805584866623,22.0
-1,-86.07427034661922,18.936624546296244,48.0,54.72000000000003,31.35427034661918,18.0
-1,-87.85372379936021,18.42986735185184,47.0,51.64800000000002,36.2057237993602,20.0
-1,-110.1899852789924,16.917437310185175,47.0,55.87200000000002,54.31798527899237,27.0
-1,-89.57232451969551,18.133435337962936,45.0,51.64800000000002,37.9243245196955,19.0
-1,-82.95265677187535,14.977181328703692,62.0,49.82400000000002,33.12865677187534,20.0
-1,-90.41346216228264,18.29530917592591,47.0,47.32800000000002,43.08546216228262,21.0
-1,-92.82068047470172,17.840961615740724,50.0,54.52800000000003,38.2926804747017,18.0
-1,-88.74395170479175,15.3167233935185,46.0,55.296000000000014,33.447951704791734,19.0
-1,-78.06964805381567,18.22246954166666,40.0,42.81600000000002,35.25364805381565,19.0
-1,-73.9741969293655,15.534585652777777,48.0,46.464,27.510196929365502,17.0
-1,-99.95111165165144,12.886033273148149,46.0,52.22400000000002,47.72711165165141,23.0
-1,-89.70273267190996,14.946142074074068,42.0,48.192000000000014,41.51073267190994,26.0
-1,-103.07363815170854,22.16913739814807,66.0,69.69600000000003,33.37763815170852,19.0
-1,-92.17017205363383,20.75858070370369,46.0,55.87200000000002,36.29817205363384,21.0
-1,-95.19356221744944,16.389002759259252,47.0,52.41600000000001,42.77756221744941,22.0
-1,-76.74738978364174,10.463564495370376,34.0,45.888000000000005,30.85938978364173,21.0
-1,-93.87070168101954,14.742210638888915,44.0,49.63200000000001,44.238701681019535,21.0
-1,-101.64186346745794,17.47178884259253,44.0,56.256000000000014,45.38586346745792,22.0
-1,-90.36040680282882,14.055576837962938,37.0,51.64800000000001,38.71240680282881,21.0
-1,-102.56278109899375,19.124085472222184,59.0,64.12800000000001,38.43478109899374,23.0
-1,-103.91398573273288,14.843806916666669,45.0,59.13600000000002,44.77798573273287,24.0
-1,-91.13198624680156,16.989775273148123,48.0,52.12800000000003,39.00398624680155,20.0
-1,-79.3992935614016,24.28054733796296,64.0,60.76800000000002,18.631293561401588,14.0
-1,-80.8263397091458,22.17434661574072,49.0,54.14400000000001,26.682339709145783,15.0
-1,-74.56605833106886,20.02704001851851,37.0,43.488000000000014,31.07805833106885,17.0
-1,-82.13405769144,18.317383282407352,48.0,54.62400000000001,27.51005769144,17.0
-1,-104.34691698929812,14.445560111111094,49.0,56.544000000000025,47.80291698929808,25.0
-1,-78.9895796934023,17.007876944444426,42.0,42.71999999999999,36.26957969340231,19.0
-1,-95.14661069482123,18.809391773148096,47.0,58.65600000000003,36.490610694821214,21.0
-1,-97.22087776896166,15.68979507407409,34.0,42.240000000000016,54.98087776896163,22.0
-1,-115.59483704970388,20.735104874999912,65.0,69.88800000000003,45.70683704970384,23.0
-1,-98.17502124222136,15.49261492592592,39.0,51.26400000000001,46.91102124222136,21.0
-1,-92.89630957035448,18.014931518518484,51.0,55.20000000000002,37.69630957035446,22.0
-1,-73.24221683876044,20.66488858333329,45.0,44.064,29.17821683876044,15.0
-1,-90.03601656718067,21.746126703703684,52.0,64.99200000000002,25.044016567180652,13.0
-1,-86.53085629854905,17.7249984722222,43.0,52.512000000000015,34.018856298549046,18.0
-1,-73.31810668143062,17.63993613425926,46.0,48.28800000000001,25.03010668143061,17.0
-1,-108.26991088417036,18.70190559259253,51.0,59.04000000000003,49.22991088417034,23.0
-1,-87.43019584181317,14.031013796296287,33.0,43.104000000000006,44.32619584181317,23.0
-1,-98.78598487478322,17.612185402777733,44.0,52.800000000000026,45.9859848747832,21.0
-1,-98.53444744851,17.628883634259214,47.0,50.78400000000003,47.75044744850997,25.0
-1,-81.21095896105773,17.787857180555548,51.0,56.544000000000025,24.6669589610577,10.0
-1,-108.04171917647332,17.99652968055551,52.0,54.24000000000002,53.8017191764733,22.0
-1,-81.97860798479704,20.255554032407385,40.0,42.62400000000001,39.35460798479704,19.0
-1,-75.3159635768368,17.52863032407408,40.0,40.32000000000001,34.995963576836786,17.0
-1,-89.39283435984936,16.146149708333333,54.0,61.05600000000002,28.33683435984933,18.0
-1,-104.41113460345808,18.09467632870365,70.0,76.41600000000004,27.995134603458038,18.0
-1,-90.16784591484064,22.77751368981477,63.0,76.60800000000003,13.559845914840594,8.0
-1,-105.83785950444752,14.86831132407407,43.0,60.960000000000015,44.87785950444751,22.0
-1,-95.79530213677484,17.44691662037034,51.0,57.408000000000015,38.38730213677482,20.0
-1,-84.31041122834787,12.238345861111108,35.0,45.600000000000016,38.710411228347866,23.0
-1,-98.8237173855095,20.18076855092588,61.0,62.400000000000006,36.42371738550949,21.0
-1,-101.4453191822673,18.008230124999947,45.0,60.480000000000025,40.96531918226727,19.0
-1,-77.53236830767236,14.369553509259276,36.0,38.496,39.03636830767236,21.0
-1,-90.63237684480364,19.471322629629583,51.0,55.00800000000002,35.62437684480362,22.0
-1,-90.7934495694129,18.6673951944444,55.0,64.03200000000002,26.761449569412868,18.0
-1,-84.97947714996721,17.15281230092591,52.0,59.04000000000002,25.93947714996719,17.0
-1,-83.12838712834183,13.68583674537037,33.0,43.20000000000001,39.92838712834182,19.0
-1,-88.091202051816,17.232658013888873,38.0,44.44800000000001,43.64320205181598,21.0
-1,-91.0379232527569,19.30343682407404,46.0,53.66400000000001,37.37392325275689,20.0
-1,-100.02254983233372,19.702348638888843,46.0,51.744000000000014,48.278549832333695,21.0
-1,-94.0674933162598,12.938438925925915,42.0,51.360000000000014,42.7074933162598,22.0
-1,-111.38107518439128,20.657179268518465,58.0,62.592000000000034,48.78907518439126,22.0
-1,-70.2693565911244,10.178610351851848,37.0,49.344000000000015,20.925356591124388,15.0
-1,-105.83566417463912,13.353717712962933,46.0,61.53600000000003,44.29966417463909,24.0
-1,-71.39380600101114,10.39687843055555,41.0,52.032000000000025,19.36180600101112,13.0
-1,-88.85542483682059,14.36380407870369,48.0,56.44800000000002,32.40742483682057,18.0
-1,-96.0432489626186,18.93878655092585,47.0,55.10400000000002,40.93924896261858,22.0
-1,-94.07048516728965,14.556325620370348,42.0,51.84000000000001,42.23048516728962,24.0
-1,-81.69407659052203,17.95302707407408,41.0,44.832000000000015,36.86207659052201,17.0
-1,-90.06254318147856,19.6731693657407,49.0,54.81600000000002,35.24654318147855,19.0
-1,-77.46406123593323,16.309000254629588,39.0,43.96800000000001,33.496061235933226,19.0
-1,-99.90882179010416,17.96523093981475,41.0,49.63200000000002,50.27682179010413,24.0
-1,-99.3876435989738,20.85959691666663,55.0,56.448000000000015,42.93964359897378,21.0
-1,-77.67042526982321,11.600622402777788,35.0,36.384,41.28642526982321,21.0
-1,-75.04475710391222,18.98159230092592,46.0,45.69600000000001,29.34875710391221,17.0
-1,-87.91043236105924,13.668172013888892,51.0,50.20800000000002,37.70243236105922,23.0
-1,-88.51970823411693,14.197274532407404,43.0,51.45600000000001,37.06370823411692,21.0
-1,-106.26557503576676,16.95283140277775,55.0,71.04,35.22557503576676,19.0
-1,-65.8653386343878,16.94343709259259,50.0,46.65600000000001,19.20933863438778,13.0
-1,-85.50848995064055,12.426977064814832,37.0,46.368,39.14048995064056,21.0
-1,-81.87722149934638,16.767858861111108,51.0,61.92000000000001,19.95722149934637,13.0
-1,-96.5420842283173,19.08067229166664,58.0,64.8,31.74208422831729,20.0
-1,-84.93142529590352,15.619033324074078,47.0,53.18400000000002,31.7474252959035,18.0
-1,-74.1283368932929,16.651468884259273,42.0,43.58400000000002,30.544336893292886,18.0
-1,-94.78652000140012,15.875908185185152,48.0,52.32000000000002,42.4665200014001,26.0
-1,-113.96862446468091,17.162460324074033,47.0,58.46400000000003,55.50462446468089,24.0
-1,-83.21741925232271,17.707035953703727,42.0,45.888000000000005,37.3294192523227,20.0
-1,-92.29472358785227,14.5449666388889,47.0,47.904,44.390723587852285,24.0
-1,-74.9819594172969,14.960841962962968,52.0,53.08800000000001,21.8939594172969,14.0
-1,-100.8146857342428,17.44392941666665,39.0,54.81600000000001,45.998685734242805,19.0
-1,-81.36274059067995,17.770115703703713,48.0,48.86400000000001,32.49874059067994,18.0
-1,-73.1034913476655,22.60389762037037,59.0,57.312000000000026,15.79149134766547,12.0
-1,-92.00764937320515,22.410384314814728,58.0,62.016000000000034,29.99164937320513,20.0
-1,-77.69803564435742,14.349003245370358,46.0,52.224000000000025,25.4740356443574,18.0
-1,-103.35951028575268,16.978883541666644,47.0,54.33600000000001,49.02351028575268,22.0
-1,-90.16289531372657,13.954817009259248,55.0,57.504000000000026,32.65889531372653,22.0
-1,-93.6331276190114,19.991547759259205,50.0,55.48800000000002,38.14512761901138,20.0
-1,-84.90708580341686,15.335133449074076,39.0,49.92000000000001,34.987085803416846,17.0
-1,-97.48430698611524,12.841326685185203,48.0,54.91200000000003,42.5723069861152,23.0
-1,-95.32735012303924,19.064585074074028,49.0,61.05600000000001,34.27135012303925,19.0
-1,-70.55971198101923,19.46496458796297,47.0,50.97600000000002,19.583711981019214,12.0
-1,-89.73148030621239,11.88905700925928,30.0,43.20000000000001,46.53148030621238,24.0
-1,-88.77231766887004,16.27392699074074,52.0,60.288000000000025,28.484317668870027,20.0
-1,-96.00662024906916,12.820353662037036,45.0,54.72000000000001,41.28662024906914,24.0
-1,-83.61308855886975,18.300060999999957,46.0,56.06400000000002,27.549088558869727,16.0
-1,-81.23881450788488,10.649252703703732,34.0,44.256,36.98281450788488,21.0
-1,-97.52571104535409,19.434720004629572,55.0,62.68800000000003,34.83771104535404,16.0
-1,-86.56262134504554,22.19351219444441,50.0,58.36800000000001,28.194621345045537,15.0
-1,-75.20641875228927,16.56049760648149,49.0,55.87200000000001,19.33441875228926,12.0
-1,-92.15153342122798,16.20303097685183,44.0,55.29600000000002,36.85553342122797,21.0
-1,-76.2886504913264,11.614175828703717,35.0,45.120000000000005,31.168650491326392,19.0
-1,-96.0088147923457,17.080485472222197,44.0,62.304000000000016,33.70481479234568,17.0
-1,-75.85135274279176,14.70492871759259,42.0,43.48800000000001,32.36335274279176,21.0
-1,-86.8748363861802,11.707527009259254,39.0,46.27200000000002,40.602836386180186,21.0
-1,-91.21806856435856,20.04742385648145,56.0,51.648000000000025,39.57006856435854,22.0
-1,-83.0988547072252,13.920530712962956,35.0,45.50400000000001,37.59485470722519,22.0
-1,-81.09985198904087,11.13546023611111,37.0,48.00000000000001,33.099851989040864,20.0
-1,-80.78190772513634,14.355871310185176,45.0,53.18400000000001,27.59790772513633,20.0
-1,-88.93608199712234,13.053652925925912,33.0,47.52000000000001,41.41608199712233,18.0
-1,-64.92487374734803,14.168222476851858,38.0,44.544,20.38087374734803,12.0
-1,-93.16660953453894,14.821503444444422,61.0,72.28800000000003,20.878609534538917,14.0
-1,-78.10185677957537,11.768804986111125,36.0,40.8,37.301856779575374,19.0
-1,-90.8516958526294,18.852135430555528,49.0,52.60800000000001,38.2436958526294,22.0
-1,-108.96717278262176,15.563709935185187,51.0,58.75200000000002,50.21517278262175,23.0
-1,-100.87338160505774,20.445611814814768,50.0,58.56000000000002,42.31338160505772,20.0
-1,-82.57319101091097,16.57884596759258,43.0,52.12800000000001,30.44519101091097,19.0
-1,-98.44185129185946,14.472545925925896,58.0,68.44800000000002,29.99385129185944,20.0
-1,-88.70380608564928,23.12059579629628,55.0,60.28800000000002,28.41580608564926,15.0
-1,-91.45463168979347,14.567166152777787,41.0,45.31200000000001,46.14263168979348,24.0
-1,-86.58206985389515,13.9272115185185,39.0,54.432000000000016,32.150069853895126,22.0
-1,-74.7498836007434,15.911093976851848,44.0,47.616000000000014,27.133883600743385,17.0
-1,-77.56116285760592,18.348782342592585,45.0,50.40000000000002,27.1611628576059,15.0
-1,-98.10118802072977,17.285536486111095,52.0,55.58400000000002,42.51718802072974,21.0
-1,-74.76595348100837,14.914003601851862,37.0,41.952000000000005,32.81395348100836,17.0
-1,-88.91432806841831,15.93093906481479,48.0,56.448000000000015,32.466328068418306,20.0
-1,-84.03673238944529,14.161549550925926,46.0,58.84800000000002,25.18873238944527,19.0
-1,-104.5116559490181,15.836761972222195,50.0,62.68800000000003,41.82365594901808,23.0
-1,-86.99014397047668,16.256649259259248,46.0,45.696000000000005,41.29414397047668,21.0
-1,-91.29209196696056,13.84777774074073,36.0,48.096,43.19609196696056,22.0
-1,-69.93060886959893,16.872198374999993,52.0,52.51200000000001,17.418608869598913,12.0
-1,-105.16584796161584,12.199676884259231,32.0,52.22400000000001,52.94184796161583,22.0
-1,-98.77913940063908,16.78916036111111,51.0,56.92800000000001,41.85113940063906,20.0
-1,-92.69297810090372,17.099304268518523,41.0,54.33600000000002,38.356978100903696,19.0
-1,-74.76567874708756,11.698597921296296,32.0,43.87200000000001,30.89367874708756,17.0
-1,-99.834250191356,19.273259824074028,50.0,55.00800000000002,44.82625019135598,23.0
-1,-109.2022977799914,16.68647231944441,43.0,57.120000000000026,52.082297779991386,24.0
-1,-82.88374876713782,18.12597199999999,53.0,62.78400000000002,20.0997487671378,13.0
-1,-90.85252206247864,16.215985708333317,53.0,56.544,34.30852206247863,19.0
-1,-102.58471762567872,18.042240263888853,52.0,63.84000000000003,38.7447176256787,21.0
-1,-86.0760949125473,14.319356523148151,39.0,49.248,36.82809491254731,21.0
-1,-91.71354485856666,14.155782046296288,45.0,52.70400000000002,39.00954485856664,23.0
-1,-82.79360653942635,15.130579097222208,40.0,49.63200000000001,33.16160653942633,19.0
-1,-84.32177590064798,20.509971162036983,50.0,53.760000000000026,30.56177590064795,19.0
-1,-96.7427016369763,17.318892013888895,40.0,47.23200000000002,49.510701636976286,22.0
-1,-75.98997399174233,13.585442060185182,36.0,48.28800000000001,27.70197399174232,19.0
-1,-92.5508344077836,18.00283680555551,45.0,53.088000000000015,39.4628344077836,18.0
-1,-103.52350892314048,19.911268041666624,58.0,67.87200000000001,35.65150892314047,21.0
-1,-80.70199427981565,16.960433685185176,45.0,50.68800000000001,30.01399427981564,17.0
-1,-95.30359814171896,17.66434318055553,38.0,51.93600000000002,43.36759814171893,21.0
-1,-65.1363790641494,16.63034359259259,36.0,40.032,25.10437906414939,16.0
-1,-93.71870133002778,14.38569638425924,44.0,55.96800000000002,37.750701330027766,23.0
-1,-98.62897572315816,14.301407791666652,31.0,49.344000000000015,49.28497572315815,22.0
-1,-87.42308010049501,20.02687816203701,48.0,54.81600000000002,32.607080100495,18.0
-1,-94.54299063011324,17.27737311111111,53.0,67.29600000000002,27.246990630113217,14.0
-1,-89.96643214070872,17.257093925925936,50.0,58.65600000000002,31.31043214070869,19.0
-1,-84.63672592998887,21.41538484259257,52.0,57.21600000000002,27.420725929988844,14.0
-1,-97.00301986808606,17.58198606481476,55.0,66.24000000000002,30.76301986808603,18.0
-1,-94.17148804756884,13.396425981481476,44.0,58.65600000000001,35.51548804756883,23.0
-1,-85.90762115127198,16.323953587962947,44.0,46.84800000000001,39.05962115127197,20.0
-1,-98.3828351792771,21.42993162037029,55.0,64.22400000000002,34.15883517927708,18.0
-1,-83.44176624599575,13.29993984259258,37.0,49.344000000000015,34.097766245995736,21.0
-1,-95.2548211913381,10.724532231481495,31.0,38.784,56.47082119133809,26.0
-1,-99.8856856095236,15.0187875462963,44.0,54.91200000000003,44.97368560952357,20.0
-1,-92.5526646744324,20.37933160648145,43.0,51.45600000000002,41.0966646744324,20.0
-1,-87.92516829787675,21.196544944444412,47.0,52.608000000000025,35.31716829787672,20.0
-1,-96.63756016342684,17.446246601851833,52.0,61.63200000000002,35.0055601634268,21.0
-1,-85.89671513880663,11.2848605787037,37.0,42.71999999999999,43.17671513880664,23.0
-1,-81.94650203984,15.196750939814796,51.0,56.736000000000026,25.21050203983997,15.0
-1,-93.65682858456984,15.843712736111074,40.0,49.344000000000015,44.31282858456982,21.0
-1,-88.66390504770311,15.463991875,47.0,50.20800000000001,38.45590504770309,21.0
-1,-101.86318366759888,18.66776079629626,48.0,52.80000000000002,49.063183667598864,24.0
-1,-53.39978673145551,10.332050833333335,31.0,38.88000000000001,14.519786731455495,12.0
-1,-112.43276194718268,12.834060611111104,44.0,57.60000000000002,54.83276194718266,26.0
-1,-82.20068448281143,11.927858703703723,36.0,47.04,35.160684482811426,22.0
-1,-94.08335058155134,18.97286327777778,55.0,63.36000000000003,30.723350581551312,17.0
-1,-84.84375074093961,15.669165013888872,43.0,49.344,35.49975074093961,19.0
-1,-100.79971194532118,17.717628643518484,50.0,57.50400000000002,43.29571194532115,21.0
-1,-108.2086751317762,19.141143152777747,51.0,65.95200000000003,42.25667513177618,21.0
-1,-82.00268788639161,20.371447847222218,44.0,48.192000000000014,33.81068788639159,18.0
-1,-78.36068219144946,17.775788824074052,46.0,52.128000000000014,26.232682191449435,14.0
-1,-95.1234135048899,19.4687051064814,41.0,52.704000000000015,42.41941350488988,21.0
-1,-97.15589398292155,16.67845799074071,54.0,58.56000000000003,38.59589398292153,23.0
-1,-91.41744316151876,14.823997699074068,48.0,55.20000000000002,36.21744316151873,20.0
-1,-82.28396502530902,12.362290722222218,44.0,41.568000000000005,40.71596502530901,24.0
-1,-83.25197569522088,18.55683259259257,44.0,46.27200000000001,36.97997569522087,21.0
-1,-103.54513290618334,17.1710155509259,44.0,56.54400000000001,47.00113290618334,21.0
-1,-74.60127502394101,20.46601895370369,44.0,47.23200000000001,27.369275023941,16.0
-1,-75.52629959951453,17.014448504629605,49.0,52.03200000000001,23.49429959951452,16.0
-1,-80.6308976480985,12.609542907407375,40.0,54.33600000000002,26.294897648098477,13.0
-1,-95.770886959978,16.274240134259248,51.0,65.37600000000002,30.394886959977985,18.0
-1,-100.10253212393891,21.507429402777703,49.0,62.11200000000003,37.99053212393888,17.0
-1,-101.29346675237888,20.849417703703608,63.0,75.64800000000004,25.645466752378844,18.0
-1,-72.16899168314436,14.19753097685185,43.0,42.528,29.64099168314436,19.0
-1,-102.4850407935913,17.29940210185182,66.0,71.42399999999999,31.0610407935913,17.0
-1,-79.5553221037945,17.952903212962962,43.0,48.00000000000001,31.555322103794488,18.0
-1,-104.49601476977108,15.451323902777768,42.0,56.44800000000002,48.04801476977106,24.0
-1,-90.22095336192646,18.02601827777773,45.0,53.37600000000002,36.84495336192644,20.0
-1,-98.10649081719124,15.938110041666665,54.0,61.44,36.666490817191246,22.0
-1,-104.59578219823082,9.574405634259286,35.0,44.35200000000002,60.2437821982308,27.0
-1,-90.54797681991812,18.792041337962917,60.0,63.45600000000004,27.0919768199181,17.0
-1,-86.5593160678667,15.119135856481469,46.0,56.448000000000015,30.111316067866685,17.0
-1,-88.54404688903098,20.92867611111104,66.0,65.08800000000002,23.45604688903096,14.0
-1,-83.63100723836774,17.200005328703675,46.0,59.23200000000002,24.39900723836772,15.0
-1,-84.517033181633,17.743873384259246,44.0,50.30400000000002,34.213033181632966,19.0
-1,-87.55364501603246,11.041235921296304,41.0,54.81600000000002,32.737645016032445,23.0
-1,-93.2745509579929,21.463347388888824,54.0,64.99200000000003,28.282550957992864,16.0
-1,-73.87506652863526,19.240922208333306,48.0,49.344000000000015,24.531066528635243,15.0
-1,-82.82597700877835,14.091276907407414,39.0,43.104,39.72197700877836,21.0
-1,-71.6247198229304,17.303081990740743,44.0,42.336,29.2887198229304,16.0
-1,-83.33469980598926,16.664270435185156,64.0,63.83999999999999,19.49469980598928,9.0
-1,-93.45138973125884,14.120883981481478,46.0,56.06400000000003,37.38738973125882,22.0
-1,-94.84849269548492,15.739341439814815,49.0,56.16000000000002,38.68849269548488,22.0
-1,-82.6886664070824,17.47326488888888,60.0,50.01600000000003,32.67266640708236,19.0
-1,-91.61738359306332,20.448180027777717,52.0,56.352000000000025,35.265383593063305,20.0
-1,-87.4703034305478,18.731147648148102,41.0,49.44000000000001,38.03030343054779,20.0
-1,-92.7913397921895,12.156668064814829,45.0,59.23200000000003,33.55933979218948,18.0
-1,-97.08159086251024,14.227500916666653,40.0,54.52800000000002,42.55359086251021,21.0
-1,-67.80337553890715,12.190206870370355,32.0,38.400000000000006,29.40337553890714,19.0
-1,-104.21355202159714,10.129106273148135,37.0,57.88800000000002,46.325552021597126,22.0
-1,-95.09825425669274,17.937489055555517,55.0,61.632000000000026,33.46625425669271,20.0
-1,-77.16163169412158,20.66218846296295,50.0,54.81600000000002,22.34563169412156,15.0
-1,-90.6048102709347,11.449177893518492,34.0,48.67200000000002,41.932810270934695,24.0
-1,-99.11516902452765,16.435426287037014,51.0,60.86400000000003,38.251169024527606,21.0
-1,-99.62769584844806,21.38882110185179,51.0,61.824000000000034,37.80369584844802,15.0
-1,-98.56093357902216,14.508072180555567,38.0,45.792000000000016,52.76893357902215,23.0
-1,-111.7715654421913,19.126546087962897,58.0,67.10400000000003,44.66756544219127,24.0
-1,-72.73264139465927,12.937222009259251,45.0,45.6,27.132641394659267,19.0
-1,-79.1014851393376,20.335613990740736,43.0,48.192000000000014,30.909485139337576,16.0
-1,-90.63091991494268,14.64404134259258,41.0,52.03200000000002,38.59891991494266,21.0
-1,-83.96236557898871,14.836125416666643,49.0,61.72800000000002,22.23436557898868,14.0
-1,-91.4502151518276,18.538685847222208,44.0,53.280000000000015,38.17021515182758,19.0
-1,-88.83580521977579,17.42205731018516,49.0,51.36000000000001,37.475805219775786,22.0
-1,-86.0936333883063,14.048517398148151,44.0,48.000000000000014,38.09363338830628,21.0
-1,-83.36756044345758,15.84080556481481,42.0,50.40000000000001,32.967560443457565,17.0
-1,-87.39437934731504,19.42016411574071,59.0,65.95200000000001,21.44237934731502,11.0
-1,-110.18386218910952,18.999918249999947,60.0,70.36800000000004,39.81586218910949,21.0
-1,-95.25302586760937,18.07393255092586,45.0,56.160000000000025,39.09302586760933,20.0
-1,-92.5983033068329,17.596788962962947,49.0,62.20800000000002,30.390303306832884,17.0
-1,-85.08082497244212,16.319394374999987,42.0,43.296000000000014,41.784824972442095,20.0
-1,-81.23039147915775,18.67836306018516,46.0,51.93600000000001,29.29439147915774,15.0
-1,-72.18624049963114,15.598579157407398,46.0,47.424000000000014,24.762240499631133,17.0
-1,-107.43503983405157,18.90910317129628,57.0,66.43200000000003,41.003039834051535,21.0
-1,-98.8914961523865,17.700184995370357,50.0,67.29600000000003,31.595496152386456,17.0
-1,-80.83313028103416,15.9376555185185,40.0,50.59200000000001,30.24113028103415,16.0
-1,-87.24954122426391,16.808393226851827,43.0,51.93600000000001,35.3135412242639,20.0
-1,-98.39861148313516,16.430968810185174,46.0,50.78400000000002,47.61461148313515,23.0
-1,-87.23833148476875,17.529649467592574,40.0,47.616000000000014,39.622331484768736,19.0
-1,-86.06507364077768,16.479416657407413,44.0,49.44000000000001,36.62507364077767,18.0
-1,-84.04362486881615,17.785550703703677,49.0,57.504000000000026,26.539624868816134,17.0
-1,-98.2457453565098,16.70306602777775,60.0,66.62400000000002,31.621745356509766,17.0
-1,-111.25700382149532,18.085225754629565,51.0,61.34400000000003,49.9130038214953,23.0
-1,-83.97697432578796,13.814147282407394,43.0,48.672,35.30497432578796,21.0
-1,-83.63495460344582,12.135490203703702,35.0,42.336000000000006,41.29895460344581,25.0
-1,-91.23457219369864,14.008610240740763,51.0,54.432,36.80257219369865,19.0
-1,-81.53225136377523,14.627302337962972,32.0,48.096,33.43625136377523,17.0
-1,-84.14119491057076,18.21851282870366,45.0,52.32000000000002,31.821194910570732,18.0
-1,-100.78126365457284,14.863947879629626,34.0,49.44000000000001,51.34126365457281,21.0
-1,-119.27638090945248,17.49090950462956,47.0,66.62400000000002,52.65238090945247,24.0
-1,-93.88581258038946,18.43277712499997,59.0,57.12000000000003,36.76581258038943,20.0
-1,-105.33008151269024,12.972608458333328,52.0,64.22400000000002,41.10608151269023,24.0
-1,-102.03661643325422,13.048194828703709,36.0,50.88000000000002,51.15661643325421,23.0
-1,-78.17994167146813,13.896156449074066,43.0,45.88800000000001,32.29194167146812,20.0
-1,-91.38749763037542,22.375590314814755,68.0,67.00800000000002,24.3794976303754,15.0
-1,-104.28057017813454,16.278809884259218,52.0,59.61600000000004,44.6645701781345,24.0
-1,-81.7336732107511,12.07376876388888,35.0,48.48000000000001,33.253673210751096,18.0
-1,-92.96823478889414,22.784280041666623,63.0,58.464000000000034,34.50423478889411,16.0
-1,-121.08464223492592,13.91792542129627,45.0,65.08800000000002,55.99664223492591,25.0
-1,-101.40924407619131,15.5189367685185,56.0,63.93600000000004,37.47324407619129,23.0
-1,-89.2028506709053,14.027187462962948,35.0,46.176,43.0268506709053,18.0
-1,-82.25047391409977,15.482869254629623,45.0,51.26400000000001,30.98647391409976,17.0
-1,-85.94591811312489,16.20497438888888,47.0,58.368000000000016,27.577918113124863,15.0
-1,-72.68076437782251,10.014809449074075,34.0,43.58400000000002,29.096764377822492,19.0
-1,-102.40906746318598,14.68778471759259,46.0,54.33600000000002,48.07306746318595,25.0
-1,-86.98657360899342,13.628565013888878,50.0,58.46400000000002,28.522573608993405,17.0
-1,-88.1340667138817,14.08428471759258,38.0,55.20000000000002,32.93406671388168,19.0
-1,-77.03193594650959,12.416829925925946,42.0,42.912000000000006,34.119935946509585,21.0
-1,-87.00530670149661,16.909257736111112,39.0,52.896000000000015,34.1093067014966,15.0
-1,-76.27853654704967,15.861347124999982,44.0,46.84800000000002,29.43053654704965,18.0
-1,-100.48708481758462,14.131596782407396,49.0,66.33600000000003,34.15108481758459,20.0
-1,-90.72325205443552,18.82081991666663,47.0,54.04800000000002,36.675252054435504,19.0
-1,-84.29171408470191,15.783167481481447,44.0,53.472,30.819714084701918,18.0
-1,-83.11325797566518,15.956199236111106,48.0,60.768000000000015,22.345257975665167,16.0
-1,-87.75075303277768,14.133881513888896,45.0,50.11200000000002,37.63875303277766,23.0
-1,-89.99513592486727,18.63726543518516,43.0,57.02400000000002,32.971135924867255,17.0
-1,-72.14333909027846,13.32375768055555,43.0,41.08800000000001,31.05533909027846,19.0
-1,-82.67118645399638,16.32979111111111,51.0,55.20000000000001,27.47118645399637,16.0
-1,-79.76395991824322,16.926591148148148,49.0,52.03200000000001,27.73195991824321,18.0
-1,-91.40923998068564,17.159936203703673,48.0,62.11200000000002,29.29723998068562,17.0
-1,-100.64562405809974,19.701993569444383,60.0,69.79200000000003,30.853624058099715,19.0
-1,-79.0951369519393,16.84674516666667,46.0,47.616000000000014,31.479136951939285,17.0
-1,-77.89017690193162,16.454879611111124,42.0,48.768,29.122176901931617,15.0
-1,-105.89105202763469,20.323300638888814,48.0,60.096000000000025,45.795052027634654,24.0
-1,-98.90522344523738,21.23854631018513,51.0,57.50400000000003,41.40122344523735,20.0
-1,-95.72653741403248,12.677489865740732,43.0,52.03200000000002,43.69453741403246,25.0
-1,-88.37566015014849,15.745445162037033,50.0,57.88800000000002,30.487660150148468,19.0
-1,-97.13414059253849,13.45593427777776,38.0,52.800000000000026,44.334140592538446,24.0
-1,-80.07058636697583,14.300093351851832,36.0,42.144,37.92658636697583,21.0
-1,-83.49588889826609,20.384549800925917,55.0,55.00800000000002,28.48788889826607,17.0
-1,-70.67303874351637,17.61629481018515,45.0,50.78400000000001,19.88903874351636,14.0
-1,-97.27148752900244,21.569576583333298,62.0,66.43200000000003,30.83948752900241,20.0
-1,-99.80376896985642,20.75258727777771,45.0,57.312000000000026,42.4917689698564,19.0
-1,-82.15600979560402,12.69818369907408,34.0,46.752,35.40400979560402,20.0
-1,-81.95181937737084,16.283297671296268,46.0,52.512000000000015,29.439819377370817,19.0
-1,-87.2319611779247,16.317638212962944,50.0,57.504000000000026,29.72796117792468,18.0
-1,-93.50087175533892,14.034193708333326,40.0,52.128000000000014,41.37287175533891,21.0
-1,-94.09205907943108,19.689212032407376,48.0,51.84000000000002,42.25205907943105,20.0
-1,-86.11466908807729,13.308157925925917,47.0,54.91200000000001,31.202669088077275,20.0
-1,-100.44114044685683,12.82327413425925,38.0,49.82400000000002,50.61714044685682,26.0
-1,-77.54886328612665,10.197636944444444,41.0,50.496000000000016,27.052863286126623,19.0
-1,-95.76898633018185,26.327317180555507,67.0,76.32000000000004,19.44898633018181,11.0
-1,-110.23863696139628,12.784103384259256,45.0,63.360000000000014,46.87863696139625,24.0
-1,-94.9671219111908,17.23892803703702,46.0,56.73600000000001,38.23112191119077,17.0
-1,-80.93360004365849,20.946249722222205,44.0,56.83200000000002,24.101600043658465,13.0
-1,-83.96047089044393,15.198071189814824,37.0,47.904,36.056470890443926,19.0
-1,-85.17413323186712,14.570952689814789,39.0,51.26400000000001,33.91013323186711,21.0
-1,-89.80442193160833,15.930650018518485,37.0,52.60800000000002,37.19642193160831,19.0
-1,-89.43305608574447,19.70528025925919,57.0,61.63200000000003,27.801056085744435,17.0
-1,-88.12415958055561,13.921514560185196,52.0,61.05600000000002,27.0681595805556,18.0
-1,-84.55221067628304,21.70114481481474,54.0,60.67200000000002,23.880210676283014,15.0
-1,-77.99950510928528,15.5834318564815,46.0,46.94400000000001,31.05550510928527,17.0
-1,-99.81076211092012,18.07813863425919,47.0,58.75200000000003,41.05876211092007,21.0
-1,-72.2787381253565,16.08606918981481,53.0,54.72000000000003,17.558738125356466,12.0
-1,-86.70980157176629,19.404197328703656,55.0,63.840000000000025,22.86980157176627,18.0
-1,-96.92451993698326,19.201109638888813,46.0,59.04000000000003,37.88451993698323,20.0
-1,-111.10086194132217,16.257684865740696,69.0,74.78400000000005,36.31686194132212,18.0
-1,-81.21919799483612,13.782101907407402,38.0,54.62400000000002,26.5951979948361,17.0
-1,-92.8229996800452,18.54048350462961,56.0,69.31200000000003,23.51099968004518,14.0
-1,-78.4490024631537,12.549878314814814,44.0,50.592000000000006,27.85700246315369,17.0
-1,-84.01733381669186,20.00917838888888,48.0,52.03200000000002,31.98533381669185,19.0
-1,-76.5866121950443,11.88291080555556,42.0,46.27200000000002,30.314612195044276,20.0
-1,-95.0060730995208,17.007138574074055,54.0,60.76800000000003,34.23807309952076,18.0
-1,-82.75149965335014,18.468004435185136,52.0,59.13600000000002,23.61549965335011,14.0
-1,-72.61420102414186,12.879196208333331,45.0,49.344000000000015,23.270201024141844,16.0
-1,-73.06497781915829,11.403024842592584,36.0,48.09600000000001,24.96897781915827,15.0
-1,-89.4915008555624,18.08697057407407,55.0,60.288000000000025,29.203500855562385,18.0
-1,-101.05468415558784,20.809408703703674,63.0,73.24800000000003,27.8066841555878,18.0
-1,-99.52158008826626,17.330939412037015,53.0,67.20000000000002,32.32158008826624,18.0
-1,-99.44144317623024,16.19517967129628,42.0,54.33600000000003,45.10544317623022,21.0
-1,-93.63850091140758,21.220985837962917,57.0,64.22400000000003,29.414500911407544,18.0
-1,-76.42439056940741,12.451639134259258,38.0,46.46400000000001,29.96039056940739,21.0
-1,-104.43207029599893,18.339809476851777,51.0,59.52000000000002,44.91207029599891,23.0
-1,-80.06701398703896,15.121155689814836,42.0,43.2,36.86701398703896,19.0
-1,-88.60675567819777,16.283305351851848,50.0,60.19200000000003,28.41475567819775,18.0
-1,-76.95408382243012,13.580024740740742,37.0,52.80000000000001,24.154083822430117,13.0
-1,-77.75405127102604,19.27889937962957,46.0,46.56000000000002,31.19405127102602,19.0
-1,-79.55286608915496,13.134037199074058,45.0,59.80800000000002,19.744866089154936,14.0
-1,-81.97010797071613,12.19965306018518,37.0,39.26400000000001,42.706107970716126,24.0
-1,-88.07240561007319,19.041094888888853,51.0,54.24000000000002,33.83240561007317,18.0
-1,-79.14972886713043,15.30353967129628,46.0,50.68800000000001,28.461728867130425,17.0
-1,-74.56841108360639,12.565042643518517,48.0,49.15200000000002,25.416411083606366,17.0
-1,-90.50434641345402,16.858391416666674,52.0,63.16800000000003,27.336346413453988,18.0
-1,-88.40790000232847,17.145170824074054,51.0,56.448000000000015,31.959900002328464,21.0
-1,-78.23822466373912,14.344334175925924,47.0,52.320000000000014,25.918224663739107,16.0
-1,-90.0783298924792,13.330728944444449,40.0,51.07200000000001,39.00632989247917,19.0
-1,-84.45211881681428,21.55935451388884,64.0,65.85600000000002,18.596118816814247,14.0
-1,-76.73342605477194,17.62843301388888,43.0,47.04000000000001,29.69342605477192,14.0
-1,-88.87255474006717,20.936651083333278,57.0,59.52000000000003,29.352554740067145,17.0
-1,-99.39081417816162,18.74852962499997,67.0,74.68800000000005,24.70281417816157,15.0
-1,-78.21226304927947,14.273210685185187,38.0,43.296000000000014,34.91626304927945,17.0
-1,-93.64799044144434,14.441088222222229,43.0,52.128000000000014,41.51999044144432,21.0
-1,-75.21044198139586,16.791565620370367,41.0,42.432000000000016,32.77844198139585,21.0
-1,-78.75228690168842,14.897199550925928,39.0,45.98400000000001,32.768286901688406,19.0
-1,-84.07097918654755,13.780274083333344,52.0,50.30400000000002,33.76697918654752,22.0
-1,-87.02567401746887,14.233661601851848,43.0,52.41600000000002,34.609674017468855,17.0
-1,-81.1347322751578,15.214538564814823,49.0,50.592000000000006,30.54273227515779,19.0
-1,-81.16711809307634,14.19828658796294,36.0,47.13600000000001,34.03111809307633,20.0
-1,-78.78402492165549,11.98870330555555,37.0,45.792,32.99202492165548,21.0
-1,-96.95866700647328,20.229738824074044,50.0,51.55200000000003,45.40666700647325,19.0
-1,-93.6363108419394,18.766980986111044,46.0,52.89600000000002,40.74031084193939,23.0
-1,-84.8795094961032,10.764595949074067,39.0,57.31200000000002,27.56750949610317,19.0
-1,-99.87989103453518,19.4311249398148,65.0,74.49600000000002,25.383891034535157,14.0
-1,-95.10694612737755,13.205643115740742,35.0,45.79200000000001,49.31494612737757,23.0
-1,-81.36635709065604,16.18014768518518,45.0,52.41600000000001,28.950357090656023,17.0
-1,-92.57458901947145,15.14628234259258,39.0,47.04000000000001,45.53458901947143,22.0
-1,-86.53771938849232,14.598239152777778,42.0,46.84800000000001,39.68971938849231,22.0
-1,-98.8332669610583,17.03608031481475,62.0,69.31200000000004,29.521266961058263,14.0
-1,-79.80827849455888,16.34740134722222,41.0,48.384000000000015,31.42427849455886,18.0
-1,-89.98786182057262,20.718999597222197,67.0,70.94400000000003,19.043861820572594,11.0
-1,-89.63279645747022,16.972751208333317,48.0,50.496,39.13679645747022,24.0
-1,-91.08737404402903,11.188715513888893,52.0,55.00800000000002,36.07937404402901,20.0
-1,-90.91269095433022,18.48986843055552,47.0,57.79200000000002,33.12069095433019,18.0
-1,-67.93895507682888,17.847589245370383,46.0,48.192000000000014,19.746955076828865,14.0
-1,-94.5455151089338,19.786616601851787,51.0,60.38400000000003,34.161515108933784,20.0
-1,-80.88709517075452,13.856477171296298,36.0,43.872,37.01509517075453,21.0
-1,-73.89352153080377,11.494209314814825,38.0,41.66400000000001,32.22952153080376,18.0
-1,-109.13979553845766,19.59787565277773,57.0,63.74400000000003,45.39579553845764,24.0
-1,-88.72253121285783,14.59829374537036,36.0,53.280000000000015,35.44253121285782,16.0
-1,-104.55677120788114,16.128460120370345,43.0,56.448000000000015,48.10877120788113,24.0
-1,-93.18027188783674,17.106859462962934,42.0,55.39200000000001,37.788271887836736,19.0
-1,-90.85422807589948,15.148788810185174,43.0,52.320000000000014,38.534228075899456,21.0
-1,-103.30799406835123,15.656619550925884,47.0,60.96000000000002,42.347994068351205,22.0
-1,-82.12019133820247,15.282199291666656,43.0,50.68800000000002,31.43219133820246,19.0
-1,-88.10098361658122,18.493683856481475,51.0,57.120000000000026,30.980983616581188,20.0
-1,-73.22754246174961,16.64565979166666,45.0,47.424000000000014,25.80354246174959,17.0
-1,-106.53423187538286,21.075634384259192,53.0,61.05600000000003,45.478231875382825,22.0
-1,-75.24779077215595,18.145345129629607,50.0,53.56800000000001,21.67979077215594,15.0
-1,-100.73464314649816,16.15829948148144,49.0,64.60800000000003,36.126643146498125,21.0
-1,-81.47265083665354,12.350281138888898,29.0,36.672,44.80065083665353,23.0
-1,-76.66989741280173,17.16989765740739,40.0,47.52,29.149897412801742,17.0
-1,-63.69591449460764,9.834200212962967,40.0,45.792,17.90391449460763,14.0
-1,-84.95583964119143,14.951071740740732,42.0,60.288000000000025,24.667839641191403,16.0
-1,-92.49851249419824,18.957674277777745,47.0,60.00000000000002,32.498512494198216,17.0
-1,-82.85772091355216,16.936478439814792,39.0,45.02400000000001,37.83372091355216,21.0
-1,-85.56822432785306,18.043871824074078,59.0,59.52000000000002,26.04822432785303,16.0
-1,-88.86123815364422,14.82600285648148,42.0,47.71200000000002,41.149238153644205,24.0
-1,-85.89534742394856,23.479448662037,51.0,50.304000000000016,35.59134742394855,17.0
-1,-59.88053489359491,9.819983240740738,35.0,38.592,21.28853489359492,15.0
-1,-99.64058635256552,17.88259747685181,44.0,56.44800000000002,43.19258635256551,20.0
-1,-81.44366714155024,15.040414921296271,43.0,49.34400000000001,32.09966714155022,17.0
-1,-87.10868377149323,10.397795412037029,44.0,54.52800000000002,32.58068377149321,21.0
-1,-79.79673895384008,15.98320929166664,42.0,44.54400000000002,35.252738953840066,20.0
-1,-72.56814684461511,11.06064944907407,51.0,52.60800000000002,19.96014684461509,15.0
-1,-100.52659513068328,18.666603722222188,51.0,59.13600000000002,41.39059513068326,22.0
-1,-70.85629927607056,18.019357689814804,48.0,46.464000000000006,24.39229927607056,12.0
-1,-86.20235692859997,14.906498347222229,34.0,44.16000000000001,42.04235692859996,19.0
-1,-106.633027764812,16.043549638888898,44.0,57.02400000000003,49.60902776481198,24.0
-1,-94.34745917463763,15.292912083333322,48.0,53.472000000000016,40.875459174637626,22.0
-1,-85.01280276515465,12.997914518518522,37.0,48.28800000000002,36.72480276515463,20.0
-1,-82.3478792374921,13.386988333333331,38.0,47.808000000000014,34.53987923749207,22.0
-1,-81.31860203039568,16.28420944907406,44.0,54.52800000000002,26.790602030395668,17.0
-1,-101.57268116777048,13.027237513888888,52.0,71.04000000000002,30.532681167770452,20.0
-1,-75.0373518928185,18.727124069444383,57.0,59.04000000000004,15.99735189281847,12.0
-1,-90.0654364327811,17.796566486111093,40.0,54.24000000000002,35.82543643278108,19.0
-1,-89.8435831859475,20.04366220370367,53.0,56.25600000000002,33.58758318594747,19.0
-1,-79.0892168057751,10.829315041666682,46.0,48.57600000000002,30.51321680577508,20.0
-1,-88.58419906906991,18.28174756944445,42.0,47.04000000000001,41.54419906906989,20.0
-1,-106.68413307170049,15.977255874999978,59.0,62.49600000000003,44.18813307170045,23.0
-1,-77.52945313023771,18.48377343981479,57.0,58.752,18.777453130237703,14.0
-1,-109.80301119433982,16.58449687962961,64.0,66.72000000000003,43.08301119433979,21.0
-1,-60.26650805614939,10.356609157407394,33.0,41.66400000000001,18.602508056149382,15.0
-1,-78.01821302285408,18.881337615740733,45.0,50.304000000000016,27.71421302285407,17.0
-1,-82.43948653049402,18.188918407407364,47.0,44.44800000000001,37.991486530494015,22.0
-1,-83.95312230802233,13.032060069444428,41.0,44.640000000000015,39.31312230802232,21.0
-1,-73.9180513777328,13.357315555555536,35.0,43.392,30.526051377732788,18.0
-1,-81.33133881547444,21.18466391666661,61.0,61.53600000000002,19.795338815474413,12.0
-1,-62.61751768289314,11.344954472222218,31.0,44.54400000000002,18.07351768289313,15.0
-1,-89.63940692744853,20.690337175925933,49.0,56.16000000000002,33.47940692744852,17.0
-1,-93.89217227272906,19.66532640740737,52.0,65.76000000000003,28.132172272729026,17.0
-1,-88.84233127058883,15.535779967592582,39.0,48.86400000000002,39.97833127058881,22.0
-1,-99.06616946548868,15.34282331018516,47.0,62.49600000000001,36.57016946548866,21.0
-1,-85.90326770599061,20.355639981481435,52.0,60.67200000000002,25.231267705990597,12.0
-1,-78.68926199134174,10.680740486111103,33.0,43.104000000000006,35.58526199134174,21.0
-1,-107.4554749017081,17.3457648842592,44.0,59.32800000000003,48.12747490170806,24.0
-1,-80.20505942402357,19.81905477314813,52.0,49.728000000000016,30.477059424023555,17.0
-1,-95.6193106404352,14.819468259259263,51.0,59.23200000000003,36.38731064043516,22.0
-1,-82.63532981018363,17.693673013888876,39.0,47.616000000000014,35.01932981018363,16.0
-1,-90.65984854082848,14.052069324074074,53.0,55.58400000000003,35.075848540828446,21.0
-1,-83.58789064547796,14.130966111111112,33.0,40.992,42.59589064547795,21.0
-1,-76.46935283029298,19.53876204629629,70.0,57.312000000000026,19.157352830292957,12.0
-1,-78.20191160218947,11.90141827777778,46.0,52.224,25.977911602189465,18.0
-1,-97.86716453217788,18.47473344907408,55.0,80.92800000000003,16.939164532177838,12.0
-1,-112.15922284827508,16.338842023148135,47.0,64.12800000000001,48.03122284827508,24.0
-1,-93.93908215036468,20.92298999537035,50.0,63.648000000000025,30.291082150364662,17.0
-1,-73.15060802903223,17.31244893055556,51.0,52.80000000000002,20.350608029032205,15.0
-1,-99.00137044303054,14.544222592592575,41.0,55.680000000000014,43.32137044303052,23.0
-1,-82.74669483858517,16.879795541666656,48.0,55.39200000000002,27.35469483858514,17.0
-1,-76.49045439060114,15.788887226851855,39.0,43.29600000000001,33.194454390601145,19.0
-1,-87.19203118364027,18.49025180555552,55.0,60.38400000000003,26.80803118364023,18.0
-1,-87.38247116808937,17.64953236574069,41.0,57.21600000000002,30.166471168089345,17.0
-1,-101.78745529031636,16.38344416666664,54.0,65.18400000000003,36.60345529031634,21.0
-1,-76.91003358843491,20.130794495370356,50.0,50.40000000000001,26.510033588434897,16.0
-1,-93.3413061823874,24.534101300925883,70.0,75.93600000000004,17.405306182387367,10.0
-1,-93.95685419289408,17.285110587962944,53.0,63.07200000000002,30.88485419289404,16.0
-1,-80.88247613616315,15.069660134259262,38.0,51.936000000000014,28.946476136163135,18.0
-1,-74.73717673454652,17.41316775462963,58.0,58.46400000000002,16.273176734546507,11.0
-1,-104.5887534218862,14.451711879629626,49.0,60.76800000000002,43.82075342188617,26.0
-1,-95.1934502742036,21.828606638888857,54.0,57.69600000000003,37.49745027420358,16.0
-1,-87.54263538178337,21.758801009259248,46.0,54.14400000000001,33.39863538178336,16.0
-1,-86.23295888251835,12.765839319444432,46.0,51.64800000000003,34.58495888251832,20.0
-1,-92.86902957903852,16.579273282407417,47.0,57.31200000000001,35.5570295790385,19.0
-1,-103.6451640153312,17.273657032407385,43.0,52.608000000000025,51.037164015331165,25.0
-1,-86.28435465821748,12.501689750000002,48.0,57.12000000000002,29.164354658217466,17.0
-1,-78.09177867811182,21.808548722222245,49.0,57.98400000000002,20.1077786781118,11.0
-1,-90.2007621944329,15.376348375000024,41.0,54.81600000000002,35.38476219443288,18.0
-1,-89.12372284879883,13.033391120370348,46.0,54.43200000000002,34.69172284879881,24.0
-1,-87.77877205533355,22.624669037037016,51.0,60.86400000000003,26.91477205533352,18.0
-1,-93.128907814945,15.317196685185186,41.0,55.96800000000001,37.16090781494498,18.0
-1,-93.81985559623352,18.75952158333329,50.0,58.75200000000002,35.0678555962335,22.0
-1,-86.69510934817933,18.93530418055554,43.0,54.240000000000016,32.455109348179306,19.0
-1,-74.60948871504593,15.459407231481476,46.0,49.63200000000002,24.977488715045915,17.0
-1,-87.9949206460572,20.768108287037027,51.0,56.928000000000026,31.06692064605717,18.0
-1,-77.92019743834956,12.790967958333322,38.0,46.36800000000001,31.552197438349545,17.0
-1,-86.993615758208,14.798919365740725,38.0,51.16800000000003,35.82561575820797,19.0
-1,-80.61481849512496,19.624037768518477,46.0,56.92800000000002,23.686818495124943,14.0
-1,-84.5433086201293,16.420520162037043,44.0,46.27200000000001,38.27130862012928,19.0
-1,-93.92401188734212,13.87693654166665,51.0,63.84000000000003,30.08401188734209,20.0
-1,-84.47756836118921,11.05482721759259,37.0,50.97600000000002,33.50156836118919,22.0
-1,-84.45443967031761,12.618296263888878,56.0,61.15200000000002,23.30243967031759,17.0
-1,-82.9070003711708,13.477485499999975,34.0,47.04000000000001,35.86700037117078,19.0
-1,-71.68352381593061,18.556465472222204,48.0,48.000000000000014,23.68352381593061,16.0
-1,-86.58422935652197,15.719938064814793,43.0,48.00000000000002,38.58422935652196,20.0
-1,-81.93153354166895,13.82439137037036,43.0,51.936000000000014,29.995533541668944,17.0
-1,-100.24719840788772,22.27789816203698,64.0,69.60000000000004,30.64719840788768,21.0
-1,-96.59333564596386,17.797480347222184,55.0,65.66400000000003,30.929335645963832,20.0
-1,-94.9607999226148,22.10014596296292,58.0,69.21600000000002,25.744799922614792,16.0
-1,-82.87578499140633,16.027655124999992,47.0,52.60800000000001,30.267784991406327,16.0
-1,-95.7726405717267,16.256605129629595,41.0,54.91200000000003,40.86064057172667,21.0
-1,-87.929050222912,17.139114439814772,38.0,47.616000000000014,40.31305022291199,20.0
-1,-71.61705220920285,11.310181699074064,32.0,38.20799999999999,33.40905220920287,19.0
-1,-95.39518623355649,16.077582115740704,45.0,57.50400000000002,37.89118623355647,21.0
-1,-80.12914917085286,13.350556328703698,46.0,56.16000000000002,23.969149170852837,15.0
-1,-93.25543571937224,19.347141981481464,56.0,64.99200000000002,28.26343571937221,16.0
-1,-77.10325152262288,14.568567976851837,39.0,48.768000000000015,28.33525152262288,17.0
-1,-85.51752457662516,18.242992254629637,47.0,59.04000000000002,26.477524576625143,15.0
-1,-80.81095122643868,19.02749121759256,50.0,49.344000000000015,31.46695122643866,18.0
-1,-86.51675200449134,21.48054650462961,56.0,61.72800000000002,24.78875200449132,15.0
-1,-86.05858280479006,19.824525930555502,63.0,63.93600000000002,22.122582804790035,13.0
-1,-83.05161544189508,18.54293679166666,52.0,60.480000000000025,22.571615441895048,15.0
-1,-94.9774120569716,20.653352398148147,60.0,62.30400000000003,32.673412056971564,20.0
-1,-75.98690237476254,14.105662152777793,40.0,48.000000000000014,27.98690237476253,19.0
-1,-82.19920475242213,15.310317773148157,41.0,47.04000000000001,35.15920475242213,20.0
-1,-83.12534244517138,13.443631314814825,37.0,44.54400000000002,38.58134244517136,17.0
-1,-92.28437895689848,17.319814064814807,51.0,55.68000000000002,36.60437895689845,20.0
-1,-87.09448780493415,13.31946005555552,38.0,45.600000000000016,41.49448780493413,24.0
-1,-111.43289648075526,12.72389166203702,47.0,75.36000000000003,36.07289648075523,19.0
-1,-78.65574257698151,16.755145277777764,44.0,52.12800000000002,26.52774257698148,17.0
-1,-79.90086368179381,15.496902865740712,38.0,42.72000000000001,37.1808636817938,21.0
-1,-82.06527939404018,17.185219319444414,49.0,56.160000000000025,25.905279394040157,18.0
-1,-84.29040633790461,13.22499048148148,40.0,52.128000000000014,32.162406337904606,20.0
-1,-85.38842970024882,16.28142497222219,41.0,46.848000000000006,38.54042970024882,23.0
-1,-85.51100340269409,13.380990180555552,37.0,50.11200000000001,35.399003402694085,17.0
-1,-107.09968454520654,12.996516194444425,42.0,58.94400000000002,48.15568454520652,23.0
-1,-82.53774483336623,12.995282435185183,42.0,50.59200000000001,31.945744833366224,18.0
-1,-85.36028728842312,16.461804981481446,41.0,55.10400000000002,30.2562872884231,20.0
-1,-80.03199370050628,15.06566549074075,35.0,40.51200000000001,39.51999370050627,20.0
-1,-84.07163209200766,18.001479124999957,42.0,58.56000000000002,25.511632092007645,15.0
-1,-90.07115617597091,14.9367400324074,45.0,54.62400000000002,35.447156175970896,21.0
-1,-83.23972294054077,17.90611850462964,48.0,55.87200000000002,27.367722940540755,18.0
-1,-82.2513542822852,12.22371889814815,41.0,52.128000000000014,30.123354282285188,21.0
-1,-96.95944539043391,16.299994625,48.0,61.24800000000002,35.711445390433894,18.0
-1,-83.44424529287117,14.956453282407397,49.0,57.31200000000002,26.13224529287116,16.0
-1,-90.18679587323292,16.311104999999976,45.0,52.22400000000002,37.96279587323289,20.0
-1,-89.0413811349788,16.26933484259258,50.0,65.56800000000003,23.473381134978776,15.0
-1,-96.90313286776164,18.63474846296293,60.0,66.24000000000002,30.66313286776162,17.0
-1,-91.93125799158156,12.636765615740728,42.0,52.51200000000003,39.419257991581546,22.0
-1,-70.52508052506707,17.358754967592596,58.0,50.40000000000002,20.12508052506704,16.0
-1,-77.69086344284194,14.665408986111114,38.0,47.23200000000002,30.458863442841924,19.0
-1,-76.63855789106535,12.412401296296292,43.0,47.04000000000001,29.59855789106533,20.0
-1,-75.94803608951926,19.115379587962927,51.0,53.76000000000002,22.18803608951925,15.0
-1,-83.18213253573359,14.00712188888887,35.0,50.68800000000001,32.49413253573357,17.0
-1,-78.2075093545771,12.472955986111094,45.0,52.80000000000002,25.40750935457708,20.0
-1,-89.95250626488593,15.52948572222222,43.0,53.37600000000001,36.57650626488592,18.0
-1,-87.675935441392,15.402997624999962,53.0,63.45600000000002,24.21993544139199,14.0
-1,-91.19816496406382,13.982449875000006,40.0,56.16000000000002,35.0381649640638,19.0
-1,-80.89040624953712,22.786103185185134,60.0,54.33600000000002,26.5544062495371,18.0
-1,-87.95658356886986,13.591648314814815,44.0,50.496000000000016,37.46058356886984,23.0
-1,-83.58841087966387,13.692036064814804,44.0,60.19200000000003,23.39641087966384,16.0
-1,-95.38079945217116,17.54603348611109,54.0,57.21600000000003,38.16479945217112,21.0
-1,-80.97613019093761,14.797488708333324,46.0,54.240000000000016,26.7361301909376,17.0
-1,-70.54079379697887,10.495011231481485,42.0,51.45600000000002,19.08479379697885,14.0
-1,-100.72126842044035,21.300254541666582,63.0,66.33600000000001,34.385268420440354,19.0
-1,-77.23374805847412,16.23156158796293,47.0,54.72000000000002,22.513748058474096,14.0
-1,-84.53831220195195,14.797328574074069,36.0,44.73600000000001,39.80231220195195,20.0
-1,-96.08285124760572,17.16010183333332,44.0,54.14400000000002,41.9388512476057,18.0
-1,-89.54122985051438,15.060948023148129,38.0,45.40800000000002,44.133229850514354,21.0
-1,-93.4097676525931,14.939174768518496,50.0,64.22400000000003,29.18576765259308,18.0
-1,-102.26701577553462,16.270474712962923,53.0,59.71200000000004,42.55501577553458,24.0
-1,-92.26365892210038,13.109152092592602,43.0,59.23200000000003,33.03165892210035,18.0
-1,-80.25898991654725,13.41991494444443,36.0,47.32800000000001,32.93098991654724,19.0
-1,-93.9593037254705,16.169132300925906,45.0,59.42400000000003,34.53530372547048,20.0
-1,-99.69248226236697,16.935411037037017,44.0,55.20000000000002,44.49248226236695,21.0
-1,-78.45762198601463,11.740247018518527,39.0,46.272000000000006,32.185621986014624,19.0
-1,-84.13316040108035,11.517984458333316,34.0,41.66400000000001,42.46916040108034,24.0
-1,-97.29597152590028,19.299030055555505,49.0,59.23200000000002,38.06397152590025,20.0
-1,-80.9767706828779,12.569602157407411,40.0,49.920000000000016,31.05677068287788,18.0
-1,-86.85444481077238,17.01996502777776,42.0,53.95200000000002,32.902444810772366,17.0
-1,-97.82072325694392,16.843728717592562,45.0,65.08800000000002,32.732723256943906,17.0
-1,-69.48404035626446,11.06215636574073,29.0,41.952000000000005,27.532040356264453,17.0
-1,-74.12979120108402,15.989075564814808,49.0,50.304000000000016,23.825791201084,17.0
-1,-78.16828565198995,19.019161680555527,49.0,56.83200000000002,21.33628565198992,15.0
-1,-93.74330185409974,18.738542203703645,47.0,61.24800000000002,32.49530185409972,18.0
-1,-105.84783315777452,18.82291948611105,48.0,68.25600000000001,37.59183315777451,21.0
-1,-109.64127623156284,12.616687476851844,48.0,62.68800000000004,46.9532762315628,25.0
-1,-101.67408913887688,18.53778999999993,50.0,62.59200000000003,39.08208913887685,20.0
-1,-78.66244247927823,19.66630572222221,41.0,48.48,30.182442479278222,17.0
-1,-111.37049396256968,12.330614504629622,45.0,62.20800000000003,49.162493962569634,24.0
-1,-86.93636703056288,14.725600611111108,41.0,51.55200000000002,35.38436703056285,21.0
-1,-90.23924165192162,17.72675388425922,49.0,64.12800000000003,26.1112416519216,16.0
-1,-91.0714466552246,12.9097393287037,31.0,41.856,49.21544665522461,22.0
-1,-80.54492133994646,14.310551180555564,43.0,45.31199999999999,35.23292133994647,19.0
-1,-85.01611240152855,17.283846009259232,47.0,54.720000000000006,30.296112401528543,18.0
-1,-86.60502392080707,15.935584212962953,58.0,67.00800000000002,19.597023920807047,14.0
-1,-79.59594701748308,18.04808813888889,52.0,56.352000000000025,23.243947017483052,16.0
-1,-83.2143223749537,13.28761129166666,45.0,49.72800000000002,33.48632237495368,23.0
-1,-79.68231093886791,11.344415129629636,39.0,44.25600000000001,35.42631093886791,19.0
-1,-85.23505040884609,11.07844314814815,38.0,53.47200000000001,31.763050408846084,18.0
-1,-93.13408830771309,17.873635495370362,56.0,63.93600000000003,29.198088307713043,20.0
-1,-73.66784088311877,12.460720351851853,41.0,44.448000000000015,29.21984088311875,18.0
-1,-93.27265430882984,18.82375303703702,54.0,61.632000000000026,31.6406543088298,20.0
-1,-84.42513520857588,15.24020085185183,43.0,50.30400000000002,34.12113520857585,19.0
-1,-93.60040609657356,14.364779648148131,48.0,55.48800000000003,38.11240609657353,21.0
-1,-96.58470397585864,19.929437439814752,59.0,63.55200000000004,33.0327039758586,20.0
-1,-86.95942183232768,20.05186126388889,65.0,64.51200000000003,22.447421832327656,15.0
-1,-77.91722725503143,14.970860541666656,44.0,50.112000000000016,27.80522725503141,16.0
-1,-79.16115580053949,13.991800180555536,34.0,50.68800000000002,28.47315580053948,16.0
-1,-96.0846800661154,17.972331226851832,48.0,57.02400000000002,39.06068006611537,19.0
-1,-70.61826149690278,13.217141305555549,39.0,49.536000000000016,21.08226149690276,13.0
-1,-79.80996557956965,23.765841064814808,59.0,51.93600000000003,27.87396557956962,16.0
-1,-72.15568614461569,12.60074695370371,42.0,43.872000000000014,28.283686144615668,20.0
-1,-79.73472967881833,10.95057037962964,46.0,54.91200000000002,24.822729678818312,17.0
-1,-77.85034504196564,14.065260120370352,39.0,48.000000000000014,29.85034504196562,18.0
-1,-95.50490079999751,22.70367245370359,63.0,73.34400000000004,22.16090079999748,14.0
-1,-94.37904939087612,16.745116379629607,50.0,70.08000000000003,24.29904939087611,14.0
-1,-92.40473401381593,18.24249859722218,47.0,52.51200000000002,39.89273401381589,21.0
-1,-79.35869279975168,18.83941315740737,45.0,55.00800000000003,24.350692799751656,16.0
-1,-78.26261475873446,17.23886661574076,53.0,57.12000000000002,21.14261475873444,16.0
-1,-109.66724262142183,14.903886268518496,51.0,68.73600000000003,40.93124262142181,21.0
-1,-93.36650535106098,18.823846374999963,64.0,66.33600000000004,27.03050535106093,19.0
-1,-87.79408363065812,16.711244481481454,51.0,61.34400000000002,26.45008363065809,19.0
-1,-91.35622931752648,17.167078550925915,53.0,61.248000000000026,30.10822931752645,17.0
-1,-98.30162567843172,13.09802729629629,38.0,50.97600000000002,47.32562567843171,23.0
-1,-92.1191615479712,16.712438300925932,69.0,73.63200000000005,18.487161547971144,13.0
-1,-91.74157672606336,16.200784902777777,45.0,53.856000000000016,37.88557672606335,19.0
-1,-97.35103904631131,20.06577984259252,49.0,59.13600000000003,38.21503904631128,18.0
-1,-97.88494103472262,18.74902761111105,53.0,65.56800000000001,32.3169410347226,18.0
-1,-85.58225961709488,12.403552481481473,40.0,53.95200000000002,31.630259617094865,16.0
-1,-100.87410885544514,19.236886824074013,54.0,70.94400000000003,29.930108855445106,18.0
-1,-77.12850251303541,16.58476213425923,36.0,44.92800000000001,32.2005025130354,16.0
-1,-99.75173849773512,17.465990384259253,49.0,55.48800000000003,44.2637384977351,22.0
-1,-84.76384706500347,15.197121777777758,49.0,51.744000000000014,33.01984706500346,20.0
-1,-82.9995544545313,21.116037763888876,64.0,61.15200000000003,21.847554454531284,14.0
-1,-89.37628408143782,18.265871356481444,55.0,55.00800000000002,34.36828408143779,20.0
-1,-88.2045169778595,14.71469220833332,49.0,59.52000000000001,28.68451697785948,18.0
-1,-71.82286561331689,14.349522486111134,44.0,43.96800000000001,27.85486561331688,17.0
-1,-82.13872798744205,13.30552496296296,45.0,53.76000000000001,28.37872798744204,18.0
-1,-87.9779330042882,17.262271736111103,52.0,53.66400000000003,34.313933004288174,19.0
-1,-90.6359832659708,14.04783259259261,50.0,55.39200000000002,35.24398326597077,22.0
-1,-87.34582652649951,19.527929523148096,46.0,50.59200000000002,36.75382652649948,20.0
-1,-97.8244235896518,21.389298412037004,58.0,68.16000000000003,29.66442358965177,17.0
-1,-79.95252083694363,10.69956187500002,28.0,34.368,45.58452083694363,25.0
-1,-94.21837725379018,17.68655731481479,45.0,59.61600000000002,34.60237725379015,17.0
-1,-73.3276039336345,8.152430962962963,28.0,41.47200000000001,31.855603933634494,22.0
-1,-92.0631353951088,13.7183965324074,44.0,56.640000000000015,35.42313539510879,20.0
-1,-76.7546076829258,17.32668761111107,48.0,53.66400000000001,23.09060768292579,16.0
-1,-107.39330705789467,19.04947493981477,58.0,74.01600000000002,33.37730705789467,19.0
-1,-93.13531739755824,19.02490899074073,59.0,58.27200000000003,34.86331739755822,20.0
-1,-86.78785403573491,16.524531282407402,40.0,47.04000000000001,39.74785403573489,20.0
-1,-87.01678149391634,14.98949524999999,45.0,56.544,30.472781493916344,18.0
-1,-104.7954710276571,16.841240736111097,50.0,65.66400000000003,39.13147102765707,23.0
-1,-77.44906137896149,16.520777694444423,41.0,47.13600000000001,30.31306137896147,19.0
-1,-88.37895914496688,15.26031149074072,45.0,60.96000000000003,27.41895914496685,17.0
-1,-78.30905974822684,13.348683273148144,37.0,53.664000000000016,24.645059748226828,13.0
-1,-72.84493610946086,15.618961435185176,42.0,44.73600000000002,28.10893610946085,19.0
-1,-88.27744967850496,15.200094009259244,45.0,61.632000000000026,26.64544967850494,14.0
-1,-87.3573744048016,19.619522824074046,55.0,61.82400000000002,25.533374404801588,15.0
-1,-77.9291158587917,21.97513560648148,53.0,54.81600000000001,23.113115858791687,14.0
-1,-75.33270743558631,13.262377717592596,39.0,48.960000000000015,26.372707435586307,17.0
-1,-96.21489889994672,26.78839585185176,72.0,71.13600000000002,25.07889889994669,18.0
-1,-72.11985256804982,14.082077236111092,44.0,47.52,24.59985256804981,16.0
-1,-85.03510350733639,19.31984167592589,52.0,66.04800000000003,18.987103507336357,13.0
-1,-94.5397314956793,14.99853503703702,55.0,64.41600000000004,30.123731495679262,17.0
-1,-84.81708070345186,19.36497647222218,48.0,54.91200000000002,29.905080703451848,17.0
-1,-75.11213765117868,11.733161134259277,33.0,41.66400000000001,33.44813765117868,20.0
-1,-72.04313059277948,13.97552340740741,43.0,46.84800000000001,25.19513059277946,19.0
-1,-95.8408294135656,14.638161143518518,44.0,53.376000000000026,42.4648294135656,20.0
-1,-96.78564011748983,13.65982975462963,51.0,65.37600000000002,31.409640117489825,19.0
-1,-98.01033612936388,17.73533239351849,47.0,55.58400000000002,42.426336129363854,21.0
-1,-86.01706772081134,16.63980460648148,45.0,47.808000000000014,38.209067720811326,20.0
-1,-90.11190119170882,17.06587375925927,47.0,57.79200000000002,32.319901191708794,20.0
-1,-106.7547002140462,16.716175185185165,42.0,51.07200000000001,55.682700214046186,25.0
-1,-73.31651977155569,15.218380467592583,37.0,46.944,26.372519771555687,14.0
-1,-86.54738588159258,16.353197662037022,49.0,54.72000000000001,31.82738588159256,20.0
-1,-92.8545510944434,20.00565887499993,52.0,57.312000000000026,35.542551094443375,23.0
-1,-86.62229478872767,16.035846087962952,46.0,52.03200000000001,34.59029478872766,20.0
