-1,-1468.3055102308035,146.41997669444456,211.0,77.27999999999967,1391.0255102308038,30.0
-1,-553.1989863772257,87.23818933796284,243.0,165.31200000000018,387.8869863772255,29.0
-1,-634.4602014255133,102.7829958935184,259.0,179.71200000000005,454.7482014255132,30.0
-1,-599.663113208672,79.22272292592581,223.0,175.20000000000002,424.463113208672,30.0
-1,-856.1389605529921,94.75298176851862,270.0,215.9040000000001,640.234960552992,30.0
-1,-666.8045991754902,90.17630938425926,261.0,197.76,469.0445991754903,30.0
-1,-562.6105330182035,73.24128023611118,222.0,177.60000000000005,385.0105330182034,30.0
-1,-727.0331970912895,102.52672523611108,260.0,200.1600000000002,526.8731970912893,30.0
-1,-732.7485046091925,95.86252599537032,270.0,182.97600000000003,549.7725046091925,30.0
-1,-672.0077677650868,81.91265224074078,248.0,188.6400000000002,483.3677677650866,29.0
-1,-514.8129590460514,68.2855615972223,236.0,196.2240000000001,318.5889590460514,27.0
-1,-557.0989759936916,104.47694847222223,254.0,184.51200000000023,372.5869759936914,29.0
-1,-573.6194310334344,81.7393566157408,250.0,195.74400000000003,377.8754310334343,30.0
-1,-491.0172022949654,61.17297345370369,221.0,185.08800000000005,305.92920229496536,26.0
-1,-442.0009895744268,69.46680582407406,238.0,191.8080000000001,250.19298957442663,29.0
-1,-444.9790278532396,72.22036847222228,219.0,170.30399999999997,274.6750278532396,28.0
-1,-604.828041099769,71.86694260185202,231.0,191.99999999999997,412.8280410997692,28.0
-1,-548.9075048717713,66.83457595370375,225.0,192.768,356.1395048717713,29.0
-1,-596.4594041712979,83.00744741666652,227.0,174.33600000000015,422.12340417129775,28.0
-1,-599.3115474465768,76.88773490277784,245.0,209.85600000000008,389.4555474465767,30.0
-1,-511.261254864878,96.4122786712964,251.0,205.8240000000001,305.4372548648779,30.0
-1,-755.262372096116,83.36510593981481,273.0,257.7600000000001,497.5023720961159,30.0
-1,-535.4984922231146,67.25659977314834,234.0,214.17600000000007,321.3224922231145,29.0
-1,-585.1328702551522,71.2418791157408,220.0,228.0000000000002,357.132870255152,27.0
-1,-571.244422149827,94.6836249861112,256.0,241.6320000000002,329.6124221498267,29.0
-1,-304.8637375887125,50.508889319444535,193.0,160.03200000000012,144.83173758871243,25.0
-1,-307.00006082408333,59.64712019907408,197.0,169.24800000000016,137.75206082408317,25.0
-1,-546.149186688613,55.76479437500008,233.0,206.11200000000017,340.0371866886128,30.0
-1,-384.7187370610322,52.332010800926,182.0,177.88800000000006,206.83073706103215,26.0
-1,-460.7746659719709,62.80075618518522,217.0,166.84800000000016,293.92666597197075,27.0
-1,-263.5453484518285,45.49553889351856,179.0,170.49600000000015,93.04934845182837,25.0
-1,-464.72908511296,60.136962504629786,221.0,210.24000000000012,254.4890851129598,24.0
-1,-293.3186170749211,40.07447632407403,199.0,174.9120000000001,118.40661707492106,27.0
-1,-297.35274637838745,42.02927349074071,185.0,150.04800000000012,147.3047463783873,29.0
-1,-430.6815985428077,61.80107417129638,223.0,204.0000000000001,226.6815985428076,27.0
-1,-295.195219956438,48.64661047222229,181.0,156.9600000000001,138.23521995643793,28.0
-1,-255.25285265361327,35.79544143981484,193.0,174.24000000000007,81.01285265361321,25.0
-1,-371.11935586051817,62.514182731481576,215.0,180.00000000000006,191.1193558605181,24.0
-1,-362.1713391288741,56.85885983333345,225.0,215.71200000000024,146.45933912887386,28.0
-1,-321.32073904493257,51.9886125972223,176.0,170.9760000000001,150.34473904493245,25.0
-1,-328.4090267108078,53.89689730092604,197.0,174.7200000000001,153.68902671080764,23.0
-1,-228.0546411736942,43.33587772685189,184.0,163.00799999999998,65.04664117369421,23.0
-1,-204.3222244564865,31.851850157407394,183.0,146.97600000000008,57.346224456486425,22.0
-1,-396.6145309401071,49.69406543518523,182.0,165.88800000000012,230.726530940107,28.0
-1,-226.17049534725916,29.874603013888883,177.0,174.14400000000003,52.0264953472591,19.0
-1,-363.7614801402644,55.00050236111122,208.0,202.84800000000007,160.9134801402643,23.0
-1,-203.33848041917105,31.468261550925924,155.0,153.21600000000004,50.122480419171005,18.0
-1,-291.47584979025874,41.887110657407405,174.0,193.24800000000013,98.22784979025865,24.0
-1,-213.65870331912575,29.82998966203705,160.0,152.544,61.11470331912575,24.0
-1,-259.5075281789038,38.20836983333333,156.0,165.50400000000008,94.00352817890372,19.0
-1,-235.1439513530641,21.69756847222221,194.0,195.74400000000017,39.39995135306392,19.0
-1,-216.89080899935604,35.279589337963,171.0,152.73600000000002,64.15480899935602,23.0
-1,-310.7146571631544,52.610721773148285,212.0,218.016,92.69865716315437,25.0
-1,-272.6276916607692,32.66916867129628,185.0,185.08800000000008,87.53969166076904,26.0
-1,-271.5377099464748,31.31252670833337,195.0,197.4720000000001,74.06570994647467,26.0
-1,-218.9875762641112,49.33317652777774,152.0,109.4399999999999,109.54757626411126,26.0
-1,-283.85232798599844,52.78477591203713,188.0,190.17600000000013,93.6763279859983,21.0
-1,-237.6389262905595,39.778996250000056,188.0,182.01600000000005,55.62292629055947,20.0
-1,-207.1159766701612,43.89273959259266,168.0,138.52800000000005,68.58797667016118,22.0
-1,-213.512663042254,39.23961265740746,185.0,177.69600000000017,35.81666304225378,17.0
-1,-220.120282121556,39.00321652777779,146.0,155.13600000000002,64.98428212155598,20.0
-1,-189.1069752112456,29.318344888888905,138.0,127.29600000000008,61.81097521124549,18.0
-1,-210.34469640858737,24.313893361111123,179.0,170.304,40.04069640858736,20.0
-1,-232.67102322416275,33.62605166666668,151.0,169.44000000000014,63.23102322416263,21.0
-1,-196.1817902848622,29.6687730509259,153.0,152.25600000000009,43.9257902848621,16.0
-1,-223.38923122455785,27.4008994074074,171.0,176.25600000000003,47.133231224557775,20.0
-1,-212.02171773601964,45.01622755092596,170.0,149.472,62.54971773601963,19.0
-1,-192.84359737298456,21.29699570370368,169.0,158.592,34.25159737298454,18.0
-1,-221.2780916525723,32.737883097222195,147.0,166.75200000000004,54.52609165257227,20.0
-1,-191.501424443738,26.429084657407437,141.0,145.92,45.58142444373797,19.0
-1,-181.245146226871,31.11039478240737,151.0,140.44800000000004,40.79714622687095,18.0
-1,-214.36998634578327,38.08945441666667,177.0,167.4240000000001,46.94598634578319,17.0
-1,-198.61569225951573,29.77630848611108,151.0,145.44000000000003,53.17569225951569,21.0
-1,-166.14050586835927,22.94650198148145,134.0,133.63200000000003,32.50850586835923,15.0
-1,-175.9494004675342,24.006157606481416,150.0,122.87999999999998,53.06940046753421,23.0
-1,-196.76912129916488,26.88883614814813,152.0,163.58400000000003,33.18512129916484,17.0
-1,-192.5238169668031,27.479437870370347,169.0,146.88000000000002,45.64381696680309,22.0
-1,-173.5656748717361,33.20627381018518,120.0,117.60000000000004,55.965674871736056,21.0
-1,-150.3482533838238,22.165033106481463,114.0,115.77600000000008,34.57225338382372,17.0
-1,-172.01021739569552,31.853624361111137,128.0,120.67199999999995,51.33821739569558,21.0
-1,-152.31504190082734,28.74553299537038,101.0,97.05600000000004,55.25904190082728,22.0
-1,-166.81351819794483,21.52424250925922,130.0,135.74399999999997,31.06951819794485,18.0
-1,-156.45605998943785,24.059104421296297,110.0,105.21600000000002,51.24005998943784,20.0
-1,-161.25922990960777,28.189890388888845,108.0,97.056,64.20322990960776,27.0
-1,-182.47035763519003,21.31426575,145.0,146.11200000000005,36.35835763518998,20.0
-1,-166.48750607278154,20.472501967592585,126.0,131.52000000000004,34.9675060727815,19.0
-1,-217.1762046765872,19.38997267129629,166.0,188.16000000000008,29.016204676587083,15.0
-1,-161.7773328099156,33.63971419907405,114.0,109.05600000000008,52.72133280991553,20.0
-1,-161.88973668796115,21.743460249999977,108.0,107.80800000000006,54.08173668796107,23.0
-1,-140.08345928469168,23.63353453703705,93.0,95.42400000000004,44.65945928469166,19.0
-1,-154.86103633559804,21.03334786111108,111.0,117.02400000000004,37.837036335598,20.0
-1,-168.0773802634746,21.753901287037024,126.0,131.71200000000005,36.36538026347456,21.0
-1,-168.43703519362387,24.209371407407392,111.0,107.80800000000004,60.62903519362384,23.0
-1,-161.42943857330448,29.88237920833331,129.0,121.82400000000004,39.60543857330445,17.0
-1,-161.3933686877786,23.194823791666668,123.0,128.73600000000002,32.65736868777859,16.0
-1,-177.5422862398844,28.28139224537035,90.0,101.85600000000008,75.68628623988434,23.0
-1,-134.95065607015923,24.135386143518517,82.0,83.42400000000002,51.52665607015923,19.0
-1,-134.82274333048204,26.543071124999933,85.0,79.10400000000004,55.71874333048199,21.0
-1,-139.256079060881,19.423820874999983,84.0,91.77600000000002,47.48007906088099,20.0
-1,-134.55480220320496,20.13740444907404,111.0,103.20000000000005,31.35480220320492,16.0
-1,-133.93087877048993,24.71970180092589,80.0,77.37600000000005,56.55487877048988,23.0
-1,-186.9800051514553,33.614702143518464,104.0,108.28800000000004,78.6920051514552,26.0
-1,-145.2360997993313,22.332248245370344,97.0,96.57600000000002,48.66009979933127,24.0
-1,-138.39225462537826,24.37092974074064,77.0,88.22400000000005,50.16825462537821,19.0
-1,-125.78543518730392,22.71719213425924,90.0,89.56800000000004,36.21743518730389,15.0
-1,-128.33242871746745,23.5724632546296,89.0,79.87200000000001,48.46042871746744,23.0
-1,-142.8876813444241,27.820581379629598,84.0,82.94400000000003,59.94368134442405,18.0
-1,-112.95270393636916,21.724780254629582,81.0,78.52800000000002,34.42470393636914,19.0
-1,-167.54227757452043,21.784768962962914,88.0,106.36800000000004,61.17427757452039,21.0
-1,-143.82378746565192,23.411832351851825,76.0,77.85600000000002,65.9677874656519,23.0
-1,-126.61995083876512,25.282950245370294,89.0,84.48000000000002,42.1399508387651,20.0
-1,-140.39812632310506,24.655380699074005,91.0,81.69600000000005,58.702126323105,23.0
-1,-128.75557341684512,17.000049662037018,76.0,85.24800000000003,43.5075734168451,22.0
-1,-126.57307708074616,22.159534361111053,87.0,79.58400000000003,46.98907708074615,18.0
-1,-197.3294263535196,27.98760636574069,101.0,130.5600000000001,66.76942635351948,17.0
-1,-148.6635193955132,22.42787645370365,117.0,119.90400000000008,28.75951939551312,16.0
-1,-129.88974996915462,16.198078990740708,75.0,80.44800000000002,49.44174996915459,26.0
-1,-132.1542128637497,21.694499972222136,79.0,87.93600000000002,44.218212863749685,22.0
-1,-125.83767194886283,23.02606055555547,94.0,84.28800000000001,41.549671948862816,22.0
-1,-134.47740658768134,18.309080027777707,56.0,59.23200000000003,75.24540658768133,23.0
-1,-154.10252411307198,19.3402744768518,78.0,79.77600000000002,74.32652411307195,24.0
-1,-119.69478048085092,18.226241717592572,82.0,85.53600000000002,34.15878048085089,18.0
-1,-225.55371862670387,41.82165326388908,115.0,127.48800000000004,98.06571862670384,23.0
-1,-136.63495655029868,22.014452444444384,76.0,74.11200000000001,62.52295655029869,22.0
-1,-147.13245741011505,22.58901765740737,96.0,94.176,52.95645741011505,24.0
-1,-176.94257739506298,25.973381541666647,84.0,91.87200000000004,85.07057739506293,25.0
-1,-176.85498044477893,19.52492487499993,100.0,124.99200000000005,51.86298044477888,23.0
-1,-114.77008332977007,20.09268851851845,53.0,56.160000000000025,58.610083329770056,20.0
-1,-122.0066479555044,18.34676974074069,52.0,55.00800000000002,66.99864795550438,24.0
-1,-161.28486062208424,24.237892449074003,93.0,106.46400000000008,54.82086062208417,22.0
-1,-180.5644153335674,17.35609377777775,97.0,130.08000000000007,50.48441533356733,20.0
-1,-161.71529690960915,21.92336088888881,79.0,79.48800000000003,82.22729690960912,28.0
-1,-111.49122024982222,14.772577356481486,68.0,70.17600000000002,41.3152202498222,20.0
-1,-158.85044983583123,26.024092351851756,92.0,96.96000000000004,61.89044983583118,23.0
-1,-134.77594055510335,16.778246504629617,79.0,91.68000000000006,43.09594055510328,23.0
-1,-139.36180498697178,18.431762731481463,73.0,86.20800000000003,53.15380498697175,20.0
-1,-142.91515076471353,21.36975349537027,70.0,80.16000000000004,62.7551507647135,22.0
-1,-158.063113913714,25.24231748148144,75.0,88.12800000000004,69.93511391371396,21.0
-1,-114.75292038628984,21.12549256481477,82.0,85.536,29.216920386289825,17.0
-1,-137.84733053171954,18.64424863888885,58.0,66.04800000000002,71.7993305317195,24.0
-1,-129.25004789293922,18.700415569444424,78.0,87.16800000000003,42.08204789293917,19.0
-1,-148.17915873016238,17.02226532870367,74.0,81.02400000000003,67.15515873016237,24.0
-1,-122.75858370713584,20.33149340277773,63.0,64.22400000000002,58.53458370713581,24.0
-1,-154.1697512598496,17.39428136111111,77.0,102.24000000000004,51.929751259849546,20.0
-1,-136.9173085601145,12.834691412037046,84.0,109.34400000000008,27.573308560114416,14.0
-1,-169.47512996587756,25.12081153240739,82.0,90.72000000000004,78.75512996587754,23.0
-1,-147.15183846193383,33.32061048148144,99.0,85.82400000000001,61.32783846193381,19.0
-1,-141.37108287203898,18.944653319444363,61.0,66.33600000000001,75.03508287203897,25.0
-1,-122.9662520213525,22.79754314814812,61.0,63.36000000000001,59.606252021352496,23.0
-1,-140.6224491333086,20.75987712962959,89.0,79.2,61.42244913330861,26.0
-1,-135.39605246707612,16.70237132407406,67.0,79.87200000000003,55.5240524670761,22.0
-1,-177.9904268747224,34.11393671759256,89.0,79.96799999999998,98.02242687472244,24.0
-1,-128.8903433529706,20.47096324999998,71.0,71.90400000000002,56.986343352970565,22.0
-1,-105.60541750929804,17.82141004629629,73.0,73.632,31.97341750929803,17.0
-1,-132.22180146961483,16.309839374999974,78.0,85.05600000000003,47.165801469614806,21.0
-1,-139.60898555900184,17.049013638888866,79.0,92.64000000000004,46.9689855590018,17.0
-1,-135.45581728669367,21.15687619907401,65.0,78.72000000000004,56.73581728669362,21.0
-1,-180.5801336564726,36.37924432870365,99.0,77.08799999999998,103.49213365647265,25.0
-1,-194.05294927373848,29.56441280555549,90.0,103.39200000000004,90.6609492737384,24.0
-1,-163.41836452653058,17.74204858333328,72.0,93.50400000000006,69.9143645265305,25.0
-1,-120.68654513660462,12.802141657407397,70.0,89.47200000000005,31.214545136604567,19.0
-1,-150.89089257990315,19.44783476388883,72.0,96.76800000000006,54.1228925799031,20.0
-1,-134.9224525312183,16.22191113888888,71.0,83.42400000000004,51.49845253121829,23.0
-1,-148.2878425499884,15.208574472222192,92.0,97.72800000000004,50.559842549988346,22.0
-1,-129.56199319775163,23.21499191203695,78.0,85.15200000000004,44.4099931977516,17.0
-1,-319.24107954092585,24.74340600925919,158.0,246.52800000000016,72.71307954092568,23.0
-1,-116.45308364908342,12.228703296296292,69.0,83.32800000000003,33.12508364908339,18.0
-1,-182.8557754320969,16.52945932407409,89.0,97.63200000000003,85.22377543209687,25.0
-1,-131.19119506242183,14.531281226851828,72.0,83.23200000000001,47.95919506242184,24.0
-1,-112.14688321842851,18.0653445972222,66.0,69.31200000000003,42.8348832184285,19.0
-1,-176.3315767499576,23.44262346759258,80.0,81.12000000000005,95.21157674995756,23.0
-1,-118.2204086917958,15.568811388888845,67.0,70.84800000000001,47.37240869179578,23.0
-1,-163.2300208156039,17.123309652777767,106.0,117.69600000000004,45.5340208156038,20.0
-1,-206.791987874628,22.4371547824074,140.0,144.672,62.119987874628,21.0
-1,-123.76699970131136,15.657520837962956,61.0,73.05600000000003,50.71099970131132,24.0
-1,-135.08429578504004,15.859065851851833,63.0,71.32800000000003,63.75629578504001,23.0
-1,-236.53992791791825,19.492420768518443,114.0,153.98400000000004,82.55592791791818,24.0
-1,-146.13542950746694,21.179977273148108,74.0,83.90400000000004,62.231429507466885,18.0
-1,-310.9758287682199,14.459444365740724,120.0,220.89600000000016,90.07982876821978,26.0
-1,-109.05964472675724,19.40343819444441,59.0,66.14400000000002,42.91564472675722,16.0
-1,-100.28445641750804,19.68274252314812,65.0,57.12000000000003,43.16445641750801,20.0
-1,-193.74607189488304,20.1200426898148,99.0,133.05600000000007,60.69007189488296,19.0
-1,-140.95632273802505,18.20065097685179,66.0,76.99200000000003,63.96432273802503,23.0
-1,-126.13028421275057,23.009422444444343,62.0,67.39200000000002,58.73828421275052,19.0
-1,-108.82720517989142,15.268657773148137,51.0,66.52800000000003,42.29920517989139,22.0
-1,-141.69938732693538,14.708648842592568,79.0,100.60800000000006,41.09138732693531,20.0
-1,-110.42387334047456,10.643868268518512,55.0,73.92000000000003,36.50387334047452,16.0
-1,-138.39487173871206,21.505696513888783,58.0,77.08800000000004,61.30687173871202,20.0
-1,-143.08351174136075,15.558311453703684,73.0,97.82400000000004,45.25951174136069,20.0
-1,-132.4051565702224,19.5870006249999,68.0,91.20000000000005,41.20515657022237,15.0
-1,-127.04158828544242,20.210103675925875,64.0,69.50400000000002,57.5375882854424,21.0
-1,-128.8416216541318,18.81762999537029,78.0,87.55200000000004,41.28962165413176,21.0
-1,-103.97479035954804,11.774693310185166,51.0,62.59200000000003,41.38279035954803,22.0
-1,-139.54120761393477,17.82147056944439,59.0,69.69600000000003,69.84520761393473,24.0
-1,-149.56599767330255,23.740725842592564,92.0,104.64000000000004,44.9259976733025,16.0
-1,-138.0871700581607,14.755007972222208,73.0,81.60000000000001,56.487170058160686,20.0
-1,-142.07479471868527,17.321750430555518,54.0,73.24800000000003,68.82679471868522,22.0
-1,-207.1746589714914,21.50537252777771,99.0,124.03200000000008,83.14265897149131,25.0
-1,-96.90551463831936,19.36797723611109,54.0,59.712000000000025,37.19351463831936,16.0
-1,-116.3966524532229,22.830236921296216,66.0,69.40800000000003,46.98865245322287,21.0
-1,-234.76539942749108,22.39056173611105,111.0,162.2400000000001,72.52539942749098,24.0
-1,-128.00014290911756,19.43930515277768,71.0,78.72000000000003,49.28014290911753,22.0
-1,-112.35498054916768,23.79348899074069,74.0,66.816,45.53898054916768,19.0
-1,-154.30138633349128,21.608916240740676,97.0,107.23200000000006,47.06938633349123,20.0
-1,-200.7866379690605,16.794565921296257,86.0,124.41600000000008,76.37063796906045,24.0
-1,-191.17455308985825,17.64102106018513,73.0,116.54400000000008,74.63055308985817,23.0
-1,-140.71484699175835,17.07299783796291,63.0,78.81600000000003,61.89884699175831,25.0
-1,-126.90352053716369,17.42978997222223,86.0,105.696,21.207520537163653,12.0
-1,-118.45110006401691,14.938014166666669,53.0,62.88000000000002,55.57110006401688,23.0
-1,-122.10503147236123,21.03130197222217,63.0,73.15200000000004,48.9530314723612,18.0
-1,-252.1235185661448,18.3099566527777,96.0,161.5680000000001,90.5555185661447,26.0
-1,-164.53192044189353,19.221096069444425,88.0,105.21600000000004,59.315920441893496,21.0
-1,-143.0889369360143,19.668162907407343,60.0,84.48000000000005,58.60893693601425,19.0
-1,-152.88014336360607,15.218156337962956,91.0,101.95200000000004,50.92814336360604,23.0
-1,-123.9324572958302,11.597749185185185,55.0,70.94400000000003,52.98845729583016,20.0
-1,-126.98933258403576,21.998817749999933,65.0,76.99200000000003,49.99733258403573,21.0
-1,-154.26676550690823,16.058404462962947,67.0,86.40000000000005,67.86676550690818,22.0
-1,-123.13893059197429,13.58956347222222,57.0,51.55200000000003,71.58693059197427,24.0
-1,-116.48359125382628,18.885607166666613,80.0,81.792,34.69159125382629,17.0
-1,-143.2688758254161,20.827777407407403,108.0,117.69600000000004,25.57287582541607,10.0
-1,-117.0876032878959,19.91744200925924,64.0,79.68000000000004,37.40760328789587,14.0
-1,-149.6833595227073,17.316801814814752,65.0,75.16800000000005,74.51535952270726,24.0
-1,-118.39734526936216,15.846641703703703,44.0,51.55200000000002,66.84534526936214,23.0
-1,-193.23472940218068,17.316674935185144,94.0,127.77600000000008,65.45872940218058,18.0
-1,-133.88461037542987,17.908797675925907,68.0,70.46400000000001,63.420610375429845,22.0
-1,-236.39018247889072,18.80414997222215,101.0,157.63200000000006,78.75818247889066,25.0
-1,-136.36425775859502,19.12960673611108,83.0,97.82400000000004,38.540257758594976,19.0
-1,-118.46963153116548,16.952502180555562,84.0,86.592,31.87763153116547,13.0
-1,-217.97464468129652,20.15806548611104,98.0,148.8000000000001,69.17464468129646,23.0
-1,-132.95079841602566,19.616703893518444,68.0,62.78400000000003,70.16679841602563,24.0
-1,-208.57602894002463,17.05790090740738,115.0,165.12000000000006,43.45602894002459,15.0
-1,-110.93922658557118,17.65627319444437,48.0,60.57600000000003,50.36322658557115,19.0
-1,-215.6965869658117,17.967998976851828,87.0,115.29600000000006,100.40058696581168,26.0
-1,-181.87949178603972,19.176291240740653,78.0,108.38400000000009,73.49549178603966,23.0
-1,-106.7663248708873,19.846212699074037,55.0,63.840000000000025,42.926324870887285,20.0
-1,-177.58065880204535,18.83501707870365,88.0,123.26400000000008,54.31665880204528,19.0
-1,-149.27273229740496,16.289323550925875,60.0,77.37600000000003,71.89673229740491,24.0
-1,-151.167560179518,19.413280694444367,62.0,88.89600000000004,62.27156017951797,19.0
-1,-131.9217335851033,14.27459001388887,60.0,65.18400000000003,66.73773358510327,24.0
-1,-126.19637771002778,19.179774254629564,63.0,66.33600000000003,59.86037771002776,23.0
-1,-170.23208947053143,30.336907782407373,80.0,76.12800000000006,94.10408947053136,27.0
-1,-156.95466397878283,20.672666537036964,65.0,83.32800000000005,73.6266639787828,23.0
-1,-139.0920739178074,19.462151754629595,63.0,74.68800000000003,64.40407391780738,22.0
-1,-165.93427085782025,19.240033995370325,77.0,88.51200000000004,77.42227085782022,24.0
-1,-122.45744519058452,17.769735199073995,61.0,73.72800000000004,48.72944519058447,20.0
-1,-145.6050305709106,15.34963786111108,76.0,95.32800000000006,50.27703057091055,20.0
-1,-138.43583635307837,18.785381152777717,63.0,81.69600000000004,56.73983635307833,22.0
-1,-187.2501535783933,15.515896208333318,79.0,113.56800000000008,73.68215357839327,24.0
-1,-188.3599757485644,28.406972643518447,82.0,93.69600000000004,94.66397574856435,27.0
-1,-137.4439612049971,30.32820399537032,84.0,83.80800000000004,53.635961204997066,17.0
-1,-127.19245493635827,18.900780328703668,65.0,68.83200000000004,58.36045493635825,22.0
-1,-177.9191210628016,19.06185296759252,87.0,102.91200000000008,75.0071210628015,23.0
-1,-109.41289019046064,17.7132707962963,68.0,80.06400000000002,29.348890190460608,17.0
-1,-104.67306471040274,13.543748768518538,75.0,71.61600000000003,33.05706471040271,19.0
-1,-112.71677662072392,15.60973640277776,48.0,61.44000000000002,51.27677662072389,22.0
-1,-141.95105202858605,21.748022138888786,77.0,90.43200000000004,51.51905202858603,22.0
-1,-116.92916070900904,17.673921523148103,59.0,66.91200000000002,50.01716070900903,23.0
-1,-106.92305162591568,21.556236217592563,58.0,66.24000000000001,40.68305162591569,18.0
-1,-122.73635905928604,16.615494185185156,60.0,73.72800000000004,49.00835905928599,18.0
-1,-137.91877436736405,17.23127578240737,55.0,65.18400000000003,72.73477436736403,24.0
-1,-147.50451620571368,18.846665462962864,65.0,89.08800000000005,58.41651620571363,21.0
-1,-117.15131514076684,19.483501708333275,57.0,53.95200000000003,63.19931514076683,20.0
-1,-108.43794012732776,14.538583601851869,51.0,59.13600000000001,49.30194012732775,21.0
-1,-98.49945979732536,21.016106314814817,52.0,53.184000000000026,45.31545979732535,19.0
-1,-169.96142282692404,19.05689177777773,81.0,100.03200000000008,69.92942282692395,21.0
-1,-121.29822500620458,14.401404143518514,67.0,79.68000000000004,41.61822500620453,19.0
-1,-138.03023812563595,18.458425328703647,64.0,79.48800000000003,58.54223812563592,21.0
-1,-103.96963820013922,14.67767794907407,54.0,65.28000000000003,38.68963820013919,18.0
-1,-136.2942185956336,17.650268430555496,71.0,81.40800000000006,54.88621859563354,21.0
-1,-111.59681223881653,16.063627254629598,52.0,62.49600000000003,49.10081223881649,24.0
-1,-107.68467789661908,21.13008806481473,50.0,57.21600000000002,50.46867789661906,19.0
-1,-146.54466852210277,16.608139592592554,64.0,78.62400000000004,67.92066852210274,23.0
-1,-132.44879359146583,17.840318907407333,69.0,84.09600000000002,48.35279359146582,18.0
-1,-188.34268420830023,19.085477995370283,75.0,115.87200000000009,72.47068420830017,22.0
-1,-127.99636794613576,22.013903597222196,65.0,69.69600000000004,58.30036794613572,16.0
-1,-156.33304428247806,21.255734046296173,78.0,86.20800000000003,70.12504428247803,25.0
-1,-169.30429408745275,16.950195398148114,68.0,97.05600000000004,72.2482940874527,24.0
-1,-114.09943702938652,19.252557546296263,63.0,59.42400000000003,54.67543702938649,18.0
-1,-114.6389356940068,12.7901881574074,36.0,45.21600000000001,69.42293569400678,23.0
-1,-129.93442739341862,14.965844759259245,66.0,81.69600000000003,48.23842739341861,18.0
-1,-129.12973317404774,20.584379189814705,67.0,75.45600000000003,53.67373317404772,20.0
-1,-115.36704374351044,15.638657231481467,59.0,67.10400000000003,48.26304374351041,20.0
-1,-111.76849060150056,19.32984039814811,70.0,67.87200000000001,43.89649060150055,21.0
-1,-157.0871867149802,30.774982949074055,81.0,69.79199999999999,87.29518671498019,22.0
-1,-136.34975260020877,16.083095157407396,55.0,67.39200000000002,68.95775260020876,24.0
-1,-118.3499048160643,12.464565694444437,56.0,67.48800000000003,50.86190481606427,21.0
-1,-185.1158957674756,18.47236938888885,87.0,118.36800000000004,66.74789576747555,22.0
-1,-101.13041166193622,21.504958175925932,57.0,55.29600000000002,45.8344116619362,18.0
-1,-108.41722825575688,20.92484138425922,51.0,56.928000000000026,51.489228255756856,20.0
-1,-154.89511156180987,18.03439919444437,72.0,90.24000000000004,64.65511156180983,22.0
-1,-134.01915115582548,15.14708633796294,70.0,78.62400000000002,55.39515115582547,24.0
-1,-111.28779296038869,17.93411663425924,68.0,64.80000000000003,46.48779296038866,18.0
-1,-108.30043301572128,16.699689185185154,38.0,45.024000000000015,63.276433015721246,21.0
-1,-112.60897372248652,20.209450212962874,66.0,64.22400000000002,48.38497372248651,19.0
-1,-130.15856279086336,16.9603597222222,72.0,76.70400000000002,53.45456279086332,23.0
-1,-135.56750493282027,16.426077675925903,70.0,96.19200000000004,39.37550493282025,16.0
-1,-182.4390644245389,20.54238704629619,90.0,108.19200000000004,74.24706442453889,23.0
-1,-140.57919555913165,19.2841210277777,77.0,79.10400000000003,61.47519555913161,23.0
-1,-123.3282052018622,19.76337156944441,79.0,92.06400000000004,31.26420520186215,16.0
-1,-111.793455337528,19.142885009259253,81.0,92.06400000000004,19.729455337527973,12.0
-1,-146.71777702030187,14.744231509259263,75.0,93.31200000000004,53.40577702030181,20.0
-1,-100.74350545431608,13.595483027777783,56.0,66.81600000000003,33.92750545431605,20.0
-1,-145.95340672093488,18.686831444444408,79.0,92.44800000000004,53.50540672093484,20.0
-1,-136.22996410125023,18.01696796296292,61.0,76.60800000000003,59.62196410125019,20.0
-1,-139.11858539269468,20.9229866759259,65.0,65.85600000000004,73.26258539269466,21.0
-1,-109.01418308655109,23.3178915972221,54.0,56.64000000000002,52.37418308655104,19.0
-1,-126.61669368553753,16.727645814814792,64.0,67.20000000000003,59.416693685537496,26.0
-1,-124.12894065038782,19.634946060185136,59.0,63.36000000000003,60.7689406503878,20.0
-1,-234.70444990139333,26.91259496759253,113.0,129.9840000000001,104.72044990139328,23.0
-1,-132.37259057470828,31.115203407407428,69.0,61.82400000000001,70.54859057470827,20.0
-1,-152.5202359660567,16.473617805555556,68.0,91.48800000000006,61.03223596605663,23.0
-1,-136.06793883322695,20.359141851851785,66.0,80.16000000000004,55.90793883322692,21.0
-1,-133.17593240387652,21.352809574073987,59.0,74.88000000000004,58.29593240387646,21.0
-1,-119.8080102221444,12.53911724537036,40.0,49.63200000000001,70.17601022214438,22.0
-1,-104.46888484345796,15.094166592592572,46.0,52.032000000000025,52.43688484345795,21.0
-1,-127.75838413036983,16.985558569444407,57.0,67.39200000000001,60.36638413036984,23.0
-1,-111.7849871843754,12.409937699074115,48.0,65.08800000000001,46.69698718437539,21.0
-1,-164.26683175956475,15.962586768518523,59.0,79.58400000000005,84.68283175956469,26.0
-1,-106.41786474080348,15.11607340277777,51.0,52.60800000000002,53.80986474080346,23.0
-1,-131.84408340119677,18.296383824074017,53.0,67.29600000000003,64.54808340119675,23.0
-1,-121.78862776061727,19.395086990740715,74.0,80.16000000000004,41.628627760617256,14.0
-1,-121.91708014159178,17.18032300462962,48.0,61.92000000000002,59.997080141591766,21.0
-1,-168.93601161340058,16.137479611111097,70.0,113.66400000000009,55.272011613400494,20.0
-1,-260.6493374026885,25.0571496064814,110.0,163.39200000000008,97.2573374026884,27.0
-1,-170.77209073585726,18.34470060185178,70.0,86.20800000000004,84.5640907358572,26.0
-1,-155.95514512491502,18.845342458333285,77.0,88.89600000000004,67.05914512491496,22.0
-1,-127.7015040843988,16.06015004166666,55.0,63.36000000000003,64.34150408439876,23.0
-1,-117.6014178669656,14.052107032407372,60.0,72.38400000000004,45.21741786696554,23.0
-1,-117.41495367618752,12.964835958333328,59.0,74.11200000000002,43.30295367618749,18.0
-1,-120.18100236679363,20.8268331018518,67.0,82.17600000000004,38.00500236679361,17.0
-1,-120.54176286153626,13.4837184675926,63.0,68.83200000000002,51.70976286153624,20.0
-1,-132.8394961311937,21.76362806944439,54.0,68.73600000000002,64.10349613119367,20.0
-1,-205.28181555552456,24.87787846759249,90.0,126.4320000000001,78.84981555552446,22.0
-1,-126.34853434958904,19.00394461574068,56.0,72.00000000000003,54.34853434958901,20.0
-1,-145.32182628541295,16.604692587962923,85.0,112.03200000000008,33.28982628541288,15.0
-1,-155.69887398710577,23.261611995370263,76.0,96.19200000000004,59.50687398710572,20.0
-1,-145.71777369924882,17.335534749999958,58.0,78.24000000000004,67.47777369924877,24.0
-1,-117.37764545081384,18.793848578703702,56.0,64.41600000000001,52.96164545081383,18.0
-1,-162.74340438874827,16.987476060185173,110.0,133.15200000000004,29.591404388748245,14.0
-1,-166.95773996785204,30.87850662499997,96.0,93.79200000000002,73.16573996785203,21.0
-1,-120.5771293978104,18.690195240740664,70.0,73.92000000000003,46.657129397810365,18.0
-1,-105.31291969547551,11.736436379629644,44.0,48.48000000000001,56.8329196954755,26.0
-1,-123.7196651507748,17.743629273148127,66.0,76.99200000000003,46.72766515077477,18.0
-1,-115.39606478454766,13.66563200925925,54.0,59.712000000000025,55.68406478454764,24.0
-1,-132.49736414575153,19.01112367592585,48.0,62.88000000000002,69.61736414575151,22.0
-1,-171.4439517709713,25.060360958333327,91.0,108.57600000000004,62.86795177097128,21.0
-1,-115.98000687188966,14.943371583333349,52.0,67.29600000000002,48.68400687188964,21.0
-1,-123.96297552247128,12.532391171296313,47.0,57.69600000000002,66.26697552247127,26.0
-1,-106.63140736402516,17.19495159259259,49.0,46.08000000000002,60.55140736402515,22.0
-1,-132.195120134506,18.17548383796294,57.0,67.48800000000004,64.70712013450597,21.0
-1,-118.97386330932513,19.666720879629587,51.0,69.31200000000003,49.661863309325085,18.0
-1,-142.1811789533435,19.95700064351847,74.0,83.80800000000004,58.37317895334348,21.0
-1,-98.48583634636624,18.5810205046296,44.0,45.50400000000001,52.98183634636621,19.0
-1,-122.01817987798032,18.7800060092592,52.0,59.80800000000002,62.210179877980295,23.0
-1,-132.75197039500873,18.45997220833327,73.0,70.08000000000004,62.671970395008685,22.0
-1,-150.63557536583588,17.953753342592545,65.0,81.02400000000004,69.61157536583583,25.0
-1,-119.43594665623566,17.837297777777746,55.0,57.31200000000003,62.12394665623562,21.0
-1,-122.49554219663572,16.78101356481481,97.0,83.04000000000003,39.45554219663568,19.0
-1,-132.43949896247116,21.3920647916666,67.0,75.45600000000003,56.98349896247112,20.0
-1,-117.57010644795844,16.78606352314813,50.0,52.224000000000025,65.3461064479584,24.0
-1,-135.37032942940803,16.511480245370315,59.0,75.64800000000004,59.722329429408,25.0
-1,-111.73915752958226,18.83183481018512,57.0,68.92800000000001,42.811157529582246,21.0
-1,-131.26663255006895,20.611054578703637,58.0,67.48800000000004,63.7786325500689,23.0
-1,-143.41777974351947,21.03703548611101,65.0,84.00000000000004,59.41777974351943,22.0
-1,-113.9971374468056,17.17980763425921,64.0,68.73600000000002,45.26113744680557,23.0
-1,-143.3058774639746,15.89795136111109,104.0,121.92000000000009,21.385877463974538,12.0
-1,-108.29377302686017,13.631630657407417,43.0,42.81600000000001,65.47777302686015,25.0
-1,-95.84058716561071,21.49216849999997,46.0,46.08000000000002,49.7605871656107,17.0
-1,-130.48050166231812,14.21129952777777,62.0,85.63200000000005,44.848501662318064,21.0
-1,-116.9494806056832,16.793692041666656,53.0,67.87200000000003,49.07748060568316,21.0
-1,-146.66372467752328,14.367405699074062,72.0,86.40000000000005,60.26372467752322,25.0
-1,-132.81930704616488,17.68163561111105,61.0,72.38400000000001,60.43530704616486,23.0
-1,-157.93704463646606,20.150699662036985,89.0,112.32000000000004,45.61704463646603,19.0
-1,-115.01603888296223,19.43186729166664,66.0,68.54400000000003,46.472038882962224,18.0
-1,-116.92552830026582,18.704656430555524,69.0,84.76800000000004,32.15752830026579,13.0
-1,-117.79737949543318,16.69368253240738,49.0,57.21600000000001,60.58137949543317,24.0
-1,-114.18519702499567,18.61716418518514,54.0,57.50400000000003,56.68119702499566,21.0
-1,-133.13937598601484,19.905250412036967,79.0,72.28800000000003,60.8513759860148,23.0
-1,-121.69103748139162,20.0335098194444,60.0,66.81600000000003,54.87503748139159,18.0
-1,-118.2358409354708,19.493971773148072,48.0,53.47200000000002,64.76384093547077,25.0
-1,-109.38406128622496,18.350716898148068,50.0,62.97600000000002,46.40806128622494,20.0
-1,-153.309404457322,19.97862191203695,62.0,82.08000000000004,71.22940445732195,24.0
-1,-118.65241433859543,15.433132685185178,59.0,73.63200000000002,45.02041433859543,21.0
-1,-110.10568163906238,15.584738240740728,50.0,54.91200000000002,55.19368163906236,24.0
-1,-104.7068935875008,17.297179879629592,61.0,61.63200000000003,43.07489358750077,21.0
-1,-110.690840028898,16.17383571296295,41.0,47.90400000000002,62.78684002889798,23.0
-1,-267.42981960973,21.058402203703604,99.0,176.1600000000001,91.2698196097299,29.0
-1,-131.32090575651526,15.583644425925929,85.0,74.01600000000002,57.30490575651523,23.0
-1,-123.27619004326644,21.097765217592567,64.0,66.72000000000004,56.556190043266405,22.0
-1,-117.90114261823838,17.87880981481478,74.0,90.91200000000003,26.989142618238343,12.0
-1,-145.525500038276,31.464951458333253,70.0,61.34400000000001,84.181500038276,23.0
-1,-148.18027801183305,20.76009604629625,72.0,94.46400000000006,53.716278011833,20.0
-1,-121.61899197204517,15.016336791666662,61.0,75.16800000000002,46.450991972045145,21.0
-1,-127.10426428571336,15.94004734259256,67.0,77.56800000000003,49.53626428571332,23.0
-1,-127.32375773826948,21.78064437962951,65.0,72.00000000000001,55.32375773826948,22.0
-1,-117.50440455133996,20.85742355092588,47.0,53.47200000000002,64.03240455133992,19.0
-1,-108.3364056295994,13.06998876851851,31.0,35.136,73.20040562959939,22.0
-1,-111.993770605291,14.18527249537036,64.0,64.12800000000001,47.86577060529098,21.0
-1,-140.35611906354984,31.65503826851852,82.0,79.87200000000001,60.48411906354984,17.0
-1,-177.94003973336902,20.24300320370364,76.0,107.80800000000006,70.13203973336896,23.0
-1,-115.17849528191977,22.54518397685179,56.0,60.38400000000002,54.794495281919744,22.0
-1,-138.85617635693902,18.360428578703637,68.0,82.56000000000003,56.296176356938986,21.0
-1,-119.8984408974312,18.51439122222219,48.0,51.45600000000002,68.4424408974312,23.0
-1,-136.8597633401354,15.87816972685182,83.0,93.40800000000004,43.45176334013538,22.0
-1,-100.40448938888665,17.06768443518516,51.0,54.43200000000003,45.97248938888661,19.0
-1,-143.75909563188154,22.50765068981474,57.0,74.49600000000004,69.2630956318815,21.0
-1,-108.2551730449472,15.52755109259258,65.0,69.40800000000002,38.84717304494719,16.0
-1,-126.01782192465052,18.16675840277772,50.0,58.27200000000002,67.74582192465051,25.0
-1,-103.86772008843994,13.443360541666657,69.0,76.51200000000003,27.355720088439902,15.0
-1,-99.74666632030386,16.608600263888885,37.0,33.696000000000005,66.05066632030385,25.0
-1,-141.6677606385444,26.200618574074063,68.0,69.12000000000003,72.54776063854435,21.0
-1,-117.79895007807328,20.9454078425925,56.0,50.97600000000002,66.82295007807328,23.0
-1,-130.97604641231686,15.281361949074055,69.0,76.03200000000004,54.94404641231684,21.0
-1,-110.9045772916976,17.432748740740713,39.0,45.02400000000001,65.88057729169758,19.0
-1,-185.1111564311264,18.45551039814809,80.0,104.92800000000008,80.18315643112633,26.0
-1,-135.08627990463935,19.457973212962887,61.0,72.09600000000003,62.99027990463934,21.0
-1,-106.9308272615898,18.387283745370382,72.0,79.00800000000001,27.922827261589788,17.0
-1,-176.42131702929268,23.13800211574063,82.0,111.64800000000008,64.7733170292926,21.0
-1,-129.32458943857625,14.577679166666655,61.0,76.51200000000001,52.81258943857623,20.0
-1,-137.9746972909866,17.957033958333305,64.0,77.184,60.79069729098661,24.0
-1,-131.6773565426251,20.50678817129623,56.0,71.23200000000004,60.44535654262506,21.0
-1,-97.04854166064084,22.806070689814824,73.0,73.53600000000002,23.51254166064083,12.0
-1,-135.91135556304397,24.25400714814807,67.0,76.03200000000005,59.87935556304392,19.0
-1,-128.28949764038134,20.122243962962944,79.0,84.86400000000003,43.42549764038132,17.0
-1,-127.34266264005586,17.376105453703637,63.0,77.76000000000003,49.58266264005584,23.0
-1,-134.63624813968687,19.600200976851827,83.0,98.49600000000004,36.14024813968683,18.0
-1,-160.96037327296344,15.584332689814802,63.0,85.92000000000004,75.0403732729634,25.0
-1,-125.80352872431982,15.897036874999976,60.0,70.56000000000002,55.2435287243198,23.0
-1,-133.4215422226788,15.504495009259244,75.0,95.52000000000008,37.90154222267873,15.0
-1,-113.05862693898356,15.260839634259238,58.0,57.504000000000026,55.554626938983546,25.0
-1,-127.69586645466369,13.29493855555554,76.0,96.86400000000006,30.83186645466362,16.0
-1,-106.64841379668133,13.603790500000011,68.0,74.20800000000003,32.44041379668129,14.0
-1,-99.15858707713828,12.22872056018517,66.0,70.65600000000003,28.502587077138244,18.0
-1,-131.04524659396233,19.73639216203697,63.0,63.45600000000004,67.5892465939623,24.0
-1,-110.66496510117544,16.754390550925898,43.0,45.984000000000016,64.6809651011754,23.0
-1,-114.90588276545508,15.294631537037032,69.0,61.824000000000034,53.08188276545506,21.0
-1,-135.19371004891292,16.194945046296287,69.0,76.89600000000003,58.2977100489129,23.0
-1,-119.05200091178163,16.790707893518487,49.0,52.32000000000003,66.73200091178161,24.0
-1,-121.06724242959628,23.23413851388888,57.0,55.87200000000002,65.19524242959626,21.0
-1,-139.2113204671021,15.468211453703692,71.0,90.43200000000004,48.77932046710205,19.0
-1,-100.84785172929364,14.33036727314817,58.0,63.16800000000002,37.67985172929363,19.0
-1,-123.65336943839864,14.53669948148148,56.0,66.24000000000001,57.41336943839862,25.0
-1,-161.69741179356566,17.31843043981474,70.0,92.25600000000006,69.4414117935656,23.0
-1,-111.13660915612874,17.23282983796293,57.0,69.02400000000003,42.11260915612871,18.0
-1,-121.34526402864265,16.455994662037014,69.0,69.02400000000003,52.32126402864262,21.0
-1,-128.0553416882571,16.706703412036987,55.0,62.20800000000003,65.84734168825707,27.0
-1,-183.6638487908349,21.73487646296292,69.0,103.77600000000008,79.88784879083485,25.0
-1,-99.743124557175,17.43274939351848,48.0,54.52800000000003,45.21512455717499,16.0
-1,-127.90477792555583,15.779055685185163,56.0,71.32800000000003,56.5767779255558,22.0
-1,-178.7162398304446,22.131356583333258,70.0,98.59200000000008,80.12423983044454,23.0
-1,-186.22443339007,21.899687439814755,75.0,109.34400000000008,76.88043339006992,25.0
-1,-126.43598975513946,18.047467819444417,59.0,64.12800000000003,62.30798975513943,21.0
-1,-136.59741802889502,17.463473402777755,44.0,49.63200000000001,86.96541802889502,24.0
-1,-177.44489498740074,24.768031208333248,85.0,105.02400000000006,72.42089498740069,22.0
-1,-147.65001631343262,17.18015861111109,56.0,73.92000000000003,73.73001631343257,23.0
-1,-114.7911119149419,15.6596596111111,54.0,52.032000000000025,62.75911191494187,21.0
-1,-85.62445578758229,13.910151171296306,45.0,48.672,36.95245578758228,21.0
-1,-129.25071845124975,17.41806616666662,58.0,72.48000000000003,56.77071845124972,23.0
-1,-141.09958940239122,19.35727404166663,69.0,71.32800000000003,69.77158940239119,21.0
-1,-124.90083325949026,20.024110555555517,53.0,59.32800000000003,65.57283325949022,22.0
-1,-122.70228651042444,17.174517624999936,53.0,57.696000000000026,65.0062865104244,23.0
-1,-85.30579953304559,12.097867884259273,34.0,44.064000000000014,41.241799533045565,20.0
-1,-142.64293733089715,17.79118375462962,80.0,93.88800000000003,48.754937330897135,20.0
-1,-140.28364307937372,18.978964694444407,68.0,74.20800000000003,66.07564307937369,25.0
-1,-114.33819081536514,20.144413175925838,52.0,61.92000000000002,52.41819081536512,20.0
-1,-136.4987379302091,16.381485064814775,61.0,66.33600000000003,70.16273793020908,26.0
-1,-112.53453112137336,11.942503587962973,41.0,52.512000000000015,60.02253112137335,25.0
-1,-112.1716854694669,16.583280726851783,53.0,70.84800000000003,41.32368546946687,19.0
-1,-125.9032395365181,18.51354679629626,46.0,59.52000000000003,66.38323953651806,20.0
-1,-111.5536121648263,16.648882782407405,37.0,45.12000000000002,66.43361216482629,21.0
-1,-185.19331688382567,18.640139333333213,68.0,102.72000000000006,82.47331688382563,24.0
-1,-107.17998162431618,19.997117981481484,68.0,66.81600000000002,40.363981624316175,17.0
-1,-173.90182544096754,29.53940127314808,90.0,75.74400000000003,98.15782544096751,25.0
-1,-198.58517993264812,27.29230645833324,88.0,108.28800000000004,90.29717993264808,23.0
-1,-168.10492411358092,21.86199288888881,77.0,109.05600000000008,59.04892411358085,18.0
-1,-133.4206043962281,23.90476837962959,71.0,63.26400000000001,70.15660439622809,23.0
-1,-122.20704109501531,16.337239277777748,45.0,50.68800000000001,71.51904109501531,25.0
-1,-123.63314755444566,21.66769754629625,59.0,62.20800000000003,61.42514755444563,21.0
-1,-126.02042247186164,22.839716717592573,70.0,67.20000000000003,58.820422471861605,19.0
-1,-131.19261583060117,13.34702029629628,68.0,88.60800000000005,42.58461583060113,19.0
-1,-259.4675235103752,21.22863746296284,102.0,167.7120000000001,91.7555235103751,26.0
-1,-125.87458724483304,15.575617078703695,47.0,63.36000000000002,62.51458724483303,23.0
-1,-150.74795276410416,18.95192317129619,67.0,93.02400000000006,57.72395276410409,21.0
-1,-127.85757346292384,18.91416448148142,57.0,61.440000000000026,66.41757346292383,25.0
-1,-122.84545603896456,16.463883328703673,57.0,67.96800000000003,54.877456038964525,21.0
-1,-191.082561889685,26.068999157407312,82.0,108.48000000000008,82.60256188968494,25.0
-1,-104.75339789808402,13.98305456481482,35.0,34.464,70.28939789808402,24.0
-1,-124.5845781072837,16.259319606481434,53.0,65.37600000000002,59.208578107283685,23.0
-1,-162.96331162087492,23.46607117129624,69.0,88.60800000000006,74.35531162087486,20.0
-1,-129.51399009353585,20.501077837962868,62.0,76.32000000000004,53.19399009353581,19.0
-1,-147.3658912789433,25.48954492129621,76.0,81.60000000000002,65.7658912789433,22.0
-1,-116.0180869761559,21.52520680555548,61.0,68.25600000000003,47.76208697615587,19.0
-1,-100.00531151653274,19.358715162036997,58.0,59.61600000000002,40.38931151653272,18.0
-1,-144.0173213992046,17.058059472222165,49.0,69.69600000000003,74.32132139920456,23.0
-1,-125.48805191201969,19.40119157870364,57.0,66.04800000000002,59.44005191201967,22.0
-1,-149.4003418843115,15.757015412037015,61.0,80.73600000000005,68.66434188431144,27.0
-1,-149.9373724619634,24.79867922685177,74.0,93.79200000000006,56.14537246196336,19.0
-1,-117.79073879488487,14.91409222222221,53.0,65.28000000000002,52.51073879488486,22.0
-1,-121.73201207296538,18.950847189814763,56.0,60.672000000000025,61.06001207296535,20.0
-1,-150.84477207520283,15.123222157407383,69.0,82.08000000000004,68.76477207520283,24.0
-1,-116.925460212117,20.633989370370276,52.0,55.20000000000002,61.72546021211698,21.0
-1,-102.2664415764319,14.407860949074092,41.0,41.56800000000001,60.69844157643188,25.0
-1,-104.9919592206648,15.98923789814814,70.0,76.22400000000003,28.767959220664764,15.0
-1,-130.1813845127304,17.69694247685183,51.0,52.992000000000026,77.18938451273037,23.0
-1,-143.38260088278489,17.04477335648147,79.0,93.88800000000003,49.49460088278485,19.0
-1,-158.04330219420473,43.63122075925932,74.0,43.39200000000002,114.6513021942047,24.0
-1,-96.72141353058151,18.895157527777748,48.0,44.35200000000002,52.36941353058151,19.0
-1,-132.59427726680187,19.559741560185127,78.0,75.45600000000003,57.13827726680184,20.0
-1,-130.8835519468293,15.979945148148111,53.0,60.288000000000025,70.59555194682926,26.0
-1,-114.14935219178857,23.1041848981481,74.0,70.08000000000003,44.06935219178852,21.0
-1,-110.67425571385373,15.326082087962943,42.0,52.70400000000002,57.97025571385368,21.0
-1,-159.92884734424035,21.39762116203694,87.0,114.04800000000006,45.88084734424029,15.0
-1,-112.05117773385814,18.08973528703701,61.0,68.73600000000002,43.315177733858114,18.0
-1,-110.34762371357829,18.005162569444405,52.0,62.11200000000003,48.235623713578256,20.0
-1,-104.24506752078652,17.106647782407403,58.0,61.24800000000002,42.99706752078651,21.0
-1,-120.67152734844524,18.73839574999992,59.0,65.85600000000002,54.81552734844523,21.0
-1,-124.73371701557504,21.033792361111043,54.0,62.49600000000003,62.23771701557501,21.0
-1,-125.1279195525944,15.39205325462964,53.0,64.99200000000002,60.13591955259438,23.0
-1,-115.29160177428888,11.968861365740752,63.0,83.80800000000002,31.48360177428887,16.0
-1,-103.79293526139732,17.27892908796294,50.0,55.10400000000002,48.6889352613973,20.0
-1,-110.41727268287777,15.92223589814815,60.0,67.48800000000003,42.92927268287772,18.0
-1,-129.69242347574226,13.969435782407391,60.0,75.16800000000003,54.52442347574223,21.0
-1,-127.39142924396974,21.9360030462962,58.0,64.80000000000003,62.59142924396971,21.0
-1,-131.64794334698192,23.130462976851764,75.0,71.13600000000002,60.51194334698189,20.0
-1,-139.5046260537692,16.525161703703684,79.0,90.62400000000002,48.88062605376918,20.0
-1,-102.56244924573966,14.483383550925929,50.0,54.62400000000002,47.93844924573965,21.0
-1,-120.82109982703491,18.173141648148096,45.0,59.04000000000002,61.78109982703491,20.0
-1,-126.76523911704068,19.213224935185107,57.0,73.63200000000003,53.133239117040645,21.0
-1,-113.91761978013474,18.027676592592552,61.0,68.73600000000003,45.18161978013472,19.0
-1,-130.74999516316123,15.7206524861111,84.0,98.59200000000004,32.15799516316119,19.0
-1,-103.54440823409416,17.791368319444427,47.0,46.17600000000002,57.36840823409415,22.0
-1,-97.2594246426883,17.18260846759255,39.0,42.14400000000001,55.11542464268829,21.0
-1,-112.75191260049093,17.879420675925903,55.0,60.00000000000003,52.75191260049089,19.0
-1,-138.27685701050223,24.50638207870364,75.0,78.91200000000003,59.36485701050219,19.0
-1,-168.95941389305244,23.746292166666585,70.0,79.96800000000005,88.9914138930524,25.0
-1,-138.68416205851983,21.66712574537028,58.0,67.20000000000003,71.4841620585198,22.0
-1,-111.4328840701991,8.801208990740758,58.0,74.30400000000004,37.12888407019906,17.0
-1,-151.5668911527609,19.63582609722215,80.0,95.13600000000004,56.43089115276084,19.0
-1,-96.7151617542889,17.403768634259254,54.0,57.98400000000002,38.73116175428888,18.0
-1,-137.87351701420664,26.92085209722213,78.0,81.88800000000005,55.985517014206586,21.0
-1,-162.93635365702352,18.34672908796292,65.0,80.44800000000004,82.48835365702348,26.0
-1,-127.29124783325511,22.93081670370365,77.0,81.31200000000003,45.97924783325509,19.0
-1,-125.53310541832587,16.677545476851826,51.0,56.64000000000003,68.89310541832586,23.0
-1,-116.867135415361,20.12833487962958,57.0,69.21600000000004,47.65113541536096,18.0
-1,-119.32189801585965,18.496631759259245,71.0,77.56800000000003,41.75389801585962,16.0
-1,-108.04846194271576,18.376634092592543,49.0,59.52000000000003,48.52846194271572,18.0
-1,-133.37384302764957,23.62790998611112,63.0,65.95200000000004,67.42184302764953,19.0
-1,-141.6949638525347,16.743585800925903,60.0,65.47200000000004,76.22296385253466,25.0
-1,-97.93764025735076,13.720313388888885,38.0,48.09600000000001,49.84164025735073,24.0
-1,-123.39357402955532,18.446460884259192,54.0,58.84800000000003,64.5455740295553,25.0
-1,-100.05978016659968,16.063350407407423,49.0,50.11200000000002,49.94778016659966,23.0
-1,-125.89822597959554,24.755911634259203,65.0,73.82400000000004,52.07422597959549,18.0
-1,-112.88383025483508,13.732424384259254,46.0,55.77600000000002,57.10783025483508,24.0
-1,-116.54359405731267,16.786822717592557,37.0,48.28800000000001,68.25559405731268,21.0
-1,-129.4893389565973,17.746849486111074,54.0,71.71200000000003,57.77733895659723,22.0
-1,-137.42250082330122,15.577635726851838,93.0,110.78400000000006,26.638500823301168,17.0
-1,-112.57915060833622,15.955809319444448,40.0,45.024000000000015,67.5551506083362,21.0
-1,-118.60843725001554,18.93741029629625,47.0,57.21600000000002,61.39243725001552,20.0
-1,-118.40939770140888,13.331041967592604,82.0,97.72800000000004,20.68139770140884,13.0
-1,-106.2329554361457,15.439764842592588,50.0,55.10400000000002,51.12895543614568,21.0
-1,-154.86567341982283,20.910077662037,65.0,71.90400000000004,82.96167341982282,22.0
-1,-115.20496191188252,16.622206782407385,43.0,52.89600000000003,62.308961911882506,25.0
-1,-103.9736965289448,16.47826231944444,58.0,64.70400000000004,39.26969652894477,17.0
-1,-110.88640156422966,14.495524509259246,46.0,52.60800000000002,58.27840156422964,25.0
-1,-119.69687916973638,19.01269580555551,48.0,56.544000000000025,63.152879169736345,23.0
-1,-99.51087764522586,22.96232588425921,50.0,55.00800000000002,44.50287764522584,18.0
-1,-107.79385987199169,14.941309921296288,65.0,73.05600000000001,34.73785987199166,17.0
-1,-188.60410901764885,34.08200363425923,106.0,92.16000000000004,96.44410901764884,22.0
-1,-197.7576151801672,22.662114657407336,81.0,114.72000000000008,83.03761518016714,25.0
-1,-120.17845380249352,16.40406355555555,65.0,69.02400000000003,51.15445380249349,20.0
-1,-146.4378962544224,20.975038078703623,62.0,74.01600000000003,72.42189625442236,22.0
-1,-117.46785400720336,15.012793851851814,46.0,59.23200000000003,58.23585400720334,23.0
-1,-119.31872076392364,17.743888574074045,52.0,63.74400000000004,55.5747207639236,21.0
-1,-124.74872215630396,26.674846199074008,58.0,56.83200000000003,67.91672215630393,19.0
-1,-155.91653340156955,45.539501481481466,73.0,48.28800000000001,107.62853340156954,20.0
-1,-109.31199498197188,16.9559131435185,57.0,59.42400000000003,49.88799498197186,19.0
-1,-113.70903888559472,19.17060924999996,49.0,57.98400000000002,55.72503888559468,22.0
-1,-116.7694625443604,14.1458103888889,46.0,45.12000000000001,71.64946254436039,24.0
-1,-126.00629958903832,19.18061775925922,62.0,80.92800000000004,45.07829958903829,17.0
-1,-167.9662245950076,14.930160555555531,71.0,111.16800000000006,56.79822459500751,22.0
-1,-139.9904117457637,21.784717249999893,60.0,70.75200000000002,69.2384117457637,24.0
-1,-114.13596734098904,19.134412291666603,44.0,43.77600000000001,70.35996734098904,21.0
-1,-136.08658241182042,14.691763550925902,55.0,62.30400000000004,73.78258241182039,23.0
-1,-120.65187319449004,18.10957224999992,49.0,51.64800000000002,69.00387319449001,22.0
-1,-106.88838890778304,14.41796922222223,49.0,56.44800000000002,50.44038890778302,21.0
-1,-135.0266037587984,13.512758087962949,53.0,64.32000000000004,70.70660375879837,25.0
-1,-105.27393317962478,19.504448685185142,53.0,53.47200000000002,51.801933179624754,20.0
-1,-115.79923193940763,17.20253822685181,55.0,60.28800000000002,55.51123193940763,22.0
-1,-110.6368394285395,13.833651606481462,54.0,62.97600000000003,47.66083942853948,22.0
-1,-138.91901463009054,20.683334495370325,74.0,86.30400000000003,52.61501463009051,21.0
-1,-153.8802918068006,18.04808756481475,66.0,76.22400000000003,77.65629180680054,25.0
-1,-127.19425641418307,13.71868366203703,52.0,63.26400000000002,63.93025641418306,21.0
-1,-99.71721141687904,16.72914194907407,57.0,54.43200000000001,45.28521141687904,19.0
-1,-117.32913970953706,19.132688935185158,67.0,76.70400000000002,40.625139709537045,15.0
-1,-135.44086136594854,16.06848243518515,47.0,60.86400000000003,74.57686136594849,25.0
-1,-148.66956221134984,15.933418930555536,67.0,77.28000000000003,71.38956221134983,23.0
-1,-127.9533849153095,15.534661703703682,53.0,68.54400000000001,59.40938491530948,24.0
-1,-125.84158503696187,16.606852143518484,64.0,71.61600000000004,54.22558503696184,19.0
-1,-106.95792210871032,18.459886398148136,42.0,44.256000000000014,62.70192210871031,23.0
-1,-138.87854950329097,17.00858487037033,51.0,64.80000000000003,74.07854950329096,24.0
-1,-134.40135932637656,20.473787981481408,49.0,53.95200000000003,80.44935932637655,24.0
-1,-135.25138848057455,19.20255209722216,59.0,78.04800000000004,57.20338848057451,18.0
-1,-139.81569105543056,13.650583078703708,65.0,91.10400000000004,48.711691055430514,22.0
-1,-110.62835615153868,19.414543949073995,48.0,55.10400000000003,55.52435615153864,23.0
-1,-134.62183105494827,19.262582837962903,63.0,88.03200000000004,46.58983105494824,18.0
-1,-108.58469829581924,12.345131124999993,49.0,56.448000000000015,52.13669829581924,23.0
-1,-132.1439744722121,15.292666499999996,65.0,76.41600000000004,55.72797447221205,20.0
-1,-123.91922276302948,20.172816481481423,66.0,72.38400000000003,51.53522276302943,18.0
-1,-102.76728235569738,19.806385680555533,56.0,64.03200000000002,38.73528235569734,17.0
-1,-160.78652758450505,14.99257612037035,77.0,106.36800000000008,54.418527584505,21.0
-1,-96.35327915773884,13.001902837962954,38.0,39.168000000000006,57.18527915773883,25.0
-1,-158.5005527682706,23.746786611111,69.0,89.95200000000004,68.54855276827055,22.0
-1,-109.066704675789,18.09719309722217,66.0,66.81600000000002,42.250704675789,18.0
-1,-92.38906029545971,16.48336552777776,42.0,51.64800000000002,40.7410602954597,15.0
-1,-118.96717395732053,14.787911046296308,53.0,65.85600000000001,53.1111739573205,19.0
-1,-162.9166977796152,27.41821117592588,82.0,107.80800000000006,55.10869777961512,19.0
-1,-96.1646749244234,13.534254999999996,33.0,33.984,62.180674924423386,23.0
-1,-104.52673058216595,16.239437379629635,49.0,57.31200000000001,47.21473058216594,21.0
-1,-94.55288044152022,18.87072792592588,50.0,59.23200000000001,35.32088044152021,16.0
-1,-116.37530166434188,22.350506865740726,81.0,74.40000000000003,41.975301664341856,19.0
-1,-113.367398441264,16.955288851851826,51.0,58.84800000000003,54.51939844126397,23.0
-1,-148.73535048252052,15.655329874999987,62.0,80.54400000000005,68.19135048252048,23.0
-1,-108.2446618528179,15.728542231481486,59.0,75.26400000000002,32.98066185281788,18.0
-1,-90.68845996226636,16.3950838009259,46.0,49.53600000000002,41.15245996226633,18.0
-1,-144.05464908061134,19.916202912036923,61.0,76.89600000000004,67.1586490806113,23.0
-1,-120.27827912525588,28.187930245370293,62.0,69.02400000000003,51.25427912525585,16.0
-1,-112.44703898755444,17.216648393518497,45.0,50.59200000000002,61.85503898755442,19.0
-1,-136.3155710982918,19.918714046296195,57.0,69.69600000000003,66.61957109829179,21.0
-1,-124.89789560583893,14.503260990740738,50.0,71.23200000000003,53.66589560583889,18.0
-1,-129.81276045420287,14.199964328703702,41.0,57.888000000000034,71.92476045420283,22.0
-1,-92.16169000631736,16.937051115740726,45.0,51.45600000000002,40.70569000631734,18.0
-1,-103.52222429647122,14.660710888888886,43.0,49.44000000000001,54.0822242964712,22.0
-1,-130.3437699323627,14.383121124999992,40.0,54.81600000000002,75.5277699323627,23.0
-1,-135.6147569891867,21.3525739027777,65.0,78.33600000000004,57.278756989186654,21.0
-1,-119.64571131068058,15.504897037037043,51.0,56.160000000000025,63.48571131068055,22.0
-1,-141.77441431925195,18.36004394907399,67.0,81.21600000000004,60.558414319251945,21.0
-1,-111.65598195527092,20.32089866666661,60.0,64.99200000000002,46.663981955270906,20.0
-1,-119.69277878834887,13.472493356481476,37.0,53.37600000000002,66.31677878834887,23.0
-1,-160.27493967170233,22.59188681944437,78.0,101.66400000000006,58.61093967170227,21.0
-1,-149.1764626389297,19.32914944907401,68.0,77.56800000000004,71.60846263892968,25.0
-1,-120.5079638687738,16.387357638888883,76.0,67.29600000000002,53.21196386877378,23.0
-1,-119.2733888520508,15.130884537036998,58.0,70.94400000000003,48.32938885205077,18.0
-1,-127.03133574741366,13.036447634259254,74.0,84.96000000000004,42.071335747413634,21.0
-1,-106.0476246568824,17.59599535185182,52.0,64.12800000000001,41.91962465688238,18.0
-1,-95.0878398702238,18.91357349537033,46.0,43.58400000000002,51.503839870223786,20.0
-1,-98.3601137655702,15.929186754629647,49.0,47.23200000000001,51.12811376557018,22.0
-1,-122.54533242331316,21.2168368518518,69.0,83.23200000000001,39.31333242331316,20.0
-1,-114.90576131596956,21.860278111111004,62.0,73.44000000000001,41.46576131596954,20.0
-1,-116.9284796026771,20.2597335555555,51.0,59.04000000000001,57.88847960267709,19.0
-1,-126.17020698189744,15.690697888888884,53.0,72.96000000000004,53.21020698189741,22.0
-1,-122.8061568568923,18.855838962962927,71.0,75.07200000000003,47.73415685689226,19.0
-1,-149.45995399864194,20.785954495370238,62.0,84.57600000000004,64.88395399864191,25.0
-1,-106.42289926388489,18.418726097222205,54.0,60.768000000000015,45.65489926388486,20.0
-1,-98.4953812170315,18.53613392129626,54.0,61.15200000000003,37.34338121703146,17.0
-1,-89.15290570214933,14.646160777777768,39.0,43.00800000000001,46.14490570214932,18.0
-1,-123.27001685496305,20.54474725925917,56.0,67.48800000000004,55.78201685496299,22.0
-1,-119.97228592649172,17.217702231481443,59.0,63.26400000000003,56.70828592649169,22.0
-1,-124.74940617222973,22.656658842592552,64.0,65.08800000000002,59.6614061722297,21.0
-1,-101.2979694813316,19.13233291203699,56.0,53.376000000000026,47.92196948133156,21.0
-1,-108.10075614951012,18.62888848611108,51.0,51.36000000000002,56.74075614951011,20.0
-1,-141.60920185462595,16.43823859259257,54.0,82.56000000000003,59.049201854625935,20.0
-1,-105.49937705673156,17.482092800925876,54.0,62.40000000000001,43.09937705673155,19.0
-1,-107.54386700556933,15.921519212962949,55.0,59.61600000000002,47.9278670055693,21.0
-1,-144.03188860932772,14.739348009259228,53.0,65.95200000000003,78.0798886093277,25.0
-1,-106.32098520603692,15.738647083333332,44.0,51.45600000000002,54.86498520603689,21.0
-1,-84.15044108624201,13.173468962962954,48.0,49.24800000000001,34.90244108624199,16.0
-1,-93.91946080195198,11.648451773148157,61.0,71.04000000000002,22.879460801951964,15.0
-1,-129.96367794111464,23.33543637037032,62.0,66.52800000000002,63.43567794111462,20.0
-1,-109.27436448367725,16.028947870370356,57.0,67.58400000000002,41.69036448367721,20.0
-1,-117.6078391674982,13.492885263888892,50.0,63.64800000000003,53.95983916749817,23.0
-1,-123.183986162423,17.08508258796296,66.0,83.04000000000002,40.14398616242297,17.0
-1,-109.51103005168406,13.489140319444434,50.0,59.61600000000002,49.89503005168403,21.0
-1,-133.7794647643334,19.25209768518512,63.0,62.78400000000002,70.99546476433338,26.0
-1,-109.35482319168278,17.13705701388887,47.0,55.39200000000003,53.962823191682745,19.0
-1,-97.765721363144,18.129136374999963,53.0,58.17600000000003,39.58972136314396,16.0
-1,-98.68899118076496,13.287995708333334,47.0,51.36000000000002,47.32899118076493,24.0
-1,-134.75428509436517,18.262186634259223,61.0,74.01600000000003,60.738285094365125,20.0
-1,-119.5207435481032,15.8770000324074,62.0,80.35200000000003,39.16874354810318,18.0
-1,-109.7959527769955,15.26815138888887,48.0,61.248000000000026,48.54795277699549,20.0
-1,-112.74510614909588,17.67227671759254,49.0,54.14400000000002,58.601106149095855,24.0
-1,-138.31677956618836,17.863547421296257,62.0,60.76800000000003,77.54877956618834,25.0
-1,-147.6253162930796,20.38797255555552,73.0,87.36000000000004,60.265316293079565,21.0
-1,-106.5147630958026,21.930889291666627,61.0,57.60000000000003,48.91476309580257,20.0
-1,-105.1488570938044,14.895893606481492,51.0,57.984000000000016,47.16485709380437,20.0
-1,-123.59300211948931,17.698691439814777,64.0,72.00000000000003,51.59300211948928,21.0
-1,-112.37512391061892,17.414994222222226,54.0,66.14400000000002,46.23112391061891,17.0
-1,-92.9684825375272,11.112948444444449,38.0,47.808000000000014,45.16048253752718,24.0
-1,-120.86406097871772,16.25546005092592,68.0,81.98400000000004,38.880060978717694,18.0
-1,-135.58697811659363,23.80364698148145,65.0,76.12800000000004,59.4589781165936,19.0
-1,-111.206763498615,19.577429444444384,56.0,59.90400000000002,51.30276349861499,20.0
-1,-104.40165618059216,15.887487018518494,43.0,52.80000000000003,51.60165618059212,24.0
-1,-108.10376088860642,10.781494250000016,59.0,62.01600000000001,46.0877608886064,24.0
-1,-117.01996530356476,14.143944726851837,60.0,77.66400000000003,39.35596530356472,18.0
-1,-113.14924434446164,16.61540346759257,56.0,64.99200000000002,48.15724434446162,19.0
-1,-107.71716626561845,13.374625569444444,56.0,69.79200000000003,37.92516626561841,17.0
-1,-122.0834486130062,17.00273404629628,51.0,64.60800000000002,57.475448613006186,21.0
-1,-121.70870225672756,15.327074527777752,40.0,47.808000000000014,73.90070225672753,21.0
-1,-111.09732542268736,15.390873847222208,42.0,57.216000000000015,53.88132542268735,18.0
-1,-116.62756610950927,15.592599453703698,67.0,73.05600000000004,43.57156610950923,19.0
-1,-121.2039114824154,16.89274571296296,51.0,55.68000000000002,65.52391148241537,22.0
-1,-134.09206160234243,16.641086921296257,73.0,74.88000000000004,59.21206160234237,24.0
-1,-98.82031267924496,16.18971026851847,52.0,52.896000000000015,45.92431267924495,23.0
-1,-104.6062306438616,14.577336069444469,56.0,58.94400000000001,45.662230643861584,20.0
-1,-114.1566202776777,14.81349443518517,51.0,56.83200000000003,57.32462027767768,24.0
-1,-137.36831271914153,17.274658273148095,58.0,70.94400000000003,66.4243127191415,21.0
-1,-92.3727137148656,14.302469129629609,44.0,53.664000000000016,38.70871371486559,17.0
-1,-123.42271477673162,18.54203506018514,71.0,73.24800000000003,50.1747147767316,19.0
-1,-121.00931806681216,18.13017542592586,53.0,55.68000000000003,65.32931806681215,23.0
-1,-117.02755577274132,14.540489333333326,77.0,91.96800000000006,25.059555772741252,15.0
-1,-109.62183986057076,19.45749174999995,53.0,59.23200000000003,50.389839860570746,21.0
-1,-99.93346487716886,13.80929017129628,60.0,63.55200000000002,36.38146487716884,18.0
-1,-134.82922397674616,14.45006768055554,78.0,90.24000000000004,44.58922397674613,20.0
-1,-165.61795841163195,19.875550199074045,74.0,87.84000000000005,77.77795841163189,22.0
-1,-108.79575200071508,17.348876180555518,48.0,57.312000000000026,51.48375200071505,20.0
-1,-107.460686203978,15.557099925925938,51.0,60.19200000000003,47.26868620397796,21.0
-1,-147.09992614100943,18.2453610555555,58.0,75.16800000000003,71.9319261410094,22.0
-1,-125.17842964375237,15.546934222222204,45.0,56.928000000000026,68.25042964375234,21.0
-1,-144.50910101107087,22.185882328703656,64.0,88.60800000000005,55.90110101107081,16.0
-1,-114.81898769759437,29.169776055555584,46.0,36.768000000000015,78.05098769759435,20.0
-1,-116.04568564001964,15.0894607824074,56.0,65.08800000000004,50.95768564001959,20.0
-1,-103.34268057622911,13.49284624074074,47.0,61.056000000000026,42.286680576229095,20.0
-1,-168.2601895429495,24.95610076388884,72.0,75.84000000000003,92.42018954294944,22.0
-1,-104.26474116120096,14.32558416666665,53.0,59.712000000000025,44.55274116120094,22.0
-1,-112.54978150168522,14.833914134259247,54.0,59.42400000000003,53.12578150168519,23.0
-1,-109.06046453534005,21.0255771666666,54.0,62.78400000000003,46.27646453534001,21.0
-1,-104.88797433684302,14.363697328703704,47.0,53.28000000000002,51.60797433684299,22.0
-1,-129.7299839870593,13.315222523148131,72.0,92.16000000000004,37.56998398705928,15.0
-1,-132.83445504131203,21.065274634259165,59.0,71.13600000000004,61.698455041312,19.0
-1,-115.42463752658624,15.90865168518517,57.0,65.95200000000003,49.47263752658623,19.0
-1,-152.04422455272473,16.04688860185183,55.0,75.74400000000003,76.3002245527247,23.0
-1,-135.40703701595686,18.06361024537034,58.0,66.81600000000003,68.59103701595684,23.0
-1,-102.10614297355583,12.787401972222204,49.0,62.59200000000002,39.51414297355581,19.0
-1,-135.62752966646633,16.744388041666625,55.0,65.76000000000002,69.86752966646633,25.0
-1,-106.94930814212049,20.743806749999973,75.0,74.20800000000001,32.741308142120474,14.0
-1,-108.00944611092292,17.860680999999975,51.0,53.66400000000002,54.3454461109229,22.0
-1,-166.16551593681544,20.341507111111078,80.0,95.80800000000004,70.3575159368154,23.0
-1,-122.48783136057747,17.139911078703697,59.0,66.24000000000002,56.24783136057746,21.0
-1,-128.1273454469789,18.87068215277772,65.0,68.54400000000004,59.58334544697884,21.0
-1,-130.02219233654995,14.09731143518518,48.0,61.92000000000003,68.10219233654992,27.0
-1,-161.8162511586866,22.606083013888803,70.0,95.71200000000005,66.10425115868658,21.0
-1,-132.7424262622142,17.08992023611107,53.0,78.24000000000004,54.50242626221415,19.0
-1,-108.8704240090636,18.91076427777769,49.0,56.92800000000002,51.94242400906359,19.0
-1,-115.4053184872873,17.938436041666627,53.0,57.504000000000026,57.90131848728728,20.0
-1,-114.56228366984692,15.510753749999976,61.0,71.80800000000002,42.75428366984691,20.0
-1,-90.95270696084047,12.357810023148147,44.0,58.17600000000003,32.77670696084045,17.0
-1,-130.8260857893207,27.393715685185125,66.0,70.36800000000002,60.45808578932068,22.0
-1,-110.86270038074518,22.319554222222227,64.0,57.60000000000001,53.26270038074517,21.0
-1,-117.43088598676496,11.88960450462963,55.0,62.97600000000002,54.45488598676495,23.0
-1,-142.6640441582046,15.27076764351852,60.0,77.18400000000004,65.48004415820458,25.0
-1,-122.89956011155212,16.663507648148123,51.0,68.35200000000003,54.5475601115521,24.0
-1,-109.61859727072238,17.924807013888845,60.0,62.49600000000002,47.12259727072236,20.0
-1,-107.67173474559569,14.74317857407406,44.0,52.320000000000014,55.351734745595664,22.0
-1,-114.35990573976711,17.2767900462963,60.0,69.79200000000002,44.5679057397671,18.0
-1,-94.0198396238466,12.29790702314815,58.0,64.51200000000003,29.50783962384657,18.0
-1,-110.92987726420527,17.073660203703664,43.0,50.97600000000001,59.95387726420527,24.0
-1,-107.94647997251928,18.487507124999954,52.0,56.83200000000002,51.114479972519256,19.0
-1,-114.29344528595118,18.98005040277774,46.0,54.33600000000002,59.95744528595115,21.0
-1,-122.17318394904416,12.443772476851851,53.0,55.20000000000003,66.97318394904414,26.0
-1,-120.66965754159745,17.726157546296232,63.0,76.22400000000002,44.44565754159744,16.0
-1,-108.499559362606,10.937038504629625,41.0,51.93600000000002,56.563559362605965,24.0
-1,-107.55912069278357,14.139150962962976,51.0,53.95200000000001,53.60712069278353,21.0
-1,-117.83427572766207,19.086961657407347,52.0,59.32800000000002,58.50627572766205,23.0
-1,-155.11100674510442,19.28559214814808,70.0,92.73600000000005,62.37500674510439,23.0
-1,-130.75259375279177,18.52924481018509,51.0,66.24000000000004,64.51259375279174,24.0
-1,-102.49233784686191,18.79024736574073,53.0,60.19200000000002,42.30033784686189,17.0
-1,-106.44691962410664,18.128409925925844,58.0,62.88000000000001,43.56691962410664,21.0
-1,-111.89814565624286,17.447849518518474,63.0,76.60800000000002,35.29014565624285,16.0
-1,-102.6324255554232,15.906414620370358,43.0,53.088000000000015,49.54442555542318,19.0
-1,-112.56964317774666,21.142184342592497,59.0,62.40000000000003,50.16964317774664,21.0
-1,-135.44975826518862,20.49404453703699,65.0,80.73600000000003,54.7137582651886,22.0
-1,-114.1460681069038,16.991924282407382,61.0,64.89600000000002,49.25006810690379,23.0
-1,-116.32197048601688,22.390040564814747,64.0,64.51200000000003,51.80997048601685,19.0
-1,-119.46736013327228,14.404465314814804,47.0,46.94400000000001,72.52336013327226,26.0
-1,-125.229966238768,19.26513910648144,58.0,66.81600000000002,58.413966238768005,20.0
-1,-110.8210884168294,17.3684171296296,55.0,61.440000000000026,49.38108841682937,20.0
-1,-101.995706853198,16.74851398148146,55.0,66.91200000000003,35.08370685319796,17.0
-1,-151.42718706553768,18.235799972222217,57.0,73.72800000000004,77.69918706553763,23.0
-1,-125.31359416234582,16.630484282407405,61.0,69.50400000000003,55.8095941623458,22.0
-1,-111.04259832425105,21.30413818981476,55.0,64.70400000000002,46.338598324251,16.0
-1,-117.14282054987648,19.44314374074072,57.0,69.98400000000002,47.15882054987648,20.0
-1,-111.86977264423248,21.985176583333264,58.0,62.78400000000003,49.085772644232456,18.0
-1,-112.27819753894627,13.492086791666656,47.0,67.68000000000004,44.59819753894624,21.0
-1,-129.1529717457888,11.663907226851835,66.0,96.38400000000004,32.76897174578874,16.0
-1,-108.32119909258516,14.162067967592604,51.0,61.728000000000016,46.59319909258512,24.0
-1,-109.85289914587024,14.597275439814814,47.0,61.056000000000026,48.79689914587022,20.0
-1,-106.94866366231284,15.407357824074094,64.0,60.768000000000015,46.18066366231282,21.0
-1,-170.14745874236712,17.619348222222193,62.0,76.89600000000003,93.25145874236708,26.0
-1,-115.72333217042237,16.29574718055556,64.0,69.31200000000001,46.41133217042236,18.0
-1,-104.8079443164027,14.203277828703692,47.0,53.280000000000015,51.52794431640268,20.0
-1,-124.09625270069164,15.686299583333351,69.0,66.62400000000002,57.47225270069163,26.0
-1,-113.70050442252358,18.44420108333326,57.0,65.56800000000004,48.13250442252353,19.0
-1,-131.15995038340247,17.65771158333328,60.0,73.05600000000004,58.10395038340244,20.0
-1,-131.88132879377554,15.041306087962951,54.0,67.68000000000004,64.2013287937755,24.0
-1,-97.04844431545608,17.76304106944445,49.0,52.70400000000002,44.34444431545606,17.0
-1,-108.1020850957898,12.84682029166666,51.0,63.26400000000003,44.83808509578977,19.0
-1,-119.15233932946208,14.186103768518532,44.0,53.56800000000001,65.58433932946207,18.0
-1,-98.39622320302854,12.150230995370393,41.0,42.04800000000001,56.34822320302854,24.0
-1,-116.61078418237072,20.11154318518509,51.0,53.184000000000026,63.42678418237069,22.0
-1,-105.7111419788012,15.195790203703693,41.0,53.856000000000016,51.85514197880118,19.0
-1,-104.8200828523411,19.460267634259157,50.0,57.024000000000015,47.79608285234108,22.0
-1,-105.80558266642691,18.19475498148145,66.0,79.00800000000004,26.79758266642688,14.0
-1,-114.69268407879228,17.037728569444408,67.0,69.88800000000002,44.804684078792256,18.0
-1,-101.28013867211016,15.347928833333343,47.0,45.69600000000002,55.58413867211015,23.0
-1,-127.03571579201704,21.59416067129621,67.0,90.14400000000003,36.89171579201699,15.0
-1,-117.2937284445205,18.274365768518496,54.0,61.63200000000001,55.66172844452049,20.0
-1,-97.2667744537215,19.484303958333296,49.0,50.496000000000016,46.77077445372149,21.0
-1,-126.17776790482468,15.130848814814795,55.0,61.24800000000003,64.92976790482464,23.0
-1,-104.04307388389404,13.28318122685184,51.0,63.55200000000002,40.49107388389402,15.0
-1,-121.55788659562296,19.099906981481453,53.0,60.57600000000003,60.98188659562294,20.0
-1,-124.78926116693968,16.795436643518492,51.0,56.83200000000003,67.95726116693963,23.0
-1,-112.03662244442572,21.50996660648144,62.0,62.49600000000002,49.540622444425686,19.0
-1,-114.77289541233868,15.309238273148129,48.0,64.03200000000002,50.74089541233864,21.0
-1,-100.35378018943602,14.111244097222231,35.0,44.352,56.00178018943602,22.0
-1,-141.65302365218167,16.857569129629606,63.0,73.632,68.02102365218167,24.0
-1,-93.16427940382518,15.10827280555555,48.0,51.840000000000025,41.32427940382515,21.0
-1,-112.56930821978278,14.717548439814822,51.0,40.224,72.34530821978278,26.0
-1,-108.81626029681412,15.91307729166664,51.0,53.376000000000026,55.44026029681409,22.0
-1,-96.00742548305962,14.070328245370368,48.0,52.8,43.20742548305961,18.0
-1,-166.550981714947,16.41918715277777,74.0,97.72800000000004,68.82298171494696,20.0
-1,-97.58760923234487,14.031428504629623,56.0,65.76000000000003,31.82760923234485,19.0
-1,-122.37809817718804,17.448554509259218,50.0,51.74400000000002,70.63409817718802,23.0
-1,-102.93661044616876,14.61465940740741,38.0,42.24000000000001,60.69661044616877,22.0
-1,-117.99023349922196,22.60146582870361,66.0,75.07200000000002,42.91823349922195,20.0
-1,-106.20936403631774,16.068972939814767,50.0,57.120000000000026,49.08936403631771,23.0
-1,-103.79700048189112,14.500739111111097,48.0,55.77600000000002,48.02100048189112,22.0
-1,-115.35184469503724,15.697707324074075,57.0,69.40800000000003,45.94384469503721,19.0
-1,-110.3002454645631,15.287025902777769,42.0,45.792000000000016,64.50824546456309,22.0
-1,-108.0060574815938,13.91399052777778,47.0,56.160000000000025,51.84605748159375,20.0
-1,-115.53899397129685,19.60530084722222,66.0,71.61600000000003,43.922993971296805,18.0
-1,-113.87420437911194,20.32976570370362,57.0,64.89600000000002,48.978204379111936,20.0
-1,-104.95316403428272,16.945081944444457,65.0,67.10400000000003,37.84916403428269,17.0
-1,-125.13995621035023,16.194205152777766,54.0,67.39200000000002,57.74795621035023,25.0
-1,-108.11280995147372,16.40687877777774,59.0,71.61600000000004,36.49680995147366,18.0
-1,-108.06216492755732,16.411222944444443,61.0,72.86400000000003,35.1981649275573,18.0
-1,-107.77948898873623,20.948580981481403,51.0,54.33600000000002,53.44348898873622,20.0
-1,-131.23763947495172,18.52651594907404,58.0,68.54400000000004,62.69363947495168,21.0
-1,-96.4482119823564,15.521895416666654,41.0,52.320000000000014,44.128211982356405,18.0
-1,-131.52389423265126,16.078866407407393,57.0,76.32000000000004,55.20389423265122,18.0
-1,-118.52532201364244,21.19648974074071,47.0,50.496000000000016,68.02932201364241,23.0
-1,-118.05594986926668,14.203434944444428,51.0,64.41600000000003,53.63994986926666,23.0
-1,-128.35666742850862,19.739484944444385,66.0,73.72800000000004,54.62866742850858,21.0
-1,-116.30778011158988,17.449476620370316,52.0,60.86400000000003,55.44378011158986,22.0
-1,-99.36512463636244,16.864607805555558,56.0,65.37600000000002,33.989124636362426,16.0
-1,-106.61512246979116,15.675323810185162,43.0,51.744000000000014,54.87112246979116,23.0
-1,-119.14653238938008,17.813955712962883,51.0,64.22400000000003,54.92253238938005,22.0
-1,-100.6911188348052,19.345557791666582,53.0,57.40800000000002,43.283118834805165,15.0
-1,-117.50150856126724,19.132202611111047,57.0,66.33600000000004,51.16550856126718,18.0
-1,-154.46674278341098,13.576369361111118,64.0,94.75200000000004,59.71474278341093,19.0
-1,-116.1993626712582,17.602988787036995,52.0,52.60800000000002,63.5913626712582,23.0
-1,-123.99227889705384,16.355664851851817,52.0,59.32800000000003,64.66427889705382,25.0
-1,-131.95339356740286,21.83403999999992,62.0,65.56800000000003,66.38539356740283,22.0
-1,-130.6471826676381,15.485236675925895,50.0,77.18400000000003,53.46318266763808,22.0
-1,-124.95116667627144,13.226719120370362,53.0,56.83200000000003,68.11916667627142,25.0
-1,-113.6105606948016,17.28903128703698,40.0,51.16800000000002,62.44256069480157,20.0
-1,-87.52864782597516,17.163425509259238,39.0,49.152000000000015,38.37664782597514,19.0
-1,-116.07439250798646,14.093628365740736,44.0,49.92000000000002,66.15439250798643,24.0
-1,-104.24799937851948,20.07827638425921,58.0,64.70400000000004,39.54399937851943,18.0
-1,-103.5565483440458,18.11316097222216,51.0,59.712000000000025,43.844548344045776,20.0
-1,-114.73332055264312,20.245073189814764,62.0,68.25600000000003,46.47732055264309,18.0
-1,-94.73262030239336,11.389285037037036,32.0,35.52,59.212620302393375,24.0
-1,-134.35958684181972,22.41106128240734,68.0,80.25600000000004,54.10358684181968,20.0
-1,-118.6352166360785,18.524694583333275,53.0,60.288000000000025,58.34721663607848,21.0
-1,-103.98650252257896,11.626226439814802,46.0,57.21600000000002,46.77050252257896,20.0
-1,-88.4971675388779,14.28412346296295,43.0,52.99200000000001,35.505167538877885,17.0
-1,-123.88266908932091,15.980464819444418,50.0,58.94400000000002,64.9386690893209,22.0
-1,-131.8353225401488,18.77052888888885,55.0,79.29600000000005,52.53932254014875,18.0
-1,-122.63308357534515,18.87308442592588,62.0,74.78400000000003,47.849083575345134,20.0
-1,-110.17415208722096,16.618213208333305,47.0,56.736000000000026,53.43815208722092,17.0
-1,-119.14739032760812,14.80652703703704,60.0,64.89600000000002,54.25139032760811,20.0
-1,-106.54600018990014,17.42654368518518,59.0,50.11200000000002,56.43400018990012,20.0
-1,-115.86114642114768,21.49583000462959,56.0,67.296,48.56514642114767,18.0
-1,-121.1869911439992,16.432747615740716,63.0,76.70400000000004,44.48299114399916,15.0
-1,-97.600462105218,18.52780176851848,51.0,63.36000000000003,34.24046210521797,19.0
-1,-111.58580638391882,21.396414245370305,57.0,62.68800000000002,48.8978063839188,19.0
-1,-99.2442532395358,17.84325635185181,49.0,64.22400000000002,35.02025323953578,16.0
-1,-96.41342794530108,14.73158252314813,44.0,49.05600000000001,47.357427945301055,21.0
-1,-105.87899303061236,18.394680240740676,57.0,56.16000000000002,49.71899303061234,21.0
-1,-134.7809342579395,14.60881862037036,60.0,86.30400000000004,48.476934257939455,20.0
-1,-103.42901116346988,17.395959430555546,52.0,59.04000000000002,44.38901116346987,18.0
-1,-89.46773902108342,13.8247642083333,61.0,72.76800000000003,16.69973902108339,11.0
-1,-95.87951521710104,14.603469199074055,48.0,54.52800000000002,41.35151521710103,18.0
-1,-133.75971061397502,20.40911862499992,55.0,66.72000000000004,67.03971061397498,23.0
-1,-134.29412851077052,18.06568348611106,63.0,78.14400000000003,56.15012851077048,22.0
-1,-128.6320671811489,20.01563176851846,74.0,85.24800000000005,43.38406718114887,22.0
-1,-99.8762693290865,18.004838782407404,49.0,52.89600000000002,46.98026932908648,20.0
-1,-121.45796411849356,15.195770976851822,49.0,58.36800000000002,63.089964118493526,22.0
-1,-114.9231444800018,22.898678671296192,63.0,72.67200000000004,42.25114448000178,17.0
-1,-137.2663127891227,18.774220763888803,59.0,71.90400000000002,65.36231278912268,24.0
-1,-142.17526659555273,18.828563615740684,60.0,79.96800000000003,62.2072665955527,19.0
-1,-117.29527207066435,20.660911578703622,57.0,63.26400000000003,54.031272070664336,18.0
-1,-107.03378853158723,16.722556004629613,58.0,71.32800000000003,35.70578853158721,18.0
-1,-119.3112526417011,15.727579124999972,53.0,53.47200000000002,65.83925264170108,25.0
-1,-104.70886830828476,14.540322759259244,40.0,47.52000000000002,57.18886830828473,24.0
-1,-119.333964457694,15.95041616666663,56.0,73.92000000000003,45.41396445769399,21.0
-1,-106.5195455189998,15.042930439814818,49.0,57.50400000000002,49.015545518999765,21.0
-1,-113.40871408904778,20.21050974537028,60.0,62.88000000000002,50.52871408904775,21.0
-1,-160.9016538831578,23.41891492129624,75.0,86.78400000000006,74.11765388315773,23.0
-1,-118.11454569720324,19.475096662037,56.0,60.960000000000015,57.1545456972032,21.0
-1,-106.45630584338484,16.833974990740714,44.0,49.344000000000015,57.11230584338482,21.0
-1,-102.15630855504168,18.83919216666662,50.0,49.63200000000001,52.52430855504167,22.0
-1,-115.5667962412546,19.804557101851785,49.0,50.20800000000003,65.35879624125458,20.0
-1,-98.75817926485864,15.309463712962968,55.0,56.64000000000003,42.11817926485861,17.0
-1,-116.82254425294444,18.59856874999994,64.0,67.77600000000002,49.0465442529444,21.0
-1,-139.76979751639988,20.000353874999902,66.0,87.16800000000005,52.60179751639984,22.0
-1,-144.59581218174804,21.179289708333243,62.0,74.40000000000003,70.19581218174802,21.0
-1,-104.54262906390396,14.855699800925924,44.0,47.808000000000014,56.73462906390396,23.0
-1,-95.59556974630488,11.069044717592591,41.0,50.20800000000002,45.38756974630485,24.0
-1,-138.76849055322197,16.132349236111082,63.0,80.35200000000005,58.41649055322192,22.0
-1,-98.3264762549108,11.93687076851852,41.0,42.62400000000002,55.70247625491078,25.0
-1,-127.8988180392337,15.52566368055554,51.0,67.10400000000004,60.79481803923367,20.0
-1,-104.5750463322032,20.33798395370364,45.0,45.984000000000016,58.59104633220316,20.0
-1,-93.20579028320827,13.250387921296284,36.0,47.61600000000001,45.58979028320827,19.0
-1,-107.5041246331135,19.236327699074025,54.0,52.416000000000025,55.08812463311348,20.0
-1,-121.93046880100722,19.39446220370368,68.0,71.90400000000002,50.0264688010072,19.0
-1,-111.17741405224292,14.808479134259246,58.0,67.68000000000004,43.49741405224289,20.0
-1,-104.93611156111054,18.162197847222195,43.0,42.91200000000001,62.02411156111052,20.0
-1,-125.19554412217016,19.043546069444385,59.0,69.69600000000003,55.49954412217014,20.0
-1,-99.92033357512176,15.098447722222197,41.0,47.71200000000002,52.20833357512174,22.0
-1,-116.22911730764022,23.009658606481413,61.0,60.57600000000003,55.65311730764019,19.0
-1,-105.12409020675037,14.816782481481454,40.0,60.19200000000003,44.932090206750345,18.0
-1,-167.8402825883787,20.163267689814774,65.0,98.20800000000006,69.63228258837864,21.0
-1,-103.96379482767571,16.207717138888874,71.0,78.04800000000003,25.915794827675697,14.0
-1,-100.37080278404945,16.733625925925946,47.0,46.65600000000002,53.71480278404943,18.0
-1,-115.84563477998684,17.468752092592577,51.0,60.28800000000002,55.55763477998684,22.0
-1,-92.7109812980462,15.843608402777807,46.0,45.50400000000002,47.20698129804619,20.0
-1,-109.20309791504884,14.30019883796297,50.0,46.27200000000002,62.93109791504881,26.0
-1,-147.67815558044984,21.29767236111098,78.0,85.24800000000005,62.4301555804498,25.0
-1,-92.35098187193032,15.0607502175926,41.0,43.48800000000001,48.86298187193032,20.0
-1,-117.35260631119948,17.40049395833328,51.0,64.60800000000002,52.744606311199455,19.0
-1,-110.63444824690411,15.84392112499998,48.0,51.07200000000002,59.56244824690411,23.0
-1,-115.21124939786522,15.974118675925896,63.0,74.78400000000002,40.4272493978652,18.0
-1,-104.44027115701184,14.508842115740734,40.0,53.28000000000003,51.16027115701181,17.0
-1,-87.274768472302,14.147360060185186,45.0,47.04000000000001,40.23476847230199,20.0
-1,-104.17256167218405,13.388843314814803,52.0,65.08800000000002,39.084561672184,15.0
-1,-101.55553901784091,18.54651384722218,54.0,65.56800000000003,35.9875390178409,18.0
-1,-109.57942114406268,16.042045870370377,48.0,47.61600000000002,61.96342114406266,23.0
-1,-116.44737923335724,11.226584722222208,54.0,71.32800000000003,45.11937923335721,25.0
-1,-87.89113266653044,17.61444762499995,44.0,46.848000000000006,41.04313266653044,20.0
-1,-167.23934021907732,22.664769092592564,78.0,95.13600000000004,72.10334021907727,19.0
-1,-101.23408249606288,18.736698407407395,54.0,65.37600000000003,35.858082496062856,18.0
-1,-108.28242080718468,11.21216580092594,40.0,45.600000000000016,62.68242080718468,24.0
-1,-115.06846771447184,15.645186374999966,43.0,47.90400000000001,67.16446771447184,21.0
-1,-151.58538159872995,19.11203827777771,68.0,93.40800000000004,58.1773815987299,22.0
-1,-95.66509674045751,18.94412482407408,46.0,51.07200000000002,44.593096740457504,19.0
-1,-106.99288563163957,18.227023083333275,54.0,67.68000000000002,39.31288563163953,17.0
-1,-99.34081182148984,15.970396888888908,65.0,69.21600000000004,30.124811821489818,16.0
-1,-111.1382085036374,14.680919569444429,42.0,54.43200000000002,56.70620850363736,22.0
-1,-108.12057162013696,16.480830722222205,52.0,57.02400000000002,51.09657162013694,22.0
-1,-107.1476444300571,17.71680370833328,45.0,61.24800000000001,45.89964443005709,20.0
-1,-96.4110731394196,14.961951513888888,44.0,41.568000000000005,54.8430731394196,22.0
-1,-90.41125996225104,15.398570347222252,46.0,57.024000000000015,33.38725996225103,17.0
-1,-106.9404078642216,15.919581648148132,46.0,58.08000000000002,48.86040786422158,20.0
-1,-119.0772297815725,12.552093134259252,45.0,49.82400000000001,69.25322978157249,25.0
-1,-102.27585139372714,15.044244805555556,47.0,61.056000000000026,41.21985139372711,19.0
-1,-100.40872720387524,18.20090388888888,55.0,57.02400000000003,43.38472720387521,16.0
-1,-147.31572771185816,16.131809287036994,66.0,84.67200000000004,62.64372771185812,23.0
-1,-92.27442708696114,12.41530892592592,43.0,54.720000000000006,37.55442708696114,21.0
-1,-114.83808117970528,18.571348814814776,65.0,71.80800000000004,43.03008117970524,20.0
-1,-147.50731435836622,16.849956041666637,60.0,76.80000000000004,70.70731435836619,23.0
-1,-118.95515501048624,16.350960083333305,47.0,56.73600000000002,62.21915501048621,24.0
-1,-126.30264526972292,15.087768759259246,48.0,49.056,77.2466452697229,27.0
-1,-140.06845408638804,17.554919787037,53.0,68.83200000000002,71.23645408638801,23.0
-1,-78.25943573972899,19.33548027314809,48.0,52.60800000000001,25.651435739728967,14.0
-1,-122.5196473164628,16.381536513888847,51.0,55.776000000000025,66.74364731646278,24.0
-1,-132.5250583250018,13.060549574074065,62.0,77.08800000000002,55.43705832500176,23.0
-1,-97.96285255414192,14.134829328703685,45.0,51.93600000000002,46.02685255414192,24.0
-1,-101.65336064850854,17.54366393055554,61.0,66.72000000000001,34.93336064850852,16.0
-1,-103.03386181626436,15.699067999999992,44.0,55.296000000000014,47.737861816264335,20.0
-1,-104.62148176604768,13.18499898148148,43.0,46.84800000000002,57.77348176604766,21.0
-1,-115.56495621370333,13.259070004629612,42.0,55.58400000000001,59.9809562137033,21.0
-1,-121.14561924916518,17.276973347222192,45.0,59.904000000000025,61.241619249165154,21.0
-1,-114.86028277951708,16.301675087962956,51.0,63.64800000000003,51.21228277951705,20.0
-1,-101.7310261715054,14.60477068518517,52.0,66.81600000000002,34.91502617150539,17.0
-1,-110.8187485469612,14.191210254629611,46.0,46.27200000000001,64.54674854696118,24.0
-1,-139.41008937033672,20.971007111111035,73.0,71.90400000000004,67.50608937033668,22.0
-1,-89.45474735774994,20.939630499999986,63.0,57.69600000000002,31.75874735774992,14.0
-1,-91.00947831677796,15.646489486111108,45.0,49.15200000000002,41.857478316777936,18.0
-1,-102.55149730219968,14.400717152777768,52.0,57.60000000000003,44.95149730219965,23.0
-1,-101.8258398607662,12.2909747175926,47.0,55.00800000000002,46.81783986076618,19.0
-1,-109.0036564362978,13.176456393518524,46.0,50.20800000000002,58.79565643629779,26.0
-1,-112.44988861656816,19.497512759259195,52.0,61.056000000000026,51.39388861656812,20.0
-1,-126.29182614324128,18.422059851851778,58.0,72.38400000000003,53.907826143241245,20.0
-1,-117.26292373779592,20.023000824074007,57.0,66.33600000000003,50.926923737795896,18.0
-1,-97.2207230474004,10.907682208333352,33.0,37.92,59.30072304740042,25.0
-1,-91.56782824822857,17.44433421296292,51.0,59.04000000000002,32.52782824822852,15.0
-1,-139.04697486666186,14.413634708333309,57.0,70.94400000000003,68.10297486666184,24.0
-1,-135.04058354618766,14.650416162037017,48.0,63.93600000000003,71.10458354618764,24.0
-1,-110.05934928855932,13.266828680555532,52.0,58.75200000000003,51.30734928855929,20.0
-1,-106.65915089749706,18.079965675925887,43.0,47.71200000000001,58.94715089749704,19.0
-1,-91.4215831062818,13.908785125000009,35.0,38.592000000000006,52.829583106281774,21.0
-1,-113.39206432539928,16.525906824074017,52.0,64.22400000000002,49.168064325399264,21.0
-1,-111.71039772875228,16.72881687499996,57.0,62.49600000000002,49.21439772875226,21.0
-1,-106.27535312759214,14.751310388888866,53.0,62.68800000000002,43.58735312759212,22.0
-1,-108.66397402464531,15.144278273148124,44.0,54.33600000000002,54.3279740246453,20.0
-1,-97.30402197879098,17.709331032407388,61.0,63.84000000000003,33.46402197879095,18.0
-1,-99.19253155571904,10.644492638888892,48.0,60.864000000000026,38.32853155571901,20.0
-1,-96.14554496508916,12.239665490740748,53.0,59.32800000000002,36.81754496508914,20.0
-1,-105.73529773190948,12.988491416666676,45.0,46.27200000000002,59.46329773190946,24.0
-1,-124.03541207408452,17.601045967592544,48.0,74.11200000000004,49.923412074084496,19.0
-1,-122.19601716417009,15.632587578703689,49.0,67.87200000000003,54.32401716417006,22.0
-1,-134.698168377439,11.83365685648149,48.0,64.41600000000003,70.28216837743899,26.0
-1,-117.01870700952855,14.730565231481462,51.0,63.55200000000004,53.46670700952851,23.0
-1,-104.2817814702714,13.598608824074052,56.0,62.20800000000003,42.07378147027137,21.0
-1,-107.08929386360975,12.750338495370382,41.0,52.41600000000002,54.673293863609736,25.0
-1,-109.1629326718468,17.085525365740704,47.0,58.08000000000003,51.08293267184676,21.0
-1,-99.04750289490914,10.207483874999992,58.0,77.28000000000003,21.76750289490912,13.0
-1,-114.03737026970398,11.780876791666667,51.0,68.54400000000003,45.49337026970395,22.0
-1,-109.36619263173873,17.038138796296288,47.0,58.27200000000003,51.094192631738686,21.0
-1,-86.68755534943755,16.767128199074072,47.0,51.84,34.84755534943754,14.0
-1,-111.8026706574202,15.698822324074069,48.0,53.56800000000002,58.234670657420175,26.0
-1,-99.11195553952182,13.744596824074067,40.0,43.872000000000014,55.2399555395218,23.0
-1,-120.2605063454612,20.096519291666624,63.0,71.90400000000004,48.35650634546116,19.0
-1,-102.704952399621,17.646938236111072,49.0,47.040000000000006,55.664952399620994,22.0
-1,-92.51410538185462,15.647989472222188,42.0,56.25600000000002,36.2581053818546,15.0
-1,-106.38192681451712,13.044082768518509,44.0,58.75200000000002,47.6299268145171,21.0
-1,-120.73219032687416,13.64116162499999,45.0,59.32800000000002,61.40419032687413,26.0
-1,-112.0930654685251,13.202545180555536,49.0,66.04800000000003,46.04506546852507,23.0
-1,-99.39221864538604,15.088086597222244,46.0,54.43200000000001,44.96021864538604,21.0
-1,-136.30324900774224,12.841928092592594,48.0,63.16800000000002,73.1352490077422,25.0
-1,-107.70313415422513,13.666674069444422,42.0,60.76800000000002,46.935134154225096,19.0
-1,-124.67401588830998,16.136591726851815,50.0,72.86400000000003,51.81001588830996,21.0
-1,-116.06716128994738,14.0844956296296,55.0,77.47200000000002,38.59516128994736,18.0
-1,-107.14907930701702,13.096725782407407,41.0,48.67200000000002,58.477079307017,21.0
-1,-112.67911844140832,16.88123743981478,54.0,55.58400000000002,57.09511844140831,22.0
-1,-105.64067757115656,15.56363310648146,44.0,55.872000000000014,49.76867757115655,19.0
-1,-100.27518988830045,21.05652218518513,44.0,52.99200000000002,47.28318988830042,16.0
-1,-109.24802389398845,13.920986203703686,53.0,60.67200000000002,48.57602389398841,18.0
-1,-131.81009819753655,33.67210159259259,72.0,61.63200000000003,70.17809819753651,21.0
-1,-102.65587162788776,16.315977129629626,47.0,49.53600000000002,53.11987162788775,22.0
-1,-115.49834712402102,16.893670421296267,53.0,61.632000000000026,53.86634712402099,19.0
-1,-104.22626188388725,17.38049980092591,39.0,43.68000000000001,60.54626188388723,20.0
-1,-116.27863098691738,18.9075023101851,54.0,66.14400000000003,50.134630986917344,23.0
-1,-115.06637003577084,16.492611467592575,46.0,52.70400000000002,62.362370035770816,22.0
-1,-95.96805735393777,12.292367092592569,40.0,56.35200000000001,39.61605735393776,17.0
-1,-103.42769511436148,15.36237879629628,51.0,55.20000000000002,48.22769511436145,21.0
-1,-98.0380318638074,12.678500069444436,39.0,54.81600000000002,43.22203186380738,21.0
-1,-90.1163606435848,16.278119037037005,48.0,59.71200000000002,30.404360643584788,18.0
-1,-93.0714272125471,11.455845972222216,38.0,46.75200000000002,46.31942721254709,19.0
-1,-100.03686151683156,17.85990557870368,45.0,55.87200000000002,44.164861516831536,18.0
-1,-98.3592283954202,14.90022579629628,49.0,57.02400000000002,41.335228395420174,22.0
-1,-90.65848287987956,13.688678412037056,42.0,50.30400000000001,40.35448287987956,20.0
-1,-97.99305466032416,12.168666851851857,48.0,57.69600000000002,40.29705466032415,21.0
-1,-117.758562605288,16.831737138888865,71.0,72.86400000000002,44.89456260528797,19.0
-1,-98.07203261187357,18.62576710185181,52.0,52.992000000000026,45.08003261187354,20.0
-1,-113.487982443617,18.051123787036964,54.0,55.29600000000002,58.191982443616965,21.0
-1,-129.41729658158982,16.635497087962932,66.0,83.61600000000004,45.8012965815898,19.0
-1,-138.91769874083067,19.431831717592512,60.0,78.14400000000003,60.77369874083064,23.0
-1,-125.32365592171712,13.027555050925915,45.0,65.28000000000002,60.043655921717104,27.0
-1,-100.06934773732095,13.79566031481482,45.0,45.02400000000001,55.04534773732096,21.0
-1,-114.43064635825814,18.182311754629623,73.0,72.00000000000003,42.43064635825812,18.0
-1,-205.51368544952052,17.100485958333287,82.0,130.56000000000006,74.95368544952048,23.0
-1,-126.45683960191114,16.131816254629605,50.0,62.68800000000003,63.76883960191111,25.0
-1,-84.63373570281686,12.651344458333332,40.0,40.608,44.02573570281687,21.0
-1,-153.91307870455927,19.59545995833325,69.0,89.18400000000005,64.72907870455923,20.0
-1,-136.63880101850802,16.335847861111073,62.0,92.64000000000004,43.99880101850799,23.0
-1,-118.3164778788356,19.33750652314809,68.0,85.72800000000004,32.588477878835555,15.0
-1,-105.5239971268828,17.09873321759258,44.0,48.19200000000001,57.3319971268828,23.0
-1,-90.89984258453718,14.82634668981482,53.0,70.75200000000004,20.147842584537145,12.0
-1,-96.6897516199932,13.795821398148131,38.0,47.90400000000002,48.78575161999317,21.0
-1,-118.40765548576871,15.64397589814811,58.0,73.44000000000003,44.96765548576869,18.0
-1,-101.68768287572334,16.535869439814793,47.0,53.08800000000002,48.59968287572332,21.0
-1,-102.35508201514072,17.16736902314814,51.0,50.40000000000003,51.9550820151407,20.0
-1,-105.8996532766024,14.581706995370368,51.0,59.80800000000002,46.09165327660239,20.0
-1,-129.26889616580038,15.660840958333324,56.0,62.01600000000002,67.25289616580037,23.0
-1,-114.90253960098607,14.536377888888858,41.0,55.68000000000002,59.22253960098605,22.0
-1,-137.09309117261694,17.62691844907404,55.0,61.92000000000003,75.17309117261689,21.0
-1,-88.53447293050623,12.86932099074074,50.0,59.13600000000002,29.398472930506205,14.0
-1,-82.88794587937781,13.772426694444432,39.0,47.808000000000014,35.07994587937779,14.0
-1,-118.4491356751452,21.25573057870368,51.0,50.400000000000006,68.04913567514521,22.0
-1,-114.56998709758794,18.659909162037025,59.0,76.22400000000003,38.34598709758791,17.0
-1,-130.17541124405355,14.953018643518504,50.0,66.04800000000003,64.12741124405352,24.0
-1,-116.85878120320622,13.72046634722221,58.0,60.672000000000025,56.1867812032062,24.0
-1,-94.73675892044643,14.08749259259258,43.0,57.31200000000002,37.424758920446415,20.0
-1,-101.15924973112992,14.337340800925908,43.0,49.24800000000002,51.9112497311299,22.0
-1,-124.57381374760516,18.12532222222218,63.0,81.79200000000004,42.78181374760511,18.0
-1,-142.64895108988324,21.05051400925918,73.0,97.82400000000004,44.82495108988319,19.0
-1,-103.76762375345452,17.820990402777735,45.0,62.592000000000034,41.17562375345448,15.0
-1,-118.7911408892484,13.855796499999997,41.0,58.84800000000001,59.9431408892484,20.0
-1,-97.7203960420961,11.74505081018518,42.0,50.40000000000002,47.320396042096085,22.0
-1,-108.09995700247316,15.95187592129628,57.0,59.04000000000001,49.05995700247314,21.0
-1,-93.71298157111988,13.82459271296294,51.0,52.128000000000014,41.584981571119854,22.0
-1,-124.16343597087362,15.072060129629609,48.0,68.92800000000003,55.2354359708736,21.0
-1,-111.25337414268654,18.656130814814745,53.0,58.17600000000002,53.07737414268652,19.0
-1,-146.88457175881038,16.37217318981478,62.0,87.74400000000004,59.14057175881033,23.0
-1,-105.53438613562965,14.337933930555524,42.0,57.69600000000002,47.838386135629605,20.0
-1,-86.73809396146339,13.3194567037037,51.0,56.73600000000002,30.00209396146338,17.0
-1,-103.73398208166576,14.329331967592603,38.0,53.85600000000002,49.87798208166575,19.0
-1,-112.95902041113033,15.766879208333316,47.0,58.94400000000002,54.01502041113031,20.0
-1,-95.53194508236294,18.89728812037032,44.0,50.496000000000016,45.03594508236292,19.0
-1,-102.9386756221012,14.08589734259259,47.0,61.248000000000026,41.69067562210117,19.0
-1,-97.99235084919988,17.813298398148127,43.0,46.46400000000001,51.52835084919986,20.0
-1,-124.82144735956204,15.784644879629594,50.0,64.70400000000002,60.117447359562,22.0
-1,-92.72206271081052,14.965620745370364,33.0,34.56,58.16206271081051,21.0
-1,-130.74143947509708,21.19916873611102,74.0,84.67200000000004,46.069439475097056,20.0
-1,-141.9727428043073,13.93824001851852,70.0,81.79200000000004,60.18074280430724,22.0
-1,-96.44771926248872,15.805602203703696,57.0,64.99200000000003,31.455719262488685,14.0
-1,-108.49438405475811,11.984260824074054,51.0,57.21600000000003,51.27838405475808,19.0
-1,-167.98457853310788,16.02069192129628,69.0,101.47200000000004,66.51257853310783,24.0
-1,-102.46907663628558,18.34755094907404,57.0,68.16000000000003,34.30907663628555,18.0
-1,-104.48908322368747,18.011773162037017,49.0,60.38400000000003,44.105083223687465,20.0
-1,-103.01937077122707,16.391443402777753,54.0,60.57600000000002,42.44337077122705,20.0
-1,-100.84488353208285,14.54526129166666,50.0,60.86400000000003,39.980883532082814,21.0
-1,-118.09672784534924,16.431807870370346,44.0,54.04800000000001,64.04872784534925,19.0
-1,-121.05313474603422,17.744440314814767,51.0,67.39200000000002,53.66113474603419,19.0
-1,-113.99814835849436,14.4954509537037,58.0,67.96800000000003,46.03014835849432,22.0
-1,-109.29291953026328,15.17179559259258,50.0,68.83200000000004,40.46091953026324,16.0
-1,-88.1015995632163,15.54824125462962,46.0,50.40000000000002,37.70159956321628,20.0
-1,-129.94673182783797,17.085015134259205,54.0,72.09600000000003,57.85073182783793,21.0
-1,-89.69173853415073,14.528648759259262,41.0,51.45600000000002,38.23573853415071,19.0
-1,-94.57373959292228,16.031390203703708,41.0,51.45600000000002,43.11773959292225,18.0
-1,-130.18365064362848,13.825297379629609,55.0,74.11200000000004,56.07165064362844,21.0
-1,-110.144426433738,16.273449407407377,50.0,59.52000000000004,50.624426433737966,21.0
-1,-119.80585263080248,15.078404615740723,54.0,60.96000000000004,58.84585263080246,24.0
-1,-107.78442272358272,14.742760615740744,40.0,46.56000000000002,61.22442272358271,23.0
-1,-109.45317819760444,16.70330907407405,43.0,64.22400000000002,45.22917819760442,22.0
-1,-200.0108267787242,17.62118077314807,90.0,147.8400000000001,52.17082677872413,21.0
-1,-131.4499369946914,14.669608157407383,47.0,58.46400000000003,72.98593699469137,24.0
-1,-108.95671328196676,15.543731185185155,52.0,60.09600000000002,48.86071328196674,21.0
-1,-97.3204537268672,12.22065499999998,45.0,55.20000000000002,42.120453726867154,22.0
-1,-117.2101739828259,15.863800291666632,42.0,54.52800000000002,62.68217398282589,19.0
-1,-94.96945435551308,13.941310587962954,46.0,48.00000000000002,46.969454355513065,21.0
-1,-140.71869669339202,14.251840430555529,47.0,73.24800000000002,67.47069669339201,20.0
-1,-99.38264448347698,11.103356981481488,39.0,46.56000000000002,52.82264448347696,25.0
-1,-92.62102397233416,16.241413351851833,52.0,54.04800000000003,38.57302397233413,18.0
-1,-112.26007569547096,15.175475462962948,48.0,52.70400000000002,59.55607569547094,21.0
-1,-112.66097515168212,12.759336763888872,45.0,55.87200000000002,56.78897515168211,24.0
-1,-94.4896783113314,12.444428569444424,54.0,60.96000000000002,33.529678311331374,19.0
-1,-106.7951020846615,15.511113398148144,41.0,54.72000000000002,52.07510208466148,21.0
-1,-97.66072863907192,12.580114175925926,35.0,46.94400000000002,50.71672863907192,20.0
-1,-89.79864690375081,15.988387180555527,36.0,33.696,56.10264690375081,23.0
-1,-113.11273935500196,14.413616712962945,36.0,54.62400000000002,58.488739355001954,20.0
-1,-93.55957126111672,12.087286310185185,42.0,44.92800000000002,48.6315712611167,24.0
-1,-94.57280276497148,13.940383435185172,38.0,46.08000000000001,48.49280276497147,19.0
-1,-108.62478887041638,12.844545199074076,40.0,61.632000000000026,46.99278887041636,22.0
-1,-107.45028955731786,12.562174087962957,39.0,48.67200000000002,58.77828955731784,22.0
-1,-92.51883552032984,11.791037583333331,37.0,50.88000000000002,41.63883552032984,21.0
-1,-102.82619058945797,15.542584824074062,43.0,60.76800000000002,42.05819058945794,19.0
-1,-107.94010669729268,11.252968615740732,59.0,75.45600000000005,32.484106697292646,14.0
-1,-74.2720622088338,11.326627055555546,43.0,46.75200000000002,27.520062208833775,17.0
-1,-88.98014269489482,13.281010245370378,51.0,62.20800000000002,26.77214269489481,17.0
-1,-135.99682360186574,17.09592215277773,52.0,71.80800000000004,64.1888236018657,22.0
-1,-131.58842946621652,16.062397513888882,60.0,73.92000000000004,57.66842946621647,19.0
-1,-77.80928326031031,14.549533199074055,46.0,48.096000000000025,29.713283260310288,16.0
-1,-126.07744735287103,13.512033004629613,46.0,59.23200000000002,66.84544735287103,26.0
-1,-128.44511801710468,18.07661201388881,56.0,70.36800000000004,58.077118017104645,22.0
-1,-102.91413167779172,14.249540435185155,49.0,60.28800000000002,42.62613167779169,25.0
-1,-135.00288599334667,15.19763249537034,55.0,76.89600000000004,58.106885993346616,25.0
-1,-119.00495573294042,13.492029097222208,40.0,54.81600000000002,64.1889557329404,23.0
-1,-172.12918134601009,18.587751953703638,71.0,105.98400000000008,66.14518134601002,24.0
-1,-115.93642075484443,13.596390777777769,40.0,55.48800000000002,60.44842075484443,23.0
-1,-102.68900816149012,14.542886212962957,38.0,50.49600000000002,52.19300816149008,19.0
-1,-116.84366959157376,13.006075680555544,43.0,63.26400000000003,53.579669591573726,23.0
-1,-173.52571565273522,22.83897836111106,88.0,120.96000000000008,52.56571565273513,19.0
-1,-104.15801785895694,8.36864959259261,40.0,46.65600000000002,57.50201785895692,25.0
-1,-95.75247624218308,15.161680981481473,46.0,50.59200000000002,45.16047624218308,22.0
-1,-131.74211630924032,13.624758092592575,65.0,83.61600000000004,48.12611630924027,22.0
-1,-78.53148257560443,14.77194037037036,50.0,51.64800000000003,26.883482575604397,18.0
-1,-96.99821540269238,16.916340513888844,44.0,50.68800000000002,46.31021540269237,18.0
-1,-108.3647575070686,15.891823481481463,50.0,57.12000000000003,51.24475750706857,21.0
-1,-87.54272449189135,12.506340870370355,41.0,44.73600000000001,42.80672449189134,20.0
-1,-114.76924698342012,12.185363537037036,41.0,47.32800000000001,67.4412469834201,25.0
-1,-99.4179584322158,14.500952152777764,42.0,52.89600000000002,46.5219584322158,23.0
-1,-114.63930797294536,15.946321675925931,48.0,58.17600000000002,56.46330797294536,21.0
-1,-153.82651295565967,16.165520444444393,59.0,96.38400000000006,57.44251295565962,20.0
-1,-91.30442321271612,14.154406893518509,42.0,49.63200000000001,41.67242321271611,22.0
-1,-86.58344516801148,15.55197671759257,40.0,48.28800000000002,38.29544516801146,21.0
-1,-117.0535234168088,13.120275995370363,48.0,63.84000000000003,53.21352341680875,22.0
-1,-119.2730082480313,10.228990347222226,51.0,59.71200000000004,59.561008248031264,28.0
-1,-96.51522946123276,15.879760175925938,48.0,55.39200000000002,41.123229461232754,17.0
-1,-217.8289760948273,19.11800268981473,115.0,169.92000000000007,47.90897609482725,18.0
-1,-174.6652502302788,15.64320149999998,71.0,114.62400000000004,60.04125023027872,22.0
-1,-140.22553450421702,15.433482282407384,60.0,78.91200000000005,61.31353450421699,24.0
-1,-132.03582111073547,18.36637024537031,66.0,77.76000000000003,54.27582111073544,20.0
-1,-98.91696367065408,13.725408874999983,41.0,42.912000000000006,56.00496367065408,22.0
-1,-115.58353401191364,17.08004892592587,48.0,68.54400000000003,47.03953401191362,17.0
-1,-105.9710905423139,15.334760759259243,47.0,49.34400000000002,56.62709054231387,24.0
-1,-111.47001283636776,14.691555949074049,43.0,65.28000000000003,46.19001283636773,21.0
-1,-120.98149743845887,14.169679277777751,51.0,64.41600000000003,56.56549743845887,24.0
-1,-119.61069921572296,13.943396912037038,60.0,73.92000000000003,45.69069921572293,22.0
-1,-149.04356310897953,16.423378060185144,74.0,83.80800000000004,65.23556310897948,23.0
-1,-146.12105694135755,13.921177523148144,56.0,74.97600000000004,71.14505694135752,24.0
-1,-90.80929443731496,16.1140256898148,46.0,52.896000000000015,37.91329443731495,19.0
-1,-94.38303737091522,13.11557714351852,48.0,57.40800000000002,36.9750373709152,19.0
-1,-98.12675316331185,15.914013601851824,42.0,52.512000000000015,45.61475316331183,19.0
-1,-98.3519207256952,9.127433916666666,34.0,44.35200000000001,53.99992072569519,25.0
-1,-98.0126730529794,16.336090180555548,49.0,56.25600000000002,41.75667305297938,17.0
-1,-107.39479221445484,11.174081662037022,55.0,73.44000000000004,33.95479221445481,19.0
-1,-90.7863880181375,10.835320199074058,55.0,62.01600000000004,28.77038801813746,20.0
-1,-116.88702099311652,14.115222305555534,44.0,59.13600000000002,57.75102099311651,23.0
-1,-105.62156338471816,15.243969731481458,54.0,63.93600000000004,41.68556338471812,16.0
-1,-100.82927398090608,17.30769218981476,46.0,53.95200000000002,46.87727398090605,21.0
-1,-72.91028277282103,11.46047747222223,33.0,35.712,37.198282772821045,18.0
-1,-92.067072151576,15.33482829166664,48.0,59.52000000000002,32.547072151575975,18.0
-1,-101.63818702168234,15.001168467592574,45.0,64.60800000000002,37.03018702168233,18.0
-1,-97.97117940431532,16.9197866435185,55.0,60.096000000000025,37.87517940431528,17.0
-1,-96.22073726232286,17.274644097222193,67.0,73.05600000000003,23.164737262322827,12.0
-1,-110.13969635414092,20.914559305555542,57.0,62.68800000000002,47.45169635414089,19.0
-1,-131.02335316153295,14.713405944444435,54.0,67.96800000000003,63.05535316153293,25.0
-1,-92.59102999583396,16.430327638888873,52.0,52.416000000000025,40.175029995833945,19.0
-1,-105.26916694435684,15.87837180555554,44.0,49.82400000000002,55.44516694435684,21.0
-1,-102.64480593330708,14.520119634259242,44.0,63.16800000000003,39.476805933307055,19.0
-1,-135.6342256786417,16.557351532407388,59.0,80.06400000000005,55.57022567864165,19.0
-1,-133.66747879411577,18.693846731481443,59.0,75.64800000000004,58.01947879411572,21.0
-1,-101.15345812531592,21.048473606481423,58.0,56.640000000000015,44.51345812531592,19.0
-1,-99.55858413293583,15.01419595370369,37.0,46.84800000000001,52.71058413293581,21.0
-1,-101.13350318441668,14.573230907407368,43.0,56.544000000000025,44.58950318441666,20.0
-1,-82.42489558700149,14.844982374999995,41.0,49.63200000000001,32.79289558700148,16.0
-1,-106.40880198855444,15.637188138888886,54.0,64.60800000000002,41.800801988554426,20.0
-1,-109.24543386115104,18.53074406018513,55.0,70.84800000000004,38.397433861151,16.0
-1,-119.1072652262037,17.137531666666607,52.0,74.20800000000004,44.89926522620365,18.0
-1,-118.54737791423966,13.790304981481482,47.0,54.240000000000016,64.30737791423965,23.0
-1,-121.05701585521682,17.051235194444416,66.0,82.36800000000004,38.68901585521678,18.0
-1,-120.41273161220924,16.540767129629575,63.0,83.13600000000005,37.27673161220918,18.0
-1,-80.6016252006738,13.614387726851826,38.0,42.33600000000001,38.26562520067378,17.0
-1,-110.20476983363758,13.448538583333324,55.0,73.92000000000003,36.28476983363756,17.0
-1,-85.37583023176927,16.314991976851825,45.0,50.78400000000001,34.59183023176926,17.0
-1,-140.0909637166788,19.278763027777668,61.0,75.64800000000004,64.44296371667878,23.0
-1,-149.12646105357902,19.76521847222215,68.0,84.19200000000005,64.93446105357899,20.0
-1,-74.20198378641459,14.607256231481475,42.0,42.33600000000001,31.865983786414567,18.0
-1,-120.75808596707964,18.48923792592586,59.0,70.27200000000003,50.4860859670796,22.0
-1,-102.25469006564197,16.10531123148147,43.0,51.36000000000002,50.89469006564195,21.0
-1,-109.57176196108313,15.30617474074072,51.0,63.840000000000025,45.731761961083095,24.0
-1,-99.7434422470032,15.362375106481467,44.0,52.32000000000002,47.42344224700317,21.0
-1,-101.00724259223487,18.97196968518517,48.0,55.77600000000002,45.231242592234864,14.0
-1,-108.8092349744982,18.77420477777773,53.0,61.248000000000026,47.56123497449818,17.0
-1,-92.32464904757548,13.793232305555527,51.0,55.968000000000025,36.35664904757547,22.0
-1,-122.21357295161218,15.165740624999978,55.0,65.66400000000003,56.54957295161215,23.0
-1,-103.35733429064686,12.648401115740732,45.0,52.03200000000002,51.32533429064685,24.0
-1,-92.53900038537674,16.45063212962963,59.0,59.42400000000002,33.11500038537672,17.0
-1,-96.06429336143349,16.844115009259237,71.0,62.88000000000002,33.18429336143345,15.0
-1,-98.37227605803442,13.134193689814795,45.0,53.568000000000026,44.80427605803439,21.0
-1,-109.16762692756272,16.265407106481472,56.0,60.09600000000003,49.07162692756268,21.0
-1,-102.28345568881969,14.065807106481444,46.0,58.94400000000003,43.33945568881966,22.0
-1,-88.58306591380281,13.874705717592589,58.0,60.288000000000025,28.295065913802784,14.0
-1,-119.57014372262115,17.58477928703696,62.0,64.60800000000003,54.962143722621136,23.0
-1,-91.99823889915078,13.843712722222223,36.0,39.36000000000001,52.63823889915078,21.0
-1,-107.24349070850865,15.133210361111084,56.0,66.72000000000003,40.52349070850862,21.0
-1,-102.96778719974044,15.340426597222216,56.0,56.64000000000003,46.327787199740406,21.0
-1,-111.1733324905393,22.364216458333296,48.0,52.512000000000015,58.66133249053928,21.0
-1,-147.07915102958492,17.611822236111074,81.0,94.56000000000006,52.51915102958485,22.0
-1,-129.77457920792995,17.19156628240738,60.0,74.59200000000004,55.18257920792994,23.0
-1,-137.30514259223935,14.076139768518498,64.0,91.20000000000005,46.1051425922393,23.0
-1,-100.38645748454266,17.048047592592543,41.0,45.69600000000001,54.69045748454265,20.0
-1,-103.83712035401612,16.404565958333283,45.0,69.31200000000003,34.5251203540161,17.0
-1,-89.48187500720789,16.528892560185174,49.0,55.96800000000002,33.51387500720787,18.0
-1,-93.01794835713044,16.092140615740725,42.0,51.16800000000002,41.849948357130415,20.0
-1,-84.95546401687105,14.034143875000003,47.0,56.83200000000002,28.123464016871036,16.0
-1,-135.9310364977745,19.28952473611104,67.0,88.41600000000005,47.515036497774446,19.0
-1,-93.57736556519284,14.175083805555534,48.0,62.88000000000002,30.697365565192808,17.0
-1,-116.3581378905132,16.980901101851806,46.0,44.83200000000001,71.52613789051318,25.0
-1,-90.7389576098968,14.161743930555565,50.0,52.320000000000014,38.41895760989679,22.0
-1,-110.77489285875802,15.266572111111088,54.0,65.18400000000004,45.590892858757975,20.0
-1,-104.8941950926654,11.426144064814808,45.0,54.52800000000003,50.36619509266537,26.0
-1,-138.82331441377386,14.60941563425924,51.0,62.30400000000002,76.51931441377383,24.0
-1,-86.71348987571122,10.330770759259243,46.0,58.75200000000002,27.9614898757112,18.0
-1,-71.16952477459434,12.67113717592592,46.0,49.63200000000001,21.537524774594324,15.0
-1,-107.96516429843834,15.42277092592592,47.0,62.97600000000004,44.98916429843831,23.0
-1,-93.91351079557997,16.7057493935185,42.0,50.112000000000016,43.80151079557993,20.0
-1,-124.33047243868336,15.236534930555544,59.0,65.08800000000004,59.24247243868332,23.0
-1,-87.61939983678938,12.60035154166665,45.0,49.24800000000001,38.37139983678937,24.0
-1,-98.41887214331976,14.062017995370324,37.0,46.65600000000001,51.76287214331975,22.0
-1,-119.2694120441347,12.829523333333334,44.0,57.21600000000002,62.05341204413468,24.0
-1,-132.00714575426963,16.360236351851807,69.0,82.75200000000004,49.2551457542696,22.0
-1,-88.63643000970748,15.522885203703678,44.0,43.296000000000014,45.34043000970746,22.0
-1,-104.03822537395092,18.62545573148144,55.0,65.47200000000002,38.5662253739509,19.0
-1,-110.82530015569073,13.773787884259251,47.0,55.29600000000003,55.5293001556907,24.0
-1,-128.23538044637317,16.35355599537032,53.0,69.02400000000004,59.211380446373134,21.0
-1,-104.82352150252886,12.744443388888882,48.0,56.832000000000015,47.99152150252885,21.0
-1,-103.47787332906906,16.162774032407373,49.0,66.14400000000003,37.33387332906902,20.0
-1,-121.91612950573077,14.115757879629626,44.0,56.44800000000002,65.46812950573073,24.0
-1,-130.37941658542377,15.277570064814798,49.0,62.784000000000034,67.59541658542372,24.0
-1,-109.35555189596415,19.015039925925844,54.0,61.15200000000003,48.203551895964125,19.0
-1,-112.41812519637044,14.309766634259235,52.0,58.84800000000002,53.5701251963704,26.0
-1,-163.29382314028172,16.645361180555522,78.0,112.70400000000006,50.58982314028165,22.0
-1,-86.8539992910716,12.369460999999989,58.0,55.10400000000003,31.74999929107157,18.0
-1,-112.06919614335855,14.612502606481476,46.0,49.728000000000016,62.34119614335856,22.0
-1,-103.82823312360998,15.95377895370368,40.0,53.76000000000002,50.06823312360996,22.0
-1,-100.14559020722793,15.067508249999989,44.0,56.35200000000002,43.79359020722791,22.0
-1,-101.33345517293648,12.79749950925924,41.0,54.81600000000002,46.51745517293645,23.0
-1,-104.26719689884855,8.812763282407438,28.0,33.696000000000005,70.57119689884857,26.0
-1,-90.51321875029132,17.09348231018518,54.0,50.97600000000003,39.537218750291295,20.0
-1,-89.67405216827099,13.956257643518503,39.0,50.30400000000002,39.370052168270966,19.0
-1,-100.79904336531476,16.01732014814811,46.0,60.57600000000003,40.22304336531473,22.0
-1,-96.25083927796238,15.268078546296296,50.0,59.13600000000003,37.11483927796235,18.0
-1,-78.84806880326974,15.429802226851844,53.0,52.99200000000001,25.85606880326973,15.0
-1,-110.84179884982257,17.12369062037036,49.0,65.37600000000003,45.46579884982253,19.0
-1,-101.59290555887634,19.329045402777723,51.0,55.96800000000002,45.62490555887633,22.0
-1,-78.891594218475,16.71340011111108,40.0,45.98400000000001,32.907594218475005,16.0
-1,-89.17522242251209,11.15851656481482,51.0,57.120000000000026,32.05522242251206,17.0
-1,-95.39672319762532,18.83501936111104,44.0,54.62400000000002,40.77272319762531,20.0
-1,-114.08520543799182,14.294428824074084,45.0,57.696000000000026,56.3892054379918,23.0
-1,-99.40714321989115,14.683383148148136,46.0,56.06400000000002,43.34314321989115,21.0
-1,-100.84307344818215,13.410595078703706,44.0,53.85600000000002,46.98707344818214,23.0
-1,-93.644386353047,23.366816703703687,61.0,50.97600000000002,42.66838635304698,17.0
-1,-101.85169770229686,16.890552314814762,54.0,64.12800000000003,37.72369770229683,20.0
-1,-147.80951225312953,13.982360379629606,76.0,99.64800000000004,48.16151225312947,23.0
-1,-101.54770347854368,11.946468546296298,38.0,53.47200000000002,48.07570347854365,21.0
-1,-101.2024477425924,19.330110060185152,56.0,70.27200000000003,30.93044774259238,15.0
-1,-88.50958618465995,11.817008439814805,38.0,44.64000000000001,43.86958618465994,24.0
-1,-85.4052295460664,15.60484819907404,41.0,53.472000000000016,31.933229546066386,17.0
-1,-99.25668991557484,15.359168990740743,45.0,54.048000000000016,45.208689915574816,21.0
-1,-94.0239591596142,12.699917805555543,49.0,51.648000000000025,42.37595915961418,23.0
-1,-117.99924696465888,16.186816347222187,52.0,66.33600000000003,51.66324696465884,20.0
-1,-85.38262826066651,13.697903606481493,39.0,44.64000000000001,40.74262826066649,20.0
-1,-91.90768912484248,16.33456490277775,50.0,54.81600000000003,37.09168912484245,19.0
-1,-123.44466075321252,17.44526929166665,64.0,71.23200000000004,52.21266075321249,21.0
-1,-94.66849480798965,15.09139416666664,50.0,59.23200000000001,35.436494807989625,20.0
-1,-91.05123234959626,17.5807078287037,44.0,53.37600000000002,37.67523234959625,19.0
-1,-115.45289364802728,13.89407334722222,49.0,58.84800000000001,56.60489364802726,26.0
-1,-127.79331165115168,12.435298254629608,51.0,70.36800000000002,57.425311651151645,22.0
-1,-129.80356052950611,13.89052758796296,58.0,77.18400000000004,52.61956052950609,18.0
-1,-91.0018069414229,15.483446074074074,38.0,46.08000000000002,44.92180694142287,20.0
-1,-91.19786294488108,12.595697893518508,45.0,46.84800000000002,44.34986294488106,21.0
-1,-109.94086902145273,14.709732851851818,52.0,63.74400000000002,46.19686902145271,22.0
-1,-97.77008060913232,15.571046374999996,45.0,50.496000000000016,47.27408060913231,21.0
-1,-82.62773278455593,11.888196564814812,31.0,39.55200000000001,43.075732784555925,23.0
-1,-81.26159597691975,13.724032249999986,36.0,48.480000000000025,32.78159597691972,19.0
-1,-89.24138607464796,14.20708087500002,39.0,46.56000000000002,42.68138607464794,18.0
-1,-84.40834304351574,12.118090374999992,35.0,47.90400000000001,36.50434304351574,22.0
-1,-86.41411030837135,14.967124212962952,45.0,49.728000000000016,36.68611030837133,19.0
-1,-89.676771408222,14.283374819444427,44.0,47.04000000000001,42.63677140822198,22.0
-1,-113.7210429751218,14.072589504629626,60.0,72.38400000000004,41.33704297512176,22.0
-1,-92.83855543359353,15.264823925925912,46.0,55.20000000000002,37.638555433593496,15.0
-1,-87.19236870388275,14.999782013888863,38.0,39.64800000000001,47.544368703882746,19.0
-1,-103.88217104559097,12.321400648148146,37.0,48.384000000000015,55.49817104559094,22.0
-1,-101.90455710640931,12.349449087962965,40.0,49.05600000000001,52.84855710640933,23.0
-1,-111.28657506435196,13.884380634259246,54.0,63.93600000000004,47.35057506435192,22.0
-1,-106.79383674630702,19.562324499999917,57.0,67.48800000000003,39.30583674630699,18.0
-1,-86.76009120496782,15.441754296296264,44.0,52.416000000000025,34.3440912049678,18.0
-1,-97.2168930523768,11.87076124999999,41.0,47.04000000000001,50.17689305237679,25.0
-1,-125.82723115070829,17.890749499999952,63.0,83.80800000000005,42.01923115070822,19.0
-1,-88.63632504181408,11.807861648148142,32.0,43.392,45.24432504181407,18.0
-1,-105.67058772213556,13.96955512962961,47.0,61.15200000000002,44.51858772213554,22.0
-1,-110.4273201804062,19.761052791666632,55.0,64.70400000000002,45.72332018040618,18.0
-1,-81.75677851972719,10.375182476851856,42.0,53.952000000000005,27.804778519727197,15.0
-1,-69.92347447132008,11.202324013888877,40.0,43.20000000000001,26.72347447132007,17.0
-1,-98.6198400042906,14.152666643518492,51.0,56.06400000000002,42.55584000429058,22.0
-1,-113.81793103628011,13.093614768518512,50.0,66.24000000000002,47.577931036280106,18.0
-1,-111.53102932351368,15.42642392592593,57.0,57.504000000000026,54.02702932351367,22.0
-1,-101.28930597576922,11.767809912037029,40.0,47.42400000000002,53.8653059757692,24.0
-1,-109.07109582483346,11.65067250000001,49.0,54.336000000000034,54.73509582483343,23.0
-1,-139.5135064548504,12.285324231481486,52.0,71.52000000000004,67.99350645485039,26.0
-1,-101.05015971353708,17.94313379629628,47.0,57.21600000000003,43.834159713537055,17.0
-1,-103.2174202068887,15.940072379629616,52.0,55.10400000000002,48.11342020688869,19.0
-1,-84.47646279517417,11.571381189814806,36.0,41.85600000000001,42.62046279517416,23.0
-1,-107.10197696337984,15.172212537037014,46.0,63.45600000000002,43.6459769633798,20.0
-1,-85.70494748916244,17.456834143518492,39.0,45.40800000000001,40.29694748916243,18.0
-1,-124.95482253113931,16.712041291666623,59.0,61.72800000000004,63.22682253113927,22.0
-1,-90.72416033998157,14.734652773148138,47.0,58.17600000000002,32.548160339981536,16.0
-1,-90.39471660262254,14.508664902777758,45.0,48.768000000000015,41.62671660262253,21.0
-1,-103.61025813952855,16.528939930555502,47.0,51.36000000000002,52.250258139528526,20.0
-1,-82.02400117695208,19.799496939814805,48.0,53.28000000000003,28.744001176952047,16.0
-1,-145.19461931584084,14.840274652777754,52.0,71.23200000000003,73.9626193158408,27.0
-1,-93.73043698156933,11.289229694444456,41.0,44.35200000000001,49.378436981569294,22.0
-1,-97.487973047154,16.38267750925923,54.0,57.504000000000026,39.98397304715395,21.0
-1,-92.82007826723397,16.431171773148133,45.0,55.58400000000002,37.23607826723395,17.0
-1,-114.517972106331,15.604374833333296,43.0,57.60000000000002,56.91797210633096,22.0
-1,-93.49676468337528,18.62904474537036,47.0,51.55200000000002,41.94476468337527,16.0
-1,-124.76715173978288,15.324263587962957,55.0,63.64800000000003,61.11915173978285,22.0
-1,-79.52418849284294,12.592172203703695,34.0,42.81600000000001,36.708188492842936,22.0
-1,-98.68022176695128,15.679534097222206,49.0,47.90400000000001,50.77622176695129,19.0
-1,-92.80269828344898,16.302738115740727,45.0,52.22400000000002,40.57869828344896,18.0
-1,-109.89981424914949,16.80987514814812,50.0,56.160000000000025,53.73981424914946,20.0
-1,-147.10857373979914,18.997416620370284,68.0,91.58400000000006,55.524573739799074,21.0
-1,-104.8956228694357,15.446938888888862,48.0,58.46400000000003,46.431622869435664,22.0
-1,-99.67443202277344,14.275392819444429,44.0,48.48000000000002,51.19443202277342,21.0
-1,-88.32439631465513,20.503251319444427,48.0,49.44000000000002,38.88439631465512,21.0
-1,-122.63679045786456,14.178792569444417,50.0,70.56000000000003,52.07679045786451,23.0
-1,-95.33097962534087,16.761295523148096,46.0,55.776000000000025,39.554979625340856,21.0
-1,-90.52046099239476,8.988973398148163,41.0,47.90400000000002,42.61646099239474,24.0
-1,-91.05531806776855,18.22496676388887,50.0,51.84,39.21531806776854,20.0
-1,-86.89958669879655,12.460958967592578,48.0,48.48000000000001,38.419586698796536,21.0
-1,-95.4939402325651,13.393772236111104,49.0,53.184000000000026,42.30994023256507,21.0
-1,-106.93440043993338,11.13073478240742,39.0,43.392,63.54240043993338,26.0
-1,-115.13017388815192,16.844021148148144,52.0,62.97600000000002,52.154173888151895,17.0
-1,-104.080212378892,12.992597208333326,44.0,57.40800000000002,46.672212378892,20.0
-1,-90.49684249449209,15.267870717592563,41.0,54.62400000000002,35.87284249449206,21.0
-1,-82.73932670065139,13.363873865740716,38.0,51.07200000000002,31.66732670065137,20.0
-1,-131.16849658168496,18.12052481018512,54.0,71.04000000000003,60.128496581684914,21.0
-1,-94.14137725166104,15.252548912037025,48.0,55.48800000000002,38.65337725166104,19.0
-1,-93.84773194736462,13.88068839814815,47.0,55.968000000000025,37.87973194736461,18.0
-1,-97.51764082327364,12.31735987037038,46.0,60.19200000000002,37.32564082327362,17.0
-1,-99.2653073524177,17.765865421296244,49.0,50.68800000000002,48.57730735241768,22.0
-1,-96.97958063301012,12.283077671296285,50.0,52.224000000000025,44.75558063301011,20.0
-1,-85.96342540938817,16.159491384259233,53.0,54.91200000000001,31.05142540938815,18.0
-1,-103.91783589864826,14.47090321296295,45.0,52.224000000000025,51.693835898648246,20.0
-1,-86.38850767912479,12.564005768518491,48.0,57.69600000000001,28.692507679124773,18.0
-1,-103.91175525470152,20.003879388888823,56.0,66.33600000000003,37.57575525470151,17.0
-1,-103.36710307830458,16.05089396296296,57.0,65.66400000000003,37.70310307830456,18.0
-1,-92.99780384932107,14.592764935185182,47.0,55.68000000000002,37.31780384932106,22.0
-1,-92.3759286127436,17.15440521759255,54.0,49.24800000000002,43.12792861274357,21.0
-1,-106.46200726995284,12.385186337962946,45.0,50.59200000000002,55.87000726995282,24.0
-1,-101.9697682121813,12.36412015277777,48.0,55.68000000000002,46.28976821218127,26.0
-1,-85.07757015467449,12.769933606481503,50.0,48.000000000000014,37.07757015467448,22.0
-1,-102.05421527189958,15.658366921296254,51.0,69.31200000000003,32.74221527189956,20.0
-1,-93.72247349775576,17.855797291666615,48.0,48.67200000000002,45.05047349775575,20.0
-1,-95.34574641801493,15.387761518518488,44.0,54.24000000000002,41.10574641801491,19.0
-1,-103.0296511382752,17.10630149537032,53.0,65.95200000000003,37.07765113827517,15.0
-1,-101.6276098464318,13.473003120370349,40.0,51.936000000000014,49.6916098464318,23.0
-1,-94.4168375802677,15.089870055555563,53.0,51.26400000000002,43.15283758026768,22.0
-1,-101.08065854348388,13.409440523148104,53.0,62.97600000000004,38.10465854348384,22.0
-1,-119.54897372160428,14.620587157407387,52.0,68.54400000000003,51.004973721604266,22.0
-1,-85.61319362054627,14.126327162037024,44.0,45.31200000000001,40.30119362054626,21.0
-1,-85.68521759248395,18.23304241203704,55.0,49.248000000000026,36.43721759248392,18.0
-1,-90.06538373655076,14.629318194444432,50.0,56.736000000000026,33.32938373655073,19.0
-1,-110.09917029881314,16.449827981481445,47.0,55.77600000000002,54.323170298813125,20.0
-1,-94.95480829187376,14.226570569444412,48.0,50.40000000000003,44.55480829187373,20.0
-1,-91.1451524818422,11.450906694444452,49.0,47.90400000000002,43.241152481842185,22.0
-1,-99.57785867094664,12.463387310185167,42.0,48.00000000000001,51.57785867094665,23.0
-1,-96.20545337776522,13.32815581481481,49.0,54.33600000000002,41.8694533777652,16.0
-1,-92.20014688820127,12.743281814814823,41.0,39.936000000000014,52.26414688820126,23.0
-1,-116.23629781577866,17.316610050925892,65.0,69.40800000000003,46.82829781577863,20.0
-1,-100.57786560098712,15.67038360648146,50.0,57.696000000000026,42.88186560098708,21.0
-1,-87.32256147956137,15.052134592592587,47.0,53.95200000000003,33.370561479561346,19.0
-1,-85.64290121950411,16.420577148148134,51.0,53.76000000000002,31.88290121950409,15.0
-1,-120.40656478397902,16.11574873611107,55.0,70.75200000000002,49.654564783979,18.0
-1,-88.34897834414437,16.416952638888873,49.0,51.16800000000001,37.18097834414435,18.0
-1,-93.31601972379876,16.239773356481443,49.0,58.75200000000003,34.56401972379873,19.0
-1,-95.78477932091424,12.916494736111096,40.0,54.81600000000002,40.968779320914194,21.0
-1,-96.6743296261674,18.251236425925867,57.0,61.72800000000002,34.94632962616737,15.0
-1,-102.78830115188084,15.431555333333302,49.0,61.92000000000003,40.868301151880814,18.0
-1,-93.8780484017064,11.24614731481481,45.0,45.88800000000001,47.99004840170638,24.0
-1,-79.33835006109926,10.854319999999992,47.0,50.01600000000003,29.32235006109924,18.0
-1,-92.0848124995006,11.141890453703716,41.0,46.56000000000002,45.52481249950059,23.0
-1,-110.20845356623464,10.845433374999995,44.0,53.18400000000002,57.02445356623463,26.0
-1,-91.05051917912624,18.489836421296264,47.0,59.90400000000003,31.14651917912621,17.0
-1,-87.05487931854606,12.178002689814802,34.0,41.66400000000001,45.390879318546055,25.0
-1,-89.79527806370635,15.215417999999982,46.0,47.32800000000001,42.46727806370634,21.0
-1,-100.52151173403418,12.85417268055557,47.0,52.22400000000002,48.29751173403416,20.0
-1,-100.9372326920859,13.901131972222228,47.0,54.04800000000002,46.88923269208587,20.0
-1,-85.9621284128572,11.709634560185185,38.0,41.280000000000015,44.68212841285718,23.0
-1,-94.21296752295754,14.178761226851872,46.0,52.89600000000002,41.31696752295751,20.0
-1,-84.32651787059831,16.418017902777738,44.0,50.59200000000002,33.73451787059828,17.0
-1,-86.75463291009768,12.669355624999994,39.0,47.13600000000002,39.61863291009766,21.0
-1,-151.73846255811563,17.062615611111084,64.0,92.44800000000004,59.29046255811558,22.0
-1,-76.44466312947691,14.211011305555544,45.0,44.73600000000002,31.708663129476896,20.0
-1,-76.83431570486073,9.348962726851864,36.0,41.18400000000001,35.65031570486072,20.0
-1,-114.12929314526204,16.40737636111108,49.0,54.33600000000002,59.79329314526201,22.0
-1,-115.57933262887629,18.453517837962902,57.0,63.26400000000004,52.31533262887624,21.0
-1,-89.52034145720557,14.116655625000003,42.0,43.680000000000014,45.84034145720556,22.0
-1,-100.07903815308808,17.807258037036984,49.0,54.91200000000002,45.16703815308805,21.0
-1,-74.42428894244796,12.18553356944444,41.0,45.98400000000001,28.440288942447957,15.0
-1,-149.13711937279635,14.136420898148147,75.0,90.33600000000004,58.80111937279631,22.0
-1,-138.92236240937928,19.39427037037032,57.0,68.73600000000003,70.18636240937923,22.0
-1,-111.89805500369413,15.126480203703697,55.0,60.67200000000003,51.22605500369409,22.0
-1,-80.2881330950076,11.844308254629627,37.0,41.568000000000005,38.72013309500758,21.0
-1,-84.07606246185291,13.149089916666654,38.0,43.29600000000001,40.78006246185291,19.0
-1,-94.94251530812971,13.72701371759258,44.0,57.312000000000026,37.630515308129695,18.0
-1,-106.33291701421638,16.101840592592577,53.0,55.00800000000002,51.32491701421635,24.0
-1,-105.92987950700451,15.020200148148128,45.0,50.88000000000002,55.04987950700451,26.0
-1,-87.03491098049892,11.61835575462963,44.0,47.61600000000002,39.4189109804989,21.0
-1,-97.06671523768225,12.490667449074085,48.0,55.29600000000002,41.77071523768222,19.0
-1,-67.80660823423021,16.277148550925915,43.0,42.528000000000006,25.278608234230205,16.0
-1,-96.44576344850545,17.03931624999999,57.0,61.44000000000002,35.00576344850541,16.0
-1,-102.79294236770232,14.658347569444418,50.0,50.40000000000002,52.39294236770229,25.0
-1,-99.27945429019071,13.992212888888885,43.0,53.568000000000026,45.71145429019069,22.0
-1,-128.81324491848352,15.554750555555533,58.0,76.60800000000005,52.20524491848348,24.0
-1,-86.29895679434799,16.095632347222196,53.0,53.76000000000001,32.53895679434797,17.0
-1,-101.92457406676954,16.872876518518474,51.0,58.17600000000003,43.74857406676952,22.0
-1,-105.47022491927376,12.942901217592564,51.0,56.25600000000003,49.21422491927372,25.0
-1,-88.22142866079234,13.40181768518518,43.0,43.48800000000001,44.733428660792335,23.0
-1,-103.78486248971804,17.14718784722218,59.0,62.88000000000002,40.90486248971802,18.0
-1,-77.55483446740357,13.464852138888892,39.0,47.52000000000001,30.03483446740356,19.0
-1,-89.16531911008428,16.61584266666666,46.0,50.40000000000003,38.76531911008425,17.0
-1,-89.13499880840158,13.572314828703686,45.0,54.52800000000003,34.60699880840156,19.0
-1,-98.94584844781376,14.075653486111088,50.0,58.46400000000003,40.48184844781374,19.0
-1,-97.6668592973986,15.78207417592592,51.0,61.344000000000015,36.32285929739858,19.0
-1,-76.07203351066028,12.706237759259253,37.0,39.264,36.808033510660266,22.0
-1,-101.40077936582114,13.1679131111111,43.0,44.92800000000001,56.472779365821125,24.0
-1,-104.06411776585328,16.299248851851832,54.0,61.82400000000003,42.24011776585324,22.0
-1,-105.76752736872604,16.524534819444405,48.0,52.22400000000002,53.54352736872603,21.0
-1,-101.08913620491435,17.224418287036986,50.0,51.26400000000002,49.82513620491435,23.0
-1,-82.6110107269223,14.72327849537036,46.0,50.112000000000016,32.49901072692228,18.0
-1,-88.88617001510573,19.785615412037004,55.0,54.33600000000002,34.550170015105714,18.0
-1,-89.32061758331474,12.22132832407407,43.0,50.40000000000003,38.92061758331471,20.0
-1,-87.44853826871375,12.4706140324074,42.0,50.97600000000001,36.47253826871374,21.0
-1,-105.07708176699175,20.96366040277772,64.0,65.28000000000003,39.79708176699175,18.0
-1,-70.16987247239382,11.266146828703697,43.0,48.48000000000002,21.689872472393805,16.0
-1,-108.82433263453538,20.58194015277773,63.0,72.38400000000003,36.44033263453536,19.0
-1,-97.89898674888566,17.51539155555556,46.0,54.43200000000001,43.46698674888565,17.0
-1,-100.7228893499618,16.076653958333292,50.0,59.04000000000003,41.68288934996178,18.0
-1,-107.52364777185332,13.454809851851849,47.0,59.13600000000002,48.387647771853295,22.0
-1,-132.9100208158603,15.91396280555554,68.0,87.55200000000005,45.35802081586024,21.0
-1,-111.08804018088183,12.98717293981481,50.0,51.93600000000003,59.15204018088183,26.0
-1,-103.93083759738248,14.486095736111102,47.0,48.57600000000002,55.35483759738247,24.0
-1,-119.54288782218448,10.052798268518508,38.0,58.46400000000002,61.07888782218444,28.0
-1,-97.40006089171293,17.82903655092588,54.0,54.62400000000002,42.776060891712895,20.0
-1,-92.95692009644593,13.596468513888864,40.0,47.13600000000002,45.8209200964459,24.0
-1,-89.51572308211135,15.67174716203702,46.0,49.34400000000002,40.17172308211133,20.0
-1,-105.41136475417434,15.263039180555529,53.0,50.59200000000002,54.81936475417432,23.0
-1,-77.16542296704628,14.09234206944446,41.0,49.632000000000005,27.533422967046278,15.0
-1,-84.91056929995605,17.916700527777763,58.0,59.71200000000002,25.198569299956034,15.0
-1,-111.91311859751065,13.512845537037022,43.0,55.29600000000002,56.61711859751063,22.0
-1,-85.88979466267648,13.613266004629612,46.0,50.30400000000002,35.585794662676456,21.0
-1,-117.9091056246141,17.80429024999993,57.0,61.92000000000003,55.98910562461407,22.0
-1,-98.09405162410062,14.6044586296296,44.0,50.59200000000002,47.5020516241006,23.0
-1,-94.08661287779135,13.821059731481476,47.0,51.07200000000002,43.01461287779134,19.0
-1,-108.35639013755323,15.304298041666677,44.0,47.90400000000001,60.45239013755324,23.0
-1,-103.21683455789132,17.263233870370353,52.0,64.32000000000002,38.89683455789131,18.0
-1,-100.56200084792944,18.75716947222215,54.0,57.98400000000003,42.5780008479294,18.0
-1,-151.10527100807315,21.426898143518425,84.0,118.36800000000008,32.73727100807305,17.0
-1,-91.71055992309128,15.40085088425925,49.0,50.01600000000001,41.69455992309125,22.0
-1,-113.23249635366751,15.210793083333332,49.0,59.32800000000002,53.90449635366751,22.0
-1,-85.8667756449336,10.412806972222224,40.0,39.36,46.5067756449336,24.0
-1,-73.0138766660179,9.050714569444448,39.0,39.07200000000001,33.94187666601789,23.0
-1,-127.76596629160495,15.529043180555536,53.0,62.01600000000003,65.74996629160493,22.0
-1,-98.247230386732,11.57288088425925,57.0,60.28800000000002,37.95923038673196,21.0
-1,-91.1351470840971,10.982510879629617,46.0,53.760000000000026,37.375147084097065,22.0
-1,-82.3493340879561,13.16528257407408,42.0,44.16000000000002,38.18933408795608,20.0
-1,-93.5965828868498,15.839693578703663,54.0,58.272000000000034,35.32458288684976,20.0
-1,-89.5170220420915,16.643007106481463,47.0,58.27200000000003,31.245022042091463,16.0
-1,-111.88619432093714,17.533058611111038,50.0,59.13600000000003,52.7501943209371,23.0
-1,-71.49123015094933,15.890095226851852,50.0,46.08000000000002,25.41123015094931,14.0
-1,-112.47448681547486,19.231949087962917,63.0,74.59200000000004,37.88248681547482,18.0
-1,-99.31371980599172,14.433052856481472,52.0,53.664000000000016,45.649719805991694,20.0
-1,-83.1191914034411,16.054569509259238,52.0,52.70400000000003,30.415191403441085,13.0
-1,-87.54786104544472,13.844619893518512,44.0,46.46400000000002,41.0838610454447,20.0
-1,-92.6609571670144,10.118845467592596,47.0,59.42400000000003,33.236957167014374,16.0
-1,-94.87488042198694,21.052151791666617,65.0,66.81600000000003,28.058880421986903,13.0
-1,-107.3198767105747,12.334094842592592,49.0,48.768000000000015,58.55187671057469,25.0
-1,-127.6641912824756,14.150343624999971,46.0,59.13600000000003,68.52819128247558,26.0
-1,-96.20517301417712,18.713534916666596,49.0,52.608000000000025,43.5971730141771,19.0
-1,-95.55581621744916,17.196751949074027,47.0,47.90400000000002,47.65181621744913,23.0
-1,-92.46428197206905,15.896990282407396,41.0,55.39200000000002,37.07228197206903,19.0
-1,-86.83849175272755,14.440575337962953,52.0,60.57600000000003,26.262491752727527,16.0
-1,-97.00064922277964,17.298682745370307,53.0,63.45600000000004,33.544649222779604,18.0
-1,-88.75507158605038,10.841404013888887,38.0,38.88000000000001,49.87507158605036,24.0
-1,-87.96493201477344,13.9684529398148,50.0,56.44800000000002,31.516932014773417,16.0
-1,-86.13665646735657,11.636948726851866,36.0,37.824000000000005,48.31265646735657,23.0
-1,-101.93111045738468,15.809819287037024,47.0,54.24000000000002,47.69111045738465,18.0
-1,-151.37241170414623,17.235254499999954,74.0,97.53600000000006,53.836411704146165,22.0
-1,-141.47642733232524,16.384283842592552,76.0,99.74400000000006,41.73242733232518,21.0
-1,-102.49072061896592,22.200920972222125,64.0,63.36000000000004,39.130720618965896,17.0
-1,-99.48045075114294,14.518050907407396,45.0,52.896000000000015,46.58445075114293,25.0
-1,-71.65193098812134,10.274069981481473,35.0,46.27200000000001,25.37993098812133,20.0
-1,-74.70211180946488,13.649049513888874,38.0,43.96800000000001,30.734111809464878,17.0
-1,-92.83767889662052,13.152336787037031,39.0,50.304000000000016,42.53367889662052,22.0
-1,-122.79408479278236,14.940106388888877,57.0,64.70400000000004,58.09008479278234,26.0
-1,-108.36432457261878,15.563911245370369,54.0,57.21600000000004,51.14832457261876,21.0
-1,-87.85443642354889,17.069228564814797,53.0,53.28000000000002,34.57443642354886,20.0
-1,-98.01263350433618,13.793113615740731,49.0,51.936000000000014,46.076633504336165,24.0
-1,-114.97917096087116,13.987359236111091,53.0,61.05600000000003,53.923170960871126,20.0
-1,-94.24104983887187,18.355841958333315,51.0,62.01600000000003,32.22504983887186,17.0
-1,-114.92633449897016,16.015951930555527,46.0,54.240000000000016,60.68633449897016,23.0
-1,-68.02428215933125,6.868472175925925,35.0,38.88000000000001,29.14428215933124,19.0
-1,-76.46930881462444,11.641108486111095,32.0,39.168000000000006,37.301308814624434,21.0
-1,-96.69708892110285,14.800977560185162,46.0,48.86400000000002,47.83308892110284,22.0
-1,-142.43960344997404,17.688882263888853,67.0,83.13600000000004,59.303603449974,23.0
-1,-88.95406631117126,13.678198300925905,51.0,54.24000000000001,34.714066311171244,18.0
-1,-86.17174846407192,14.350994828703694,44.0,47.04000000000001,39.131748464071904,22.0
-1,-101.84314557337925,14.638723652777776,52.0,60.57600000000004,41.26714557337922,18.0
-1,-110.48965230439158,15.183104564814794,53.0,61.82400000000003,48.66565230439156,21.0
-1,-93.29010093071832,16.129798379629598,52.0,53.08800000000002,40.20210093071829,21.0
-1,-83.33185163255601,13.482457537037032,47.0,49.44000000000001,33.89185163255599,19.0
-1,-101.26941136380344,17.867600083333283,58.0,65.95200000000003,35.3174113638034,18.0
-1,-81.14784724314056,16.501492185185153,55.0,59.42400000000003,21.723847243140533,12.0
-1,-97.02226457302363,13.013111884259253,37.0,44.256000000000014,52.76626457302363,23.0
-1,-113.37185368385202,13.7209901435185,49.0,55.29600000000002,58.075853683852,24.0
-1,-85.65219967513777,15.593668115740732,46.0,47.616000000000014,38.03619967513775,20.0
-1,-96.26799504148885,15.83547338425922,56.0,65.184,31.08399504148884,19.0
-1,-155.34678842244023,23.52052554629621,85.0,103.29600000000006,52.05078842244017,19.0
-1,-106.0211793186116,13.876556009259255,52.0,52.32000000000003,53.70117931861157,23.0
-1,-125.3494156530605,12.409325106481472,59.0,66.72000000000004,58.62941565306047,25.0
-1,-77.8915385721133,13.740210782407384,43.0,45.408000000000015,32.48353857211329,19.0
-1,-100.40411351916876,16.533826986111084,49.0,59.52000000000002,40.88411351916874,19.0
-1,-62.28441375759691,10.634301449074066,40.0,49.63200000000001,12.652413757596896,10.0
-1,-94.57323805289649,13.989563458333334,45.0,53.37600000000002,41.19723805289645,23.0
-1,-113.93964882954296,15.043908865740717,58.0,63.93600000000003,50.00364882954293,22.0
-1,-114.9655333814201,18.78482655092586,61.0,70.08000000000003,44.88553338142008,20.0
-1,-103.44258491635838,16.416669064814805,56.0,60.00000000000003,43.44258491635836,18.0
-1,-101.5285829861705,14.88428154166666,48.0,55.20000000000002,46.32858298617049,22.0
-1,-108.40605954350016,18.30326419907403,56.0,59.61600000000002,48.790059543500135,23.0
-1,-76.67945103116904,11.36860766203703,47.0,51.84000000000002,24.839451031169013,18.0
-1,-60.34355884432689,13.318714648148148,37.0,32.160000000000004,28.183558844326885,20.0
-1,-97.27456965219189,11.036456916666664,49.0,61.82400000000003,35.45056965219186,19.0
-1,-73.9630885580581,14.754240782407388,43.0,43.77600000000002,30.187088558058093,14.0
-1,-104.2429110320986,17.3650643981481,52.0,57.792000000000016,46.450911032098574,21.0
-1,-96.5339142914375,14.482124564814798,47.0,47.23200000000001,49.30191429143749,21.0
-1,-101.7277021027988,14.91200969907407,50.0,57.79200000000002,43.93570210279877,21.0
-1,-116.57443062457432,20.00539524074069,66.0,65.95200000000003,50.6224306245743,21.0
-1,-152.92621277754512,16.931928481481453,72.0,86.88000000000005,66.04621277754507,26.0
-1,-100.71582306995376,12.420930782407398,48.0,54.81600000000002,45.89982306995374,24.0
-1,-106.7486143383854,21.671743268518483,63.0,72.48000000000003,34.26861433838537,16.0
-1,-92.28465987345592,12.500515773148138,46.0,49.82400000000002,42.460659873455896,23.0
-1,-123.02528860721029,12.27092225000001,52.0,53.95200000000003,69.07328860721024,25.0
-1,-94.98931519924392,16.4865837824074,47.0,49.24800000000002,45.74131519924391,20.0
-1,-90.78818338837392,15.76365912499999,43.0,46.94400000000002,43.844183388373885,20.0
-1,-84.44141418915927,15.152635416666673,47.0,49.44000000000002,35.001414189159256,16.0
-1,-102.25223531614114,15.324157504629603,55.0,66.62400000000002,35.628235316141115,19.0
-1,-124.4787908255049,18.124340680555463,58.0,74.20800000000003,50.27079082550488,22.0
-1,-114.57037580986062,15.38948813425923,58.0,72.09600000000003,42.47437580986058,20.0
-1,-93.33885227416204,17.302523347222195,47.0,54.432000000000016,38.906852274162034,18.0
-1,-94.77441648542631,18.93557628240737,53.0,54.62400000000002,40.15041648542629,19.0
-1,-151.48124769477317,17.021277842592553,75.0,92.16000000000004,59.32124769477311,22.0
-1,-88.24568856678368,21.899189337962888,59.0,57.88800000000003,30.357688566783665,15.0
-1,-105.87360342945082,15.105354518518478,48.0,54.72000000000002,51.1536034294508,23.0
-1,-102.00078807801656,12.690401657407412,42.0,49.344000000000015,52.65678807801655,24.0
-1,-88.12412530475682,9.938880310185205,40.0,45.31200000000001,42.812125304756805,25.0
-1,-104.23696907415184,19.864019370370325,55.0,59.61600000000003,44.6209690741518,18.0
-1,-85.26430186806485,14.588288759259267,41.0,41.088000000000015,44.176301868064826,21.0
-1,-95.66960971464414,12.871184064814804,49.0,40.60800000000002,55.06160971464412,26.0
-1,-89.53003943376874,14.370570810185184,44.0,50.97600000000002,38.55403943376872,22.0
-1,-88.8553216833486,16.945842310185146,47.0,49.440000000000026,39.41532168334858,19.0
-1,-118.96728972526437,16.64395618518514,53.0,60.09600000000003,58.871289725264326,25.0
-1,-81.82369444054629,15.917241444444429,47.0,49.92000000000002,31.903694440546268,17.0
-1,-103.92577712766084,20.377262833333276,64.0,64.12800000000003,39.79777712766082,18.0
-1,-70.45611099025601,11.993968027777798,39.0,38.88000000000001,31.57611099025599,18.0
-1,-93.5820238129817,16.311801384259248,50.0,53.76000000000001,39.82202381298169,20.0
-1,-82.28469539411552,15.614908023148134,50.0,50.496000000000016,31.788695394115493,18.0
-1,-97.64780889579274,13.18413149074073,48.0,57.79200000000002,39.85580889579271,20.0
-1,-82.2276789447049,12.025077814814804,42.0,45.31200000000002,36.91567894470488,19.0
-1,-96.11230150026086,20.90708299999996,58.0,57.69600000000003,38.41630150026082,17.0
-1,-110.57705218689912,15.12773230555554,54.0,59.80800000000002,50.76905218689911,22.0
-1,-86.20890151500726,18.673246874999965,54.0,53.47200000000002,32.73690151500724,15.0
-1,-85.86935167131692,13.302646638888906,48.0,55.20000000000002,30.669351671316903,16.0
-1,-106.54087887300815,13.736175199074085,54.0,57.40800000000002,49.13287887300814,21.0
-1,-127.04265459772358,17.9812975555555,65.0,85.82400000000005,41.21865459772352,19.0
-1,-127.07090429110065,15.297329865740714,62.0,75.07200000000005,51.9989042911006,23.0
-1,-74.19265176366439,12.502164847222232,42.0,44.83200000000003,29.36065176366436,17.0
-1,-82.52151101331887,14.94741122685184,39.0,44.92800000000001,37.59351101331886,16.0
-1,-98.6111716145064,16.45430954629627,52.0,59.90400000000003,38.70717161450637,19.0
-1,-115.46553778529992,14.360179037037016,58.0,67.58400000000003,47.8815377852999,22.0
-1,-79.57506076247427,12.012951481481474,39.0,43.48800000000001,36.08706076247425,20.0
-1,-100.66748656046276,16.567593254629607,53.0,60.67200000000003,39.99548656046271,19.0
-1,-124.77574876620378,14.320646935185165,55.0,64.80000000000003,59.97574876620375,24.0
-1,-89.01803534355692,12.19581655092593,46.0,47.90400000000002,41.1140353435569,21.0
-1,-105.3516588930778,16.07524548148146,47.0,51.93600000000002,53.41565889307778,24.0
-1,-122.6635516707382,14.28493394444444,57.0,59.13600000000003,63.52755167073816,24.0
-1,-80.68114847317823,17.858332124999976,49.0,46.46400000000003,34.2171484731782,16.0
-1,-108.08978443896058,14.736370157407396,47.0,53.56800000000002,54.52178443896055,22.0
-1,-115.128418092229,20.067206499999934,64.0,73.34400000000004,41.784418092228975,15.0
-1,-99.3944174235822,16.63418447222219,46.0,53.47200000000003,45.922417423582175,19.0
-1,-84.02522960615369,12.97554630092591,44.0,43.96800000000002,40.05722960615367,22.0
-1,-73.84297591181593,11.464392541666658,33.0,36.57600000000001,37.26697591181591,22.0
-1,-97.69937008133248,17.690355856481435,53.0,63.26400000000002,34.43537008133247,15.0
-1,-95.81155949806544,18.75901863888884,52.0,57.216000000000015,38.59555949806542,21.0
-1,-94.810086192575,15.092722222222202,59.0,64.89600000000003,29.914086192574985,16.0
-1,-72.33005553088577,14.769523277777743,42.0,45.408000000000015,26.922055530885757,16.0
-1,-135.93372294720473,15.599829749999971,66.0,73.63200000000005,62.30172294720469,24.0
-1,-96.5811321780401,16.505319055555518,52.0,54.14400000000002,42.43713217804008,21.0
-1,-123.19393550495644,16.79967327777775,57.0,67.00800000000004,56.18593550495639,23.0
-1,-125.3293305015627,19.971763162036986,64.0,68.44800000000002,56.88133050156267,20.0
-1,-76.29445508329742,13.279029703703698,47.0,46.65600000000001,29.638455083297405,17.0
-1,-84.53613538017368,10.92157689351852,35.0,39.552000000000014,44.984135380173655,25.0
-1,-99.51388878706948,18.458061638888847,54.0,61.53600000000003,37.977888787069446,18.0
-1,-71.46819448697367,10.271067194444448,44.0,44.54400000000001,26.924194486973665,19.0
-1,-132.44756769524426,13.692846921296278,59.0,75.07200000000005,57.37556769524421,21.0
-1,-91.29474816067788,14.5773500046296,50.0,61.82400000000003,29.47074816067784,17.0
-1,-98.11860815939568,15.078497259259253,52.0,55.968000000000025,42.15060815939567,19.0
-1,-79.2018302171007,16.766904800925886,44.0,50.40000000000003,28.801830217100687,15.0
-1,-107.73615626464058,13.49269110648146,50.0,53.184000000000026,54.55215626464056,27.0
-1,-110.01818483354032,18.171467018518456,54.0,70.27200000000003,39.7461848335403,21.0
-1,-91.56503730481478,10.988185740740732,42.0,53.18400000000002,38.381037304814754,21.0
-1,-120.72739277255248,16.652623824074027,71.0,88.22400000000005,32.50339277255245,17.0
-1,-128.21396636973594,16.81912575925921,57.0,67.77600000000004,60.437966369735896,22.0
-1,-123.41474046652016,12.712342634259263,51.0,52.60800000000002,70.80674046652014,27.0
-1,-69.6275182469532,13.399137833333324,35.0,43.68000000000001,25.947518246953194,18.0
-1,-85.63758574843273,12.092832374999992,45.0,47.52000000000002,38.1175857484327,20.0
-1,-86.37978579550378,9.177868194444452,44.0,51.26400000000002,35.115785795503754,17.0
-1,-97.49242365857548,19.071782374999945,57.0,61.92000000000004,35.57242365857544,17.0
-1,-109.9257928843524,14.605485138888868,46.0,56.83200000000002,53.09379288435237,24.0
-1,-103.29390565627574,15.926206597222189,54.0,55.00800000000002,48.28590565627571,21.0
-1,-96.39089131991506,19.56573806944439,53.0,56.92800000000002,39.46289131991503,17.0
-1,-93.04383427795456,14.926300305555532,45.0,53.76000000000002,39.283834277954526,20.0
-1,-83.15213768861041,15.986729550925906,41.0,43.296000000000014,39.8561376886104,21.0
-1,-106.24624354058082,15.181634777777804,46.0,53.95200000000002,52.29424354058081,20.0
-1,-111.90343207890336,14.474957430555524,52.0,69.98400000000002,41.91943207890334,21.0
-1,-86.23807048641825,12.899409074074082,41.0,39.64800000000001,46.59007048641825,24.0
-1,-90.27932611293372,18.302031634259222,48.0,47.80800000000002,42.47132611293371,18.0
-1,-119.8406074116168,13.462106657407402,50.0,54.81600000000003,65.02460741161676,26.0
-1,-78.66624571355126,12.26010331944446,37.0,40.8,37.86624571355126,23.0
-1,-80.67692236829059,18.48011849999996,57.0,59.71200000000002,20.964922368290573,12.0
-1,-113.1584753289212,16.03645645833331,56.0,69.88800000000003,43.27047532892119,20.0
-1,-117.1219346631865,19.053215055555448,53.0,59.42400000000002,57.69793466318647,24.0
-1,-69.6048448636624,15.70055665277778,48.0,44.92800000000002,24.67684486366237,12.0
-1,-105.38673630743574,15.61429036111109,58.0,66.62400000000004,38.76273630743571,17.0
-1,-81.24660222057736,11.13651556481482,46.0,49.63200000000002,31.614602220577343,20.0
-1,-74.93480383742695,13.693124361111105,40.0,44.06400000000001,30.870803837426955,18.0
-1,-92.40053988454672,19.992205578703683,53.0,53.28000000000002,39.12053988454671,18.0
-1,-78.62118088814245,15.28637272685183,41.0,45.69600000000001,32.92518088814244,18.0
-1,-101.16763123047218,13.858190555555536,50.0,56.83200000000003,44.33563123047215,22.0
-1,-117.83044331251352,14.34401063888889,47.0,55.68000000000002,62.15044331251351,26.0
-1,-84.86030539697717,12.766355550925905,45.0,50.01600000000002,34.84430539697714,21.0
-1,-93.69260013668932,16.024489115740717,49.0,47.80800000000002,45.884600136689286,21.0
-1,-113.78606308032276,17.856052828703668,60.0,63.07200000000003,50.71406308032272,21.0
-1,-121.71327585495804,12.954034120370354,52.0,66.91200000000003,54.80127585495799,24.0
-1,-132.82171215720206,17.912628884259192,64.0,71.90400000000004,60.917712157202025,22.0
-1,-75.77110132463937,14.941401874999968,46.0,45.69600000000001,30.075101324639363,18.0
-1,-96.85673819965,14.768150458333327,46.0,47.71200000000002,49.14473819964998,20.0
-1,-84.87229646023486,10.294885745370374,40.0,51.64800000000001,33.224296460234854,21.0
-1,-101.14990321122882,17.79997704166662,40.0,51.84000000000002,49.3099032112288,22.0
-1,-72.75222792628156,16.028849833333318,42.0,45.408000000000015,27.34422792628155,16.0
-1,-98.11133946611932,14.562774462962928,46.0,53.47200000000003,44.63933946611928,24.0
-1,-74.21921172746019,14.52596592592592,48.0,48.768000000000015,25.451211727460176,15.0
-1,-88.61873610210412,15.286910268518522,47.0,50.59200000000001,38.02673610210412,20.0
-1,-98.35625592873434,17.037175430555507,51.0,62.59200000000004,35.7642559287343,19.0
-1,-110.87463076175914,16.703520712962938,58.0,62.30400000000002,48.57063076175911,20.0
-1,-80.36763352625618,14.598590912037018,46.0,52.800000000000026,27.567633526256163,16.0
-1,-93.67032625727109,14.746890249999996,41.0,51.360000000000014,42.31032625727106,20.0
-1,-90.79148577779742,18.34518856481479,48.0,52.32000000000002,38.4714857777974,20.0
-1,-150.77944371819456,14.302565083333317,78.0,96.86400000000006,53.91544371819451,24.0
-1,-138.06159112463175,14.22719595833331,63.0,73.05600000000004,65.0055911246317,26.0
-1,-101.64728387943808,15.569205657407368,41.0,53.28000000000002,48.367283879438055,24.0
-1,-109.6098303390601,18.91595212037032,57.0,66.33600000000003,43.27383033906006,17.0
-1,-96.89785357518288,19.64336621296289,55.0,59.13600000000002,37.761853575182855,19.0
-1,-78.81112642131521,13.448840875000007,45.0,51.84,26.9711264213152,17.0
-1,-126.48621639682476,19.05442702314808,59.0,61.34400000000004,65.14221639682474,23.0
-1,-117.65601769684022,16.08452992592589,57.0,60.57600000000003,57.080017696840194,24.0
-1,-87.82743879914426,12.120921972222217,44.0,54.14400000000002,33.683438799144234,19.0
-1,-80.82170459025618,17.6059683472222,47.0,52.99200000000002,27.82970459025616,16.0
-1,-87.46399593587597,18.97341626388884,54.0,52.41600000000002,35.04799593587596,19.0
-1,-102.73589403643028,17.41693773611106,54.0,61.44000000000002,41.295894036430255,21.0
-1,-85.04807639683514,15.154074351851822,42.0,45.216000000000015,39.83207639683512,20.0
-1,-81.39708647307192,12.384361212962965,37.0,44.83200000000001,36.56508647307192,21.0
-1,-102.5820607365576,15.773422148148123,51.0,54.91200000000002,47.67006073655757,22.0
-1,-85.80921137018889,14.79107906944443,47.0,53.76000000000002,32.04921137018887,17.0
-1,-99.3411184892881,16.96901149074072,51.0,59.13600000000002,40.20511848928809,20.0
-1,-84.18826183447717,13.789776583333316,49.0,52.99200000000002,31.196261834477152,16.0
-1,-68.18947454047456,6.508050175925928,36.0,43.48800000000001,24.70147454047456,12.0
-1,-104.42682696341636,14.15286912499999,50.0,51.55200000000002,52.874826963416346,24.0
-1,-78.30916374329324,12.272600074074068,45.0,49.72800000000001,28.581163743293235,16.0
-1,-98.14616859007364,15.99066081944443,47.0,58.75200000000002,39.39416859007362,19.0
-1,-85.31077428311926,13.000312291666656,40.0,49.15200000000002,36.15877428311924,21.0
-1,-81.53558676089096,17.273581430555534,42.0,43.96800000000001,37.56758676089095,22.0
-1,-106.01243445211622,16.37057707870369,52.0,63.26400000000003,42.7484344521162,20.0
-1,-110.2055228737399,16.80190857407403,57.0,58.56000000000003,51.64552287373986,20.0
-1,-95.0155797813357,14.03172579166666,44.0,48.768000000000015,46.24757978133568,21.0
-1,-83.18462833847813,15.746496638888877,48.0,52.224000000000025,30.96062833847811,16.0
-1,-97.77180464250642,16.594704740740706,52.0,60.384000000000015,37.38780464250641,19.0
-1,-98.689370577558,16.480855569444405,52.0,59.71200000000003,38.97737057755796,16.0
-1,-95.7957681968897,13.283668837962958,43.0,44.73600000000001,51.05976819688968,22.0
-1,-115.84177195218612,19.87260574999993,65.0,66.24000000000002,49.601771952186105,22.0
-1,-91.93861375116346,19.760192898148155,60.0,57.98400000000002,33.95461375116344,19.0
-1,-97.00999223919476,16.201053435185184,56.0,65.47200000000002,31.53799223919473,19.0
-1,-97.1072787314293,14.344699416666662,43.0,45.024000000000015,52.08327873142929,24.0
-1,-103.93499768525764,10.934528912037033,46.0,55.968000000000025,47.9669976852576,22.0
-1,-82.07897277935075,12.525160726851846,43.0,43.77600000000001,38.302972779350746,23.0
-1,-90.52186025009172,12.453657694444423,39.0,51.74400000000002,38.7778602500917,19.0
-1,-89.74190195686431,20.066200847222166,51.0,58.75200000000003,30.98990195686428,14.0
-1,-82.94039665219115,21.68989880092584,53.0,53.760000000000026,29.18039665219113,16.0
-1,-82.81692146338985,14.963938935185178,45.0,49.44000000000001,33.376921463389834,20.0
-1,-82.71132078818007,18.40324335185181,50.0,48.09600000000002,34.61532078818005,16.0
-1,-108.9241242664148,13.147557398148129,48.0,52.32000000000002,56.60412426641477,23.0
-1,-94.63092369053508,19.921850749999944,55.0,56.54400000000002,38.086923690535045,20.0
-1,-108.69616001115924,14.896539300925902,49.0,61.82400000000003,46.87216001115922,22.0
-1,-107.6296168841321,16.270405319444393,57.0,68.35200000000003,39.27761688413207,16.0
-1,-87.72129776296717,17.633851222222173,43.0,54.14400000000002,33.57729776296716,17.0
-1,-86.4958658680682,17.98377084722219,48.0,41.85600000000001,44.639865868068185,21.0
-1,-133.91365136264506,19.649764523148065,63.0,73.82400000000004,60.08965136264501,22.0
-1,-106.79735416012866,14.529571810185187,51.0,58.656000000000034,48.14135416012864,23.0
-1,-107.3908254702478,14.547943328703678,49.0,58.36800000000002,49.022825470247774,25.0
-1,-88.71847539175496,17.690936027777777,53.0,52.800000000000026,35.91847539175493,20.0
-1,-75.16008050661607,14.32731179166666,39.0,43.680000000000014,31.48008050661606,18.0
-1,-101.23290734632216,12.894185851851844,49.0,56.54400000000002,44.68890734632213,19.0
-1,-88.28207025023949,14.679804374999982,49.0,57.504000000000026,30.77807025023945,18.0
-1,-84.61563531169149,14.797168662037022,46.0,60.096000000000025,24.519635311691463,14.0
-1,-77.50526765317875,14.006984782407386,49.0,53.18400000000002,24.32126765317873,17.0
-1,-84.64691159733019,15.65919418518516,46.0,46.65600000000001,37.990911597330175,19.0
-1,-84.1130214799782,13.615742717592584,47.0,53.47200000000002,30.64102147997817,14.0
-1,-94.02564427228468,15.240907453703691,52.0,54.81600000000002,39.20964427228464,17.0
-1,-111.55702166639244,24.582140416666597,61.0,68.44800000000004,43.109021666392415,17.0
-1,-91.10501650229445,15.501242749999967,47.0,54.04800000000002,37.0570165022944,18.0
-1,-78.85888703147359,13.044396370370348,37.0,50.59200000000001,28.26688703147357,20.0
-1,-90.85899979903104,15.018153124999992,52.0,58.17600000000002,32.68299979903102,21.0
-1,-98.60374093920916,19.13878523148142,56.0,63.840000000000025,34.76374093920912,17.0
-1,-122.71593875820228,10.854708722222227,52.0,56.64000000000002,66.07593875820226,27.0
-1,-73.4463762927314,11.71277018981482,37.0,38.97600000000001,34.47037629273138,23.0
-1,-75.80385182216656,13.362185634259257,39.0,39.552000000000014,36.25185182216656,21.0
-1,-118.71253913800268,23.351981958333266,63.0,71.13600000000004,47.57653913800264,20.0
-1,-88.3171670287555,11.079959060185187,40.0,45.40800000000001,42.9091670287555,22.0
-1,-114.28198303741756,16.20518683796292,59.0,66.24000000000004,48.04198303741752,20.0
-1,-70.3262159294081,18.559043023148124,46.0,47.71200000000002,22.614215929408072,15.0
-1,-99.20172486640932,15.44485217129627,47.0,54.33600000000003,44.865724866409295,22.0
-1,-79.41568361775595,10.550536101851849,39.0,53.95200000000002,25.46368361775593,15.0
-1,-87.31770942027103,15.62962118981479,51.0,54.33600000000003,32.98170942027101,18.0
-1,-94.59962525265416,16.154271370370353,40.0,45.02400000000001,49.57562525265416,21.0
-1,-77.35890252628927,15.942451624999975,44.0,46.08000000000001,31.278902526289254,20.0
-1,-95.2286170799776,17.389435962962903,55.0,63.45600000000003,31.77261707997757,15.0
-1,-92.72115772694848,13.95557991666664,37.0,46.27200000000001,46.44915772694848,20.0
-1,-107.28596408643212,14.542563615740724,42.0,52.608000000000025,54.67796408643211,24.0
-1,-91.08012892313069,15.412862777777772,44.0,49.53600000000002,41.54412892313064,21.0
-1,-79.46805917787316,11.337237263888872,44.0,50.304000000000016,29.16405917787314,20.0
-1,-153.4671584092461,17.382256254629574,73.0,102.72000000000006,50.74715840924607,19.0
-1,-100.05028868787196,16.214386268518464,44.0,52.41600000000001,47.63428868787194,25.0
-1,-109.76473337506792,19.81382137499996,59.0,69.60000000000002,40.1647333750679,16.0
-1,-96.45385735924674,10.807996597222214,37.0,48.960000000000015,47.49385735924672,24.0
-1,-113.45901764947718,16.067379342592556,52.0,79.00800000000004,34.45101764947713,21.0
-1,-87.32077044885435,15.381642828703706,50.0,55.776000000000025,31.54477044885433,16.0
-1,-88.28500008689979,18.20434380555553,58.0,62.68800000000002,25.59700008689977,13.0
-1,-95.80635069005116,16.875838472222178,51.0,53.56800000000002,42.238350690051135,20.0
-1,-77.67004812174108,12.197409884259232,41.0,48.19200000000002,29.47804812174106,16.0
-1,-64.13994795053308,14.01322551851851,38.0,39.93600000000001,24.20394795053308,17.0
-1,-87.03273408452435,15.316448754629604,41.0,46.36800000000001,40.66473408452435,21.0
-1,-99.76945740386576,16.216683740740724,45.0,54.04800000000002,45.72145740386576,22.0
-1,-88.46171342799465,15.957300351851831,52.0,52.800000000000026,35.661713427994634,19.0
-1,-88.57320037053415,13.7329521574074,42.0,50.59200000000002,37.98120037053414,22.0
-1,-89.47824567377424,12.655422439814782,41.0,57.696000000000026,31.78224567377421,16.0
-1,-91.64419478228557,15.045246425925912,49.0,53.76000000000001,37.884194782285554,20.0
-1,-101.33611078527532,14.70142818981479,44.0,57.40800000000002,43.9281107852753,20.0
-1,-110.40263536113996,16.717091912036995,66.0,78.62400000000004,31.77863536113992,18.0
-1,-109.966492277112,15.161308583333309,52.0,63.93600000000004,46.030492277111975,21.0
-1,-104.40301555122484,13.774939856481476,49.0,55.29600000000003,49.107015551224805,24.0
-1,-85.14557690947088,14.346668574074062,45.0,47.61600000000001,37.52957690947087,18.0
-1,-98.01329612746574,17.03357073611107,57.0,60.57600000000004,37.43729612746569,19.0
-1,-94.40399632655456,13.330962185185165,41.0,50.40000000000002,44.003996326554535,22.0
-1,-92.94666853447788,16.80630835648144,46.0,56.352000000000025,36.59466853447786,17.0
-1,-89.43144289425581,17.38536299999994,52.0,54.24000000000002,35.19144289425579,19.0
-1,-94.16626410646548,17.109977925925882,50.0,58.75200000000002,35.414264106465474,14.0
-1,-96.13380698576302,13.935218314814788,45.0,61.63200000000002,34.50180698576299,19.0
-1,-122.79928542657814,16.07672412037035,48.0,58.84800000000003,63.95128542657811,22.0
-1,-104.53647405848184,14.769126486111098,46.0,55.10400000000002,49.43247405848182,22.0
-1,-140.0093273499836,16.535692930555506,67.0,81.02400000000004,58.98532734998357,25.0
-1,-90.4023282949536,18.758091828703648,48.0,54.52800000000003,35.87432829495358,19.0
-1,-78.07053538197121,14.296976972222213,42.0,47.61600000000002,30.4545353819712,16.0
-1,-87.19419072266528,11.555152865740734,34.0,42.62400000000001,44.57019072266528,22.0
-1,-85.97529024889553,11.574805439814806,54.0,55.87200000000003,30.103290248895497,18.0
-1,-106.39296900775776,18.280707064814774,52.0,64.32000000000004,42.07296900775772,18.0
-1,-74.56704005970033,15.556150962962953,45.0,50.49600000000001,24.07104005970033,17.0
-1,-77.0855952133924,18.477898092592596,40.0,40.992,36.09359521339238,16.0
-1,-75.43293785418986,13.627792439814796,40.0,52.51200000000002,22.92093785418984,13.0
-1,-115.2263698836326,16.541594842592577,51.0,58.75200000000002,56.47436988363256,23.0
-1,-104.52832226469224,14.68683397685184,54.0,52.41600000000003,52.11232226469221,24.0
-1,-114.74488262039333,17.010719708333273,56.0,67.68000000000002,47.0648826203933,20.0
-1,-99.95918320156306,20.901538273148063,57.0,61.824000000000034,38.13518320156303,16.0
-1,-101.5179456931876,18.21753274999992,52.0,59.904000000000025,41.61394569318758,19.0
-1,-81.33957994827857,20.03618147685181,45.0,46.84800000000001,34.49157994827856,15.0
-1,-70.2430211080846,12.927784925925904,41.0,45.21600000000002,25.027021108084583,18.0
-1,-96.24981062676112,20.702369212962896,51.0,51.16800000000003,45.0818106267611,19.0
-1,-86.39205153119123,14.73112709722221,46.0,51.360000000000014,35.032051531191215,20.0
-1,-132.33854696807924,16.908330759259222,63.0,83.61600000000004,48.7225469680792,21.0
-1,-68.99222552980468,12.02058682407406,36.0,38.49600000000001,30.496225529804672,21.0
-1,-95.33485000456504,19.923221624999933,52.0,52.89600000000002,42.438850004565,18.0
-1,-82.8386273799908,15.088566018518504,44.0,41.95200000000001,40.886627379990784,22.0
-1,-104.7034068977463,13.41094487962962,49.0,59.32800000000003,45.37540689774627,22.0
-1,-84.11120245768083,17.409500273148144,43.0,43.872000000000014,40.23920245768081,19.0
-1,-103.6689762659458,14.41248968518516,42.0,50.496000000000016,53.172976265945785,23.0
-1,-131.1008703372276,23.066319212962892,82.0,86.30400000000004,44.79687033722755,20.0
-1,-111.8672687102722,17.991228708333274,56.0,72.48000000000003,39.38726871027215,19.0
-1,-75.69645951793422,18.178360578703693,53.0,47.04000000000003,28.656459517934188,16.0
-1,-97.43931715306388,17.286175800925886,51.0,55.87200000000003,41.56731715306386,21.0
-1,-99.87642141643995,13.9832620185185,46.0,64.22400000000002,35.65242141643994,19.0
-1,-70.61694498242935,21.894183361111097,58.0,58.17600000000003,12.440944982429308,6.0
-1,-91.38548135219452,13.64536850925923,50.0,55.39200000000002,35.99348135219449,19.0
-1,-105.7716078848172,14.391218236111095,64.0,64.51200000000003,41.25960788481717,20.0
-1,-70.12069511893867,12.96430208333333,34.0,38.30400000000001,31.816695118938654,19.0
-1,-71.55032702296455,14.889619199074064,45.0,45.60000000000001,25.950327022964537,17.0
-1,-85.52207968473721,21.849435342592542,59.0,54.04800000000002,31.474079684737184,15.0
-1,-87.33728672778727,15.361421449074044,50.0,55.39200000000002,31.945286727787256,16.0
-1,-108.62063577872328,18.247789217592537,55.0,62.40000000000004,46.22063577872324,20.0
-1,-82.81882241760061,14.912733898148138,49.0,54.14400000000001,28.674822417600595,17.0
-1,-91.5903021836009,17.462544662037004,49.0,50.30400000000002,41.28630218360087,19.0
-1,-85.4508579016422,15.593849962962942,44.0,48.09600000000001,37.35485790164218,19.0
-1,-99.79530160367032,14.565510092592596,50.0,49.920000000000016,49.87530160367029,22.0
-1,-80.96172609868985,20.567516532407325,51.0,48.96000000000002,32.00172609868983,18.0
-1,-85.65149982849198,20.94782127314809,50.0,46.75200000000002,38.89949982849196,19.0
-1,-99.25510945168897,13.381685717592598,46.0,51.84000000000002,47.41510945168893,22.0
-1,-81.47939032731723,13.274994712962952,46.0,52.704000000000015,28.77539032731722,17.0
-1,-123.84318851522156,14.745469393518489,58.0,73.34400000000004,50.499188515221526,26.0
-1,-104.8199671845906,20.72114818981473,52.0,60.672000000000025,44.14796718459057,21.0
-1,-77.25692824501905,9.53154628703704,40.0,43.680000000000014,33.57692824501904,17.0
-1,-97.7875922605494,15.153066305555518,44.0,51.26400000000002,46.52359226054938,24.0
-1,-107.35984213118452,15.930928615740717,47.0,55.00800000000002,52.3518421311845,22.0
-1,-117.28142140479773,21.15343837499996,81.0,71.13600000000004,46.14542140479769,21.0
-1,-82.60480875892662,15.346937837962937,39.0,47.71200000000002,34.89280875892661,20.0
-1,-79.07655089041234,17.530868449074042,46.0,47.32800000000001,31.74855089041232,17.0
-1,-97.83246480007844,17.780466268518516,47.0,56.25600000000002,41.576464800078405,20.0
-1,-92.38925077610212,18.130586175925902,51.0,50.01600000000002,42.37325077610212,17.0
-1,-84.51118214470107,20.22701124537033,48.0,50.01600000000002,34.49518214470105,18.0
-1,-77.86472159197793,11.84009351388888,35.0,40.896000000000015,36.96872159197791,24.0
-1,-101.77577161680824,14.815589037037013,49.0,60.19200000000003,41.58377161680821,23.0
-1,-97.52711034778112,19.31378393981475,48.0,57.312000000000026,40.21511034778109,19.0
-1,-83.58359230351057,16.370560874999956,54.0,53.85600000000003,29.72759230351054,16.0
-1,-91.57533166055164,15.68334869444444,47.0,51.26400000000002,40.31133166055163,19.0
-1,-90.73030361325648,13.091418148148154,45.0,45.69600000000002,45.034303613256455,21.0
-1,-108.99542174428596,21.74130231944437,70.0,74.59200000000004,34.4034217442859,16.0
-1,-103.79214670532188,15.566100800925904,51.0,56.83200000000002,46.960146705321854,21.0
-1,-98.1978120213187,21.20535979629626,51.0,62.016000000000034,36.18181202131866,18.0
-1,-94.28247600541192,18.49145038425923,48.0,50.97600000000003,43.30647600541188,19.0
-1,-88.83567708595555,14.200895166666644,40.0,50.59200000000002,38.24367708595553,21.0
-1,-79.42675185786719,16.89126137037037,43.0,44.35200000000002,35.07475185786717,17.0
-1,-90.8949334541274,12.418330092592583,45.0,56.54400000000002,34.35093345412738,19.0
-1,-91.3936074602168,21.02786814351844,55.0,56.06400000000003,35.329607460216785,17.0
-1,-71.97772580463443,18.46425499999995,43.0,49.05600000000002,22.921725804634413,17.0
-1,-106.10331001166716,16.239660124999993,58.0,59.42400000000002,46.67931001166713,20.0
-1,-101.68390415114462,15.00364180555556,53.0,60.96000000000001,40.72390415114461,19.0
-1,-92.7161894945994,13.58688275925924,44.0,50.97600000000002,41.740189494599385,21.0
-1,-85.24908835727615,19.60197554166661,58.0,63.45600000000002,21.79308835727614,10.0
-1,-90.3395033125297,16.04115061111109,48.0,51.648000000000025,38.69150331252968,20.0
-1,-90.6852579332284,15.81997606944441,43.0,56.64000000000003,34.04525793322838,18.0
-1,-89.2730265363636,15.770101791666637,40.0,50.20800000000002,39.06502653636359,18.0
-1,-105.06743212064242,20.41057086574068,52.0,59.52000000000002,45.547432120642405,20.0
-1,-94.59234920305124,17.33505177777774,48.0,53.37600000000002,41.21634920305123,17.0
-1,-94.4846260638963,16.855996217592562,44.0,51.74400000000003,42.74062606389627,20.0
-1,-96.77095003029964,10.696000972222215,38.0,59.52000000000003,37.25095003029962,19.0
-1,-107.53631302233006,12.671238231481468,49.0,62.01600000000003,45.52031302233004,21.0
-1,-93.96845487187171,17.19366812499996,48.0,49.536000000000016,44.43245487187172,21.0
-1,-99.35026002554436,17.685387069444413,58.0,61.92000000000002,37.43026002554434,13.0
-1,-115.79811208829332,21.09372399537025,62.0,63.64800000000003,52.15011208829328,21.0
-1,-108.1243140858836,13.938420722222215,53.0,50.97600000000002,57.148314085883584,26.0
-1,-93.55711137689796,14.069030615740733,54.0,64.03200000000004,29.525111376897904,15.0
-1,-86.12337282053196,15.9880691574074,48.0,46.368000000000016,39.755372820531946,21.0
-1,-85.589157741437,20.202611476851825,49.0,55.96800000000002,29.621157741436992,17.0
-1,-78.27807112551562,10.658855439814818,33.0,48.09600000000001,30.182071125515613,17.0
-1,-99.84663695928356,18.063836296296262,54.0,62.68800000000002,37.158636959283534,16.0
-1,-82.32352983166135,14.603500555555538,46.0,52.99200000000002,29.331529831661328,15.0
-1,-84.86361571596316,15.555848296296292,43.0,45.31200000000002,39.551615715963145,20.0
-1,-84.21074745108243,15.554706291666657,48.0,51.07200000000002,33.1387474510824,21.0
-1,-83.58031294937521,19.53789305092589,46.0,49.44000000000002,34.14031294937519,17.0
-1,-115.06317976351826,16.378711078703674,53.0,63.64800000000003,51.41517976351824,22.0
-1,-118.73769822152224,19.132996296296252,59.0,63.55200000000004,55.185698221522216,23.0
-1,-80.85004424030512,18.04692452314813,51.0,57.216000000000015,23.63404424030511,14.0
-1,-104.61695123284822,18.474656800925885,57.0,62.78400000000004,41.83295123284818,21.0
-1,-79.02958503732788,15.04248911574073,47.0,54.62400000000002,24.405585037327867,14.0
-1,-113.7069926589242,17.567946629629592,57.0,58.94400000000003,54.76299265892416,21.0
-1,-107.6975576671646,22.319324162036946,68.0,61.53600000000004,46.161557667164566,20.0
-1,-72.31837900616122,14.336554930555554,50.0,52.70400000000002,19.614379006161197,11.0
-1,-145.8565801573514,12.332383620370369,61.0,78.72000000000004,67.13658015735136,25.0
-1,-92.0869792719354,16.99618857870366,53.0,50.97600000000002,41.110979271935385,20.0
-1,-120.1457388737913,18.19290161574067,56.0,70.36800000000004,49.777738873791264,21.0
-1,-83.57562377511279,18.35509244444436,50.0,56.16000000000003,27.41562377511276,15.0
-1,-92.1665149073626,14.761909861111125,47.0,47.61600000000002,44.55051490736258,21.0
-1,-98.019731081231,12.264562199074048,45.0,62.01600000000003,36.00373108123095,19.0
-1,-116.99486644841602,21.767675106481445,66.0,67.87200000000004,49.12286644841598,18.0
-1,-85.81714195806703,20.702443124999924,57.0,52.70400000000003,33.113141958067,17.0
-1,-110.89619451997814,25.64653166203693,65.0,69.31200000000003,41.58419451997811,18.0
-1,-90.68125930508172,17.870560754629594,49.0,55.58400000000002,35.09725930508169,20.0
-1,-103.6902808031667,19.2682147453703,57.0,60.38400000000003,43.30628080316668,17.0
-1,-99.72391897759688,16.501555365740717,57.0,60.000000000000014,39.723918977596846,19.0
-1,-85.8689892095407,15.987820759259236,50.0,55.68000000000002,30.188989209540672,19.0
-1,-75.86434157303114,17.26875438425923,47.0,46.65600000000001,29.20834157303113,14.0
-1,-99.4173780793366,18.499848828703648,47.0,52.70400000000002,46.71337807933658,22.0
-1,-108.20991757167768,15.634376893518514,51.0,59.61600000000003,48.59391757167767,20.0
-1,-93.485961445553,12.221186157407404,41.0,47.90400000000001,45.58196144555299,26.0
-1,-68.34075466394252,15.338153523148131,43.0,44.54400000000001,23.79675466394251,13.0
-1,-84.62933973266323,15.638073490740728,45.0,53.76000000000002,30.869339732663203,15.0
-1,-94.20690071310256,17.356277050925865,50.0,53.18400000000002,41.02290071310254,18.0
-1,-101.30062149594411,16.482242472222172,50.0,58.46400000000002,42.83662149594409,22.0
-1,-108.73537624929652,19.14201392592588,56.0,57.88800000000003,50.847376249296495,22.0
-1,-85.78626009857314,15.207887374999984,44.0,46.65600000000002,39.13026009857311,20.0
-1,-85.35408824239055,14.78666213425926,52.0,51.07200000000002,34.28208824239053,19.0
-1,-76.1166279946643,13.922041356481463,45.0,47.13600000000001,28.98062799466429,14.0
-1,-74.51482233725957,16.906687925925926,50.0,53.184000000000026,21.33082233725955,13.0
-1,-113.22073441778872,13.907388615740723,60.0,64.51200000000003,48.70873441778869,22.0
-1,-116.30483762641605,21.49652432870362,62.0,66.81600000000003,49.48883762641601,19.0
-1,-127.09453730712283,16.805274268518467,60.0,66.14400000000003,60.9505373071228,24.0
-1,-115.03991872092504,19.029192555555493,65.0,65.56800000000003,49.47191872092503,22.0
-1,-96.20437953385382,18.859563143518443,53.0,55.20000000000001,41.00437953385381,22.0
-1,-80.41148053620108,16.402515962962962,46.0,47.71200000000002,32.699480536201065,19.0
-1,-75.18110280145893,22.04927081018516,54.0,47.808000000000014,27.373102801458927,15.0
-1,-79.42747822768092,12.331818699074075,46.0,44.25600000000001,35.171478227680915,20.0
-1,-108.58070299978566,25.057117032407344,68.0,65.56800000000003,43.01270299978563,18.0
-1,-93.9437408794337,14.74328338888887,36.0,40.704,53.2397408794337,25.0
-1,-116.85627440586288,15.170565157407374,47.0,64.99200000000003,51.86427440586285,25.0
-1,-110.43799105526136,12.008999416666647,54.0,70.08000000000001,40.357991055261344,19.0
-1,-76.4956855622294,11.97953246759262,46.0,45.984000000000016,30.51168556222939,20.0
-1,-88.68372961748591,16.008526152777744,47.0,51.07200000000002,37.61172961748589,23.0
-1,-93.7434630788538,15.370528856481467,44.0,47.90400000000002,45.839463078853775,23.0
-1,-123.1244305632898,21.40233357870364,65.0,63.84000000000004,59.28443056328976,21.0
-1,-83.17249734608367,13.776294069444422,40.0,46.75200000000001,36.420497346083664,19.0
-1,-89.84314249939696,18.062328449074037,55.0,58.17600000000003,31.667142499396927,15.0
-1,-66.93832667156138,11.447678365740735,38.0,42.81600000000002,24.122326671561364,17.0
-1,-98.46017366042769,17.193285328703656,44.0,53.088000000000015,45.37217366042765,20.0
-1,-79.12525066935582,13.100338643518526,41.0,41.56800000000001,37.55725066935581,18.0
-1,-83.55223940469165,11.869739888888883,36.0,45.216000000000015,38.336239404691625,22.0
-1,-88.1531175468929,13.176524361111111,39.0,45.40800000000001,42.745117546892885,21.0
-1,-84.26515342179471,16.99377717592593,56.0,58.56000000000002,25.705153421794687,11.0
-1,-110.33722129729335,17.75942112499996,51.0,55.10400000000002,55.23322129729334,20.0
-1,-86.08231333702167,15.714907814814804,39.0,43.680000000000014,42.40231333702166,22.0
-1,-133.84722872514828,18.72186981944438,56.0,67.39200000000004,66.45522872514826,25.0
-1,-107.26608303549791,17.628226546296236,48.0,63.07200000000003,44.1940830354979,22.0
-1,-115.37488263101994,15.714666481481451,47.0,52.89600000000002,62.47888263101992,24.0
-1,-96.86470363166973,16.66291285648146,50.0,52.032000000000025,44.832703631669695,22.0
-1,-77.75713479543533,16.13450928240739,49.0,50.01600000000002,27.741134795435315,15.0
-1,-86.73139264523081,17.565003023148112,52.0,50.11200000000002,36.61939264523079,19.0
-1,-98.81663866974804,16.910585166666646,44.0,47.32800000000002,51.48863866974803,21.0
-1,-100.34970120506678,20.673595851851797,65.0,77.08800000000002,23.261701205066757,12.0
-1,-95.0199901005764,18.10073010185179,55.0,57.79200000000003,37.22799010057636,19.0
-1,-92.15851427455,17.072980407407382,47.0,50.40000000000001,41.75851427455001,20.0
-1,-79.9849975379266,15.349245634259248,41.0,49.344000000000015,30.640997537926594,19.0
-1,-87.57588359414142,12.66111396759258,36.0,42.720000000000006,44.85588359414141,23.0
-1,-73.23221330915408,15.358465699074062,46.0,47.71200000000002,25.520213309154062,14.0
-1,-97.69291525094503,14.75652852777778,54.0,50.40000000000003,47.29291525094501,24.0
-1,-80.88791966604296,17.783171583333328,43.0,45.984000000000016,34.90391966604295,16.0
-1,-79.12534272349448,17.8827665648148,45.0,52.99200000000001,26.13334272349447,15.0
-1,-119.71762398357312,17.541821185185132,63.0,74.01600000000003,45.70162398357311,21.0
-1,-65.55470683257948,10.47319625925925,35.0,40.60800000000001,24.94670683257947,15.0
-1,-91.78105932342154,20.27729012499995,49.0,52.224000000000025,39.55705932342152,19.0
-1,-118.57898624817574,20.715006490740677,67.0,67.77600000000002,50.80298624817571,21.0
-1,-76.76792767333322,17.119975907407383,46.0,45.31200000000002,31.4559276733332,20.0
-1,-136.9794737042578,20.018811842592505,66.0,80.73600000000005,56.24347370425775,21.0
-1,-99.82375907704764,19.423532685185112,55.0,61.44000000000002,38.38375907704762,20.0
-1,-123.4692749924882,17.24315102314811,58.0,64.32000000000002,59.14927499248819,23.0
-1,-101.01154803615134,17.606009287037026,52.0,58.84800000000001,42.16354803615133,18.0
-1,-81.19333970969933,17.539048523148097,47.0,52.51200000000002,28.68133970969931,17.0
-1,-113.3992216462303,19.410598587962895,58.0,69.60000000000004,43.79922164623026,17.0
-1,-92.07509385432432,16.794113273148128,50.0,56.928000000000026,35.147093854324275,16.0
-1,-77.81340683324746,14.016465662037014,50.0,61.248000000000026,16.565406833247422,11.0
-1,-110.61509513550436,18.253444013888792,61.0,66.62400000000004,43.99109513550431,18.0
-1,-104.30043313667603,17.720198259259217,62.0,57.02400000000003,47.27643313667601,21.0
-1,-79.9429852767167,14.735052856481442,48.0,53.95200000000003,25.99098527671667,13.0
-1,-126.42789880344976,15.776147226851842,58.0,61.05600000000003,65.37189880344971,23.0
