-1,-623.3775544469789,169.68799045833345,532.0,148.89600000000053,474.4815544469784,30.0
-1,-274.30567269646934,30.404190703703676,208.0,203.71200000000005,70.5936726964693,19.0
-1,-824.5294297859449,107.68451205092592,212.0,128.0640000000002,696.4654297859447,30.0
-1,-731.3290536324747,124.33091726388876,231.0,123.45600000000024,607.8730536324745,29.0
-1,-481.7018501621547,71.75180694444444,197.0,172.70400000000012,308.9978501621546,29.0
-1,-398.16929091837216,55.45300284722223,170.0,151.48800000000008,246.68129091837207,26.0
-1,-788.3387334265848,96.04558718981473,215.0,145.63200000000026,642.7067334265845,29.0
-1,-537.3259330101183,75.2207800185186,212.0,161.08800000000014,376.2379330101182,30.0
-1,-332.97052950937643,46.59423147685192,178.0,162.81599999999997,170.15452950937646,26.0
-1,-971.4346337992978,91.114309175926,229.0,161.08800000000008,810.3466337992977,29.0
-1,-342.9363593777439,48.70071098148152,139.0,99.552,243.38435937774383,29.0
-1,-314.3205674094268,46.92316668518517,175.0,174.04800000000006,140.27256740942667,29.0
-1,-306.0400630925393,36.20300644907405,157.0,138.3360000000001,167.7040630925392,27.0
-1,-389.9146784262425,76.95364903240763,209.0,172.12800000000007,217.78667842624247,29.0
-1,-283.1542764879165,55.650827212963016,171.0,137.37600000000015,145.77827648791637,29.0
-1,-407.5555300778376,69.2707382453705,217.0,205.34400000000016,202.21153007783735,29.0
-1,-179.0049106373179,37.33668344444442,134.0,122.59200000000008,56.41291063731779,23.0
-1,-417.6861301612793,59.75259454166663,199.0,169.24800000000016,248.4381301612792,25.0
-1,-468.60194133967696,71.39359417129637,182.0,138.43200000000007,330.1699413396769,30.0
-1,-374.0055540105635,68.37257028240742,176.0,124.7040000000002,249.3015540105633,27.0
-1,-367.5977264234713,66.20325060648155,182.0,135.2640000000002,232.33372642347103,29.0
-1,-612.1551435382335,80.919790712963,212.0,164.44800000000015,447.70714353823325,28.0
-1,-303.05227980077734,44.66418598611112,168.0,159.64800000000017,143.40427980077718,30.0
-1,-416.3923095251979,57.19941508333338,185.0,155.23200000000008,261.1603095251978,24.0
-1,-353.51145624228946,63.07287127777785,188.0,148.03200000000018,205.47945624228925,27.0
-1,-274.7813606066579,46.31243837037037,163.0,160.51200000000006,114.26936060665788,27.0
-1,-256.3250308931615,39.189032310185176,158.0,148.22400000000005,108.1010308931615,27.0
-1,-290.9215216204494,37.8511485648148,161.0,162.3360000000001,128.58552162044936,27.0
-1,-326.8895023289798,53.64425914351849,165.0,151.39200000000017,175.4975023289796,27.0
-1,-189.38706402589145,25.789383199074045,139.0,139.68000000000006,49.70706402589138,24.0
-1,-262.61672266225554,25.44813823148147,150.0,173.6640000000001,88.95272266225543,24.0
-1,-332.6164075426097,44.48733631018511,218.0,210.33600000000013,122.2804075426096,25.0
-1,-267.6846013209016,47.96641041203709,162.0,154.65600000000012,113.02860132090149,25.0
-1,-311.37862073892603,54.58447091666665,140.0,109.82400000000013,201.55462073892596,27.0
-1,-241.19705481199912,35.48012114814813,156.0,160.12800000000013,81.06905481199901,25.0
-1,-144.96484887515837,17.65916110648146,96.0,110.496,34.46884887515835,20.0
-1,-233.0430050867641,28.423127365740665,147.0,169.92000000000004,63.12300508676409,24.0
-1,-158.8291268154345,14.098088550925924,114.0,134.01600000000005,24.813126815434487,17.0
-1,-268.4366492368425,44.79543977777782,166.0,132.3840000000001,136.05264923684246,26.0
-1,-230.5967826916584,31.251433449074074,148.0,152.83200000000008,77.76478269165833,25.0
-1,-299.5265120103983,44.206498546296245,182.0,172.70400000000018,126.8225120103981,26.0
-1,-157.08767030805956,18.53950574999997,109.0,124.80000000000004,32.2876703080595,20.0
-1,-145.57972825263593,20.819121388888888,99.0,99.45600000000005,46.12372825263589,21.0
-1,-219.55113669572137,39.11338448148148,143.0,130.4640000000001,89.08713669572127,23.0
-1,-266.6454616338169,36.08709994444439,143.0,152.73600000000008,113.90946163381685,25.0
-1,-301.619074431719,30.652449699074023,153.0,144.57600000000002,157.04307443171902,28.0
-1,-136.72101218843568,14.721576300925914,105.0,108.28800000000004,28.43301218843565,17.0
-1,-210.62459932977015,14.8513455462963,135.0,168.76800000000006,41.85659932977011,23.0
-1,-213.20166473104956,15.876050703703664,119.0,163.39200000000008,49.80966473104946,24.0
-1,-189.6131470766472,26.266364203703628,132.0,126.33600000000008,63.2771470766471,22.0
-1,-191.9492627430753,14.492059125,132.0,163.872,28.07726274307532,17.0
-1,-210.5790570932103,14.200206597222207,136.0,163.96800000000013,46.61105709321018,24.0
-1,-142.1784670312548,17.826031902777757,105.0,114.33600000000004,27.842467031254763,18.0
-1,-147.63094011042767,20.921798861111093,105.0,111.84000000000002,35.79094011042767,18.0
-1,-154.7898987679737,16.49307318518516,88.0,92.44800000000004,62.34189876797366,26.0
-1,-157.70360693190793,20.091093657407388,128.0,138.72000000000003,18.983606931907907,13.0
-1,-145.8083159297712,13.916687337962967,114.0,120.28800000000004,25.52031592977115,16.0
-1,-122.48034162703722,13.010346768518517,87.0,94.08000000000004,28.400341627037196,18.0
-1,-281.2159823238552,30.35099392592584,139.0,149.76000000000005,131.45598232385512,28.0
-1,-319.23480757024856,37.99907020833329,167.0,185.6640000000002,133.57080757024835,25.0
-1,-206.70231201075816,17.530461152777765,137.0,167.1360000000001,39.56631201075806,24.0
-1,-155.63616492876542,17.70085906018515,118.0,127.48800000000004,28.148164928765404,13.0
-1,-297.1559990723065,22.067195328703683,178.0,217.34400000000008,79.81199907230639,26.0
-1,-178.76858493095358,17.41980216666664,138.0,145.15200000000004,33.616584930953536,20.0
-1,-129.55218248319358,19.52032218055552,84.0,93.79200000000004,35.76018248319353,19.0
-1,-132.09410583382163,10.25798259259259,88.0,104.64000000000004,27.45410583382157,18.0
-1,-193.6495451943315,16.783735921296255,114.0,151.8720000000001,41.77754519433141,22.0
-1,-339.02918521408424,27.87572327314813,155.0,174.62400000000008,164.40518521408416,20.0
-1,-312.1817996766929,16.916205879629615,169.0,236.16000000000008,76.02179967669278,26.0
-1,-250.55421089379615,20.78697389814811,167.0,193.6320000000001,56.92221089379607,18.0
-1,-186.30461212095028,21.809937328703658,131.0,146.112,40.19261212095029,16.0
-1,-130.8074539472825,16.234785902777777,81.0,92.928,37.879453947282514,18.0
-1,-142.56483736038962,14.022368921296277,99.0,120.76800000000009,21.79683736038953,12.0
-1,-186.53092749441012,16.527069249999993,104.0,135.64800000000008,50.88292749441007,25.0
-1,-231.69454679993615,27.100367643518464,133.0,144.67200000000008,87.0225467999361,27.0
-1,-159.23734364304943,17.020355925925877,108.0,123.36000000000008,35.87734364304935,16.0
-1,-150.55873181071885,18.53221186574069,95.0,118.36800000000004,32.1907318107188,16.0
-1,-116.52908442724885,14.395564050925906,85.0,94.75200000000002,21.777084427248813,12.0
-1,-119.16941936522012,17.62854018518514,86.0,97.44000000000004,21.729419365220075,13.0
-1,-190.41259593368545,13.853212513888892,128.0,141.69600000000003,48.7165959336854,19.0
-1,-170.22420405419706,16.68689887037038,97.0,119.61600000000004,50.60820405419702,21.0
-1,-198.28873451792103,14.7691209259259,100.0,156.9600000000001,41.32873451792094,18.0
-1,-197.4680951213107,18.219949874999934,116.0,138.91200000000006,58.556095121310655,27.0
-1,-134.4691021161866,17.243700949074025,85.0,95.32800000000005,39.14110211618657,21.0
-1,-167.75785191995945,13.974233444444454,91.0,108.19200000000004,59.56585191995941,25.0
-1,-174.66235196166377,16.686239458333304,96.0,121.34400000000008,53.31835196166371,24.0
-1,-198.92097037597603,18.153578643518447,109.0,133.53600000000006,65.38497037597597,27.0
-1,-208.3832141891396,19.213728944444405,123.0,158.30400000000006,50.07921418913956,23.0
-1,-173.81490807711322,14.462763828703702,90.0,120.86400000000008,52.95090807711315,26.0
-1,-254.1060121112991,14.04000257870369,126.0,174.24000000000004,79.86601211129903,16.0
-1,-182.37977823033685,17.135330305555517,109.0,154.0800000000001,28.299778230336763,11.0
-1,-146.159863805539,14.293245462962956,92.0,105.98400000000004,40.17586380553895,15.0
-1,-261.6207623821351,22.823005513888827,137.0,195.45600000000007,66.16476238213504,24.0
-1,-219.39657060724463,18.02523805092592,107.0,132.57600000000008,86.82057060724456,25.0
-1,-237.7072021831318,17.623173398148076,109.0,160.99200000000005,76.71520218313178,26.0
-1,-200.4642272440541,14.821899254629626,124.0,139.48800000000003,60.97622724405406,26.0
-1,-183.55038940538225,19.33576201388882,111.0,134.68800000000007,48.86238940538214,22.0
-1,-219.31337661133463,27.36948465277777,124.0,115.488,103.82537661133468,24.0
-1,-127.57975378432432,13.892775351851846,72.0,93.50400000000003,34.07575378432426,18.0
-1,-139.111272798532,14.170351509259236,79.0,97.15200000000006,41.95927279853195,18.0
-1,-164.94122102035485,16.79115088425924,78.0,95.90400000000008,69.03722102035478,23.0
-1,-152.10108031323256,12.272599625000003,84.0,113.56800000000004,38.5330803132325,17.0
-1,-258.5763780034731,21.3910078055555,141.0,192.48000000000008,66.09637800347305,25.0
-1,-226.6362048923222,15.804188254629626,121.0,160.8960000000001,65.74020489232211,22.0
-1,-221.0029932038638,13.65547528240741,106.0,154.1760000000001,66.82699320386372,23.0
-1,-115.9394637600776,13.06868972222222,69.0,81.31200000000003,34.62746376007756,21.0
-1,-127.62523787061048,15.696593134259242,79.0,80.54400000000003,47.08123787061047,19.0
-1,-168.5149535683614,17.381710796296264,103.0,108.384,60.13095356836138,23.0
-1,-202.95484513233043,14.321655504629623,90.0,124.03200000000008,78.92284513233038,29.0
-1,-137.7248560152999,13.546926217592564,67.0,87.16800000000003,50.5568560152999,20.0
-1,-101.1415718102416,14.333906726851817,48.0,62.59200000000002,38.54957181024157,18.0
-1,-166.50216089661785,15.364454583333329,89.0,115.58400000000006,50.918160896617785,22.0
-1,-172.5585908414949,13.204016754629626,88.0,126.91200000000008,45.64659084149482,16.0
-1,-162.2277651700324,19.15461887499996,106.0,131.42400000000006,30.803765170032328,16.0
-1,-169.88219056210104,13.502412870370357,90.0,124.60800000000006,45.27419056210099,20.0
-1,-254.15232271755576,15.864701041666676,90.0,122.40000000000008,131.7523227175557,30.0
-1,-285.5899338592375,23.684796240740702,135.0,189.7920000000001,95.79793385923745,19.0
-1,-195.810749417328,17.114133856481455,89.0,122.01600000000008,73.79474941732792,23.0
-1,-251.54129987090127,20.029760166666627,121.0,176.2560000000001,75.28529987090116,22.0
-1,-155.80649432462914,15.36626863888885,76.0,105.31200000000004,50.49449432462911,21.0
-1,-132.45702915027402,15.14331938425924,77.0,87.45600000000003,45.00102915027399,19.0
-1,-205.95783840140365,22.653371347222183,98.0,124.2240000000001,81.73383840140353,29.0
-1,-212.60507769055263,20.64904141203692,105.0,147.26400000000007,65.34107769055258,28.0
-1,-115.60877472959471,12.96516899074072,61.0,69.60000000000001,46.00877472959471,20.0
-1,-164.46398950859498,15.765883680555543,80.0,99.93600000000004,64.52798950859493,26.0
-1,-169.74328398644928,18.454871314814778,89.0,115.96800000000006,53.77528398644921,22.0
-1,-263.6888633196189,24.412679157407357,114.0,173.56800000000013,90.1208633196188,26.0
-1,-165.52830415160727,17.307380763888865,78.0,100.80000000000004,64.72830415160723,24.0
-1,-129.06992900417737,16.050689749999993,77.0,93.88800000000003,35.18192900417733,18.0
-1,-212.66826801051928,21.12663488425924,125.0,143.04000000000008,69.62826801051922,23.0
-1,-163.33416828713368,15.377795907407387,77.0,91.48800000000004,71.84616828713364,26.0
-1,-127.17198672654756,16.567536231481466,71.0,82.27200000000003,44.899986726547546,19.0
-1,-118.3686351201521,13.2958430509259,53.0,66.33600000000003,52.03263512015208,22.0
-1,-169.28300295549684,25.514644472222194,88.0,75.26399999999998,94.01900295549686,25.0
-1,-207.1875477851468,20.723677717592555,101.0,140.16000000000008,67.02754778514675,22.0
-1,-125.79838421238196,14.844718296296271,65.0,85.63200000000002,40.16638421238194,18.0
-1,-197.23360536494363,14.75945347685183,96.0,132.86400000000006,64.36960536494355,21.0
-1,-145.7037190038904,13.615452550925893,77.0,109.63200000000006,36.07171900389034,19.0
-1,-136.83917168302366,17.955540078703685,86.0,105.79200000000004,31.047171683023628,17.0
-1,-133.6259902932491,12.333421981481472,79.0,91.00800000000004,42.61799029324905,19.0
-1,-148.834819227613,17.200164486111106,101.0,117.98400000000004,30.850819227612934,19.0
-1,-224.37755534680343,15.628305458333314,110.0,147.16800000000006,77.2095553468034,17.0
-1,-141.72201300356775,12.84471626851851,64.0,73.44000000000003,68.28201300356773,24.0
-1,-194.3574891097366,17.005957134259248,96.0,128.44800000000006,65.90948910973653,27.0
-1,-123.9647809046694,13.7149437685185,76.0,94.46400000000004,29.50078090466936,19.0
-1,-122.51222428450468,15.174136430555558,93.0,94.27200000000003,28.24022428450464,18.0
-1,-179.7802893517383,9.967460759259268,97.0,123.36000000000008,56.42028935173824,23.0
-1,-165.67399186351548,16.70574636111106,85.0,122.30400000000007,43.3699918635154,24.0
-1,-126.3902026194517,13.37281999537037,65.0,75.74400000000003,50.64620261945167,21.0
-1,-142.12500284773313,16.026206916666613,78.0,109.92000000000004,32.20500284773307,15.0
-1,-142.3211909601207,14.886259930555536,83.0,91.87200000000006,50.44919096012065,19.0
-1,-135.64993363145535,13.983543875000011,63.0,83.23200000000004,52.417933631455305,22.0
-1,-147.32733260865092,18.83772869907404,86.0,96.38400000000004,50.94333260865086,19.0
-1,-139.74155730051405,15.121571495370366,63.0,87.07200000000003,52.66955730051403,20.0
-1,-130.00968879636127,15.523589851851812,62.0,77.95200000000004,52.05768879636125,21.0
-1,-136.9720343370446,15.360069749999983,75.0,88.32000000000005,48.65203433704453,21.0
-1,-133.2540912510675,17.75371172222219,80.0,101.18400000000004,32.07009125106746,15.0
-1,-136.7535268701419,14.780658560185184,71.0,83.13600000000004,53.61752687014189,23.0
-1,-162.3185228742793,17.382303328703657,81.0,106.17600000000004,56.14252287427926,21.0
-1,-138.2247938623442,16.15863634259257,69.0,82.94400000000005,55.28079386234414,24.0
-1,-159.94973494051294,16.208586370370334,90.0,121.63200000000006,38.317734940512864,21.0
-1,-123.90845410641631,17.6154161481481,66.0,70.17600000000003,53.73245410641629,20.0
-1,-206.19531675659832,19.610888481481435,108.0,155.23200000000008,50.96331675659823,21.0
-1,-140.27115537358316,21.74956761574069,93.0,102.336,37.935155373583136,15.0
-1,-122.67550563037383,18.85148868055553,72.0,80.44800000000002,42.22750563037383,22.0
-1,-149.13023893686756,15.220174597222217,70.0,95.61600000000004,53.51423893686751,20.0
-1,-145.68310910895104,15.98105372685182,75.0,87.07200000000006,58.611109108951,23.0
-1,-117.52979797752572,12.637114444444446,64.0,82.46400000000003,35.06579797752569,18.0
-1,-141.24112205864887,16.78767830092589,74.0,94.65600000000003,46.585122058648814,21.0
-1,-131.36306694183094,14.935541967592584,67.0,85.92000000000003,45.44306694183089,19.0
-1,-133.3086518963002,16.494241060185146,77.0,88.51200000000003,44.79665189630019,19.0
-1,-128.48490573316997,19.41235647685185,79.0,81.98400000000004,46.50090573316994,19.0
-1,-175.51328077850846,17.84355712499998,105.0,135.74400000000009,39.76928077850838,15.0
-1,-201.0653297168477,21.47384114351844,117.0,147.45600000000007,53.60932971684767,18.0
-1,-185.37567113319855,15.345038615740734,102.0,135.36000000000004,50.01567113319855,19.0
-1,-156.64177755388977,23.347859638888828,91.0,93.792,62.84977755388978,20.0
-1,-125.6894959366902,16.31045281481482,68.0,81.21600000000004,44.47349593669016,20.0
-1,-119.10927207342876,16.563880055555536,81.0,100.03200000000008,19.077272073428706,10.0
-1,-109.03202178185362,13.889323935185187,63.0,75.84000000000003,33.19202178185358,18.0
-1,-124.30508827560014,22.291864435185133,64.0,77.18400000000003,47.12108827560012,17.0
-1,-134.36280772752528,15.097742152777757,60.0,87.36000000000004,47.00280772752525,21.0
-1,-132.3331578555761,13.579884657407394,75.0,88.12800000000006,44.20515785557605,18.0
-1,-145.84239353181715,18.526141523148105,65.0,90.43200000000004,55.41039353181712,21.0
-1,-140.09084779632187,21.87481735648145,73.0,80.06400000000004,60.02684779632183,22.0
-1,-177.1642099459567,17.402769902777717,105.0,129.60000000000008,47.56420994595662,19.0
-1,-138.47038646763465,16.089355435185183,84.0,93.60000000000004,44.87038646763461,18.0
-1,-158.3806400533109,16.74211558333334,116.0,126.04800000000006,32.33264005331085,18.0
-1,-129.93475308015437,16.386724722222198,70.0,90.81600000000005,39.11875308015431,19.0
-1,-135.06200916968527,14.09996116203703,77.0,97.24800000000006,37.81400916968521,15.0
-1,-127.5216443610582,16.054580935185182,94.0,100.12800000000004,27.39364436105817,14.0
-1,-147.80391634491593,17.472646870370333,86.0,88.12800000000004,59.67591634491591,23.0
-1,-142.90324107720397,14.949485023148156,92.0,97.82400000000004,45.079241077203946,18.0
-1,-121.72678281525458,16.928531981481466,67.0,77.76000000000003,43.96678281525456,20.0
-1,-134.2998561772337,14.312747564814805,68.0,88.80000000000003,45.49985617723366,19.0
-1,-125.75588671871624,15.380442361111085,81.0,101.08800000000004,24.667886718716208,13.0
-1,-123.19632674968224,14.966058685185194,60.0,74.68800000000002,48.50832674968223,22.0
-1,-132.19389475624695,16.228208847222195,51.0,60.76800000000003,71.4258947562469,22.0
-1,-146.9086309286045,11.74405853703704,73.0,94.27200000000003,52.63663092860447,25.0
-1,-116.66185932551882,14.485821111111091,49.0,68.83200000000002,47.8298593255188,20.0
-1,-129.90313106552264,15.803637828703671,61.0,76.12800000000004,53.77513106552259,20.0
-1,-143.8656845994384,18.917982513888845,59.0,77.28000000000004,66.58568459943834,20.0
-1,-188.1655498756405,21.151262453703623,80.0,104.64000000000004,83.52554987564041,27.0
-1,-208.155606951113,16.339538324074073,95.0,133.24800000000008,74.90760695111291,25.0
-1,-121.50420704298926,12.229862212962963,63.0,73.82400000000004,47.68020704298923,21.0
-1,-115.9886222010926,17.870895476851825,65.0,76.99200000000002,38.99662220109259,19.0
-1,-117.72542122558858,15.57846484259259,55.0,71.61600000000003,46.10942122558854,20.0
-1,-164.3375815175812,17.43482764351849,75.0,104.92800000000008,59.409581517581145,22.0
-1,-112.00832914996782,15.454062606481465,57.0,63.55200000000003,48.45632914996779,22.0
-1,-190.75991981285105,20.81743766666664,82.0,105.40800000000006,85.35191981285097,26.0
-1,-125.975641109134,16.85903799999994,78.0,81.50400000000002,44.47164110913397,24.0
-1,-132.70062277690795,15.781317189814798,69.0,81.21600000000004,51.484622776907926,22.0
-1,-108.75150606583084,13.739525949074077,68.0,65.95200000000003,42.799506065830826,20.0
-1,-155.2244963596909,15.24396056018519,101.0,122.68800000000007,32.53649635969084,13.0
-1,-157.55767646011637,17.158349754629597,81.0,101.85600000000004,55.70167646011631,19.0
-1,-168.12815553528185,16.60136576851848,77.0,105.02400000000006,63.104155535281805,22.0
-1,-120.1026320778593,12.764722601851837,72.0,97.92000000000004,22.182632077859253,12.0
-1,-145.3950115632677,15.404484999999978,85.0,108.57600000000004,36.81901156326765,16.0
-1,-142.54355486045887,17.318418194444394,76.0,94.65600000000003,47.88755486045884,21.0
-1,-138.04020142807977,13.390112527777775,66.0,86.88000000000002,51.16020142807974,20.0
-1,-132.23869040815578,11.851284319444437,56.0,80.64000000000003,51.59869040815576,21.0
-1,-112.43430643482476,11.900361671296304,41.0,52.704000000000015,59.73030643482474,24.0
-1,-152.0779486877832,16.211061638888893,78.0,98.68800000000005,53.38994868778316,21.0
-1,-142.99340351132196,14.806440356481453,76.0,102.14400000000003,40.84940351132193,20.0
-1,-145.17946459372325,19.87818812962964,83.0,91.77600000000002,53.403464593723214,20.0
-1,-133.32330942026195,15.63900781481482,72.0,90.81600000000005,42.507309420261926,21.0
-1,-171.70110681612857,14.536740439814816,77.0,104.73600000000006,66.9651068161285,25.0
-1,-122.53273585525234,17.416552217592542,66.0,75.93600000000004,46.59673585525231,18.0
-1,-146.08548221106332,16.085815435185197,70.0,85.72800000000004,60.35748221106329,26.0
-1,-125.5575409444412,18.97858579166661,69.0,70.17600000000003,55.38154094444118,24.0
-1,-124.33617745983682,13.750832435185188,71.0,77.47200000000002,46.8641774598368,21.0
-1,-195.0009614380727,17.09381281944443,86.0,120.67200000000008,74.32896143807261,28.0
-1,-149.2345438157348,18.120547074074015,67.0,86.11200000000002,63.1225438157348,22.0
-1,-121.9976041088064,13.25981885185184,52.0,67.39200000000002,54.605604108806375,24.0
-1,-169.7716965119515,17.98042242129623,89.0,127.96800000000007,41.80369651195141,17.0
-1,-122.2246157455443,14.838601083333328,60.0,67.96800000000003,54.25661574554426,20.0
-1,-173.16598305092165,15.921773731481467,76.0,98.11200000000004,75.05398305092162,23.0
-1,-122.02465413443451,10.592852754629648,41.0,58.75200000000002,63.27265413443451,23.0
-1,-250.35442221996684,23.286840037036978,108.0,155.42400000000012,94.93042221996672,26.0
-1,-133.8567303257436,13.921734611111104,48.0,70.75200000000004,63.10473032574355,22.0
-1,-124.98433039522472,11.04643507407408,64.0,78.81600000000003,46.1683303952247,22.0
-1,-117.15896314753824,16.53181417129626,54.0,67.39200000000002,49.76696314753822,20.0
-1,-122.31768392894244,14.398790773148152,63.0,76.51200000000003,45.805683928942415,23.0
-1,-129.8846306214731,15.988833550925923,72.0,87.64800000000004,42.23663062147305,20.0
-1,-155.2174151325092,16.86098565740735,67.0,97.53600000000006,57.68141513250913,21.0
-1,-111.10320071377126,14.14222538888889,62.0,75.07200000000005,36.03120071377122,20.0
-1,-118.27356412849304,16.79123019907403,60.0,62.496000000000016,55.77756412849303,24.0
-1,-141.61442834616636,16.441241240740748,72.0,86.49600000000005,55.11842834616632,19.0
-1,-134.240040649813,18.25601191203699,58.0,69.98400000000004,64.25604064981299,22.0
-1,-197.7897603244977,22.65263068518508,82.0,122.49600000000008,75.29376032449761,22.0
-1,-127.67974781952675,16.337723412036997,67.0,86.01600000000003,41.66374781952674,20.0
-1,-142.11769152999176,17.440035134259237,63.0,85.05600000000003,57.06169152999174,21.0
-1,-129.95514601796717,19.99162222222216,70.0,77.95200000000003,52.00314601796713,21.0
-1,-114.8544653244282,18.54518596296292,59.0,72.09600000000002,42.758465324428165,17.0
-1,-123.67810653968884,17.489893814814796,70.0,85.63200000000005,38.04610653968878,19.0
-1,-121.66706883830274,19.858442402777712,58.0,69.88800000000003,51.77906883830271,18.0
-1,-133.35588670636548,15.658813666666653,53.0,71.52000000000002,61.83588670636547,22.0
-1,-151.28280762668035,20.850752666666622,66.0,92.06400000000006,59.21880762668029,20.0
-1,-128.46535012947865,14.67439981018519,74.0,99.16800000000003,29.297350129478595,17.0
-1,-161.26497111143718,19.13686060648142,80.0,99.45600000000006,61.80897111143712,21.0
-1,-128.99612922619164,18.007551370370283,72.0,80.35200000000002,48.64412922619163,21.0
-1,-148.02667586803472,17.520657949074046,70.0,87.26400000000004,60.76267586803468,19.0
-1,-140.75625770713506,18.830516120370344,78.0,87.264,53.49225770713507,21.0
-1,-148.2592541611108,20.197076962962893,78.0,90.72000000000006,57.53925416111072,20.0
-1,-121.69937059807214,14.809027939814811,48.0,60.38400000000003,61.31537059807211,23.0
-1,-131.7121768777103,13.95443497222222,56.0,64.03200000000004,67.68017687771027,26.0
-1,-122.88779849851343,20.40595240277771,59.0,72.48000000000002,50.40779849851343,21.0
-1,-142.3585798508069,15.1105898935185,53.0,75.64800000000004,66.71057985080687,22.0
-1,-135.59914347585004,18.24753613425923,74.0,90.24000000000004,45.35914347585,17.0
-1,-137.38945156024928,19.223429337962912,73.0,85.72800000000004,51.66145156024925,23.0
-1,-144.13475523224906,22.054657439814783,78.0,96.48000000000005,47.65475523224903,17.0
-1,-114.94964690787008,14.883576245370383,55.0,70.36800000000002,44.58164690787006,17.0
-1,-151.54699079355208,14.214502694444436,59.0,76.70400000000004,74.84299079355206,25.0
-1,-172.99012633193976,16.326320537037,81.0,102.72000000000008,70.2701263319397,25.0
-1,-132.90011499247333,16.58953502777779,63.0,72.09600000000002,60.8041149924733,20.0
-1,-133.23278731873108,17.99230980555551,55.0,81.69600000000004,51.53678731873105,21.0
-1,-133.44323197715846,22.95551048611103,82.0,90.04800000000003,43.39523197715844,19.0
-1,-126.2998147028318,13.882128337962966,70.0,76.51200000000004,49.787814702831774,22.0
-1,-114.32008354901669,18.180361694444382,56.0,72.48000000000005,41.84008354901663,19.0
-1,-130.40479266237224,12.042018351851844,71.0,86.40000000000002,44.00479266237223,18.0
-1,-102.86694649246505,12.80964300462962,54.0,64.32000000000002,38.54694649246503,19.0
-1,-177.05839102541114,19.356381944444383,83.0,104.25600000000006,72.80239102541107,24.0
-1,-115.03559095536026,15.153431277777798,65.0,68.92800000000003,46.10759095536024,21.0
-1,-123.98438913352724,18.958984199074067,66.0,79.29600000000003,44.68838913352719,19.0
-1,-134.5880350909169,16.02656262962961,67.0,85.15200000000003,49.43603509091686,21.0
-1,-105.85587424337687,14.52605730555554,49.0,59.71200000000002,46.14387424337688,21.0
-1,-137.59590147429128,20.271656796296263,61.0,71.71200000000002,65.88390147429125,23.0
-1,-130.48769685988606,20.02825464814807,68.0,80.16000000000003,50.32769685988604,21.0
-1,-130.2852374201553,15.3035541111111,53.0,69.02400000000003,61.26123742015529,23.0
-1,-119.27467441664008,16.27222985648151,49.0,60.864000000000026,58.41067441664004,22.0
-1,-124.63752648006226,13.535374856481496,60.0,68.25600000000001,56.381526480062256,23.0
-1,-110.02411348463522,14.96729150925926,59.0,63.16800000000002,46.8561134846352,22.0
-1,-144.87416414920972,15.07037988425924,70.0,84.48000000000005,60.39416414920967,24.0
-1,-140.5350938377799,19.19745047222219,67.0,87.93600000000004,52.59909383777987,21.0
-1,-120.6001290966454,17.654067537036997,60.0,72.67200000000001,47.928129096645385,18.0
-1,-116.44773623181942,16.86198999074071,51.0,60.96000000000004,55.487736231819376,20.0
-1,-114.87379841751236,15.00532177777777,49.0,62.208000000000034,52.66579841751231,21.0
-1,-101.83565009632692,17.825790435185148,65.0,61.63200000000003,40.203650096326896,20.0
-1,-128.5191600778488,16.926076666666642,62.0,83.61600000000003,44.90316007784877,17.0
-1,-126.36313371529516,15.973142657407418,62.0,75.84000000000003,50.52313371529512,23.0
-1,-133.26050844680316,15.967715782407396,56.0,69.98400000000004,63.27650844680313,22.0
-1,-110.91547419217886,15.893631138888898,45.0,59.04000000000003,51.87547419217884,19.0
-1,-130.55625680633045,14.88571672685186,66.0,77.47200000000001,53.08425680633044,21.0
-1,-135.10472284497274,21.30943665740731,83.0,91.77600000000004,43.32872284497268,17.0
-1,-146.16138293932406,17.80012232407404,73.0,82.65600000000005,63.505382939324015,23.0
-1,-95.47381173070065,12.44003690740741,48.0,59.616000000000014,35.85781173070064,19.0
-1,-141.2103357330355,15.864169180555544,56.0,75.64800000000002,65.56233573303548,23.0
-1,-130.66231006464383,14.96743250925925,53.0,63.55200000000004,67.1103100646438,28.0
-1,-133.24571627252837,19.830804041666592,67.0,77.76000000000003,55.48571627252833,23.0
-1,-94.9318212288994,13.309035291666664,49.0,58.94400000000002,35.987821228899385,20.0
-1,-116.93299142573142,15.12354339814815,52.0,59.52000000000003,57.41299142573138,24.0
-1,-130.31077034311954,15.947182694444423,66.0,86.49600000000004,43.81477034311952,14.0
-1,-166.98488320852684,26.8940527916666,90.0,100.51200000000009,66.47288320852677,21.0
-1,-127.28178857154184,16.375813009259264,59.0,75.36000000000003,51.92178857154182,20.0
-1,-116.96193012131062,17.963752861111075,63.0,66.62400000000002,50.3379301213106,21.0
-1,-147.74679107604376,20.5108230555555,74.0,87.74400000000004,60.00279107604373,21.0
-1,-123.9226202553824,14.466541467592585,63.0,75.64800000000004,48.27462025538238,21.0
-1,-142.4384404404776,15.45788472685182,87.0,114.04800000000004,28.39044044047754,16.0
-1,-114.43719779054724,16.386394722222203,60.0,72.28800000000003,42.14919779054721,19.0
-1,-99.67458140971074,12.572564879629624,64.0,71.52000000000002,28.15458140971072,18.0
-1,-128.2268804792757,16.334738930555545,56.0,64.60800000000003,63.61888047927568,23.0
-1,-120.27086795387564,8.997242217592605,68.0,86.01600000000005,34.2548679538756,20.0
-1,-111.18028256936516,17.486311273148136,51.0,55.39200000000002,55.78828256936513,22.0
-1,-143.92571236387013,19.376746856481425,64.0,80.06400000000002,63.86171236387012,25.0
-1,-124.38568688996035,18.38765758333328,60.0,68.44800000000002,55.93768688996033,21.0
-1,-114.04668548298622,22.89290008796295,73.0,68.44800000000001,45.59868548298621,21.0
-1,-115.10151124807818,24.261678078703664,64.0,74.11200000000002,40.98951124807816,14.0
-1,-116.40594622603466,15.518465018518526,50.0,64.22400000000003,52.18194622603463,22.0
-1,-93.7971759559637,13.081266379629644,46.0,54.43200000000003,39.36517595596367,21.0
-1,-171.84258263268077,18.06307152777773,85.0,108.00000000000004,63.84258263268073,20.0
-1,-107.90650202591095,18.781769662036982,47.0,57.21600000000002,50.69050202591093,21.0
-1,-111.030410731833,16.068002254629615,53.0,54.52800000000001,56.502410731833,21.0
-1,-135.71863591993178,21.07051779166663,65.0,78.24000000000004,57.47863591993176,23.0
-1,-114.7253473782669,16.624492023148125,53.0,63.26400000000003,51.46134737826687,20.0
-1,-159.4563700114286,16.10600294907405,70.0,90.91200000000006,68.54437001142853,22.0
-1,-163.6828247891207,23.127101194444396,88.0,113.47200000000004,50.21082478912066,19.0
-1,-144.73373212053949,17.47259749537032,66.0,89.85600000000004,54.87773212053945,22.0
-1,-131.83486989893416,18.62899515277774,64.0,78.62400000000005,53.2108698989341,17.0
-1,-118.51921928376,14.017505166666666,54.0,70.46400000000001,48.05521928375999,22.0
-1,-131.44582813816052,9.183892726851864,64.0,90.72000000000006,40.72582813816047,18.0
-1,-142.63540493044843,18.71886488425917,78.0,85.05600000000004,57.57940493044839,24.0
-1,-110.6804371251205,17.32864978703698,59.0,63.45600000000003,47.22443712512048,19.0
-1,-138.86455816273104,19.380430999999906,60.0,85.15200000000004,53.712558162731,22.0
-1,-123.21632096916792,17.180781615740713,63.0,77.85600000000002,45.36032096916789,20.0
-1,-113.03020990870556,14.346028486111114,68.0,69.60000000000004,43.430209908705535,20.0
-1,-123.79593760850146,19.46724668055551,59.0,71.61600000000003,52.17993760850143,18.0
-1,-129.4449026991652,15.436667365740714,53.0,72.38400000000003,57.06090269916517,23.0
-1,-114.3173394468228,15.10710169444446,60.0,73.44000000000003,40.8773394468228,17.0
-1,-103.83791217798476,15.995401828703688,51.0,70.94400000000003,32.89391217798473,17.0
-1,-86.15877617605025,11.42133583796295,36.0,45.79200000000001,40.36677617605025,22.0
-1,-124.81255476885411,16.21115974074072,55.0,61.53600000000002,63.2765547688541,25.0
-1,-119.3488805329722,17.220540629629625,59.0,67.39200000000002,51.95688053297218,20.0
-1,-144.5850235228601,15.613840268518508,60.0,83.61600000000004,60.96902352286006,20.0
-1,-135.40372508621888,15.008954972222218,84.0,109.72800000000004,25.67572508621884,11.0
-1,-106.56073994275084,14.434494365740726,53.0,69.21600000000002,37.344739942750806,17.0
-1,-142.31776738456398,14.005559347222214,67.0,87.74400000000004,54.57376738456392,21.0
-1,-126.43540524188978,20.40384090740732,63.0,84.38400000000004,42.05140524188974,18.0
-1,-124.83988728009793,16.925005652777756,70.0,77.56800000000003,47.271887280097886,19.0
-1,-89.03237461355585,8.576382657407422,47.0,53.47200000000002,35.56037461355583,20.0
-1,-113.64390403949145,16.62448393055555,60.0,59.904000000000025,53.73990403949141,22.0
-1,-118.50096476837312,17.458459745370345,61.0,69.31200000000001,49.18896476837309,19.0
-1,-134.84096569305353,18.88111003240737,81.0,93.02400000000004,41.81696569305349,18.0
-1,-126.3307831839136,11.959036745370378,71.0,82.27200000000005,44.05878318391357,20.0
-1,-128.13693563424468,18.104161740740704,58.0,68.16000000000004,59.97693563424464,22.0
-1,-137.23643577767132,14.42526675462964,55.0,66.91200000000002,70.32443577767131,26.0
-1,-128.45597781524503,16.26451720370369,50.0,64.60800000000003,63.84797781524501,21.0
-1,-153.60578640352543,15.42865055555554,58.0,77.66400000000003,75.94178640352541,24.0
-1,-126.70748002911074,15.464004365740742,67.0,68.92800000000001,57.77948002911073,19.0
-1,-127.42385662827984,18.63488540277777,61.0,72.38400000000004,55.03985662827979,22.0
-1,-137.67099483939018,15.16033864351851,70.0,89.37600000000005,48.29499483939013,18.0
-1,-153.57964091617254,13.554968462962956,51.0,72.28800000000003,81.29164091617251,26.0
-1,-117.6553114107589,15.046377560185196,57.0,72.96000000000002,44.69531141075888,22.0
-1,-119.61593736230124,20.357726462962923,72.0,77.37600000000003,42.23993736230121,19.0
-1,-122.9541762637414,17.562530194444406,59.0,75.16800000000002,47.78617626374139,18.0
-1,-160.6930631256663,20.41768435648143,85.0,91.20000000000006,69.49306312566625,24.0
-1,-106.47602558948836,14.099611365740726,61.0,72.86400000000003,33.612025589488326,21.0
-1,-113.87298573007352,12.537862180555566,59.0,70.46400000000003,43.408985730073496,22.0
-1,-113.32688431232596,15.226402083333324,53.0,62.97600000000002,50.35088431232595,22.0
-1,-149.30954524840018,16.544286708333285,68.0,97.92000000000006,51.38954524840012,23.0
-1,-205.98494467794004,22.439561342592512,97.0,136.6080000000001,69.37694467793995,21.0
-1,-158.14953390813375,18.451181870370327,88.0,98.30400000000007,59.84553390813368,21.0
-1,-120.03273382555716,17.56924701851846,49.0,60.672000000000025,59.36073382555713,23.0
-1,-119.6753244815988,20.559736925925844,65.0,69.50400000000003,50.17132448159877,18.0
-1,-139.94728113467295,19.496873791666623,68.0,81.02400000000004,58.92328113467291,21.0
-1,-110.92344995796654,13.602131916666668,65.0,67.20000000000002,43.72344995796653,23.0
-1,-104.11462514272591,17.751475564814797,56.0,68.92800000000003,35.186625142725894,18.0
-1,-98.64894472377202,10.83123818055556,36.0,48.768000000000015,49.880944723772,23.0
-1,-169.4804477677968,25.66574350462962,85.0,69.21600000000001,100.26444776779678,24.0
-1,-122.38671180876368,16.128065976851797,50.0,69.40800000000002,52.97871180876366,23.0
-1,-128.5621229236367,18.20699255555549,50.0,58.65600000000003,69.90612292363667,24.0
-1,-106.17978301920336,15.678720648148149,53.0,58.75200000000002,47.42778301920333,23.0
-1,-96.76353209138398,16.062461578703697,38.0,51.45600000000002,45.30753209138396,16.0
-1,-114.97852568146725,18.88728461111107,65.0,69.50400000000002,45.474525681467206,17.0
-1,-124.13930409425532,18.013809740740687,58.0,64.80000000000003,59.33930409425528,21.0
-1,-116.23611913410608,15.451978425925924,50.0,59.13600000000003,57.10011913410606,21.0
-1,-106.48988494007386,14.86095917592592,47.0,53.856000000000016,52.63388494007384,22.0
-1,-122.12551656251762,17.42674028240737,51.0,65.85600000000002,56.26951656251759,22.0
-1,-95.68680848059904,15.076400907407386,50.0,60.57600000000003,35.110808480599005,18.0
-1,-102.7879672961007,16.03220449537035,60.0,68.44800000000002,34.33996729610069,14.0
-1,-138.95579140483136,19.51554356481472,59.0,76.12800000000004,62.82779140483133,21.0
-1,-126.29278382672196,12.666625254629617,69.0,85.92000000000004,40.37278382672192,16.0
-1,-108.61924793277738,12.406990541666673,43.0,46.08000000000002,62.53924793277736,26.0
-1,-131.68943068151825,22.07197103240737,69.0,73.82400000000004,57.8654306815182,18.0
-1,-107.9990574172389,17.107630509259252,65.0,77.18400000000003,30.815057417238883,16.0
-1,-131.201534567204,15.176447041666655,55.0,63.93600000000003,67.26553456720396,23.0
-1,-121.35210472855564,16.989838833333305,58.0,74.88000000000002,46.47210472855562,18.0
-1,-128.67108596594034,13.864595689814832,56.0,68.06400000000004,60.60708596594029,24.0
-1,-157.25488178817125,17.432425787036976,75.0,108.96000000000006,48.29488178817118,19.0
-1,-108.0111862731118,18.730572995370284,58.0,76.22400000000003,31.787186273111764,17.0
-1,-113.45683999856897,13.175754657407408,42.0,51.26400000000002,62.19283999856895,25.0
-1,-127.27624482678108,19.573754962962905,57.0,69.50400000000003,57.77224482678103,19.0
-1,-131.94000372688006,13.5071154398148,66.0,85.44000000000004,46.50000372688002,21.0
-1,-139.13414184549447,17.604039185185133,65.0,77.56800000000004,61.566141845494414,24.0
-1,-114.92335393807862,15.628903777777774,52.0,64.22400000000003,50.69935393807859,21.0
-1,-92.39874615803784,11.617330717592589,52.0,53.95200000000002,38.44674615803783,20.0
-1,-112.23714820724352,17.196880032407382,61.0,71.42400000000002,40.81314820724349,20.0
-1,-150.36668950859814,20.60075318055552,72.0,106.17600000000006,44.1906895085981,18.0
-1,-167.44030467913694,17.94732717592586,84.0,118.94400000000007,48.49630467913687,20.0
-1,-264.273544338605,17.902830768518477,110.0,166.75200000000012,97.52154433860484,27.0
-1,-147.06886330247667,18.614916828703624,60.0,85.82400000000005,61.24486330247662,23.0
-1,-127.3077337861012,16.964203851851806,67.0,75.93600000000005,51.371733786101146,20.0
-1,-90.4646588308993,18.753336620370327,49.0,57.504000000000026,32.96065883089927,14.0
-1,-151.3011540866794,12.591186296296293,75.0,106.84800000000006,44.45315408667935,20.0
-1,-171.93513956412903,15.359501773148104,69.0,98.78400000000006,73.15113956412895,24.0
-1,-83.43285824141824,10.324508319444456,43.0,43.58400000000001,39.84885824141824,22.0
-1,-93.93425892701664,11.767717458333324,60.0,57.98400000000003,35.950258927016606,22.0
-1,-95.2915927484204,13.704447222222214,41.0,50.88000000000002,44.41159274842039,20.0
-1,-123.62216960326109,16.775027935185157,61.0,76.51200000000003,47.11016960326105,17.0
-1,-98.4307449914232,12.773788800925914,36.0,48.384000000000015,50.04674499142318,22.0
-1,-121.25187376955104,11.553147976851864,40.0,52.320000000000014,68.931873769551,26.0
-1,-107.98150624431604,14.986767694444447,52.0,58.17600000000002,49.80550624431602,20.0
-1,-115.76489284224031,18.938115398148067,51.0,64.41600000000003,51.348892842240296,19.0
-1,-122.54084056079128,15.047863759259256,54.0,59.13600000000003,63.40484056079126,24.0
-1,-114.57790750160132,13.474678328703703,42.0,52.80000000000002,61.77790750160129,23.0
-1,-153.97012300695303,17.153169435185138,69.0,88.89600000000004,65.074123006953,23.0
-1,-97.21597738752578,17.746196124999983,49.0,52.032000000000025,45.18397738752575,19.0
-1,-120.84888213927285,21.27409242592589,58.0,65.18400000000003,55.6648821392728,19.0
-1,-112.0603530638233,14.367000726851826,41.0,59.04000000000002,53.02035306382328,23.0
-1,-103.94800584312492,11.260511398148155,48.0,59.13600000000002,44.812005843124886,21.0
-1,-109.19860927468288,14.496666657407411,54.0,69.12000000000003,40.078609274682826,18.0
-1,-102.67273608924005,13.00662358333332,53.0,58.368000000000016,44.30473608924002,18.0
-1,-128.01946007567062,15.363803583333322,44.0,62.11200000000002,65.90746007567061,23.0
-1,-106.25755269315384,17.724317226851845,54.0,58.27200000000003,47.98555269315382,18.0
-1,-153.76941956998925,14.464020162037023,66.0,85.34400000000005,68.4254195699892,26.0
-1,-96.65004480362254,10.922242513888904,34.0,44.35200000000001,52.29804480362253,24.0
-1,-163.82249981576,13.86710998148148,66.0,92.64000000000004,71.18249981575997,22.0
-1,-110.46846573743144,17.05003479166664,41.0,46.94400000000002,63.52446573743144,21.0
-1,-127.3677963018634,16.15369981481479,55.0,72.00000000000003,55.36779630186337,23.0
-1,-268.7798290962198,23.72218766203694,120.0,179.52000000000012,89.25982909621973,23.0
-1,-133.53220225195494,14.867348245370348,56.0,73.34400000000004,60.1882022519549,22.0
-1,-130.52459548139052,18.743407287037,67.0,78.24000000000004,52.28459548139048,18.0
-1,-106.91894520908872,14.857919134259252,38.0,48.192000000000014,58.7269452090887,21.0
-1,-104.11069686234438,13.079800189814817,36.0,47.52000000000002,56.59069686234436,24.0
-1,-98.7410758864425,11.855213486111117,48.0,51.26400000000002,47.477075886442485,26.0
-1,-163.82140155249755,20.697776124999923,66.0,96.28800000000004,67.53340155249748,21.0
-1,-123.61150770230591,21.73421785648144,57.0,69.50400000000003,54.10750770230589,18.0
-1,-113.07254170879142,19.05143721296293,49.0,56.83200000000002,56.24054170879139,22.0
-1,-102.0837290173802,17.083002995370368,51.0,49.632000000000026,52.45172901738017,23.0
-1,-114.94508339286284,11.698648638888884,39.0,51.55200000000001,63.39308339286284,23.0
-1,-86.12099564022559,16.274505120370343,53.0,61.344000000000015,24.776995640225568,13.0
-1,-107.94489507649244,14.210733157407397,54.0,63.45600000000002,44.48889507649241,24.0
-1,-185.38032869372935,22.339843513888805,79.0,117.60000000000008,67.78032869372929,22.0
-1,-125.37367638139897,15.854305634259267,45.0,59.04000000000003,66.33367638139893,18.0
-1,-142.2572652085182,16.171910995370343,80.0,98.59200000000004,43.66526520851815,17.0
-1,-131.20179353594412,15.26789296296294,60.0,89.76000000000005,41.44179353594407,19.0
-1,-161.26771345822527,15.055684449074072,63.0,91.87200000000006,69.39571345822522,22.0
-1,-112.87873981353891,15.528295152777773,50.0,59.42400000000004,53.45473981353887,19.0
-1,-99.42112911616375,8.183170444444457,40.0,56.54400000000002,42.87712911616375,22.0
-1,-113.0965799389395,19.28718763888878,47.0,60.76800000000003,52.32857993893948,20.0
-1,-97.63561054966289,17.597796310185178,48.0,54.33600000000002,43.29961054966286,18.0
-1,-107.9408578964957,13.50624390277778,38.0,46.94400000000002,60.99685789649568,24.0
-1,-124.4710792447233,13.753073291666642,49.0,69.79200000000003,54.67907924472327,23.0
-1,-150.38430131799663,18.24442099999993,62.0,90.43200000000004,59.95230131799657,19.0
-1,-95.2178393682459,15.77014295833334,47.0,59.13600000000003,36.08183936824587,14.0
-1,-129.79246188340989,18.181059027777707,64.0,81.98400000000004,47.808461883409855,19.0
-1,-154.1277070104369,17.412606467592575,63.0,96.38400000000006,57.74370701043683,22.0
-1,-172.3955944547281,16.36888901851852,67.0,102.43200000000006,69.96359445472804,24.0
-1,-98.482756944229,16.23903561111109,51.0,63.36000000000004,35.12275694422896,15.0
-1,-112.9763615083379,20.10674196759253,60.0,64.51200000000003,48.46436150833788,21.0
-1,-105.25553234273838,14.185265111111113,50.0,55.58400000000002,49.67153234273835,21.0
-1,-116.2055709197722,17.645757129629583,54.0,53.66400000000002,62.54157091977217,24.0
-1,-101.17943979191227,13.34258879629629,40.0,48.09600000000001,53.08343979191227,23.0
-1,-91.52030282323676,12.377148453703716,45.0,47.71200000000002,43.80830282323675,21.0
-1,-125.22397221107408,22.544115902777715,64.0,83.32800000000005,41.89597221107402,17.0
-1,-86.32727323759119,11.674522300925922,47.0,54.24000000000001,32.087273237591184,18.0
-1,-96.83840924182527,21.71370915740738,47.0,47.136,49.70240924182527,19.0
-1,-107.4746431173648,17.380166263888885,51.0,57.88800000000002,49.58664311736477,20.0
-1,-152.26510180073396,16.731797569444424,69.0,85.72800000000004,66.53710180073392,22.0
-1,-132.72565644576076,15.00173063425925,57.0,71.13600000000002,61.58965644576075,25.0
-1,-127.81831938694812,12.519870828703704,44.0,62.88000000000004,64.93831938694808,24.0
-1,-93.50936911967044,12.092147069444424,50.0,57.02400000000001,36.485369119670445,18.0
-1,-97.43222972009018,13.61420542592591,48.0,53.760000000000026,43.67222972009015,24.0
-1,-138.5797833842581,14.71517951388888,67.0,89.95200000000004,48.62778338425805,20.0
-1,-154.08059095751506,17.779083310185115,58.0,92.83200000000004,61.24859095751501,19.0
-1,-136.0788945155639,19.14368348611103,53.0,70.65600000000003,65.42289451556387,21.0
-1,-124.00860793726469,18.609218884259214,48.0,66.14400000000002,57.86460793726466,21.0
-1,-112.28932885221911,11.549645828703694,42.0,56.83200000000003,55.45732885221909,27.0
-1,-101.97611923417524,10.898504287037037,44.0,62.97600000000002,39.00011923417521,21.0
-1,-101.56908005748,12.37578258796297,47.0,55.96800000000001,45.60108005747999,21.0
-1,-78.6927787097484,9.947833203703702,45.0,48.00000000000002,30.692778709748374,17.0
-1,-156.62174396672026,18.819341731481423,69.0,85.63200000000005,70.9897439667202,24.0
-1,-119.04605447570088,19.17109865277776,55.0,61.056000000000026,57.99005447570087,20.0
-1,-111.20563655936355,14.52309344907407,39.0,50.49600000000001,60.709636559363545,24.0
-1,-163.73529940691753,15.41387756944442,71.0,101.18400000000004,62.55129940691747,24.0
-1,-111.04882495515648,19.315344356481454,57.0,62.78400000000003,48.26482495515644,16.0
-1,-111.4655061605144,16.041870518518515,53.0,62.40000000000002,49.06550616051437,21.0
-1,-120.75134076194584,18.00513324074067,52.0,62.59200000000003,58.15934076194582,20.0
-1,-113.55124060103996,13.928913879629627,55.0,64.99200000000002,48.559240601039946,24.0
-1,-127.81665164696447,14.44940746759258,53.0,71.32800000000003,56.488651646964456,22.0
-1,-98.93906850444068,19.0912978194444,46.0,59.04000000000003,39.89906850444066,17.0
-1,-98.33037835470844,17.516093624999982,51.0,56.83200000000002,41.49837835470842,17.0
-1,-142.4301864583127,17.100756111111114,61.0,77.47200000000004,64.95818645831267,24.0
-1,-137.22529404540396,16.94086058333327,51.0,73.82400000000004,63.40129404540392,22.0
-1,-169.08705150842843,19.23202579166658,76.0,109.05600000000008,60.03105150842836,21.0
-1,-97.17393444860733,17.335859847222206,45.0,57.02400000000003,40.14993444860729,16.0
-1,-157.64053293681252,16.074054879629596,67.0,89.37600000000006,68.26453293681244,22.0
-1,-108.68553759518198,13.996711527777784,40.0,56.160000000000025,52.52553759518196,18.0
-1,-116.71015740820826,16.742043314814794,61.0,79.68000000000004,37.03015740820822,17.0
-1,-135.9926486482073,14.588137328703702,56.0,72.57600000000004,63.41664864820726,25.0
-1,-108.92977272065158,12.493168768518526,35.0,45.792000000000016,63.137772720651576,25.0
-1,-110.98145357006132,18.000045458333297,50.0,62.20800000000003,48.77345357006129,19.0
-1,-99.3286336464115,10.504731569444443,51.0,58.84800000000003,40.48063364641147,22.0
-1,-134.0701964725792,12.520058555555543,55.0,76.51200000000004,57.55819647257917,21.0
-1,-85.36131579359892,5.886343601851843,26.0,38.688,46.67331579359893,24.0
-1,-99.74990939714684,16.070184666666645,51.0,57.88800000000002,41.861909397146825,19.0
-1,-151.08356306942522,18.95076929166666,75.0,86.40000000000005,64.68356306942519,21.0
-1,-89.99919255023644,15.36702870370371,44.0,53.088000000000015,36.91119255023642,18.0
-1,-119.74198363732606,15.66295625,53.0,55.39200000000001,64.34998363732605,21.0
-1,-97.91184531015418,21.479461717592518,49.0,54.91200000000002,42.99984531015416,17.0
-1,-88.3095596605327,15.843988333333307,53.0,56.160000000000025,32.14955966053267,14.0
-1,-99.06371965470063,18.01489271759256,47.0,55.96800000000003,43.09571965470061,19.0
-1,-109.1964694807286,15.664950546296303,43.0,54.24000000000002,54.956469480728586,19.0
-1,-95.167242777847,14.625084402777777,36.0,49.63200000000002,45.53524277784699,20.0
-1,-110.69969954538809,19.379862273148103,52.0,57.50400000000002,53.19569954538805,19.0
-1,-135.73193762065293,16.213818791666657,50.0,72.38400000000004,63.34793762065288,21.0
-1,-158.08192782831773,11.988477069444428,62.0,92.64000000000006,65.44192782831767,27.0
-1,-106.22660801136414,14.01477331944445,40.0,52.89600000000002,53.330608011364106,23.0
-1,-111.01858787729417,10.979192449074077,40.0,55.58400000000002,55.434587877294135,23.0
-1,-118.51663579016252,14.034975694444425,49.0,60.00000000000002,58.516635790162496,25.0
-1,-105.11963039134916,16.36730589351851,47.0,66.24000000000002,38.87963039134913,15.0
-1,-133.28598200673417,19.386664986111057,71.0,90.62400000000004,42.66198200673411,21.0
-1,-98.00956417885844,12.106079763888872,39.0,52.89600000000002,45.11356417885844,21.0
-1,-87.51830339555782,10.041391462962968,42.0,57.12000000000003,30.398303395557782,19.0
-1,-115.5794697776082,16.01811331481479,50.0,60.096000000000025,55.48346977760818,20.0
-1,-99.033206800688,13.70566872685187,45.0,53.18400000000002,45.84920680068798,18.0
-1,-122.80959070700048,19.23283639351843,46.0,60.76800000000003,62.04159070700044,20.0
-1,-110.40696345898029,17.531562865740696,46.0,64.89600000000003,45.51096345898025,18.0
-1,-106.53008315754224,14.518325972222206,36.0,48.28800000000002,58.24208315754223,22.0
-1,-157.35916243357016,9.341713157407428,70.0,106.56000000000006,50.799162433570096,22.0
-1,-172.608152296027,16.39437040740737,83.0,131.71200000000007,40.896152296026926,17.0
-1,-129.78869961404993,14.1596879722222,45.0,72.38400000000004,57.40469961404989,23.0
-1,-169.16330124881534,16.942818518518468,65.0,100.41600000000008,68.74730124881526,21.0
-1,-126.743355564525,10.297926671296306,48.0,70.36800000000002,56.37535556452498,24.0
-1,-99.46041710606332,19.80470659259255,48.0,45.40800000000001,54.0524171060633,19.0
-1,-164.97382372521463,17.690008231481432,73.0,103.68000000000006,61.29382372521458,20.0
-1,-122.30947906995604,17.855597796296266,48.0,70.75200000000004,51.55747906995601,21.0
-1,-93.31950150299582,9.781515282407408,41.0,61.82400000000001,31.4955015029958,16.0
-1,-113.01703115321308,16.250733393518516,44.0,52.99200000000002,60.02503115321306,22.0
-1,-117.6049174659642,19.55830430555548,52.0,65.08800000000002,52.51691746596418,21.0
-1,-122.5413415741768,15.579085449074054,47.0,68.06400000000004,54.47734157417676,23.0
-1,-130.28231320196198,8.822590907407417,47.0,74.68800000000003,55.59431320196195,26.0
-1,-127.3861496952687,16.68142251388885,51.0,68.16000000000003,59.226149695268674,19.0
-1,-115.18869737680174,13.215551759259244,39.0,59.52000000000002,55.66869737680172,23.0
-1,-108.94773442210128,15.187929509259227,42.0,52.60800000000001,56.33973442210129,24.0
-1,-101.60698961522436,13.518921745370369,44.0,57.312000000000026,44.29498961522432,19.0
-1,-108.57637858791152,13.420924078703717,39.0,56.54400000000002,52.03237858791152,22.0
-1,-111.65183709384824,12.937065407407395,52.0,69.21600000000004,42.43583709384821,18.0
-1,-102.31835692066925,14.222979194444434,41.0,54.81600000000002,47.50235692066922,22.0
-1,-127.49718289544026,11.238848310185178,54.0,73.34400000000004,54.153182895440224,23.0
-1,-80.92526066811669,11.335011064814823,36.0,45.216000000000015,35.70926066811667,21.0
-1,-137.89948023168944,11.537860143518524,47.0,62.592000000000034,75.30748023168941,25.0
-1,-131.2667818929808,13.306402064814788,47.0,57.69600000000002,73.57078189298076,27.0
-1,-101.10177684105692,14.977443203703697,45.0,51.84000000000002,49.26177684105691,20.0
-1,-156.05822909410125,16.84753306481478,67.0,91.68000000000004,64.37822909410119,24.0
-1,-127.22678872384296,14.981574638888857,45.0,65.85600000000004,61.370788723842914,23.0
-1,-136.43919755684078,13.70579121296295,52.0,61.248000000000026,75.19119755684076,27.0
-1,-113.8705299225215,13.980421782407404,51.0,62.11200000000003,51.75852992252147,22.0
-1,-126.171423242579,17.588645009259196,53.0,68.54400000000003,57.62742324257897,21.0
-1,-98.6055785395928,12.180639486111112,38.0,39.74400000000001,58.8615785395928,25.0
-1,-113.85338297489751,20.73828316203699,52.0,64.60800000000003,49.24538297489748,18.0
-1,-109.75461631430836,15.532202814814775,44.0,53.76000000000002,55.99461631430834,22.0
-1,-114.9162110548499,14.461458953703714,46.0,57.21600000000002,57.700211054849866,23.0
-1,-128.34851690928224,21.16479416203692,54.0,65.18400000000003,63.164516909282206,22.0
-1,-100.08955122594836,14.510858884259267,55.0,60.67200000000003,39.41755122594833,21.0
-1,-149.3995064621264,13.697181851851834,68.0,105.79200000000009,43.60750646212634,18.0
-1,-129.30823749215872,14.58569622685187,49.0,57.40800000000002,71.9002374921587,26.0
-1,-77.43630252810067,12.760001083333323,45.0,52.41600000000001,25.02030252810065,16.0
-1,-113.9580895481281,14.379443717592569,46.0,64.80000000000003,49.15808954812808,23.0
-1,-154.3330796178003,15.515904712962936,52.0,83.04000000000005,71.29307961780026,24.0
-1,-115.61300790413378,20.387363726851767,51.0,63.840000000000025,51.77300790413375,19.0
-1,-109.36347299523771,13.573986212962971,37.0,44.832000000000015,64.5314729952377,23.0
-1,-102.74396331816608,17.093649773148105,46.0,55.77600000000002,46.96796331816606,18.0
-1,-100.2863823204798,14.66421454166668,41.0,47.71200000000002,52.57438232047978,23.0
-1,-103.1657967045075,10.213788175925918,34.0,50.78400000000001,52.38179670450749,20.0
-1,-98.9314308833552,16.62109537037035,49.0,56.35200000000002,42.5794308833552,19.0
-1,-121.17408421032432,14.966389342592567,55.0,68.16000000000003,53.01408421032428,22.0
-1,-113.2513014587212,16.246121041666633,55.0,65.08800000000004,48.163301458721165,21.0
-1,-136.57589548962534,18.84930162499992,61.0,78.91200000000003,57.66389548962529,21.0
-1,-111.8891788702351,14.896219115740722,42.0,62.88000000000003,49.00917887023507,23.0
-1,-116.66957571836672,12.872335611111106,38.0,51.552000000000014,65.11757571836671,26.0
-1,-86.44351405427646,15.052313495370358,42.0,55.00800000000002,31.43551405427644,16.0
-1,-83.46695108009325,11.33791506018519,41.0,42.62400000000001,40.84295108009324,22.0
-1,-93.75244297040744,19.71950413425922,51.0,55.10400000000002,38.64844297040742,17.0
-1,-85.67389297117056,14.655270046296277,42.0,52.12800000000003,33.54589297117053,17.0
-1,-105.69844749777693,11.659064949074072,56.0,62.59200000000002,43.10644749777691,22.0
-1,-122.13485312440424,14.556999574074055,44.0,58.65600000000002,63.47885312440421,23.0
-1,-126.88749525326648,18.01463062037032,61.0,71.32800000000003,55.55949525326644,25.0
-1,-142.69223431300247,16.64219197222217,62.0,90.04800000000004,52.64423431300244,21.0
-1,-95.53445837796748,15.988771092592572,46.0,54.240000000000016,41.29445837796745,17.0
-1,-78.49787927069198,12.174150981481477,39.0,46.84800000000001,31.649879270691976,15.0
-1,-82.94469331896799,11.944048620370378,40.0,47.52000000000001,35.42469331896798,19.0
-1,-103.2751615249276,18.32084118518518,53.0,64.22400000000002,39.05116152492757,17.0
-1,-106.47219195094792,14.840065259259246,43.0,56.44800000000002,50.02419195094789,23.0
-1,-97.3461222709242,14.841258898148167,46.0,52.12800000000002,45.21812227092418,21.0
-1,-121.38860833482909,14.344896384259242,51.0,72.57600000000004,48.81260833482906,21.0
-1,-101.86679921529108,12.124906282407403,41.0,61.440000000000026,40.426799215291055,20.0
-1,-96.63558292068166,11.824733787037042,41.0,53.37600000000002,43.25958292068163,21.0
-1,-108.72351655772717,15.933720962962951,47.0,57.31200000000002,51.41151655772713,19.0
-1,-121.56796985371328,13.322801115740733,45.0,63.16800000000003,58.39996985371324,24.0
-1,-97.86485599521072,10.635338504629628,38.0,48.86400000000002,49.0008559952107,26.0
-1,-98.53387167148134,17.560144976851824,43.0,47.61600000000002,50.91787167148131,20.0
-1,-89.71734359303346,13.034263611111095,38.0,51.360000000000014,38.35734359303344,22.0
-1,-131.329624515143,14.543256106481468,44.0,55.87200000000002,75.45762451514297,26.0
-1,-101.85859064689284,14.65071606944442,45.0,60.864000000000026,40.99459064689283,19.0
-1,-98.91607282023116,16.47725602777776,43.0,55.48800000000003,43.42807282023114,20.0
-1,-108.6656089213337,13.53204220833334,44.0,46.94400000000002,61.72160892133368,24.0
-1,-93.23200243955998,17.00195972685181,41.0,49.536000000000016,43.69600243955996,19.0
-1,-127.8975089039483,14.663511407407414,49.0,67.87200000000004,60.02550890394826,22.0
-1,-98.0782535916648,14.436709763888889,39.0,44.83200000000001,53.2462535916648,21.0
-1,-94.84463085111426,12.58814590277777,35.0,51.456,43.38863085111426,22.0
-1,-132.33391860970238,17.099987712962903,49.0,67.48800000000003,64.84591860970235,23.0
-1,-119.67666205252377,14.165541652777767,43.0,55.68000000000002,63.99666205252373,24.0
-1,-94.16008557836142,9.36837407870372,31.0,43.968,50.19208557836142,25.0
-1,-112.79252998120624,15.693795939814809,51.0,60.76800000000002,52.0245299812062,22.0
-1,-93.03458471762606,12.777489842592596,36.0,43.488000000000014,49.54658471762605,23.0
-1,-117.60108137508482,15.685267287037046,51.0,67.00800000000001,50.593081375084815,20.0
-1,-103.76156659403632,15.870273097222205,52.0,59.23200000000004,44.52956659403628,20.0
-1,-123.04008801833992,16.293936574074028,60.0,70.27200000000005,52.768088018339874,22.0
-1,-119.94623125627464,15.79171316203701,45.0,62.11200000000002,57.83423125627461,22.0
-1,-96.34576520732094,11.867021407407398,44.0,47.424000000000014,48.92176520732092,23.0
-1,-91.81292080430217,13.12387759722223,41.0,42.720000000000006,49.09292080430215,22.0
-1,-131.73030981666844,16.553753592592557,64.0,79.00800000000004,52.7223098166684,19.0
-1,-142.22041232468024,13.073149060185148,50.0,73.63200000000003,68.5884123246802,24.0
-1,-114.2481391074382,16.781605898148104,45.0,54.52800000000003,59.72013910743816,22.0
-1,-103.61722842328878,12.078767379629614,43.0,56.83200000000002,46.78522842328876,23.0
-1,-102.22521807799048,17.558198662036986,47.0,59.23200000000002,42.99321807799048,19.0
-1,-90.4568177219478,16.98935086111109,47.0,63.26400000000003,27.19281772194777,14.0
-1,-94.04074543520574,13.644219907407406,44.0,55.00800000000002,39.03274543520571,21.0
-1,-104.82253699376253,10.616613412037044,40.0,50.496000000000016,54.32653699376252,25.0
-1,-116.24914451877348,15.742983555555536,45.0,56.44800000000001,59.80114451877349,23.0
-1,-94.85189463934144,16.341947314814803,47.0,45.024000000000015,49.82789463934144,19.0
-1,-101.2575272058124,13.99869139814816,45.0,57.600000000000016,43.65752720581239,21.0
-1,-98.16966859621948,14.136650111111102,39.0,52.320000000000014,45.84966859621947,23.0
-1,-114.29171668327668,14.02448509259259,44.0,56.16000000000002,58.131716683276665,22.0
-1,-127.92186636232805,12.163044277777775,41.0,61.44000000000002,66.48186636232802,25.0
-1,-120.75747633992108,15.46283116666666,55.0,59.90400000000002,60.85347633992106,20.0
-1,-95.87387248383632,15.60641427777776,37.0,46.36800000000001,49.50587248383631,22.0
-1,-114.80881760178364,15.870633291666644,50.0,63.16800000000002,51.64081760178362,22.0
-1,-86.88730397456187,11.304936254629622,31.0,41.08800000000001,45.799303974561866,23.0
-1,-84.79714335210313,12.258462962962984,37.0,36.38400000000001,48.41314335210313,24.0
-1,-91.0011465585057,16.17961902314811,45.0,52.03200000000002,38.969146558505685,18.0
-1,-104.33524753702744,13.848863912037045,41.0,49.344000000000015,54.99124753702742,21.0
-1,-127.0559792926328,15.399073337962948,58.0,77.47200000000004,49.58397929263276,23.0
-1,-97.99832189504392,18.131683268518472,44.0,52.70400000000002,45.29432189504389,20.0
-1,-96.24866740569624,16.53030253703702,47.0,47.52000000000001,48.72866740569623,19.0
-1,-113.80690787055444,16.23254873611108,50.0,66.91200000000003,46.8949078705544,20.0
-1,-184.6315659501694,19.167837245370315,81.0,129.31200000000007,55.31956595016933,20.0
-1,-92.67956147149178,15.027851550925902,39.0,47.90400000000001,44.77556147149177,19.0
-1,-108.16582476666204,15.63206678703703,40.0,50.20800000000001,57.95782476666203,21.0
-1,-97.77307060187816,11.779866111111115,39.0,48.67200000000001,49.10107060187816,23.0
-1,-105.09790297345556,13.288175476851857,52.0,67.10400000000003,37.99390297345551,15.0
-1,-91.55415506129762,13.72189081018518,32.0,45.120000000000005,46.434155061297616,20.0
-1,-105.1980062829976,16.461595898148108,44.0,55.87200000000002,49.32600628299759,23.0
-1,-128.04063946398622,16.902437476851816,55.0,73.05600000000003,54.98463946398619,19.0
-1,-96.2287028909182,12.476429449074065,37.0,56.92800000000002,39.30070289091819,22.0
-1,-99.31917150349508,17.448629675925915,44.0,43.87200000000002,55.447171503495056,20.0
-1,-118.99959565225662,14.919009476851846,43.0,52.896000000000015,66.1035956522566,22.0
-1,-71.85557317114088,14.745901481481456,47.0,53.760000000000026,18.095573171140845,9.0
-1,-99.23264938985731,13.465776527777772,50.0,59.42400000000003,39.8086493898573,22.0
-1,-95.13567040939962,19.297529236111057,63.0,59.13600000000003,35.99967040939959,18.0
-1,-156.9861907882732,19.70974135185176,75.0,103.10400000000008,53.88219078827313,22.0
-1,-131.4349610911722,14.23529021296294,61.0,78.04800000000003,53.386961091172175,24.0
-1,-132.04303812284286,16.15364338888885,55.0,75.55200000000004,56.49103812284282,24.0
-1,-111.95059532272982,15.51279561111108,50.0,60.96000000000003,50.9905953227298,21.0
-1,-126.2173302013642,19.195609171296244,68.0,78.91200000000003,47.30533020136418,18.0
-1,-104.805748963068,13.022552171296295,40.0,51.36000000000002,53.44574896306798,22.0
-1,-105.11847156579586,19.65424659259255,56.0,59.04000000000003,46.07847156579584,19.0
-1,-86.70860306957671,9.255721310185203,36.0,43.488000000000014,43.2206030695767,22.0
-1,-144.25886415918572,16.66236571296291,59.0,78.24000000000004,66.01886415918568,21.0
-1,-101.54234545820684,11.551208893518512,48.0,58.27200000000003,43.27034545820682,21.0
-1,-102.9629407880783,13.95769125462962,36.0,47.71200000000001,55.25094078807828,25.0
-1,-104.7015223020658,16.090987898148132,50.0,51.74400000000003,52.957522302065776,21.0
-1,-92.83157417217724,10.393970759259282,31.0,39.552,53.27957417217723,24.0
-1,-81.61787783414087,10.659627527777776,29.0,44.16,37.45787783414088,19.0
-1,-127.00447575589928,15.849680708333306,45.0,56.736000000000026,70.26847575589925,24.0
-1,-108.77143619482231,12.091524458333328,45.0,51.16800000000001,57.60343619482231,25.0
-1,-103.03270110517876,12.017607689814804,38.0,50.59200000000001,52.44070110517876,21.0
-1,-100.31493265954887,15.52681268055554,36.0,49.24800000000001,51.06693265954886,21.0
-1,-95.1930459144827,13.74148138888887,48.0,60.38400000000003,34.809045914482674,17.0
-1,-107.25318960345696,22.72239473611106,58.0,57.98400000000003,49.26918960345691,18.0
-1,-142.6619962763031,14.495969537037023,54.0,82.94400000000005,59.71799627630308,22.0
-1,-114.18457213939884,15.54572680555551,48.0,59.61600000000002,54.56857213939883,22.0
-1,-87.08308562591475,12.96895950925924,36.0,42.62400000000001,44.45908562591473,22.0
-1,-95.8858760367274,16.39087001851849,44.0,52.22400000000002,43.6618760367274,18.0
-1,-109.19682059870924,14.854963962962971,46.0,50.304000000000016,58.89282059870924,23.0
-1,-95.972779098897,13.718515398148144,36.0,51.93600000000001,44.03677909889699,20.0
-1,-109.4296350819132,14.765779814814788,44.0,59.32800000000002,50.10163508191319,23.0
-1,-99.68635757052112,13.953165560185182,41.0,53.66400000000002,46.02235757052109,20.0
-1,-101.76729261909232,13.736355013888868,36.0,45.12000000000001,56.64729261909231,23.0
-1,-85.81462557256383,12.386971148148126,44.0,45.984000000000016,39.83062557256381,24.0
-1,-103.49016813167827,14.68657172685184,45.0,55.00800000000003,48.48216813167825,24.0
-1,-70.29797598401362,12.030227754629635,37.0,39.64800000000001,30.6499759840136,17.0
-1,-92.36533524392138,15.993623949074058,42.0,48.960000000000015,43.40533524392136,21.0
-1,-112.6282307175333,17.480422374999964,52.0,56.44800000000002,56.18023071753328,21.0
-1,-97.50579727948126,14.830195111111106,41.0,52.704000000000015,44.80179727948124,24.0
-1,-101.65779733015653,20.971275768518428,60.0,67.20000000000002,34.45779733015651,15.0
-1,-101.2031379192966,11.7311480601852,37.0,47.32800000000002,53.87513791929658,24.0
-1,-175.43418355265817,17.444963180555483,77.0,99.45600000000006,75.97818355265811,26.0
-1,-101.4613418743404,17.006854902777754,40.0,48.09600000000001,53.3653418743404,20.0
-1,-125.69680966379458,16.176863800925897,48.0,65.66400000000003,60.03280966379455,24.0
-1,-105.29554231870912,18.659448152777717,45.0,54.33600000000001,50.959542318709104,20.0
-1,-98.6714290752117,16.256761476851814,49.0,54.43200000000003,44.23942907521168,22.0
-1,-108.98007451913548,12.534007537037054,41.0,46.464000000000006,62.516074519135486,26.0
-1,-94.60483366600246,16.727460870370365,49.0,51.07200000000002,43.53283366600244,20.0
-1,-81.27714129511638,11.088138287037063,33.0,37.34400000000001,43.93314129511637,22.0
-1,-74.58210951416886,10.110010013888902,39.0,41.280000000000015,33.30210951416885,17.0
-1,-85.80530652773717,12.857977745370404,42.0,41.088,44.717306527737165,22.0
-1,-90.55336070705332,14.674182124999998,45.0,53.47200000000002,37.081360707053285,19.0
-1,-78.53218829351934,12.892495458333332,35.0,39.456,39.07618829351934,20.0
-1,-97.1806799846512,16.668128560185167,48.0,52.032000000000025,45.14867998465116,19.0
-1,-109.45892207610528,18.12866328240736,55.0,57.79200000000003,51.66692207610525,20.0
-1,-115.55788307545498,16.37350005555551,46.0,66.62400000000002,48.93388307545496,21.0
-1,-95.0277826237256,14.127928282407394,46.0,50.40000000000001,44.62778262372558,23.0
-1,-96.55543976661488,13.335779074074072,39.0,50.59200000000002,45.96343976661486,21.0
-1,-110.8377741885716,16.54099121296295,52.0,67.58400000000003,43.25377418857158,17.0
-1,-113.5891056921076,11.858667439814807,43.0,61.63200000000002,51.95710569210759,25.0
-1,-106.52717188755756,11.609115495370364,51.0,67.29600000000003,39.23117188755754,22.0
-1,-103.71144389350113,15.159755069444428,49.0,56.352000000000025,47.3594438935011,22.0
-1,-96.13892238528209,12.066618365740728,35.0,49.44000000000001,46.69892238528208,22.0
-1,-84.1601974162761,12.657688893518529,37.0,39.64800000000001,44.51219741627609,22.0
-1,-111.52942931786777,15.745498662037036,44.0,59.424000000000014,52.10542931786775,23.0
-1,-113.18714232318888,14.645893342592556,46.0,61.440000000000026,51.74714232318885,19.0
-1,-84.96920733830652,14.37097693981481,46.0,48.48,36.489207338306514,20.0
-1,-121.66860942797126,14.888798773148151,53.0,65.95200000000003,55.71660942797124,22.0
-1,-133.3017818747564,14.24400923148147,48.0,60.288000000000025,73.01378187475639,26.0
-1,-115.5518147223982,12.461109930555562,46.0,57.50400000000002,58.047814722398186,26.0
-1,-85.32704114808979,17.324464467592556,42.0,51.936000000000014,33.39104114808978,14.0
-1,-88.51273860192886,11.679867324074095,38.0,46.36800000000001,42.14473860192885,21.0
-1,-86.61212934201691,14.898849625,38.0,48.48000000000001,38.13212934201691,18.0
-1,-137.61915169493903,16.75528664814812,58.0,79.00800000000004,58.61115169493899,21.0
-1,-170.23486007129478,20.692600120370265,72.0,106.84800000000008,63.38686007129471,19.0
-1,-89.82447980838757,12.90064826388888,34.0,51.744000000000014,38.08047980838756,22.0
-1,-201.0401038299496,21.17158742592579,90.0,137.2800000000001,63.76010382994952,22.0
-1,-136.44292656853793,15.443748791666666,56.0,80.73600000000003,55.70692656853788,21.0
-1,-90.05067233774321,14.591235884259246,42.0,50.68800000000001,39.3626723377432,17.0
-1,-100.12581802010126,13.212376060185193,43.0,61.34400000000003,38.78181802010123,17.0
-1,-99.05384146263329,19.261919717592544,52.0,60.57600000000002,38.47784146263325,18.0
-1,-90.74775830667288,15.46002411111112,36.0,40.032,50.71575830667289,20.0
-1,-99.02041214656012,12.99595681944444,34.0,45.312000000000005,53.70841214656011,21.0
-1,-96.80789581629664,13.039306282407392,43.0,51.93600000000002,44.87189581629662,19.0
-1,-94.01809138173049,16.449703962962925,38.0,53.95200000000002,40.06609138173046,19.0
-1,-98.16109866234382,12.791559499999984,42.0,49.92000000000001,48.2410986623438,24.0
-1,-119.61540650993857,15.194889731481476,46.0,57.216000000000015,62.39940650993856,24.0
-1,-106.1437850921356,15.018984824074092,47.0,50.59200000000003,55.55178509213558,22.0
-1,-107.04679752611796,15.89505448148147,43.0,52.03200000000002,55.014797526117945,25.0
-1,-73.34825939855148,12.722594129629632,37.0,48.28800000000002,25.060259398551462,14.0
-1,-108.50132011087352,18.74745953240734,45.0,57.79200000000002,50.709320110873485,22.0
-1,-147.90777100827958,16.260668819444387,65.0,92.83200000000004,55.07577100827953,22.0
-1,-85.15756275018538,10.160368101851857,34.0,42.24,42.917562750185375,21.0
-1,-98.60508887896552,19.96393592129625,50.0,51.36000000000002,47.24508887896549,20.0
-1,-77.23839431066565,13.23438962962964,35.0,42.24000000000001,34.998394310665645,19.0
-1,-130.5750679464193,14.433268875,45.0,58.94400000000002,71.63106794641928,24.0
-1,-117.15343278312211,13.593331671296296,45.0,58.17600000000002,58.97743278312211,24.0
-1,-95.23850328725108,14.549106773148136,35.0,45.120000000000005,50.11850328725109,21.0
-1,-103.20549868282734,20.62980749999996,52.0,54.91200000000002,48.29349868282731,17.0
-1,-107.06711747304008,14.575488874999996,50.0,62.20800000000003,44.85911747304004,21.0
-1,-105.27512502182783,17.647976745370315,42.0,55.20000000000002,50.075125021827816,18.0
-1,-74.04718404831927,10.552453625000014,36.0,40.51200000000001,33.53518404831926,18.0
-1,-120.35168273265386,12.486145564814816,47.0,63.84000000000004,56.51168273265382,22.0
-1,-92.33213889387292,18.144438087962968,48.0,47.32800000000002,45.0041388938729,18.0
-1,-115.4286286283473,13.259115611111142,47.0,58.75200000000002,56.67662862834729,23.0
-1,-134.15627143414997,15.82598768055553,57.0,82.08000000000004,52.07627143414992,21.0
-1,-101.118813286198,14.7628947962963,43.0,50.11200000000001,51.006813286197975,22.0
-1,-175.63211643428852,17.554717680555488,75.0,116.25600000000009,59.37611643428844,23.0
-1,-102.44737138369636,17.44774795370365,41.0,49.15200000000002,53.29537138369632,21.0
-1,-99.46301213482892,18.38166282870364,48.0,57.88800000000002,41.5750121348289,18.0
-1,-106.46965729231432,15.31681824999998,41.0,60.096000000000025,46.373657292314284,19.0
-1,-107.15415040157076,17.751372458333293,61.0,62.68800000000003,44.46615040157071,19.0
-1,-91.7148943690101,15.261142296296274,39.0,47.04000000000001,44.67489436901009,20.0
-1,-114.44855113849806,18.28803409259254,69.0,63.07200000000004,51.376551138498016,22.0
-1,-101.93354943710874,14.80033935185187,42.0,51.26400000000002,50.66954943710872,22.0
-1,-109.7544746543056,16.78174968981477,48.0,61.440000000000026,48.31447465430557,19.0
-1,-130.77714916193543,19.88646699999992,59.0,74.88000000000004,55.89714916193541,22.0
-1,-121.81132866545492,16.581892708333303,56.0,69.60000000000004,52.21132866545488,23.0
-1,-109.79431815178516,14.203153342592575,42.0,52.89600000000002,56.89831815178513,24.0
-1,-109.1242269150145,12.750181921296296,41.0,49.24800000000002,59.87622691501449,23.0
-1,-89.38415223683769,17.864425037037005,45.0,57.31200000000002,32.072152236837674,19.0
-1,-97.58784801448265,19.122970138888867,54.0,61.15200000000003,36.4358480144826,17.0
-1,-121.16434648754505,16.09772382870367,56.0,56.64000000000002,64.524346487545,23.0
-1,-115.85593644601052,19.924243944444388,54.0,66.52800000000003,49.32793644601049,20.0
-1,-104.94962601518654,16.45004548611106,46.0,61.34400000000002,43.60562601518652,21.0
-1,-98.99338220190046,19.14991542129626,42.0,53.95200000000002,45.04138220190043,17.0
-1,-95.92701401992318,13.878192162037031,45.0,46.08000000000001,49.847014019923165,23.0
-1,-85.6399402100239,14.011534930555555,51.0,50.88,34.759940210023906,19.0
-1,-125.9137400400994,18.65623631018512,63.0,78.81600000000005,47.09774004009937,20.0
-1,-105.5234477933094,10.608366671296295,54.0,62.78400000000004,42.73944779330935,22.0
-1,-112.04818758337602,15.3951091388889,46.0,55.20000000000001,56.84818758337601,22.0
-1,-93.7721388735672,16.93626402777776,47.0,56.928000000000026,36.84413887356718,18.0
-1,-135.42168284467382,20.482605902777703,68.0,91.20000000000005,44.22168284467377,17.0
-1,-79.99840419412554,10.35779483796297,36.0,41.37600000000001,38.62240419412553,22.0
-1,-119.35208896776832,13.973426342592573,49.0,62.30400000000002,57.04808896776828,22.0
-1,-114.7678070128462,15.39560373148147,54.0,55.20000000000003,59.56780701284617,23.0
-1,-105.62086427508754,18.266077087962888,49.0,65.95200000000003,39.66886427508751,19.0
-1,-99.99120400949046,18.19049028240736,42.0,51.74400000000002,48.24720400949044,19.0
-1,-109.19587535791412,14.404755740740752,47.0,58.46400000000003,50.73187535791409,23.0
-1,-79.91078391110491,14.336580189814793,38.0,41.37600000000001,38.534783911104896,21.0
-1,-86.61488010561604,12.367932379629636,36.0,43.872000000000014,42.74288010561602,18.0
-1,-111.80140296347784,18.319039666666647,54.0,63.840000000000025,47.96140296347781,20.0
-1,-151.3943716222858,15.756208675925931,59.0,78.24000000000002,73.15437162228578,22.0
-1,-87.70483665826869,14.767839712962973,41.0,43.00800000000001,44.69683665826868,22.0
-1,-89.29319576248199,12.810153037037034,41.0,46.75200000000002,42.541195762481976,21.0
-1,-112.2382020965888,19.85743919444439,52.0,58.65600000000003,53.582202096588766,20.0
-1,-83.38648506244596,11.915568365740754,36.0,45.216,38.17048506244595,18.0
-1,-106.94669795432804,14.060815245370382,48.0,53.568000000000026,53.378697954328025,23.0
-1,-83.49009660358277,17.292890162037047,46.0,46.848000000000006,36.64209660358276,19.0
-1,-113.3938772207311,14.801905282407382,49.0,53.18400000000002,60.20987722073108,23.0
-1,-111.19492628784656,19.573004847222183,50.0,62.68800000000002,48.50692628784654,19.0
-1,-106.95151928862398,11.885008106481475,46.0,56.160000000000025,50.79151928862396,22.0
-1,-131.92623876441826,18.74567493055543,59.0,69.79200000000004,62.13423876441823,25.0
-1,-148.1720404536316,19.56514305555548,72.0,87.74400000000004,60.42804045363158,21.0
-1,-109.12336123734806,17.749195796296288,54.0,61.63200000000003,47.49136123734804,21.0
-1,-95.2198428501858,17.333187412037006,48.0,51.16800000000002,44.051842850185785,19.0
-1,-106.8520823776235,19.09620560648143,50.0,55.20000000000002,51.652082377623486,21.0
-1,-109.63738801574706,16.346202254629574,47.0,66.52800000000002,43.10938801574704,20.0
-1,-83.13847655420771,12.23124976388889,43.0,48.09600000000002,35.042476554207695,18.0
-1,-104.54542180822524,15.826932388888888,51.0,58.368000000000016,46.17742180822522,22.0
-1,-106.63987051329474,19.01368710185182,51.0,63.45600000000003,43.18387051329471,18.0
-1,-102.88884735489393,19.316018736111047,53.0,54.52800000000003,48.360847354893885,22.0
-1,-120.54225207475092,14.918160745370336,52.0,63.55200000000002,56.99025207475092,24.0
-1,-103.98009232115794,17.78122370370366,55.0,63.26400000000003,40.71609232115792,20.0
-1,-104.41177393058528,16.03211551388888,44.0,51.07200000000002,53.33977393058525,22.0
-1,-106.32718240666136,15.292156111111089,53.0,59.32800000000003,46.99918240666133,22.0
-1,-85.45666009600257,13.4499916759259,35.0,46.27200000000001,39.18466009600255,19.0
-1,-95.6625352290968,15.12757261111109,54.0,55.00800000000001,40.65453522909679,21.0
-1,-86.76900710553235,15.078521675925918,45.0,47.90400000000001,38.86500710553234,20.0
-1,-77.08790429561301,10.179582287037036,37.0,35.904,41.18390429561301,24.0
-1,-99.67766192248854,18.31458547685181,49.0,52.51200000000002,47.16566192248852,22.0
-1,-96.83185639443062,15.644870666666655,33.0,42.14400000000001,54.6878563944306,20.0
-1,-94.56298430378206,17.415832374999976,48.0,55.29600000000002,39.26698430378203,19.0
-1,-140.1976857951631,15.891033356481469,55.0,89.95200000000004,50.245685795163055,23.0
-1,-97.66289002596363,15.04749444444442,42.0,53.08800000000002,44.57489002596362,23.0
-1,-103.33831857735412,17.74561664351846,53.0,65.56800000000004,37.7703185773541,15.0
-1,-104.756162245062,17.421791537036988,45.0,56.064000000000014,48.69216224506199,21.0
-1,-110.96505643415313,11.879515722222225,42.0,59.71200000000002,51.25305643415311,21.0
-1,-80.31397490855524,17.347017296296293,43.0,50.78400000000002,29.529974908555214,16.0
-1,-76.75466967717134,12.498274791666669,32.0,43.968,32.78666967717134,21.0
-1,-92.47811042170616,12.281987958333344,39.0,43.872000000000014,48.60611042170616,23.0
-1,-113.1780234899158,17.02025806481475,52.0,64.41600000000003,48.76202348991578,21.0
-1,-107.866118078309,13.443087560185182,45.0,50.59200000000001,57.274118078308994,24.0
-1,-102.19542617146055,16.89211969444443,41.0,46.94400000000002,55.25142617146053,22.0
-1,-97.13216993542544,20.020264412036997,49.0,58.17600000000004,38.95616993542542,18.0
-1,-160.4186717172845,14.80519444907404,65.0,93.40800000000006,67.01067171728445,26.0
-1,-82.31473278132364,14.041060527777775,39.0,42.624,39.690732781323646,21.0
-1,-117.8242547829791,13.577260504629622,43.0,61.24800000000003,56.576254782979056,25.0
-1,-116.713651750601,15.34420617129627,42.0,59.904000000000025,56.80965175060098,20.0
-1,-101.43918185352558,14.183493796296302,43.0,50.20800000000001,51.23118185352557,23.0
-1,-118.82619157174932,19.99647891203696,61.0,81.98400000000005,36.84219157174926,19.0
-1,-113.16807063345227,17.523838064814775,50.0,57.98400000000002,55.18407063345225,22.0
-1,-150.50707185015338,16.88149969907406,56.0,75.84000000000003,74.66707185015335,24.0
-1,-117.89238722927972,9.05541138425927,38.0,49.63200000000002,68.2603872292797,28.0
-1,-81.1131379027045,12.151985189814823,33.0,39.168000000000006,41.945137902704495,22.0
-1,-118.45977040657516,15.026212027777769,50.0,55.39200000000003,63.06777040657512,23.0
-1,-108.34620231121892,16.695238143518488,47.0,57.21600000000002,51.130202311218895,20.0
-1,-98.31328577450716,17.824463949074016,47.0,60.67200000000002,37.64128577450713,20.0
-1,-110.84762802899014,16.92993928703699,48.0,61.15200000000002,49.69562802899012,22.0
-1,-98.53186518132404,18.07316479166664,48.0,52.416000000000025,46.115865181324,22.0
-1,-101.6876198303702,18.557616708333292,54.0,58.08000000000002,43.607619830370176,19.0
-1,-148.18889849585526,14.420128129629605,55.0,75.07200000000003,73.11689849585521,25.0
-1,-105.4641696197898,13.90026884259258,43.0,54.91200000000002,50.55216961978978,25.0
-1,-94.70632466162414,15.685473624999986,42.0,53.56800000000002,41.13832466162411,20.0
-1,-91.17118023823951,13.84043900462964,37.0,44.25600000000001,46.91518023823952,22.0
-1,-89.40568080999006,16.877134898148157,52.0,65.76000000000003,23.645680809990026,13.0
-1,-104.3624972205485,16.187045259259225,48.0,59.61600000000002,44.74649722054848,21.0
-1,-120.25374327545136,13.991051648148131,45.0,60.86400000000002,59.38974327545134,23.0
-1,-110.82375849315429,16.863220425925917,53.0,56.64000000000003,54.18375849315424,21.0
-1,-88.83459523453638,11.559834046296295,30.0,35.712,53.12259523453638,25.0
-1,-91.38968028285868,10.37496947685187,38.0,45.98400000000001,45.40568028285866,22.0
-1,-132.98192375907445,15.992966157407372,55.0,74.88000000000004,58.10192375907441,21.0
-1,-76.98528521329567,13.077411731481476,35.0,35.808,41.17728521329566,22.0
-1,-141.10677864648807,12.27390762037036,58.0,80.54400000000004,60.56277864648803,25.0
-1,-110.27990713671008,16.478651592592577,52.0,56.640000000000015,53.63990713671006,24.0
-1,-72.58507050262844,16.60718918518518,33.0,34.848000000000006,37.73707050262843,17.0
-1,-96.2522501720533,18.644795249999955,47.0,52.03200000000002,44.22025017205328,19.0
-1,-85.30603526803336,15.130191245370373,41.0,45.408000000000015,39.89803526803335,21.0
-1,-110.5872199501585,16.312595185185163,53.0,54.14400000000002,56.443219950158486,22.0
-1,-82.31750846344156,15.886157486111111,33.0,38.30400000000001,44.013508463441546,18.0
-1,-98.95035195148743,18.02602676388887,52.0,60.38400000000003,38.56635195148743,21.0
-1,-87.90748523142221,18.34067574537035,41.0,49.92000000000002,37.98748523142219,17.0
-1,-95.46057617744157,16.88419017129627,44.0,53.37600000000002,42.08457617744154,21.0
-1,-101.98582304551,18.287950199074054,47.0,53.37600000000002,48.60982304550997,18.0
-1,-125.64829261603128,16.29808743981479,56.0,63.93600000000004,61.71229261603124,21.0
-1,-96.13136947216644,16.530097495370367,49.0,51.74400000000002,44.387369472166434,21.0
-1,-91.34440963099937,13.455544444444454,41.0,53.664000000000016,37.680409630999335,18.0
-1,-105.88557430419598,13.25719314814816,46.0,57.120000000000026,48.76557430419596,21.0
-1,-92.3971982122767,11.399289643518506,43.0,55.20000000000002,37.19719821227668,22.0
-1,-95.1045767122026,14.113682453703706,39.0,43.488000000000014,51.61657671220259,23.0
-1,-79.10863825113144,14.74106023148147,33.0,46.56000000000001,32.54863825113143,17.0
-1,-95.04804211464804,11.89888780555554,37.0,50.88000000000002,44.16804211464802,23.0
-1,-88.4300024188995,11.908532078703733,33.0,35.61600000000001,52.81400241889951,25.0
-1,-96.68781051193848,18.856632824074044,42.0,48.09600000000002,48.591810511938455,21.0
-1,-121.46110074331692,18.19198821759249,57.0,67.29600000000003,54.1651007433169,20.0
-1,-98.7932399088064,16.03124208333332,52.0,61.92000000000003,36.87323990880638,17.0
-1,-84.95751384578088,10.442671699074085,34.0,39.36000000000001,45.59751384578088,23.0
-1,-91.27974198203762,10.025853328703713,37.0,42.43200000000001,48.84774198203762,26.0
-1,-90.26823899650395,18.87892413425924,47.0,44.064000000000014,46.20423899650395,19.0
-1,-90.10161961055532,14.308134263888896,41.0,43.872000000000014,46.22961961055532,22.0
-1,-98.64983431969804,14.716337180555572,39.0,37.824000000000005,60.825834319698046,25.0
-1,-108.86934364679168,14.536784898148136,39.0,49.24800000000001,59.62134364679167,22.0
-1,-70.99915830161427,12.79945020370369,34.0,41.664,29.335158301614275,20.0
-1,-190.41235731302083,15.371482087962953,76.0,114.04800000000009,76.36435731302075,25.0
-1,-94.88204374699848,10.862277388888886,40.0,43.77600000000001,51.10604374699847,24.0
-1,-101.88268685680262,17.772014305555523,47.0,59.61600000000003,42.266686856802586,17.0
-1,-104.30398917847394,18.015894611111086,48.0,53.66400000000002,50.63998917847392,17.0
-1,-108.23646915472888,17.61898255555553,52.0,60.76800000000004,47.46846915472883,20.0
-1,-114.20928428173636,13.979700361111124,45.0,56.83200000000003,57.37728428173634,24.0
-1,-111.12893995926844,18.365075916666648,51.0,62.78400000000003,48.344939959268416,19.0
-1,-113.16196643588988,13.189200962962929,44.0,57.31200000000002,55.84996643588986,25.0
-1,-149.9216029166845,16.464633115740707,65.0,84.96000000000005,64.96160291668446,24.0
-1,-112.5791333967054,17.768729592592546,49.0,59.42400000000003,53.15513339670538,19.0
-1,-98.9350512543148,11.698393365740758,34.0,43.39200000000001,55.543051254314776,24.0
-1,-104.32584810580558,17.441370249999963,47.0,60.57600000000003,43.74984810580555,17.0
-1,-135.84763618656896,13.53288722685183,50.0,68.44800000000002,67.39963618656894,24.0
-1,-111.01497882940734,12.48712603703705,40.0,48.48000000000002,62.53497882940732,22.0
-1,-89.14017898581037,15.602605092592595,43.0,51.45600000000001,37.68417898581035,20.0
-1,-125.74428103055902,17.767151462962893,47.0,66.72000000000003,59.02428103055899,22.0
-1,-111.26324150313847,17.371481458333314,51.0,54.52800000000002,56.73524150313847,22.0
-1,-121.51807354968976,19.264649824074027,47.0,62.208000000000034,59.31007354968971,17.0
-1,-92.86648125786884,13.423090837962976,31.0,36.38400000000001,56.48248125786883,23.0
-1,-106.0768740787982,16.35087280555553,41.0,54.62400000000002,51.45287407879818,22.0
-1,-104.91457853336232,13.34758636574073,32.0,44.352,60.56257853336231,23.0
-1,-114.9511713495646,16.764275074074078,47.0,58.56000000000002,56.39117134956456,21.0
-1,-84.43725305628621,12.978319319444433,43.0,47.23200000000001,37.2052530562862,23.0
-1,-121.25012132154988,20.102748615740644,59.0,73.92000000000003,47.33012132154983,20.0
-1,-89.1405736082497,11.5007602916667,38.0,39.45600000000001,49.684573608249686,24.0
-1,-77.13167439120659,13.011882902777772,33.0,41.376000000000005,35.75567439120658,20.0
-1,-90.68726180637944,14.13831564351852,42.0,45.504000000000005,45.18326180637944,23.0
-1,-92.9410008884576,17.514116620370327,46.0,55.776000000000025,37.165000888457584,20.0
-1,-91.00662203741037,17.138791157407393,44.0,49.344000000000015,41.66262203741033,17.0
-1,-97.4081279231523,10.39389830555556,32.0,41.47200000000001,55.93612792315229,22.0
-1,-110.5369892421746,16.8237055833333,45.0,65.76000000000003,44.77698924217456,18.0
-1,-123.4008123102289,15.707152810185178,52.0,60.00000000000002,63.400812310228886,24.0
-1,-100.09132606122688,17.034846592592558,53.0,57.504000000000026,42.58732606122686,17.0
-1,-96.967148459438,14.94890731481482,41.0,47.040000000000006,49.92714845943798,22.0
-1,-101.5939208666912,15.159949560185169,47.0,57.60000000000003,43.99392086669118,19.0
-1,-99.2164833967792,18.50280783333329,48.0,53.66400000000002,45.55248339677919,19.0
-1,-93.93981766232103,16.976941208333294,41.0,53.088000000000015,40.85181766232103,19.0
-1,-124.24861909836542,14.43666697685185,50.0,61.53600000000002,62.71261909836541,27.0
-1,-132.9622829352689,14.377571560185157,53.0,75.74400000000003,57.21828293526885,24.0
-1,-126.89281980419034,12.45271724999999,47.0,59.23200000000002,67.66081980419031,28.0
-1,-101.75414414388212,16.353268393518476,43.0,54.72000000000001,47.0341441438821,20.0
-1,-83.73036446304263,15.538494351851837,37.0,38.68800000000001,45.042364463042624,22.0
-1,-114.0822928751266,11.53533523611111,45.0,56.06400000000003,58.01829287512656,27.0
-1,-126.46008897168775,16.084092597222213,55.0,80.25600000000004,46.204088971687725,19.0
-1,-104.77189807475318,19.65012560648143,58.0,58.75200000000002,46.01989807475316,20.0
-1,-95.21917984914084,13.242255296296277,39.0,51.072,44.14717984914084,23.0
-1,-129.006698841441,15.986343754629608,50.0,70.36800000000004,58.63869884144096,23.0
-1,-102.01573114273526,14.975736203703688,45.0,52.800000000000026,49.21573114273523,20.0
-1,-85.57239458353222,15.522796416666656,41.0,44.06400000000001,41.50839458353221,21.0
-1,-76.45187895165688,19.876772018518515,49.0,49.15200000000002,27.29987895165685,16.0
-1,-93.70838184468629,12.454442032407416,35.0,34.272000000000006,59.43638184468628,26.0
-1,-107.00040782584864,11.207452712962974,36.0,43.104000000000006,63.89640782584864,23.0
-1,-105.31537018627604,18.42883284722217,45.0,55.96800000000002,49.34737018627602,20.0
-1,-98.07105250694272,16.777641555555572,45.0,60.76800000000002,37.30305250694271,17.0
-1,-109.5005980913731,13.37736693518519,37.0,42.912000000000006,66.5885980913731,23.0
-1,-97.53648339217584,14.125420263888904,40.0,43.58400000000001,53.95248339217584,25.0
-1,-81.70511260981662,15.162185851851849,36.0,43.58400000000001,38.12111260981661,21.0
-1,-98.25492207936718,16.789146537037006,42.0,47.04000000000001,51.21492207936716,22.0
-1,-104.15194036125358,15.473126800925924,45.0,53.28000000000002,50.87194036125356,21.0
-1,-90.38372485377396,13.16787807870372,38.0,44.73600000000002,45.64772485377396,22.0
-1,-81.17932793847832,18.359778907407357,45.0,47.23200000000001,33.94732793847831,18.0
-1,-91.27931919238098,16.376604212962956,40.0,44.448000000000015,46.83131919238097,21.0
-1,-83.73342838634866,16.203638106481478,38.0,41.664000000000016,42.06942838634865,20.0
-1,-102.24972044415632,10.083622800925935,29.0,39.74400000000001,62.50572044415631,26.0
-1,-65.89309226948933,7.403561953703703,26.0,34.656,31.237092269489334,19.0
-1,-95.4279065640805,17.10916918981478,46.0,58.27200000000003,37.15590656408047,20.0
-1,-111.92853475215576,13.486624490740732,52.0,60.48000000000003,51.44853475215572,23.0
-1,-86.02305906111792,10.131591254629637,37.0,41.184,44.83905906111793,25.0
-1,-100.03803529920792,15.7626857361111,42.0,49.15200000000001,50.88603529920792,22.0
-1,-116.7468503061707,18.295687472222184,50.0,61.728000000000016,55.01885030617068,21.0
-1,-90.3949042825448,10.690004013888878,35.0,43.39200000000001,47.00290428254479,22.0
-1,-121.89694925765016,16.081787745370377,55.0,67.48800000000001,54.40894925765015,22.0
-1,-106.63788137824658,17.706507046296245,45.0,60.19200000000003,46.44588137824655,21.0
-1,-98.95410553083067,14.69600440277777,36.0,48.86400000000002,50.09010553083065,21.0
-1,-81.54161645580493,11.350683652777786,38.0,47.52000000000002,34.02161645580492,20.0
-1,-114.98983332582424,13.46667870833333,40.0,53.66400000000001,61.32583332582424,23.0
-1,-81.66651800387599,13.634802939814811,38.0,41.376000000000005,40.29051800387599,21.0
-1,-86.0999814580145,15.13743710648146,37.0,40.320000000000014,45.77998145801449,17.0
-1,-94.24090116178748,16.13026388425923,47.0,50.59200000000002,43.64890116178748,20.0
-1,-86.8116278864706,12.586203342592611,32.0,40.8,46.011627886470606,20.0
-1,-159.49028994774147,22.36242709259247,74.0,106.08000000000008,53.41028994774141,18.0
-1,-153.01144418850853,15.617580939814784,64.0,89.47200000000005,63.53944418850848,23.0
-1,-116.16395301581557,16.164492337962947,53.0,66.04800000000003,50.115953015815535,21.0
-1,-90.02673564011542,20.563316476851806,42.0,46.94400000000001,43.082735640115416,19.0
-1,-106.50288486319918,19.24929111111106,46.0,57.504000000000026,48.99888486319916,19.0
-1,-90.05109509053187,14.93056169907406,38.0,43.77600000000001,46.27509509053187,25.0
-1,-135.90016576611748,16.215159884259226,48.0,59.80800000000002,76.09216576611747,25.0
-1,-96.08644610806157,13.219727791666667,35.0,47.808000000000014,48.27844610806153,21.0
-1,-89.16945874404206,14.171419199074071,35.0,44.73600000000001,44.43345874404204,19.0
-1,-84.23917822786628,11.794553976851844,33.0,47.13600000000002,37.10317822786626,20.0
-1,-108.09596675883242,13.467263018518494,44.0,55.58400000000002,52.5119667588324,27.0
-1,-69.44937192309466,11.819098453703688,32.0,38.496,30.95337192309466,16.0
-1,-82.93651681001491,11.908852750000005,36.0,42.144,40.79251681001491,21.0
-1,-96.00500509411802,18.52076819907408,40.0,45.024000000000015,50.981005094118,19.0
-1,-103.85873466757435,13.81417861111112,40.0,39.74400000000001,64.11473466757435,24.0
-1,-86.78167407045024,21.08507007407404,46.0,54.14400000000003,32.6376740704502,17.0
-1,-91.84606031245804,12.43965688425926,38.0,42.72000000000001,49.126060312458016,22.0
-1,-123.23383970938444,17.855678157407375,48.0,57.31200000000002,65.92183970938441,23.0
-1,-102.36329346362072,14.27682131481482,37.0,47.616000000000014,54.74729346362072,22.0
-1,-89.9577548017297,15.497171365740716,35.0,38.592000000000006,51.3657548017297,22.0
-1,-97.66196843375349,19.86124628240738,41.0,50.88000000000002,46.78196843375345,16.0
-1,-108.08761103075292,13.8046981898148,40.0,52.80000000000002,55.28761103075289,23.0
-1,-81.15936283168938,13.7689434537037,36.0,39.648,41.51136283168939,23.0
-1,-95.22086044224989,12.959949240740745,49.0,53.95200000000002,41.26886044224985,21.0
-1,-108.4624411250267,14.139770245370364,49.0,57.60000000000002,50.86244112502668,24.0
-1,-115.67781596390688,11.249441101851865,37.0,42.04800000000001,73.62981596390688,27.0
-1,-112.60523970337334,13.369953435185176,40.0,52.704000000000015,59.901239703373335,22.0
-1,-133.5861717579411,16.4889532129629,49.0,69.12000000000003,64.46617175794107,23.0
-1,-116.09368219148912,17.97137581481476,49.0,58.17600000000002,57.917682191489085,22.0
-1,-107.50343536176229,16.597369587962927,44.0,51.936000000000014,55.56743536176228,22.0
-1,-100.9371182356457,12.998744888888876,39.0,51.26400000000002,49.67311823564568,21.0
-1,-108.25813756887013,14.66646939351852,48.0,50.68800000000002,57.57013756887009,23.0
-1,-93.26131913257738,13.364731333333337,36.0,46.27200000000001,46.98931913257737,22.0
-1,-108.21698637972054,19.817008263888845,48.0,61.056000000000026,47.16098637972052,18.0
-1,-96.66086094257008,21.65764111111108,48.0,54.048000000000016,42.61286094257005,17.0
-1,-113.55325820114273,17.10474339814813,45.0,59.23200000000003,54.32125820114268,24.0
-1,-90.92472954783602,16.54445434259258,40.0,41.568000000000005,49.35672954783601,19.0
-1,-93.3190289041696,9.154248097222236,41.0,50.112000000000016,43.20702890416959,23.0
-1,-113.17320834261125,18.676139879629577,49.0,70.36800000000004,42.8052083426112,17.0
-1,-121.69070849481412,14.853494916666657,51.0,67.10400000000003,54.5867084948141,24.0
-1,-99.1852772170356,15.930337814814818,40.0,48.384000000000015,50.80127721703558,20.0
-1,-93.39887361524808,15.346708430555564,42.0,49.536000000000016,43.86287361524806,21.0
-1,-179.76480581162366,16.565189712962926,71.0,99.55200000000006,80.21280581162361,25.0
-1,-101.1251325543405,15.076528212962964,43.0,44.44800000000001,56.67713255434049,22.0
-1,-174.60713416291668,14.649149828703692,65.0,94.56000000000004,80.04713416291662,24.0
-1,-99.32642631901533,16.871171861111105,45.0,46.94400000000002,52.38242631901531,21.0
-1,-94.29206290758016,14.980327564814814,43.0,45.69600000000001,48.59606290758013,23.0
-1,-100.15139036387052,16.18203078240738,45.0,52.70400000000002,47.44739036387049,23.0
-1,-96.66889125327005,15.740026050925929,43.0,44.64000000000001,52.028891253270025,22.0
-1,-95.36821801262376,14.30654161111112,37.0,46.27200000000001,49.096218012623744,22.0
-1,-100.93405873306318,14.04729263425925,33.0,43.96800000000001,56.96605873306317,22.0
-1,-103.9370155615608,13.79532421296294,46.0,58.17600000000003,45.761015561560775,23.0
-1,-257.97468375627795,13.353236175925936,110.0,182.9760000000001,74.99868375627783,26.0
-1,-100.27570986054718,16.42091113888887,40.0,41.28000000000001,58.99570986054718,24.0
-1,-90.34829684982635,13.77036549074074,40.0,43.68000000000001,46.66829684982635,21.0
-1,-101.043413361469,14.955102879629612,38.0,52.80000000000001,48.243413361469,20.0
-1,-126.16348362229864,16.67841628240736,52.0,65.47200000000002,60.69148362229862,24.0
-1,-112.77246403231392,14.45253180092592,48.0,60.864000000000026,51.90846403231389,25.0
-1,-101.56593299719204,16.896722310185144,46.0,49.728000000000016,51.83793299719203,24.0
-1,-93.82769675104905,15.79353944907407,40.0,50.97600000000002,42.85169675104901,21.0
-1,-95.3965270918149,16.672908175925883,38.0,46.656000000000006,48.7405270918149,21.0
-1,-100.81113212529044,13.524111166666644,36.0,55.00800000000002,45.803132125290425,16.0
-1,-122.49056275192972,10.850637722222228,41.0,53.47200000000002,69.01856275192971,27.0
-1,-88.53268761451288,13.79717049999999,38.0,47.424000000000014,41.10868761451287,21.0
-1,-99.09761729494204,14.295288837962962,46.0,47.61600000000001,51.48161729494205,23.0
-1,-140.84786051161518,19.209564523148096,69.0,94.94400000000005,45.90386051161515,20.0
-1,-107.29057337881122,20.92201534259256,57.0,71.32800000000003,35.96257337881118,17.0
-1,-70.80165229173797,12.848174157407406,38.0,47.808000000000014,22.99365229173796,14.0
-1,-97.34946206905214,13.996916824074065,48.0,55.77600000000001,41.57346206905213,20.0
-1,-128.8410205248574,15.539019222222205,48.0,60.67200000000003,68.16902052485737,25.0
-1,-109.0659121202655,15.877882148148156,46.0,58.84800000000002,50.21791212026547,21.0
-1,-107.45840446525492,13.461709486111111,46.0,55.776000000000025,51.68240446525488,24.0
-1,-79.4713501805648,15.11682540740739,37.0,47.04000000000002,32.431350180564785,18.0
-1,-108.830073831484,10.715143671296314,33.0,43.392,65.43807383148402,25.0
-1,-93.8589239160717,15.17001189814816,50.0,51.16800000000002,42.69092391607168,21.0
-1,-86.5351284688256,15.682454319444428,40.0,47.040000000000006,39.49512846882559,23.0
-1,-114.0842089839777,16.503817925925876,50.0,60.192000000000014,53.89220898397769,23.0
-1,-107.54735211577209,12.289462666666672,37.0,46.27200000000001,61.27535211577207,24.0
-1,-100.00434090625949,17.64306494907404,51.0,55.10400000000002,44.90034090625945,21.0
-1,-189.09198733921136,15.796666226851832,96.0,115.77600000000008,73.3159873392113,26.0
-1,-101.65544393215504,19.676582328703667,42.0,44.64000000000001,57.01544393215504,18.0
-1,-99.04944699139386,18.25265298148144,37.0,37.632000000000005,61.41744699139386,21.0
-1,-133.02295948300974,15.115508499999985,51.0,68.16000000000003,64.86295948300972,24.0
-1,-108.81594030609104,18.11363325462956,51.0,57.79200000000003,51.02394030609103,23.0
-1,-84.31944136941331,13.88151112962963,40.0,46.08000000000001,38.23944136941329,20.0
-1,-89.75847169056996,16.48237762499996,46.0,52.60800000000002,37.15047169056994,23.0
-1,-112.06609245098612,12.197578467592589,47.0,54.240000000000016,57.82609245098611,26.0
-1,-94.3158804883393,14.459262115740737,44.0,49.44000000000002,44.87588048833929,23.0
-1,-111.98006314340589,14.716227185185168,42.0,54.62400000000002,57.35606314340586,24.0
-1,-79.19869346723289,10.904599435185196,35.0,41.08800000000001,38.11069346723287,20.0
-1,-103.89373319417491,20.345711657407364,47.0,57.31200000000002,46.581733194174895,16.0
-1,-107.21633362476751,13.844913615740726,47.0,58.65600000000002,48.560333624767495,22.0
-1,-103.05624242156696,17.699104004629596,43.0,52.99200000000002,50.06424242156695,20.0
-1,-106.68311384280864,9.216288819444456,35.0,44.92800000000001,61.75511384280863,28.0
-1,-106.21111197509587,20.017900981481414,56.0,61.72800000000003,44.48311197509586,19.0
-1,-93.8593194200283,16.29329904629629,37.0,48.86400000000001,44.99531942002828,20.0
-1,-88.89075678354618,18.086858416666637,45.0,55.872000000000014,33.01875678354616,16.0
-1,-135.6819539608822,16.919146583333298,54.0,74.20800000000003,61.47395396088216,19.0
-1,-96.8186096131658,12.051425634259257,47.0,50.11200000000002,46.706609613165774,26.0
-1,-80.60030136753258,10.231547060185187,24.0,33.504,47.096301367532575,25.0
-1,-88.43851093769939,13.69175846296296,38.0,47.13600000000001,41.302510937699374,19.0
-1,-134.85615488351462,15.907156231481473,52.0,81.12000000000003,53.73615488351459,19.0
-1,-71.34958817484494,13.38092481481482,35.0,42.14400000000001,29.205588174844923,20.0
-1,-76.55203329639714,11.360813407407418,31.0,32.064,44.48803329639714,26.0
-1,-124.58320656375636,16.64401240740739,47.0,58.17600000000002,66.40720656375635,22.0
-1,-132.183065034042,18.309391898148093,51.0,62.59200000000003,69.59106503404195,23.0
-1,-105.35471729688496,11.367508402777764,46.0,61.82400000000003,43.53071729688492,24.0
-1,-105.669094636216,12.71948796296295,43.0,51.64800000000001,54.02109463621599,25.0
-1,-120.56520478977242,16.81439380092589,54.0,60.76800000000002,59.7972047897724,23.0
-1,-93.879369557375,13.212813472222226,37.0,48.57600000000002,45.30336955737496,22.0
-1,-96.932355002256,15.115617226851846,37.0,45.024000000000015,51.90835500225599,22.0
-1,-90.6942709454787,17.29943625925925,40.0,45.88800000000001,44.80627094547869,19.0
-1,-82.99117372991263,15.665538370370362,35.0,40.12800000000001,42.863173729912624,19.0
-1,-113.72569159508234,16.380847337962944,48.0,59.04000000000003,54.68569159508232,22.0
-1,-90.52314719037192,11.50542357870373,33.0,37.248,53.27514719037194,26.0
-1,-97.03593787051966,16.650193458333295,49.0,53.76000000000002,43.27593787051964,21.0
-1,-87.29514657893503,13.636939083333326,39.0,48.000000000000014,39.29514657893502,19.0
-1,-106.10680713211735,12.91825194907407,36.0,44.448000000000015,61.65880713211735,25.0
-1,-90.62822934222736,14.8047859861111,41.0,46.56000000000002,44.06822934222736,22.0
-1,-91.31211207043656,19.10550528703702,45.0,48.57600000000001,42.73611207043656,20.0
-1,-93.74904327568096,16.468270740740717,47.0,44.352,49.39704327568094,22.0
-1,-175.76124110442527,17.383203564814725,69.0,121.24800000000008,54.513241104425205,23.0
-1,-103.60998386306125,13.825979379629617,42.0,52.89600000000002,50.71398386306123,19.0
-1,-106.94954842484684,15.9419290185185,46.0,53.85600000000003,53.093548424846816,21.0
-1,-114.53223501252566,14.30969903703702,52.0,70.65600000000003,43.876235012525626,19.0
-1,-101.23483349652172,17.61759000462956,41.0,50.88000000000001,50.35483349652171,24.0
-1,-95.97705287750613,11.933582912037052,42.0,46.176000000000016,49.801052877506095,25.0
-1,-76.24551229054228,13.209128120370382,43.0,42.432,33.81351229054228,21.0
-1,-93.36350686742182,11.826742416666663,39.0,42.81600000000001,50.547506867421816,25.0
-1,-114.75747282701772,18.88525958333326,49.0,62.97600000000003,51.78147282701769,19.0
-1,-103.01865870475564,15.26629175462964,37.0,41.18400000000001,61.83465870475564,23.0
-1,-97.3631197924156,13.12189693981481,37.0,44.92800000000001,52.4351197924156,24.0
-1,-128.977384426072,17.55069569444438,53.0,76.32000000000004,52.65738442607198,19.0
-1,-125.49437594852466,15.803425106481445,51.0,75.07200000000005,50.42237594852463,22.0
-1,-88.69801826886938,18.40195750462959,43.0,48.960000000000015,39.73801826886936,19.0
-1,-109.42208732360194,15.417674421296288,38.0,53.184000000000026,56.23808732360192,23.0
-1,-105.15335011203749,9.388424893518527,43.0,51.84000000000002,53.31335011203747,27.0
-1,-118.1621676273732,14.96360293518517,42.0,60.864000000000026,57.29816762737317,24.0
-1,-93.21971928359298,16.064116407407397,37.0,48.76800000000001,44.451719283592965,21.0
-1,-85.21067210739918,18.242795712962916,46.0,54.52800000000003,30.682672107399146,17.0
-1,-111.79375077724994,13.623983689814825,44.0,52.320000000000014,59.473750777249926,23.0
-1,-96.14551606589434,14.551864560185182,41.0,59.32800000000002,36.81751606589432,20.0
-1,-115.58686228965624,12.59715109722221,48.0,65.85600000000002,49.73086228965622,23.0
-1,-93.44542939674336,16.908193865740717,45.0,43.96800000000002,49.47742939674334,20.0
-1,-88.85837874582964,13.8367422361111,38.0,49.53600000000002,39.32237874582962,19.0
-1,-81.93023657330771,11.380501328703703,38.0,43.00800000000001,38.9222365733077,23.0
-1,-108.09052315265328,22.654378004629525,53.0,63.55200000000004,44.538523152653234,16.0
-1,-119.606646615466,18.51471861111106,55.0,60.76800000000002,58.83864661546597,22.0
-1,-88.70458235438691,8.650751759259263,31.0,40.8,47.90458235438691,23.0
-1,-109.5274264036156,14.879598578703716,56.0,60.38400000000003,49.14342640361558,21.0
-1,-92.47660761094986,10.73358751851854,35.0,38.400000000000006,54.07660761094984,25.0
-1,-103.79700022933508,14.550652337962946,40.0,48.192000000000014,55.60500022933508,23.0
-1,-109.16337063334925,13.557466226851853,46.0,57.88800000000003,51.27537063334921,20.0
-1,-151.86656144042314,14.378217083333316,60.0,79.39200000000004,72.4745614404231,26.0
-1,-127.65841729124853,16.946519101851795,51.0,61.72800000000002,65.93041729124849,22.0
-1,-78.73042077832504,13.292359351851823,42.0,48.48000000000002,30.250420778325022,16.0
-1,-97.1282208245762,17.10763672685183,57.0,62.59200000000003,34.53622082457618,17.0
-1,-69.90892815096089,11.254567430555548,32.0,38.496,31.41292815096089,18.0
-1,-87.27572323963207,19.204553050925902,42.0,47.42400000000002,39.85172323963205,17.0
-1,-102.34706974327028,15.73606949074074,49.0,58.46400000000003,43.883069743270255,21.0
-1,-101.19965117893815,13.444789981481486,39.0,44.16000000000002,57.03965117893815,24.0
-1,-116.67983777581924,14.354659004629628,43.0,53.37600000000001,63.30383777581923,25.0
-1,-92.89089125033588,16.513632300925913,47.0,59.52000000000002,33.370891250335866,19.0
-1,-108.39380825851744,13.82703095833334,45.0,49.44000000000002,58.95380825851744,25.0
-1,-121.87053572922052,21.69055533333326,52.0,64.99200000000003,56.87853572922051,21.0
-1,-120.67435275524429,17.739986453703636,48.0,61.056000000000026,59.618352755244246,20.0
-1,-97.53575685477352,14.461402430555554,43.0,48.19200000000002,49.3437568547735,23.0
-1,-80.06700155001809,12.905500787037017,35.0,45.696000000000005,34.37100155001808,19.0
-1,-83.86077580493497,17.863178930555534,38.0,39.93600000000001,43.92477580493497,19.0
-1,-80.88636982373527,12.57706777777778,35.0,41.664000000000016,39.22236982373525,23.0
-1,-148.3033041873105,18.729350560185125,59.0,91.68000000000004,56.62330418731044,21.0
-1,-95.48304455627982,14.724284620370357,42.0,51.648000000000025,43.83504455627981,23.0
-1,-89.77579159215558,14.489450949074092,48.0,49.15200000000001,40.62379159215558,21.0
-1,-165.9599454984822,14.7640234398148,70.0,100.89600000000006,65.06394549848214,23.0
-1,-86.28880457222881,17.261320018518486,37.0,38.40000000000001,47.8888045722288,20.0
-1,-116.78811373696948,16.09417372685186,45.0,57.79200000000002,58.99611373696947,24.0
-1,-92.8350484772098,16.414488597222203,39.0,50.97600000000002,41.85904847720979,20.0
-1,-140.0282709032109,17.184339967592535,59.0,78.72000000000006,61.30827090321087,23.0
-1,-99.52879428873166,18.53025824999997,46.0,46.368000000000016,53.16079428873165,19.0
-1,-103.0283451407447,14.893228365740727,51.0,65.47200000000002,37.55634514074469,19.0
-1,-91.60591084703807,15.328856361111098,35.0,42.43200000000001,49.17391084703807,22.0
-1,-87.86744133511729,22.987272606481437,53.0,54.14400000000002,33.72344133511727,17.0
-1,-135.75888778964185,19.17586527777769,59.0,83.61600000000004,52.1428877896418,22.0
-1,-83.38589980897979,17.90292308796291,43.0,49.24800000000001,34.137899808979775,15.0
-1,-116.2190719008636,21.548746199074017,59.0,67.58400000000002,48.63507190086358,19.0
-1,-101.25199057376511,14.756261472222205,38.0,50.40000000000002,50.85199057376511,22.0
-1,-78.39172406076003,13.64198494907406,36.0,39.072,39.31972406076003,20.0
-1,-113.43718828425791,13.516823990740734,50.0,57.216000000000015,56.22118828425792,25.0
-1,-114.3472570744138,14.409614944444428,44.0,58.94400000000002,55.40325707441376,21.0
-1,-122.20549219255744,17.099540893518487,57.0,69.60000000000002,52.60549219255743,24.0
-1,-93.30084474152756,17.734643050925893,40.0,46.56000000000002,46.74084474152754,19.0
-1,-101.5012284084523,20.15421855092583,50.0,60.00000000000003,41.50122840845227,18.0
-1,-84.87768805377497,9.1451910462963,37.0,45.792,39.08568805377497,24.0
-1,-117.62821607818692,20.63741775462958,60.0,66.24000000000004,51.38821607818687,21.0
-1,-115.7266416450396,18.596165314814783,56.0,66.24000000000002,49.48664164503958,18.0
-1,-98.9125573675204,20.15441883796297,62.0,58.94400000000002,39.96855736752039,19.0
-1,-87.330263995975,8.970097162037044,40.0,44.832000000000015,42.498263995975,22.0
-1,-100.275794351683,17.01006960185178,40.0,53.18400000000002,47.091794351682985,22.0
-1,-78.29487757872977,12.438476101851846,40.0,44.64,33.654877578729774,21.0
-1,-83.58697403527272,17.935781439814818,40.0,40.99200000000001,42.59497403527271,19.0
-1,-100.70531127733656,13.59097283796294,37.0,48.000000000000014,52.70531127733654,23.0
-1,-96.2100485212365,17.05658956944444,36.0,38.68800000000001,57.522048521236485,22.0
-1,-87.22784034019598,21.327961499999947,47.0,52.800000000000026,34.42784034019596,15.0
-1,-133.10461487750965,14.154367189814804,55.0,77.66400000000004,55.4406148775096,23.0
-1,-86.45037206269959,15.780953777777787,42.0,51.55200000000002,34.898372062699565,17.0
-1,-93.84618349909344,15.689301384259265,39.0,46.94400000000002,46.90218349909342,20.0
-1,-130.83788403415815,17.201902106481455,58.0,70.27200000000003,60.5658840341581,23.0
-1,-95.23671996181432,18.21797762037033,52.0,51.072,44.164719961814335,22.0
-1,-71.85795957330464,6.692433671296283,28.0,34.56000000000001,37.297959573304624,25.0
-1,-112.68901206872032,18.29288893518512,54.0,69.98400000000002,42.7050120687203,20.0
-1,-123.07795549500108,22.423361388888814,60.0,69.02400000000002,54.05395549500108,22.0
-1,-118.6053485978677,12.471973967592588,45.0,52.704000000000015,65.90134859786768,24.0
-1,-105.22445032364708,19.984553166666583,46.0,56.736000000000026,48.48845032364705,19.0
-1,-84.39659794827256,14.530671370370367,42.0,45.792000000000016,38.60459794827253,20.0
-1,-107.78380758811151,12.9763030787037,38.0,50.40000000000001,57.38380758811152,23.0
-1,-97.87266486853396,14.870803462962964,41.0,54.72000000000001,43.15266486853397,19.0
-1,-92.5380537594066,17.33130606944444,37.0,41.56800000000001,50.9700537594066,20.0
-1,-101.78998889555182,18.288690018518476,48.0,55.29600000000003,46.49398889555179,20.0
-1,-123.96919829025876,22.222459699073973,55.0,72.00000000000003,51.96919829025874,18.0
-1,-104.53601091434788,20.607125749999955,53.0,56.06400000000003,48.472010914347855,18.0
-1,-127.85645339513808,15.70260722685184,51.0,72.96000000000004,54.896453395138046,21.0
-1,-113.9765728701295,18.71323055555553,56.0,64.99200000000003,48.98457287012948,21.0
-1,-110.98019839471507,17.975483546296225,45.0,50.88000000000002,60.100198394715065,22.0
-1,-97.38155363112942,13.875759296296282,37.0,46.75200000000002,50.62955363112941,24.0
-1,-97.93622647269024,14.964482601851838,44.0,52.32000000000002,45.61622647269022,21.0
-1,-104.4337811019846,14.19441547685184,46.0,52.992000000000026,51.441781101984574,23.0
-1,-102.02946813317924,14.697194009259258,39.0,47.13600000000002,54.893468133179226,23.0
-1,-94.39289343844786,11.704206333333342,40.0,46.36800000000001,48.02489343844785,25.0
-1,-120.37502502054534,17.122872574074012,49.0,64.80000000000003,55.5750250205453,20.0
-1,-139.19643572154936,18.89017557870363,60.0,77.47200000000004,61.72443572154932,22.0
-1,-88.97595261105155,15.170562513888886,44.0,41.66400000000001,47.31195261105154,25.0
-1,-119.04720811086456,22.06108831944435,55.0,56.640000000000015,62.40720811086455,21.0
-1,-144.6378495345961,19.69502181944436,66.0,82.27200000000005,62.36584953459605,23.0
-1,-93.58978817628832,13.419057916666672,36.0,42.24000000000001,51.34978817628831,25.0
-1,-113.05515494400036,17.940782884259217,53.0,69.40800000000003,43.64715494400032,17.0
-1,-108.10955185084508,14.227656305555564,40.0,43.58400000000001,64.52555185084506,23.0
-1,-104.61295413678091,14.703716634259257,44.0,48.00000000000001,56.612954136780914,25.0
-1,-85.55787063138608,18.03508717592592,42.0,47.23200000000002,38.32587063138606,19.0
-1,-88.90238736359933,15.436583578703704,40.0,50.88000000000002,38.022387363599314,18.0
-1,-81.79464578607835,15.046761912037033,36.0,41.08800000000001,40.70664578607834,20.0
-1,-100.79748241104824,13.17128717592592,40.0,52.60800000000002,48.18948241104822,22.0
-1,-75.47839906039962,11.452165097222226,33.0,37.34400000000001,38.13439906039962,20.0
-1,-72.09264914568148,15.266290064814823,33.0,38.88,33.212649145681475,15.0
-1,-78.90228679081217,12.874123611111097,42.0,47.04000000000002,31.86228679081215,20.0
-1,-100.69716848251042,17.78157300925923,41.0,54.43200000000002,46.2651684825104,21.0
-1,-106.65636209144672,18.780799527777734,47.0,49.05600000000001,57.60036209144671,21.0
-1,-106.19516252553596,13.810453537037034,38.0,42.336000000000006,63.85916252553594,24.0
-1,-110.8510821735662,19.27818591203697,47.0,48.48000000000001,62.3710821735662,20.0
-1,-126.82651777279548,21.720247148148022,51.0,70.56000000000003,56.26651777279546,21.0
-1,-99.85422292658872,15.32636327777776,38.0,48.192000000000014,51.66222292658871,24.0
-1,-102.73780979095612,13.087249203703688,38.0,51.84000000000002,50.8978097909561,23.0
-1,-93.18060823662007,14.367777888888885,36.0,43.488000000000014,49.69260823662006,22.0
-1,-108.62881839324687,15.88197326388887,45.0,57.792000000000016,50.83681839324687,22.0
-1,-76.60058806310504,15.36579357407406,34.0,41.47200000000001,35.12858806310503,19.0
-1,-77.13331931805374,13.381095624999992,38.0,41.952000000000005,35.181319318053724,21.0
-1,-102.12362719473444,13.91963307870367,38.0,48.768000000000015,53.35562719473444,21.0
-1,-90.8880373235548,19.224063898148117,44.0,46.368000000000016,44.5200373235548,17.0
-1,-226.2035838969753,19.34789643981471,100.0,153.50400000000008,72.69958389697524,24.0
-1,-93.83461800306748,16.83061808796293,44.0,56.352000000000025,37.48261800306746,20.0
-1,-81.0086211276429,15.166623694444455,33.0,37.056,43.952621127642885,21.0
-1,-92.56719120234708,17.47222798148145,40.0,47.23200000000001,45.33519120234707,17.0
-1,-73.86717664420868,9.82040311111113,30.0,35.808,38.05917664420869,18.0
-1,-137.1341517359893,19.4138720601851,61.0,79.96800000000005,57.16615173598926,22.0
-1,-90.98085955966444,13.159052115740767,38.0,42.336000000000006,48.64485955966443,23.0
-1,-102.2028481190174,15.986794888888868,42.0,55.87200000000002,46.33084811901738,17.0
-1,-115.76805134470744,14.249133018518515,52.0,59.61600000000003,56.15205134470742,23.0
-1,-141.39296892342728,14.13663707407407,50.0,68.44800000000002,72.94496892342725,26.0
-1,-98.213780056313,19.759485523148086,47.0,55.10400000000003,43.10978005631297,18.0
-1,-90.147691329179,18.38101853703699,39.0,47.424000000000014,42.72369132917898,18.0
-1,-122.56809028039925,15.478910990740742,52.0,57.504000000000026,65.06409028039921,24.0
-1,-113.3636692300827,15.319528930555547,42.0,52.12800000000002,61.23566923008269,22.0
-1,-81.14065940480313,16.934936064814824,40.0,39.45600000000001,41.68465940480312,20.0
-1,-103.34497687999234,12.1165797037037,37.0,46.84800000000001,56.49697687999233,23.0
-1,-95.8205130978184,16.132041810185168,39.0,47.424000000000014,48.39651309781838,20.0
-1,-81.62546720979168,16.81685257870367,43.0,46.65600000000001,34.96946720979167,19.0
-1,-104.6478645842658,10.37732157407408,34.0,42.816,61.83186458426578,25.0
-1,-75.63467098303548,9.20287351851853,34.0,39.648,35.98667098303548,18.0
-1,-86.11941984664645,16.538875791666683,37.0,38.592000000000006,47.527419846646445,20.0
-1,-89.54351164409016,16.7805607222222,37.0,43.20000000000002,46.34351164409015,19.0
-1,-91.04967583831092,16.619038671296288,44.0,48.288000000000025,42.7616758383109,20.0
-1,-111.13695774734418,18.9808948564814,49.0,57.02400000000004,54.11295774734415,22.0
-1,-124.49599438128432,12.278178106481471,51.0,63.07200000000003,61.42399438128431,25.0
-1,-99.6710240879852,16.188837347222208,40.0,50.40000000000002,49.271024087985175,18.0
-1,-84.13570481565452,9.93094205555557,30.0,37.152,46.98370481565453,24.0
-1,-100.68542479128811,15.440686337962964,49.0,53.568000000000026,47.117424791288094,19.0
-1,-106.74257065204178,19.14907962962959,57.0,56.35200000000001,50.39057065204177,25.0
-1,-88.52116618543128,18.837517671296272,39.0,42.81600000000001,45.70516618543128,18.0
-1,-92.77887673365557,18.389709268518462,41.0,46.176000000000016,46.60287673365553,21.0
-1,-87.46417253479373,13.061213050925936,35.0,40.60800000000001,46.85617253479373,23.0
-1,-91.12854391190668,14.411339541666662,38.0,53.95200000000002,37.176543911906656,21.0
-1,-107.24897045696636,12.500315296296282,48.0,56.544000000000025,50.70497045696633,24.0
-1,-94.18233775670896,18.444610324074013,40.0,55.00800000000002,39.17433775670893,17.0
-1,-111.21245587324636,15.3117583611111,47.0,57.88800000000003,53.32445587324633,25.0
-1,-78.80565635908319,14.724460643518508,43.0,43.96800000000002,34.83765635908317,20.0
-1,-108.51919330161002,14.51808244907406,44.0,62.59200000000003,45.92719330160999,21.0
-1,-98.04854437580371,18.356457374999952,46.0,57.88800000000002,40.1605443758037,17.0
-1,-85.37176315073017,15.285340106481488,39.0,41.568000000000005,43.80376315073018,22.0
-1,-95.31615655483331,19.627717800925897,45.0,50.496000000000016,44.8201565548333,17.0
-1,-97.97478865708676,12.992493444444436,39.0,42.91200000000002,55.06278865708674,20.0
-1,-92.70908944254086,13.682566467592586,36.0,40.70400000000001,52.00508944254086,24.0
-1,-105.53050113848688,16.548714472222194,48.0,57.79200000000003,47.73850113848684,21.0
-1,-83.16822751319216,11.098251731481476,30.0,32.928000000000004,50.24022751319215,25.0
-1,-120.55090205387296,15.075411944444426,60.0,69.69600000000003,50.85490205387294,22.0
-1,-100.8960465601338,16.684565124999953,41.0,49.44000000000002,51.4560465601338,21.0
-1,-96.9677819580704,17.234528347222167,43.0,46.36800000000002,50.599781958070366,20.0
-1,-69.90767576952672,12.353159106481485,34.0,33.120000000000005,36.78767576952672,19.0
-1,-141.44592422321114,18.698891745370315,64.0,91.96800000000006,49.47792422321108,21.0
-1,-104.84170633895806,17.614208888888857,58.0,59.32800000000003,45.51370633895804,19.0
-1,-98.33517714208236,19.579439962962923,52.0,65.08800000000004,33.24717714208233,15.0
-1,-96.72549709000904,16.568512629629623,43.0,51.36000000000002,45.36549709000902,20.0
-1,-135.30712071998786,17.85305454629621,58.0,79.20000000000005,56.10712071998782,20.0
-1,-129.81133796279283,15.679733111111116,48.0,56.64000000000003,73.1713379627928,23.0
-1,-103.52373929526212,14.205197509259271,40.0,50.68800000000001,52.8357392952621,23.0
-1,-96.56001478721804,17.66376210648146,40.0,37.72800000000001,58.83201478721804,23.0
-1,-101.0013343733568,14.7057772546296,45.0,61.34400000000003,39.65733437335676,19.0
-1,-112.00606997767,23.011701231481407,56.0,67.20000000000003,44.80606997766997,18.0
-1,-112.5566373496788,17.766121731481398,52.0,69.69600000000004,42.86063734967876,17.0
-1,-135.55000571088212,15.782318236111106,57.0,70.17600000000003,65.37400571088209,24.0
-1,-99.69236588759628,16.517743898148137,47.0,55.20000000000002,44.49236588759626,20.0
-1,-91.89458581519004,8.975012129629652,33.0,41.37600000000001,50.51858581519002,24.0
-1,-84.77090354392054,15.338028430555529,42.0,49.53600000000002,35.23490354392052,19.0
-1,-100.2338809677392,10.944062430555544,37.0,49.05600000000001,51.17788096773919,25.0
-1,-147.3011506791306,19.889691388888807,66.0,78.91200000000005,68.38915067913058,23.0
-1,-83.87274813904207,16.064866384259265,40.0,51.84000000000001,32.03274813904206,16.0
-1,-88.48405804837923,14.827210824074072,43.0,52.128000000000014,36.35605804837921,20.0
-1,-102.54454646504176,10.9385907824074,46.0,54.52800000000002,48.01654646504174,23.0
-1,-93.46384626701504,16.084464759259262,37.0,43.872000000000014,49.59184626701502,18.0
-1,-85.59177227605025,11.43939511111111,36.0,41.66400000000001,43.92777227605025,20.0
-1,-86.79144762726634,13.60998623148149,37.0,39.84,46.95144762726633,22.0
-1,-88.2026922565524,15.495822847222216,41.0,48.86400000000001,39.33869225655239,21.0
-1,-75.92195834845671,12.432313319444448,32.0,36.48,39.4419583484567,23.0
-1,-135.58109121739628,20.00561605555546,62.0,93.12000000000003,42.46109121739624,19.0
-1,-95.83992769532962,16.728535106481434,43.0,53.280000000000015,42.559927695329606,21.0
-1,-91.4226310321846,12.87253024537038,39.0,42.336000000000006,49.0866310321846,26.0
-1,-88.1370853168109,17.880074499999964,47.0,56.160000000000025,31.97708531681088,16.0
-1,-100.40964215095916,20.313561828703666,44.0,46.56000000000001,53.84964215095915,21.0
-1,-100.17663291595426,15.966253300925912,41.0,46.56000000000002,53.61663291595424,24.0
-1,-94.8729023383253,14.510079592592586,36.0,45.02400000000001,49.84890233832529,22.0
-1,-94.78075910425488,11.071139435185197,33.0,41.47200000000001,53.30875910425488,25.0
-1,-125.64858782839256,15.425084587962935,51.0,65.95200000000003,59.69658782839252,24.0
-1,-106.13047106049638,11.635880722222211,46.0,53.47200000000002,52.658471060496346,24.0
-1,-110.29390406754833,17.411476472222198,55.0,65.95200000000003,44.341904067548285,19.0
-1,-101.0627890355125,20.752801986111077,49.0,59.04000000000003,42.02278903551247,17.0
-1,-104.4569911549651,15.405494337962953,43.0,55.968000000000025,48.48899115496508,19.0
-1,-87.50915023585122,16.102022722222202,42.0,48.86400000000002,38.6451502358512,19.0
-1,-88.48815709427953,12.633933990740752,34.0,40.320000000000014,48.16815709427952,26.0
-1,-95.99215328572808,14.527948226851835,35.0,46.46400000000001,49.52815328572806,23.0
-1,-129.31538658075732,21.94469957407399,62.0,73.72800000000004,55.58738658075727,19.0
-1,-92.82767981369268,19.38060775925924,44.0,50.59200000000002,42.235679813692656,17.0
-1,-124.25018876164368,17.095213208333288,47.0,64.89600000000003,59.35418876164365,22.0
-1,-80.23956505599816,16.036847194444427,41.0,46.27200000000002,33.96756505599814,19.0
-1,-99.7768367699456,11.433561787037052,30.0,34.752,65.02483676994558,25.0
-1,-73.87509175460465,14.06829413888888,46.0,46.08000000000002,27.79509175460463,19.0
-1,-75.7701690127036,18.87205389351853,41.0,42.24000000000001,33.530169012703595,18.0
-1,-118.66721655076724,13.507139342592591,44.0,52.89600000000002,65.77121655076722,25.0
-1,-69.95402145291098,12.116009467592574,33.0,40.8,29.15402145291097,18.0
-1,-88.20394745965694,11.408642874999993,30.0,38.208000000000006,49.99594745965695,23.0
-1,-109.63048271959778,14.417419620370367,42.0,50.88000000000002,58.75048271959776,22.0
-1,-99.00302593661644,14.185221824074064,43.0,53.76000000000002,45.243025936616434,22.0
-1,-104.29702295517436,16.830648055555542,46.0,58.27200000000003,46.025022955174336,21.0
-1,-89.90034439872595,13.062363023148158,39.0,48.76800000000001,41.13234439872594,20.0
-1,-91.2778120055631,19.189494365740728,43.0,47.52000000000002,43.75781200556308,16.0
-1,-115.48906988280538,15.023749958333344,48.0,58.65600000000001,56.83306988280537,23.0
-1,-89.82681967876394,11.016919337962962,38.0,44.54400000000001,45.282819678763936,23.0
-1,-89.74629274905439,12.857939601851818,42.0,54.72000000000003,35.02629274905437,17.0
-1,-89.7676982555653,12.752401435185194,35.0,41.856,47.911698255565305,25.0
-1,-95.60594744723149,12.386452837962969,43.0,58.75200000000002,36.85394744723145,19.0
-1,-96.99279800159064,18.83249705555548,48.0,58.75200000000003,38.240798001590605,20.0
-1,-66.51769898197091,12.099061263888878,38.0,37.632000000000005,28.8856989819709,17.0
-1,-133.04050608190818,19.49081773611104,49.0,69.88800000000003,63.15250608190813,21.0
-1,-107.15391954736684,19.17903081481472,40.0,56.92800000000002,50.22591954736681,21.0
-1,-134.60632947258898,16.914055518518484,50.0,67.29600000000002,67.31032947258895,23.0
-1,-98.3196467768407,15.936142009259244,38.0,49.92000000000001,48.39964677684068,19.0
-1,-99.39866144857776,15.12489338425925,42.0,42.62400000000001,56.77466144857775,24.0
-1,-83.26812680657676,18.26322182870369,36.0,37.15200000000001,46.11612680657675,19.0
-1,-94.77151849752738,10.456987777777774,37.0,44.64000000000001,50.13151849752737,24.0
-1,-93.19303961060572,12.445364009259274,37.0,45.98400000000001,47.209039610605714,23.0
-1,-96.05814154158908,14.115397009259247,35.0,40.70400000000001,55.35414154158907,20.0
-1,-96.67892006523456,17.249838379629576,41.0,48.00000000000001,48.67892006523456,21.0
-1,-99.29835452508068,17.8733862083333,44.0,49.344000000000015,49.95435452508066,22.0
-1,-149.1698486051279,15.52333046759258,56.0,70.56000000000003,78.60984860512787,25.0
-1,-88.13322039113731,15.317310439814795,40.0,44.640000000000015,43.49322039113729,21.0
-1,-82.288273803213,12.923378023148146,42.0,40.512000000000015,41.77627380321298,23.0
-1,-122.21955801890208,19.563975703703665,61.0,57.696000000000026,64.52355801890205,22.0
-1,-130.40910679817566,18.680762870370305,53.0,65.56800000000003,64.84110679817563,22.0
-1,-101.59900603654488,13.695335245370376,38.0,47.04000000000001,54.55900603654488,21.0
-1,-105.0159566086599,13.65112195833333,38.0,49.63200000000002,55.38395660865988,22.0
-1,-82.87487792508608,12.778085412037028,38.0,48.192000000000014,34.68287792508607,20.0
-1,-83.771445387637,14.101713287037024,38.0,51.936000000000014,31.835445387636987,20.0
-1,-64.6912043565473,11.3126865601852,30.0,37.824000000000005,26.867204356547305,17.0
-1,-91.23317163792892,20.677815703703683,45.0,50.01600000000001,41.21717163792893,18.0
-1,-104.7442023093727,15.144147222222216,49.0,54.52800000000002,50.21620230937267,22.0
-1,-93.14550821454571,15.467128870370352,38.0,43.39200000000001,49.7535082145457,23.0
-1,-113.85793121670945,12.803368819444422,39.0,52.22400000000002,61.63393121670943,26.0
-1,-75.40051476963447,14.631531101851827,38.0,46.08000000000002,29.32051476963445,18.0
-1,-78.7165180721621,12.940020180555557,34.0,40.896,37.820518072162095,21.0
-1,-108.72466660157548,17.4561200231481,45.0,60.57600000000003,48.14866660157546,23.0
-1,-93.3266722493487,14.189764412037023,39.0,50.78400000000001,42.54267224934869,18.0
-1,-144.3866889065702,19.53397842592588,62.0,87.07200000000005,57.31468890657015,19.0
-1,-89.74757162189222,12.199157310185216,39.0,40.89600000000001,48.85157162189221,25.0
-1,-95.68107399221256,13.705090453703688,45.0,53.37600000000002,42.30507399221254,21.0
-1,-84.99632518788246,16.745273699074072,43.0,48.864,36.13232518788247,20.0
-1,-146.66395911094455,19.764294930555497,66.0,95.52000000000004,51.1439591109445,21.0
-1,-99.76951299320388,18.39409941666664,45.0,51.36000000000002,48.409512993203855,19.0
-1,-91.2450865770488,11.779342004629628,34.0,38.016000000000005,53.22908657704878,23.0
-1,-108.62321856165886,19.644988023148123,56.0,66.14400000000003,42.47921856165883,16.0
-1,-140.46047279162966,13.645549328703703,51.0,75.64800000000004,64.81247279162962,23.0
-1,-96.22437592601632,15.498279319444444,43.0,49.63200000000002,46.59237592601628,22.0
-1,-97.7400712687091,13.946127199074096,34.0,35.42399999999999,62.31607126870911,22.0
-1,-108.2036625939544,13.153060495370356,45.0,56.83200000000003,51.37166259395436,23.0
-1,-82.41831919990635,16.403266967592568,43.0,49.82400000000001,32.59431919990634,18.0
-1,-105.85925666239314,17.694962662036975,44.0,48.768000000000015,57.09125666239312,23.0
-1,-83.82999892377697,14.562156337962954,33.0,36.576,47.25399892377696,22.0
-1,-113.59621344037758,15.142100324074056,38.0,47.13600000000001,66.46021344037757,26.0
-1,-98.31708760189636,13.241690476851849,39.0,53.856000000000016,44.46108760189633,21.0
-1,-128.63494359911772,19.29107780092588,60.0,77.37600000000005,51.258943599117664,20.0
-1,-100.32248498205738,15.21290398611111,52.0,52.128000000000014,48.19448498205736,23.0
-1,-135.4701168286373,18.36389901851843,57.0,79.20000000000005,56.27011682863725,21.0
-1,-75.0158715873828,9.386817305555551,34.0,44.25600000000002,30.75987158738278,19.0
-1,-126.06631777972883,16.262332689814798,48.0,63.74400000000003,62.32231777972882,24.0
-1,-99.81058319865366,14.235807416666674,38.0,52.704000000000015,47.10658319865364,24.0
-1,-74.1512177029292,11.56002337500001,38.0,40.51200000000001,33.639217702929194,22.0
-1,-90.699147688265,22.20729945370365,46.0,47.71200000000002,42.98714768826501,17.0
-1,-146.1850155784959,15.173969499999984,59.0,84.28800000000005,61.89701557849585,24.0
-1,-120.78535259431897,16.538494782407373,46.0,66.33600000000003,54.44935259431893,22.0
-1,-101.482583239465,18.803540708333284,49.0,54.33600000000003,47.14658323946497,20.0
-1,-118.45916165395415,18.207420249999945,49.0,60.96000000000002,57.49916165395414,20.0
-1,-90.74330595136112,16.349537412037012,46.0,45.792000000000016,44.95130595136112,22.0
-1,-79.78586466775761,13.830430189814818,35.0,38.400000000000006,41.38586466775761,17.0
-1,-114.9334894360762,17.148223662037008,42.0,49.92000000000002,65.01348943607617,24.0
-1,-90.0177345335396,16.780157462962933,43.0,40.60800000000001,49.409734533539584,20.0
-1,-121.83930554421562,16.547758472222178,47.0,56.92800000000002,64.9113055442156,24.0
-1,-86.02828061828416,18.9865099398148,42.0,43.39200000000001,42.63628061828414,19.0
-1,-78.82303723269135,15.03996535185184,31.0,33.312,45.51103723269134,20.0
-1,-119.38700647764782,14.183704763888878,51.0,61.248000000000026,58.13900647764778,24.0
-1,-119.67700670949868,17.729381087962896,61.0,65.18400000000003,54.49300670949864,24.0
-1,-83.63370326954626,16.579448467592567,36.0,42.24000000000001,41.39370326954624,17.0
-1,-85.32607600169197,16.76233849999996,37.0,45.40800000000001,39.91807600169196,19.0
-1,-102.67383710805863,8.81240106018519,38.0,51.74400000000002,50.92983710805862,24.0
-1,-94.0539726261696,12.953747699074071,33.0,40.32000000000001,53.7339726261696,24.0
-1,-76.72650759398363,8.775843833333342,33.0,34.752,41.97450759398362,20.0
-1,-134.24023195654155,16.042948611111058,56.0,72.76800000000003,61.47223195654153,24.0
-1,-125.11627526300737,16.42608160185181,54.0,73.24800000000003,51.86827526300733,23.0
-1,-83.9530645830155,17.556046412037027,37.0,42.91200000000001,41.04106458301549,17.0
-1,-103.14396382127134,12.160634699074064,43.0,56.16000000000002,46.98396382127133,24.0
-1,-92.47401930187766,15.678822986111095,44.0,49.728000000000016,42.74601930187764,20.0
-1,-119.77204418677206,14.201138981481488,45.0,59.04000000000003,60.73204418677204,25.0
-1,-109.59404291262425,16.573237425925885,39.0,52.03200000000001,57.56204291262424,22.0
-1,-86.8009429147144,15.865036305555565,35.0,39.456,47.34494291471439,20.0
-1,-129.5139182853198,16.382356606481455,45.0,64.80000000000003,64.71391828531975,24.0
-1,-114.34424332213544,13.591400342592582,43.0,55.968000000000025,58.37624332213542,23.0
-1,-85.6167774483503,15.526628828703684,40.0,41.76,43.85677744835031,18.0
-1,-79.43179708018252,13.735312935185185,34.0,36.096,43.33579708018252,22.0
-1,-88.84472103546074,15.22367990277779,45.0,50.01600000000001,38.82872103546072,18.0
-1,-97.23172879638568,16.22779957870368,36.0,43.20000000000001,54.031728796385664,22.0
-1,-127.77263084868012,16.640600259259227,54.0,62.97600000000004,64.79663084868007,23.0
-1,-60.6244090863046,12.49937813425926,33.0,29.856000000000005,30.768409086304587,20.0
-1,-87.62914910686206,11.109798148148144,37.0,50.20800000000002,37.42114910686204,17.0
-1,-75.56821135662362,11.7733710324074,40.0,48.09600000000002,27.472211356623603,17.0
-1,-92.9939672694463,17.76944715277775,44.0,45.98400000000001,47.009967269446285,19.0
-1,-106.29750092764768,15.045464805555556,37.0,45.69600000000001,60.60150092764768,23.0
-1,-105.80891021031591,13.350351643518511,39.0,48.86400000000001,56.94491021031592,24.0
-1,-128.06218771779822,16.335945430555526,53.0,59.52000000000002,68.54218771779819,26.0
-1,-115.38050035596756,19.519968416666597,45.0,58.08000000000002,57.30050035596756,21.0
-1,-92.02002364705493,17.574654467592577,38.0,42.912000000000006,49.108023647054914,20.0
-1,-105.33252309629864,11.201962337962968,36.0,44.06400000000001,61.26852309629863,24.0
-1,-80.32463231951625,15.982722773148144,45.0,55.20000000000002,25.124632319516238,14.0
-1,-122.98615223664017,15.072486050925916,42.0,58.27200000000003,64.71415223664012,26.0
-1,-93.80886651300162,11.134230967592591,37.0,50.78400000000001,43.024866513001605,23.0
-1,-89.10218016153257,17.70712545370369,37.0,43.58400000000001,45.51818016153257,21.0
-1,-78.98067806313686,16.87806512037036,35.0,37.34400000000001,41.636678063136856,21.0
-1,-134.3287748288218,17.495554856481437,54.0,69.12000000000003,65.20877482882177,25.0
-1,-94.9664025484149,16.50536671759257,44.0,49.34400000000002,45.62240254841488,21.0
-1,-78.11784254164185,15.59622937499998,41.0,47.71200000000001,30.40584254164184,17.0
-1,-95.74055871392196,17.1183357083333,44.0,54.52800000000003,41.212558713921936,16.0
-1,-98.68005069779008,18.821563097222143,48.0,52.70400000000002,45.97605069779006,17.0
-1,-137.4957522520421,15.61548590740738,50.0,78.81600000000005,58.67975225204205,24.0
-1,-90.21748445912831,19.805212768518437,42.0,48.19200000000002,42.025484459128286,18.0
-1,-94.67530824187844,16.1734131574074,45.0,52.41600000000002,42.259308241878415,17.0
-1,-97.6318220070818,12.726709518518549,39.0,45.50400000000001,52.12782200708179,23.0
-1,-105.82889342284489,17.845544643518455,45.0,52.89600000000001,52.93289342284487,21.0
-1,-93.6231624018406,16.91407174537034,45.0,55.39200000000002,38.23116240184056,16.0
-1,-112.8140527049384,16.518668087962922,41.0,59.13600000000002,53.678052704938366,20.0
-1,-99.5649186739885,13.414045722222223,42.0,50.59200000000001,48.97291867398848,23.0
-1,-68.95932669063245,13.988365333333329,34.0,35.904,33.05532669063245,18.0
-1,-108.47473589984509,15.270490990740718,44.0,53.18400000000002,55.29073589984506,24.0
-1,-98.95091733062613,18.377937453703627,48.0,61.15200000000002,37.7989173306261,19.0
-1,-88.02329516848738,10.85704917592595,32.0,37.440000000000005,50.583295168487375,24.0
-1,-116.81618501582268,17.180493365740688,49.0,60.28800000000003,56.52818501582264,21.0
-1,-86.18282531495339,17.405598907407388,42.0,51.16800000000002,35.01482531495337,17.0
-1,-98.39129986715363,13.35023090740742,35.0,43.10400000000002,55.287299867153614,25.0
-1,-74.9281600643285,14.358573824074067,38.0,44.35200000000001,30.576160064328487,18.0
-1,-66.76006826376222,11.736937546296293,32.0,38.400000000000006,28.36006826376222,15.0
-1,-111.74134712220264,19.918856569444383,54.0,60.96000000000003,50.78134712220259,20.0
-1,-73.47292596297805,14.423389967592575,36.0,36.86400000000001,36.608925962978034,19.0
-1,-118.50292898197044,18.35392585648141,51.0,64.80000000000003,53.7029289819704,24.0
-1,-78.83663975090019,13.293811944444464,37.0,40.416,38.42063975090018,22.0
-1,-105.60356950024934,15.642961124999976,45.0,58.75200000000002,46.851569500249326,21.0
-1,-98.6660378186246,16.57761762037037,44.0,57.120000000000026,41.54603781862458,20.0
-1,-101.11581186608616,16.577225208333306,49.0,49.152000000000015,51.96381186608615,21.0
-1,-122.00580042426766,22.77085947222215,55.0,72.67200000000004,49.33380042426762,18.0
-1,-152.97756180892895,18.65059795833327,66.0,86.59200000000004,66.3855618089289,24.0
-1,-90.79273766467452,14.644364967592605,36.0,44.640000000000015,46.15273766467452,22.0
-1,-169.1263271681107,21.31808343055542,75.0,106.65600000000006,62.47032716811064,20.0
-1,-76.4954267494424,14.316196115740723,30.0,37.824000000000005,38.6714267494424,21.0
-1,-93.9340423340932,16.45041875925924,46.0,55.58400000000002,38.35004233409317,19.0
-1,-130.13729056747113,19.681883601851755,60.0,77.37600000000003,52.7612905674711,20.0
-1,-115.147196804737,13.325398226851824,55.0,64.89600000000003,50.25119680473696,24.0
-1,-104.5374035004557,15.967920226851836,48.0,56.25600000000002,48.28140350045567,23.0
-1,-112.74958194782612,20.107002708333248,55.0,67.29600000000003,45.45358194782609,22.0
-1,-84.9359114164559,16.0752538611111,38.0,47.136,37.7999114164559,21.0
-1,-100.88499810108536,14.482855101851811,46.0,61.344000000000015,39.54099810108535,22.0
-1,-101.53506017286634,17.41544935648146,44.0,47.808000000000014,53.72706017286633,20.0
-1,-100.73898636633912,13.773676439814814,38.0,52.41600000000002,48.3229863663391,22.0
-1,-98.16692474278476,18.330405194444403,39.0,46.46400000000001,51.70292474278475,20.0
-1,-107.41291232090244,15.306390453703685,48.0,55.00800000000002,52.40491232090242,22.0
-1,-129.5048082310732,19.32182499074065,56.0,66.62400000000002,62.8808082310732,23.0
-1,-91.85001301082886,17.035576504629628,37.0,43.680000000000014,48.17001301082885,22.0
-1,-72.17845990706951,14.32507183796297,38.0,40.22400000000001,31.954459907069506,19.0
-1,-80.87989000840366,19.595575861111065,44.0,46.17600000000002,34.70389000840365,15.0
-1,-86.04185957184136,17.473773851851824,38.0,48.00000000000002,38.041859571841336,19.0
-1,-105.35734261856813,15.919925120370348,43.0,60.19200000000003,45.1653426185681,21.0
-1,-84.42350625030139,15.414394884259234,34.0,37.82400000000001,46.59950625030138,22.0
-1,-88.84078613512702,10.813485921296314,35.0,48.000000000000014,40.84078613512701,21.0
-1,-118.24412065539154,21.99229077314808,52.0,61.056000000000026,57.18812065539152,20.0
-1,-106.57487336041444,13.564800879629606,38.0,54.62400000000002,51.95087336041442,25.0
-1,-86.76669296794768,18.171635222222196,42.0,47.90400000000002,38.86269296794766,15.0
-1,-80.69227020505329,17.197972893518514,48.0,52.22400000000002,28.468270205053276,16.0
-1,-99.41060648709016,16.923167509259233,43.0,50.59200000000002,48.818606487090136,21.0
-1,-62.63326601922965,12.844118291666668,39.0,37.53600000000001,25.097266019229643,17.0
-1,-95.56536934319078,13.545922194444444,39.0,45.60000000000001,49.965369343190766,25.0
-1,-107.82917491396796,20.654811374999955,53.0,61.632000000000026,46.19717491396794,19.0
-1,-106.16532749771656,15.817598180555542,49.0,56.83200000000003,49.33332749771653,24.0
-1,-98.44458698542732,16.653439833333312,39.0,47.52000000000002,50.9245869854273,22.0
-1,-84.08338092808481,20.34201168518516,44.0,54.62400000000002,29.4593809280848,13.0
-1,-112.71648855422616,13.251956597222224,51.0,62.78400000000002,49.93248855422614,24.0
-1,-115.67449091004252,15.860657087962949,49.0,60.96000000000002,54.71449091004249,24.0
-1,-109.66175462374804,17.302808486111037,41.0,57.216000000000015,52.44575462374804,22.0
-1,-88.57902196742705,15.186975092592586,45.0,49.536000000000016,39.04302196742704,20.0
-1,-94.31442136840454,13.943219337962946,42.0,46.27200000000002,48.042421368404526,23.0
-1,-94.03485491497378,15.296324046296272,40.0,43.77600000000001,50.25885491497377,21.0
-1,-89.2323891730512,13.39486500462962,40.0,48.09600000000001,41.13638917305119,20.0
-1,-83.95015757025438,12.777670763888862,33.0,41.95200000000001,41.99815757025437,21.0
-1,-130.71108658364585,16.052868462962934,54.0,72.28800000000003,58.42308658364583,23.0
-1,-108.54081591514048,20.33549401388878,49.0,58.94400000000002,49.596815915140446,21.0
-1,-77.08757622033875,19.21030668055549,36.0,34.75200000000001,42.33557622033874,20.0
-1,-102.65309620005006,15.1850978935185,43.0,58.56000000000003,44.09309620005003,20.0
-1,-83.77490346167397,15.765685398148149,43.0,52.22400000000002,31.550903461673958,15.0
-1,-182.1145124147365,17.885049745370278,74.0,120.00000000000009,62.114512414736446,25.0
-1,-100.71811387198208,19.557251916666644,43.0,50.59200000000002,50.12611387198206,21.0
-1,-99.8711788017258,12.720465819444454,38.0,44.54400000000001,55.32717880172577,24.0
-1,-79.34565556257348,15.843010763888882,39.0,41.76000000000001,37.58565556257346,19.0
-1,-104.76652354515998,13.647002638888882,36.0,41.760000000000005,63.00652354515998,25.0
-1,-90.95048948183825,18.7233688796296,43.0,59.13600000000002,31.81448948183824,17.0
-1,-96.16290432173864,17.813065324073996,47.0,54.14400000000001,42.018904321738624,21.0
-1,-95.44976997126136,17.224117787037024,41.0,50.496000000000016,44.95376997126134,18.0
-1,-86.28105035709143,18.988005018518493,45.0,54.43200000000003,31.849050357091404,17.0
-1,-92.7661459730582,19.83795558333328,52.0,55.968000000000025,36.79814597305817,18.0
-1,-89.94159300476935,18.486923097222213,44.0,43.39200000000001,46.54959300476934,21.0
-1,-121.28444637909318,15.014911509259235,56.0,71.90400000000004,49.38044637909314,24.0
-1,-105.20161169334202,20.321887504629544,49.0,59.42400000000002,45.777611693342,19.0
-1,-101.57112360600068,23.63707258333324,54.0,63.74400000000003,37.82712360600064,15.0
-1,-106.10052550641224,15.158434851851837,44.0,54.91200000000001,51.18852550641223,22.0
-1,-122.63623322334972,17.758784671296254,49.0,70.56000000000003,52.0762332233497,17.0
-1,-72.76678640652926,13.401220500000004,35.0,38.400000000000006,34.36678640652925,18.0
-1,-81.02437799523601,16.09733701388886,48.0,48.48000000000002,32.54437799523599,17.0
-1,-95.82037768257334,16.71576072685183,35.0,41.184000000000005,54.636377682573325,22.0
-1,-111.0658859704498,16.33229651388887,44.0,51.07200000000002,59.9938859704498,23.0
-1,-79.32016809598443,19.34597368981478,45.0,46.65600000000002,32.6641680959844,17.0
-1,-87.66267635833853,21.02943379629622,45.0,49.53600000000002,38.126676358338514,20.0
-1,-80.33304531192304,13.306038138888884,34.0,47.52000000000002,32.81304531192303,17.0
-1,-150.8168710476004,22.275144106481417,80.0,112.60800000000006,38.20887104760033,16.0
-1,-110.40908996865753,14.511883958333296,46.0,58.656000000000034,51.75308996865749,22.0
-1,-87.50260587625027,13.703088962962958,45.0,54.81600000000002,32.68660587625024,16.0
-1,-113.48440196379424,15.948039083333317,48.0,52.03200000000002,61.45240196379421,24.0
-1,-84.5422257144836,11.813597259259256,35.0,42.24,42.30222571448361,22.0
-1,-95.16423190568707,15.7587406111111,48.0,54.52800000000001,40.63623190568707,17.0
-1,-120.19011780765804,16.095333148148104,50.0,66.81600000000003,53.37411780765802,22.0
-1,-98.23894712963258,15.724824837962954,45.0,54.33600000000001,43.90294712963256,20.0
-1,-140.3020543377791,14.14076754629628,52.0,78.62400000000004,61.67805433777906,23.0
-1,-96.61022432705028,15.646807231481484,39.0,51.64800000000001,44.962224327050265,21.0
-1,-115.13951464553956,13.604930268518508,43.0,58.27200000000003,56.86751464553952,26.0
-1,-145.79954143029136,17.603127162036994,56.0,75.84000000000003,69.95954143029132,23.0
-1,-86.35035533941036,11.468554810185193,37.0,40.70400000000001,45.64635533941035,23.0
-1,-84.25506826961472,17.441667435185185,37.0,38.592000000000006,45.66306826961472,19.0
-1,-94.67944434816074,13.111316199074077,36.0,52.60800000000002,42.071444348160725,22.0
-1,-95.96259094329156,15.48424043981477,35.0,47.616000000000014,48.34659094329156,24.0
-1,-115.15355540997116,16.10477620833331,50.0,60.38400000000002,54.76955540997113,22.0
-1,-77.07637100517225,9.204278134259267,43.0,44.92800000000001,32.14837100517224,19.0
-1,-98.16498402362542,15.861527407407388,49.0,63.45600000000003,34.70898402362539,20.0
-1,-229.8345626655829,18.104396310185123,103.0,162.43200000000007,67.4025626655828,24.0
-1,-90.46370282720252,15.582814129629618,39.0,44.44800000000001,46.0157028272025,19.0
-1,-99.228122848117,13.413244439814822,41.0,50.30400000000002,48.924122848116994,22.0
-1,-97.28421830705928,16.70895042592589,46.0,53.18400000000002,44.10021830705927,18.0
-1,-88.69977150407782,16.808676930555514,37.0,42.048000000000016,46.6517715040778,19.0
-1,-74.22303782435762,19.135155412036983,44.0,50.59200000000002,23.631037824357605,15.0
-1,-86.84081343129773,14.796743851851858,38.0,43.96800000000001,42.87281343129773,20.0
-1,-96.4584928028766,11.971547009259256,37.0,46.75200000000002,49.706492802876575,26.0
-1,-84.92041818106263,14.107964055555549,41.0,47.13600000000002,37.78441818106261,22.0
-1,-108.63528864050564,19.36798082407399,48.0,62.49600000000002,46.139288640505626,20.0
-1,-86.41717188080162,15.905960134259262,37.0,44.73600000000001,41.681171880801614,19.0
-1,-93.26656729400818,21.8625889259259,51.0,59.23200000000004,34.03456729400814,16.0
-1,-82.89730361985754,15.149157921296284,40.0,44.448000000000015,38.44930361985752,21.0
-1,-117.72915346269822,16.765705879629618,51.0,54.52800000000002,63.2011534626982,25.0
-1,-85.78455468574003,13.070303314814796,32.0,41.280000000000015,44.50455468574001,24.0
-1,-93.5616519396586,17.33198685648147,46.0,52.89600000000002,40.665651939658574,17.0
-1,-87.3809406468423,12.164512476851844,35.0,43.68000000000002,43.70094064684229,24.0
-1,-88.11816998881199,15.631622347222237,41.0,44.83200000000001,43.28616998881198,21.0
-1,-83.03134960375668,19.430312037037,50.0,53.47200000000003,29.55934960375665,16.0
-1,-93.60496517125772,17.25555803703701,41.0,45.60000000000001,48.00496517125773,21.0
-1,-94.5331510126949,19.91662024999997,48.0,57.69600000000002,36.83715101269488,18.0
-1,-99.96577877941084,22.99572245833325,44.0,48.76800000000002,51.19777877941083,18.0
-1,-107.22507475342556,15.331627560185185,54.0,55.58400000000001,51.64107475342555,23.0
-1,-182.87669479250007,20.161976648148052,80.0,123.07200000000007,59.80469479249999,22.0
-1,-108.62102350113284,17.488103402777757,51.0,49.24800000000002,59.37302350113281,23.0
-1,-92.56448476972318,11.844984981481485,43.0,46.368000000000016,46.19648476972317,20.0
-1,-93.48050686938404,18.79465228240737,46.0,56.544000000000025,36.93650686938402,18.0
-1,-87.7554523024252,15.996137578703676,40.0,49.344000000000015,38.41145230242519,20.0
-1,-91.17218842656312,16.985216162037027,42.0,47.808000000000014,43.3641884265631,20.0
-1,-89.27154600668402,15.772647990740737,44.0,43.104000000000006,46.16754600668402,17.0
-1,-95.80800045528574,14.545120314814811,41.0,48.48000000000002,47.32800045528572,24.0
-1,-136.6826766960467,17.287309365740665,58.0,84.09600000000005,52.58667669604665,20.0
-1,-97.71233245246997,18.386961310185143,38.0,44.16000000000001,53.55233245246993,21.0
-1,-100.96064121449275,15.773443736111098,41.0,54.91200000000003,46.04864121449273,19.0
-1,-107.25195585965996,16.180303435185138,43.0,52.89600000000001,54.35595585965997,24.0
-1,-87.51710235375361,17.944361249999943,45.0,61.056000000000026,26.4611023537536,14.0
-1,-85.41805778600884,16.190254134259227,45.0,56.06400000000002,29.354057786008827,16.0
-1,-86.73611128241194,12.52313672685186,39.0,52.512000000000015,34.22411128241192,18.0
-1,-95.91173789272196,14.622161916666656,42.0,57.024000000000015,38.88773789272196,18.0
-1,-81.4488764972963,21.26203541666661,41.0,44.73600000000002,36.71287649729628,16.0
-1,-83.3423047091265,18.53564997222221,48.0,55.20000000000002,28.142304709126478,15.0
-1,-103.31541707959472,14.0012243611111,49.0,60.960000000000015,42.35541707959469,20.0
-1,-88.04157966406972,15.499664930555536,44.0,46.75200000000002,41.2895796640697,20.0
-1,-98.8497847605848,15.526304212962945,45.0,54.91200000000002,43.9377847605848,17.0
-1,-69.72504651954867,16.508211796296287,38.0,41.376000000000005,28.349046519548672,17.0
-1,-95.6927284896629,15.19963239814814,42.0,42.81600000000001,52.876728489662895,21.0
-1,-78.72992327362999,14.7514883009259,38.0,45.88800000000002,32.84192327362998,20.0
-1,-82.80781273869867,15.749651847222214,37.0,42.72000000000001,40.08781273869866,17.0
-1,-95.80279100427182,22.090164648148097,50.0,54.04800000000002,41.754791004271794,20.0
-1,-96.6737600924586,18.07692795370365,44.0,48.000000000000014,48.673760092458586,22.0
-1,-110.97354607889332,15.90140390740742,47.0,52.80000000000002,58.173546078893295,21.0
-1,-82.19803437481099,19.486457708333266,44.0,58.65600000000002,23.54203437481096,12.0
-1,-107.49202408352728,15.148568458333322,46.0,57.98400000000002,49.508024083527246,18.0
-1,-83.03531437531126,17.11163537037034,49.0,57.79200000000002,25.24331437531124,15.0
-1,-83.62439431171222,14.599006078703692,42.0,51.84000000000001,31.78439431171221,16.0
-1,-90.76878476744211,12.587418134259243,42.0,52.80000000000001,37.96878476744212,21.0
-1,-112.44643320741908,12.672171337962936,36.0,46.27200000000001,66.17443320741907,24.0
-1,-128.6032899567942,18.11369452777773,48.0,58.56000000000003,70.04328995679415,25.0
-1,-79.7109559802137,16.095469777777737,41.0,55.10400000000003,24.606955980213662,10.0
-1,-91.89699037092016,9.657565583333342,31.0,43.872000000000014,48.02499037092015,24.0
-1,-120.78598433637217,14.45731789351848,57.0,80.44800000000005,40.33798433637212,22.0
-1,-91.97389737349457,19.03055452777772,54.0,60.67200000000003,31.301897373494523,13.0
-1,-89.11878464716534,12.823353555555572,37.0,45.50400000000002,43.61478464716533,21.0
-1,-106.19683455721284,17.007329282407362,51.0,51.55200000000002,54.64483455721282,23.0
-1,-80.15182076080421,13.65634495833332,41.0,43.968,36.183820760804224,21.0
-1,-77.5239953733244,11.874277689814804,35.0,36.096,41.4279953733244,23.0
-1,-104.51498629147136,16.173702995370363,40.0,40.70400000000001,63.81098629147135,23.0
-1,-83.14936206219195,19.526692356481423,45.0,47.61600000000002,35.53336206219193,16.0
-1,-90.44435192580872,20.56936595370365,47.0,51.55200000000003,38.89235192580868,18.0
-1,-93.22711288199976,12.3780021527778,42.0,49.24800000000001,43.97911288199975,21.0
-1,-83.02457536651869,14.716773958333333,37.0,49.24800000000001,33.776575366518685,15.0
-1,-122.97348883059244,17.670888097222154,53.0,72.76800000000003,50.20548883059241,21.0
-1,-78.10364924043455,19.801443203703705,36.0,40.032,38.07164924043455,17.0
-1,-83.09713247285453,14.277131587962948,33.0,36.96,46.13713247285453,22.0
-1,-114.18697318344007,14.438205699074064,43.0,56.64000000000002,57.546973183440045,28.0
-1,-108.10151506116722,15.84876836111111,44.0,49.82400000000002,58.27751506116721,22.0
-1,-82.52764852868414,15.05501954166668,35.0,37.53600000000001,44.99164852868413,21.0
-1,-97.6392531401753,16.805957486111065,45.0,46.368000000000016,51.27125314017529,23.0
-1,-91.86262185808324,15.797910722222204,44.0,57.024000000000015,34.838621858083215,19.0
-1,-70.88447785418224,10.860433129629644,34.0,40.32000000000001,30.564477854182226,18.0
-1,-85.94106394815671,13.02946447685186,40.0,45.984000000000016,39.9570639481567,21.0
-1,-87.5478362836146,17.060917032407403,40.0,41.37600000000001,46.17183628361458,18.0
-1,-102.82522951138444,21.280054592592524,53.0,56.92800000000002,45.89722951138442,20.0
-1,-74.55828543099386,8.638384083333342,32.0,37.44,37.11828543099386,20.0
-1,-85.91333538115938,19.04136720370365,43.0,52.22400000000002,33.68933538115936,16.0
-1,-72.09448206813293,19.91512628703701,37.0,42.62400000000002,29.47048206813292,14.0
-1,-86.48942853537318,22.26534337037032,41.0,43.20000000000002,43.28942853537316,17.0
-1,-87.23945575684805,11.711065384259244,39.0,51.744000000000014,35.49545575684803,19.0
-1,-90.68977472586882,15.144901356481478,41.0,54.72000000000002,35.969774725868795,17.0
-1,-93.73805981300336,17.447056884259244,46.0,47.13600000000001,46.602059813003365,20.0
-1,-85.65344249840985,18.87764996759253,41.0,46.56000000000002,39.09344249840983,20.0
-1,-107.10177575477638,15.0374701712963,47.0,48.960000000000015,58.14177575477637,26.0
-1,-93.67096290523024,15.904768837962967,46.0,46.75200000000002,46.918962905230224,22.0
-1,-81.23360527857919,12.123958249999994,40.0,48.768000000000015,32.465605278579176,18.0
-1,-127.58124565083656,15.54862097685181,51.0,67.29600000000002,60.28524565083655,24.0
-1,-102.12731652747016,21.949361999999912,49.0,57.60000000000004,44.52731652747012,18.0
-1,-78.34086198730901,15.58817377314813,34.0,40.608,37.73286198730901,20.0
-1,-142.25187253033442,18.360632504629585,66.0,83.61600000000004,58.63587253033438,21.0
-1,-93.24612652028782,11.312841861111096,43.0,48.57600000000002,44.6701265202878,22.0
-1,-99.12254296527752,18.247440777777744,44.0,52.800000000000026,46.32254296527751,19.0
-1,-89.7069455166242,11.953476958333331,35.0,48.768000000000015,40.93894551662419,20.0
-1,-115.24304306231122,15.400941615740704,44.0,59.42400000000002,55.8190430623112,24.0
-1,-88.30376587889711,17.71086973611108,45.0,53.664000000000016,34.639765878897094,16.0
-1,-97.01632254916537,25.100948740740687,48.0,57.31200000000002,39.70432254916535,15.0
-1,-99.41542006948136,20.436184810185107,54.0,67.68000000000004,31.73542006948132,15.0
-1,-77.00452892253142,16.187139499999994,42.0,52.320000000000014,24.6845289225314,11.0
-1,-104.46711922422725,21.469457662036945,48.0,62.78400000000003,41.683119224227205,17.0
-1,-96.3741384337061,17.302935958333297,42.0,48.86400000000001,47.51013843370608,19.0
-1,-92.11101707217978,20.8966588194444,54.0,47.52000000000001,44.591017072179774,21.0
-1,-79.05777147711746,16.36508645833332,37.0,43.296000000000014,35.761771477117435,17.0
-1,-80.54487755792366,15.487827347222222,38.0,42.62400000000001,37.920877557923646,15.0
-1,-93.13880560856732,14.331461574074057,35.0,48.86400000000001,44.2748056085673,22.0
-1,-86.83488161911201,14.236846111111085,46.0,50.592000000000006,36.242881619112005,20.0
-1,-118.89252640843355,12.62200216666666,51.0,59.42400000000003,59.46852640843353,28.0
-1,-95.3833880836979,13.36331529166664,38.0,58.56000000000002,36.82338808369786,18.0
-1,-84.56773061991365,12.298073407407417,45.0,56.25600000000003,28.31173061991362,14.0
-1,-112.42310760936844,14.707750930555544,41.0,54.24000000000002,58.18310760936841,24.0
-1,-84.62119400517862,14.212139777777772,47.0,53.088000000000015,31.533194005178604,16.0
-1,-93.93883841784688,19.779599990740728,45.0,56.35200000000002,37.58683841784687,17.0
-1,-99.18631270277976,16.26017391666665,46.0,54.62400000000002,44.56231270277974,22.0
-1,-153.16881606649537,17.67259199537033,62.0,88.03200000000005,65.13681606649531,22.0
-1,-85.26743206668698,15.787973606481469,35.0,39.93600000000001,45.331432066686965,21.0
-1,-77.66906033617406,15.628243356481471,37.0,39.36000000000001,38.30906033617404,19.0
-1,-74.89370323925502,12.512393958333336,31.0,40.224,34.66970323925501,16.0
-1,-92.89414077757851,18.86730282407405,43.0,50.40000000000001,42.49414077757851,18.0
-1,-121.91112228834456,20.33455543981477,52.0,58.27200000000003,63.63912228834455,21.0
-1,-116.86725211399828,18.5481415462962,47.0,66.33600000000003,50.53125211399827,22.0
-1,-107.6289138649109,12.709121416666669,41.0,53.56800000000002,54.06091386491088,23.0
-1,-98.34537014045542,15.106735263888885,42.0,44.928,53.41737014045541,20.0
-1,-93.88568972655628,17.09627928703698,42.0,49.344000000000015,44.54168972655627,22.0
-1,-127.32571210953388,17.68465000925919,52.0,68.64000000000003,58.685712109533846,22.0
-1,-67.90510007139821,17.151445412037027,35.0,38.208000000000006,29.69710007139821,16.0
-1,-141.85425577589945,19.458129097222123,67.0,88.12800000000004,53.72625577589942,22.0
-1,-100.84860288526448,19.673877787036965,40.0,50.88000000000002,49.96860288526447,21.0
-1,-123.7179352817056,17.883002981481436,51.0,66.24000000000004,57.47793528170555,23.0
-1,-142.92442355288546,19.923225800925856,73.0,100.70400000000006,42.2204235528854,17.0
-1,-125.18636455122991,22.042021726851768,56.0,64.80000000000004,60.38636455122988,20.0
-1,-102.63983304876038,14.74320062499999,48.0,52.60800000000002,50.03183304876036,23.0
-1,-107.1901225916976,13.32928902777776,44.0,58.65600000000003,48.53412259169757,22.0
-1,-104.84649448015467,13.81803124537037,42.0,56.64000000000003,48.20649448015465,23.0
-1,-94.17685364396203,15.719058694444438,38.0,51.16800000000002,43.00885364396203,18.0
-1,-79.83578345810099,16.187908166666663,38.0,43.96800000000001,35.86778345810099,17.0
-1,-190.89611842457424,16.79509404629627,78.0,122.40000000000008,68.49611842457418,23.0
-1,-86.81723315911853,17.238967629629556,43.0,49.05600000000001,37.761233159118525,18.0
-1,-96.71468432620992,13.720474870370351,42.0,53.95200000000002,42.76268432620989,22.0
-1,-102.5304745379355,15.668889777777768,48.0,57.88800000000002,44.642474537935485,19.0
-1,-82.43196160365346,16.24967127777773,37.0,46.65600000000001,35.77596160365346,14.0
-1,-77.47312816389709,13.246223499999976,40.0,47.32800000000002,30.14512816389707,16.0
-1,-86.75001801264298,13.851074629629624,48.0,45.216000000000015,41.53401801264297,20.0
-1,-109.81406443995618,16.36748542129628,43.0,56.160000000000025,53.65406443995615,19.0
-1,-87.23570623755668,17.452579865740727,39.0,42.72000000000001,44.51570623755668,22.0
-1,-88.54122474030237,19.02499799074068,48.0,54.52800000000002,34.01322474030236,17.0
-1,-82.28429767022288,14.699589324074068,36.0,48.86400000000002,33.42029767022287,16.0
-1,-99.86529913431816,13.732651717592598,39.0,43.29600000000001,56.56929913431816,24.0
-1,-79.71969570124327,13.697752810185207,38.0,40.512,39.20769570124326,20.0
-1,-92.3537159817754,11.865719282407415,37.0,45.31200000000002,47.04171598177539,23.0
-1,-112.02674837880524,16.923265004629584,47.0,59.61600000000002,52.410748378805216,21.0
-1,-111.98818779903654,19.457965097222168,58.0,67.39200000000002,44.596187799036514,22.0
-1,-76.59419217640175,16.675731018518523,37.0,36.00000000000001,40.59419217640175,18.0
-1,-117.9518882660995,18.294919546296214,48.0,65.66400000000003,52.287888266099465,20.0
-1,-92.78667777278628,16.293939902777755,43.0,50.01600000000001,42.77067777278626,19.0
-1,-97.65379906346688,14.793506523148176,39.0,39.360000000000014,58.293799063466885,19.0
-1,-146.03176434557673,20.447315726851784,61.0,86.49600000000005,59.53576434557668,22.0
-1,-82.36036811383357,15.11990714814813,41.0,48.09600000000002,34.26436811383356,19.0
-1,-62.71541338761786,11.869882615740744,38.0,44.83200000000001,17.88341338761785,11.0
-1,-94.288946785437,19.537760532407347,50.0,60.09600000000003,34.19294678543697,13.0
-1,-83.68386770127209,21.56461497222221,44.0,47.52000000000002,36.16386770127208,17.0
-1,-138.85362470540048,15.735665930555529,53.0,67.77600000000004,71.07762470540045,23.0
-1,-82.09171929955608,14.35029430092591,46.0,55.58400000000002,26.507719299556044,15.0
-1,-74.84103143897383,13.266441212962969,32.0,38.496,36.34503143897384,20.0
-1,-90.59857030647248,15.267777037037042,40.0,45.98400000000001,44.61457030647247,21.0
-1,-104.16636847908975,15.327570652777776,43.0,45.12000000000001,59.04636847908974,23.0
-1,-107.66709349761766,23.814815611111023,59.0,69.31200000000004,38.35509349761761,18.0
-1,-77.93215567832603,21.113783305555536,51.0,44.83200000000001,33.10015567832602,19.0
-1,-78.17669669070989,13.464564800925942,46.0,52.60800000000001,25.56869669070988,16.0
-1,-85.54672286301111,18.73399116666664,46.0,53.376000000000026,32.170722863011086,18.0
-1,-82.32707781797397,15.85391469444445,43.0,49.63200000000001,32.69507781797396,17.0
-1,-96.60703701217516,12.246859106481502,42.0,43.39200000000001,53.21503701217515,27.0
-1,-112.09321844647138,14.937321814814783,55.0,78.43200000000003,33.66121844647136,17.0
-1,-104.36076371796082,9.836659421296316,37.0,48.09600000000001,56.26476371796082,24.0
-1,-102.6196682869422,22.15906124074069,49.0,55.29600000000003,47.32366828694216,19.0
-1,-119.13275696907776,16.707020782407362,48.0,67.48800000000003,51.64475696907772,22.0
-1,-91.82084994135786,14.651888587962963,34.0,45.60000000000001,46.220849941357855,21.0
-1,-123.98916307863092,13.308874851851831,54.0,78.43200000000004,45.55716307863087,21.0
-1,-84.56080857033587,13.442026398148162,38.0,51.07200000000002,33.48880857033585,17.0
-1,-71.78124054570154,9.930027134259264,29.0,39.936,31.845240545701536,20.0
-1,-77.22939751384689,17.708754115740707,39.0,45.69600000000001,31.533397513846875,16.0
-1,-102.57314198185594,18.1265748842592,41.0,48.96000000000002,53.613141981855925,19.0
-1,-97.4371745917762,20.92696892592584,54.0,50.40000000000002,47.03717459177617,19.0
-1,-105.51433506420744,16.758807212962925,53.0,60.00000000000004,45.514335064207394,22.0
-1,-58.74873227615196,12.638467745370384,29.0,35.904,22.84473227615196,17.0
-1,-105.2002322018992,14.275901046296273,40.0,55.39200000000002,49.80823220189918,24.0
-1,-179.09870307616288,18.45032568055548,84.0,110.20800000000008,68.89070307616281,24.0
-1,-81.84789501918148,16.965773916666635,39.0,47.42400000000002,34.42389501918146,14.0
-1,-93.0194159590298,14.501801106481476,40.0,44.73600000000001,48.28341595902979,22.0
-1,-92.46065599655688,18.83940670833329,48.0,52.51200000000002,39.94865599655685,20.0
-1,-78.10893063539089,15.22010826851852,32.0,32.736,45.3729306353909,22.0
-1,-74.52528461052745,14.376889754629616,37.0,41.856000000000016,32.66928461052743,18.0
-1,-69.84292546605676,11.072408004629622,35.0,45.88800000000001,23.954925466056743,13.0
-1,-74.74758640088353,18.28552743055551,34.0,40.99200000000001,33.75558640088352,18.0
-1,-84.24193537405336,10.14947431944444,34.0,42.912000000000006,41.32993537405334,16.0
-1,-125.6595818010071,12.431327328703674,61.0,92.73600000000005,32.92358180100706,17.0
-1,-222.62640444277585,18.41718097685178,101.0,158.01600000000008,64.61040444277577,19.0
-1,-132.6029645878587,14.16111884259258,61.0,90.72000000000004,41.88296458785869,19.0
-1,-100.3350871570962,13.243158620370355,37.0,46.94400000000001,53.3910871570962,23.0
-1,-137.92159310152974,16.69774371296293,58.0,79.00800000000005,58.91359310152968,22.0
-1,-95.69037083336292,13.52695537037036,41.0,49.536000000000016,46.1543708333629,19.0
-1,-108.02176761280973,19.98774173148144,56.0,72.09600000000003,35.92576761280968,17.0
-1,-111.00215200231524,15.06898832407404,47.0,69.98400000000004,41.01815200231519,19.0
-1,-135.20140781137425,22.33580172222211,58.0,69.21600000000004,65.98540781137422,22.0
-1,-102.35956582414364,15.272454870370384,42.0,47.90400000000002,54.455565824143605,23.0
-1,-109.78752632923886,16.480165481481485,47.0,53.184000000000026,56.603526329238825,22.0
-1,-87.51008621327657,22.140540467592523,45.0,43.48800000000002,44.02208621327654,19.0
-1,-110.01677498479845,15.228078342592598,43.0,56.25600000000003,53.7607749847984,24.0
-1,-96.26992140724528,11.677968763888886,45.0,56.544000000000025,39.72592140724525,20.0
-1,-83.59547737201322,14.119724856481486,39.0,49.152000000000015,34.443477372013206,17.0
-1,-135.2039111695591,14.30218145833331,63.0,89.66400000000004,45.53991116955903,21.0
-1,-78.6367787002994,14.831322777777762,35.0,38.112,40.52477870029939,23.0
-1,-74.79326551138266,12.65778245833333,31.0,41.66400000000001,33.12926551138264,19.0
-1,-94.22505919874516,17.911071393518462,49.0,58.56000000000003,35.66505919874513,17.0
-1,-85.6743168792188,17.100412166666665,37.0,39.45600000000001,46.21831687921879,21.0
-1,-87.74979972042131,15.971169444444447,36.0,42.62400000000002,45.12579972042129,21.0
-1,-146.14882375268337,14.484017722222209,51.0,71.32800000000003,74.82082375268332,27.0
-1,-93.73514662965594,15.83361498148144,43.0,59.04000000000003,34.69514662965592,19.0
-1,-75.04716397865081,16.138207263888876,36.0,46.272000000000006,28.775163978650816,15.0
-1,-93.14829438337534,17.284195833333317,44.0,46.656000000000006,46.49229438337534,18.0
-1,-98.82372558176024,16.345692222222187,46.0,58.65600000000002,40.16772558176023,19.0
-1,-83.34231588761565,16.311202527777755,42.0,43.96800000000001,39.37431588761565,19.0
-1,-94.57819300527792,16.804753023148123,46.0,50.304000000000016,44.27419300527789,21.0
-1,-134.89302805244603,17.428880865740684,51.0,69.12000000000003,65.77302805244598,24.0
-1,-87.9431802884682,15.780041541666662,38.0,41.56800000000001,46.37518028846819,19.0
-1,-125.63788712567434,17.88305737962957,53.0,62.30400000000002,63.33388712567432,23.0
-1,-77.40209435360975,16.788036004629625,39.0,44.92800000000001,32.47409435360974,14.0
-1,-79.08441481704438,14.138820347222191,41.0,46.27200000000001,32.81241481704436,15.0
-1,-81.33714150406271,17.737896912036998,39.0,46.36800000000001,34.969141504062705,17.0
-1,-74.97318176819338,17.623136106481432,47.0,48.00000000000003,26.973181768193356,18.0
-1,-99.47976560008723,20.25517962037033,44.0,57.21600000000003,42.2637656000872,19.0
-1,-113.9152783354335,17.403187583333306,50.0,66.81600000000003,47.09927833543347,19.0
-1,-207.01809635033783,21.697541148148005,83.0,140.4480000000001,66.57009635033772,23.0
-1,-97.61662678886177,16.309653745370376,37.0,42.72000000000001,54.89662678886174,21.0
-1,-95.3446236650837,19.966748435185163,49.0,49.248000000000026,46.09662366508367,20.0
-1,-73.7162260931357,14.844678787037028,33.0,34.94400000000001,38.7722260931357,19.0
-1,-86.05092740891419,18.187264027777765,47.0,51.93600000000002,34.11492740891418,17.0
-1,-89.41215598057585,18.15903127314809,40.0,48.09600000000001,41.31615598057583,17.0
-1,-69.74638406700092,18.35910677314813,47.0,47.32800000000002,22.418384067000897,12.0
-1,-118.58325243825632,15.09760896296295,54.0,68.73600000000003,49.84725243825628,21.0
-1,-81.52976267581806,14.75418233796297,40.0,46.08000000000002,35.44976267581805,20.0
-1,-94.15596844095768,19.236547606481448,41.0,51.64800000000002,42.50796844095765,19.0
-1,-104.8014863801791,16.11982296296297,42.0,46.65600000000002,58.14548638017908,24.0
-1,-187.15442505051496,19.914334152777677,82.0,128.64000000000007,58.51442505051489,21.0
-1,-80.41917932565937,14.61376402314814,37.0,44.54400000000001,35.87517932565937,20.0
-1,-77.08150705204451,12.249705041666672,33.0,36.67200000000001,40.40950705204451,19.0
-1,-96.89868614665636,14.035886148148125,48.0,53.66400000000002,43.23468614665635,24.0
-1,-85.38621585416271,15.160410898148148,44.0,51.26400000000002,34.122215854162704,18.0
-1,-102.96251207201402,11.80655894907407,48.0,58.17600000000002,44.786512072014006,23.0
-1,-96.71758137138733,17.96648105555554,42.0,42.720000000000006,53.99758137138732,22.0
-1,-96.98720673650068,20.801720745370304,44.0,49.63200000000001,47.35520673650067,19.0
-1,-92.34873261333416,18.845162212962943,44.0,49.53600000000002,42.81273261333413,15.0
-1,-96.62211033077438,14.004751791666646,49.0,57.79200000000002,38.83011033077436,20.0
-1,-78.89902960779867,18.67471762962959,41.0,46.75200000000002,32.14702960779864,15.0
-1,-75.08106901520985,15.47120613888889,46.0,48.096000000000025,26.98506901520982,17.0
-1,-76.9073201833404,17.412125680555544,44.0,44.832000000000015,32.075320183340395,16.0
-1,-91.80721879156478,17.55398081944439,53.0,65.18400000000003,26.623218791564756,12.0
-1,-116.96159905494125,12.991846736111103,41.0,58.27200000000003,58.68959905494121,23.0
-1,-90.36556056760864,19.749634717592507,44.0,50.01600000000002,40.34956056760864,19.0
-1,-73.56868137961962,10.869846462962958,40.0,46.46400000000001,27.1046813796196,19.0
-1,-104.63421529136323,13.590460430555543,48.0,57.79200000000003,46.8422152913632,22.0
-1,-103.92740590172204,14.921726629629616,45.0,48.76800000000001,55.15940590172204,23.0
-1,-100.99563528416505,14.1269439074074,36.0,48.28800000000001,52.70763528416503,22.0
-1,-113.54089202296468,19.470503152777727,48.0,58.56000000000002,54.98089202296465,21.0
-1,-147.4131023340555,14.340785833333332,61.0,82.84800000000004,64.56510233405548,23.0
-1,-75.09103075338535,9.687128097222224,34.0,42.43200000000001,32.65903075338534,18.0
-1,-87.86762815915607,11.192728745370372,35.0,45.792000000000016,42.07562815915605,21.0
-1,-110.29407642833466,17.273047499999965,52.0,62.78400000000002,47.51007642833464,20.0
-1,-84.44179510854758,19.779055148148085,45.0,49.24800000000002,35.193795108547555,17.0
-1,-93.95732690680568,16.453998833333298,42.0,47.32800000000002,46.62932690680567,23.0
-1,-64.47580031660165,11.283982435185209,34.0,39.84,24.63580031660165,16.0
-1,-93.89472191987798,14.76079204166664,44.0,62.78400000000003,31.11072191987795,15.0
-1,-109.8209515674549,13.401238796296296,49.0,57.79200000000002,52.02895156745487,22.0
-1,-72.9308554951906,14.574326898148126,46.0,49.728,23.202855495190605,13.0
-1,-95.96703851486618,16.899146217592545,48.0,65.47200000000004,30.495038514866145,17.0
-1,-100.22734356539743,12.625601958333332,38.0,51.93600000000002,48.29134356539741,22.0
-1,-85.0706966863255,16.97226275925927,42.0,48.00000000000002,37.07069668632549,18.0
-1,-87.68424580795478,13.51816138425925,44.0,54.33600000000002,33.34824580795476,17.0
-1,-89.41102881801845,21.56341601388883,48.0,60.096000000000025,29.31502881801842,12.0
-1,-74.05817598558198,13.07914244907406,33.0,35.328,38.73017598558198,20.0
-1,-89.87701443083174,14.738413666666643,42.0,50.496000000000016,39.38101443083171,18.0
-1,-106.47319813549896,14.4562118333333,47.0,60.19200000000002,46.28119813549895,22.0
-1,-98.83397069458375,12.560788166666647,37.0,52.99200000000002,45.84197069458375,21.0
-1,-94.08299104274636,15.164067472222191,41.0,54.24000000000002,39.842991042746334,20.0
-1,-103.83443659067964,17.617376986111093,49.0,60.19200000000003,43.6424365906796,17.0
-1,-94.80575944163265,19.81342747685177,40.0,47.52000000000002,47.28575944163262,17.0
-1,-82.39110061877753,12.364038532407402,35.0,47.52000000000002,34.871100618777504,18.0
-1,-136.4447792416221,14.646065569444415,58.0,82.84800000000006,53.59677924162203,17.0
-1,-70.24570470257167,13.21662547685183,42.0,47.616000000000014,22.62970470257166,14.0
-1,-75.52068818665718,15.387901583333344,43.0,53.76000000000002,21.760688186657163,12.0
-1,-86.2243270018983,17.409409768518486,41.0,52.128000000000014,34.09632700189828,17.0
-1,-82.77191060389592,15.392748629629624,39.0,50.97600000000002,31.79591060389589,18.0
-1,-92.48334308813368,14.240110953703706,39.0,44.73600000000001,47.74734308813367,23.0
-1,-115.47929822175782,20.67749841203697,51.0,63.93600000000003,51.54329822175779,19.0
-1,-92.79103452225272,13.384356342592596,41.0,47.52000000000001,45.27103452225272,24.0
-1,-102.90229802820514,13.996610449074057,42.0,48.864,54.03829802820513,25.0
-1,-100.37288889580796,16.51092362962957,44.0,65.18400000000001,35.18888889580795,19.0
-1,-98.27531162883304,18.553764444444383,46.0,60.57600000000002,37.699311628833016,17.0
-1,-81.65016404877494,15.250609601851838,41.0,46.176000000000016,35.47416404877492,18.0
-1,-89.00453762687404,18.183638759259267,47.0,51.26400000000002,37.74053762687402,20.0
-1,-136.70630125460724,18.539228578703614,54.0,75.74400000000004,60.9623012546072,22.0
-1,-104.52654307502388,14.605958296296286,38.0,44.832000000000015,59.69454307502385,24.0
-1,-93.35608178113011,14.072290310185178,36.0,46.27200000000001,47.08408178113011,24.0
-1,-92.34485245152452,16.857298240740725,41.0,50.304000000000016,42.04085245152452,19.0
-1,-85.6703379172709,17.16204703703701,43.0,47.61600000000002,38.05433791727088,22.0
-1,-88.47309889446845,13.594221712962945,43.0,49.34400000000002,39.12909889446842,19.0
-1,-77.96963556777214,10.579007546296303,34.0,36.96000000000001,41.00963556777214,24.0
-1,-95.15963003784194,10.8934978935185,39.0,55.10400000000002,40.05563003784192,22.0
-1,-85.53602280874507,14.10431109722224,37.0,46.94400000000002,38.59202280874506,21.0
-1,-90.07650467620871,16.31804749074074,45.0,52.80000000000002,37.27650467620869,19.0
-1,-94.16616902736558,13.163631231481489,47.0,52.41600000000002,41.750169027365565,18.0
-1,-87.28026847344223,19.87647866203701,42.0,53.088000000000015,34.19226847344222,14.0
-1,-91.25104270351088,17.160575407407404,40.0,42.048000000000016,49.20304270351087,24.0
-1,-82.87264367642584,13.652550004629637,39.0,46.176000000000016,36.69664367642582,21.0
-1,-72.7744402523931,13.52365396296295,44.0,52.320000000000014,20.45444025239309,10.0
-1,-91.13794885198138,14.761754472222217,42.0,51.74400000000002,39.39394885198135,20.0
-1,-92.87506642492502,15.158581018518513,45.0,50.97600000000002,41.89906642492501,19.0
-1,-84.28177336068168,11.642304296296276,39.0,49.34400000000002,34.93777336068166,21.0
-1,-92.38068811341468,17.68842819444439,40.0,48.48000000000002,43.900688113414674,20.0
-1,-137.22553813530894,21.55512436574064,66.0,85.53600000000004,51.6895381353089,19.0
-1,-66.1400132603256,21.97544575462959,42.0,44.73600000000002,21.404013260325584,11.0
-1,-106.72796421995238,17.491069143518477,43.0,59.61600000000003,47.11196421995235,16.0
-1,-86.03283971200835,14.63895501388888,39.0,48.576000000000015,37.45683971200833,18.0
-1,-88.79713747212281,14.109498374999983,34.0,40.608,48.18913747212281,25.0
-1,-96.11624774537944,13.823798037037022,46.0,59.52000000000002,36.596247745379415,18.0
-1,-112.2601491410121,19.67835890740732,42.0,50.496000000000016,61.7641491410121,21.0
-1,-102.35934042587492,14.79153280555554,45.0,63.16800000000003,39.191340425874905,21.0
-1,-93.9026605390529,17.829071212962937,41.0,48.09600000000002,45.80666053905288,19.0
-1,-90.24825954821716,16.87208852314814,37.0,46.08000000000001,44.16825954821714,18.0
-1,-85.82663023864846,17.01289480555556,48.0,52.896000000000015,32.93063023864845,18.0
-1,-117.22048303978448,15.420383921296276,43.0,58.27200000000002,58.948483039784456,24.0
-1,-99.38792685191268,12.967691111111122,41.0,45.21600000000001,54.17192685191268,26.0
-1,-78.48668991393228,11.898688134259256,35.0,45.50400000000001,32.98268991393228,19.0
-1,-110.70414584280552,14.79527381018518,41.0,46.94400000000002,63.76014584280552,24.0
-1,-104.86300527126215,19.227089439814783,44.0,54.14400000000003,50.71900527126212,19.0
-1,-108.0250031928687,20.2952194768518,50.0,60.00000000000004,48.02500319286865,22.0
-1,-86.36777166910632,17.136559518518496,39.0,54.14400000000003,32.22377166910629,14.0
-1,-89.26207355471198,17.456026458333316,46.0,51.26400000000002,37.99807355471195,22.0
-1,-76.55366688872151,11.81872965277778,34.0,48.384000000000015,28.169666888721498,17.0
-1,-147.4101834129935,14.836825800925904,58.0,83.23200000000004,64.17818341299343,25.0
-1,-133.26354769371454,17.238116967592525,64.0,77.56800000000004,55.69554769371452,24.0
-1,-88.24116103242238,14.847884462962964,44.0,49.24800000000001,38.99316103242238,22.0
-1,-111.17241159796134,14.254406277777765,40.0,58.84800000000003,52.32441159796131,21.0
-1,-82.51754369233703,24.597861486111015,58.0,54.81600000000002,27.701543692337008,14.0
-1,-66.90105019076162,10.01634760185186,33.0,44.44800000000001,22.453050190761616,12.0
-1,-107.67557003335368,14.57918531018518,47.0,56.352000000000025,51.32357003335365,25.0
-1,-75.76355471582083,15.473408967592606,40.0,44.35200000000001,31.411554715820817,18.0
-1,-90.96768781888682,17.34345950925923,35.0,42.33600000000001,48.63168781888681,20.0
-1,-78.20463713939256,21.244248620370332,49.0,56.64000000000003,21.56463713939253,13.0
-1,-66.85071249604985,9.30438965740742,29.0,41.088000000000015,25.76271249604983,18.0
-1,-68.40885079113497,11.789916101851857,38.0,44.64000000000001,23.76885079113497,13.0
-1,-88.05606795369943,17.905655310185143,38.0,50.78400000000002,37.2720679536994,18.0
-1,-79.4366864217253,14.04076578703703,36.0,42.43200000000001,37.00468642172529,23.0
-1,-94.66705606614128,23.320373449074054,53.0,60.864000000000026,33.80305606614126,16.0
-1,-78.72639690968737,17.629027634259252,37.0,41.280000000000015,37.44639690968736,20.0
-1,-97.68838828946689,20.02298521296289,53.0,60.57600000000002,37.11238828946684,20.0
-1,-81.49217822255396,18.09307015740739,43.0,47.52000000000002,33.97217822255394,19.0
-1,-93.28924583979568,23.2684856944444,56.0,57.88800000000003,35.40124583979565,16.0
-1,-111.36074369154736,17.17650506944437,43.0,56.160000000000025,55.20074369154733,23.0
-1,-100.31992888384237,19.58840909722217,50.0,59.52000000000003,40.79992888384232,18.0
-1,-104.52530217097896,11.252135726851863,41.0,46.08000000000001,58.44530217097896,28.0
-1,-93.8314980811178,12.693518629629606,39.0,53.56800000000002,40.263498081117774,20.0
-1,-81.2955490463442,13.31568290740741,33.0,42.72000000000001,38.57554904634419,19.0
-1,-69.33139497019783,12.354405300925915,34.0,34.75200000000001,34.57939497019782,18.0
-1,-122.3207384012746,17.619047833333262,49.0,64.51200000000003,57.80873840127459,20.0
-1,-82.4665747087914,15.046411921296295,46.0,48.96000000000002,33.506574708791376,16.0
-1,-78.97221684864289,13.562255361111102,31.0,32.832,46.140216848642886,21.0
-1,-79.74809634423686,17.233427175925904,53.0,56.83200000000002,22.916096344236838,14.0
-1,-86.93473103421401,20.625656527777764,46.0,49.536000000000016,37.398731034214,16.0
-1,-96.8778322591607,20.01296855555551,44.0,51.07200000000002,45.80583225916068,19.0
-1,-97.5578037650669,16.695261129629596,43.0,59.23200000000003,38.32580376506687,18.0
-1,-85.99568514263588,12.869263717592586,36.0,49.920000000000016,36.07568514263586,16.0
-1,-101.84539461366415,18.25167787037033,50.0,54.14400000000002,47.701394613664135,20.0
-1,-83.0666261254766,20.219430662037023,46.0,54.33600000000002,28.73062612547659,10.0
-1,-77.36115685950318,14.955575472222211,35.0,44.64000000000001,32.721156859503175,14.0
-1,-106.51658256325256,17.334377217592543,45.0,56.35200000000002,50.164582563252544,21.0
-1,-101.15207668063118,17.478940513888848,43.0,54.04800000000002,47.10407668063115,21.0
-1,-56.79402175837841,6.937244861111107,32.0,44.35200000000001,12.442021758378402,9.0
-1,-78.45380778020461,15.588605837962964,46.0,59.23200000000002,19.22180778020459,10.0
-1,-109.72255512667384,20.291222532407332,46.0,58.08000000000002,51.64255512667381,21.0
-1,-103.88885135520248,19.61641031944437,45.0,58.65600000000003,45.23285135520247,18.0
-1,-89.65227299116862,16.524425791666676,42.0,49.24800000000001,40.40427299116861,17.0
-1,-78.88993275676873,16.626470851851828,35.0,34.464,44.42593275676874,20.0
-1,-88.91170898934746,13.464016124999988,47.0,54.240000000000016,34.671708989347444,17.0
-1,-171.21010726548002,18.70705123148136,65.0,98.88000000000004,72.33010726547995,23.0
-1,-98.56947085745264,20.363489532407364,46.0,48.192000000000014,50.37747085745262,18.0
-1,-80.92551310633243,20.799860245370347,45.0,45.312000000000005,35.613513106332434,17.0
-1,-86.182201400417,14.06492797685184,33.0,32.06400000000001,54.118201400416986,23.0
-1,-89.0112842310285,13.242343782407415,38.0,52.128000000000014,36.88328423102848,16.0
-1,-154.96616998872398,17.917497013888813,66.0,88.51200000000006,66.45416998872392,24.0
-1,-90.47784915121468,22.64224793518509,43.0,43.296000000000014,47.18184915121468,19.0
-1,-110.73860500822548,18.35085802314809,53.0,57.21600000000003,53.52260500822544,23.0
-1,-92.0287181844993,14.439514398148129,35.0,42.43200000000001,49.596718184499295,21.0
-1,-95.52684967002187,17.147493291666652,49.0,54.14400000000003,41.38284967002186,22.0
-1,-80.1005690192514,16.35632643055553,38.0,46.65600000000002,33.44456901925137,16.0
-1,-88.02581042097258,13.459518879629616,33.0,37.34400000000001,50.68181042097257,25.0
-1,-99.42033929507788,15.539927324074077,39.0,46.27200000000001,53.14833929507787,22.0
-1,-90.53121774870084,21.373451513888853,45.0,48.09600000000002,42.43521774870082,20.0
-1,-90.35390496509376,18.42997591203701,46.0,54.52800000000002,35.82590496509374,17.0
-1,-86.39223662748485,14.676032361111105,38.0,52.22400000000002,34.16823662748483,18.0
-1,-93.95450631850932,19.59225035185184,44.0,53.18400000000001,40.77050631850932,17.0
-1,-96.4914508294033,14.901823055555534,40.0,49.63200000000001,46.85945082940329,21.0
-1,-83.59905519190696,18.22510389351845,41.0,58.84800000000003,24.75105519190693,12.0
-1,-73.11888259040919,17.136628300925906,39.0,43.58400000000002,29.53488259040916,15.0
-1,-79.50610626278191,14.153011509259231,39.0,52.89600000000001,26.61010626278191,18.0
-1,-86.70384501328846,17.608579726851833,44.0,46.46400000000002,40.23984501328843,21.0
-1,-105.1819854483528,14.86962746759257,51.0,67.20000000000002,37.9819854483528,22.0
