-1,-619.8917756435133,58.432679226851945,267.0,361.3439999999991,258.5477756435141,29.0
-1,-432.5504529024628,74.22994351388891,420.0,258.14399999999995,174.40645290246286,30.0
-1,-543.2556852240723,63.99376905092602,414.0,330.91199999999964,212.34368522407263,29.0
-1,-433.35943552059416,66.403375263889,397.0,268.12800000000004,165.2314355205941,30.0
-1,-521.5055327905678,73.09010650462966,368.0,240.5759999999998,280.92953279056803,30.0
-1,-363.9958825960202,57.59916539351856,366.0,250.17599999999985,113.81988259602036,28.0
-1,-482.1932240298389,77.51925360648157,403.0,260.35199999999986,221.84122402983903,29.0
-1,-648.4828262213954,86.37264788888893,447.0,311.8079999999995,336.6748262213959,30.0
-1,-399.13038809873694,61.75377056944456,371.0,272.7359999999999,126.39438809873708,29.0
-1,-517.7483792667815,73.00905428240745,394.0,267.0719999999998,250.6763792667817,30.0
-1,-403.4803368067948,61.236897953703846,338.0,221.18400000000003,182.29633680679476,30.0
-1,-573.0320771594907,84.65226579166672,410.0,302.9759999999999,270.0560771594908,30.0
-1,-566.572837360043,81.4275729583333,405.0,308.63999999999965,257.9328373600434,30.0
-1,-480.05664661380086,73.37183351388902,378.0,279.26399999999995,200.7926466138009,29.0
-1,-629.4183606835375,76.77251443518522,415.0,311.99999999999983,317.4183606835376,30.0
-1,-529.6392616468802,92.4895602268518,349.0,224.92799999999983,304.7112616468804,30.0
-1,-517.8415824876836,51.92750395370378,336.0,254.208,263.63358248768355,29.0
-1,-470.7220649797304,56.60309772222234,343.0,276.4800000000001,194.24206497973032,30.0
-1,-360.4529581541505,77.61683790740744,290.0,199.2,161.25295815415052,30.0
-1,-439.9542221092763,71.1711407731482,330.0,257.28000000000003,182.6742221092763,28.0
-1,-465.0855348415964,61.80092262500008,355.0,243.552,221.5335348415964,30.0
-1,-360.738803358226,49.50451606018526,269.0,208.60799999999992,152.13080335822607,30.0
-1,-469.73771028524527,76.12121118055559,346.0,233.47199999999987,236.2657102852454,29.0
-1,-413.5968965700895,80.48993387037036,345.0,230.88,182.71689657008952,29.0
-1,-344.55111727429323,59.35399233333334,317.0,202.27199999999985,142.2791172742934,30.0
-1,-497.2626292766262,86.9846493472224,325.0,212.73599999999988,284.52662927662635,30.0
-1,-389.4850550228936,63.42342273148141,331.0,212.83199999999988,176.65305502289374,30.0
-1,-514.3366026729424,66.86818989351856,340.0,250.75199999999987,263.58460267294254,30.0
-1,-517.2857724056164,75.21111173148155,334.0,227.51999999999992,289.7657724056164,30.0
-1,-376.86478951906383,78.54613160648135,293.0,208.32000000000005,168.54478951906378,30.0
-1,-386.1396389164215,57.63571855555562,321.0,230.3040000000001,155.83563891642143,27.0
-1,-288.6798780940038,57.87912925462965,266.0,196.128,92.55187809400384,28.0
-1,-355.14514444357553,43.04831215740742,281.0,204.86399999999992,150.2811444435756,30.0
-1,-333.14923813981056,62.18013942592603,291.0,205.34399999999985,127.80523813981075,28.0
-1,-281.6288945821435,45.61403732870371,258.0,195.26399999999995,86.36489458214356,25.0
-1,-313.3374420980951,44.72631028703704,276.0,212.256,101.08144209809508,30.0
-1,-341.4469862541282,63.59394137962972,275.0,215.03999999999985,126.40698625412834,28.0
-1,-335.82985242402555,58.56252114814826,260.0,188.5439999999999,147.28585242402565,27.0
-1,-445.17682845480414,41.16597381481484,373.0,288.76799999999986,156.40882845480428,30.0
-1,-375.1912793091718,51.73015984722233,294.0,198.144,177.0472793091718,30.0
-1,-465.97625654220303,63.35550858796309,311.0,219.16799999999995,246.8082565422031,30.0
-1,-304.3588347114985,40.06706235648152,248.0,209.27999999999997,95.07883471149854,29.0
-1,-431.447690204621,65.95168974074093,317.0,228.95999999999972,202.48769020462123,29.0
-1,-391.1673489835039,62.99913759259269,322.0,245.856,145.31134898350388,30.0
-1,-371.30373380730055,58.14010096759269,274.0,210.432,160.8717338073006,29.0
-1,-363.7470782977336,58.99931092129632,261.0,186.3359999999999,177.41107829773364,30.0
-1,-357.90520867223387,63.73247088888901,317.0,225.408,132.4972086722339,29.0
-1,-298.2517725047701,49.11036525462969,241.0,167.32800000000006,130.92377250477003,28.0
-1,-358.078625046304,53.661109509259255,273.0,198.528,159.550625046304,29.0
-1,-257.1452038615293,44.958488615740805,260.0,164.736,92.40920386152928,27.0
-1,-406.8490449451597,66.20848134722223,276.0,199.29600000000005,207.55304494515968,29.0
-1,-311.3469047249513,50.9003641157408,251.0,200.92799999999997,110.41890472495136,29.0
-1,-410.7448300010029,58.596601402777765,256.0,208.32,202.42483000100287,30.0
-1,-338.1173772886871,61.13780503240745,282.0,198.8160000000001,139.30137728868706,30.0
-1,-390.73418287081927,59.38482139351858,302.0,225.88799999999983,164.84618287081943,29.0
-1,-290.41033394287064,42.56885898148149,247.0,184.12799999999987,106.28233394287076,27.0
-1,-340.78780843802565,48.566468865740845,281.0,197.56800000000004,143.21980843802564,29.0
-1,-302.96435597572014,48.87939037962968,252.0,179.3279999999999,123.63635597572024,27.0
-1,-312.40263462418386,51.56901912037045,271.0,186.91199999999984,125.49063462418395,29.0
-1,-354.930774969489,56.57230933333344,286.0,215.90400000000005,139.0267749694889,27.0
-1,-333.76995882620906,56.26745687500016,272.0,186.43199999999987,147.33795882620916,30.0
-1,-282.80853706252327,59.99910904629633,232.0,175.584,107.22453706252324,26.0
-1,-232.5109148553238,46.16103552314818,226.0,150.14399999999983,82.36691485532397,24.0
-1,-265.65665824203904,60.33457957870378,228.0,161.2799999999999,104.37665824203914,27.0
-1,-296.3195621125315,53.459888708333374,229.0,190.1759999999999,106.14356211253164,30.0
-1,-294.4359522328264,41.34665910648153,226.0,188.736,105.69995223282643,28.0
-1,-252.90210502974168,42.78994946296305,204.0,164.92800000000005,87.97410502974162,24.0
-1,-237.97073163267112,42.51901296759264,208.0,148.1279999999999,89.84273163267122,24.0
-1,-216.2234225581759,30.443139583333316,187.0,140.16,76.06342255817592,27.0
-1,-223.55171719961567,47.2049112268519,199.0,139.58399999999992,83.96771719961575,26.0
-1,-288.3885593857567,41.7405363287037,225.0,178.46400000000003,109.92455938575664,29.0
-1,-263.6037422932105,34.31728805092587,195.0,172.89600000000002,90.70774229321044,26.0
-1,-284.8561110950154,54.53190399537039,220.0,158.0159999999999,126.84011109501554,29.0
-1,-245.62572006363732,49.162435509259225,202.0,169.63200000000003,75.99372006363731,28.0
-1,-233.1879079989813,38.806866805555565,187.0,160.1279999999999,73.05990799898142,25.0
-1,-296.3994865283064,43.92673445833344,216.0,174.9120000000001,121.48748652830632,28.0
-1,-261.36487685833123,54.480204273148175,204.0,146.2079999999999,115.15687685833132,23.0
-1,-268.9557166926839,38.79485110185182,185.0,141.11999999999998,127.83571669268392,28.0
-1,-276.0234214903828,35.17564340740746,202.0,184.51200000000003,91.51142149038282,22.0
-1,-273.05330590106394,39.60872078703707,199.0,161.088,111.96530590106396,25.0
-1,-278.5782720909658,44.45828058333339,206.0,172.608,105.9702720909658,25.0
-1,-239.1241384675058,46.28724019907406,197.0,146.4959999999999,92.62813846750588,24.0
-1,-224.49363889808512,45.290902518518536,184.0,132.95999999999995,91.53363889808516,26.0
-1,-225.9424624689385,37.84868857407409,169.0,134.784,91.15846246893848,28.0
-1,-252.56251562050767,36.00948221759263,177.0,159.26400000000004,93.2985156205077,26.0
-1,-207.90043973015105,44.972536884259256,176.0,123.16799999999996,84.73243973015107,23.0
-1,-243.32001820192775,37.36800968981478,179.0,162.72,80.60001820192778,26.0
-1,-285.13816056923486,48.04146813425929,198.0,151.77599999999998,133.3621605692349,30.0
-1,-265.28895334891445,46.96294627314815,195.0,154.94400000000005,110.34495334891436,26.0
-1,-248.57409363202777,50.75920237037033,180.0,130.84799999999993,117.72609363202784,28.0
-1,-212.03557212535685,35.78309976388892,157.0,131.42399999999998,80.61157212535687,23.0
-1,-233.47114326707,33.08220318055554,160.0,144.096,89.37514326707,25.0
-1,-226.4296984684362,48.482943912037065,162.0,129.79199999999994,96.63769846843626,26.0
-1,-207.72206385894,36.157115444444464,147.0,128.54399999999998,79.17806385894002,24.0
-1,-208.2568101824806,37.977696777777815,144.0,122.68799999999996,85.56881018248062,22.0
-1,-282.84025352617425,50.11701554166672,183.0,160.79999999999998,122.0402535261743,28.0
-1,-221.0037013344703,43.70467173611112,148.0,127.19999999999992,93.80370133447038,25.0
-1,-230.18862300724743,34.4718428935186,160.0,134.49599999999998,95.69262300724743,28.0
-1,-194.52394978227272,33.096665324074095,152.0,123.07200000000002,71.45194978227269,25.0
-1,-232.06918377072105,42.7005592962963,153.0,127.67999999999998,104.38918377072105,24.0
-1,-199.6254745856085,40.83829027777789,145.0,133.82399999999998,65.80147458560849,20.0
-1,-264.28014680013933,47.24427013888901,164.0,135.93600000000004,128.3441468001393,26.0
-1,-229.91217910532015,37.52738657870369,139.0,130.272,99.6401791053202,26.0
-1,-260.4389908133761,37.129875736111096,154.0,144.38400000000007,116.05499081337604,27.0
-1,-181.03569673205087,36.10943022222229,131.0,111.64800000000002,69.3876967320509,22.0
-1,-258.55935872050145,40.32118534259262,137.0,123.26400000000004,135.29535872050138,26.0
-1,-216.2635265799032,44.731183250000086,151.0,130.84799999999996,85.41552657990319,24.0
-1,-229.5794522271279,34.29597145833336,134.0,122.01600000000003,107.56345222712784,28.0
-1,-213.2241843754325,30.9852565601852,131.0,129.02400000000006,84.20018437543243,25.0
-1,-201.107040635774,36.99267059259255,120.0,110.112,90.995040635774,26.0
-1,-256.68304786022094,41.81291683796305,162.0,143.32800000000003,113.3550478602209,28.0
-1,-182.54039387196616,35.89515342592594,128.0,110.688,71.85239387196619,24.0
-1,-215.6872832038424,31.14162861111109,128.0,123.84000000000005,91.8472832038424,26.0
-1,-248.1795362896117,43.66320530555562,140.0,128.64,119.53953628961172,23.0
-1,-210.4956063607699,34.79484662500003,127.0,115.488,95.00760636076988,26.0
-1,-186.6938242080439,35.58593522685185,124.0,118.464,68.22982420804391,22.0
-1,-216.86985526523475,34.12975962962965,136.0,124.60800000000005,92.26185526523471,25.0
-1,-196.2960815140441,30.11356155555551,114.0,105.79200000000002,90.50408151404406,26.0
-1,-232.31278383403392,41.27285352777783,138.0,137.4720000000001,94.84078383403386,26.0
-1,-223.0318053535476,39.83884496759264,140.0,117.984,105.04780535354764,27.0
-1,-199.52910480115423,25.73758664351853,126.0,132.864,66.66510480115424,20.0
-1,-214.2688455122341,40.513986680555576,129.0,113.856,100.41284551223409,29.0
-1,-262.83018158647127,35.40552907407412,129.0,126.14400000000008,136.68618158647118,25.0
-1,-191.6273248219217,38.47075061574073,130.0,108.86399999999998,82.76332482192174,28.0
-1,-225.696007371296,45.54850446759262,130.0,113.376,112.320007371296,25.0
-1,-202.62126503863863,38.00382526388889,135.0,118.36800000000008,84.25326503863856,24.0
-1,-162.54259879860865,27.813866504629637,100.0,92.35200000000002,70.19059879860863,23.0
-1,-186.68350095703383,28.772977268518527,105.0,90.23999999999998,96.44350095703383,28.0
-1,-153.42796435292342,31.760362087962964,104.0,86.688,66.73996435292342,27.0
-1,-169.19904583085923,29.645307069444456,107.0,96.384,72.8150458308592,21.0
-1,-173.26381059493357,38.36038297222226,126.0,102.336,70.92781059493353,24.0
-1,-143.94472810816265,24.08015370370369,91.0,83.04000000000003,60.90472810816262,21.0
-1,-173.50723691173818,34.62435857870371,111.0,103.29600000000003,70.21123691173813,22.0
-1,-136.92849426152924,20.92615001851853,88.0,92.92800000000004,44.000494261529205,21.0
-1,-171.1982059551391,35.8771400694444,113.0,112.032,59.16620595513909,20.0
-1,-195.48674602794395,33.72924794444444,117.0,99.16799999999996,96.318746027944,26.0
-1,-194.79600825772025,26.36961679166665,91.0,93.408,101.38800825772024,27.0
-1,-279.0636529012843,35.66256290277782,121.0,102.62399999999997,176.43965290128432,28.0
-1,-170.2991181886142,31.8414975138889,113.0,106.848,63.45111818861417,22.0
-1,-189.35629957913565,30.657394361111127,118.0,122.30400000000006,67.05229957913559,26.0
-1,-167.61793575478296,32.99847690277778,97.0,88.12800000000001,79.48993575478295,22.0
-1,-176.17413856421337,17.999871458333335,106.0,124.60800000000008,51.5661385642133,24.0
-1,-191.51831466912947,26.61844116666668,107.0,117.40800000000009,74.1103146691294,22.0
-1,-193.1434676809847,31.81957758333333,121.0,127.29600000000003,65.84746768098465,25.0
-1,-215.11981313174192,35.990567824074034,120.0,105.21600000000004,109.90381313174188,28.0
-1,-167.5922907432588,32.245159250000015,106.0,108.96,58.63229074325881,20.0
-1,-171.03441455911076,27.653443490740766,111.0,106.08000000000004,64.95441455911072,24.0
-1,-192.69081064459783,22.33490681018517,97.0,129.8880000000001,62.80281064459773,26.0
-1,-162.78849890468933,31.071714606481443,96.0,87.55200000000002,75.2364989046893,20.0
-1,-237.06880193334396,31.524835101851888,134.0,155.52000000000004,81.54880193334391,24.0
-1,-186.4991392330608,27.88019184259258,118.0,120.096,66.40313923306077,27.0
-1,-183.66280227941303,32.14293110648151,108.0,98.59199999999996,85.07080227941306,28.0
-1,-192.87475268959648,24.38585118055556,122.0,132.9600000000001,59.91475268959638,26.0
-1,-210.10311017827968,32.384939597222264,108.0,112.51200000000006,97.5911101782796,27.0
-1,-198.6645257273081,29.144649722222216,114.0,112.032,86.63252572730808,25.0
-1,-168.17594443017188,36.1702019768519,112.0,106.56000000000002,61.61594443017187,19.0
-1,-192.32322262049084,38.98998875,112.0,106.944,85.37922262049085,26.0
-1,-159.21419093823465,31.389464874999955,93.0,90.62400000000004,68.59019093823461,20.0
-1,-226.41017670954488,30.262031194444443,113.0,113.28,113.13017670954488,25.0
-1,-186.36121871644048,34.714798282407386,109.0,117.98400000000008,68.37721871644041,23.0
-1,-149.08063961457566,20.588073106481456,87.0,99.64800000000008,49.43263961457559,25.0
-1,-161.32904688692474,27.820936518518508,100.0,88.60800000000003,72.72104688692471,21.0
-1,-164.95343037371586,27.27894359259262,101.0,95.904,69.04943037371586,26.0
-1,-189.52622279839136,22.38117843055552,102.0,116.92800000000004,72.59822279839132,27.0
-1,-196.04417978432645,32.78178225925927,109.0,101.18400000000004,94.8601797843264,29.0
-1,-173.60545176580945,29.37040054166672,97.0,101.088,72.51745176580943,23.0
-1,-178.85433643749155,25.915042717592577,102.0,98.59200000000006,80.2623364374915,23.0
-1,-139.7129172875106,29.359528953703688,98.0,87.648,52.0649172875106,22.0
-1,-240.1024968857636,39.39294828703706,124.0,110.016,130.08649688576355,28.0
-1,-162.81320914451084,30.077417374999943,93.0,99.456,63.35720914451084,22.0
-1,-135.9586933369487,29.804597615740807,95.0,79.39200000000004,56.56669333694865,24.0
-1,-168.48037820126686,32.71039036111109,108.0,107.42400000000004,61.05637820126683,25.0
-1,-159.19636113544044,30.206810865740728,83.0,78.81600000000002,80.38036113544041,22.0
-1,-188.500395412183,29.25890362037035,115.0,112.32,76.180395412183,21.0
-1,-166.96931452919847,37.99647749074075,103.0,93.984,72.98531452919846,22.0
-1,-162.067739742264,21.665479189814764,88.0,87.74400000000003,74.32373974226395,28.0
-1,-155.73003988657717,21.51896948148148,90.0,82.752,72.97803988657718,25.0
-1,-174.68799571512452,32.25830054166664,111.0,95.712,78.97599571512453,27.0
-1,-180.20126582744905,29.960913259259247,101.0,96.38400000000004,83.81726582744903,27.0
-1,-156.16001156647138,23.10376436111112,92.0,94.56000000000004,61.60001156647135,22.0
-1,-168.36900415411458,32.209920893518515,92.0,79.96800000000003,88.40100415411456,24.0
-1,-163.95490380986,30.06275240740737,108.0,104.83199999999998,59.12290380986,24.0
-1,-158.8140777078513,24.63189462962961,85.0,91.39200000000002,67.42207770785129,21.0
-1,-137.81192868478684,22.86102229629628,80.0,81.504,56.30792868478682,20.0
-1,-170.359067560829,30.06416313425926,107.0,99.264,71.09506756082901,25.0
-1,-138.58457361272232,26.241150398148143,86.0,87.744,50.84057361272232,19.0
-1,-161.2732200928982,30.70359293518517,99.0,90.33599999999998,70.93722009289823,22.0
-1,-155.38366883469362,28.600267564814807,102.0,98.20799999999998,57.17566883469363,24.0
-1,-163.3285426865263,19.585047685185177,95.0,106.17600000000004,57.15254268652626,21.0
-1,-146.8884543463642,20.272317152777774,94.0,92.832,54.056454346364205,24.0
-1,-140.96936205952215,21.810421050925875,88.0,94.17600000000002,46.79336205952213,22.0
-1,-126.69244033992224,23.29159226851853,85.0,92.92800000000004,33.76444033992219,15.0
-1,-145.15205063668867,17.301725587962952,89.0,108.19200000000004,36.96005063668862,22.0
-1,-148.06060975075036,24.4966353333333,90.0,95.80800000000004,52.25260975075031,24.0
-1,-121.275320647457,16.356639037037052,85.0,90.23999999999997,31.03532064745704,19.0
-1,-122.32680021191152,19.423156032407395,82.0,88.03200000000002,34.29480021191149,19.0
-1,-133.92389373209693,27.734130449074016,78.0,87.16800000000005,46.75589373209688,20.0
-1,-136.3748146748733,21.628970148148092,88.0,84.38400000000001,51.99081467487329,25.0
-1,-143.6721979542633,14.848438541666669,101.0,107.23200000000004,36.44019795426328,21.0
-1,-134.7356317732112,20.34034590277775,82.0,87.07200000000003,47.66363177321116,23.0
-1,-129.37415375982746,17.7470576435185,73.0,72.19200000000004,57.18215375982744,24.0
-1,-127.59130419507215,20.18052579629627,73.0,84.38400000000003,43.20730419507212,18.0
-1,-143.7450978037698,19.08983654166666,84.0,93.12000000000003,50.62509780376973,24.0
-1,-150.27701216242625,20.38654140740738,82.0,78.432,71.84501216242624,27.0
-1,-156.18736513263642,20.683155490740685,80.0,99.36000000000006,56.82736513263635,27.0
-1,-192.4047552732669,22.88584059722224,70.0,71.90400000000002,120.50075527326686,24.0
-1,-152.66469065476215,24.78780424074074,93.0,90.816,61.848690654762144,24.0
-1,-119.96036526847026,15.217506347222226,74.0,88.41600000000003,31.54436526847023,17.0
-1,-143.28828504271536,19.995704361111063,92.0,98.40000000000002,44.88828504271535,22.0
-1,-138.48022553604213,20.564509648148096,72.0,78.91200000000005,59.56822553604207,20.0
-1,-119.86030927215774,16.20862941203704,63.0,68.16000000000003,51.70030927215772,23.0
-1,-123.08019725468375,18.862480717592547,79.0,86.49600000000005,36.58419725468371,20.0
-1,-121.0114664071773,19.51786959722221,62.0,60.576000000000015,60.43546640717727,21.0
-1,-112.97581155145514,16.780414611111084,68.0,72.28800000000003,40.68781155145511,18.0
-1,-118.56405232933012,18.56965674537033,63.0,68.92800000000003,49.63605232933009,24.0
-1,-128.1576483508498,21.276868375000014,79.0,79.488,48.6696483508498,21.0
-1,-121.85770133022704,16.66900581944442,66.0,70.56000000000003,51.297701330227,23.0
-1,-124.01146321170972,19.12498048148143,72.0,80.54400000000004,43.46746321170967,21.0
-1,-126.19397395780558,21.85521006481472,70.0,75.74400000000003,50.449973957805554,21.0
-1,-122.96581873884617,14.24215389351854,71.0,75.16799999999999,47.797818738846175,24.0
-1,-105.97297807294495,15.4418868148148,56.0,60.288000000000025,45.684978072944936,22.0
-1,-107.61107317372812,17.92477571296291,60.0,59.04000000000003,48.57107317372811,22.0
-1,-121.32589437494111,18.211151134259264,66.0,69.60000000000002,51.7258943749411,22.0
-1,-151.3226040100506,23.658203736111066,75.0,82.46400000000004,68.85860401005056,21.0
-1,-115.66025129151843,14.559251615740743,67.0,86.40000000000002,29.26025129151844,17.0
-1,-116.73395496926643,12.809004337962936,59.0,81.02400000000003,35.70995496926643,19.0
-1,-107.77037555498516,17.55864099074071,60.0,61.34400000000002,46.426375554985135,21.0
-1,-123.92966798765522,20.13321962499994,68.0,71.61600000000001,52.3136679876552,22.0
-1,-114.91332888818278,15.54085090277778,58.0,66.14400000000003,48.76932888818274,20.0
-1,-128.99297323480528,21.490518032407348,62.0,63.55200000000002,65.44097323480526,23.0
-1,-113.30242842517038,15.534685180555533,63.0,71.13600000000002,42.16642842517035,22.0
-1,-130.30579260993687,24.742540097222165,78.0,78.24000000000004,52.06579260993683,21.0
-1,-89.33126193477617,13.13969234259259,43.0,49.344000000000015,39.98726193477616,21.0
-1,-124.73938496531989,21.41423547222216,72.0,78.62400000000001,46.11538496531986,18.0
-1,-102.1080587542504,22.996523277777715,74.0,74.30400000000004,27.804058754250345,13.0
-1,-119.5764634127122,17.56793171759258,65.0,60.57600000000001,59.000463412712186,22.0
-1,-117.67693182250149,18.605767481481426,69.0,72.86400000000003,44.81293182250145,21.0
-1,-118.32718313672711,15.00818393518517,62.0,74.30400000000004,44.02318313672707,22.0
-1,-92.8677155650161,12.540510347222222,50.0,54.14400000000002,38.72371556501608,19.0
-1,-126.47393101946844,15.39672886574074,56.0,61.248000000000026,65.22593101946842,24.0
-1,-112.63855541140364,13.665256351851855,49.0,62.68800000000002,49.95055541140361,25.0
-1,-148.38334970128443,15.067482921296282,80.0,96.67200000000004,51.71134970128439,23.0
-1,-119.37160586402992,18.4951283009259,66.0,72.19200000000002,47.17960586402992,20.0
-1,-118.01381443930704,19.65728337499997,57.0,60.864000000000026,57.14981443930702,19.0
-1,-98.83780627472171,17.14224169444444,57.0,63.93600000000003,34.90180627472169,17.0
-1,-140.67961136169578,21.35217422685181,73.0,74.88000000000004,65.79961136169572,22.0
-1,-122.5919734679679,17.172500754629592,68.0,78.91200000000002,43.67997346796788,23.0
-1,-127.36215556427248,22.83294289814817,61.0,72.76800000000003,54.594155564272455,17.0
-1,-116.84324863143564,23.78864794444436,56.0,56.16000000000002,60.68324863143563,23.0
-1,-131.7198682880283,18.34835744444439,84.0,90.62400000000002,41.09586828802826,20.0
-1,-134.4070127481045,21.202907680555523,88.0,84.096,50.3110127481045,20.0
-1,-129.5553878439685,17.174379222222196,76.0,89.08800000000002,40.46738784396848,20.0
-1,-118.61044913352164,13.293018259259258,52.0,66.33600000000003,52.274449133521614,23.0
-1,-131.2275584284762,21.89650409259248,70.0,76.89600000000004,54.33155842847615,20.0
-1,-107.90237537195328,13.526875518518516,53.0,65.08800000000002,42.81437537195325,20.0
-1,-131.7713233923307,16.73001581018516,74.0,86.40000000000003,45.371323392330645,23.0
-1,-107.96959221749766,16.010447134259238,57.0,61.05600000000001,46.91359221749765,21.0
-1,-125.61620648606066,17.57278130555551,64.0,74.49600000000004,51.12020648606062,22.0
-1,-131.3537007972107,19.94504174074073,70.0,69.69600000000003,61.65770079721067,20.0
-1,-116.7625263342238,18.48345635648142,63.0,69.88800000000003,46.874526334223766,21.0
-1,-107.99643680771707,17.60691263425921,53.0,64.70400000000002,43.29243680771707,21.0
-1,-114.54536293728673,19.842550833333288,63.0,63.840000000000025,50.7053629372867,21.0
-1,-156.61834519266256,21.351928462962945,76.0,94.94400000000006,61.67434519266249,16.0
-1,-112.4767572358992,17.085441541666654,72.0,66.62400000000002,45.85275723589918,20.0
-1,-121.33754826177407,14.640138199074054,61.0,79.10400000000004,42.23354826177405,23.0
-1,-128.46037039465674,18.56293083796293,69.0,79.68000000000004,48.78037039465669,18.0
-1,-125.3544074923083,16.176147935185156,58.0,78.62400000000004,46.73040749230826,19.0
-1,-124.81268378246796,20.47107199074066,76.0,80.06400000000004,44.74868378246792,19.0
-1,-110.7967438262372,16.25533835185182,57.0,70.94400000000002,39.85274382623717,17.0
-1,-104.35399715373666,14.931110129629618,62.0,76.12800000000004,28.22599715373662,18.0
-1,-114.85478829082103,16.712576078703698,52.0,58.94400000000002,55.91078829082102,22.0
-1,-109.56395219777072,18.247732694444394,65.0,68.25600000000003,41.30795219777069,17.0
-1,-145.45065136338755,19.870721185185104,62.0,77.37600000000003,68.07465136338752,24.0
-1,-117.0031136775585,17.442293541666626,66.0,73.53600000000002,43.46711367755848,19.0
-1,-127.41503486644164,17.987185412036975,73.0,78.816,48.59903486644164,20.0
-1,-113.7071756099891,14.538357689814804,78.0,74.49600000000002,39.21117560998907,20.0
-1,-118.48441446865932,17.835820439814754,54.0,69.79200000000003,48.692414468659294,21.0
-1,-103.59051177468533,14.032441800925914,63.0,71.71200000000003,31.878511774685297,16.0
-1,-134.79020760602123,15.976075467592592,64.0,73.53600000000003,61.2542076060212,21.0
-1,-112.93644017701394,19.74839242592592,71.0,64.60800000000003,48.32844017701391,20.0
-1,-108.55532121777384,17.606625939814784,57.0,61.15200000000002,47.40332121777382,20.0
-1,-136.21739421338577,14.68919568055554,58.0,74.11200000000004,62.10539421338572,22.0
-1,-127.4807970243971,17.87334631018515,69.0,70.65600000000002,56.824797024397085,21.0
-1,-136.27088971904757,18.764701740740676,57.0,79.20000000000003,57.07088971904753,22.0
-1,-136.40388273437642,15.867545962962948,69.0,84.28800000000004,52.11588273437639,20.0
-1,-129.25287463173234,20.17723699074066,81.0,84.09600000000002,45.15687463173232,18.0
-1,-118.23600874924384,17.25926013888886,58.0,60.96000000000004,57.2760087492438,21.0
-1,-108.55689191000216,18.683452745370328,51.0,49.24800000000002,59.30889191000213,23.0
-1,-118.57167243602576,17.346988662037006,58.0,68.92800000000003,49.64367243602573,22.0
-1,-113.271325742665,18.28701980092588,49.0,59.13600000000002,54.13532574266499,19.0
-1,-143.12006495974595,17.986818740740738,75.0,96.86400000000005,46.25606495974593,17.0
-1,-116.42651263992347,18.209320898148075,61.0,63.74400000000003,52.68251263992346,22.0
-1,-112.22644325978918,17.394963101851843,64.0,63.07200000000002,49.154443259789154,21.0
-1,-119.82752014074418,14.195351013888883,65.0,81.79200000000003,38.03552014074415,18.0
-1,-150.64677270379545,19.77006539814809,81.0,97.15200000000006,53.4947727037954,21.0
-1,-114.46124447094084,13.374373106481489,71.0,74.88000000000002,39.58124447094081,22.0
-1,-117.42023475566374,20.230930305555532,80.0,78.33600000000003,39.08423475566372,19.0
-1,-112.27114086626092,13.315702273148135,61.0,75.84000000000003,36.43114086626088,16.0
-1,-119.21681102338523,18.403543249999984,77.0,72.19200000000002,47.024811023385226,21.0
-1,-117.44020537949991,17.50631226851847,67.0,73.15200000000003,44.2882053794999,20.0
-1,-111.85854394393644,13.304394527777776,61.0,52.60800000000001,59.25054394393642,24.0
-1,-113.41762922694598,17.380448217592537,55.0,66.72000000000003,46.69762922694595,21.0
-1,-117.68130868316936,16.02233012037037,72.0,79.68,38.00130868316934,20.0
-1,-104.19354077096872,9.874049972222211,41.0,60.0,44.19354077096872,24.0
-1,-90.49722009018213,12.86567852314813,54.0,54.14400000000002,36.35322009018208,20.0
-1,-129.6169432819371,14.65850329629629,61.0,66.14400000000003,63.472943281937056,22.0
-1,-133.91026766526778,21.721633648148096,69.0,85.15200000000004,48.75826766526773,19.0
-1,-103.34554039509447,13.882430875000008,64.0,72.00000000000004,31.345540395094428,15.0
-1,-123.05289221209595,13.0843826712963,75.0,83.52000000000002,39.53289221209595,21.0
-1,-100.94741942223165,21.67987639814812,57.0,48.576000000000015,52.37141942223163,17.0
-1,-133.73954269866704,18.508269777777727,81.0,81.21600000000004,52.523542698667015,20.0
-1,-145.6369323130947,19.301493134259225,83.0,89.47200000000004,56.16493231309467,20.0
-1,-121.19958618503048,16.945489726851836,69.0,73.44000000000003,47.75958618503044,20.0
-1,-125.73263427728408,17.599824384259215,77.0,73.92000000000003,51.81263427728407,23.0
-1,-112.50968643928256,12.340372925925926,49.0,63.936,48.57368643928256,20.0
-1,-127.67905808833608,18.014087300925876,75.0,75.93600000000002,51.74305808833606,22.0
-1,-102.887526338934,15.936479962962956,47.0,54.52800000000001,48.359526338934,23.0
-1,-122.84696124483936,17.07740452777775,59.0,70.08000000000004,52.7669612448393,20.0
-1,-128.3747942238988,19.20369693981475,59.0,74.30400000000003,54.07079422389874,20.0
-1,-140.08929897917918,13.643267236111102,68.0,89.66400000000003,50.425298979179146,20.0
-1,-95.12815358515344,11.888101162037046,47.0,60.96000000000002,34.1681535851534,22.0
-1,-111.6303988676438,13.070020249999969,53.0,63.74400000000003,47.88639886764376,19.0
-1,-127.83370516550382,19.917897796296234,71.0,84.28800000000003,43.54570516550379,21.0
-1,-107.93945183273848,18.675486699074064,69.0,71.23200000000003,36.70745183273845,17.0
-1,-122.75198381178171,19.4343023518518,61.0,69.50400000000003,53.247983811781694,23.0
-1,-115.12411181850496,15.907524791666669,57.0,67.96800000000002,47.15611181850496,18.0
-1,-126.81281365315634,19.748225268518464,77.0,71.90400000000002,54.90881365315632,20.0
-1,-108.69678359550312,14.788268060185164,58.0,60.19200000000004,48.50478359550309,20.0
-1,-176.0374350605361,19.07822924074068,81.0,110.20800000000008,65.82943506053603,21.0
-1,-114.59341288346644,16.63007392592591,74.0,71.61600000000004,42.97741288346639,20.0
-1,-103.87777729666324,16.422883907407382,49.0,73.44000000000004,30.43777729666322,16.0
-1,-113.50644058174684,17.294398717592543,65.0,73.63200000000002,39.87444058174682,17.0
-1,-128.5380019688569,18.57254678703696,70.0,76.32000000000004,52.21800196885686,23.0
-1,-130.80682184443086,19.19424623611105,90.0,85.53600000000004,45.27082184443082,20.0
-1,-92.0723659694852,12.366184041666656,49.0,56.64000000000002,35.43236596948517,18.0
-1,-116.36796970671172,19.4056691064814,64.0,71.71200000000002,44.65596970671172,24.0
-1,-134.56483952927618,17.54670540740738,75.0,92.35200000000005,42.21283952927615,19.0
-1,-98.04236404806856,10.29747186574074,43.0,58.84800000000003,39.19436404806852,22.0
-1,-101.01945819008311,17.621319810185177,56.0,62.01600000000002,39.00345819008309,17.0
-1,-134.54047941815017,16.450842393518506,59.0,64.41600000000003,70.12447941815014,24.0
-1,-138.76459100699378,18.37326400462956,96.0,95.80800000000004,42.95659100699374,22.0
-1,-123.14312416042232,17.37063460185183,67.0,65.28000000000003,57.8631241604223,17.0
-1,-101.4332207773605,19.470366722222185,63.0,50.68800000000002,50.74522077736047,22.0
-1,-155.34842483743176,17.509624458333274,72.0,92.83200000000004,62.51642483743172,23.0
-1,-115.97047614601412,14.482922657407396,54.0,59.13600000000002,56.8344761460141,24.0
-1,-122.64629566027986,17.63328199999996,79.0,86.20800000000004,36.43829566027982,15.0
-1,-110.7901571811308,16.003972263888876,54.0,62.49600000000003,48.29415718113079,23.0
-1,-127.34301691809684,18.71317386111103,63.0,74.88000000000004,52.46301691809681,20.0
-1,-155.9187491430184,17.035390319444428,77.0,82.94400000000005,72.97474914301836,26.0
-1,-92.48873415872193,12.778330708333332,55.0,57.21600000000002,35.2727341587219,22.0
-1,-126.77530395186844,21.19842154166659,80.0,82.65600000000002,44.11930395186842,17.0
-1,-117.20324537876904,19.929690763888868,67.0,73.34400000000002,43.859245378769,17.0
-1,-118.38440720478752,12.61755541203702,70.0,76.89600000000002,41.48840720478752,23.0
-1,-130.26574818261628,16.21030168055553,68.0,72.48000000000002,57.785748182616274,20.0
-1,-101.43913103641712,13.835805972222229,73.0,72.76800000000001,28.67113103641711,17.0
-1,-115.0577683481514,18.24194546759256,64.0,61.15200000000002,53.90576834815137,20.0
-1,-112.34316999465486,16.457200662036996,66.0,71.61600000000003,40.72716999465484,18.0
-1,-127.82601739633762,18.16509499999996,93.0,96.0,31.8260173963376,18.0
-1,-116.74295464626204,14.353366550925932,60.0,68.16000000000003,48.58295464626201,19.0
-1,-110.30165428076404,15.563028277777768,62.0,74.30400000000002,35.997654280764024,16.0
-1,-95.32797116039104,13.973717675925917,59.0,58.656000000000034,36.67197116039101,18.0
-1,-115.74896433474044,16.112458111111106,72.0,80.64000000000001,35.10896433474043,18.0
-1,-108.13440854181088,19.52276726851848,62.0,60.96000000000003,47.174408541810834,19.0
-1,-125.9640434547176,14.725502773148133,69.0,78.24000000000005,47.72404345471754,21.0
-1,-130.1247214798154,21.62703699074069,92.0,91.58400000000005,38.54072147981536,15.0
-1,-98.83729111132811,17.837944958333313,67.0,65.28000000000003,33.557291111328084,15.0
-1,-120.44417849397227,18.29470130555551,62.0,61.05600000000003,59.38817849397225,23.0
-1,-113.41153509623908,16.413318481481465,52.0,58.36800000000003,55.04353509623904,20.0
-1,-140.96473572325664,16.67628866203701,75.0,76.41600000000004,64.54873572325661,23.0
-1,-123.42093703368718,19.42728233333327,64.0,60.09600000000003,63.32493703368716,22.0
-1,-107.10022355697322,18.377491115740725,51.0,52.128000000000014,54.9722235569732,20.0
-1,-110.8273403504505,14.091759777777774,65.0,61.92000000000002,48.90734035045048,24.0
-1,-158.0622331118426,20.676076703703654,75.0,91.87200000000006,66.19023311184256,19.0
-1,-116.175811132656,23.53145942129622,98.0,84.28800000000003,31.887811132655973,17.0
-1,-105.0656100710421,14.234552319444433,47.0,55.10400000000003,49.96161007104208,19.0
-1,-101.35752496271806,14.454497342592587,66.0,64.896,36.46152496271807,20.0
-1,-135.37521639145194,20.895394671296216,67.0,78.04800000000004,57.32721639145191,21.0
-1,-173.39959100669495,14.829950819444436,70.0,79.48800000000004,93.91159100669492,22.0
-1,-92.60203731252447,12.359870398148152,48.0,56.06400000000003,36.53803731252447,21.0
-1,-147.34664728299953,18.145809958333302,80.0,89.37600000000003,57.9706472829995,21.0
-1,-112.34058003296616,13.859748490740724,49.0,67.68000000000004,44.66058003296613,18.0
-1,-132.02873373561005,21.21261223148138,98.0,101.76000000000003,30.268733735609988,16.0
-1,-95.85170641314754,12.744951060185192,42.0,52.32000000000002,43.53170641314752,19.0
-1,-130.5231988470139,23.480675351851783,83.0,84.57600000000004,45.94719884701386,16.0
-1,-137.57691264439018,15.338275175925906,64.0,68.06400000000004,69.51291264439013,25.0
-1,-108.25199896130805,21.661733805555475,56.0,57.31200000000001,50.939998961308014,18.0
-1,-130.27937179765334,16.063883365740733,82.0,87.16800000000002,43.11137179765332,20.0
-1,-116.12673383899173,19.09918151388888,62.0,71.04000000000003,45.08673383899168,18.0
-1,-117.9806682576644,21.93501766666662,71.0,66.24000000000004,51.740668257664375,20.0
-1,-110.92941406512097,14.410687805555543,75.0,73.24800000000002,37.68141406512096,20.0
-1,-116.42261441057192,15.729221824074052,65.0,68.44800000000001,47.97461441057192,23.0
-1,-111.94484082370538,12.653380662037035,62.0,67.77600000000002,44.16884082370535,21.0
-1,-110.5026520311707,18.479325398148116,58.0,62.78400000000003,47.71865203117068,20.0
-1,-107.5358947473514,13.703190120370357,53.0,67.58400000000003,39.95189474735136,19.0
-1,-103.94204668586411,14.85176931944446,51.0,50.68800000000002,53.2540466858641,23.0
-1,-160.17015905138004,18.474877356481443,79.0,103.58400000000007,56.586159051379965,19.0
-1,-99.06234721781126,12.834873939814829,45.0,55.58400000000002,43.47834721781124,21.0
-1,-105.27147611497804,19.89975709259252,64.0,64.70400000000002,40.56747611497801,22.0
-1,-102.8559446125026,13.388130041666676,49.0,53.66400000000001,49.19194461250259,21.0
-1,-127.9623511726004,15.940013925925909,72.0,72.67200000000004,55.29035117260037,21.0
-1,-124.01478376593832,19.480545314814822,83.0,81.21600000000004,42.798783765938296,18.0
-1,-95.85918861488544,12.835633546296297,55.0,67.00800000000002,28.851188614885423,15.0
-1,-104.78658859764062,17.293847129629615,61.0,68.54400000000003,36.2425885976406,18.0
-1,-118.65459982001494,21.287571092592557,77.0,77.56800000000004,41.0865998200149,17.0
-1,-106.55199614084547,15.488531634259251,47.0,52.12800000000002,54.42399614084546,20.0
-1,-134.81028916019247,17.346961449074062,74.0,74.97600000000004,59.83428916019243,19.0
-1,-138.45058449389,19.27808286574068,67.0,79.68000000000004,58.77058449388996,23.0
-1,-117.04033126827164,18.600355874999966,59.0,57.02400000000003,60.01633126827161,20.0
-1,-94.08479804306484,16.332618060185183,66.0,64.60800000000002,29.47679804306481,17.0
-1,-119.07188216192682,14.77022199999997,54.0,60.096000000000025,58.9758821619268,21.0
-1,-116.76167959778044,15.221814462962936,75.0,69.40800000000003,47.35367959778041,25.0
-1,-107.20586856333586,21.049849134259222,55.0,60.00000000000002,47.20586856333584,19.0
-1,-107.65867962077164,18.00597551851848,73.0,69.60000000000004,38.05867962077159,19.0
-1,-114.63878124357645,16.139866523148147,49.0,67.96800000000002,46.67078124357643,21.0
-1,-101.51064044043989,17.18728381018517,59.0,55.968000000000025,45.54264044043985,19.0
-1,-103.96966008240592,18.8769984675926,65.0,71.80800000000002,32.16166008240589,16.0
-1,-108.64106637609872,14.427768259259242,47.0,57.79200000000002,50.84906637609871,22.0
-1,-77.22597268012568,13.443640796296288,44.0,54.04800000000001,23.177972680125677,16.0
-1,-83.13647690017757,12.51601629166667,51.0,52.80000000000001,30.33647690017757,19.0
-1,-110.46044672557082,18.057384930555514,61.0,58.46400000000003,51.99644672557079,21.0
-1,-111.99145057814472,15.103978976851838,49.0,57.21600000000002,54.7754505781447,21.0
-1,-115.37798545054852,17.03609788425922,51.0,57.50400000000003,57.87398545054848,20.0
-1,-108.8608977661752,15.165813870370371,51.0,57.984000000000016,50.87689776617518,19.0
-1,-93.4425296798242,12.83443539351853,54.0,57.408000000000015,36.03452967982417,17.0
-1,-126.40285288042348,16.237542546296268,60.0,67.68,58.722852880423474,24.0
-1,-95.30334096515446,12.578028814814807,43.0,50.01600000000001,45.28734096515445,23.0
-1,-104.42110474371395,14.18631195833334,41.0,48.384000000000015,56.037104743713954,20.0
-1,-101.5132268298414,18.52105006944441,57.0,63.55200000000003,37.96122682984136,19.0
-1,-91.51979260974969,16.83410807870369,48.0,51.84000000000001,39.67979260974968,20.0
-1,-122.04645464072657,15.919840365740727,55.0,61.824000000000034,60.22245464072651,26.0
-1,-111.51553242457588,12.445218319444445,48.0,55.68000000000002,55.83553242457586,22.0
-1,-99.78291225593058,12.732500537037035,57.0,62.59200000000002,37.19091225593056,21.0
-1,-105.61406135820212,13.890583796296289,55.0,65.66400000000003,39.95006135820208,18.0
-1,-98.39756987181924,15.098333958333342,49.0,50.112000000000016,48.285569871819206,19.0
-1,-95.33410539821996,13.148897226851831,60.0,60.57600000000003,34.75810539821993,18.0
-1,-87.09894461576145,12.178981597222224,42.0,55.680000000000014,31.41894461576144,18.0
-1,-116.46882490243192,18.038283731481407,72.0,67.39200000000002,49.076824902431895,24.0
-1,-114.20944947625608,19.930167583333297,68.0,68.44800000000002,45.76144947625605,21.0
-1,-103.54514364594718,13.36157869444446,51.0,49.44000000000002,54.105143645947166,24.0
-1,-121.39208865778568,14.251203388888872,76.0,88.80000000000003,32.59208865778566,19.0
-1,-107.14643416566555,14.283146726851855,49.0,60.38400000000002,46.76243416566553,21.0
-1,-109.43171726928732,16.92196686574071,76.0,79.48800000000003,29.943717269287287,19.0
-1,-162.68371488475847,17.57528119444441,84.0,104.73600000000005,57.94771488475842,21.0
-1,-109.64262629963105,16.935425722222206,56.0,52.224000000000025,57.418626299631015,23.0
-1,-94.69209764935364,17.560147685185186,51.0,50.01600000000001,44.67609764935363,19.0
-1,-97.99907208366416,14.657925458333304,43.0,57.88800000000002,40.11107208366413,22.0
-1,-133.95149980186852,14.96315667592592,91.0,101.088,32.86349980186853,19.0
-1,-93.55023863141496,12.61310720370372,45.0,54.240000000000016,39.31023863141496,19.0
-1,-88.55424462242385,15.074713407407396,44.0,53.37600000000002,35.17824462242384,17.0
-1,-116.5196888496485,17.25526409259255,68.0,69.79200000000003,46.72768884964847,21.0
-1,-98.8934535091802,10.751582370370356,50.0,57.40800000000003,41.48545350918016,21.0
-1,-100.44373569974364,15.719856518518526,68.0,76.41600000000003,24.02773569974362,15.0
-1,-90.19902937286676,13.454107685185178,50.0,57.40800000000001,32.79102937286675,19.0
-1,-103.924219725964,20.024422347222178,64.0,67.77600000000002,36.14821972596397,15.0
-1,-92.2281503561688,17.690865749999983,55.0,58.656000000000034,33.57215035616876,19.0
-1,-94.50039665039895,18.099703597222184,52.0,48.76800000000002,45.73239665039895,19.0
-1,-102.9093578094832,12.492232300925927,55.0,55.00800000000002,47.90135780948319,22.0
-1,-96.70842910616072,13.11179415277778,60.0,63.26400000000002,33.44442910616068,20.0
-1,-127.96026378376168,14.884390939814804,60.0,79.68000000000004,48.28026378376165,20.0
-1,-102.76471899698431,15.746091745370368,64.0,63.648000000000025,39.11671899698429,21.0
-1,-133.2410328698221,18.21205395833325,77.0,91.10400000000004,42.13703286982207,20.0
-1,-97.35356670716791,13.590945152777778,50.0,64.03200000000002,33.32156670716789,17.0
-1,-109.07402634281016,17.31704811574069,55.0,57.02400000000002,52.05002634281014,20.0
-1,-116.00332188980812,14.936507782407386,47.0,59.42400000000003,56.57932188980809,23.0
-1,-89.58497604407955,14.938997310185194,50.0,55.00800000000001,34.57697604407954,21.0
-1,-107.63725349082785,12.481028986111104,51.0,59.712000000000025,47.92525349082781,23.0
-1,-100.67712494580802,15.354804583333314,45.0,56.256000000000014,44.421124945808,20.0
-1,-93.64518524448148,10.679987402777783,38.0,47.23200000000001,46.41318524448147,23.0
-1,-72.69387835840305,18.66532001388888,38.0,41.37600000000001,31.317878358403046,15.0
-1,-127.67789927823404,20.934265152777694,70.0,78.14400000000005,49.533899278234,20.0
-1,-109.78570739155931,13.23423232407407,50.0,53.47200000000003,56.313707391559305,25.0
-1,-127.02279096733932,16.930904092592527,61.0,71.23200000000003,55.79079096733928,22.0
-1,-106.763792760843,18.564649393518494,57.0,67.58400000000002,39.17979276084297,15.0
-1,-81.44341012245273,12.365733629629654,50.0,53.760000000000026,27.683410122452702,17.0
-1,-109.66968273812512,17.11907487037034,54.0,64.60800000000003,45.061682738125086,21.0
-1,-94.78512422544368,12.538686074074072,43.0,52.03200000000001,42.75312422544366,20.0
-1,-106.42413322528787,16.25569018055552,56.0,60.48000000000002,45.94413322528787,20.0
-1,-97.65275859782426,15.178959620370366,54.0,59.32800000000002,38.32475859782424,17.0
-1,-89.2138020934157,12.616544222222236,41.0,43.20000000000001,46.01380209341568,22.0
-1,-109.29027214284083,16.959922402777725,57.0,66.62400000000002,42.666272142840825,21.0
-1,-102.24162586750398,16.287289625000014,62.0,57.50400000000001,44.737625867503965,20.0
-1,-118.02914365434432,14.768771208333344,47.0,61.15200000000002,56.87714365434431,21.0
-1,-109.6616703529314,16.961874462962903,53.0,60.38400000000002,49.27767035293138,21.0
-1,-91.49202777745322,14.747789226851856,51.0,55.20000000000003,36.29202777745318,20.0
-1,-108.4946992511128,16.953791504629624,60.0,68.25600000000004,40.23869925111276,19.0
-1,-91.88403362568778,15.950784342592607,63.0,65.76000000000002,26.12403362568775,15.0
-1,-94.5647065059504,9.808272194444458,52.0,58.75200000000002,35.812706505950395,21.0
-1,-104.80353151764167,15.328491064814829,50.0,54.91200000000002,49.89153151764166,22.0
-1,-102.67801853102424,19.682937370370325,51.0,51.84000000000002,50.83801853102423,18.0
-1,-87.05184409452605,17.329691907407387,44.0,47.32800000000001,39.72384409452605,18.0
-1,-101.80076951933556,14.524551074074049,49.0,55.58400000000002,46.216769519335536,20.0
-1,-101.8727216713852,15.944713157407405,47.0,54.81600000000002,47.05672167138518,20.0
-1,-99.82019021417808,15.429466069444423,50.0,63.93600000000004,35.88419021417803,18.0
-1,-95.55913484610026,17.373794712962948,65.0,69.50400000000003,26.055134846100227,16.0
-1,-112.58667609759168,18.833972231481475,76.0,70.84800000000004,41.73867609759164,19.0
-1,-102.74697940800496,18.266427185185165,51.0,66.91200000000003,35.83497940800492,17.0
-1,-86.59622781109275,16.422216537037013,43.0,53.47200000000002,33.12422781109273,15.0
-1,-101.23375074656931,15.614077157407364,52.0,56.73600000000002,44.49775074656929,23.0
-1,-91.27831293950824,14.1618165648148,45.0,57.40800000000002,33.87031293950822,18.0
-1,-108.0988649830086,10.968898560185188,49.0,60.86400000000002,47.23486498300859,23.0
-1,-96.03856231130374,17.01000487962963,53.0,54.52800000000001,41.51056231130373,18.0
-1,-118.95312608865164,18.54280391666659,62.0,69.31200000000003,49.64112608865162,24.0
-1,-108.8979188410584,16.9416196944444,50.0,60.96000000000002,47.93791884105839,18.0
-1,-106.8955681090502,15.44093735648147,67.0,72.76800000000003,34.12756810905016,18.0
-1,-110.78754564922411,20.16838145370368,73.0,80.16000000000004,30.62754564922409,14.0
-1,-94.36600148444955,12.07924880092592,50.0,53.184000000000005,41.182001484449565,22.0
-1,-122.1475404062647,17.095207083333296,93.0,96.86400000000005,25.283540406264663,16.0
-1,-119.71264628138076,18.930536939814804,95.0,92.35200000000002,27.36064628138076,17.0
-1,-97.15630052233242,12.254180231481492,40.0,42.52800000000001,54.6283005223324,23.0
-1,-103.24452005571202,13.56166790277776,70.0,81.69600000000004,21.54852005571198,14.0
-1,-104.73232181939755,18.078294694444363,55.0,63.07200000000004,41.66032181939753,20.0
-1,-92.43917891821896,13.202505175925936,36.0,36.48000000000001,55.95917891821896,21.0
-1,-105.5728030397955,12.117077490740732,57.0,68.92800000000003,36.64480303979547,18.0
-1,-90.05912685552613,19.608520893518524,56.0,56.64000000000003,33.41912685552611,16.0
-1,-106.39322846260926,12.272577685185173,55.0,65.18400000000003,41.20922846260923,23.0
-1,-95.48172175282008,14.353525555555578,53.0,59.61600000000002,35.865721752820065,16.0
-1,-108.05557067122292,16.92939840740739,59.0,54.91200000000003,53.14357067122288,19.0
-1,-121.70592243257084,17.934484425925902,68.0,68.92800000000003,52.77792243257081,21.0
-1,-100.75851026007231,16.743638837962955,49.0,57.69600000000002,43.0625102600723,22.0
-1,-127.3114159986832,19.86360732407397,72.0,84.00000000000004,43.311415998683145,19.0
-1,-76.71387683795012,12.295160481481478,48.0,47.23200000000002,29.481876837950107,18.0
-1,-107.57595118276042,17.60111150462961,58.0,55.87200000000003,51.70395118276039,22.0
-1,-99.19921988430312,20.156930953703668,58.0,66.14400000000003,33.05521988430308,16.0
-1,-80.32241540294092,18.63709493981481,39.0,48.00000000000003,32.3224154029409,15.0
-1,-115.76006155591614,14.786168583333328,50.0,61.92000000000003,53.84006155591611,24.0
-1,-73.91785034125007,14.980830958333325,49.0,50.20800000000002,23.709850341250057,15.0
-1,-88.79552383689823,15.474206912037042,63.0,62.016000000000034,26.779523836898196,16.0
-1,-76.46589302344478,13.84398631481482,37.0,42.81600000000002,33.64989302344477,18.0
-1,-105.8475948765878,13.520780745370352,58.0,60.19200000000002,45.65559487658778,24.0
-1,-78.15314860422504,18.17359459259258,52.0,50.78400000000002,27.369148604225018,16.0
-1,-98.68375791920118,15.899889490740703,50.0,59.61600000000003,39.06775791920116,21.0
-1,-101.8763147878402,17.223208138888868,61.0,63.55200000000004,38.32431478784015,16.0
-1,-88.13912876199036,11.731119124999994,49.0,55.48800000000002,32.65112876199034,19.0
-1,-112.33407919022004,15.316075620370372,54.0,57.69600000000002,54.63807919022002,23.0
-1,-86.09784329464048,13.164744060185166,42.0,50.11200000000001,35.98584329464047,19.0
-1,-99.26749303704432,17.042406472222204,59.0,60.000000000000014,39.26749303704432,19.0
-1,-104.9870403085344,16.18001849074071,51.0,57.98400000000002,47.003040308534366,21.0
-1,-86.24851001107506,12.77268084722221,44.0,56.16000000000002,30.088510011075037,16.0
-1,-147.85042911925547,13.42046347685184,62.0,77.47200000000004,70.37842911925543,27.0
-1,-85.41854874352781,12.755275134259254,40.0,46.56000000000002,38.85854874352779,19.0
-1,-78.46819573270855,11.163362754629636,35.0,35.80800000000001,42.660195732708544,23.0
-1,-107.02245041656326,19.49455408333325,59.0,69.69600000000003,37.326450416563226,18.0
-1,-101.8229713524416,14.34166556481483,55.0,55.87200000000002,45.950971352441584,24.0
-1,-139.14968184957263,13.571767907407388,58.0,78.43200000000003,60.717681849572585,22.0
-1,-100.6297626263464,19.38282141666664,63.0,59.52000000000002,41.10976262634637,18.0
-1,-106.84739778886497,17.296178842592578,50.0,60.76800000000003,46.07939778886494,18.0
-1,-90.07917890316608,15.275839782407406,52.0,55.00800000000002,35.07117890316606,18.0
-1,-91.5180625737449,17.660710592592572,58.0,60.576,30.94206257374489,17.0
-1,-102.39438036816696,18.703270745370297,50.0,57.79200000000003,44.60238036816694,22.0
-1,-105.50392489415194,17.004334472222215,59.0,64.32000000000002,41.18392489415191,21.0
-1,-117.32151729326756,16.952966416666627,62.0,67.96800000000003,49.35351729326753,22.0
-1,-162.23770666751503,19.59546891203696,89.0,100.41600000000004,61.82170666751498,25.0
-1,-104.9435781834178,18.22992720370368,48.0,56.928000000000026,48.01557818341778,20.0
-1,-97.86308816184354,14.436012935185184,52.0,55.48800000000002,42.37508816184352,22.0
-1,-110.37803596091068,18.63839507407403,64.0,72.0,38.37803596091068,18.0
-1,-94.82157145513666,20.937455574074026,54.0,56.64000000000003,38.18157145513664,18.0
-1,-94.7701402197205,15.609888240740744,46.0,51.93600000000002,42.83414021972048,22.0
-1,-91.17697369329062,13.114436310185177,43.0,48.000000000000014,43.176973693290606,21.0
-1,-78.02296928600347,24.272838129629637,60.0,58.368000000000016,19.65496928600345,11.0
-1,-157.65652522040844,20.499618217592516,78.0,103.20000000000006,54.45652522040839,21.0
-1,-94.7820056146753,18.245007087962943,58.0,69.79200000000002,24.990005614675287,12.0
-1,-84.05602473668773,23.51549797685181,58.0,52.896000000000015,31.16002473668772,14.0
-1,-91.28411033201874,18.816925666666616,57.0,58.75200000000002,32.53211033201873,20.0
-1,-77.40571684532568,15.97903116666666,56.0,49.63200000000002,27.77371684532566,19.0
-1,-88.39015923321432,11.257367745370384,43.0,48.0,40.39015923321432,24.0
-1,-85.35257967031177,9.321929976851855,53.0,48.67200000000001,36.68057967031176,23.0
-1,-91.09136883867932,16.563800740740692,49.0,55.29600000000002,35.79536883867932,16.0
-1,-114.0894122663042,16.712547092592573,74.0,73.82400000000004,40.26541226630415,21.0
-1,-102.51363929501548,14.138778740740728,51.0,58.84800000000003,43.66563929501544,22.0
-1,-87.30641468391188,13.771766055555537,51.0,50.88000000000002,36.426414683911865,21.0
-1,-99.9994076921949,19.944537124999947,56.0,65.76000000000002,34.239407692194874,17.0
-1,-126.8005184116806,18.789738374999928,72.0,67.39200000000002,59.40851841168057,23.0
-1,-114.76606003067675,14.485536606481476,57.0,60.76800000000002,53.99806003067674,24.0
-1,-92.92875876584284,12.478097537037025,39.0,53.472000000000016,39.45675876584284,18.0
-1,-111.99487604925368,13.727184749999994,68.0,75.55200000000002,36.44287604925368,20.0
-1,-113.0194082210316,17.0084782083333,58.0,65.76000000000003,47.25940822103157,21.0
-1,-97.61587879097011,18.814920254629605,55.0,61.82400000000002,35.7918787909701,18.0
-1,-86.87145337805347,13.896855240740749,38.0,45.69600000000001,41.17545337805346,18.0
-1,-107.60157148514752,14.587567990740729,54.0,63.456,44.14557148514752,21.0
-1,-112.80376981153348,17.428455999999954,65.0,70.46400000000004,42.33976981153344,21.0
-1,-92.81588437958708,13.54587449999999,40.0,51.552000000000014,41.26388437958708,20.0
-1,-92.44299404008412,14.725968740740733,50.0,54.048000000000016,38.39499404008411,21.0
-1,-96.1903953838277,18.4268571759259,60.0,61.34400000000003,34.84639538382768,15.0
-1,-108.87747832951192,17.475597041666656,51.0,43.39200000000002,65.4854783295119,20.0
-1,-113.2919595882191,15.659136430555524,49.0,66.24000000000002,47.05195958821907,24.0
-1,-133.59742106450676,16.8749749583333,74.0,88.60800000000005,44.98942106450673,20.0
-1,-124.098972730854,15.136283861111108,78.0,74.20800000000003,49.89097273085397,20.0
-1,-85.08832453724438,15.796146337962938,43.0,43.00800000000001,42.08032453724436,22.0
-1,-106.53175425741225,14.437397615740752,39.0,51.36000000000002,55.17175425741222,22.0
-1,-94.92890018468684,18.935287148148134,54.0,54.14400000000003,40.78490018468683,19.0
-1,-107.85363751826668,14.58592681944441,50.0,52.70400000000002,55.14963751826664,23.0
-1,-117.34507763001707,17.652089898148102,83.0,76.60800000000003,40.73707763001703,20.0
-1,-104.06016978494284,17.409267666666643,54.0,51.55200000000002,52.50816978494281,22.0
-1,-88.4778062602334,16.707325351851843,53.0,51.552000000000014,36.92580626023338,18.0
-1,-112.30759914075868,18.224155907407376,70.0,77.76000000000003,34.54759914075863,19.0
-1,-105.33908250992488,15.079722634259236,51.0,59.61600000000002,45.72308250992487,23.0
-1,-87.69869046204494,15.351150212962976,58.0,54.52800000000002,33.17069046204491,19.0
-1,-114.30820579905642,21.03216737499993,74.0,74.40000000000003,39.90820579905638,20.0
-1,-98.37820966212914,20.17255520370369,55.0,58.17600000000003,40.20220966212911,20.0
-1,-104.84993305975595,15.978987314814788,61.0,68.92800000000003,35.92193305975594,16.0
-1,-102.29689453404669,15.621757504629612,53.0,48.48000000000002,53.816894534046654,23.0
-1,-97.1620170363508,17.6130588611111,48.0,50.59200000000001,46.570017036350784,22.0
-1,-113.95518040658864,15.9310514212963,49.0,52.416000000000025,61.53918040658862,22.0
-1,-84.87667327876295,10.025636300925935,41.0,39.84000000000001,45.03667327876295,23.0
-1,-90.49068514778016,17.72463683333333,50.0,62.78400000000002,27.706685147780146,14.0
-1,-74.78283443211672,12.845146648148136,38.0,43.87200000000001,30.91083443211671,17.0
-1,-83.16007246232594,11.531881287037043,42.0,46.56,36.60007246232595,20.0
-1,-101.26634440377568,17.499659939814812,46.0,60.19200000000004,41.07434440377565,16.0
-1,-84.88313385767283,15.086086782407412,65.0,53.95200000000003,30.931133857672805,19.0
-1,-85.62719011950895,11.790781268518511,38.0,44.16000000000001,41.46719011950895,22.0
-1,-81.07324891974774,9.37680752314815,44.0,59.42400000000003,21.649248919747716,10.0
-1,-77.57851484665863,11.077799171296284,45.0,51.55200000000002,26.026514846658618,16.0
-1,-86.33983600845212,14.026090902777756,54.0,58.65600000000003,27.683836008452097,17.0
-1,-102.43831281333502,19.94432059722219,55.0,58.46400000000002,43.97431281333501,18.0
-1,-88.29990655463664,15.016922439814808,40.0,47.32800000000001,40.97190655463662,18.0
-1,-81.97742461967474,9.282768884259262,44.0,55.00800000000001,26.96942461967472,16.0
-1,-110.16007989723444,14.56942975000001,55.0,55.48800000000003,54.672079897234426,24.0
-1,-122.37397417951844,15.738998231481483,59.0,61.92000000000003,60.45397417951839,24.0
-1,-107.04282488527323,18.63307938888884,54.0,58.84800000000001,48.19482488527322,19.0
-1,-147.1969131363227,22.123053027777736,120.0,129.40800000000007,17.788913136322634,10.0
-1,-94.15004201553708,15.107074407407383,52.0,58.56000000000002,35.59004201553706,20.0
-1,-95.41285433413002,13.253026374999994,41.0,52.608,42.80485433413001,19.0
-1,-104.8382924796504,20.144300208333284,58.0,60.48000000000003,44.35829247965037,19.0
-1,-105.78368322200286,12.378537125,48.0,58.368000000000016,47.41568322200285,23.0
-1,-97.84187383057912,19.93562636111106,55.0,62.592000000000034,35.24987383057909,19.0
-1,-93.8289788985452,15.69918553703705,45.0,46.27200000000002,47.55697889854518,20.0
-1,-90.86774123436273,13.125974486111112,45.0,57.40800000000003,33.45974123436269,15.0
-1,-110.98808222934656,16.942204217592575,61.0,67.39200000000004,43.59608222934653,21.0
-1,-138.38839864854492,15.311835907407383,61.0,97.15200000000006,41.23639864854485,21.0
-1,-110.0470749861134,16.71448262499999,55.0,54.81600000000002,55.23107498611336,21.0
-1,-102.78895533642046,18.861435199074027,57.0,55.20000000000002,47.58895533642043,21.0
-1,-106.38123530017552,17.45758754629629,63.0,68.06400000000004,38.31723530017548,16.0
-1,-76.02651513094065,12.843064925925924,43.0,41.760000000000005,34.266515130940654,19.0
-1,-100.45651909315954,18.93006584722221,63.0,66.62400000000004,33.832519093159505,17.0
-1,-87.56958917738218,15.141182013888868,40.0,48.384000000000015,39.18558917738217,19.0
-1,-87.19368672581587,16.402365527777746,47.0,57.312000000000026,29.881686725815847,15.0
-1,-80.60763366144596,13.580573416666642,50.0,51.936000000000014,28.671633661445952,19.0
-1,-95.53543772971209,12.39903099074074,48.0,52.320000000000014,43.21543772971206,20.0
-1,-86.20682271997373,15.370453013888866,44.0,50.88000000000002,35.3268227199737,19.0
-1,-101.55418825412352,17.196845921296227,56.0,71.71200000000003,29.84218825412349,15.0
-1,-117.5048988247298,16.850116606481432,65.0,69.21600000000004,48.28889882472976,24.0
-1,-84.36046319022357,10.751538388888893,52.0,49.63200000000002,34.72846319022355,23.0
-1,-94.51389656874424,11.39007235648149,51.0,51.93600000000003,42.57789656874421,23.0
-1,-125.58446564370227,20.344278703703637,51.0,61.44000000000003,64.14446564370225,22.0
-1,-104.40887888739935,16.043956263888866,58.0,65.85600000000004,38.55287888739934,19.0
-1,-80.64488252660716,13.54455574999998,52.0,51.552000000000014,29.09288252660715,13.0
-1,-79.67625919320815,10.408570388888888,39.0,44.448000000000015,35.22825919320813,22.0
-1,-98.89111848587058,13.75600572685186,45.0,44.64000000000001,54.25111848587056,22.0
-1,-100.260568777191,17.176645439814784,59.0,53.85600000000001,46.404568777191,21.0
-1,-94.8804319834708,14.984786245370342,40.0,44.064000000000014,50.81643198347078,22.0
-1,-109.12325905699949,18.020449342592567,61.0,65.28000000000003,43.84325905699945,21.0
-1,-125.2254249896734,18.7499048842592,59.0,68.54400000000003,56.68142498967338,21.0
-1,-94.68490620996464,13.885745777777776,45.0,47.808000000000014,46.876906209964645,21.0
-1,-105.32930428598246,17.561287611111087,48.0,57.12000000000002,48.209304285982434,19.0
-1,-92.53398561034324,16.62344899999998,44.0,51.16800000000001,41.365985610343245,16.0
-1,-97.70005972701136,20.0204168379629,61.0,55.87200000000003,41.82805972701132,21.0
-1,-94.5119152078595,21.03101761574072,53.0,56.64000000000002,37.87191520785948,18.0
-1,-115.27701157519462,18.65727180555545,54.0,70.17600000000003,45.10101157519459,22.0
-1,-65.91350485919001,11.116217393518513,35.0,43.872000000000014,22.041504859189995,15.0
-1,-119.77938800390862,18.815880611111066,67.0,71.04000000000003,48.73938800390859,22.0
-1,-101.24798691893896,15.661841023148147,48.0,53.08800000000002,48.15998691893893,21.0
-1,-90.5486804679901,21.130917930555487,55.0,52.608000000000025,37.94068046799006,19.0
-1,-100.83620482984146,13.232366824074075,40.0,44.928,55.90820482984146,21.0
-1,-123.01513187565332,19.717845986111087,87.0,96.86400000000005,26.151131875653277,15.0
-1,-94.53967716821924,14.649273620370366,46.0,55.39200000000002,39.14767716821923,19.0
-1,-73.90289649024726,13.71731763425925,48.0,47.71200000000001,26.190896490247248,17.0
-1,-93.51800536631728,14.21962456018518,45.0,53.28000000000002,40.23800536631727,20.0
-1,-105.7733496953638,20.07316012962957,68.0,62.49600000000002,43.27734969536378,22.0
-1,-104.85630799086336,13.78515647685185,53.0,62.40000000000002,42.456307990863344,18.0
-1,-92.88813348025565,15.627834824074068,44.0,57.120000000000026,35.76813348025561,16.0
-1,-110.8199575467654,17.215666421296255,77.0,73.82400000000003,36.99595754676539,22.0
-1,-91.41695796660235,13.370414634259252,60.0,55.87200000000002,35.544957966602325,22.0
-1,-88.9562238645936,14.36520562037037,48.0,53.664000000000016,35.29222386459359,22.0
-1,-116.96345442850676,19.41666351388883,57.0,59.32800000000002,57.63545442850674,22.0
-1,-95.43118587291396,14.007437245370362,41.0,50.78400000000001,44.647185872913965,22.0
-1,-100.9672758622771,19.743760949074044,61.0,65.37600000000003,35.59127586227707,18.0
-1,-104.761420577027,17.522804347222166,66.0,69.60000000000002,35.16142057702699,19.0
-1,-94.23912173647082,16.184441398148127,48.0,56.448000000000015,37.7911217364708,18.0
-1,-78.92083378987584,11.40457087962962,49.0,54.048000000000016,24.872833789875823,17.0
-1,-83.3736007503729,18.05800270833333,54.0,55.68000000000003,27.69360075037288,14.0
-1,-96.02945683137162,15.645870787037028,45.0,51.55200000000002,44.47745683137159,23.0
-1,-91.6318227225049,13.24713269907407,35.0,45.40800000000001,46.22382272250488,25.0
-1,-93.53995692975856,16.25953436574072,58.0,57.98400000000002,35.55595692975855,19.0
-1,-101.17885911050205,20.41278837962955,74.0,74.40000000000003,26.778859110502,15.0
-1,-84.75812954502217,13.909070291666652,43.0,57.984000000000016,26.77412954502216,16.0
-1,-92.96898434627356,12.656289254629614,51.0,52.03200000000001,40.93698434627355,21.0
-1,-91.06463431331883,17.34743751388884,50.0,60.096000000000025,30.968634313318805,20.0
-1,-94.12986115987916,13.018454398148153,49.0,53.37600000000002,40.75386115987916,23.0
-1,-91.58801000193222,12.494291046296285,49.0,56.352000000000025,35.2360100019322,22.0
-1,-91.81437299888674,15.644943777777776,45.0,49.05600000000002,42.75837299888671,19.0
-1,-90.01538878571222,14.027883319444422,48.0,57.024000000000015,32.9913887857122,19.0
-1,-127.17544185126336,17.821977976851795,79.0,72.96000000000004,54.21544185126334,25.0
-1,-104.66318889546048,14.252524101851836,55.0,63.93600000000002,40.72718889546046,19.0
-1,-88.39676500268041,15.292715379629612,54.0,51.936000000000014,36.4607650026804,20.0
-1,-92.77703962564358,17.860630666666637,57.0,60.48000000000003,32.29703962564355,20.0
-1,-96.71299185689637,18.024532236111053,66.0,65.95200000000001,30.76099185689634,16.0
-1,-84.48892851428593,11.992660916666656,34.0,48.48000000000001,36.00892851428592,20.0
-1,-103.31704076064209,12.741352958333318,63.0,77.37600000000003,25.941040760642043,17.0
-1,-95.2089253695057,14.41791158333334,47.0,49.728000000000016,45.48092536950569,19.0
-1,-117.46990495016672,19.79173087499992,80.0,73.82400000000004,43.64590495016668,23.0
-1,-94.14733033785171,17.493245689814792,51.0,57.21600000000003,36.93133033785168,21.0
-1,-93.80572647192396,18.71083908796294,51.0,60.672000000000025,33.13372647192393,19.0
-1,-87.6795728695103,19.72194310648144,50.0,57.12000000000002,30.55957286951028,16.0
-1,-105.6447337225793,20.210119407407333,58.0,58.75200000000002,46.89273372257929,21.0
-1,-93.2578253307295,11.974590995370344,46.0,57.60000000000002,35.65782533072947,20.0
-1,-87.38612713788277,21.81195120370365,60.0,56.928000000000026,30.458127137882745,18.0
-1,-99.9051219014559,17.699650708333305,58.0,60.76800000000002,39.13712190145588,22.0
-1,-113.29484694402686,15.593830064814783,45.0,58.84800000000002,54.44684694402684,25.0
-1,-76.3760988557179,13.749851199074064,48.0,54.43200000000001,21.94409885571789,14.0
-1,-90.28142680944026,13.89375576851852,51.0,53.95200000000003,36.32942680944024,21.0
-1,-88.19497526927964,16.705599874999987,45.0,53.85600000000002,34.338975269279615,16.0
-1,-108.2910235854084,15.228247800925908,60.0,61.53600000000004,46.75502358540835,24.0
-1,-75.69287107089124,13.321665796296282,45.0,49.82400000000001,25.86887107089124,16.0
-1,-112.87364573102856,17.787357564814798,72.0,70.36800000000005,42.50564573102851,23.0
-1,-86.71554635290568,14.268705972222223,43.0,47.616000000000014,39.099546352905655,19.0
-1,-96.40201588536247,12.513817875,44.0,52.60800000000002,43.79401588536247,22.0
-1,-112.86862705434336,19.86812574999992,62.0,72.19200000000005,40.67662705434332,21.0
-1,-98.816927669229,12.652818555555545,66.0,70.08000000000003,28.736927669228955,16.0
-1,-90.61809486382016,16.760968226851844,46.0,55.58400000000002,35.03409486382013,19.0
-1,-115.2832278746006,18.825398421296303,71.0,76.89600000000003,38.38722787460058,18.0
-1,-97.62237716256212,11.953461462962956,56.0,58.27200000000002,39.35037716256211,22.0
-1,-87.87648871467388,16.113123930555563,55.0,58.176000000000016,29.70048871467386,19.0
-1,-89.09676319316269,12.089526361111108,52.0,59.71200000000003,29.38476319316266,18.0
-1,-108.36770649079573,12.411296749999996,54.0,61.92000000000003,46.44770649079568,23.0
-1,-81.7055319628986,14.473723851851856,54.0,47.90400000000002,33.801531962898586,20.0
-1,-106.8273412946103,16.022662731481443,68.0,72.96000000000002,33.86734129461029,17.0
-1,-87.72173174034268,16.6484733148148,60.0,52.224,35.497731740342665,18.0
-1,-101.13784012746764,15.831524884259236,60.0,61.15200000000002,39.9858401274676,20.0
-1,-95.68420210037768,15.132653347222211,56.0,62.11200000000002,33.572202100377666,19.0
-1,-87.70506761592894,16.63903441203704,52.0,56.16000000000002,31.545067615928925,17.0
-1,-104.26016600747958,16.729126449074034,68.0,63.840000000000025,40.42016600747956,22.0
-1,-105.0134887846037,20.259741967592536,61.0,64.41600000000003,40.59748878460367,20.0
-1,-116.95241538888872,16.613223597222238,81.0,87.26400000000004,29.68841538888869,17.0
-1,-107.09508163024842,17.33689161111108,60.0,61.34400000000003,45.75108163024838,19.0
-1,-95.13407960844216,15.864743648148126,52.0,56.73600000000001,38.39807960844215,19.0
-1,-107.65773887454824,18.07068944444441,66.0,71.80800000000004,35.84973887454821,19.0
-1,-106.430066301878,16.72839870370368,57.0,67.39200000000002,39.03806630187797,21.0
-1,-98.2895190130435,18.89979563425924,55.0,58.84800000000003,39.44151901304347,20.0
-1,-77.22865464565345,15.533743374999984,50.0,58.46400000000003,18.764654645653422,12.0
-1,-80.43216011289698,14.708087675925915,50.0,52.32000000000001,28.11216011289697,18.0
-1,-74.12908539589135,17.027309555555536,56.0,53.37600000000002,20.753085395891333,14.0
-1,-97.25545871366565,22.645380583333267,81.0,67.87200000000003,29.38345871366562,17.0
-1,-82.71177706654088,16.733143208333306,57.0,55.10400000000002,27.60777706654085,16.0
-1,-98.67162486145588,19.12680976388882,59.0,65.95200000000003,32.71962486145586,17.0
-1,-99.04340476531488,19.466375810185177,49.0,59.42400000000004,39.61940476531484,19.0
-1,-94.96773015902994,13.29714655092592,58.0,57.21600000000003,37.75173015902991,23.0
-1,-85.43571362759373,19.40638691666664,55.0,57.69600000000001,27.73971362759372,16.0
-1,-71.9550411177755,15.751067532407385,46.0,43.872000000000014,28.083041117775487,18.0
-1,-105.93170013959131,17.074716962962928,56.0,55.968000000000025,49.96370013959131,25.0
-1,-102.29416474706548,15.629213629629612,58.0,61.15200000000002,41.14216474706546,19.0
-1,-96.60935800345248,16.84461056944442,60.0,57.88800000000002,38.72135800345246,19.0
-1,-106.30110726144416,19.70674070370368,72.0,73.34400000000002,32.957107261444136,18.0
-1,-140.55476373924853,19.2190120694444,104.0,114.62400000000008,25.930763739248462,15.0
-1,-106.2186696792024,21.419132763888832,64.0,67.48800000000003,38.73066967920239,20.0
-1,-85.13544542523059,16.77214153703703,41.0,43.68,41.455445425230586,19.0
-1,-97.33342158073208,14.81285060185184,57.0,59.52000000000002,37.81342158073207,18.0
-1,-104.79387206928988,14.78612012037038,42.0,50.78400000000002,54.00987206928986,23.0
-1,-74.74197604083787,19.461872555555544,60.0,52.32000000000002,22.421976040837844,14.0
-1,-100.53940686241292,14.520725185185157,53.0,55.96800000000003,44.57140686241289,24.0
-1,-87.55407131114383,17.725760601851814,49.0,56.256000000000014,31.29807131114382,17.0
-1,-114.89897567662516,19.76681687499995,67.0,69.88800000000003,45.01097567662514,21.0
-1,-70.21954869711156,13.0514457824074,44.0,39.55200000000001,30.66754869711156,20.0
-1,-86.6692394577131,16.411969694444437,50.0,48.86400000000002,37.80523945771308,18.0
-1,-84.89577576741006,15.006441560185188,53.0,57.792000000000016,27.103775767410045,14.0
-1,-103.93316906320352,12.591768981481485,35.0,45.31200000000001,58.62116906320349,23.0
-1,-97.6902624379602,17.077257467592545,56.0,52.03200000000001,45.65826243796018,21.0
-1,-98.4142844252636,16.31740834722221,51.0,51.744000000000014,46.67028442526357,22.0
-1,-90.84058740664068,18.443237217592536,50.0,58.17600000000002,32.664587406640656,18.0
-1,-95.8333553352255,20.66751380092589,75.0,62.30400000000002,33.52935533522548,19.0
-1,-79.22987438738664,13.769413175925903,59.0,63.74400000000003,15.485874387386623,13.0
-1,-85.64207181838216,14.032217578703682,46.0,50.208000000000006,35.43407181838215,20.0
-1,-98.23891924182384,19.58784235185177,60.0,64.03200000000002,34.206919241823826,18.0
-1,-77.70934271226977,13.21002046759259,41.0,44.064000000000014,33.64534271226976,19.0
-1,-104.7723554681546,15.423036379629606,51.0,62.30400000000002,42.46835546815456,22.0
-1,-89.75199643822194,13.307232662037023,50.0,55.00800000000002,34.743996438221906,20.0
-1,-100.88240931592895,15.428844166666678,53.0,56.928000000000026,43.95440931592894,22.0
-1,-82.52569155216287,14.26133893518517,53.0,53.856000000000016,28.669691552162845,16.0
-1,-97.8034891216738,18.092095754629565,50.0,55.87200000000002,41.93148912167379,21.0
-1,-85.77679143257436,16.137725884259236,48.0,51.07200000000002,34.70479143257434,19.0
-1,-92.99319824966094,17.733444310185124,48.0,52.89600000000002,40.097198249660906,18.0
-1,-76.79870117258365,10.739753930555556,42.0,48.192000000000014,28.606701172583637,19.0
-1,-104.30295626372728,15.555690560185171,57.0,69.21600000000004,35.086956263727245,19.0
-1,-96.29131925394358,15.571000527777748,52.0,65.95200000000003,30.33931925394356,20.0
-1,-90.24343218091738,13.598317578703686,70.0,62.30400000000003,27.939432180917347,20.0
-1,-130.28460754307656,18.579912777777743,72.0,74.68800000000003,55.596607543076544,19.0
-1,-79.21265151415501,11.615363763888878,43.0,50.68800000000002,28.52465151415499,17.0
-1,-94.66994033892549,13.737208805555555,45.0,54.432000000000016,40.23794033892546,20.0
-1,-71.38922069257089,21.530750712962934,54.0,48.28800000000002,23.10122069257088,16.0
-1,-93.75837316664898,16.517364731481464,50.0,47.23200000000001,46.526373166648966,23.0
-1,-73.97522350835229,15.475753925925924,57.0,50.88000000000002,23.095223508352262,15.0
-1,-87.61331808086088,16.28405813888887,46.0,51.55200000000002,36.06131808086086,17.0
-1,-101.635374777758,22.024173749999957,67.0,64.22400000000002,37.41137477775799,17.0
-1,-102.0798900351782,14.655138847222224,46.0,58.65600000000003,43.423890035178175,23.0
-1,-83.97239712090465,10.3548989814815,53.0,46.94400000000001,37.02839712090464,21.0
-1,-90.82370902797032,14.226931078703696,49.0,60.48000000000003,30.34370902797028,17.0
-1,-97.4980630621286,18.400358638888864,61.0,55.20000000000003,42.29806306212857,22.0
-1,-88.16934942456828,17.084907726851846,48.0,53.47200000000002,34.697349424568266,18.0
-1,-96.76381068372322,15.67566277777776,60.0,56.44800000000002,40.31581068372319,23.0
-1,-99.84419431531865,17.521224675925865,59.0,58.84800000000001,40.99619431531863,22.0
-1,-89.88542872879064,19.41409503703698,55.0,61.82400000000003,28.061428728790617,15.0
-1,-106.13960626780852,20.404386958333284,74.0,70.27200000000003,35.86760626780848,18.0
-1,-85.93647985822557,10.15253872685186,45.0,44.256000000000014,41.68047985822556,22.0
-1,-98.94593011625736,16.981533842592548,55.0,63.93600000000003,35.00993011625733,19.0
-1,-88.2336180325501,14.97671667129629,53.0,55.39200000000002,32.84161803255008,19.0
-1,-106.52602706098024,13.593178694444438,45.0,56.54400000000002,49.982027060980215,21.0
-1,-120.33456134048856,20.06889393518512,69.0,75.16800000000005,45.16656134048851,19.0
-1,-88.88530264883792,11.049779458333342,44.0,48.57600000000002,40.30930264883789,21.0
-1,-79.4503323944526,17.428957356481472,50.0,53.08800000000001,26.36233239445259,15.0
-1,-88.31631915583966,14.812661402777763,55.0,51.26400000000002,37.052319155839655,17.0
-1,-97.12968128989648,13.989804555555578,59.0,58.08000000000002,39.049681289896455,19.0
-1,-84.72421099667801,22.14402560648148,64.0,61.72800000000003,22.996210996677984,15.0
-1,-114.00846728996056,20.97266794444439,76.0,67.96800000000003,46.040467289960525,20.0
-1,-88.9782429672395,14.78031849074074,57.0,52.224000000000025,36.75424296723947,21.0
-1,-108.10832697452668,12.982782754629625,52.0,61.92000000000003,46.18832697452665,24.0
-1,-103.39924519200838,18.29477122685182,57.0,58.84800000000003,44.551245192008345,17.0
-1,-107.5439437991376,16.525043384259213,73.0,77.85600000000005,29.68794379913756,18.0
-1,-93.55809445069376,13.703056462962962,57.0,67.29600000000002,26.262094450693752,18.0
-1,-84.72230067674204,13.131688486111104,33.0,47.424000000000014,37.29830067674202,19.0
-1,-111.68375102897778,15.953610583333306,63.0,75.55200000000004,36.13175102897775,21.0
-1,-85.49808819135333,19.50109468518517,47.0,53.568000000000005,31.93008819135332,13.0
-1,-96.73128025968911,13.215592527777794,53.0,56.73600000000002,39.99528025968911,21.0
-1,-88.73004085865838,18.141630310185143,68.0,62.68800000000002,26.04204085865836,16.0
-1,-97.38898696157196,19.29787405555552,53.0,61.05600000000003,36.33298696157192,16.0
-1,-90.98222071262978,17.933021402777733,65.0,68.35200000000002,22.630220712629768,16.0
-1,-80.4807424154552,14.686535847222226,43.0,50.016,30.4647424154552,16.0
-1,-103.95035497992082,16.436496273148155,60.0,66.72000000000001,37.2303549799208,18.0
-1,-89.10185286864649,18.83610956944444,54.0,61.440000000000026,27.661852868646456,15.0
-1,-89.31632357927313,14.757651981481466,62.0,53.66400000000002,35.65232357927312,19.0
-1,-90.14278261422596,13.19640643981482,47.0,50.20800000000002,39.93478261422592,22.0
-1,-105.06784092813274,18.99893206944436,61.0,67.58400000000003,37.4838409281327,19.0
-1,-92.45022097167016,13.75984512962962,50.0,47.424000000000014,45.02622097167015,23.0
-1,-89.41291574945254,13.5787234212963,47.0,50.40000000000002,39.01291574945252,20.0
-1,-89.76974195160588,21.301535907407324,53.0,55.968000000000025,33.80174195160585,19.0
-1,-128.6825294596146,25.642257425925845,85.0,79.48800000000003,49.19452945961455,19.0
-1,-94.72059509607972,16.652137314814794,60.0,55.96800000000002,38.75259509607971,22.0
-1,-88.64953712334693,14.946682972222211,54.0,55.29600000000002,33.353537123346904,20.0
-1,-88.24927782758067,17.647095023148115,57.0,63.07200000000003,25.17727782758065,15.0
-1,-83.76337276893842,16.31074660185183,59.0,55.29600000000002,28.467372768938407,21.0
-1,-76.69023188038503,18.60632385185185,54.0,60.09600000000001,16.594231880385014,11.0
-1,-108.88930267748424,18.463697537036985,65.0,64.70400000000002,44.18530267748422,21.0
-1,-87.83686740419756,13.819467578703684,45.0,50.304,37.53286740419757,22.0
-1,-116.84618071056764,18.846542976851776,62.0,70.17600000000003,46.67018071056761,21.0
-1,-120.33197112099452,23.665451013888838,108.0,91.39200000000004,28.93997112099448,17.0
-1,-89.14566882890236,12.6002928935185,45.0,55.29600000000001,33.84966882890235,21.0
-1,-96.91667611467344,20.623110458333297,61.0,56.544000000000025,40.37267611467343,20.0
-1,-92.05204334958644,26.61541449074067,66.0,67.00800000000002,25.044043349586417,14.0
-1,-101.09963778533503,18.95434704629628,50.0,73.15200000000003,27.947637785335026,15.0
-1,-95.98688688332034,19.01028443518517,61.0,62.40000000000002,33.58688688332032,17.0
-1,-82.15935280675595,14.501520370370372,47.0,55.68000000000002,26.47935280675593,17.0
-1,-96.07942849706708,18.885007324074053,67.0,65.47200000000002,30.607428497067048,18.0
-1,-93.60231461214006,17.546129986111072,60.0,58.94400000000003,34.65831461214003,19.0
-1,-94.3589059579441,17.67775864814814,51.0,53.95200000000003,40.40690595794407,18.0
-1,-107.79509500382892,14.647611472222229,68.0,65.56800000000001,42.22709500382891,19.0
-1,-86.13623579773378,20.62696916203701,57.0,51.26400000000002,34.87223579773375,19.0
-1,-77.11435499020494,12.152615870370354,48.0,47.616,29.498354990204945,19.0
-1,-98.54571655789272,15.017864509259237,67.0,79.39200000000007,19.15371655789267,12.0
-1,-88.72201265844707,17.794884703703694,67.0,65.66400000000003,23.058012658447044,15.0
-1,-90.26977593333368,22.52257698611109,69.0,61.44000000000001,28.82977593333368,15.0
-1,-107.4653730064307,18.996911013888877,59.0,62.11200000000003,45.353373006430665,19.0
-1,-90.23212822458558,12.172986273148153,48.0,55.488000000000014,34.74412822458556,21.0
-1,-71.8205653081367,14.189469300925891,40.0,51.84000000000001,19.98056530813668,14.0
-1,-81.6870198230444,22.776280398148103,69.0,67.10400000000004,14.583019823044348,9.0
-1,-89.95896872216952,18.386287435185174,53.0,52.60800000000001,37.3509687221695,19.0
-1,-103.46380529866336,15.04049356018516,44.0,58.75200000000002,44.71180529866335,20.0
-1,-91.3182653660203,15.443980180555531,51.0,61.824000000000034,29.494265366020265,16.0
-1,-103.13268355689856,17.04626662962962,62.0,66.144,36.98868355689856,22.0
-1,-94.12201930307464,21.214007097222197,55.0,57.98400000000002,36.13801930307461,19.0
-1,-109.85479086493864,17.02873815740738,70.0,71.32800000000003,38.52679086493862,21.0
-1,-110.3046575237222,22.11769673148141,67.0,76.41600000000004,33.88865752372217,17.0
-1,-84.77608061898565,16.993994175925888,62.0,65.28000000000003,19.49608061898561,13.0
-1,-100.77326072424805,20.724840939814733,69.0,63.26400000000003,37.50926072424802,19.0
-1,-97.41558715078456,20.83104279166658,77.0,69.31200000000003,28.10358715078454,18.0
-1,-72.09947298846913,14.889199412037012,51.0,55.29599999999999,16.803472988469146,12.0
-1,-86.48465499023813,15.042204143518529,42.0,48.57600000000001,37.90865499023812,21.0
-1,-102.65088011319575,19.47847342129624,62.0,71.04000000000003,31.610880113195737,20.0
-1,-102.51837821138383,16.235166374999967,59.0,62.68800000000003,39.83037821138381,20.0
-1,-98.62112998937332,17.571967203703696,58.0,61.44000000000001,37.1811299893733,19.0
-1,-82.11042980304447,10.599021171296302,50.0,46.27200000000001,35.83842980304446,22.0
-1,-84.48440925628793,13.626290310185183,53.0,47.71200000000001,36.77240925628792,20.0
-1,-95.61938450450832,15.829065282407385,63.0,65.85600000000001,29.76338450450831,19.0
-1,-97.11644771252529,18.255615185185157,62.0,63.55200000000004,33.56444771252525,18.0
-1,-82.88483488833668,12.185511842592575,51.0,57.21600000000001,25.66883488833668,15.0
-1,-87.48176336486054,15.87846592129628,49.0,64.128,23.353763364860548,14.0
-1,-101.01545630079,23.97481433333332,69.0,67.48800000000003,33.527456300789964,17.0
-1,-98.209861501,17.19058958796292,57.0,56.83200000000002,41.377861500999984,22.0
-1,-84.48102161706672,13.95922395370369,50.0,55.68000000000002,28.8010216170667,17.0
-1,-90.8362505118908,18.355532814814808,57.0,60.28800000000004,30.548250511890767,16.0
-1,-93.5357164834368,18.35967948611109,58.0,55.77600000000002,37.75971648343679,18.0
-1,-120.331788880759,19.375518972222174,76.0,80.92800000000004,39.40378888075896,23.0
-1,-86.77937910755963,18.42438282407404,58.0,64.12800000000001,22.651379107559613,14.0
-1,-105.62491007249682,20.291595037036977,60.0,69.12000000000002,36.504910072496806,17.0
-1,-96.86078661481658,18.697390249999973,57.0,59.71200000000002,37.14878661481656,20.0
-1,-103.76047759924803,14.808104990740736,56.0,57.98400000000003,45.77647759924802,23.0
-1,-99.53927494966588,14.138662601851852,49.0,54.62400000000002,44.91527494966584,21.0
-1,-94.72310182828184,21.85570196759255,68.0,65.18400000000001,29.53910182828184,16.0
-1,-79.76793146990957,17.380223597222187,58.0,61.344000000000015,18.423931469909547,13.0
-1,-86.09616429303375,16.711262824074073,52.0,47.71200000000001,38.38416429303374,21.0
-1,-89.96029872390017,10.79021558796295,51.0,52.12800000000002,37.83229872390015,22.0
-1,-81.97660421203163,14.67673504166665,49.0,60.00000000000003,21.976604212031603,13.0
-1,-94.6541126945235,21.80613260648142,63.0,61.53600000000003,33.118112694523475,16.0
-1,-84.84268313403194,18.427981574074018,52.0,57.69600000000002,27.14668313403192,16.0
-1,-125.17879175012554,18.94422581018509,67.0,89.18400000000005,35.994791750125486,21.0
-1,-79.59436377469666,19.27461659259259,50.0,52.416000000000025,27.17836377469664,14.0
-1,-83.13870115364747,13.174412856481474,51.0,58.56,24.57870115364748,17.0
-1,-77.12409520778805,16.24230142592591,63.0,63.74400000000003,13.380095207788017,10.0
-1,-91.38329156150726,16.8299800648148,60.0,60.57600000000003,30.80729156150724,19.0
-1,-87.58585970201565,14.278518754629635,54.0,57.79200000000001,29.793859702015645,18.0
-1,-94.4568981885422,14.548689916666635,54.0,59.13600000000001,35.320898188542195,22.0
-1,-90.90082566355905,13.863464749999991,52.0,55.48800000000003,35.412825663559005,20.0
-1,-89.03138823557879,20.409055537036974,50.0,61.440000000000026,27.59138823557877,16.0
-1,-111.59229636132444,16.550471268518475,59.0,71.71200000000003,39.8802963613244,23.0
-1,-84.98971631426248,14.716269675925917,48.0,46.65600000000001,38.33371631426247,21.0
-1,-87.48578973244075,18.68213841203701,54.0,56.352000000000025,31.133789732440725,19.0
-1,-92.13214018481726,19.0374148148148,54.0,62.40000000000002,29.73214018481724,15.0
-1,-83.561099483414,14.396191930555544,49.0,52.320000000000014,31.241099483413983,16.0
-1,-91.5779214663178,15.326659027777778,47.0,50.688,40.8899214663178,22.0
-1,-101.2208875492782,14.394267425925923,73.0,66.24000000000002,34.980887549278165,19.0
-1,-66.36912497478815,9.941749444444453,37.0,41.856,24.513124974788155,18.0
-1,-97.49809250921224,19.221496124999945,68.0,76.22400000000002,21.274092509212213,13.0
-1,-80.58540413187143,16.017412550925933,63.0,62.11200000000002,18.47340413187141,14.0
-1,-96.88248049744676,14.000251356481478,52.0,61.05600000000002,35.82648049744674,20.0
-1,-91.90683081663796,19.52843458333328,64.0,62.01600000000003,29.890830816637926,17.0
-1,-92.69094755310304,19.00183316666659,58.0,62.01600000000002,30.674947553103028,19.0
-1,-93.8941702205502,15.481988777777769,62.0,57.88800000000003,36.00617022055016,20.0
-1,-93.86104970244187,17.338184828703692,60.0,55.10400000000004,38.757049702441854,19.0
-1,-95.09816407231592,16.186571055555532,48.0,53.18400000000001,41.91416407231591,20.0
-1,-81.00211882166849,13.293601129629655,46.0,46.94400000000001,34.05811882166847,19.0
-1,-93.9385782532528,12.941427856481466,58.0,61.34400000000003,32.594578253252784,21.0
-1,-91.32642645112097,17.52936777314815,59.0,53.95200000000003,37.37442645112094,19.0
-1,-80.06414313974403,10.981772125000008,46.0,48.67200000000001,31.39214313974401,21.0
-1,-103.46238624726509,14.197406402777762,66.0,69.88800000000003,33.57438624726505,19.0
-1,-91.94000442733817,16.136910546296257,52.0,63.07200000000002,28.868004427338143,18.0
-1,-93.12434696401178,19.12625337037036,49.0,60.768000000000015,32.35634696401176,16.0
-1,-94.5834959862468,18.110156412036982,58.0,65.08800000000002,29.495495986246784,16.0
-1,-116.30979632048616,21.30010491666661,68.0,73.82400000000004,42.48579632048613,17.0
-1,-102.38514920416048,20.89971443055551,61.0,59.52000000000002,42.86514920416045,20.0
-1,-89.78265140263227,17.437506805555532,53.0,55.29600000000002,34.48665140263224,17.0
-1,-94.85720004427476,19.415180995370328,61.0,60.67200000000003,34.18520004427471,18.0
-1,-89.49422760792389,18.66989071759257,57.0,52.70400000000002,36.79022760792387,20.0
-1,-92.68876494207746,11.130797481481483,56.0,60.288000000000025,32.40076494207744,22.0
-1,-83.0826474747719,13.342723412037042,47.0,53.088,29.994647474771902,20.0
-1,-89.59571450443775,18.856654837962957,64.0,65.08800000000001,24.507714504437747,17.0
-1,-98.17295928685029,16.581351458333316,55.0,52.99200000000002,45.18095928685027,24.0
-1,-69.58931024415462,8.504237476851845,38.0,41.47200000000001,28.11731024415461,20.0
-1,-101.52790009491292,17.27347972222219,63.0,64.80000000000003,36.72790009491289,18.0
-1,-106.33022549555662,15.566400314814803,52.0,59.13600000000002,47.19422549555659,22.0
-1,-77.91224697988801,16.800247638888862,47.0,57.02400000000003,20.888246979887988,15.0
-1,-113.70509759499964,19.68622855555553,71.0,70.27200000000002,43.43309759499962,19.0
-1,-70.68798066606502,14.72491905092592,47.0,45.79200000000001,24.89598066606501,15.0
-1,-94.90596537777188,16.375795148148146,54.0,60.00000000000002,34.90596537777186,17.0
-1,-100.40453667251576,17.921666282407386,63.0,71.90400000000004,28.500536672515704,16.0
-1,-92.719690825562,15.404357490740736,64.0,65.18400000000001,27.53569082556199,15.0
-1,-102.94422854768465,17.551458680555484,66.0,64.51200000000003,38.43222854768462,23.0
-1,-111.94767735562912,16.80499015277773,64.0,80.06400000000004,31.88367735562909,19.0
-1,-91.24348077584398,18.221782671296257,58.0,56.25600000000003,34.98748077584395,19.0
-1,-83.67544006609542,14.715556574074052,50.0,55.29600000000002,28.379440066095395,17.0
-1,-93.2824152937471,15.266072791666629,51.0,56.44800000000002,36.83441529374709,23.0
-1,-106.85505626895436,19.11746723148143,77.0,76.51200000000003,30.343056268954346,16.0
-1,-103.3174196325654,19.536549509259192,86.0,77.28000000000003,26.03741963256536,16.0
-1,-113.983041003353,19.951528236111088,76.0,91.00800000000004,22.975041003352956,15.0
-1,-103.3762136458788,13.408593976851842,60.0,71.61600000000001,31.760213645878785,19.0
-1,-99.7051255097384,19.168170333333304,62.0,61.82400000000003,37.881125509738375,18.0
-1,-84.52583669054808,11.83253308796296,43.0,52.99200000000002,31.533836690548053,19.0
-1,-108.17561051653672,21.97334512499992,77.0,69.40800000000003,38.76761051653669,20.0
-1,-76.10436840793139,15.861105365740729,48.0,51.26400000000001,24.84036840793138,15.0
-1,-90.5311486845998,15.953083064814804,72.0,68.064,22.467148684599813,17.0
-1,-85.11722349476614,17.9679612083333,62.0,61.34400000000001,23.77322349476613,14.0
-1,-90.89914815133092,18.964543115740728,57.0,49.44000000000002,41.45914815133092,20.0
-1,-77.31219332841448,17.856899347222207,58.0,61.92000000000003,15.392193328414452,10.0
-1,-79.20671242246985,16.20668659259257,60.0,54.72000000000002,24.48671242246983,17.0
-1,-93.33228493216323,17.102941402777745,62.0,65.28000000000003,28.052284932163204,16.0
-1,-90.04781510127226,11.593568930555554,63.0,60.67200000000003,29.375815101272227,15.0
-1,-83.65284305721121,17.53007556018514,61.0,59.13600000000002,24.516843057211197,17.0
-1,-96.63889322271432,15.43256984722222,49.0,59.04000000000002,37.598893222714295,20.0
-1,-105.91468240320636,14.309972837962976,59.0,59.80800000000002,46.10668240320635,24.0
-1,-100.18703142156065,15.394070120370367,58.0,55.10400000000003,45.08303142156062,23.0
-1,-130.36692433387475,18.49935044907404,60.0,73.82400000000003,56.54292433387471,19.0
-1,-90.70279411281447,15.411523703703688,51.0,56.54400000000003,34.158794112814455,20.0
-1,-98.6093629613159,15.944128384259251,49.0,53.85600000000002,44.75336296131588,21.0
-1,-106.41618240709792,15.641829999999992,56.0,65.76000000000003,40.65618240709788,22.0
-1,-101.66315055132988,15.715047282407388,52.0,57.88800000000003,43.77515055132986,22.0
-1,-93.36673663690846,16.149126356481453,60.0,62.59200000000002,30.77473663690843,17.0
-1,-143.33104077466368,20.462368722222127,85.0,93.88800000000003,49.44304077466364,22.0
-1,-83.19701961955164,15.602740393518538,66.0,55.104000000000006,28.093019619551622,18.0
-1,-118.7806106504124,15.591844092592565,52.0,65.28000000000003,53.50061065041238,26.0
-1,-95.45266267425616,14.683074995370358,62.0,70.56000000000002,24.89266267425615,16.0
-1,-82.77294910324471,15.447271587962954,48.0,45.984000000000016,36.7889491032447,23.0
-1,-79.26943412981782,14.187672754629624,55.0,55.488000000000014,23.781434129817804,16.0
-1,-93.22193581517774,10.8151069814815,39.0,48.48000000000001,44.74193581517773,22.0
-1,-80.89817100660446,13.931292398148145,39.0,46.94400000000001,33.95417100660444,19.0
-1,-96.03817318302876,15.55814293518516,49.0,54.72000000000002,41.318173183028726,23.0
-1,-93.61560435134452,16.522032958333323,57.0,62.016000000000034,31.599604351344485,15.0
-1,-85.61778510838867,13.486163657407412,44.0,55.39200000000002,30.22578510838866,19.0
-1,-99.83491104406583,15.618379657407388,61.0,64.99200000000003,34.84291104406581,19.0
-1,-105.50307360636307,17.360262004629593,54.0,62.01600000000002,43.48707360636306,21.0
-1,-76.51854016602974,17.66883482407408,50.0,46.65600000000002,29.86254016602972,19.0
-1,-85.404109436227,14.614193157407405,54.0,58.94400000000002,26.460109436226983,17.0
-1,-85.95752780073457,20.532201087962957,61.0,60.19200000000002,25.765527800734542,17.0
-1,-103.64561942802564,14.192406754629616,56.0,69.69600000000003,33.9496194280256,18.0
-1,-82.67663215039452,15.8813237962963,60.0,56.54400000000001,26.132632150394517,14.0
-1,-79.42203607672144,12.55587146759261,47.0,45.216000000000015,34.20603607672142,21.0
-1,-92.0286019529945,17.870189675925925,50.0,45.69600000000001,46.33260195299449,19.0
-1,-124.67087877597632,18.21339866203699,59.0,70.36800000000004,54.30287877597628,22.0
-1,-98.3931639122249,15.079828513888884,66.0,65.37600000000003,33.01716391222488,19.0
-1,-89.76550701989389,14.821766222222214,50.0,52.41600000000001,37.34950701989388,20.0
-1,-85.99528960764835,19.048465671296277,51.0,53.472000000000016,32.52328960764833,17.0
-1,-101.09353527882776,14.15300792592591,53.0,60.28800000000003,40.80553527882774,22.0
-1,-97.8830135727516,12.242615268518517,48.0,50.97600000000001,46.90701357275158,22.0
-1,-85.28253044027296,10.692458467592605,50.0,56.16000000000002,29.122530440272943,20.0
-1,-108.17693430844,18.50759310648144,62.0,61.53600000000003,46.64093430843997,23.0
-1,-100.00381822450888,19.779326175925878,58.0,62.59200000000003,37.41181822450884,18.0
-1,-100.59841703116956,14.577336583333318,52.0,59.23200000000002,41.36641703116953,22.0
-1,-93.26960469887176,17.098001629629632,54.0,58.17600000000002,35.09360469887175,18.0
-1,-93.4048602005737,13.07112437962962,48.0,52.8,40.60486020057368,22.0
-1,-99.43064219975912,13.997044736111096,49.0,53.47200000000002,45.9586421997591,23.0
-1,-107.48725116415292,18.06739669444441,59.0,66.04800000000003,41.439251164152886,20.0
-1,-82.51912890392848,13.95083265740739,49.0,49.34400000000002,33.17512890392846,18.0
-1,-81.643693450206,17.051125055555556,54.0,54.43200000000002,27.211693450205978,15.0
-1,-89.39036522688454,18.459664912037,55.0,59.90400000000004,29.4863652268845,18.0
-1,-86.73258889997261,17.06045536574072,49.0,60.96000000000003,25.77258889997258,14.0
-1,-93.85482618362276,15.590969592592598,55.0,61.72800000000002,32.126826183622725,18.0
-1,-84.43261919537339,13.739089546296302,54.0,64.51200000000001,19.920619195373376,14.0
-1,-90.02026180745466,15.87545651388888,56.0,64.12800000000003,25.892261807454634,16.0
-1,-81.72322471366567,11.465165634259268,49.0,47.80799999999999,33.91522471366569,19.0
-1,-93.21126080439124,15.797341097222215,49.0,54.04800000000002,39.16326080439121,22.0
-1,-82.77051857302227,16.782468800925912,49.0,59.23200000000003,23.538518573022245,16.0
-1,-81.00722509657379,14.218823842592576,41.0,53.280000000000015,27.727225096573772,18.0
-1,-76.56032470798036,16.745230851851844,47.0,47.808,28.75232470798036,18.0
-1,-67.31304844275444,9.773870393518523,39.0,45.408,21.90504844275444,15.0
-1,-79.24799075183998,12.057807097222224,35.0,45.79200000000001,33.45599075183998,20.0
-1,-88.21002472764005,13.295045143518513,54.0,62.88000000000002,25.330024727640016,17.0
-1,-73.61358724967228,14.12435304166664,46.0,48.38400000000001,25.229587249672267,16.0
-1,-109.6064473729106,15.949564074074065,60.0,68.54400000000003,41.06244737291056,20.0
-1,-91.0229316450984,17.44160410648147,53.0,54.91200000000002,36.11093164509837,17.0
-1,-75.10092468913854,15.487936828703678,52.0,49.440000000000026,25.660924689138504,18.0
-1,-78.16271408357626,15.031875013888875,48.0,58.75200000000002,19.410714083576245,15.0
-1,-94.50107039087808,14.652165888888872,53.0,58.94400000000002,35.55707039087805,20.0
-1,-93.3874209432514,18.949856134259218,52.0,58.17600000000002,35.2114209432514,17.0
-1,-87.52660523332091,16.648827361111103,53.0,59.13600000000002,28.390605233320898,15.0
-1,-84.20648223142294,12.596033314814814,49.0,52.608000000000025,31.59848223142292,18.0
-1,-91.65917690444482,15.327284513888891,52.0,60.864000000000026,30.7951769044448,18.0
-1,-92.69805656641864,14.927962074074063,51.0,48.00000000000002,44.69805656641863,21.0
-1,-78.21764726290387,13.818275495370363,44.0,46.36800000000001,31.84964726290386,20.0
-1,-91.355677372535,18.204826041666653,48.0,56.06400000000001,35.29167737253501,18.0
-1,-94.84260416117714,16.95308592592589,60.0,64.80000000000003,30.04260416117711,16.0
-1,-88.27281059212315,17.02263967592591,60.0,61.05600000000002,27.21681059212313,18.0
-1,-74.6697536847389,15.74051675000002,54.0,54.72000000000001,19.94975368473888,14.0
-1,-80.77478333604331,18.59223662037033,52.0,54.432000000000016,26.342783336043297,14.0
-1,-87.03540949880804,13.25219113888889,43.0,48.09600000000001,38.939409498808025,22.0
-1,-79.29750825231497,13.509887731481475,56.0,55.00799999999999,24.28950825231498,16.0
-1,-78.47792416871991,15.623677425925916,44.0,50.59200000000001,27.88592416871989,16.0
-1,-89.74038554730706,14.539823611111109,51.0,56.928000000000026,32.812385547307024,19.0
-1,-87.82094321562825,17.557063564814765,58.0,64.80000000000001,23.02094321562824,14.0
-1,-86.28038565781702,19.033268587962937,50.0,54.432000000000016,31.84838565781701,16.0
-1,-76.38513999801509,12.797298856481484,45.0,50.88000000000002,25.505139998015075,14.0
-1,-100.81909019547663,17.795120726851817,60.0,66.72000000000001,34.09909019547662,18.0
-1,-100.7320943314594,14.813820916666648,63.0,68.06400000000001,32.6680943314594,18.0
-1,-75.89084547007607,15.109316736111111,45.0,52.704000000000015,23.18684547007605,15.0
-1,-89.66030869589426,19.06687775925922,56.0,57.98400000000002,31.676308695894228,16.0
-1,-109.6751106898333,16.53498032870367,58.0,66.81600000000002,42.85911068983329,23.0
-1,-94.9172874557568,21.0089742222222,62.0,63.36000000000002,31.557287455756786,15.0
-1,-97.28296311887428,15.509299379629622,48.0,58.56000000000003,38.72296311887426,20.0
-1,-109.51118966549213,18.84612279629625,77.0,67.58400000000003,41.92718966549208,23.0
-1,-93.37931664727073,18.547468893518463,53.0,54.43200000000001,38.94731664727072,20.0
-1,-53.38243938409694,12.439762050925925,39.0,40.416,12.966439384096947,8.0
-1,-100.99833984113684,23.26461175925919,58.0,62.88000000000002,38.11833984113681,16.0
-1,-77.2920105277023,19.637347337962904,58.0,59.13600000000002,18.15601052770228,13.0
-1,-99.6471714630064,16.734136504629586,51.0,60.48000000000003,39.16717146300636,24.0
-1,-103.62871725255812,15.23628443055556,59.0,56.160000000000025,47.46871725255811,23.0
-1,-82.4432466911334,17.819699717592584,60.0,60.57600000000002,21.867246691133374,15.0
-1,-106.63388615773223,15.709954870370352,68.0,68.35200000000002,38.281886157732224,22.0
-1,-90.8305153176631,16.509171018518494,51.0,54.33600000000002,36.49451531766309,19.0
-1,-86.42709659603469,15.882703319444431,46.0,51.552000000000014,34.87509659603467,20.0
-1,-91.7374702872124,14.792844958333314,65.0,60.288000000000025,31.449470287212375,19.0
-1,-85.60039892157221,12.338875606481482,41.0,51.84000000000001,33.76039892157219,18.0
-1,-93.51415523623868,22.107366101851813,67.0,68.64000000000003,24.874155236238646,12.0
-1,-78.04895598260183,14.99433210185185,39.0,42.24000000000001,35.80895598260181,19.0
-1,-99.9236061758052,17.10626663888889,74.0,67.39200000000002,32.531606175805166,21.0
-1,-87.46768701268849,15.656563328703667,43.0,56.25600000000003,31.21168701268846,18.0
-1,-89.40567688176115,16.334182888888854,57.0,62.88000000000003,26.52567688176112,18.0
-1,-74.63394849673742,20.569629476851837,52.0,53.28000000000002,21.3539484967374,14.0
-1,-90.5258234479778,17.664853833333297,59.0,67.48800000000003,23.03782344797775,13.0
-1,-89.49172384206277,21.826745518518507,51.0,60.19200000000004,29.299723842062733,16.0
-1,-115.38029778135544,16.98249218518517,71.0,68.64000000000003,46.74029778135541,24.0
-1,-90.41602300091157,13.743989087962946,61.0,64.22400000000002,26.19202300091154,19.0
-1,-85.91089597083803,17.9300050972222,55.0,60.00000000000002,25.91089597083801,17.0
-1,-82.44347887310285,14.22692200925924,60.0,50.68800000000002,31.75547887310282,18.0
-1,-80.37421966105043,17.115329180555527,45.0,48.48000000000002,31.89421966105041,16.0
-1,-85.77277095673736,17.93987572685183,55.0,52.60800000000001,33.16477095673736,17.0
-1,-69.04734180727897,16.74346776851852,42.0,46.08000000000001,22.96734180727895,16.0
-1,-75.529516684303,11.11839355092594,39.0,43.68000000000001,31.849516684303,21.0
-1,-101.11428692388544,18.771542814814783,51.0,61.34400000000002,39.770286923885415,18.0
-1,-87.63649417677003,21.43592380092589,66.0,60.288000000000025,27.348494176770004,15.0
-1,-84.44883926874942,15.47382801388888,53.0,59.32800000000001,25.12083926874941,16.0
-1,-72.93136613762823,8.854498412037055,35.0,43.39200000000001,29.53936613762822,16.0
-1,-80.74938120494366,11.748471472222226,41.0,47.42400000000001,33.325381204943646,20.0
-1,-82.20280326171651,15.710265384259255,55.0,57.12000000000002,25.082803261716496,16.0
-1,-87.63187161711527,14.791992189814838,54.0,51.07200000000002,36.55987161711525,21.0
-1,-79.11028393378773,15.320196402777762,47.0,48.57600000000002,30.534283933787705,19.0
-1,-87.76479089159594,19.02343095370368,54.0,55.48800000000002,32.27679089159591,19.0
-1,-100.30542347926402,19.29931993518515,64.0,64.99200000000003,35.31342347926399,20.0
-1,-104.1045029855839,18.743186027777742,58.0,64.32000000000004,39.78450298558387,18.0
-1,-78.42816954995696,17.109140018518485,49.0,54.528000000000034,23.900169549956924,15.0
-1,-98.13716408631564,11.819704388888876,55.0,59.712000000000025,38.425164086315625,20.0
-1,-89.84555223521615,12.835347634259245,49.0,49.44000000000002,40.40555223521613,23.0
-1,-80.1562118839416,17.765006180555563,43.0,47.42400000000001,32.73221188394159,18.0
-1,-88.28799570057735,14.429433254629624,52.0,61.44000000000002,26.84799570057734,16.0
-1,-109.16351479267522,15.153289013888864,57.0,63.74400000000003,45.41951479267519,24.0
-1,-77.91271505810263,13.835846124999996,49.0,50.304000000000016,27.60871505810261,16.0
-1,-82.13634802327287,17.919414925925892,44.0,48.48000000000001,33.65634802327286,16.0
-1,-90.80476014039375,19.987274032407356,55.0,61.82400000000002,28.98076014039373,16.0
-1,-89.01582466960876,17.207494749999995,54.0,61.05600000000001,27.959824669608743,15.0
-1,-88.75536492835866,14.660810703703689,46.0,61.632000000000026,27.12336492835864,16.0
-1,-83.61529083967588,12.3301952361111,45.0,50.78400000000002,32.831290839675866,20.0
-1,-83.76082754052916,12.979317708333328,39.0,57.600000000000016,26.160827540529155,16.0
-1,-104.33001347423452,14.205896995370331,55.0,62.78400000000002,41.54601347423451,24.0
-1,-87.13558131535262,14.244913972222225,52.0,54.52800000000002,32.607581315352604,20.0
-1,-75.94245218463503,19.521704976851847,53.0,42.81600000000002,33.12645218463501,18.0
-1,-84.42723211655199,14.894475189814829,55.0,50.97600000000001,33.45123211655198,21.0
-1,-74.72259273092921,16.427309472222223,59.0,57.02400000000003,17.698592730929178,15.0
-1,-85.65935027087158,16.644522745370345,56.0,63.74400000000002,21.91535027087156,13.0
-1,-116.50968184071404,19.239211902777743,69.0,71.90400000000004,44.60568184071401,22.0
-1,-74.31657116837309,12.973476175925912,45.0,49.82400000000002,24.492571168373065,17.0
-1,-91.2239919132443,19.11446110185184,50.0,61.34400000000002,29.87999191324428,14.0
-1,-76.70753454118093,14.659490041666675,48.0,54.04800000000001,22.659534541180925,14.0
-1,-84.37890579267182,18.187290458333315,50.0,52.992000000000026,31.386905792671783,19.0
-1,-98.00910398099194,16.056463129629623,47.0,57.40800000000002,40.60110398099192,21.0
-1,-89.43192771534748,11.315672680555554,60.0,55.68000000000004,33.75192771534745,23.0
-1,-93.24959517093946,23.66320620833332,57.0,60.672000000000025,32.57759517093943,16.0
-1,-88.62767379560647,12.39082653703705,47.0,57.02400000000001,31.60367379560646,18.0
-1,-80.97363141512952,14.57797661574075,47.0,59.232000000000006,21.74163141512951,15.0
-1,-89.7487872248362,20.497808162037,56.0,62.016000000000034,27.73278722483618,18.0
-1,-95.27834644513491,16.503762337962957,55.0,55.10400000000002,40.17434644513492,20.0
-1,-93.55473325520106,20.06332202777776,63.0,61.05600000000002,32.498733255201046,16.0
-1,-87.85745079579684,10.243622134259272,34.0,50.976000000000006,36.88145079579683,21.0
-1,-87.0712761612534,16.368501509259264,53.0,51.84000000000001,35.23127616125339,21.0
-1,-84.40181416692286,20.57676596759255,54.0,58.46400000000003,25.93781416692284,13.0
-1,-80.08580181004646,17.615982032407356,58.0,53.76000000000002,26.325801810046435,16.0
-1,-76.6038600196878,12.39733227777776,43.0,46.656000000000006,29.9478600196878,19.0
-1,-95.59982736665256,16.70891104629629,66.0,77.95200000000004,17.64782736665251,13.0
-1,-79.03823630522123,13.501733680555546,45.0,51.64800000000002,27.390236305221208,15.0
-1,-98.03414037473138,22.051278041666603,63.0,65.08800000000004,32.946140374731335,17.0
-1,-80.42970113885454,11.926055013888888,40.0,45.024,35.405701138854546,21.0
-1,-86.86519352667221,13.999077300925894,39.0,56.35200000000002,30.513193526672197,20.0
-1,-82.6329624030659,15.960291958333322,57.0,61.05600000000003,21.57696240306587,14.0
-1,-79.94186504240662,12.805522750000003,41.0,48.960000000000015,30.981865042406607,20.0
-1,-87.25837576644426,17.234071351851856,59.0,59.040000000000006,28.21837576644426,16.0
-1,-81.75900793174948,16.18743599999997,51.0,59.52000000000002,22.239007931749462,15.0
-1,-93.27876966772207,15.452961810185164,63.0,62.59200000000003,30.686769667722068,15.0
-1,-100.33089921538344,19.201680694444413,51.0,55.48800000000002,44.84289921538341,21.0
-1,-76.29405687203231,13.447291708333342,43.0,41.95200000000001,34.342056872032295,22.0
-1,-85.07449476626405,16.520145143518498,56.0,54.72000000000003,30.354494766264036,18.0
-1,-100.33595045571332,18.951693222222158,55.0,55.00800000000001,45.32795045571332,23.0
-1,-86.59558566928801,17.32334381481478,48.0,52.03200000000002,34.563585669287995,19.0
-1,-78.68953023493413,15.558582231481456,54.0,61.53600000000001,17.153530234934113,11.0
-1,-96.54142138815097,24.42804573611103,63.0,66.52800000000003,30.013421388150924,16.0
-1,-106.79586292028708,14.944977097222198,47.0,64.03200000000002,42.76386292028705,21.0
-1,-76.56787605511033,11.275993763888902,43.0,44.73600000000001,31.83187605511032,19.0
-1,-89.55718982265265,16.922227791666653,52.0,50.97600000000003,38.58118982265261,20.0
-1,-72.38629509166422,14.562974712962964,55.0,53.66400000000001,18.72229509166421,12.0
-1,-81.72204514751638,12.543154689814816,50.0,56.256000000000014,25.46604514751636,16.0
-1,-74.12391808606053,18.810219611111076,57.0,57.312000000000026,16.811918086060498,10.0
-1,-113.89413322243306,17.510685324074025,64.0,70.36800000000002,43.52613322243303,23.0
-1,-91.8246725769498,18.5033982546296,49.0,51.744000000000014,40.080672576949794,19.0
-1,-110.99690538602728,16.18615003703701,76.0,81.60000000000005,29.39690538602723,19.0
-1,-88.69346512361827,15.734561328703682,55.0,56.25600000000003,32.43746512361823,20.0
-1,-93.78399491176876,17.763411805555492,49.0,55.00800000000002,38.77599491176874,17.0
-1,-70.47917778356428,10.208217143518524,46.0,44.352,26.12717778356428,18.0
-1,-91.82435909877418,15.729546203703675,52.0,63.840000000000025,27.984359098774163,18.0
-1,-94.50182587959152,14.025555199074072,52.0,51.07200000000001,43.4298258795915,23.0
-1,-98.94043710712774,17.337171828703667,50.0,53.376000000000026,45.56443710712772,23.0
-1,-95.2915826004102,21.941942402777688,56.0,59.90400000000003,35.38758260041018,18.0
-1,-85.00481753909466,17.471247541666603,53.0,58.17600000000003,26.82881753909463,17.0
-1,-97.80806363916484,16.462513152777753,53.0,60.28800000000002,37.52006363916482,15.0
-1,-82.34044584682967,12.210680263888888,40.0,48.86400000000001,33.476445846829655,18.0
-1,-112.58709325082197,16.12266687499996,56.0,72.86400000000002,39.72309325082195,21.0
-1,-82.24565843996128,16.771196949074064,51.0,52.41600000000002,29.829658439961257,17.0
-1,-92.16038343354047,16.138950685185158,64.0,72.00000000000003,20.16038343354044,11.0
-1,-92.56132554718825,15.986769263888878,48.0,55.96800000000002,36.593325547188215,20.0
-1,-101.518661142167,15.505351101851817,70.0,71.52000000000002,29.99866114216696,20.0
-1,-114.4928644699967,17.23330212962962,50.0,61.44000000000003,53.05286446999667,21.0
-1,-80.94409486082029,17.378445976851843,45.0,52.032000000000025,28.91209486082025,15.0
-1,-81.01374909623792,12.60127283796294,41.0,52.60800000000001,28.405749096237912,19.0
-1,-111.5169422346387,15.509437601851824,57.0,60.288000000000025,51.22894223463868,24.0
-1,-90.35054438801978,17.94406097222221,51.0,57.98400000000002,32.36654438801976,16.0
-1,-89.27659877947386,19.330330203703696,58.0,57.21600000000002,32.060598779473835,17.0
-1,-99.79207207884018,14.640807337962956,50.0,60.09600000000002,39.69607207884016,22.0
-1,-73.25115407687412,14.500555374999994,47.0,50.112000000000016,23.139154076874096,17.0
-1,-123.35555136882796,20.62903112499991,67.0,83.90400000000004,39.45155136882791,23.0
-1,-80.17011417472258,12.775820662037033,55.0,53.664000000000016,26.50611417472257,18.0
-1,-104.36769431033552,21.227810550925884,57.0,58.65600000000003,45.71169431033548,21.0
-1,-104.74250034658372,16.029896675925905,65.0,68.25600000000003,36.48650034658368,17.0
-1,-80.21796097795263,10.396231240740764,39.0,39.36000000000001,40.85796097795262,24.0
-1,-93.35701769349228,12.969366351851864,55.0,61.72800000000003,31.629017693492248,20.0
-1,-92.2781597181341,15.741375893518516,54.0,58.65600000000002,33.622159718134085,21.0
-1,-94.25804565591297,16.500410347222193,62.0,67.00800000000002,27.25004565591294,17.0
-1,-73.02082724169748,15.796487240740726,52.0,48.86400000000001,24.15682724169746,16.0
-1,-104.12650046653926,21.000566064814755,66.0,62.88000000000004,41.24650046653921,22.0
-1,-82.76313185587031,17.922627157407383,56.0,57.888000000000034,24.875131855870286,16.0
-1,-85.65655237109024,13.293609379629611,54.0,59.32800000000002,26.32855237109021,14.0
-1,-73.62134914559297,13.04415345370368,44.0,59.328,14.29334914559297,9.0
-1,-84.5052410466663,14.247570157407427,53.0,61.63200000000002,22.873241046666287,17.0
-1,-77.60785020904706,14.559498064814813,46.0,46.84800000000001,30.759850209047045,18.0
-1,-96.90088976236954,15.633676606481457,43.0,60.19200000000002,36.70888976236952,21.0
-1,-72.55156314199769,13.282461597222204,48.0,45.216000000000015,27.335563141997675,19.0
-1,-79.25318865560362,12.516131875,42.0,54.62400000000002,24.629188655603613,15.0
-1,-91.478105273392,15.808094208333316,60.0,64.80000000000003,26.678105273391974,17.0
-1,-72.69517299826381,14.771764527777764,46.0,46.36800000000001,26.32717299826381,17.0
-1,-87.61387895732932,18.19063373148144,53.0,65.66400000000003,21.949878957329283,13.0
-1,-113.83920802481404,17.451980351851784,47.0,67.58400000000002,46.25520802481403,19.0
-1,-90.67557557606348,19.09918148148145,60.0,62.68800000000004,27.987575576063445,20.0
-1,-100.80806544470649,20.675989078703623,53.0,62.49600000000002,38.31206544470646,20.0
-1,-93.85018283300012,15.95592057870369,45.0,54.81600000000002,39.03418283300012,20.0
-1,-93.94656842849068,17.89924909722218,50.0,58.84800000000003,35.098568428490644,18.0
-1,-92.57385076738754,19.78667291666661,56.0,60.38400000000003,32.18985076738751,18.0
-1,-84.84106102132469,8.45146682407408,39.0,44.06400000000001,40.77706102132469,24.0
-1,-91.03177396066368,13.27846670370369,45.0,61.72800000000002,29.303773960663648,17.0
-1,-76.49528297779342,15.278835124999995,50.0,48.480000000000025,28.0152829777934,18.0
-1,-96.8319556607706,15.562640523148133,49.0,50.68800000000002,46.14395566077059,25.0
-1,-87.16774838872895,18.313256273148102,51.0,51.936000000000014,35.23174838872894,22.0
-1,-104.3804077270504,20.73380204629624,62.0,72.09600000000003,32.284407727050365,18.0
-1,-69.90214885746674,12.95327125925924,42.0,45.216000000000015,24.686148857466723,17.0
-1,-91.53370841049286,15.26953328703703,41.0,49.44000000000001,42.09370841049286,21.0
-1,-92.17634229367454,18.71513792592588,56.0,56.928000000000026,35.248342293674504,18.0
-1,-87.08265840177351,14.38072896296296,43.0,50.97600000000001,36.1066584017735,20.0
-1,-88.39824455660181,21.728642708333297,59.0,52.224000000000025,36.17424455660179,17.0
-1,-84.81376934056311,18.22548126388886,52.0,61.15200000000003,23.66176934056309,12.0
-1,-91.95844114141434,14.719684749999985,50.0,52.22400000000002,39.73444114141433,22.0
-1,-101.56784002353815,22.53091302777775,74.0,82.08000000000004,19.487840023538112,13.0
-1,-89.44256324931033,18.265910305555497,56.0,57.60000000000002,31.84256324931029,20.0
-1,-98.52941950232776,16.33386296296295,67.0,67.39200000000002,31.13741950232773,20.0
-1,-91.06149647832274,15.678521166666672,77.0,72.48,18.58149647832274,13.0
-1,-91.02590762831312,16.106150763888863,54.0,61.34400000000002,29.681907628313112,19.0
-1,-103.05019035854755,14.093288134259248,56.0,65.85600000000002,37.19419035854754,17.0
-1,-67.50519786636544,12.2762597037037,50.0,40.320000000000014,27.185197866365417,21.0
-1,-80.47396851753038,21.49684953703704,63.0,64.60800000000003,15.865968517530346,11.0
-1,-86.32115123869403,17.305616069444415,57.0,61.24800000000002,25.07315123869401,16.0
-1,-85.82069250963347,15.655472430555545,53.0,61.34400000000004,24.47669250963344,17.0
-1,-82.85929432531933,20.57012984259253,59.0,58.94400000000002,23.9152943253193,13.0
-1,-98.5428648280026,19.87807920833331,63.0,65.08800000000004,33.45486482800256,18.0
-1,-88.68187526955211,9.452605083333328,34.0,45.792000000000016,42.88987526955209,21.0
-1,-93.49208739950964,13.956798120370363,55.0,57.31200000000002,36.18008739950963,22.0
-1,-89.6490146184201,17.328916819444416,63.0,63.16800000000002,26.481014618420076,16.0
-1,-70.86884001066221,13.927969134259255,57.0,54.14400000000002,16.72484001066219,13.0
-1,-88.8970560826659,15.359687555555531,51.0,56.160000000000025,32.73705608266588,19.0
-1,-93.84490047841705,13.72895858333334,49.0,57.21600000000002,36.62890047841702,19.0
-1,-86.37940481755396,10.714628050925937,49.0,52.32000000000002,34.05940481755394,21.0
-1,-91.44408142893477,17.426811777777743,64.0,57.120000000000026,34.32408142893475,20.0
-1,-92.74065191233512,14.05522616666667,45.0,50.78400000000002,41.9566519123351,22.0
-1,-86.07558159849647,18.18285074074073,61.0,61.63200000000002,24.44358159849645,17.0
-1,-89.22494954002075,17.156013643518452,47.0,56.256000000000014,32.96894954002073,20.0
-1,-81.82862363540183,14.273527226851837,48.0,56.352000000000025,25.4766236354018,17.0
-1,-133.1742704122533,16.7067901481481,53.0,67.29600000000003,65.87827041225324,24.0
-1,-64.47523698721943,10.579277615740745,41.0,38.016,26.45923698721943,18.0
-1,-74.51263698980584,15.81701770833332,41.0,45.88800000000002,28.624636989805825,18.0
-1,-73.1044085265888,19.30762575925923,44.0,47.32800000000002,25.776408526588774,14.0
-1,-85.97712493045736,14.24747306018518,44.0,55.10400000000002,30.87312493045735,19.0
-1,-111.5162969983176,14.81041160185184,57.0,70.56000000000003,40.95629699831756,21.0
-1,-84.93751744942732,13.548929138888877,40.0,43.00800000000001,41.92951744942731,24.0
-1,-105.47085409706646,16.357841393518505,60.0,58.17600000000003,47.294854097066434,23.0
-1,-102.87740113465216,19.592285768518455,51.0,60.00000000000002,42.87740113465213,20.0
-1,-79.36827191353147,10.235045236111109,45.0,49.920000000000016,29.448271913531453,20.0
-1,-85.89418133671873,13.402262958333337,50.0,58.84800000000002,27.046181336718707,14.0
-1,-96.15407844924866,18.584804074074064,54.0,58.08000000000002,38.07407844924863,19.0
-1,-82.22557995866353,13.385553074074076,49.0,49.05600000000002,33.169579958663505,20.0
-1,-91.96284039148163,17.181367013888842,58.0,59.04000000000002,32.92284039148162,20.0
-1,-106.98168092998988,19.279674495370283,61.0,64.41600000000003,42.56568092998986,23.0
-1,-87.02520412819486,18.31175982407405,48.0,56.35200000000002,30.67320412819484,18.0
-1,-69.03251770858932,10.66721261574075,47.0,46.752,22.28051770858933,17.0
-1,-76.39209654346409,15.705973523148137,53.0,55.00800000000003,21.384096543464057,16.0
-1,-65.85023161672814,13.546983486111095,53.0,48.096000000000025,17.754231616728116,13.0
-1,-116.36361173020028,15.77730342592594,75.0,88.60800000000005,27.755611730200247,19.0
-1,-99.70658396959628,13.6164383148148,50.0,62.11200000000003,37.59458396959625,21.0
-1,-86.2766580671128,17.19230582407407,53.0,59.04000000000003,27.23665806711277,18.0
-1,-85.59521625819625,18.135919787037007,44.0,53.47200000000002,32.123216258196216,18.0
-1,-95.90840707970956,18.674062550925875,63.0,63.55200000000003,32.35640707970952,19.0
-1,-92.23343936952344,15.74936330092592,57.0,60.67200000000003,31.561439369523413,18.0
-1,-79.12954942094916,21.37230343055551,54.0,52.99200000000001,26.13754942094915,15.0
-1,-78.67917876083513,12.376091249999996,58.0,56.160000000000025,22.519178760835096,17.0
-1,-79.46107677105896,14.08515029166667,49.0,50.68800000000001,28.773076771058943,17.0
-1,-97.44471311594802,23.278668953703622,66.0,67.00800000000002,30.43671311594799,17.0
-1,-91.49731167384827,15.264304092592567,51.0,54.72000000000001,36.77731167384828,20.0
-1,-79.52906047604415,18.065898013888823,52.0,55.488000000000014,24.04106047604413,15.0
-1,-98.3972954089472,15.649175333333307,48.0,59.904000000000025,38.49329540894717,23.0
-1,-107.83091173932208,16.0271474861111,59.0,63.16800000000004,44.66291173932205,20.0
-1,-91.54614895188244,14.26727145833332,55.0,53.37600000000002,38.17014895188242,23.0
-1,-105.1176517173918,15.863406236111087,52.0,53.664000000000016,51.45365171739178,24.0
-1,-121.23021735195036,17.819270754629553,70.0,80.54400000000004,40.68621735195032,22.0
-1,-69.13623720890108,16.701395726851825,48.0,52.22400000000001,16.912237208901068,14.0
-1,-73.71703220495715,14.17967774074073,56.0,54.62400000000002,19.09303220495712,12.0
-1,-83.72192694938298,18.86892860185184,53.0,55.10400000000002,28.617926949382955,18.0
-1,-83.60844684181164,14.793753731481502,50.0,59.90400000000002,23.704446841811624,14.0
-1,-86.4268561844541,19.15227074999993,60.0,61.248000000000026,25.17885618445407,17.0
-1,-79.49878890442915,17.635699444444402,55.0,52.320000000000014,27.178788904429133,15.0
-1,-97.9415088220129,15.155927342592577,57.0,60.96,36.98150882201291,19.0
-1,-68.04579816107943,18.07170660185183,48.0,43.87200000000001,24.173798161079425,17.0
-1,-80.13582491353148,20.834148592592545,58.0,53.664000000000016,26.471824913531464,16.0
-1,-91.2710393497624,17.856304861111056,55.0,56.928000000000026,34.34303934976236,21.0
-1,-85.14241156445446,17.958158004629595,61.0,54.91200000000002,30.23041156445445,17.0
-1,-90.77237204525358,13.134630763888874,48.0,59.32800000000002,31.44437204525355,20.0
-1,-93.87022989072192,16.02392430555553,59.0,66.81600000000003,27.054229890721885,16.0
-1,-103.90313171350112,15.031582166666649,44.0,60.38400000000004,43.51913171350108,23.0
-1,-93.61449490838451,16.98021920833331,63.0,61.248000000000026,32.366494908384496,21.0
-1,-90.0712833100184,15.025341050925936,59.0,59.42400000000002,30.647283310018388,17.0
-1,-77.58596403524928,14.737456333333313,64.0,53.280000000000015,24.30596403524926,19.0
-1,-72.00191352192935,16.03105317129628,51.0,47.52000000000002,24.481913521929336,16.0
-1,-78.36651514903846,18.245578712962928,66.0,61.15200000000002,17.214515149038448,12.0
-1,-81.49880624818728,9.712071555555568,42.0,51.16800000000001,30.330806248187265,20.0
-1,-80.60627556356152,18.646563324074037,53.0,60.38400000000003,20.22227556356149,12.0
-1,-88.29643688487175,16.025472712962948,51.0,56.35200000000001,31.944436884871735,19.0
-1,-86.35805990741957,13.070036282407408,45.0,48.86400000000001,37.49405990741956,19.0
-1,-114.55833857765153,15.855734597222192,56.0,70.65600000000003,43.90233857765149,23.0
-1,-88.37648385273894,17.40898343981483,48.0,53.85600000000001,34.52048385273893,18.0
-1,-97.4665521064887,18.005949467592558,59.0,66.91200000000003,30.554552106488675,16.0
-1,-74.65465117911296,14.331766550925918,49.0,50.59200000000001,24.062651179112954,17.0
-1,-99.39526168112,19.45562065277773,58.0,60.38400000000002,39.011261681119976,21.0
-1,-91.56682008057194,16.718247055555516,59.0,58.08000000000002,33.48682008057192,22.0
-1,-84.35590938006374,19.23290058796294,55.0,60.48000000000002,23.87590938006371,15.0
-1,-71.73596848800518,19.721226273148147,53.0,55.48800000000002,16.247968488005167,11.0
-1,-113.27535980126072,19.005883675925872,68.0,91.58400000000005,21.691359801260703,14.0
-1,-87.93473775152998,14.19945199074075,51.0,53.47200000000002,34.46273775152996,22.0
-1,-69.76481100951814,21.54747356481481,53.0,50.49600000000002,19.268811009518117,13.0
-1,-67.37681363034649,12.062138143518524,41.0,46.56000000000001,20.816813630346484,15.0
-1,-101.16288281888498,21.00782966666662,55.0,53.47200000000003,47.690882818884944,22.0
-1,-73.9853294663695,15.53682297685183,48.0,50.11200000000002,23.873329466369483,16.0
-1,-68.50248432518222,17.869830976851848,56.0,50.112000000000016,18.39048432518221,14.0
-1,-86.94242012491273,13.511277310185198,45.0,49.536000000000016,37.40642012491272,20.0
-1,-76.6981313105014,13.964628847222215,58.0,50.40000000000003,26.298131310501372,18.0
-1,-94.3727143225145,16.113157120370364,42.0,52.99200000000001,41.38071432251449,20.0
-1,-80.56776579387551,20.1592712824074,55.0,53.66400000000002,26.903765793875483,16.0
-1,-91.45103263860048,15.208244726851843,53.0,60.57600000000002,30.87503263860044,16.0
-1,-88.53335675422454,16.380003398148123,53.0,53.28000000000003,35.25335675422452,19.0
-1,-90.03930000127774,19.690204217592598,48.0,58.368000000000016,31.67130000127772,14.0
-1,-84.6941311725241,16.267126222222185,46.0,53.56800000000001,31.12613117252408,17.0
-1,-93.15239262738072,16.60918240740737,63.0,59.712,33.44039262738071,17.0
-1,-93.18267668388192,19.938928379629587,63.0,58.46400000000003,34.718676683881874,21.0
-1,-90.46126508289342,20.002723810185177,55.0,57.21600000000001,33.24526508289342,19.0
-1,-86.91195626412996,21.11927012499992,57.0,60.00000000000002,26.911956264129937,17.0
-1,-83.02281490324008,14.351737824074071,46.0,47.136,35.88681490324007,20.0
-1,-76.75260013673542,11.807061865740732,45.0,49.05600000000001,27.69660013673541,18.0
-1,-82.72440991495898,13.24106934259259,40.0,47.136,35.58840991495898,21.0
-1,-102.25536881807122,21.74177386111105,73.0,72.00000000000001,30.2553688180712,17.0
-1,-115.8616983182871,15.860919717592571,56.0,65.18400000000004,50.67769831828706,25.0
-1,-93.73091862893388,22.02218531481478,63.0,73.15200000000004,20.578918628933845,14.0
-1,-97.02973902558796,15.8277475046296,61.0,63.45600000000003,33.573739025587926,18.0
-1,-90.20521591272502,22.124338888888836,64.0,55.87200000000002,34.333215912725,20.0
-1,-113.4267006966346,19.324564217592503,66.0,72.38400000000003,41.04270069663457,20.0
-1,-81.58397923960865,17.39191380092591,41.0,45.984000000000016,35.59997923960863,18.0
-1,-93.04796473320737,15.250493652777765,79.0,67.68000000000002,25.367964733207344,17.0
-1,-97.73092701370176,13.24049466666666,50.0,58.46400000000003,39.26692701370175,20.0
-1,-86.83640585580596,16.394312694444423,42.0,43.96800000000001,42.868405855805946,20.0
-1,-85.48302434934797,18.012992578703667,53.0,53.856000000000016,31.62702434934795,19.0
-1,-92.23819736829267,15.713906787037002,57.0,59.04000000000001,33.19819736829267,20.0
-1,-104.550445497436,16.580414050925892,54.0,57.02400000000003,47.52644549743596,20.0
-1,-96.6463626445811,14.946683888888872,48.0,61.15200000000003,35.49436264458107,16.0
-1,-96.67410169217754,19.378232907407344,62.0,59.90400000000003,36.77010169217751,19.0
-1,-81.3600312408128,13.3458115324074,45.0,47.23200000000002,34.12803124081278,20.0
-1,-91.36290789647909,18.09498494444441,54.0,54.52800000000001,36.834907896479066,20.0
-1,-64.75048062195873,10.66299788425927,36.0,42.624,22.12648062195872,16.0
-1,-78.74027961606755,23.2858783472222,55.0,51.16800000000002,27.572279616067537,14.0
-1,-80.64862450035609,10.107729115740748,46.0,53.280000000000015,27.36862450035608,18.0
-1,-95.44198846018416,17.23143880555555,52.0,55.39200000000001,40.04998846018415,18.0
-1,-105.74538111160555,19.92017728703697,56.0,61.92000000000004,43.82538111160552,20.0
-1,-96.08745299650045,23.40065141666661,64.0,62.49600000000002,33.591452996500415,16.0
-1,-105.78479191038042,22.107394703703637,62.0,60.00000000000004,45.78479191038039,19.0
-1,-89.81515379893882,14.668056745370343,59.0,57.02400000000002,32.7911537989388,19.0
-1,-75.0940118991425,17.79210062499998,50.0,55.20000000000002,19.894011899142477,12.0
-1,-88.85429069517068,18.52492355092588,48.0,50.496000000000016,38.35829069517066,21.0
-1,-74.32269005205825,14.918428999999971,50.0,54.432000000000016,19.89069005205824,14.0
-1,-96.61448077623534,13.142013583333338,49.0,54.81600000000002,41.79848077623532,23.0
-1,-101.21127728650046,16.685517328703682,68.0,72.00000000000001,29.211277286500447,18.0
-1,-87.57312706561618,13.651640962962938,60.0,65.95200000000003,21.621127065616147,16.0
-1,-95.83539460749375,20.09820887037032,62.0,64.03200000000002,31.803394607493743,19.0
-1,-81.4853705886047,22.42889909259256,50.0,51.168,30.3173705886047,15.0
-1,-127.53756768512186,20.097494342592533,81.0,94.08000000000006,33.4575676851218,20.0
-1,-92.46647964396804,17.444498648148105,52.0,53.760000000000026,38.70647964396801,20.0
-1,-103.54926425092025,21.09465318518514,64.0,62.208000000000034,41.34126425092021,21.0
-1,-81.95853689685147,16.949726444444448,47.0,52.512000000000015,29.44653689685145,17.0
-1,-105.82624738133724,14.873478634259222,61.0,73.63200000000002,32.19424738133723,20.0
-1,-97.84994804081916,14.864598944444428,65.0,73.63200000000003,24.217948040819135,16.0
-1,-85.1627405016184,13.9821962175926,47.0,52.12800000000001,33.034740501618394,19.0
-1,-88.40142688052957,17.075896874999966,49.0,60.28800000000003,28.113426880529538,16.0
-1,-132.52024609226595,19.00146483796292,79.0,90.72000000000006,41.8002460922659,23.0
-1,-83.2106935470182,14.925735453703686,48.0,44.064000000000014,39.14669354701819,23.0
-1,-85.18438067408101,20.18759614351848,65.0,61.53600000000003,23.64838067408099,17.0
-1,-80.40486638238447,19.500159296296257,55.0,54.33600000000002,26.068866382384453,16.0
-1,-85.49932121922404,14.297176263888874,51.0,56.160000000000025,29.339321219224026,20.0
-1,-106.52314794142268,19.110991865740708,65.0,72.96000000000002,33.563147941422656,19.0
-1,-87.12476650527822,18.80098472685185,44.0,53.56800000000002,33.556766505278205,18.0
-1,-86.42998298514064,16.405958402777745,56.0,59.23200000000002,27.19798298514062,18.0
-1,-78.36006181546296,11.608948273148128,63.0,53.76000000000002,24.600061815462944,17.0
-1,-103.31449828574657,14.979515824074088,56.0,63.16800000000003,40.14649828574654,22.0
-1,-91.38848610725648,18.674314189814787,60.0,62.01600000000003,29.37248610725644,20.0
-1,-78.7153932000978,9.68182946759259,39.0,53.56800000000002,25.14739320009778,18.0
-1,-85.30123093123154,18.325215240740725,63.0,62.40000000000003,22.90123093123152,17.0
-1,-90.10363167624686,17.82563772685183,50.0,59.04000000000003,31.06363167624684,15.0
-1,-91.09527879989184,15.73412246759257,61.0,60.76800000000002,30.32727879989181,21.0
-1,-107.41142239330388,18.523725069444374,60.0,67.20000000000003,40.21142239330385,19.0
-1,-72.30091665414857,16.156161958333314,47.0,51.07200000000002,21.228916654148545,15.0
-1,-95.72152400614642,14.660781782407392,59.0,66.43200000000002,29.289524006146408,18.0
-1,-88.5766895914063,17.903632249999994,48.0,59.13600000000002,29.440689591406283,17.0
-1,-83.917315626552,17.688431148148112,54.0,64.03200000000002,19.88531562655197,12.0
-1,-82.87935896547525,13.663455550925924,53.0,54.81600000000002,28.06335896547522,16.0
-1,-80.91639856737139,16.91509520370367,48.0,54.72000000000001,26.19639856737137,19.0
-1,-79.93122207436039,17.47415253703704,49.0,46.17600000000001,33.755222074360375,19.0
-1,-100.0336933451998,17.858059342592533,55.0,67.48800000000003,32.54569334519978,18.0
-1,-90.32586597722718,15.383210981481463,44.0,50.304000000000016,40.02186597722716,23.0
-1,-74.33617604749763,15.131867814814804,53.0,50.112000000000016,24.22417604749761,14.0
-1,-78.05159315524224,16.280284263888863,56.0,54.33600000000002,23.715593155242228,16.0
-1,-82.63778326302537,14.219396361111109,37.0,48.48000000000002,34.15778326302535,20.0
-1,-87.47445775036512,13.29553743981482,42.0,48.28800000000002,39.1864577503651,21.0
-1,-89.3184946135126,12.990519138888873,46.0,57.40800000000003,31.910494613512576,20.0
-1,-87.8368141954582,22.12953289351846,66.0,65.664,22.172814195458205,14.0
-1,-94.20745648366108,13.839216222222218,54.0,57.21600000000002,36.99145648366105,22.0
-1,-99.51428066856124,17.883631837962945,53.0,57.21600000000004,42.29828066856121,19.0
-1,-94.34221813662072,17.984357694444434,66.0,55.10400000000002,39.23821813662069,19.0
-1,-79.69316063577229,15.261435231481494,52.0,56.832000000000015,22.861160635772272,17.0
-1,-75.46830689575887,10.127311805555564,34.0,42.432,33.03630689575886,21.0
-1,-77.32551447651149,12.575816282407414,48.0,48.96000000000001,28.36551447651148,20.0
-1,-79.6961136375086,11.725872435185188,41.0,45.79200000000002,33.90411363750859,21.0
-1,-76.28901712771643,13.930403666666686,42.0,45.21600000000001,31.073017127716422,20.0
-1,-83.73673794427202,13.658398412037023,55.0,57.21600000000002,26.520737944272003,19.0
-1,-96.2683592552403,15.538823893518517,54.0,62.30400000000002,33.964359255240275,21.0
-1,-72.0451834602825,16.600328013888873,46.0,48.48000000000002,23.565183460282487,16.0
-1,-74.62568543176798,10.239915810185185,54.0,49.82400000000002,24.801685431767957,18.0
-1,-81.52513793783666,13.622092189814817,44.0,52.128,29.397137937836657,16.0
-1,-86.55745833039838,15.364096745370356,60.0,65.95200000000001,20.605458330398363,14.0
-1,-73.09197611146797,12.187413115740725,36.0,42.81600000000001,30.27597611146796,20.0
-1,-85.33849561010167,17.130125736111093,56.0,59.80800000000002,25.530495610101656,17.0
-1,-83.16932296122508,11.043525060185196,46.0,45.312000000000005,37.857322961225066,23.0
-1,-92.58814668562115,18.512810324074053,67.0,61.05600000000003,31.53214668562113,19.0
-1,-71.28815096138632,13.64416297222222,47.0,45.792000000000016,25.49615096138631,18.0
-1,-88.07365169561717,14.966466999999978,50.0,53.66400000000002,34.40965169561714,21.0
-1,-77.83810468196646,12.986949592592604,41.0,55.296000000000014,22.54210468196644,15.0
-1,-80.39802177941547,19.150663527777752,47.0,48.67200000000001,31.726021779415458,18.0
-1,-98.73275976503972,20.607021499999973,62.0,54.81600000000003,43.91675976503971,19.0
-1,-89.84947272914525,11.992199115740728,54.0,63.07200000000002,26.777472729145227,20.0
-1,-97.38657745277854,17.519214217592566,48.0,51.16800000000002,46.218577452778526,21.0
-1,-114.48285687738807,18.73929880092585,54.0,71.42400000000002,43.05885687738807,22.0
-1,-93.0101348495232,15.64148952314814,43.0,46.56000000000001,46.4501348495232,21.0
-1,-88.77449735729752,14.663248337962958,48.0,59.71200000000001,29.062497357297502,17.0
-1,-73.80162607055911,15.376052361111096,38.0,51.07200000000002,22.7296260705591,15.0
-1,-78.78278251042532,8.688807986111126,37.0,45.98400000000001,32.79878251042531,22.0
-1,-74.98020258223708,18.704820314814807,47.0,48.576000000000015,26.40420258223707,17.0
-1,-93.91851267611642,17.092833648148112,57.0,58.36800000000002,35.5505126761164,20.0
-1,-79.83389095227238,17.134656953703676,62.0,67.39200000000002,12.441890952272365,10.0
-1,-85.07985889989484,17.266025967592572,55.0,53.56800000000002,31.51185889989482,19.0
-1,-95.86917516533514,19.396959412036978,56.0,53.76000000000001,42.10917516533512,22.0
-1,-76.42043738475407,15.921458837962945,46.0,47.808,28.61243738475407,16.0
-1,-71.23063355700293,13.40030088425925,42.0,48.000000000000014,23.230633557002918,14.0
-1,-104.19113629908402,18.552475949074008,62.0,64.80000000000003,39.391136299084,22.0
-1,-89.56548065261302,12.98897260648148,49.0,50.78400000000002,38.781480652613,24.0
-1,-78.06818734207954,13.080567148148154,51.0,55.584,22.48418734207954,16.0
-1,-84.09038754573562,15.26935027314812,46.0,59.904000000000025,24.186387545735595,16.0
-1,-72.95088849929914,15.479914694444435,37.0,48.96000000000001,23.990888499299132,13.0
-1,-82.4737701635822,12.852377402777767,45.0,51.45600000000002,31.01777016358218,18.0
-1,-85.81147186987592,13.82209638425926,53.0,61.056000000000026,24.75547186987589,15.0
-1,-67.27883308552552,14.482318652777792,54.0,53.088000000000015,14.190833085525496,10.0
-1,-94.27828356383822,20.06681080555549,55.0,62.400000000000034,31.878283563838178,19.0
-1,-85.75976158964562,16.084318740740713,51.0,61.63200000000002,24.12776158964561,15.0
-1,-96.80007789086127,16.364129842592558,51.0,54.33600000000002,42.464077890861255,21.0
-1,-102.976751856839,20.135979490740667,57.0,62.68800000000004,40.28875185683896,20.0
-1,-84.6684840293324,19.49468465277774,54.0,60.960000000000015,23.70848402933239,17.0
-1,-96.87276994786512,15.6645850185185,48.0,60.00000000000002,36.872769947865095,18.0
-1,-84.89849340805459,15.890788722222226,50.0,55.87200000000001,29.026493408054588,18.0
-1,-69.53392465563356,18.14570557870368,55.0,46.75200000000002,22.781924655633528,13.0
-1,-90.82797026070176,15.05561758333332,52.0,53.18400000000002,37.64397026070175,21.0
-1,-88.73232600556753,18.27384272222216,58.0,65.56800000000003,23.1643260055675,16.0
-1,-91.89824305624056,16.699944421296287,41.0,51.55200000000002,40.34624305624052,20.0
-1,-54.03746515757644,8.919359004629655,36.0,38.784000000000006,15.253465157576429,11.0
-1,-88.93162826950487,17.741486046296263,49.0,54.43200000000001,34.49962826950486,19.0
-1,-104.74332364978486,18.228423624999955,63.0,71.90400000000001,32.83932364978484,19.0
-1,-90.41810057996986,14.772377722222226,55.0,59.424000000000014,30.99410057996985,19.0
-1,-79.59646724219394,15.328990916666651,56.0,55.58400000000003,24.0124672421939,16.0
-1,-71.45222404314275,12.261311750000006,49.0,52.60800000000002,18.844224043142727,14.0
-1,-73.0121598082482,12.795785263888895,55.0,54.624,18.388159808248197,11.0
-1,-89.70445008528753,17.848786490740693,45.0,58.75200000000002,30.95245008528751,17.0
-1,-83.88534473038305,13.445908296296304,52.0,54.81600000000002,29.06934473038303,17.0
-1,-64.74157186556332,10.895777824074072,50.0,49.056,15.685571865563324,13.0
-1,-98.9776239975491,14.11448107407405,46.0,62.68800000000002,36.289623997549086,20.0
-1,-95.67388736403429,17.062873597222204,62.0,60.38400000000003,35.28988736403425,21.0
-1,-84.70932295840373,15.794939703703688,49.0,55.872000000000014,28.83732295840371,18.0
-1,-106.04260370807036,19.84213270370368,57.0,63.840000000000025,42.20260370807032,21.0
-1,-103.23344026452963,17.403528259259236,65.0,68.64000000000001,34.59344026452963,20.0
-1,-76.23248575505035,17.38469679629628,50.0,52.99200000000001,23.240485755050337,14.0
-1,-81.50526187894566,17.426952648148117,52.0,50.11200000000002,31.39326187894564,19.0
-1,-79.47021347369795,12.003441754629632,40.0,50.592000000000006,28.878213473697944,20.0
-1,-87.18534505847236,16.80944673148146,46.0,49.82400000000002,37.36134505847234,21.0
-1,-84.16101411804426,13.511349689814802,46.0,47.71200000000002,36.449014118044246,23.0
-1,-108.10889480846052,19.52919981481476,55.0,65.56800000000004,42.54089480846049,21.0
-1,-100.09595520510814,14.09158389814813,44.0,54.81600000000002,45.27995520510812,22.0
-1,-92.0075164453872,15.945299328703689,48.0,58.84800000000003,33.15951644538717,19.0
-1,-101.68775306737818,18.520350708333297,59.0,60.57600000000003,41.11175306737815,20.0
-1,-95.46933789846943,16.154525921296305,48.0,58.94400000000002,36.52533789846941,19.0
-1,-73.48634199917082,9.789469148148154,43.0,50.01600000000001,23.4703419991708,18.0
-1,-93.03868830463614,18.2755813194444,50.0,58.56000000000002,34.47868830463612,18.0
-1,-86.28205642807929,14.552317939814808,50.0,51.360000000000014,34.92205642807927,21.0
-1,-88.09542608824559,21.776784643518493,47.0,52.32000000000002,35.77542608824557,18.0
-1,-77.23084658850601,16.068045796296257,48.0,48.19200000000001,29.03884658850601,18.0
-1,-92.12937068686968,11.248555884259266,36.0,46.65600000000001,45.47337068686968,21.0
-1,-83.56456725366891,16.155237773148144,49.0,51.744000000000014,31.82056725366889,18.0
-1,-82.97359886874825,15.983296995370374,39.0,48.57600000000001,34.39759886874825,19.0
-1,-78.52989550333271,14.82064063425925,40.0,47.90400000000001,30.625895503332696,19.0
-1,-84.78412364827042,15.520345310185196,43.0,54.33600000000001,30.44812364827041,16.0
-1,-99.90806480713866,19.76724616666659,71.0,65.76000000000003,34.148064807138624,20.0
-1,-82.11192245036196,13.988891694444424,38.0,53.568000000000005,28.543922450361958,15.0
-1,-69.98097356128369,15.923778439814816,45.0,45.50400000000001,24.47697356128368,16.0
-1,-90.81832093631414,11.887048254629612,54.0,61.72800000000001,29.09032093631412,16.0
-1,-71.21540421620122,12.514590874999994,43.0,48.38400000000001,22.83140421620121,17.0
-1,-95.16948486245435,17.86509662037031,57.0,58.75200000000003,36.41748486245432,22.0
-1,-92.51188830350114,17.125912944444416,51.0,64.12800000000003,28.383888303501102,18.0
-1,-93.74332119911648,18.46077965277776,46.0,56.928000000000026,36.81532119911646,18.0
-1,-87.58436948065957,17.814561592592554,57.0,62.11200000000003,25.472369480659538,17.0
-1,-78.98426431988013,15.493548768518526,52.0,58.75200000000002,20.23226431988011,15.0
-1,-83.53923037910664,15.875018064814803,40.0,46.84800000000001,36.69123037910662,18.0
-1,-91.16673476095238,16.741231027777747,58.0,66.24000000000002,24.92673476095236,13.0
-1,-78.64062076437227,17.432013671296293,54.0,54.52800000000001,24.11262076437225,15.0
-1,-92.93647303121476,14.98668534259258,51.0,50.01600000000002,42.92047303121472,23.0
-1,-82.83215423513204,20.192155092592525,49.0,55.29600000000002,27.536154235132024,13.0
-1,-73.041342132342,12.617307481481486,42.0,44.352,28.68934213234199,18.0
-1,-82.60195135827635,19.962481273148125,61.0,64.89600000000003,17.705951358276316,12.0
-1,-82.73821794948941,15.951912564814805,44.0,48.576000000000015,34.16221794948939,16.0
-1,-82.61614756260553,18.00069193518513,56.0,59.42400000000003,23.1921475626055,17.0
-1,-76.99137820251799,18.934077925925923,55.0,56.06400000000001,20.927378202517986,14.0
-1,-98.7535767863215,18.204609722222195,51.0,66.52800000000002,32.22557678632148,16.0
-1,-101.50511602799465,21.27990555092589,58.0,62.30400000000004,39.20111602799459,20.0
-1,-92.48905686412829,14.198976481481449,57.0,65.37600000000002,27.113056864128254,20.0
-1,-93.51414367263985,16.962956342592555,43.0,48.576000000000015,44.93814367263984,23.0
-1,-87.79324174291469,15.150938652777764,42.0,49.82400000000002,37.96924174291466,20.0
-1,-85.98215324422625,17.346926962962925,51.0,50.40000000000003,35.582153244226234,21.0
-1,-86.70545480786572,20.814480412036957,60.0,55.776000000000025,30.9294548078657,20.0
-1,-59.16800056657768,15.218286712962932,46.0,44.54400000000002,14.624000566577651,10.0
-1,-80.48065118311135,15.793750555555544,50.0,53.472000000000016,27.00865118311133,19.0
-1,-92.4604095740948,19.444220976851792,58.0,56.44800000000002,36.01240957409477,17.0
-1,-82.91080713920724,13.90385785648148,39.0,44.928,37.982807139207225,21.0
-1,-74.95442751022269,16.66674335648146,53.0,44.832000000000015,30.122427510222668,17.0
-1,-90.18483430146912,17.118209814814755,54.0,59.13600000000003,31.04883430146909,15.0
-1,-99.97984703853318,17.76174614351848,64.0,71.04000000000003,28.93984703853315,19.0
-1,-82.20104164664335,19.88647513425922,46.0,48.192000000000014,34.009041646643325,18.0
-1,-95.57044691102,17.56136268055552,53.0,63.552000000000014,32.01844691101999,19.0
-1,-78.60758725387124,12.718888055555544,53.0,56.54400000000001,22.063587253871237,15.0
-1,-85.66427646861419,15.163824736111096,52.0,60.960000000000015,24.70427646861418,18.0
-1,-77.9852427034542,14.598563634259254,42.0,49.05600000000002,28.929242703454182,18.0
-1,-105.36168460082368,20.286790879629567,71.0,73.34400000000002,32.017684600823664,19.0
-1,-70.42503562735428,9.67292799074074,39.0,50.40000000000002,20.025035627354253,14.0
-1,-79.58198009403566,12.053636810185168,46.0,54.91200000000002,24.66998009403564,18.0
-1,-90.24350786461557,15.356500078703668,47.0,51.74400000000002,38.49950786461555,22.0
-1,-89.52158752198926,19.489700194444417,53.0,53.184000000000026,36.33758752198924,16.0
-1,-64.06403377436072,12.41143898611111,43.0,49.53600000000001,14.52803377436072,12.0
-1,-91.09523543549072,21.12870356018513,50.0,60.38400000000004,30.711235435490675,16.0
-1,-107.85328202282876,17.789249879629555,61.0,68.06400000000002,39.78928202282872,21.0
-1,-90.79420726162472,14.309214509259244,39.0,47.71200000000002,43.08220726162472,22.0
-1,-84.15174731269656,14.371272587962956,48.0,53.08800000000001,31.063747312696552,20.0
-1,-74.94014843702767,13.247918629629602,43.0,47.13600000000002,27.804148437027653,13.0
-1,-90.57021187387453,17.65391361111109,51.0,56.73600000000003,33.83421187387449,19.0
-1,-73.19553098904139,16.47580422685184,42.0,46.464000000000006,26.73153098904138,17.0
-1,-82.2653067372255,10.721432231481494,37.0,45.216000000000015,37.049306737225486,22.0
-1,-92.79721080478436,18.48538519907404,47.0,56.44800000000002,36.349210804784335,20.0
-1,-90.52311351139603,21.436601416666623,50.0,58.65600000000003,31.86711351139601,15.0
-1,-85.57800861629761,18.000787560185167,47.0,58.46400000000002,27.1140086162976,16.0
-1,-97.27829783164034,19.74219618518515,57.0,65.76000000000002,31.518297831640325,19.0
-1,-76.38786698729929,14.473311273148122,49.0,48.00000000000002,28.387866987299272,21.0
-1,-76.38524956979299,12.768944782407406,53.0,51.55200000000002,24.833249569792976,16.0
-1,-80.70760764791791,16.666159023148122,52.0,57.69600000000003,23.011607647917877,16.0
-1,-61.70331400361715,14.754189111111089,45.0,49.72800000000001,11.97531400361714,10.0
-1,-93.1254258948418,16.941845722222187,40.0,55.00800000000002,38.1174258948418,20.0
-1,-83.40655975956615,14.883520643518525,45.0,50.30400000000002,33.10255975956613,19.0
-1,-86.23075623459503,20.35083050462956,63.0,67.77600000000001,18.45475623459502,13.0
-1,-92.68119454609428,16.732163662037024,48.0,51.26400000000001,41.41719454609427,21.0
-1,-90.99706902838412,19.88825412037034,52.0,67.10400000000003,23.893069028384105,14.0
-1,-71.94104940450954,19.86333292129625,51.0,53.47200000000002,18.46904940450952,13.0
-1,-88.71846229110315,16.03477162037036,45.0,55.58400000000002,33.13446229110314,17.0
-1,-89.93635741124962,16.773799916666658,59.0,60.19200000000004,29.74435741124957,20.0
-1,-85.9033565414102,15.196606115740746,45.0,49.82400000000001,36.0793565414102,21.0
-1,-88.88367121090073,15.136892398148158,54.0,62.97600000000002,25.90767121090072,18.0
-1,-78.15484562845432,13.519630921296294,41.0,42.14400000000001,36.010845628454305,21.0
-1,-76.2581677635484,13.385057282407413,39.0,45.31200000000001,30.946167763548388,19.0
-1,-86.80161263391884,25.25499124999997,60.0,65.18400000000003,21.617612633918807,12.0
-1,-98.85671385223011,19.516544069444414,70.0,63.74400000000003,35.11271385223008,17.0
-1,-68.97900465724649,10.34639868055555,39.0,40.03200000000001,28.947004657246477,20.0
-1,-87.60112092332236,16.180943365740728,47.0,54.81600000000002,32.785120923322346,20.0
-1,-94.43297747051464,17.2517575046296,55.0,60.96000000000003,33.472977470514614,20.0
-1,-90.11585403169104,10.80087419907406,40.0,50.68800000000002,39.42785403169101,24.0
-1,-92.76340311996016,17.816922254629624,52.0,61.92000000000002,30.84340311996013,15.0
-1,-63.94391898570333,13.779159013888886,45.0,48.192000000000014,15.751918985703314,13.0
-1,-89.3127692876693,18.778491486111047,54.0,59.52000000000002,29.792769287669277,18.0
-1,-77.20792022905079,14.745552958333334,46.0,56.92800000000002,20.27992022905077,14.0
-1,-84.17117675235801,16.055670810185187,44.0,50.11200000000001,34.05917675235799,18.0
-1,-94.0584555553506,13.34732247685183,38.0,48.86400000000001,45.194455555350594,24.0
-1,-82.72469722238789,11.079629981481492,45.0,51.36000000000002,31.364697222387864,16.0
-1,-94.92676565026976,18.406570675925867,72.0,73.92000000000003,21.006765650269724,16.0
-1,-82.47323809551727,10.420278319444444,48.0,56.928000000000026,25.54523809551725,18.0
-1,-109.06899803346408,16.99492943981478,57.0,57.696000000000026,51.37299803346404,24.0
-1,-92.67097833136448,19.45123167129625,61.0,68.35200000000002,24.318978331364463,16.0
-1,-79.57329706362628,20.73497702777772,53.0,51.84000000000002,27.73329706362627,17.0
-1,-89.40638480561555,23.734625037037013,56.0,66.04800000000003,23.358384805615515,12.0
-1,-93.9441043419873,18.377983916666643,47.0,54.33600000000002,39.60810434198728,19.0
-1,-79.54646361902356,14.377942185185187,53.0,51.07200000000001,28.474463619023545,20.0
-1,-86.59975373931637,20.19798277314812,65.0,69.88799999999999,16.711753739316382,12.0
-1,-78.25929831095128,25.269934768518475,69.0,58.848000000000006,19.411298310951278,12.0
-1,-89.52021519010815,18.33076554166661,62.0,59.61600000000003,29.904215190108115,20.0
-1,-77.5972211665005,16.016897597222215,38.0,44.92800000000001,32.6692211665005,16.0
-1,-95.9180643099754,18.91897490277773,58.0,65.18400000000001,30.734064309975388,19.0
-1,-68.3236453079391,13.638023439814813,39.0,39.26400000000001,29.0596453079391,17.0
-1,-92.836159117029,17.205574416666646,51.0,59.80800000000003,33.02815911702897,18.0
-1,-84.68808705048207,18.002292597222205,54.0,61.15200000000002,23.536087050482053,14.0
-1,-96.42212248767312,15.36613088888888,61.0,67.39200000000002,29.03012248767308,20.0
-1,-82.1279084833467,13.2511892037037,47.0,56.160000000000025,25.96790848334668,17.0
-1,-89.21900628006996,16.191399143518503,59.0,66.048,23.17100628006996,16.0
-1,-88.49745131042602,15.1714316435185,47.0,52.032000000000025,36.46545131042599,20.0
-1,-83.15041267892161,13.948190365740736,47.0,54.432000000000016,28.71841267892159,18.0
-1,-93.37749441865036,16.59699081944444,50.0,62.40000000000003,30.977494418650345,17.0
-1,-85.37261843178791,14.979986143518492,56.0,53.28000000000003,32.09261843178788,22.0
-1,-93.4124048423374,19.93141676851846,57.0,60.57600000000003,32.836404842337366,17.0
-1,-93.83493005539142,14.86248849074073,44.0,52.992000000000026,40.842930055391406,22.0
-1,-79.68999526670683,16.89163759259256,51.0,49.728,29.961995266706825,19.0
-1,-79.70215026799033,15.8416888287037,49.0,54.24000000000002,25.462150267990317,16.0
-1,-93.92714436969756,17.671009601851825,74.0,66.81600000000003,27.11114436969753,20.0
-1,-99.0405164435162,16.203927976851833,60.0,59.80800000000004,39.23251644351617,19.0
-1,-107.69945915144848,18.840259870370318,72.0,76.41600000000004,31.283459151448437,17.0
-1,-92.1474848020397,19.07202661111108,60.0,62.304000000000016,29.843484802039686,19.0
-1,-110.60826254644287,17.656044407407368,64.0,61.82400000000004,48.78426254644284,24.0
-1,-81.95549008810735,13.474083194444438,47.0,47.13600000000001,34.81949008810735,22.0
-1,-95.41101269193553,16.68396613425924,56.0,59.90400000000002,35.507012691935515,23.0
-1,-76.82654546245789,16.865791574074056,52.0,52.22400000000001,24.60254546245788,14.0
-1,-89.32907967219352,15.970850902777755,65.0,61.72800000000003,27.60107967219348,17.0
-1,-79.83462041806321,15.610860643518524,49.0,54.14400000000002,25.690620418063197,16.0
-1,-80.65290044208948,18.08439820370369,55.0,59.61600000000003,21.036900442089443,14.0
-1,-111.23775277980506,19.04660080092588,66.0,75.55200000000004,35.68575277980503,19.0
-1,-81.347167211385,13.66700632407406,52.0,53.664000000000016,27.683167211384987,19.0
-1,-86.35257879602008,15.937360745370382,49.0,54.43200000000003,31.920578796020045,18.0
-1,-84.82953195068798,17.23412054629627,45.0,57.312000000000026,27.517531950687957,15.0
-1,-81.08938065605679,22.1494649398148,53.0,55.968000000000025,25.121380656056765,14.0
-1,-85.72410938623798,18.8871322453703,60.0,59.42400000000001,26.300109386237978,17.0
-1,-92.64446263618072,16.82809481481478,56.0,59.424000000000014,33.22046263618071,20.0
-1,-79.69933301333016,12.72404635648147,53.0,58.84800000000002,20.851333013330137,11.0
-1,-79.87637097278775,12.426807254629615,50.0,53.568000000000005,26.308370972787756,17.0
-1,-79.7122769033383,16.747218453703677,52.0,57.21600000000001,22.496276903338305,14.0
-1,-98.85979492021924,18.9134762268518,59.0,66.33600000000004,32.52379492021919,18.0
-1,-99.46392315158236,18.248204143518457,56.0,59.61600000000003,39.84792315158232,21.0
-1,-85.81310697418597,22.24907841666663,53.0,54.91200000000002,30.90110697418595,18.0
-1,-101.51152611371822,12.933979861111093,49.0,54.72000000000001,46.791526113718206,24.0
-1,-88.44335618948044,13.049930884259242,47.0,57.79200000000002,30.65135618948042,17.0
-1,-81.20998259229228,13.953554467592562,49.0,60.768000000000015,20.441982592292263,15.0
-1,-115.02790623037366,16.674686138888852,63.0,76.12800000000004,38.89990623037362,24.0
-1,-80.92320360840131,15.269029564814804,51.0,49.05600000000001,31.867203608401297,20.0
-1,-85.10692947568572,16.78993733796293,54.0,53.47200000000002,31.634929475685688,18.0
-1,-84.25895024646002,15.433002120370348,45.0,51.93600000000002,32.32295024645999,18.0
-1,-106.0139961547047,17.3556916435185,55.0,72.28800000000003,33.725996154704674,20.0
-1,-82.86501366654217,17.83128333796293,46.0,54.048000000000016,28.81701366654215,16.0
-1,-104.80069762413224,21.08637183333327,54.0,66.04800000000003,38.75269762413221,18.0
-1,-91.02530837201942,20.495298287036977,70.0,75.55200000000004,15.473308372019387,9.0
-1,-76.02927039922672,15.732548175925912,46.0,50.40000000000001,25.6292703992267,15.0
-1,-100.37682130416236,15.518552069444434,46.0,58.94400000000002,41.43282130416232,19.0
-1,-108.93582920008276,19.47638279629622,66.0,79.00800000000002,29.92782920008274,18.0
-1,-77.03362952472992,16.91984458796293,42.0,52.128000000000014,24.90562952472991,15.0
-1,-96.6059125818012,13.72400868055554,51.0,55.77600000000003,40.82991258180115,22.0
-1,-83.22681358781776,18.32000026388887,54.0,60.09600000000002,23.13081358781773,15.0
-1,-106.40427081861748,14.968290249999974,57.0,72.38400000000003,34.02027081861746,21.0
-1,-76.21828824762495,17.539885898148146,46.0,55.10400000000001,21.11428824762494,13.0
-1,-103.56447379830796,16.42537133796294,59.0,63.36000000000002,40.20447379830796,22.0
-1,-94.74911255436268,13.7126728425926,47.0,49.056,45.69311255436268,25.0
-1,-91.3922653944502,17.95401586574069,52.0,68.44800000000002,22.94426539445017,14.0
-1,-85.13922656403106,15.316812694444437,44.0,61.82400000000002,23.315226564031047,13.0
-1,-101.64958159644851,20.28548322685176,58.0,60.76800000000002,40.881581596448505,24.0
-1,-95.44347908190838,15.23893258796295,43.0,56.64000000000002,38.80347908190835,24.0
-1,-114.19344788114742,12.880257773148122,55.0,67.10400000000003,47.08944788114739,20.0
-1,-75.66533995683125,9.440734412037049,43.0,53.280000000000015,22.385339956831224,14.0
-1,-105.10127551768662,17.93727635648143,52.0,58.08000000000003,47.02127551768658,23.0
-1,-86.81027406154114,15.008394518518523,52.0,50.112000000000016,36.69827406154112,20.0
-1,-113.26085503754766,16.844934384259194,44.0,62.40000000000003,50.86085503754764,23.0
-1,-79.73522951041662,15.160431097222204,45.0,53.95200000000001,25.783229510416604,16.0
-1,-58.59755776183267,8.766962976851868,39.0,49.632000000000005,8.965557761832661,8.0
-1,-77.88140253254244,13.14954780092592,45.0,47.71200000000002,30.169402532542414,18.0
-1,-81.72331551743895,14.858564712962938,50.0,60.00000000000003,21.723315517438927,16.0
-1,-86.39881147763144,13.930149259259244,50.0,53.85600000000002,32.54281147763142,20.0
-1,-89.24590774251514,19.833615888888893,51.0,58.94400000000002,30.301907742515123,18.0
-1,-104.4164417246634,22.0323762685185,75.0,75.07200000000003,29.344441724663376,16.0
-1,-89.57769365690905,18.083022212962927,51.0,56.25600000000002,33.32169365690902,18.0
-1,-94.60929944796116,20.15544122685178,50.0,58.36800000000003,36.241299447961126,19.0
-1,-80.42714135451956,13.399850055555545,52.0,62.11200000000001,18.31514135451956,12.0
-1,-96.1569314008453,16.301752324074066,45.0,54.240000000000016,41.91693140084528,22.0
-1,-87.11499929235507,19.199997069444407,49.0,55.87200000000002,31.24299929235505,18.0
-1,-88.38631563716739,16.55408075462962,46.0,60.76800000000003,27.61831563716736,17.0
-1,-82.19839798551786,18.932850499999947,50.0,51.93600000000002,30.26239798551784,19.0
-1,-87.20892696190947,16.4005870787037,56.0,56.16000000000001,31.048926961909466,18.0
-1,-101.8385101898615,18.386147319444376,61.0,62.88000000000003,38.95851018986146,21.0
-1,-78.84714209306335,13.392676745370364,44.0,50.88,27.967142093063345,19.0
-1,-83.99996566520204,14.48179016203704,45.0,56.54400000000002,27.45596566520202,19.0
-1,-84.82577014722109,10.281202731481482,37.0,47.32800000000002,37.49777014722108,23.0
-1,-77.3545700632958,13.4058954537037,40.0,52.704000000000015,24.650570063295778,17.0
-1,-76.36869126462378,12.385165046296285,51.0,59.23200000000002,17.13669126462376,14.0
-1,-98.6985202345814,15.663839087962929,50.0,57.408000000000015,41.29052023458139,21.0
-1,-90.44422277481942,12.724433287037035,47.0,57.60000000000003,32.844222774819386,22.0
-1,-79.8935969609436,11.912440337962956,51.0,47.23200000000002,32.661596960943584,19.0
-1,-92.5448337449216,20.009302254629542,57.0,65.95200000000003,26.592833744921577,19.0
-1,-97.82804072253307,14.706513874999974,52.0,62.112000000000016,35.71604072253306,22.0
-1,-79.99842092149106,17.970971333333313,50.0,54.62400000000002,25.37442092149103,15.0
-1,-95.03755203984636,20.43530360648142,60.0,59.61600000000003,35.42155203984632,20.0
-1,-76.81603603090659,22.1731639351852,49.0,56.83200000000001,19.984036030906587,11.0
-1,-83.48423132861072,17.405430740740716,54.0,57.31200000000002,26.172231328610707,17.0
-1,-83.74622478245523,18.63458819907405,46.0,54.52800000000003,29.2182247824552,19.0
-1,-101.28238154968368,15.965078620370347,62.0,65.08800000000004,36.19438154968366,18.0
-1,-96.49575302721688,21.62365097685182,56.0,69.79200000000003,26.703753027216862,16.0
-1,-94.02410864279004,21.100027527777744,66.0,69.12000000000003,24.904108642789986,15.0
-1,-90.13597938071716,14.438793300925912,53.0,65.85600000000002,24.279979380717123,17.0
-1,-80.43166136742731,14.359209574074043,44.0,56.06400000000002,24.36766136742729,19.0
-1,-68.24902953329624,17.341186689814794,47.0,51.64800000000001,16.60102953329622,13.0
-1,-80.21469403684956,12.75264572685184,47.0,53.08800000000002,27.12669403684954,18.0
-1,-81.83850478716415,16.24658019444443,48.0,54.62400000000001,27.21450478716415,15.0
-1,-82.69926608274685,23.43800449537038,57.0,66.91200000000003,15.78726608274681,12.0
-1,-91.3315724251374,18.51153914814813,47.0,52.99200000000002,38.33957242513739,17.0
-1,-106.73937231066644,17.496738120370324,57.0,66.14400000000003,40.59537231066641,19.0
-1,-91.39982062221084,19.067387388888825,54.0,57.88800000000003,33.51182062221081,19.0
-1,-146.63517653337504,16.094544606481445,74.0,110.01600000000006,36.61917653337498,21.0
-1,-78.7471490532175,12.55151950925925,45.0,50.59200000000002,28.155149053217485,18.0
-1,-97.5578388671328,13.377352324074067,45.0,59.52000000000002,38.03783886713277,20.0
-1,-89.02906310888355,24.02129481944445,56.0,58.75200000000002,30.277063108883528,14.0
-1,-67.1628857799524,19.74340616203703,52.0,48.000000000000014,19.1628857799524,14.0
-1,-98.52484945360726,17.429232444444384,53.0,63.26400000000002,35.26084945360724,19.0
-1,-72.24211538275216,18.15989100462964,45.0,43.488000000000014,28.754115382752158,18.0
-1,-79.87004674501392,16.472257148148124,54.0,52.89600000000002,26.9740467450139,20.0
-1,-90.57389984400598,19.92709594444441,57.0,62.208000000000006,28.36589984400597,17.0
-1,-83.63534329826317,15.60682187037036,47.0,55.20000000000002,28.43534329826315,19.0
-1,-72.7124645694768,14.138982111111094,41.0,48.38400000000002,24.32846456947677,17.0
-1,-86.63563221252397,13.571572000000003,41.0,56.25600000000001,30.37963221252397,15.0
-1,-79.57246454069124,11.91643139814814,39.0,51.45600000000002,28.116464540691226,17.0
-1,-94.4240335795346,16.03938670370368,48.0,58.84800000000002,35.576033579534574,18.0
-1,-88.06829836679074,20.7421471898148,60.0,66.04800000000003,22.020298366790705,14.0
-1,-75.43523223038969,15.09249360185184,51.0,52.12800000000001,23.307232230389687,16.0
-1,-69.47517040097966,15.94815645370368,46.0,50.11200000000001,19.363170400979648,13.0
-1,-100.92736699213032,17.032745662036966,56.0,68.44800000000002,32.47936699213031,20.0
-1,-83.23635818868601,15.462087138888878,44.0,53.56800000000001,29.668358188686007,19.0
-1,-89.06293346415585,15.161417731481473,48.0,61.056000000000026,28.00693346415582,20.0
-1,-85.67493792336863,18.59151608796291,54.0,65.08800000000002,20.58693792336861,13.0
-1,-69.09543221071034,14.394468458333318,40.0,46.656000000000006,22.439432210710333,16.0
-1,-92.28021705282406,24.42754445833324,73.0,71.23200000000003,21.04821705282403,10.0
-1,-93.58724205053856,14.519114259259258,52.0,58.84800000000002,34.73924205053853,19.0
-1,-79.599951923746,13.39185243055555,39.0,52.704000000000015,26.895951923745987,18.0
-1,-85.96426635635409,15.812439157407384,47.0,58.75200000000002,27.21226635635406,18.0
-1,-85.4930709352792,7.667346319444442,44.0,50.496000000000016,34.9970709352792,23.0
-1,-75.28435321765349,15.573019495370357,43.0,51.360000000000014,23.92435321765347,16.0
-1,-90.82629064564492,18.58015362499996,58.0,56.544,34.282290645644906,17.0
-1,-82.749532999362,17.28749689351847,47.0,61.440000000000026,21.30953299936198,14.0
-1,-89.1348964445307,20.92212527314809,52.0,61.92000000000003,27.21489644453067,14.0
-1,-90.45646689064176,16.355505902777757,49.0,54.04800000000002,36.408466890641726,20.0
-1,-92.70455667057028,17.408770379629566,48.0,63.26400000000002,29.440556670570253,20.0
-1,-75.49961540833812,15.44991684259258,44.0,54.72000000000002,20.779615408338096,13.0
-1,-93.8426259208984,18.384400097222176,50.0,62.11200000000002,31.730625920898365,16.0
-1,-86.85258055015214,13.399383300925942,38.0,52.512000000000015,34.340580550152126,19.0
-1,-83.76227981668107,14.336847393518516,50.0,63.74400000000002,20.01827981668105,15.0
-1,-110.27475591466056,17.66697415277773,58.0,63.07200000000004,47.202755914660514,23.0
-1,-75.51866129330844,16.310009847222204,51.0,49.24800000000002,26.27066129330842,18.0
-1,-82.17441966412684,25.051686074074077,58.0,57.50400000000001,24.67041966412684,12.0
-1,-73.23341969897999,17.33983553240739,43.0,50.68800000000002,22.54541969897996,14.0
-1,-85.86748072867798,17.54229700925925,44.0,51.64800000000002,34.219480728677965,18.0
-1,-68.3149879541798,14.325189699074093,43.0,52.99200000000001,15.322987954179789,11.0
-1,-97.01824832441388,19.044683925925856,60.0,63.74400000000003,33.27424832441387,20.0
-1,-111.20040993404132,19.52319826388883,67.0,74.01600000000003,37.18440993404128,23.0
-1,-94.89248620644024,14.166746166666664,49.0,62.01600000000003,32.87648620644023,19.0
-1,-82.88026317787208,15.57818548148144,43.0,57.69600000000002,25.18426317787205,18.0
-1,-69.42314791434909,16.44741468981479,56.0,55.10400000000002,14.319147914349063,10.0
-1,-87.67803279846925,18.214934759259183,49.0,58.65600000000001,29.022032798469223,17.0
-1,-91.28275207211044,17.414878023148102,51.0,54.14400000000003,37.13875207211043,22.0
-1,-73.28458160987411,18.284535435185187,48.0,50.016000000000005,23.2685816098741,15.0
-1,-95.76580387435096,16.622085425925874,50.0,62.68800000000003,33.07780387435091,17.0
-1,-84.52111499826918,16.6533451898148,53.0,49.15200000000002,35.36911499826917,22.0
-1,-105.79582980142465,19.516375995370336,58.0,70.56000000000004,35.235829801424586,19.0
-1,-87.38932696661283,16.58854795833332,45.0,58.27200000000003,29.117326966612808,16.0
-1,-90.56459957629956,14.24285531018517,49.0,59.23200000000002,31.332599576299533,19.0
-1,-96.80592095517356,21.761562768518445,59.0,62.208000000000034,34.59792095517352,19.0
-1,-92.8666235511978,17.128698731481467,51.0,60.96000000000002,31.906623551197782,19.0
-1,-106.321651859481,17.713216027777758,57.0,62.68800000000003,43.63365185948098,21.0
-1,-81.54506741894934,17.199395393518515,56.0,63.16800000000003,18.377067418949323,12.0
-1,-75.59862384515421,15.111845046296295,41.0,50.88000000000002,24.71862384515419,17.0
-1,-78.27107072330648,14.05002775925926,52.0,53.76000000000001,24.511070723306467,15.0
-1,-81.41013145950183,20.08948707407405,56.0,56.06400000000002,25.34613145950181,15.0
-1,-103.0330211293648,15.929168777777722,49.0,63.45600000000004,39.57702112936477,20.0
-1,-89.5229320715815,17.648655129629613,51.0,58.94400000000003,30.578932071581452,17.0
-1,-80.34814386325564,12.267572175925922,44.0,48.86400000000002,31.484143863255625,18.0
-1,-94.81470507118422,17.22168876388886,56.0,65.85600000000002,28.958705071184205,18.0
-1,-103.5049084302756,20.27666600462958,55.0,63.26400000000003,40.24090843027557,21.0
-1,-86.51676202426412,13.33974875462962,45.0,53.08800000000002,33.42876202426411,21.0
-1,-90.09893329126986,15.90243331018516,57.0,69.40800000000003,20.69093329126983,15.0
-1,-86.5985867401862,18.01841235648144,59.0,63.55200000000003,23.04658674018618,17.0
-1,-82.57236682490208,20.28595766666663,53.0,56.44800000000003,26.124366824902047,17.0
-1,-82.26810892146068,13.54567878240741,48.0,55.29600000000002,26.972108921460656,18.0
-1,-75.71764241153656,14.345278800925902,40.0,52.12800000000002,23.58964241153654,15.0
-1,-97.95127097866384,18.68894167129629,53.0,55.68000000000002,42.27127097866383,19.0
-1,-101.35589390487688,17.649368712962907,55.0,66.52800000000003,34.82789390487684,20.0
-1,-78.33712469916759,16.022833037037028,59.0,53.184000000000026,25.15312469916756,16.0
-1,-96.74269538814472,17.699798624999985,50.0,61.15200000000002,35.59069538814469,20.0
-1,-92.02469553218164,15.920308259259238,48.0,66.43200000000003,25.592695532181608,15.0
-1,-91.89304978717604,23.681729564814795,59.0,69.31200000000003,22.581049787176,14.0
-1,-67.21798740435841,14.894952009259226,39.0,39.45600000000002,27.7619874043584,17.0
-1,-115.24837173637545,15.314277365740695,64.0,73.05600000000004,42.19237173637541,21.0
-1,-80.07713768002989,16.443304449074063,49.0,56.352000000000025,23.725137680029874,16.0
-1,-75.72796729989078,11.27041258333334,36.0,47.904,27.82396729989078,16.0
-1,-99.22151105201802,16.806692888888865,53.0,59.71200000000003,39.509511052017984,21.0
-1,-86.24389303643258,19.16761297685184,54.0,50.68800000000002,35.55589303643255,21.0
-1,-72.80692449208831,18.81509668518516,58.0,50.20800000000003,22.59892449208829,16.0
-1,-84.66017872748762,12.905724412037024,40.0,55.87200000000002,28.78817872748759,17.0
-1,-91.09889323220946,15.30781387962962,44.0,62.78400000000001,28.31489323220945,17.0
-1,-105.70786178568808,23.98061258796288,66.0,67.10400000000003,38.60386178568804,22.0
-1,-86.74338123648923,13.79653616203703,43.0,56.06400000000002,30.679381236489206,18.0
-1,-87.55402447287567,18.609943259259232,49.0,55.00800000000002,32.54602447287565,17.0
-1,-101.93766575463204,16.986006912037002,55.0,73.05600000000004,28.881665754632,17.0
-1,-81.31901019317601,14.817756356481468,46.0,54.81600000000002,26.503010193176003,17.0
-1,-88.2858132871532,13.809147828703708,42.0,57.21600000000002,31.06981328715318,20.0
-1,-85.16792960252803,13.0727011574074,40.0,45.88800000000001,39.279929602528014,20.0
-1,-87.08061161761725,18.39235311111105,50.0,58.17600000000002,28.904611617617224,19.0
-1,-81.38833516903078,13.150436898148127,46.0,58.27200000000001,23.11633516903077,18.0
-1,-94.9352058361936,15.268697189814798,40.0,56.640000000000015,38.29520583619359,19.0
-1,-84.15886572378075,16.95951511111109,50.0,57.120000000000026,27.03886572378072,17.0
-1,-79.13666288646733,19.245342611111067,51.0,48.86400000000002,30.27266288646732,16.0
-1,-87.70504775383729,20.840119763888826,57.0,58.84800000000001,28.857047753837275,17.0
-1,-87.55991278046957,15.6578904444444,40.0,52.22400000000002,35.33591278046956,22.0
-1,-80.22310225024509,15.101020078703682,41.0,53.95200000000002,26.27110225024508,15.0
-1,-84.59969819272347,15.577282685185189,51.0,61.440000000000026,23.159698192723443,16.0
-1,-85.01623808781076,10.431291750000009,38.0,41.664000000000016,43.35223808781074,25.0
-1,-84.10386571224868,16.76985623148148,50.0,66.43200000000002,17.671865712248657,13.0
-1,-120.41722749266486,23.59437669444437,69.0,70.56000000000004,49.85722749266481,22.0
-1,-93.11327847924048,16.65980381018517,60.0,53.18400000000002,39.92927847924047,22.0
-1,-81.66057285417506,19.05109051851852,59.0,62.208000000000034,19.452572854175024,12.0
-1,-91.65012395001293,14.88822936111108,50.0,60.096000000000025,31.5541239500129,20.0
-1,-85.85180962427032,15.616292444444412,55.0,57.02400000000002,28.82780962427029,15.0
-1,-98.2018554956479,13.361944120370357,55.0,60.00000000000002,38.20185549564789,18.0
-1,-103.49483223374848,15.647769490740709,44.0,53.568000000000026,49.926832233748456,22.0
-1,-88.97844307915292,14.912181592592583,56.0,49.24800000000002,39.7304430791529,23.0
-1,-84.23127186307502,10.894828250000003,45.0,60.67200000000002,23.55927186307501,16.0
-1,-86.92713630913354,12.49610270833331,39.0,48.96000000000001,37.96713630913354,19.0
-1,-89.72891688895174,22.57819169444442,62.0,55.29600000000002,34.43291688895172,20.0
-1,-88.68994244641786,20.134500638888827,47.0,50.97600000000002,37.71394244641784,18.0
-1,-86.96854089081805,17.068495120370358,48.0,48.76800000000002,38.200540890818026,19.0
-1,-78.56606102998046,21.11476392129625,52.0,54.52800000000003,24.038061029980422,13.0
-1,-95.21467085935068,15.581045986111064,48.0,57.40800000000002,37.80667085935067,21.0
-1,-118.94052612174272,24.80774606481475,71.0,70.36800000000005,48.57252612174266,22.0
-1,-102.9358308984129,15.309688662037011,59.0,59.13600000000002,43.79983089841288,23.0
-1,-84.79939332159002,17.552522148148125,55.0,53.08800000000003,31.711393321589988,20.0
-1,-79.27807878157789,18.19715724074069,46.0,50.78400000000002,28.49407878157787,17.0
-1,-85.84194197437202,16.27122525925924,42.0,51.936000000000014,33.905941974372,20.0
-1,-85.11954566714152,17.010782805555536,48.0,53.66400000000002,31.455545667141497,19.0
-1,-93.79511683917512,16.697283787037,47.0,57.60000000000002,36.1951168391751,17.0
-1,-83.44428730536153,15.512805990740713,48.0,57.02400000000002,26.4202873053615,18.0
-1,-94.87530262749786,16.6457487731481,50.0,60.096000000000025,34.77930262749784,19.0
-1,-90.93354017950232,23.542848925925885,63.0,60.38400000000002,30.54954017950231,16.0
-1,-98.169398402398,18.20468268981479,51.0,64.51200000000003,33.657398402397966,20.0
-1,-87.00865466209979,18.76373823148145,57.0,61.920000000000016,25.088654662099778,14.0
-1,-88.45995290615724,17.323202365740745,61.0,58.08000000000003,30.379952906157214,18.0
-1,-90.76591130227224,18.03402256481477,45.0,55.58400000000002,35.181911302272205,19.0
-1,-98.6497433188495,23.14699922222219,62.0,68.64000000000003,30.009743318849477,14.0
-1,-101.70381350112488,16.398021592592567,51.0,60.864000000000026,40.83981350112484,21.0
-1,-95.8449532168936,20.587280902777724,61.0,62.97600000000003,32.86895321689357,16.0
-1,-134.09462772178537,18.19137487499996,67.0,68.06400000000004,66.03062772178534,24.0
-1,-70.5384232522637,17.646143912037036,47.0,52.41600000000002,18.122423252263683,12.0
-1,-94.78732521337768,15.42684540277776,48.0,58.176000000000016,36.61132521337765,22.0
-1,-90.24848647158676,16.40673293518517,47.0,51.07200000000001,39.17648647158676,21.0
-1,-97.65714535388967,21.09717481018513,58.0,59.71200000000003,37.94514535388966,19.0
-1,-94.77973787056462,18.59062686111102,54.0,59.13600000000003,35.64373787056459,20.0
-1,-96.69734949775906,16.142366958333312,40.0,57.792000000000016,38.90534949775904,17.0
-1,-88.382846272837,15.681171694444426,50.0,60.00000000000002,28.382846272836986,19.0
-1,-92.59549962300576,21.21161334259255,60.0,66.04800000000003,26.547499623005727,14.0
-1,-97.52462397729278,15.819302134259246,56.0,58.080000000000034,39.44462397729275,21.0
-1,-83.00785648309636,21.47122086574068,54.0,54.91200000000001,28.095856483096345,17.0
-1,-80.86279938505405,13.929336800925912,48.0,53.28000000000002,27.582799385054017,18.0
-1,-84.42208941187857,11.931564236111097,38.0,43.20000000000001,41.22208941187857,22.0
-1,-72.47638935568126,12.9296065787037,41.0,43.29600000000001,29.180389355681257,18.0
-1,-93.87423166068416,16.390823754629604,50.0,59.13600000000002,34.73823166068412,18.0
-1,-83.73711959376354,17.268574328703693,47.0,51.26400000000002,32.47311959376353,17.0
-1,-77.67345852579399,18.25975510648145,51.0,60.57600000000003,17.097458525793954,13.0
-1,-92.1219532656556,19.43751608796292,54.0,59.32800000000002,32.79395326565557,20.0
-1,-85.53178822411151,16.237814412037025,57.0,52.128000000000014,33.403788224111494,20.0
-1,-80.51465052894387,15.186165907407403,41.0,48.576000000000015,31.93865052894386,17.0
-1,-83.36731439678059,21.997424787036987,59.0,60.19200000000004,23.175314396780557,15.0
-1,-84.93343572674215,14.919850564814784,45.0,58.46400000000001,26.469435726742127,17.0
-1,-85.57537533632825,17.60684514814813,44.0,47.424000000000014,38.15137533632823,22.0
-1,-103.93003650141569,17.241356476851813,58.0,56.16000000000003,47.77003650141564,22.0
-1,-84.15365746952814,13.98911086574075,44.0,52.128000000000014,32.02565746952813,18.0
-1,-83.7832961297031,12.242048703703706,39.0,50.976000000000006,32.807296129703104,19.0
-1,-90.51545538258124,16.449988319444447,58.0,59.80800000000002,30.707455382581237,19.0
-1,-86.805138393787,18.36347863888888,54.0,65.08800000000002,21.717138393786986,14.0
-1,-99.63137313464478,18.58922599537032,58.0,61.056000000000026,38.57537313464476,22.0
-1,-78.50209256781521,15.501082708333335,47.0,51.648000000000025,26.854092567815183,17.0
-1,-87.41637437935503,12.6595451574074,43.0,51.45600000000002,35.960374379355,21.0
-1,-86.2466240507132,15.027402935185147,52.0,57.69600000000001,28.550624050713186,21.0
-1,-89.12276149331011,15.66130333796296,51.0,58.176000000000016,30.94676149331009,21.0
-1,-75.65900567612732,15.559367861111111,50.0,47.04000000000001,28.619005676127315,18.0
-1,-84.24505174546815,16.158455532407388,47.0,54.14400000000003,30.10105174546812,19.0
-1,-81.76948479737862,20.78405151851848,63.0,57.02400000000002,24.7454847973786,15.0
-1,-106.89175610083942,16.191363092592557,57.0,64.32000000000004,42.57175610083939,22.0
-1,-76.66137437218694,15.247918574074044,48.0,52.51200000000002,24.14937437218692,16.0
-1,-87.87494991815265,16.293208861111093,67.0,61.92000000000003,25.95494991815263,17.0
-1,-70.61012670271445,13.788285083333315,47.0,54.336,16.274126702714458,10.0
-1,-65.55379717851596,13.18710004629629,51.0,50.30400000000001,15.24979717851596,11.0
-1,-123.12085028143504,16.422036439814804,57.0,68.64000000000004,54.48085028143498,23.0
-1,-103.7545731331222,23.28520023148138,67.0,71.32800000000003,32.426573133122176,19.0
-1,-78.61558059194131,12.374273666666662,33.0,42.33600000000001,36.2795805919413,21.0
-1,-80.00841239622113,18.000770143518526,45.0,50.88000000000002,29.12841239622111,17.0
-1,-94.93867342874842,19.78626337499998,52.0,53.76000000000002,41.1786734287484,19.0
-1,-85.35120403397366,17.971665990740714,55.0,61.056000000000026,24.295204033973626,15.0
-1,-80.81933028547415,9.785221657407416,44.0,46.36800000000002,34.45133028547413,22.0
-1,-83.2278097369352,17.277903101851862,48.0,56.83200000000002,26.395809736935185,16.0
-1,-94.2347926429985,21.1209849398148,55.0,59.71200000000002,34.52279264299848,17.0
-1,-80.63135530609217,15.85640279629628,43.0,50.59200000000002,30.039355306092155,19.0
-1,-114.81184089150774,19.262807013888832,65.0,84.86400000000003,29.947840891507717,19.0
-1,-58.05269012278822,10.886358375000013,31.0,40.51200000000001,17.540690122788213,12.0
-1,-120.06678384363032,14.17182129629629,44.0,55.29600000000003,64.77078384363031,24.0
-1,-107.10602770113202,16.64556999999997,57.0,56.44800000000004,50.65802770113199,22.0
-1,-81.77870233945109,19.07213731018515,50.0,58.27200000000002,23.506702339451067,14.0
-1,-79.9856700448118,18.59658624999996,44.0,48.000000000000014,31.985670044811776,15.0
-1,-111.00766857164233,17.150664550925885,57.0,64.70400000000004,46.30366857164229,21.0
-1,-86.71049188948749,17.28749313425918,49.0,53.08800000000002,33.62249188948747,22.0
-1,-79.64637919800681,21.73918502314814,48.0,51.84000000000002,27.806379198006795,13.0
-1,-116.85031039815144,16.090314861111096,56.0,61.824000000000034,55.0263103981514,23.0
-1,-83.53159954201001,21.565238550925876,55.0,51.55200000000003,31.97959954200999,15.0
-1,-91.5897949026386,16.42270804166664,63.0,66.52800000000002,25.061794902638585,18.0
-1,-81.90041429235634,12.721506106481472,42.0,50.97600000000002,30.92441429235633,19.0
-1,-79.55505730276738,12.40273077777778,40.0,40.99200000000001,38.563057302767376,21.0
-1,-94.3431441568291,17.45510171296297,52.0,53.376000000000026,40.96714415682907,21.0
-1,-87.11666740302158,17.854233773148117,55.0,51.55200000000003,35.56466740302155,19.0
-1,-83.5318309191648,18.837270777777757,53.0,58.56000000000002,24.971830919164777,15.0
-1,-100.02370995737684,25.084269249999995,75.0,77.66400000000003,22.35970995737681,14.0
-1,-75.96873061079035,19.43515516203703,50.0,56.06400000000002,19.90473061079033,13.0
-1,-74.61690839361499,7.937946384259263,34.0,43.29600000000002,31.320908393614967,22.0
-1,-98.3697327866206,17.9319538981481,54.0,68.64000000000003,29.72973278662056,17.0
-1,-88.27749438450297,22.38757411574071,54.0,57.98400000000003,30.293494384502942,16.0
-1,-87.17903295401501,16.142600384259236,53.0,52.60800000000002,34.571032954015,21.0
-1,-96.79070174419772,14.239140453703662,51.0,65.47200000000002,31.318701744197703,21.0
-1,-88.14396138446153,17.860073699074032,54.0,56.352000000000025,31.79196138446151,20.0
-1,-86.34032459063758,10.29490334722222,40.0,48.67200000000002,37.66832459063757,20.0
-1,-85.12598187542213,16.61337720833329,46.0,53.47200000000002,31.653981875422108,19.0
-1,-84.96183942082962,18.1596634074074,48.0,55.48800000000002,29.47383942082959,19.0
-1,-109.93040251850468,18.671319245370345,64.0,61.63200000000003,48.29840251850466,24.0
-1,-83.67850101796381,14.36579606018518,45.0,54.81600000000002,28.8625010179638,18.0
-1,-74.68357598788724,17.134788069444443,48.0,51.64800000000002,23.035575987887224,15.0
-1,-95.58336524036902,20.054066282407373,57.0,62.78400000000003,32.79936524036899,18.0
-1,-101.59577683351932,14.922266115740708,63.0,66.52800000000003,35.0677768335193,19.0
-1,-80.70952458620528,16.508921763888868,54.0,60.864000000000026,19.845524586205244,16.0
-1,-75.75457730799087,16.784246425925897,50.0,57.216000000000015,18.538577307990863,14.0
-1,-78.08266282508403,13.4855757546296,42.0,50.59200000000001,27.490662825084016,20.0
-1,-100.23405425602152,18.77895347685181,61.0,70.75200000000004,29.48205425602148,17.0
-1,-80.74563493617512,15.358626486111094,41.0,53.66400000000002,27.0816349361751,18.0
-1,-102.81306589311576,18.934466796296253,59.0,67.48800000000004,35.32506589311571,18.0
-1,-98.5418045679522,17.167775597222175,59.0,73.63200000000003,24.909804567952182,17.0
-1,-87.72414192674802,19.66749076851848,51.0,60.09600000000003,27.628141926747983,14.0
-1,-94.22950013637956,15.964673717592577,45.0,58.176000000000016,36.053500136379554,18.0
-1,-88.46852287685145,22.59994255092589,56.0,58.08000000000003,30.38852287685143,16.0
-1,-93.21746086372517,17.50871857407405,57.0,60.57600000000003,32.64146086372512,16.0
-1,-83.44582853267309,13.48784836111111,44.0,49.44000000000002,34.00582853267308,22.0
-1,-122.83836114538924,20.924773541666585,77.0,82.08000000000006,40.75836114538918,18.0
-1,-91.45650242903253,19.616043675925912,57.0,61.440000000000026,30.0165024290325,17.0
-1,-86.08627666463272,18.77749923611107,52.0,54.81600000000002,31.270276664632696,19.0
-1,-99.53636961797284,20.751687347222173,60.0,67.58400000000002,31.95236961797283,19.0
-1,-86.25382868140305,20.06683487499993,45.0,61.24800000000002,25.005828681403028,13.0
-1,-78.84947150938874,15.643360606481457,46.0,55.20000000000002,23.649471509388714,17.0
-1,-88.0225397585256,17.396367689814788,56.0,54.33600000000002,33.68653975852558,20.0
-1,-85.20010621580593,20.16510435648148,50.0,48.672000000000025,36.5281062158059,19.0
-1,-97.20261145616844,16.860219208333277,51.0,61.92000000000003,35.28261145616839,19.0
-1,-80.47825623305948,14.428585787037028,47.0,49.05600000000001,31.422256233059475,20.0
-1,-92.11528074448162,19.20618091666663,50.0,61.92000000000002,30.195280744481607,16.0
-1,-89.25582677272888,19.022206874999963,53.0,53.85600000000002,35.39982677272886,20.0
-1,-86.62760948107184,14.183523638888882,55.0,59.71200000000002,26.915609481071822,19.0
-1,-100.52567625776264,20.55197943981477,66.0,65.76000000000003,34.765676257762586,22.0
-1,-86.35511380997191,17.423075194444404,55.0,55.87200000000002,30.48311380997189,19.0
-1,-111.38026211881396,19.11046667592587,60.0,75.74400000000003,35.63626211881394,21.0
-1,-82.92897736889023,16.921384870370357,44.0,49.82400000000002,33.10497736889022,20.0
-1,-95.28606944635143,16.46604510185183,47.0,59.13600000000002,36.150069446351424,21.0
-1,-88.8289386443045,19.45105105555553,54.0,55.776000000000025,33.05293864430448,18.0
-1,-83.05456919905315,26.1390825,73.0,62.20800000000002,20.84656919905313,14.0
-1,-102.42651619754852,22.710444296296217,61.0,70.94400000000003,31.48251619754848,18.0
-1,-87.93307291824243,20.55094489351844,54.0,57.696000000000026,30.237072918242408,16.0
-1,-67.13361902551576,15.710885694444428,39.0,45.504000000000005,21.629619025515748,15.0
-1,-83.95883213128914,19.87982650462958,52.0,55.58400000000002,28.374832131289114,15.0
-1,-83.77293468449608,20.83313849999996,56.0,49.728000000000016,34.044934684496056,17.0
-1,-89.83746672978575,16.700179805555553,45.0,54.720000000000006,35.11746672978574,19.0
-1,-71.04903545773436,10.321845717592591,37.0,42.62400000000001,28.425035457734342,19.0
-1,-110.6959081465485,16.02634893055553,48.0,66.33600000000001,44.35990814654848,20.0
-1,-80.03078255734522,18.14837727314812,55.0,55.96800000000002,24.062782557345194,13.0
-1,-84.29616542073774,15.36940630555555,43.0,49.72800000000001,34.568165420737735,19.0
-1,-70.0991830228582,16.123543236111093,46.0,51.36000000000001,18.73918302285819,13.0
-1,-86.41458109738191,18.39763268055553,56.0,60.864000000000026,25.550581097381887,16.0
-1,-94.82578384816506,20.98024927777773,65.0,73.24800000000005,21.57778384816501,13.0
-1,-77.2762348647264,17.05866437499998,49.0,50.68800000000001,26.5882348647264,17.0
-1,-100.92481261854952,16.733631925925874,50.0,59.52000000000002,41.40481261854949,20.0
-1,-91.75656991449836,16.435380444444444,50.0,54.72000000000003,37.03656991449833,20.0
-1,-74.3803172132065,15.106427601851824,40.0,44.640000000000015,29.74031721320648,19.0
-1,-104.9586685538744,16.311781078703653,49.0,65.85600000000002,39.10266855387437,21.0
-1,-91.86666583756984,18.57686904629628,51.0,57.696000000000026,34.17066583756979,19.0
-1,-75.98628227716237,24.40935465740732,55.0,52.60800000000001,23.378282277162363,14.0
-1,-83.31288050591695,15.526818467592598,54.0,63.07200000000002,20.24088050591693,15.0
-1,-93.0921681698236,19.50668490277773,49.0,67.20000000000002,25.89216816982357,16.0
-1,-91.2079819973194,18.168062787036977,42.0,50.01600000000002,41.19198199731938,22.0
-1,-93.044225330103,12.182698439814803,52.0,61.92000000000003,31.124225330102952,19.0
-1,-89.87808298223294,19.38082659259253,52.0,59.52000000000002,30.35808298223292,18.0
-1,-89.7130858704788,17.10137139351848,54.0,59.90400000000002,29.80908587047879,19.0
-1,-86.7859343131027,16.1974108796296,52.0,62.59200000000003,24.19393431310268,17.0
-1,-84.79760935182989,20.36182518981477,58.0,58.65600000000002,26.14160935182987,17.0
-1,-77.5934337701763,14.852556601851845,45.0,52.512000000000015,25.08143377017629,17.0
-1,-62.36270145283619,12.91562848148147,48.0,45.69600000000001,16.666701452836183,13.0
-1,-85.60677259326039,20.45428199537032,52.0,53.95200000000003,31.65477259326037,19.0
-1,-84.87354650624806,22.36107647222219,63.0,64.80000000000001,20.073546506248054,13.0
