-1,-541.5085234457666,83.3013831898149,247.0,162.24,379.2685234457666,30.0
-1,-720.1909773869663,92.55804745370382,236.0,154.7520000000001,565.4389773869663,30.0
-1,-366.3150599709323,63.73737756481482,199.0,184.99200000000005,181.32305997093223,30.0
-1,-657.8400820801636,84.4302919861111,232.0,195.648,462.1920820801636,30.0
-1,-505.1098636084894,84.61742228240749,220.0,182.20800000000008,322.9018636084893,30.0
-1,-334.08901628083674,57.6384077916667,166.0,132.09600000000003,201.99301628083677,29.0
-1,-543.6925229750673,76.55117506481506,226.0,236.1600000000001,307.53252297506714,30.0
-1,-664.2514938840507,88.50465319907401,248.0,215.52,448.7314938840507,30.0
-1,-562.7766086663996,70.77948061574081,243.0,266.1120000000001,296.6646086663995,29.0
-1,-755.2929247226915,83.97805235648144,239.0,212.54399999999987,542.7489247226916,30.0
-1,-540.3912250196107,69.61312137499999,237.0,232.3200000000001,308.0712250196106,30.0
-1,-606.9252564412429,73.30620422685183,254.0,274.6559999999999,332.269256441243,30.0
-1,-592.9256915589308,64.7538243750001,241.0,249.40799999999996,343.5176915589309,30.0
-1,-337.25809004927726,54.550669074074165,181.0,172.60799999999995,164.65009004927734,28.0
-1,-410.4729473576037,45.38613956481483,183.0,175.48800000000003,234.9849473576037,29.0
-1,-311.6893646422727,57.46774040277781,210.0,190.5600000000001,121.12936464227263,29.0
-1,-427.6882525910154,56.21366812962962,202.0,210.52799999999988,217.1602525910156,30.0
-1,-248.63964984327717,40.84116374074074,167.0,154.84799999999998,93.79164984327716,26.0
-1,-224.1940151815059,36.33068590740741,147.0,137.08800000000008,87.10601518150581,28.0
-1,-265.93561112357594,38.04557962037039,174.0,176.44800000000004,89.48761112357589,28.0
-1,-291.7878374094588,39.78253395370367,181.0,180.576,111.21183740945877,27.0
-1,-260.0200957354217,44.44063308333343,201.0,184.128,75.89209573542169,24.0
-1,-336.587052682375,38.545446310185184,204.0,228.48,108.10705268237498,27.0
-1,-355.5168606177499,46.55673648611119,218.0,225.69600000000017,129.8208606177497,26.0
-1,-270.4318240142769,31.331806976851816,194.0,197.76,72.67182401427691,25.0
-1,-247.0251650519116,31.751277958333308,178.0,194.4960000000001,52.52916505191153,21.0
-1,-230.76553949236708,30.72081084259261,193.0,188.1599999999999,42.60553949236717,24.0
-1,-249.6301412373742,35.206301652777775,173.0,188.3520000000001,61.27814123737415,20.0
-1,-213.792017787442,32.283490870370365,174.0,173.9519999999999,39.84001778744208,18.0
-1,-191.57741825714533,28.15875613888888,152.0,154.27199999999996,37.30541825714536,20.0
-1,-208.9946398608703,33.25865357407409,173.0,167.52,41.4746398608703,19.0
-1,-214.97135997252505,29.920513856481485,162.0,174.14400000000006,40.827359972524974,17.0
-1,-210.601037894935,40.28489502777788,166.0,154.56000000000003,56.041037894934966,21.0
-1,-182.529566158858,23.87951161574075,152.0,143.0400000000001,39.4895661588579,22.0
-1,-215.43509729034457,19.992909689814795,165.0,180.00000000000003,35.43509729034455,19.0
-1,-232.86254276298448,38.71990817592596,193.0,191.51999999999995,41.34254276298452,18.0
-1,-192.10006165674483,24.814344833333323,142.0,144.48000000000005,47.62006165674478,21.0
-1,-192.5341537801054,31.628070925925865,167.0,148.99200000000005,43.542153780105366,20.0
-1,-188.97342685967487,25.831745162037016,139.0,154.0800000000001,34.89342685967479,20.0
-1,-235.49268460954968,17.586359787036997,173.0,204.00000000000009,31.4926846095496,21.0
-1,-214.31791235482933,25.194728532407424,177.0,166.75200000000004,47.56591235482931,24.0
-1,-231.06639007902388,28.87299720833332,195.0,176.63999999999996,54.42639007902392,25.0
-1,-268.54562924872096,22.61469579166665,191.0,215.71200000000007,52.83362924872088,21.0
-1,-220.46730485414415,18.020218893518507,169.0,190.7520000000001,29.71530485414409,20.0
-1,-232.47831613147528,30.741580828703658,198.0,201.12000000000003,31.35831613147525,15.0
-1,-201.9661138052955,23.460622421296293,165.0,165.792,36.17411380529548,20.0
-1,-244.4552551500248,25.93965536574069,201.0,212.352,32.1032551500248,20.0
-1,-214.62135102026485,12.925473393518525,170.0,183.168,31.45335102026483,22.0
-1,-213.44964229302676,20.8631420787037,158.0,181.248,32.201642293026694,19.0
-1,-200.34305323215068,24.116956814814795,163.0,164.83199999999997,35.51105323215073,18.0
-1,-222.2547515117764,21.890031300925923,184.0,199.104,23.150751511776424,16.0
-1,-251.5221752300769,27.51649973611112,206.0,217.44000000000003,34.082175230076864,16.0
-1,-209.823379451606,24.518301569444414,171.0,185.376,24.447379451605965,15.0
-1,-238.0168754750297,25.67795479629624,191.0,205.15199999999996,32.8648754750298,19.0
-1,-239.29475558170537,29.623359152777823,208.0,210.7200000000001,28.574755581705272,15.0
-1,-228.4898739372697,24.94078644444441,177.0,203.328,25.16187393726968,15.0
-1,-222.49307753415016,22.494835064814804,176.0,196.80000000000004,25.693077534150117,15.0
-1,-221.9004786515204,22.4474408472222,185.0,192.9600000000001,28.940478651520294,17.0
-1,-189.38067685352445,22.11425342129628,145.0,159.93599999999998,29.444676853524456,18.0
-1,-236.4700332538896,22.999060986111072,202.0,211.968,24.50203325388965,17.0
-1,-214.74926307745932,28.426242597222192,182.0,175.8720000000001,38.87726307745924,18.0
-1,-241.79547740743612,26.80894494907404,197.0,218.11200000000008,23.68347740743606,15.0
-1,-214.9216326700553,22.4453027824074,160.0,182.112,32.80963267005527,17.0
-1,-220.18548386918377,27.81732484722218,186.0,184.6080000000001,35.57748386918365,19.0
-1,-221.64955025216267,24.347519162037024,187.0,193.5360000000001,28.113550252162543,13.0
-1,-239.1966621518947,29.135771666666628,184.0,204.19199999999995,35.00466215189478,16.0
-1,-205.12001912865196,21.18114089814815,168.0,181.5360000000001,23.58401912865188,15.0
-1,-190.9255188609469,17.806240032407402,147.0,163.39199999999994,27.533518860947005,18.0
-1,-221.03141640504091,23.942382624999954,179.0,181.632,39.39941640504093,18.0
-1,-216.92471829084343,26.27436202777773,183.0,182.59199999999996,34.33271829084354,18.0
-1,-203.9269815535079,19.670289550925894,184.0,178.5599999999999,25.366981553507987,18.0
-1,-286.83377402560416,26.521568861111103,228.0,262.0800000000001,24.75377402560407,15.0
-1,-205.3784335282149,21.05791180092593,165.0,168.28800000000004,37.0904335282149,20.0
-1,-224.65034495005412,19.126404259259274,186.0,203.23199999999997,21.41834495005421,16.0
-1,-207.07814253248068,24.24116441203697,169.0,181.248,25.830142532480664,15.0
-1,-229.51550504833085,23.36357654166664,187.0,200.256,29.25950504833084,15.0
-1,-216.3875695533918,23.0098465601852,170.0,190.56,25.8275695533918,16.0
-1,-191.14494199477377,23.584159416666683,149.0,168.95999999999998,22.18494199477379,14.0
-1,-222.86338199229408,24.8295263796296,179.0,201.02399999999992,21.839381992294165,16.0
-1,-235.64779779488185,26.75295336574071,199.0,206.97600000000008,28.67179779488176,14.0
-1,-195.76664344359773,22.60702936111111,159.0,171.74399999999997,24.02264344359775,16.0
-1,-198.5306322361861,25.717252435185177,178.0,169.15200000000002,29.37863223618611,19.0
-1,-168.26602454884488,24.569045249999967,133.0,139.584,28.68202454884488,16.0
-1,-218.77289767653352,24.58349578703705,188.0,194.68799999999987,24.084897676533643,14.0
-1,-183.12507417914807,19.58942984259259,145.0,153.79200000000006,29.333074179148003,20.0
-1,-150.05900202656724,21.23127407870372,124.0,127.58400000000006,22.47500202656717,15.0
-1,-185.3172709143124,23.929865189814777,151.0,163.10399999999996,22.21327091431241,14.0
-1,-198.5100903326742,21.96871062499997,156.0,169.24799999999993,29.26209033267425,19.0
-1,-166.12641259164474,22.84676950925926,132.0,136.12800000000007,29.99841259164467,17.0
-1,-162.0538383603385,22.75834846296292,144.0,137.568,24.485838360338477,17.0
-1,-197.5817790826254,20.622340675925887,165.0,177.888,19.69377908262538,13.0
-1,-218.9963415569338,31.67356080555552,209.0,197.664,21.332341556933805,13.0
-1,-201.91746163157387,21.93567184259257,148.0,169.53599999999997,32.38146163157391,18.0
-1,-216.66499221466165,30.63052297222214,201.0,189.1199999999999,27.544992214661757,17.0
-1,-166.63568556402777,24.355093342592586,132.0,135.55200000000002,31.083685564027736,21.0
-1,-175.94226927555536,23.39404118981479,159.0,153.984,21.958269275555363,13.0
-1,-170.37711356240274,21.16836248148147,150.0,138.33600000000007,32.04111356240268,21.0
-1,-174.7965594366933,26.248170703703657,151.0,144.47999999999996,30.316559436693325,15.0
-1,-215.84268212683853,26.65940427777773,184.0,197.088,18.754682126838546,13.0
-1,-280.7337465981501,30.58524539814809,226.0,235.776,44.95774659815012,23.0
-1,-173.95699460633028,18.815419263888888,143.0,149.2800000000001,24.67699460633019,17.0
-1,-155.54823057440348,21.414139194444424,122.0,131.80800000000002,23.74023057440345,15.0
-1,-218.10145964657667,24.71010088888881,187.0,177.40800000000004,40.69345964657662,19.0
-1,-169.1780047561014,22.876322453703725,131.0,143.80800000000002,25.37000475610136,14.0
-1,-156.45829043163127,18.48952858796297,120.0,122.304,34.15429043163129,20.0
-1,-150.37894892756103,23.15828012962964,114.0,128.256,22.12294892756107,14.0
-1,-189.45804660322912,19.67280902777777,147.0,162.72000000000006,26.73804660322906,17.0
-1,-243.7369610856836,24.96724077777776,199.0,224.736,19.000961085683635,13.0
-1,-154.5822581311387,25.738666634259204,124.0,122.88,31.7022581311387,17.0
-1,-173.53119021925534,21.313024504629627,150.0,152.44799999999998,21.08319021925537,14.0
-1,-233.4510021883965,22.479029314814785,191.0,204.95999999999995,28.49100218839655,19.0
-1,-197.13226568785325,21.635149004629582,160.0,172.12800000000004,25.0042656878532,18.0
-1,-185.40701811287065,22.44763645370365,152.0,158.30399999999997,27.103018112870675,15.0
-1,-190.5649771317125,19.73186443055552,149.0,167.42399999999998,23.14097713171256,15.0
-1,-187.9676514330387,22.70986818981477,150.0,163.68,24.287651433038683,16.0
-1,-167.3444609123492,18.79013601388891,138.0,145.34400000000002,22.00046091234918,17.0
-1,-170.29167003099326,18.74312595833333,143.0,146.30400000000003,23.98767003099322,16.0
-1,-169.18686000580698,19.933729916666657,130.0,143.23199999999997,25.954860005807003,18.0
-1,-182.2340375783864,22.90092382407404,149.0,156.96000000000004,25.274037578386324,17.0
-1,-177.48204815274698,21.23004883333331,134.0,154.75199999999998,22.730048152747013,15.0
-1,-197.38528297436787,29.023194412037014,166.0,179.42400000000004,17.961282974367837,14.0
-1,-172.16237205699588,20.57120086574072,146.0,146.0160000000001,26.146372056995784,18.0
-1,-200.1899964642677,24.79558648148144,158.0,179.3280000000001,20.861996464267644,16.0
-1,-219.31135272812395,21.93172165277773,188.0,191.232,28.079352728123943,19.0
-1,-194.67910561390136,21.951599162036995,157.0,172.79999999999998,21.879105613901377,18.0
-1,-168.533999828474,18.08530199537038,124.0,141.1200000000001,27.413999828473912,19.0
-1,-209.66540243801467,21.86638550462959,171.0,183.93599999999995,25.729402438014727,16.0
-1,-183.65462529847952,25.09252279166668,154.0,160.80000000000004,22.85462529847947,14.0
-1,-152.29145284762728,16.026000101851853,122.0,125.76000000000006,26.53145284762724,19.0
-1,-176.9800955337783,18.63886134722221,144.0,153.98400000000004,22.99609553377826,16.0
-1,-143.36241943751145,21.832613787037005,108.0,117.12000000000003,26.24241943751141,15.0
-1,-172.18074574854526,23.98415158796296,132.0,141.60000000000002,30.58074574854523,18.0
-1,-174.09375422352645,18.96050888425925,122.0,139.68000000000004,34.413754223526425,15.0
-1,-135.68154261746508,12.666625634259262,101.0,109.44000000000004,26.241542617465026,19.0
-1,-189.8827571535089,24.28898799537033,155.0,165.79199999999997,24.090757153508893,15.0
-1,-136.7279618569496,20.453990074074024,104.0,105.88800000000003,30.83996185694957,20.0
-1,-176.25022015565847,21.92912105092589,134.0,142.27200000000008,33.9782201556584,18.0
-1,-172.4289463250199,26.21477624999996,130.0,133.92000000000007,38.5089463250198,21.0
-1,-149.64739188837856,20.0573832175926,112.0,123.16800000000006,26.479391888378505,16.0
-1,-187.99347514908712,24.025414361111093,151.0,157.9200000000001,30.07347514908702,18.0
-1,-174.78393714775711,21.27643735185181,138.0,153.40800000000007,21.37593714775703,14.0
-1,-143.44333845013148,22.468081222222192,123.0,117.50400000000003,25.939338450131444,16.0
-1,-139.68814646287842,16.145310796296286,80.0,92.44800000000004,47.24014646287838,23.0
-1,-169.51115571012718,27.413239810185164,130.0,136.22400000000005,33.28715571012713,16.0
-1,-133.74857783851473,23.745036064814773,104.0,100.70400000000004,33.044577838514705,18.0
-1,-160.1007249861987,22.254847902777747,119.0,132.19200000000004,27.90872498619868,18.0
-1,-140.59505469017523,21.55363100925924,115.0,115.20000000000005,25.395054690175183,16.0
-1,-154.98926955919717,25.145961462962944,98.0,114.81600000000005,40.17326955919712,21.0
-1,-147.21094075084227,22.10488775925925,112.0,112.41600000000008,34.79494075084221,19.0
-1,-131.14959690524898,22.014364509259256,106.0,97.15200000000004,33.99759690524897,17.0
-1,-141.90839915964125,12.862205217592606,107.0,108.19200000000002,33.71639915964122,23.0
-1,-177.928209894604,20.973248347222185,115.0,129.40800000000004,48.520209894603965,19.0
-1,-128.97162988623867,15.7316892175926,83.0,98.97600000000004,29.99562988623862,15.0
-1,-166.21874137881602,20.46170822685183,114.0,110.01600000000008,56.20274137881594,24.0
-1,-126.49127166569222,19.19766696759257,97.0,98.11200000000004,28.37927166569219,17.0
-1,-145.2457254595239,13.558881324074076,96.0,114.81600000000005,30.42972545952385,21.0
-1,-181.88763530740536,17.28026565740739,141.0,140.35200000000003,41.53563530740533,20.0
-1,-130.6202159863829,21.726985847222203,90.0,98.4,32.22021598638288,16.0
-1,-163.83096546165552,18.222163319444405,125.0,137.18400000000003,26.64696546165547,18.0
-1,-145.81597207643864,24.51655808796294,107.0,97.82400000000008,47.99197207643857,19.0
-1,-128.42531708412002,15.75275108796297,82.0,98.11200000000004,30.31331708411999,18.0
-1,-129.48376403738385,14.007119680555546,98.0,100.32000000000004,29.163764037383803,23.0
-1,-158.49292547700688,22.289939879629586,131.0,131.328,27.164925477006868,13.0
-1,-162.8180817821586,24.35874367129629,117.0,125.85600000000004,36.96208178215854,18.0
-1,-165.6502315761222,19.80384203703702,134.0,139.00800000000004,26.642231576122164,16.0
-1,-145.12053443511607,16.550140870370353,107.0,122.59200000000006,22.528534435116025,16.0
-1,-136.4518414148554,21.31702179166662,102.0,107.61600000000008,28.83584141485533,16.0
-1,-148.74274657586562,19.251669245370348,114.0,118.94400000000006,29.79874657586555,18.0
-1,-123.86472878625013,18.00578041666664,87.0,99.45600000000005,24.408728786250087,16.0
-1,-154.17544112251883,23.7519838333333,112.0,107.52000000000004,46.65544112251878,26.0
-1,-174.38367857838017,23.414455097222163,139.0,148.128,26.25567857838015,16.0
-1,-156.1561629486632,22.096131134259256,117.0,126.91200000000002,29.244162948663163,17.0
-1,-153.26127191334672,22.188354324074066,109.0,118.17600000000004,35.0852719133467,14.0
-1,-162.6534146306049,23.50363193981481,103.0,115.68000000000004,46.973414630604864,23.0
-1,-130.2480798671517,21.4197193148148,99.0,103.96800000000005,26.280079867151667,15.0
-1,-123.38498446850228,14.53929738425924,99.0,104.06400000000004,19.320984468502218,15.0
-1,-136.6612362852039,18.211186004629607,107.0,111.16800000000003,25.493236285203864,16.0
-1,-191.783697725986,21.531916060185168,129.0,143.52,48.26369772598598,22.0
-1,-128.33085853095088,20.401969143518507,92.0,100.12800000000006,28.20285853095083,17.0
-1,-134.68371127205725,21.32775023148148,105.0,108.09600000000006,26.587711272057184,16.0
-1,-126.44081847560967,22.743317467592583,113.0,103.96800000000005,22.472818475609657,15.0
-1,-140.00308784610348,18.86403287962965,107.0,116.16000000000004,23.843087846103472,15.0
-1,-112.33513091350184,19.816428810185187,83.0,83.13600000000002,29.19913091350181,17.0
-1,-107.32420595388332,13.382336652777784,63.0,71.80800000000002,35.516205953883286,18.0
-1,-120.04222487697544,14.944919222222222,73.0,84.67200000000001,35.37022487697542,18.0
-1,-170.04670612047772,23.916755587962896,135.0,141.88800000000006,28.15870612047767,16.0
-1,-149.99769261352955,19.69183849074065,124.0,125.18400000000004,24.8136926135295,17.0
-1,-141.92089292022632,19.09189772222217,116.0,122.49600000000008,19.424892920226263,14.0
-1,-140.17634553267038,23.67952816203701,103.0,108.67200000000004,31.504345532670328,18.0
-1,-159.5526824544904,15.4711578888889,96.0,124.60800000000006,34.944682454490334,20.0
-1,-126.06652739890748,15.247539907407385,101.0,101.47200000000008,24.59452739890741,17.0
-1,-132.44770113181997,18.07421665277779,92.0,105.21600000000004,27.23170113181992,18.0
-1,-127.47730882828196,16.77204151388888,93.0,102.33600000000004,25.14130882828192,17.0
-1,-146.47101597723807,16.749782185185204,109.0,119.61600000000008,26.85501597723799,16.0
-1,-126.37946140229022,14.38657412962963,82.0,99.64800000000004,26.73146140229016,16.0
-1,-120.88430426771431,18.464861111111095,96.0,98.59200000000006,22.29230426771425,17.0
-1,-131.2564973975358,16.7919110972222,101.0,117.69600000000008,13.560497397535746,10.0
-1,-170.1805128270092,18.216351467592588,135.0,151.48799999999997,18.69251282700924,12.0
-1,-116.63193776895524,14.540380092592612,83.0,84.96000000000004,31.6719377689552,17.0
-1,-152.35823485260644,20.277631546296263,95.0,120.09600000000005,32.26223485260639,18.0
-1,-132.64221201792594,24.15449293518519,119.0,108.86400000000006,23.77821201792588,15.0
-1,-162.8763852673901,20.16871957407407,118.0,139.00800000000007,23.86838526739005,15.0
-1,-116.9826363447255,17.762937986111115,80.0,88.60800000000002,28.374636344725488,15.0
-1,-131.11550059097004,13.38969456018519,84.0,89.76000000000003,41.35550059097001,23.0
-1,-152.94954879606215,19.643831726851825,103.0,116.06400000000004,36.88554879606211,15.0
-1,-118.14029283902836,15.837061111111083,75.0,88.89600000000004,29.244292839028304,18.0
-1,-126.49229329859634,17.13208415740742,90.0,104.54400000000008,21.94829329859627,13.0
-1,-140.23487931479775,17.40922593981482,108.0,117.12000000000003,23.114879314797697,17.0
-1,-155.44549909197715,18.31649962962961,102.0,110.68800000000005,44.75749909197712,20.0
-1,-111.54589700849183,15.725005421296272,79.0,87.64800000000005,23.897897008491796,14.0
-1,-117.48602968033214,21.138768777777702,87.0,97.34400000000004,20.142029680332083,11.0
-1,-130.5975595174329,15.27024777314812,84.0,100.41600000000004,30.181559517432863,18.0
-1,-125.24552969746918,16.897482888888874,91.0,99.36000000000004,25.88552969746913,17.0
-1,-106.70955220376096,11.783116060185172,58.0,65.76000000000002,40.94955220376093,20.0
-1,-124.32683051184073,11.29707132407407,78.0,96.00000000000006,28.326830511840665,19.0
-1,-115.68879154720692,21.656454999999973,99.0,92.35200000000005,23.33679154720688,14.0
-1,-132.67361747053687,17.340999884259254,88.0,96.96000000000004,35.713617470536825,19.0
-1,-154.7323757363519,15.800159226851877,70.0,85.82400000000003,68.9083757363519,28.0
-1,-96.5715169560763,14.435762851851823,75.0,72.28800000000004,24.28351695607626,14.0
-1,-153.14503415399636,21.353346217592588,99.0,108.19200000000004,44.95303415399631,20.0
-1,-138.2227299176298,17.50162747685185,103.0,117.69600000000004,20.52672991762974,14.0
-1,-148.7203363509033,18.69020751851853,94.0,108.67200000000004,40.04833635090326,22.0
-1,-127.74754949279188,16.52115395833332,89.0,100.41600000000004,27.33154949279183,16.0
-1,-101.24272541328104,12.103331050925927,73.0,74.20800000000003,27.03472541328103,19.0
-1,-132.9149656347655,14.929119203703696,105.0,114.62400000000008,18.29096563476544,15.0
-1,-116.48331234698912,14.664581754629616,97.0,98.78400000000003,17.69931234698908,13.0
-1,-123.85174856880931,18.47100512962957,93.0,97.72800000000004,26.12374856880925,16.0
-1,-137.68990260523316,16.733928888888872,71.0,90.24000000000002,47.44990260523315,23.0
-1,-126.22298123546888,16.835414412037018,88.0,92.54400000000004,33.67898123546884,13.0
-1,-150.77514451445575,12.65849289814814,78.0,99.84000000000005,50.93514451445572,22.0
-1,-124.9327392916137,17.045103611111113,80.0,87.74400000000004,37.18873929161367,20.0
-1,-91.91257051867323,18.500474467592607,62.0,63.45600000000002,28.45657051867324,16.0
-1,-135.5057447401328,20.58596483333331,104.0,105.50400000000003,30.001744740132764,15.0
-1,-112.22293422054524,11.139019791666684,61.0,73.82400000000004,38.39893422054518,21.0
-1,-83.33734307967318,16.275717532407395,50.0,56.64000000000002,26.697343079673157,16.0
-1,-102.6179130101209,17.775180231481464,67.0,78.43200000000002,24.185913010120885,13.0
-1,-137.92524965805953,15.4923743425926,74.0,83.32800000000003,54.5972496580595,20.0
-1,-153.40317826977832,15.243753879629612,100.0,129.0240000000001,24.37917826977823,17.0
-1,-97.47756723528772,18.34071561111106,63.0,71.61600000000003,25.86156723528768,14.0
-1,-110.25265045505932,15.38586837499998,61.0,71.80800000000004,38.44465045505928,18.0
-1,-133.03060843153403,15.468915217592585,94.0,98.49600000000004,34.53460843153399,19.0
-1,-132.49198969257785,17.705826416666618,85.0,91.58400000000005,40.90798969257782,19.0
-1,-98.12845774255884,12.66622112037036,66.0,73.15200000000002,24.97645774255882,15.0
-1,-118.44363265411964,11.39902118055555,77.0,86.68800000000005,31.7556326541196,20.0
-1,-124.9451197909276,19.75882922222221,89.0,101.95200000000006,22.993119790927555,11.0
-1,-170.70120584461574,21.13992684722216,118.0,134.68800000000005,36.01320584461568,15.0
-1,-116.23928110289032,18.62671138888887,69.0,76.41600000000004,39.82328110289029,17.0
-1,-114.48780413416767,18.747207212962916,64.0,70.56000000000003,43.92780413416765,18.0
-1,-126.5551440892754,13.934519564814822,62.0,73.24800000000003,53.30714408927536,25.0
-1,-104.58659370769396,9.233387884259264,53.0,61.24800000000002,43.33859370769395,23.0
-1,-132.87016137848437,16.237315199074043,93.0,97.53600000000004,35.334161378484325,19.0
-1,-120.58740199434064,13.528492898148142,64.0,73.82400000000001,46.76340199434064,21.0
-1,-88.7975158528165,15.64044248611111,49.0,57.88800000000002,30.90951585281648,15.0
-1,-121.49899978313566,19.221677124999943,68.0,79.20000000000003,42.29899978313563,19.0
-1,-108.1963797415654,17.968029458333294,63.0,63.07200000000002,45.12437974156538,21.0
-1,-140.8168589312857,20.78010402314809,97.0,106.27200000000008,34.54485893128562,18.0
-1,-109.19497993688977,17.642531212962957,83.0,80.73600000000002,28.458979936889747,17.0
-1,-130.14501009845912,16.003179935185177,69.0,78.62400000000004,51.52101009845909,22.0
-1,-120.77843364284774,15.21425942592591,77.0,88.22400000000005,32.55443364284769,17.0
-1,-131.26572679189334,17.514435856481455,82.0,84.76800000000004,46.4977267918933,21.0
-1,-122.14231186926358,16.96315866666664,70.0,87.74400000000006,34.39831186926352,18.0
-1,-111.98322259048818,16.71097029166664,84.0,80.64000000000004,31.343222590488136,20.0
-1,-102.33800798491708,15.59891132407408,62.0,67.87200000000003,34.46600798491706,18.0
-1,-103.17337332627297,15.217449435185182,64.0,74.11200000000002,29.061373326272943,16.0
-1,-89.18332217118211,15.76699938888888,68.0,60.96000000000003,28.22332217118209,18.0
-1,-126.47215471754592,20.26419412962964,85.0,95.71200000000005,30.760154717545888,15.0
-1,-117.78594813178714,17.717214643518492,76.0,86.88000000000004,30.90594813178709,17.0
-1,-103.133901495152,16.77189830092592,66.0,78.33600000000004,24.797901495151955,15.0
-1,-109.99493192307446,15.365234652777747,62.0,72.00000000000003,37.99493192307443,23.0
-1,-116.1378511992267,17.5672171296296,79.0,84.00000000000004,32.13785119922666,21.0
-1,-154.0156633833056,20.98110252314813,75.0,105.12000000000008,48.8956633833055,18.0
-1,-97.60625452047044,22.692858805555492,75.0,75.26400000000004,22.34225452047039,13.0
-1,-105.43732639031018,17.358082912037,62.0,64.41600000000003,41.02132639031016,22.0
-1,-101.20990245009332,16.243320273148147,54.0,69.02400000000002,32.1859024500933,15.0
-1,-112.31616303074568,17.976201976851808,80.0,79.20000000000003,33.11616303074565,18.0
-1,-105.6137831572195,14.777376703703691,60.0,65.08800000000002,40.525783157219486,17.0
-1,-127.17148738174372,14.547855685185198,59.0,75.36000000000004,51.811487381743696,23.0
-1,-88.7771284336738,15.566341180555527,62.0,56.06400000000002,32.71312843367377,18.0
-1,-100.11708489902884,15.990129722222214,62.0,72.28800000000005,27.829084899028796,17.0
-1,-109.59383979177986,17.13314577777774,78.0,74.88000000000004,34.71383979177982,19.0
-1,-118.05028578905886,13.178998365740725,65.0,85.82400000000004,32.22628578905882,19.0
-1,-96.30323740897715,13.97027339814814,44.0,54.72000000000002,41.58323740897713,21.0
-1,-121.02745276504405,16.66751374537033,67.0,74.49600000000004,46.531452765044,22.0
-1,-120.72076431018886,19.105564722222148,80.0,84.96000000000004,35.76076431018882,16.0
-1,-89.66434224753678,16.021270240740737,50.0,61.72800000000003,27.93634224753675,15.0
-1,-105.01169765377936,14.559940675925905,46.0,63.16800000000003,41.84369765377933,22.0
-1,-133.44360372611175,13.888797388888888,75.0,80.92800000000004,52.515603726111706,22.0
-1,-137.2053595878318,13.4220045787037,66.0,81.79200000000003,55.41335958783177,25.0
-1,-133.3685154662887,11.052925055555578,63.0,76.22400000000003,57.14451546628866,24.0
-1,-107.3528895943011,14.879385694444446,59.0,57.79200000000002,49.560889594301074,24.0
-1,-114.76780408575355,19.12623287962955,72.0,78.33600000000003,36.43180408575354,19.0
-1,-119.60143519614728,14.344821351851865,64.0,78.24000000000004,41.36143519614724,22.0
-1,-113.93969186623944,18.86054293518516,75.0,82.94400000000005,30.995691866239397,16.0
-1,-105.36275960118796,16.746851212962923,68.0,66.432,38.93075960118796,20.0
-1,-108.59564154548367,16.520413680555528,62.0,79.68000000000004,28.91564154548365,17.0
-1,-126.36803653780976,13.994305199074066,73.0,82.36800000000004,44.00003653780973,21.0
-1,-100.47795285307336,12.929065259259255,50.0,54.432000000000016,46.04595285307334,22.0
-1,-156.22327261572585,18.20853365740737,89.0,104.73600000000005,51.48727261572579,23.0
-1,-105.39637276144084,14.45153355092592,64.0,69.21600000000004,36.1803727614408,21.0
-1,-108.93081084038498,15.590058699074063,57.0,72.28800000000003,36.64281084038495,18.0
-1,-105.36261861410848,19.51399710648144,63.0,71.52000000000002,33.84261861410845,17.0
-1,-110.61426072170246,18.388654546296276,54.0,65.76000000000002,44.85426072170244,19.0
-1,-100.4079460027391,13.270273416666674,43.0,56.83200000000002,43.57594600273908,19.0
-1,-164.15143121561326,17.125698958333306,76.0,104.64000000000009,59.51143121561319,19.0
-1,-158.95636262958658,18.74387036574073,73.0,95.32800000000005,63.62836262958655,23.0
-1,-95.2825267868606,13.225292250000008,43.0,54.14400000000001,41.13852678686057,19.0
-1,-108.43867311640784,15.70108332870368,67.0,71.52000000000004,36.9186731164078,20.0
-1,-107.64294944831434,11.74924472222224,65.0,73.72800000000004,33.91494944831431,18.0
-1,-149.4730826180088,16.749442449074063,68.0,81.69600000000003,67.77708261800878,26.0
-1,-111.34473158583364,17.379521847222207,58.0,78.91200000000003,32.4327315858336,18.0
-1,-92.01445454728568,14.73775308333333,63.0,68.25600000000003,23.758454547285638,17.0
-1,-122.08950446103309,14.526748921296289,68.0,81.21600000000004,40.87350446103305,21.0
-1,-111.72377213871098,13.846690583333324,59.0,75.36000000000003,36.36377213871096,18.0
-1,-98.13326000052515,13.217168861111093,68.0,75.07200000000005,23.061260000525124,17.0
-1,-81.18580273486455,10.701819342592575,49.0,58.27200000000002,22.913802734864525,14.0
-1,-126.81964212349868,16.798962393518504,71.0,75.36000000000003,51.459642123498654,22.0
-1,-97.97226922908432,15.862369592592582,57.0,62.30400000000002,35.668269229084295,21.0
-1,-102.11598488547853,10.909889106481478,51.0,56.06400000000001,46.0519848854785,22.0
-1,-105.76136492470172,15.96534828703702,55.0,65.28000000000003,40.48136492470168,20.0
-1,-79.60157974146472,12.086136587962969,45.0,48.38400000000001,31.21757974146472,21.0
-1,-96.60950708994818,16.65048461574072,61.0,61.82400000000003,34.785507089948155,19.0
-1,-151.7636688319302,17.75526184722221,74.0,106.75200000000004,45.01166883193016,22.0
-1,-101.71558474811656,15.103410388888877,52.0,62.30400000000003,39.41158474811654,19.0
-1,-114.56430717845409,12.897894074074063,41.0,54.62400000000002,59.940307178454056,22.0
-1,-135.79525437508448,16.29889588888887,62.0,78.72000000000004,57.07525437508444,22.0
-1,-90.60390906091337,13.283076421296286,43.0,50.304000000000016,40.29990906091335,22.0
-1,-126.77643068146084,16.223850680555554,70.0,77.37600000000005,49.4004306814608,20.0
-1,-125.63094289673542,16.448386240740735,63.0,76.99200000000005,48.63894289673537,21.0
-1,-90.72662269072757,13.7283738287037,58.0,62.40000000000003,28.32662269072753,12.0
-1,-98.41780310217356,13.110139217592598,55.0,62.01600000000002,36.40180310217353,20.0
-1,-96.65193205000188,14.49829002314813,45.0,63.07200000000003,33.579932050001844,20.0
-1,-137.9172896551285,16.033934069444435,70.0,83.32800000000003,54.58928965512849,23.0
-1,-108.4838525995746,14.58851735185183,43.0,58.94400000000002,49.53985259957456,19.0
-1,-94.49755303014138,16.945594574074068,51.0,56.736000000000026,37.76155303014135,18.0
-1,-136.80532279900575,19.903790925925865,82.0,96.76800000000004,40.03732279900572,22.0
-1,-109.63065839848,17.127516925925917,64.0,71.13600000000004,38.49465839847996,20.0
-1,-109.2408911937551,13.638231921296278,60.0,72.76800000000003,36.47289119375508,17.0
-1,-101.53712064181698,15.511256430555566,45.0,62.68800000000002,38.84912064181695,18.0
-1,-106.73150862058966,16.662160194444404,57.0,62.97600000000002,43.75550862058964,22.0
-1,-101.02128851717774,12.902597601851856,55.0,58.17600000000002,42.845288517177714,21.0
-1,-102.16514751329998,15.97049966203702,59.0,60.288000000000025,41.87714751329995,19.0
-1,-111.23609314937656,15.380317953703688,51.0,56.73600000000002,54.50009314937653,23.0
-1,-103.24400417108151,12.16121979166666,52.0,63.74400000000003,39.500004171081486,21.0
-1,-103.4992900208504,13.904028620370354,61.0,66.62400000000002,36.875290020850365,22.0
-1,-106.15003671225354,14.11746258333331,49.0,62.20800000000002,43.94203671225352,19.0
-1,-133.91091100817482,14.439752092592585,61.0,83.42400000000005,50.486911008174765,25.0
-1,-94.08770675468894,11.008269712962976,49.0,54.33600000000001,39.751706754688925,18.0
-1,-109.17742258609002,15.35772228240737,43.0,58.84800000000003,50.32942258609,21.0
-1,-133.97583335519147,16.173690430555542,62.0,72.38400000000003,61.59183335519145,22.0
-1,-121.52112842613724,14.720680624999996,66.0,76.32000000000004,45.2011284261372,24.0
-1,-119.26826486400478,16.160502134259243,69.0,91.00800000000004,28.26026486400473,12.0
-1,-113.90634232014813,16.05086052314814,50.0,73.24800000000003,40.658342320148094,18.0
-1,-109.82524020756073,14.311212837962971,52.0,65.56800000000003,44.257240207560685,16.0
-1,-119.30514690380652,16.610184745370347,67.0,66.62400000000002,52.6811469038065,23.0
-1,-92.59653186562406,12.360967050925904,49.0,56.54400000000002,36.05253186562404,20.0
-1,-109.67068465685318,15.168552972222194,45.0,51.26400000000002,58.406684656853166,23.0
-1,-103.19703389972857,13.241726347222226,44.0,54.52800000000002,48.66903389972853,22.0
-1,-94.14784559592272,15.392250722222212,56.0,61.34400000000003,32.80384559592268,17.0
-1,-110.4467531466011,13.606351620370363,42.0,56.73600000000001,53.710753146601085,22.0
-1,-111.2212407586224,14.27336107870369,52.0,67.96800000000002,43.25324075862238,21.0
-1,-121.00270699468476,15.70014407407405,42.0,62.97600000000002,58.02670699468475,21.0
-1,-98.00994086028663,15.206560916666648,34.0,49.05600000000001,48.95394086028662,22.0
-1,-137.63165116045235,21.794531222222165,74.0,86.30400000000003,51.32765116045233,19.0
-1,-167.20059687242826,18.06717049537033,66.0,93.50400000000003,73.69659687242823,25.0
-1,-115.28999444135212,14.66655215277775,56.0,61.248000000000026,54.0419944413521,22.0
-1,-99.83965000043038,14.659779944444452,44.0,55.00800000000002,44.831650000430365,19.0
-1,-111.58957619507632,16.1204473472222,47.0,70.56000000000004,41.02957619507629,17.0
-1,-111.7118123484109,12.125178689814808,43.0,59.52000000000002,52.19181234841088,22.0
-1,-107.430132760046,13.652687101851836,54.0,65.08800000000002,42.34213276004598,21.0
-1,-86.0934554997792,19.02413625925921,51.0,59.23200000000002,26.861455499779183,17.0
-1,-104.56080765491608,12.916866092592583,36.0,47.52000000000002,57.04080765491607,23.0
-1,-124.14502014062032,13.512716055555542,46.0,63.26400000000003,60.881020140620286,21.0
-1,-131.04942968595196,14.2578846759259,49.0,71.23200000000003,59.81742968595192,20.0
-1,-120.0276286441233,17.00741235185182,51.0,70.36800000000004,49.65962864412327,20.0
-1,-119.69337969838408,15.91795819907406,50.0,61.63200000000002,58.06137969838407,22.0
-1,-93.31139232511268,9.9337434675926,45.0,50.88000000000002,42.43139232511266,23.0
-1,-111.56049726262674,13.34072835648147,58.0,64.32000000000004,47.2404972626267,27.0
-1,-96.07477178559598,16.915678606481478,57.0,55.48800000000003,40.58677178559596,19.0
-1,-160.9468590889782,13.77432830555554,63.0,89.37600000000005,71.57085908897815,24.0
-1,-111.5530132060972,17.307468263888822,55.0,59.80800000000003,51.74501320609716,26.0
-1,-94.533208139719,12.72697974999999,53.0,60.672000000000025,33.86120813971897,18.0
-1,-113.2984348416296,15.893329916666644,42.0,58.94400000000002,54.35443484162957,19.0
-1,-73.57306405732345,15.497893541666636,44.0,49.82400000000002,23.749064057323427,10.0
-1,-94.97773031983124,16.164131995370347,54.0,64.12800000000003,30.84973031983121,17.0
-1,-120.07389707818204,14.232731263888857,51.0,59.42400000000003,60.64989707818201,23.0
-1,-108.100381751747,14.035102648148165,50.0,54.144000000000034,53.95638175174696,20.0
-1,-104.35102479158247,15.472382699074071,42.0,60.67200000000002,43.67902479158247,19.0
-1,-106.92734845291416,15.350561018518508,51.0,56.44800000000002,50.47934845291415,21.0
-1,-163.27337617563697,12.507359430555542,69.0,92.35200000000006,70.92137617563691,27.0
-1,-106.54661995488324,17.798149939814746,48.0,53.47200000000003,53.0746199548832,20.0
-1,-90.04748504470375,15.10076901388889,43.0,51.93600000000002,38.11148504470373,19.0
-1,-60.529977287827045,10.485623041666653,42.0,45.216000000000015,15.313977287827033,9.0
-1,-95.0739723293486,14.643880041666655,39.0,46.56000000000001,48.51397232934859,20.0
-1,-106.08675051918036,13.911493861111104,42.0,54.62400000000002,51.46275051918035,20.0
-1,-134.49577234466364,14.602685694444444,61.0,69.12000000000003,65.37577234466362,23.0
-1,-134.3186966788344,17.767447777777704,68.0,82.17600000000004,52.14269667883433,21.0
-1,-117.63439337383778,16.394698972222223,49.0,54.91200000000002,62.72239337383776,26.0
-1,-122.79875698515744,13.353954254629624,53.0,69.98400000000002,52.814756985157416,21.0
-1,-129.4004492034307,19.644116467592504,62.0,83.61600000000004,45.78444920343064,19.0
-1,-122.61837291964358,12.480324055555558,50.0,64.41600000000003,58.20237291964355,23.0
-1,-123.63423259239748,14.807964740740733,47.0,64.51200000000003,59.12223259239743,23.0
-1,-81.55691525558052,12.685685717592593,43.0,45.696000000000005,35.86091525558051,20.0
-1,-101.75119999516798,13.558745652777771,39.0,50.20800000000001,51.54319999516797,22.0
-1,-108.53279262828995,11.781682921296287,48.0,63.84000000000002,44.69279262828995,19.0
-1,-97.17821890169196,13.394780384259262,39.0,56.352000000000025,40.82621890169193,18.0
-1,-102.776190799237,13.985955509259254,43.0,53.568000000000026,49.20819079923699,21.0
-1,-84.8005338046852,11.213496513888886,58.0,57.504000000000026,27.296533804685176,15.0
-1,-111.49780656856385,14.27344062499998,44.0,56.06400000000002,55.43380656856383,25.0
-1,-93.17442165708476,13.419408749999992,43.0,47.71200000000002,45.46242165708474,20.0
-1,-111.13633600828295,16.707413592592555,45.0,56.35200000000002,54.78433600828296,21.0
-1,-117.07488984541176,12.841991462962945,52.0,75.55200000000004,41.522889845411726,20.0
-1,-138.65872027842556,14.120120240740732,54.0,68.83200000000004,69.82672027842554,23.0
-1,-120.0455042963955,16.61265093518516,55.0,73.82400000000003,46.22150429639547,19.0
-1,-119.84916562214784,14.46565746759258,47.0,68.35200000000003,51.49716562214781,22.0
-1,-122.36809222000596,16.00536766203702,50.0,59.04000000000003,63.328092220005935,27.0
-1,-102.76439125504191,17.745718152777723,50.0,54.04800000000002,48.71639125504191,22.0
-1,-102.45666870680152,12.08979318518518,39.0,58.36800000000002,44.08866870680148,18.0
-1,-107.61892349532869,17.36745201388887,61.0,68.25600000000003,39.36292349532864,20.0
-1,-122.5188369574412,12.318270032407408,47.0,69.02400000000003,53.49483695744118,20.0
-1,-91.0693521876829,13.365334907407426,31.0,44.83200000000001,46.23735218768289,17.0
-1,-106.96830413074738,16.211199810185175,55.0,62.20800000000003,44.76030413074736,23.0
-1,-104.32175548318412,12.26455599537036,44.0,54.72000000000002,49.60175548318409,23.0
-1,-109.61248183365174,16.21982271759256,50.0,56.928000000000026,52.68448183365172,24.0
-1,-130.54605498478665,17.195298425925877,58.0,74.30400000000003,56.24205498478661,23.0
-1,-111.72100596483368,14.485046402777764,42.0,52.60800000000001,59.11300596483365,24.0
-1,-97.1123931624879,15.308943009259233,46.0,54.04800000000003,43.06439316248787,22.0
-1,-143.103474925963,19.90701781944436,82.0,99.07200000000006,44.03147492596296,21.0
-1,-125.47314684319858,17.57484042592587,65.0,84.00000000000004,41.47314684319853,20.0
-1,-105.67687959235784,15.791775782407395,53.0,55.48799999999999,50.18887959235784,22.0
-1,-136.73150087250025,15.830629592592569,70.0,73.34400000000004,63.3875008725002,23.0
-1,-125.57170937563824,16.947928898148128,56.0,74.40000000000003,51.17170937563821,20.0
-1,-96.92349187082571,14.506380916666645,43.0,49.056,47.86749187082571,22.0
-1,-88.85964602774705,14.484874972222206,53.0,58.84800000000002,30.011646027747027,17.0
-1,-78.12664340339565,14.453171546296304,35.0,44.640000000000015,33.48664340339563,16.0
-1,-94.5301570666201,11.617285967592592,44.0,60.09600000000002,34.43415706662009,20.0
-1,-238.3612175135619,14.01824881944443,86.0,138.72000000000006,99.64121751356186,30.0
-1,-105.8166791129154,15.672381273148144,58.0,64.60800000000002,41.20867911291538,21.0
-1,-108.52698530151704,13.411964296296278,46.0,49.440000000000005,59.086985301517046,23.0
-1,-94.1129491643816,14.815943074074063,58.0,61.34400000000004,32.76894916438157,20.0
-1,-117.01887752708176,13.522980847222223,52.0,56.16000000000002,60.85887752708174,23.0
-1,-113.81282310262324,13.418759162037023,49.0,57.696000000000026,56.1168231026232,27.0
-1,-121.54267697699626,16.022458365740718,50.0,65.95200000000003,55.59067697699624,23.0
-1,-107.39399757373538,11.425503240740738,37.0,48.48000000000002,58.91399757373536,23.0
-1,-71.21330529007862,10.611500319444442,45.0,45.024000000000015,26.189305290078607,17.0
-1,-98.67626414473705,13.34123004166667,37.0,48.67200000000001,50.00426414473702,21.0
-1,-95.3405355214306,16.275210236111082,48.0,56.73600000000002,38.6045355214306,22.0
-1,-98.65146316388672,14.94188282407406,49.0,57.888000000000034,40.76346316388668,22.0
-1,-106.29425590911424,14.367647166666668,41.0,47.42400000000002,58.87025590911422,21.0
-1,-101.21025820714851,14.714518467592583,43.0,50.68800000000002,50.5222582071485,22.0
-1,-110.443797069706,15.56701519907407,46.0,66.72000000000003,43.72379706970597,19.0
-1,-97.7920317225444,16.04394037962959,43.0,54.72000000000002,43.07203172254437,21.0
-1,-98.22458576433726,13.215901884259251,52.0,57.79200000000002,40.43258576433724,18.0
-1,-102.6921237130733,13.338770601851856,50.0,66.43200000000003,36.26012371307328,18.0
-1,-108.39486707194916,12.12072387037036,49.0,58.272000000000034,50.12286707194912,22.0
-1,-108.42147675007436,13.077409712962966,31.0,48.192000000000014,60.22947675007433,20.0
-1,-92.89334181816436,13.59531450462962,53.0,64.32000000000004,28.573341818164327,16.0
-1,-114.04719325984942,15.462092569444431,63.0,74.97600000000004,39.07119325984939,21.0
-1,-127.26995032711376,14.547032023148136,48.0,70.56000000000003,56.70995032711373,22.0
-1,-102.1314837625171,13.723847712962955,47.0,57.98400000000002,44.14748376251708,22.0
-1,-91.4138605509274,11.163371824074073,31.0,42.91200000000001,48.50186055092739,21.0
-1,-87.63540695246425,11.691715277777783,39.0,46.368000000000016,41.26740695246424,20.0
-1,-85.7358983634525,12.584107166666678,36.0,43.488000000000014,42.24789836345249,22.0
-1,-154.1733878121545,13.980966439814807,61.0,96.96000000000004,57.21338781215445,21.0
-1,-88.04847753392012,12.111785745370351,31.0,41.18400000000002,46.8644775339201,22.0
-1,-105.09986029141686,16.877596106481445,53.0,66.52800000000003,38.57186029141682,19.0
-1,-94.54446262747972,12.142503814814804,44.0,57.408000000000015,37.13646262747972,19.0
-1,-122.32327577025508,13.691959787037025,41.0,55.96800000000002,66.35527577025506,23.0
-1,-105.85140854289769,12.934501282407387,42.0,52.51200000000002,53.33940854289765,23.0
-1,-88.20225014943348,12.970443902777754,28.0,37.34400000000001,50.85825014943347,19.0
-1,-145.23004785328752,15.03742505092591,60.0,97.15200000000006,48.078047853287465,20.0
-1,-76.77733351176764,9.22040125925927,30.0,35.808,40.96933351176765,23.0
-1,-105.09482184158064,14.705898277777775,50.0,60.00000000000003,45.09482184158061,21.0
-1,-108.56210700969596,15.288958120370356,43.0,54.24000000000002,54.322107009695934,22.0
-1,-104.83710414287737,20.42637260185181,58.0,67.58400000000002,37.25310414287733,17.0
-1,-105.49327703548374,15.200151412037016,51.0,60.96000000000003,44.53327703548372,15.0
-1,-163.43269533262588,19.8402915046296,85.0,114.33600000000008,49.09669533262581,17.0
-1,-85.83237470330789,15.201883986111078,40.0,46.46400000000001,39.36837470330788,17.0
-1,-78.4555765488586,13.726351648148135,43.0,47.04000000000001,31.41557654885859,17.0
-1,-93.14654214968434,16.950565824074047,54.0,58.75200000000003,34.3945421496843,20.0
-1,-147.97867784094296,17.248731064814766,66.0,90.04800000000004,57.93067784094292,22.0
-1,-110.38514726576716,13.293497523148153,39.0,53.95200000000002,56.433147265767126,21.0
-1,-97.63704696913292,10.231656439814822,35.0,43.48800000000001,54.14904696913292,24.0
-1,-185.7157046722343,18.33605162499994,87.0,126.2400000000001,59.4757046722342,19.0
-1,-104.1465059533846,11.859633189814806,43.0,54.432000000000016,49.71450595338459,26.0
-1,-66.62423596131518,11.30789544444443,37.0,39.936,26.688235961315176,16.0
-1,-106.13266303567676,11.63719905555556,39.0,50.78400000000002,55.34866303567673,22.0
-1,-128.94487612531125,18.315407902777725,51.0,77.76000000000003,51.18487612531119,20.0
-1,-102.84659954183766,13.694742245370344,43.0,53.95200000000002,48.89459954183764,19.0
-1,-121.2013059876078,13.243761740740736,47.0,58.08000000000003,63.12130598760778,22.0
-1,-97.6170406374722,12.766723856481477,39.0,45.984000000000016,51.63304063747218,22.0
-1,-97.23664266320314,13.535099078703684,38.0,48.000000000000014,49.23664266320313,20.0
-1,-92.3563493644194,13.456794217592591,50.0,52.416,39.94034936441939,17.0
-1,-145.18246877858232,14.62400965740738,54.0,83.90400000000004,61.27846877858227,22.0
-1,-93.07745801172146,13.92901808796294,38.0,53.18400000000002,39.89345801172145,21.0
-1,-133.16830131976172,13.37929024537036,47.0,59.52000000000002,73.64830131976169,22.0
-1,-117.48870667236548,14.6671360972222,50.0,64.22400000000002,53.26470667236545,22.0
-1,-106.56267449039544,15.503340439814783,59.0,70.65600000000003,35.90667449039541,17.0
-1,-107.43993240136813,10.662909134259264,40.0,51.93600000000002,55.50393240136809,22.0
-1,-109.55858977797408,15.410670263888882,47.0,57.79200000000002,51.76658977797405,20.0
-1,-110.64017257052892,16.170695374999994,48.0,60.96000000000003,49.6801725705289,20.0
-1,-140.4246256491407,16.618629949074034,53.0,77.85600000000002,62.56862564914066,20.0
-1,-119.62141744189248,13.943540472222212,42.0,66.91200000000003,52.70941744189245,20.0
-1,-110.2350050637328,11.168920953703712,36.0,50.20800000000002,60.0270050637328,22.0
-1,-107.90774727124038,16.408358995370353,41.0,51.26400000000002,56.643747271240365,21.0
-1,-124.47846611422916,14.009833078703675,46.0,63.84000000000003,60.63846611422912,23.0
-1,-131.26345097652575,16.571338148148122,54.0,71.71200000000005,59.55145097652572,20.0
-1,-112.00054354722428,15.81803631018518,60.0,69.31200000000004,42.68854354722424,22.0
-1,-76.82906552020323,10.73625256018518,27.0,36.672,40.157065520203226,23.0
-1,-101.56638975499251,16.306723611111103,39.0,51.07200000000002,50.4943897549925,18.0
-1,-131.26802315102796,16.778856504629584,63.0,79.29600000000003,51.972023151027926,23.0
-1,-157.35507807766675,13.620927305555536,52.0,81.69600000000004,75.6590780776667,22.0
-1,-109.89026854089492,15.52108986111109,55.0,62.59200000000002,47.298268540894895,23.0
-1,-110.2240474331956,16.775071981481467,51.0,60.00000000000004,50.22404743319556,19.0
-1,-82.67720417316247,10.062469402777785,28.0,36.96000000000001,45.71720417316246,19.0
-1,-76.38804521647273,13.555936819444437,43.0,49.536000000000016,26.852045216472725,15.0
-1,-111.84673367363575,16.6660450509259,44.0,56.25600000000003,55.590733673635725,21.0
-1,-128.3813961720052,15.996331569444417,43.0,59.80800000000002,68.57339617200518,23.0
-1,-91.30960794697724,11.992047180555584,43.0,43.10399999999999,48.20560794697725,21.0
-1,-80.3312065733635,14.743600481481463,41.0,46.94400000000001,33.38720657336349,21.0
-1,-113.49363236837443,21.00776307870362,55.0,61.72800000000004,51.76563236837441,21.0
-1,-102.53323294861536,13.720114546296276,47.0,58.08000000000003,44.453232948615344,23.0
-1,-96.68949569203592,14.168280240740748,37.0,44.25600000000001,52.43349569203593,21.0
-1,-85.59710197432369,12.046887592592586,42.0,52.128000000000014,33.469101974323685,19.0
-1,-115.97042915209568,15.146809310185146,50.0,64.22400000000002,51.74642915209566,21.0
-1,-81.2630244455286,13.787451583333317,37.0,46.56000000000002,34.70302444552859,18.0
-1,-78.00820011304889,10.360051625000017,30.0,34.944,43.06420011304888,19.0
-1,-104.4627642316566,16.935983953703666,47.0,55.10400000000003,49.358764231656565,20.0
-1,-127.65406442868684,15.6864148935185,54.0,64.12800000000003,63.52606442868681,23.0
-1,-173.31446865289644,16.101111027777755,63.0,101.66400000000006,71.65046865289636,23.0
-1,-115.7322708337461,12.892862199074065,46.0,57.21600000000003,58.51627083374606,25.0
-1,-136.13721155052434,18.44670769907401,56.0,74.68800000000005,61.44921155052431,21.0
-1,-119.37951684435988,14.464740990740726,49.0,59.712000000000025,59.66751684435984,22.0
-1,-94.54576351577212,17.18864670370368,43.0,50.01600000000002,44.5297635157721,21.0
-1,-188.0633773464968,16.450834351851828,78.0,122.97600000000008,65.08737734649672,23.0
-1,-104.50779757862144,12.480610578703688,54.0,76.12800000000003,28.379797578621417,16.0
-1,-123.66556724175707,15.263984736111093,45.0,64.80000000000003,58.86556724175706,26.0
-1,-94.1633736151857,12.971773550925926,32.0,39.55200000000001,54.6113736151857,24.0
-1,-98.99208027516856,13.411440810185171,41.0,48.09600000000002,50.89608027516852,22.0
-1,-86.97113539266766,12.804487777777773,37.0,40.32000000000001,46.651135392667655,22.0
-1,-106.73832780232304,9.601491986111109,40.0,58.08000000000002,48.658327802323015,20.0
-1,-157.35438232489122,17.421779694444407,70.0,103.58400000000006,53.77038232489116,21.0
-1,-122.39172604042832,15.537403541666649,43.0,62.592000000000034,59.7997260404283,20.0
-1,-98.0565996233236,11.66955819444445,36.0,46.75200000000001,51.30459962332359,20.0
-1,-115.1026702812393,13.90500059722223,37.0,55.00800000000002,60.09467028123928,20.0
-1,-99.61827214551906,14.989005120370356,43.0,54.14400000000002,45.474272145519045,18.0
-1,-120.98004810697796,14.208483759259256,46.0,58.84800000000003,62.13204810697793,23.0
-1,-97.21351242546486,12.3286914074074,37.0,44.73600000000001,52.477512425464845,24.0
-1,-115.53481666118924,15.741527564814785,50.0,60.672000000000025,54.86281666118921,22.0
-1,-128.2977119339688,18.318836972222183,53.0,71.80800000000004,56.48971193396875,20.0
-1,-95.07181186766933,10.81990260648147,38.0,45.408000000000015,49.66381186766931,24.0
-1,-99.93116954847338,14.700794305555537,40.0,49.44000000000002,50.49116954847335,24.0
-1,-119.76585736544754,17.21922593055551,48.0,64.89600000000003,54.86985736544752,19.0
-1,-102.77223921246517,19.04293238425919,43.0,56.64000000000003,46.13223921246513,18.0
-1,-131.89127825921935,16.78626897685179,57.0,78.81600000000005,53.0752782592193,23.0
-1,-123.22555361496508,14.76302331481481,50.0,59.80800000000002,63.41755361496504,22.0
-1,-81.8461687603374,14.974808361111103,37.0,43.10400000000001,38.742168760337385,18.0
-1,-142.76161530728118,11.42465845833333,49.0,65.08800000000002,77.67361530728115,27.0
-1,-96.61630188543468,14.379761777777777,37.0,49.920000000000016,46.69630188543464,20.0
-1,-111.03646189650156,14.16885133796296,49.0,57.504000000000026,53.53246189650152,22.0
-1,-133.02276185112456,14.534716592592584,57.0,76.32000000000004,56.70276185112452,23.0
-1,-98.01173483543371,14.72291573611109,51.0,54.33600000000002,43.67573483543371,19.0
-1,-103.87600622022734,17.4576630509259,44.0,55.00800000000002,48.86800622022732,20.0
-1,-89.23029772922777,9.922916648148169,37.0,46.56000000000002,42.67029772922776,25.0
-1,-109.65163263283746,13.622792106481455,57.0,62.59200000000003,47.05963263283744,23.0
-1,-107.37412441560558,17.725883499999934,51.0,60.96000000000004,46.41412441560554,20.0
-1,-95.39309868876748,16.800782634259242,48.0,56.256000000000014,39.13709868876747,20.0
-1,-80.54158062800255,14.561136967592589,36.0,47.71200000000002,32.829580628002525,16.0
-1,-112.59763624404796,20.329500074074023,53.0,67.68000000000002,44.917636244047934,17.0
-1,-147.22101094209455,11.780912365740726,53.0,77.28000000000003,69.94101094209452,27.0
-1,-99.67690586322992,13.428678513888864,37.0,53.37600000000002,46.30090586322992,19.0
-1,-102.05005447055038,14.433240523148138,41.0,50.88000000000002,51.17005447055036,21.0
-1,-95.8668716306422,11.26708648148149,41.0,50.59200000000002,45.274871630642174,26.0
-1,-106.4559842147301,15.830001907407398,40.0,55.968000000000025,50.48798421473007,20.0
-1,-99.35529354107348,11.208423319444467,38.0,40.51200000000001,58.84329354107346,26.0
-1,-113.92265472962691,16.0109678611111,55.0,56.64000000000003,57.28265472962688,21.0
-1,-105.13408849416936,17.79313158333328,61.0,69.40800000000003,35.72608849416933,18.0
-1,-100.6279320841186,13.603070921296291,43.0,53.56800000000002,47.05993208411858,24.0
-1,-94.84557330510104,13.748663101851838,36.0,44.54400000000002,50.30157330510102,20.0
-1,-87.60031006010003,15.773347754629638,40.0,45.408000000000015,42.19231006010001,19.0
-1,-97.07895877892734,13.841147101851826,36.0,56.16000000000002,40.918958778927326,16.0
-1,-93.368048408199,14.2403432037037,32.0,42.432,50.936048408198985,19.0
-1,-101.47296994138424,14.200823111111076,38.0,49.82400000000002,51.64896994138422,22.0
-1,-104.94266768331715,13.222720388888892,31.0,42.24000000000001,62.70266768331716,22.0
-1,-132.58787931043136,14.564865421296275,55.0,70.94400000000003,61.64387931043132,22.0
-1,-100.716626075557,13.63770084722222,41.0,48.67200000000002,52.04462607555698,20.0
-1,-86.03363414759318,13.901122736111102,36.0,45.216000000000015,40.81763414759316,21.0
-1,-109.66951707790491,18.007752189814795,57.0,63.74400000000003,45.92551707790488,24.0
-1,-94.18935732544566,14.028965874999995,47.0,50.78400000000001,43.40535732544564,23.0
-1,-75.6061488102573,13.080235254629605,40.0,45.792000000000016,29.81414881025728,21.0
-1,-96.0574280448018,11.970672930555544,43.0,50.496000000000016,45.56142804480179,24.0
-1,-100.7474199726964,19.99250613425925,48.0,54.62400000000002,46.123419972696375,16.0
-1,-103.3034471714478,16.121613472222226,48.0,53.376000000000026,49.92744717144777,19.0
-1,-91.42033660465742,17.20433298611109,45.0,50.496000000000016,40.92433660465741,20.0
-1,-122.68636503301676,14.185073810185155,50.0,56.736000000000026,65.95036503301674,26.0
-1,-103.15047678022204,16.289604083333312,44.0,58.84800000000003,44.302476780222015,17.0
-1,-115.75583660443058,17.61573423611106,44.0,64.03200000000002,51.723836604430566,19.0
-1,-109.05602133974564,14.117858587962948,47.0,62.68800000000002,46.36802133974561,21.0
-1,-101.94547207047712,11.444479199074062,46.0,58.36800000000002,43.57747207047708,20.0
-1,-145.84997101599717,17.48466842592585,61.0,92.64000000000006,53.20997101599712,20.0
-1,-84.40394127971098,18.93030064351849,44.0,48.864000000000026,35.53994127971095,19.0
-1,-95.09124588369562,8.96572322685187,31.0,46.27200000000001,48.8192458836956,24.0
-1,-117.84998913903904,13.346909666666669,42.0,52.99200000000002,64.85798913903903,26.0
-1,-141.20888700696884,17.875246884259177,60.0,81.40800000000004,59.80088700696879,22.0
-1,-114.7345534626297,12.902684097222195,48.0,54.91200000000003,59.82255346262968,22.0
-1,-68.48539673945689,8.274848722222218,33.0,37.824000000000005,30.661396739456887,19.0
-1,-96.46521138407957,14.352833430555547,47.0,50.59200000000002,45.87321138407953,24.0
-1,-103.1781139839888,14.136829078703691,42.0,55.68000000000003,47.49811398398877,21.0
-1,-89.36516257675862,15.50928905555555,35.0,45.69600000000001,43.66916257675861,20.0
-1,-79.91566181892688,14.748515620370354,39.0,49.344000000000015,30.57166181892686,15.0
-1,-85.90440378045572,16.02477981018518,38.0,46.56000000000002,39.34440378045571,17.0
-1,-108.60281454817547,14.621402041666682,40.0,49.82400000000002,58.77881454817546,20.0
-1,-146.0921465030662,15.355579912036994,55.0,81.69600000000004,64.39614650306618,24.0
-1,-102.106359031799,15.734842050925916,49.0,55.39200000000003,46.71435903179898,20.0
-1,-98.62308329518883,16.3399748009259,46.0,60.57600000000003,38.047083295188806,19.0
-1,-82.44974216559802,15.789643217592555,39.0,50.97600000000002,31.473742165598,18.0
-1,-108.1311391786954,14.168204592592597,43.0,55.68000000000002,52.45113917869537,20.0
-1,-90.12855302815832,10.808845055555556,32.0,46.27200000000001,43.85655302815829,23.0
-1,-95.02487705653976,11.592318949074082,33.0,41.280000000000015,53.74487705653975,25.0
-1,-94.02109703395404,11.79447236574075,40.0,48.96000000000001,45.061097033954034,22.0
-1,-105.30028046510289,12.531130777777774,46.0,55.968000000000025,49.33228046510286,23.0
-1,-96.13474030240631,18.886105240740704,51.0,59.23200000000003,36.9027403024063,18.0
-1,-96.02699009948437,11.65843891203703,42.0,62.400000000000034,33.62699009948431,16.0
-1,-158.0275733043629,17.00786555092587,71.0,96.28800000000004,61.73957330436284,24.0
-1,-106.8753230919336,20.00311513888889,51.0,60.19200000000003,46.68332309193357,17.0
-1,-114.2240946253321,15.87426043981479,55.0,67.00800000000001,47.2160946253321,19.0
-1,-93.25272908682996,13.521361004629638,37.0,45.79200000000001,47.46072908682997,19.0
-1,-101.9080203881934,18.483940217592547,48.0,54.04800000000002,47.86002038819336,21.0
-1,-98.03977511240996,12.423667041666638,45.0,64.41600000000003,33.62377511240993,16.0
-1,-112.1606971890812,12.969557583333328,36.0,51.45600000000002,60.70469718908118,25.0
-1,-125.53735341745406,14.898029550925903,59.0,69.60000000000004,55.93735341745403,25.0
-1,-106.15916727989138,21.63266266203697,57.0,67.96800000000003,38.19116727989135,15.0
-1,-100.80719945452276,12.892736754629626,38.0,47.232000000000006,53.57519945452276,22.0
-1,-99.34100663031803,15.515542388888877,49.0,57.120000000000026,42.22100663031802,20.0
-1,-84.30751242728215,16.622503324074053,44.0,50.30400000000002,34.00351242728213,19.0
-1,-115.57090729849382,17.459050824074026,49.0,58.84800000000003,56.722907298493794,24.0
-1,-108.11753128937616,17.197817703703667,49.0,61.53600000000002,46.58153128937615,23.0
-1,-94.8385298805768,17.630489374999982,38.0,47.23200000000003,47.60652988057679,18.0
-1,-110.044626379327,14.215655754629616,34.0,48.384000000000015,61.66062637932699,25.0
-1,-106.0513334756811,16.397822249999987,49.0,62.59200000000003,43.45933347568107,20.0
-1,-96.16036725387062,13.388219504629625,54.0,56.83200000000003,39.3283672538706,20.0
-1,-95.03347878958292,13.136415314814808,45.0,55.00800000000002,40.025478789582905,21.0
-1,-97.29154914356172,12.223761587962956,37.0,44.35200000000001,52.939549143561706,25.0
-1,-118.7078707317447,15.757824652777762,55.0,83.13600000000004,35.57187073174467,16.0
-1,-120.64187691476648,17.99880993518512,52.0,64.41600000000003,56.22587691476644,24.0
-1,-122.0837556016274,18.127610921296228,56.0,75.45600000000005,46.62775560162736,18.0
-1,-97.00010212771198,14.504899925925931,33.0,41.28,55.720102127712,21.0
-1,-101.14803189603902,16.17348822685182,52.0,52.41600000000002,48.73203189603901,26.0
-1,-90.39472545025448,15.751728574074056,38.0,46.080000000000005,44.31472545025448,20.0
-1,-107.59164755673038,15.257648004629628,39.0,47.424000000000014,60.16764755673036,21.0
-1,-101.97096171178973,19.07247520833328,50.0,55.58400000000002,46.38696171178969,21.0
-1,-119.93794901962173,15.35713087499997,47.0,62.78400000000003,57.1539490196217,25.0
-1,-68.41998109272771,12.41377828703704,34.0,38.49600000000001,29.9239810927277,20.0
-1,-94.94486262763174,11.317688981481494,38.0,42.72000000000001,52.22486262763172,25.0
-1,-99.80319752305722,13.74640933333332,38.0,44.16000000000002,55.6431975230572,25.0
-1,-102.2966979353004,18.112572675925904,45.0,51.840000000000025,50.45669793530036,21.0
-1,-88.53763703738743,20.82332881944438,54.0,59.80800000000004,28.729637037387395,15.0
-1,-118.9784158438828,13.400315601851844,52.0,65.95200000000004,53.026415843882745,26.0
-1,-145.26990124402766,22.03717964814804,65.0,84.38400000000004,60.88590124402761,20.0
-1,-127.24184386206667,17.30280099999993,46.0,68.25600000000003,58.98584386206664,21.0
-1,-118.07720892752658,17.269477351851823,57.0,58.65600000000003,59.42120892752656,22.0
-1,-106.11478904575496,20.479815342592524,44.0,52.60800000000002,53.50678904575493,18.0
-1,-107.20091567184416,16.31331461574074,44.0,49.24800000000002,57.95291567184416,22.0
-1,-114.8030023421699,15.524547888888868,47.0,60.57600000000003,54.22700234216988,23.0
-1,-108.82897783557296,18.21186697685182,42.0,58.75200000000002,50.07697783557293,17.0
-1,-90.27858969831316,14.900332912037031,42.0,55.48800000000002,34.79058969831314,18.0
-1,-105.90924141658272,13.618309546296288,42.0,49.82400000000002,56.08524141658271,23.0
-1,-92.91204717225082,17.293309921296284,51.0,50.97600000000002,41.9360471722508,21.0
-1,-103.01377406824332,14.754971064814816,39.0,45.50400000000002,57.50977406824331,24.0
-1,-95.18807270314198,15.77561783333332,51.0,59.52000000000002,35.66807270314195,19.0
-1,-91.19350662754364,15.648143425925928,39.0,44.25600000000001,46.93750662754362,19.0
-1,-109.80293559734147,14.507058305555551,46.0,54.62400000000003,55.17893559734145,24.0
-1,-107.35352093281791,18.95498260185181,57.0,63.55200000000003,43.80152093281791,18.0
-1,-71.88436606122774,8.724244907407414,37.0,48.00000000000002,23.88436606122772,17.0
-1,-88.12361081011451,19.70885090740738,44.0,49.248000000000026,38.875610810114495,19.0
-1,-136.25803790160757,18.17019494907401,67.0,86.30400000000006,49.95403790160752,20.0
-1,-100.88755916959865,18.54910612037033,41.0,53.85600000000002,47.0315591695986,20.0
-1,-174.85790787824322,16.946291814814767,71.0,100.51200000000006,74.34590787824318,26.0
-1,-102.55707277893929,14.99484917129631,40.0,43.872000000000014,58.68507277893927,20.0
-1,-134.99599264295918,17.353985990740714,51.0,62.01600000000003,72.97999264295916,21.0
-1,-118.1162866851324,15.686660152777756,47.0,59.13600000000003,58.98028668513236,22.0
-1,-97.26075445372705,16.98733676851848,47.0,53.760000000000026,43.50075445372701,21.0
-1,-149.95265409201193,14.333862249999964,60.0,86.30400000000006,63.64865409201186,26.0
-1,-80.39327583089099,17.269709620370335,35.0,41.28000000000001,39.11327583089098,16.0
-1,-109.12694264836932,16.593783972222173,56.0,75.55200000000005,33.57494264836928,19.0
-1,-94.76762487846143,15.732339722222193,48.0,57.40800000000002,37.35962487846141,22.0
-1,-80.4961201217269,11.042830749999991,35.0,48.19200000000002,32.30412012172688,19.0
-1,-105.57349142860193,15.178695365740738,47.0,57.50400000000001,48.06949142860192,23.0
-1,-113.96860590923691,13.39580281944442,46.0,62.49600000000003,51.47260590923688,24.0
-1,-94.45434066470835,16.094200078703686,44.0,53.76000000000002,40.69434066470835,21.0
-1,-76.75630391089501,13.88480908796297,48.0,48.960000000000015,27.796303910895,16.0
-1,-105.69079235637776,18.119753074074023,48.0,60.19200000000003,45.49879235637774,19.0
-1,-116.49780043599095,19.86695066203696,52.0,66.43200000000003,50.06580043599092,22.0
-1,-95.20920060363682,17.520795962962943,45.0,48.28800000000002,46.92120060363679,21.0
-1,-108.48879876059858,15.318973773148132,50.0,63.93600000000003,44.55279876059856,19.0
-1,-96.72165543746593,12.53074110648148,47.0,55.968000000000025,40.7536554374659,19.0
-1,-92.2148429035175,14.849674055555536,35.0,46.27200000000001,45.9428429035175,23.0
-1,-106.25734479823006,16.361308787037007,49.0,55.20000000000002,51.05734479823004,20.0
-1,-89.17321592877049,17.834055337962937,35.0,40.8,48.373215928770485,19.0
-1,-92.56198278046422,18.421634365740704,43.0,48.384000000000015,44.177982780464205,21.0
-1,-108.74889049939397,12.998348027777778,38.0,56.256000000000014,52.49289049939394,24.0
-1,-79.2544047822006,15.972762611111117,43.0,50.78400000000003,28.470404782200568,17.0
-1,-93.14012201255906,16.911787217592586,44.0,55.10400000000003,38.03612201255903,19.0
-1,-100.78002901699838,15.274142231481497,40.0,52.60800000000001,48.17202901699837,19.0
-1,-107.993985753623,14.335648763888887,51.0,67.20000000000003,40.79398575362298,22.0
-1,-93.43451874684696,12.090807143518512,41.0,54.24000000000003,39.19451874684693,18.0
-1,-125.35583403180308,14.46236606018518,52.0,62.78400000000003,62.57183403180305,26.0
-1,-96.10979584044937,13.226264939814794,45.0,54.33600000000002,41.77379584044933,20.0
-1,-123.98592501793944,15.072412374999976,45.0,55.39200000000002,68.59392501793944,24.0
-1,-70.33257573585682,13.720739277777794,39.0,39.55200000000001,30.78057573585681,17.0
-1,-101.32693777229524,15.01377460185185,43.0,41.47200000000001,59.85493777229523,23.0
-1,-97.8834486418106,19.55087085648144,55.0,56.35200000000003,41.53144864181056,20.0
-1,-98.69237579358771,16.35413957870367,46.0,52.12800000000002,46.56437579358771,23.0
-1,-92.98833534312018,11.880138416666648,41.0,53.37600000000002,39.612335343120165,25.0
-1,-119.92528146964574,16.57316658333329,58.0,69.40800000000003,50.5172814696457,21.0
-1,-97.04467878779477,13.052489824074058,34.0,44.92800000000001,52.11667878779474,24.0
-1,-79.59950240944836,15.427429925925916,49.0,51.64800000000002,27.951502409448345,15.0
-1,-159.6490905801572,20.894810532407337,76.0,99.36000000000006,60.28909058015715,24.0
-1,-113.3563262112074,18.286772254629597,42.0,50.68800000000002,62.66832621120737,24.0
-1,-91.24276490765492,14.335563532407408,41.0,40.99200000000001,50.25076490765491,24.0
-1,-97.52508044669308,15.136060361111111,42.0,50.11200000000002,47.41308044669306,21.0
-1,-99.10090486458104,22.11131042592584,58.0,65.95200000000003,33.148904864581034,17.0
-1,-105.36656135082218,16.040963944444417,40.0,51.360000000000014,54.00656135082217,26.0
-1,-106.82993373626068,14.959732689814812,47.0,51.648000000000025,55.181933736260646,23.0
-1,-87.59165350482361,16.909690078703683,41.0,47.424000000000014,40.1676535048236,20.0
-1,-93.66858482237792,16.603794888888885,51.0,60.00000000000003,33.668584822377895,15.0
-1,-89.89746177240755,14.303076337962962,50.0,46.65600000000001,43.24146177240754,20.0
-1,-109.69381375868493,18.90346964351848,55.0,64.60800000000003,45.08581375868489,22.0
-1,-99.99298862265005,23.696317981481403,53.0,53.856000000000016,46.13698862265003,20.0
-1,-109.73132695721353,19.612848574074,52.0,63.45600000000003,46.27532695721348,21.0
-1,-91.60625044513034,15.36673739814814,43.0,48.00000000000002,43.60625044513032,21.0
-1,-90.3233276725736,16.77372293518517,43.0,47.42400000000002,42.899327672573584,20.0
-1,-110.97880271850023,18.099440495370317,46.0,51.26400000000002,59.714802718500216,24.0
-1,-104.64849350765344,14.36364894444444,41.0,49.53600000000002,55.11249350765341,24.0
-1,-103.90610645531132,15.81441202777776,46.0,55.39200000000003,48.514106455311286,22.0
-1,-111.55389111770656,22.284229439814773,62.0,65.08800000000004,46.46589111770654,17.0
-1,-98.493555283362,17.052969374999968,47.0,54.14400000000002,44.349555283361966,22.0
-1,-99.10917051241849,19.127842032407354,48.0,57.60000000000002,41.50917051241845,19.0
-1,-86.50911910444259,18.55246132870365,43.0,52.12800000000002,34.38111910444257,16.0
-1,-90.99771142036332,19.02002805555551,52.0,52.51200000000002,38.48571142036329,19.0
-1,-93.353228056143,15.029398962962938,53.0,63.74400000000003,29.609228056142975,18.0
-1,-73.75707967653774,14.36241432407406,41.0,50.49600000000002,23.26107967653772,11.0
-1,-80.23258204850279,12.36316058333332,34.0,43.104000000000006,37.12858204850279,21.0
-1,-116.4982425811984,14.25791565277777,42.0,50.30400000000002,66.1942425811984,26.0
-1,-86.14522475583851,14.974475837962949,37.0,40.80000000000001,45.34522475583851,21.0
-1,-98.78189725743913,15.838896949074048,40.0,54.62400000000002,44.1578972574391,21.0
-1,-88.59990599385449,9.63720597685186,28.0,36.96000000000001,51.63990599385448,25.0
-1,-94.44792657261584,13.85291021759259,36.0,43.77600000000001,50.67192657261583,22.0
-1,-90.00132366480403,19.022174013888822,52.0,59.80800000000003,30.193323664804,17.0
-1,-108.20489268261584,21.14199399999989,55.0,69.69600000000004,38.50889268261581,18.0
-1,-105.5928997633906,24.82579230092589,64.0,66.33600000000003,39.25689976339057,17.0
-1,-99.72855613731544,19.15006143055551,54.0,57.40800000000003,42.32055613731541,20.0
-1,-103.47538791005792,20.430011856481467,55.0,56.73600000000003,46.739387910057886,20.0
-1,-102.21433559828664,14.469263759259244,43.0,60.672000000000025,41.54233559828661,21.0
-1,-113.69216415922833,23.27416627777764,52.0,60.38400000000003,53.30816415922829,19.0
-1,-121.67609021699847,23.04803366203692,56.0,64.51200000000003,57.16409021699847,20.0
-1,-83.59139654255969,15.534121546296277,48.0,50.97600000000002,32.61539654255967,20.0
-1,-107.4013527278972,15.94297307407406,44.0,53.66400000000002,53.73735272789717,22.0
-1,-129.04905718019165,17.522127791666627,62.0,78.33600000000004,50.71305718019161,21.0
-1,-94.62147107364297,10.632837518518537,37.0,44.064000000000014,50.557471073642944,23.0
-1,-92.43602798822997,16.498455925925906,44.0,53.56800000000003,38.868027988229926,20.0
-1,-93.63088034716152,15.97742465740741,39.0,44.92800000000001,48.7028803471615,23.0
-1,-89.45918572714922,14.602343712962954,45.0,59.23200000000003,30.227185727149187,16.0
-1,-109.12438674095398,16.06477069444443,49.0,55.20000000000002,53.92438674095396,25.0
-1,-77.24732548879166,14.565676060185185,34.0,46.08000000000001,31.16732548879164,17.0
-1,-118.00581860922912,19.36864558333329,60.0,66.81600000000003,51.1898186092291,21.0
-1,-84.51623317298403,16.94944030092592,50.0,56.06400000000002,28.452233172984005,15.0
-1,-96.07165059176764,15.453436277777769,49.0,56.83200000000003,39.23965059176763,19.0
-1,-84.0292650124841,11.513720412037044,36.0,44.640000000000015,39.38926501248408,22.0
-1,-106.12885524924184,15.116277499999995,42.0,49.05600000000002,57.07285524924182,24.0
-1,-108.90776646078112,17.26715454629622,48.0,58.84800000000003,50.05976646078111,24.0
-1,-95.88747490373964,18.31564482870369,50.0,56.64000000000002,39.24747490373961,18.0
-1,-96.94435607890163,18.35095275000001,52.0,60.864000000000026,36.080356078901616,18.0
-1,-102.624223359326,12.769957597222216,44.0,49.920000000000016,52.70422335932598,23.0
-1,-157.75592247599775,18.72760758796288,71.0,85.44000000000004,72.3159224759977,25.0
-1,-114.21711740658276,18.555308810185117,46.0,57.696000000000026,56.52111740658273,22.0
-1,-121.08941982605975,17.59305738888884,52.0,71.42400000000004,49.66541982605971,19.0
-1,-104.58363049552568,22.734973347222144,60.0,66.33600000000004,38.24763049552563,18.0
-1,-77.68694238400069,12.179299208333337,41.0,47.808000000000014,29.878942384000677,17.0
-1,-129.9695556532372,15.83583542129628,49.0,57.60000000000004,72.36955565323714,23.0
-1,-81.03063767392725,16.13566977314813,41.0,49.82400000000001,31.20663767392724,16.0
-1,-92.48825000556712,18.89079824999993,41.0,48.576000000000015,43.91225000556712,19.0
-1,-118.74333684589564,19.051095824074,59.0,63.36000000000004,55.383336845895606,20.0
-1,-86.44573023920552,16.548960532407385,51.0,51.55200000000002,34.8937302392055,19.0
-1,-98.19286854493038,15.3262122361111,46.0,50.78400000000003,47.40886854493035,24.0
-1,-88.59010607030083,15.565287069444434,48.0,54.432000000000016,34.15810607030082,17.0
-1,-105.91168452586112,14.75453535185185,53.0,62.30400000000003,43.607684525861096,21.0
-1,-103.38688010807198,16.286312268518483,43.0,51.84000000000002,51.54688010807197,20.0
-1,-106.75931989425708,23.677505398148067,58.0,58.08000000000003,48.67931989425705,18.0
-1,-129.1305355805882,16.518442495370333,50.0,66.14400000000003,62.986535580588175,23.0
-1,-98.2381389175126,19.162473671296244,45.0,48.09600000000002,50.1421389175126,19.0
-1,-111.6509810316004,16.33022880092591,55.0,61.92000000000003,49.73098103160036,20.0
-1,-97.70368411723094,13.072317402777765,44.0,59.04000000000003,38.66368411723091,21.0
-1,-107.73210430786897,21.212271685185108,48.0,53.28000000000002,54.45210430786892,24.0
-1,-115.92013420300978,14.388373333333307,54.0,66.43200000000003,49.48813420300975,24.0
-1,-102.9317242769601,21.274302819444376,47.0,52.800000000000026,50.13172427696007,19.0
-1,-93.10573175982866,14.170106120370352,47.0,55.39200000000002,37.71373175982863,23.0
-1,-117.38425814919026,17.768465425925886,50.0,70.46400000000003,46.92025814919023,19.0
-1,-91.350424182941,25.204028407407343,48.0,47.04000000000001,44.310424182941,16.0
-1,-81.80880485414681,15.247980351851831,47.0,56.54400000000002,25.264804854146792,15.0
-1,-94.83005021326971,17.83480606018514,46.0,57.21600000000003,37.61405021326968,17.0
-1,-92.35467028928176,15.240459879629608,43.0,52.128000000000014,40.22667028928174,18.0
-1,-80.85296209115634,17.129004203703662,43.0,42.72000000000001,38.13296209115634,21.0
-1,-83.57529187396146,16.73864068518517,51.0,51.93600000000002,31.63929187396144,19.0
-1,-111.06150080571186,16.8328744259259,46.0,50.59200000000001,60.46950080571184,24.0
-1,-108.3389997677883,15.328975004629624,46.0,59.23200000000003,49.10699976778827,21.0
-1,-101.69385073031908,20.50339749074069,55.0,58.368000000000016,43.32585073031905,18.0
-1,-93.78144349168528,22.6706064166666,61.0,58.17600000000002,35.60544349168525,20.0
-1,-122.89780476490324,23.458486333333216,61.0,66.33600000000003,56.56180476490322,20.0
-1,-101.15159931398338,15.02935454166666,43.0,50.112000000000016,51.03959931398337,23.0
-1,-103.83040444245626,23.51008448611104,61.0,64.22400000000003,39.60640444245623,17.0
-1,-86.3554662364213,17.810047666666616,47.0,47.52000000000002,38.83546623642127,18.0
-1,-88.45717316851594,16.525346305555534,45.0,53.76000000000002,34.69717316851591,18.0
-1,-100.21880515470168,13.93348327777777,47.0,60.96000000000003,39.25880515470165,21.0
-1,-139.4361174113875,10.236682578703704,49.0,77.18400000000004,62.25211741138746,27.0
-1,-83.17784752955782,18.1658653842592,41.0,48.67200000000002,34.5058475295578,18.0
-1,-113.6036047241177,19.182639944444347,66.0,64.80000000000004,48.803604724117655,23.0
-1,-113.46449706367495,23.256645518518408,55.0,62.30400000000003,51.16049706367494,21.0
-1,-124.76803325522798,16.31598631944441,53.0,68.92800000000004,55.84003325522793,21.0
-1,-122.12429630448536,16.53326488888884,49.0,68.25600000000003,53.86829630448533,23.0
-1,-106.81812447465596,23.025152379629574,52.0,58.36800000000002,48.45012447465594,19.0
-1,-76.10117747751096,15.567463791666649,38.0,43.39200000000002,32.70917747751094,18.0
-1,-106.25135223559217,24.105955046296238,62.0,64.32000000000004,41.93135223559212,18.0
-1,-108.84117418257054,21.61208659722215,57.0,61.63200000000003,47.20917418257051,18.0
-1,-102.08158903323329,16.53106445370368,53.0,57.21600000000003,44.865589033233256,21.0
-1,-92.04260233435517,19.65843433333333,51.0,50.88000000000001,41.16260233435515,18.0
-1,-91.18493902821048,20.87548924537031,56.0,57.60000000000002,33.58493902821046,17.0
-1,-127.50832062085507,18.46525720833324,58.0,74.30400000000004,53.20432062085503,24.0
-1,-124.17898869619056,15.610621083333308,51.0,70.56000000000003,53.61898869619055,22.0
-1,-108.51470280643056,15.79877294444443,52.0,62.784000000000034,45.730702806430536,20.0
-1,-90.77658513130244,15.58977187037036,47.0,49.24800000000001,41.528585131302414,20.0
-1,-103.99871382870668,14.960350828703692,49.0,54.72000000000002,49.27871382870666,24.0
-1,-109.4725921325768,19.0606308564814,51.0,59.90400000000003,49.56859213257676,22.0
-1,-95.41428773908304,15.489775819444436,44.0,47.90400000000002,47.51028773908304,20.0
-1,-88.86763261049299,13.25747956944443,41.0,45.312000000000005,43.55563261049299,25.0
-1,-115.47046276150934,14.246243574074043,53.0,65.76000000000003,49.7104627615093,27.0
-1,-99.73798997304876,22.145304476851784,54.0,59.23200000000003,40.50598997304875,16.0
-1,-83.7266418579081,13.36065413888885,50.0,54.24000000000003,29.48664185790807,19.0
-1,-92.39443659609758,16.054996120370348,62.0,62.88000000000002,29.51443659609756,18.0
-1,-116.87186621686038,19.026616240740708,65.0,84.28800000000005,32.58386621686032,16.0
-1,-88.20779945952107,13.374932263888873,45.0,57.98400000000003,30.22379945952104,20.0
-1,-120.8557501122878,14.663778268518517,51.0,69.88800000000003,50.96775011228778,21.0
-1,-94.7421224339878,18.552995004629597,48.0,46.94400000000002,47.79812243398778,21.0
-1,-102.55133392144276,17.247799773148127,59.0,57.60000000000002,44.95133392144273,25.0
-1,-82.22862429937709,12.792968740740733,42.0,51.74400000000002,30.484624299377067,17.0
-1,-100.8833161617639,18.1498475185185,45.0,49.63200000000002,51.25131616176389,20.0
-1,-81.8343590490548,20.24323398611109,52.0,55.87200000000003,25.96235904905477,15.0
-1,-81.1939054739151,18.03194119444442,44.0,50.304000000000016,30.88990547391508,18.0
-1,-99.64769710630397,14.051333462962967,36.0,40.41600000000001,59.23169710630396,23.0
-1,-126.91289726625828,15.714413240740726,52.0,71.04000000000003,55.87289726625825,23.0
-1,-83.69153321905524,18.60144572222222,41.0,46.75200000000001,36.93953321905524,17.0
-1,-92.9147225770926,13.284627972222223,37.0,43.10400000000001,49.81072257709259,22.0
-1,-100.13938950062172,20.92597381018513,50.0,58.27200000000003,41.867389500621705,19.0
-1,-101.59776541571574,15.937809731481469,48.0,56.16000000000003,45.43776541571571,21.0
-1,-90.888172506483,17.42109235185183,49.0,55.20000000000002,35.688172506482964,16.0
-1,-118.47106579412232,16.875109902777737,43.0,55.29600000000002,63.17506579412231,24.0
-1,-82.54447682662125,14.361107986111104,43.0,53.088000000000015,29.456476826621238,19.0
-1,-121.97060161109246,18.03222188888882,59.0,73.15200000000003,48.818601611092426,21.0
-1,-86.15753518764275,17.857781819444384,42.0,52.992000000000026,33.165535187642725,15.0
-1,-82.46351062702637,21.47971274074069,44.0,47.232000000000006,35.23151062702636,16.0
-1,-99.1125742990993,11.99945709259258,34.0,47.328,51.7845742990993,23.0
-1,-95.02866605848806,13.487660171296286,48.0,52.32000000000002,42.70866605848804,23.0
-1,-100.044661654132,14.199362671296289,43.0,55.68000000000003,44.36466165413199,23.0
-1,-80.06267657680024,18.149202925925923,45.0,45.408000000000015,34.654676576800234,14.0
-1,-93.9530390270524,13.903037953703691,33.0,41.28000000000001,52.6730390270524,22.0
-1,-76.81264950615828,14.173317388888876,45.0,46.368000000000016,30.444649506158264,16.0
-1,-139.41429161155932,21.98451420833324,60.0,77.37600000000005,62.03829161155927,18.0
-1,-102.76508249051288,19.417047749999945,54.0,60.19200000000003,42.573082490512846,18.0
-1,-122.78489431564026,18.649489981481405,65.0,81.40800000000004,41.37689431564021,21.0
-1,-98.1472508547916,13.760772407407403,40.0,57.98400000000003,40.16325085479156,20.0
-1,-116.8506417045937,18.9647407222222,60.0,62.49600000000004,54.35464170459367,25.0
-1,-83.98415047658882,17.001452462962952,53.0,58.46400000000003,25.520150476588796,13.0
-1,-109.10168758746129,14.493672374999994,46.0,53.376000000000026,55.72568758746124,25.0
-1,-90.50930322858744,13.409794620370358,47.0,52.60800000000002,37.90130322858741,21.0
-1,-85.83929527679192,21.570405837962905,54.0,54.72000000000002,31.119295276791902,16.0
-1,-99.00833088653047,18.8724497407407,50.0,62.78400000000003,36.224330886530446,17.0
-1,-100.86634566907765,13.21201701851852,44.0,49.44000000000001,51.42634566907764,24.0
-1,-102.36977334949071,18.409143351851775,42.0,57.69600000000002,44.673773349490695,19.0
-1,-94.90978197187346,16.018446944444403,45.0,54.048000000000016,40.86178197187344,22.0
-1,-102.08974234298368,22.5167848518518,51.0,57.50400000000002,44.58574234298365,18.0
-1,-110.8703932234825,18.626638564814737,54.0,60.28800000000003,50.58239322348247,23.0
-1,-109.03729373514284,18.044157268518475,47.0,52.60800000000002,56.42929373514283,23.0
-1,-105.6449133989772,17.010418777777737,46.0,58.36800000000002,47.276913398977165,19.0
-1,-93.11111672030955,14.036260689814796,46.0,65.76000000000002,27.351116720309527,18.0
-1,-91.0142427776122,15.960137953703695,40.0,40.22400000000001,50.79024277761218,20.0
-1,-119.19886078296774,20.66157118518512,74.0,65.37600000000003,53.82286078296771,22.0
-1,-115.91351873497824,13.257500472222224,42.0,53.95200000000002,61.96151873497822,24.0
-1,-114.61479907658244,18.251060564814733,48.0,65.28000000000003,49.3347990765824,20.0
-1,-103.41599156453525,20.589376342592526,43.0,46.464000000000006,56.95199156453522,20.0
-1,-80.6720991894001,16.958168009259218,43.0,49.82400000000002,30.84809918940008,16.0
-1,-120.55320734939149,25.6988597314814,60.0,73.53600000000004,47.01720734939144,16.0
-1,-94.39743894349527,15.16769899537036,41.0,46.56000000000002,47.83743894349526,22.0
-1,-97.04477663264409,21.73382333333327,51.0,56.25600000000003,40.78877663264406,17.0
-1,-90.43982875583907,14.673268449074069,51.0,53.08800000000003,37.35182875583904,22.0
-1,-89.47571253018808,11.003494754629624,42.0,53.28000000000001,36.19571253018808,17.0
-1,-105.43541487430556,13.83332905092593,50.0,53.856000000000016,51.57941487430556,25.0
-1,-115.36712494280762,19.710944249999965,58.0,61.34400000000003,54.02312494280759,22.0
-1,-99.84924673151868,16.183613305555514,58.0,74.30400000000004,25.545246731518645,16.0
-1,-73.06001723582466,10.553525995370377,28.0,34.656,38.40401723582467,22.0
-1,-86.65194940615797,12.788154013888857,38.0,50.20800000000002,36.44394940615796,20.0
-1,-77.51132170155819,15.786133995370344,51.0,55.58400000000002,21.92732170155817,10.0
-1,-91.9751540013766,13.99549918518518,38.0,48.28800000000002,43.6871540013766,20.0
-1,-126.4839593781962,17.879778189814747,55.0,65.76000000000003,60.72395937819616,22.0
-1,-88.33247981500011,13.418070342592587,47.0,51.55200000000002,36.780479815000085,19.0
-1,-73.47278028210467,17.36957795370368,38.0,43.00800000000001,30.46478028210466,17.0
-1,-106.76553684113348,18.19353949999999,55.0,58.75200000000002,48.01353684113344,20.0
-1,-78.20119110715162,20.092564152777737,45.0,47.808000000000014,30.393191107151605,15.0
-1,-91.25249657682664,18.61749549999994,47.0,48.57600000000001,42.67649657682664,20.0
-1,-91.41673301615694,15.548794287037015,46.0,54.04800000000003,37.3687330161569,18.0
-1,-122.11066327096952,12.99779703703702,62.0,66.72000000000004,55.39066327096949,23.0
-1,-93.52255450515406,16.07086822685181,43.0,52.03200000000002,41.49055450515404,21.0
-1,-103.31363288307152,14.363702810185169,51.0,55.87200000000002,47.44163288307151,25.0
-1,-92.1395807688437,14.818200652777769,56.0,60.864000000000026,31.275580768843668,15.0
-1,-100.38458464613016,22.738398361111077,56.0,59.42400000000004,40.96058464613011,19.0
-1,-95.54401943727392,23.84186837962956,53.0,55.68000000000003,39.86401943727391,16.0
-1,-81.33697868649128,15.9288384675926,43.0,43.58400000000002,37.75297868649126,21.0
-1,-90.20883614772931,12.571093546296291,41.0,51.74400000000002,38.464836147729294,19.0
-1,-72.17239557274681,15.90419185185184,49.0,55.39200000000002,16.780395572746784,9.0
-1,-95.98838461926476,14.796158472222215,47.0,54.81600000000002,41.172384619264726,22.0
-1,-92.25757639339449,20.833177504629603,55.0,57.98400000000003,34.273576393394464,14.0
-1,-107.62088829863136,19.73055481944436,46.0,57.21600000000002,50.40488829863134,23.0
-1,-105.43326867016076,22.21368196759249,52.0,61.824000000000034,43.60926867016073,21.0
-1,-96.94124122103644,13.764257925925929,51.0,62.88000000000002,34.06124122103643,20.0
-1,-106.39719923115364,20.93911821296289,55.0,60.76800000000003,45.62919923115363,18.0
-1,-74.94824513542628,16.048471296296277,57.0,51.36000000000002,23.58824513542625,15.0
-1,-102.09873207082624,16.668145430555533,46.0,57.98400000000003,44.1147320708262,21.0
-1,-94.14479279029132,14.426639842592564,37.0,49.72800000000001,44.416792790291325,23.0
-1,-90.02847435951514,14.21985154629628,41.0,45.312000000000005,44.71647435951513,24.0
-1,-95.58532270574082,22.39088226851848,56.0,53.376000000000026,42.20932270574079,19.0
-1,-86.72383520061186,14.935138037037008,37.0,49.152000000000015,37.57183520061184,19.0
-1,-84.51125698656494,11.027198199074094,40.0,50.304000000000016,34.20725698656492,21.0
-1,-100.23900754632854,16.05826968055552,53.0,61.72800000000003,38.5110075463285,19.0
-1,-123.36657795165326,20.063029310185108,57.0,63.840000000000025,59.52657795165322,24.0
-1,-113.75235112275357,16.672271092592563,51.0,58.17600000000003,55.57635112275354,22.0
-1,-85.4086715304184,18.10591446759257,49.0,46.84800000000002,38.56067153041838,18.0
-1,-94.4265578619661,22.017974138888867,47.0,53.28000000000002,41.14655786196607,19.0
-1,-106.92163957408248,13.840830754629618,67.0,70.17600000000003,36.74563957408245,22.0
-1,-97.24492132188826,22.75172506018512,71.0,70.75200000000002,26.492921321888225,15.0
-1,-79.96319812605653,18.861507263888843,48.0,58.56000000000002,21.403198126056505,14.0
-1,-79.57124826333194,13.67885688888889,46.0,50.97600000000002,28.59524826333192,18.0
-1,-96.7148435483762,19.811172333333303,59.0,60.38400000000002,36.330843548376166,19.0
-1,-93.34810299191004,17.95612980092588,50.0,51.36000000000002,41.98810299191003,21.0
-1,-77.51914372481295,20.13039262962961,42.0,48.768000000000015,28.75114372481294,10.0
-1,-83.8413757900278,15.220101504629612,49.0,56.25600000000002,27.585375790027776,17.0
-1,-86.04854172458008,22.328034972222184,60.0,49.82400000000003,36.22454172458005,18.0
-1,-111.12655363964558,16.911116287036993,47.0,53.85600000000002,57.27055363964556,23.0
-1,-158.55988835648213,17.01207980092587,63.0,100.41600000000004,58.14388835648207,24.0
-1,-81.63427016673526,15.919131611111094,49.0,50.30400000000002,31.330270166735243,18.0
-1,-77.73183592548631,17.72410386111109,42.0,44.44800000000001,33.28383592548631,16.0
-1,-94.2935470947962,12.903349013888889,42.0,47.80800000000002,46.48554709479619,19.0
-1,-100.44849358603588,16.866935805555507,45.0,59.23200000000003,41.21649358603586,22.0
-1,-84.67958355162885,16.508646435185163,47.0,54.33600000000002,30.34358355162884,14.0
-1,-79.79300825754393,16.576341791666657,43.0,49.15200000000002,30.641008257543906,17.0
-1,-85.20192681730887,16.67383549999996,53.0,47.71200000000002,37.48992681730886,19.0
-1,-96.2065189064578,18.13750692129623,53.0,54.14400000000002,42.06251890645777,20.0
-1,-100.18257248847144,16.031960833333336,52.0,58.65600000000003,41.52657248847142,21.0
-1,-112.35781849388118,16.990410898148095,52.0,60.19200000000002,52.165818493881154,21.0
-1,-140.212690996376,17.86061942129625,70.0,81.60000000000005,58.612690996375946,24.0
-1,-86.41524326419633,16.624258773148146,47.0,45.50400000000001,40.91124326419632,18.0
-1,-84.65094467869937,12.197470750000011,43.0,53.37600000000002,31.27494467869936,22.0
-1,-87.38955076395268,19.773735111111048,47.0,48.28800000000002,39.101550763952666,21.0
-1,-97.87589087889673,13.69528890740741,42.0,41.952000000000005,55.9238908788967,26.0
-1,-101.48692077022754,22.78429151388879,53.0,55.20000000000002,46.286920770227525,19.0
-1,-98.18545257252444,18.13597380555552,53.0,57.98400000000003,40.20145257252442,19.0
-1,-106.71517760147752,19.155508421296236,59.0,67.77600000000004,38.93917760147748,19.0
-1,-91.05650069009695,17.783026398148106,50.0,58.368000000000016,32.68850069009695,17.0
-1,-111.3483678345736,16.26977696759255,44.0,55.10400000000002,56.24436783457358,24.0
-1,-82.23063056362687,14.450616236111118,43.0,46.46400000000001,35.76663056362686,18.0
-1,-102.04061660947502,15.58327219907407,52.0,54.24000000000002,47.800616609475,23.0
-1,-89.82841562728373,12.181382601851835,40.0,57.21600000000003,32.6124156272837,22.0
-1,-107.05672894792217,20.18473797222215,45.0,53.95200000000001,53.10472894792213,21.0
-1,-89.64994848219823,18.92680737037037,59.0,61.24800000000003,28.4019484821982,15.0
-1,-89.81030847334719,19.50112116203704,57.0,51.64800000000002,38.16230847334718,19.0
-1,-114.54168984586696,24.303781208333287,58.0,66.62400000000002,47.91768984586694,18.0
-1,-73.31355343060874,14.441152101851848,41.0,40.416,32.89755343060873,21.0
-1,-111.66388975073288,20.09453207870364,53.0,60.38400000000004,51.27988975073284,21.0
-1,-84.19234264611536,18.22447974999995,44.0,55.00800000000002,29.184342646115343,15.0
-1,-86.6639117851786,10.132867893518531,38.0,43.96800000000001,42.69591178517859,23.0
-1,-88.16154210171871,15.03758812037034,43.0,50.78400000000002,37.377542101718696,16.0
-1,-106.3755515450506,22.08588045370363,56.0,55.48800000000002,50.88755154505057,19.0
-1,-108.598580733101,18.180622300925872,47.0,65.08800000000002,43.51058073310096,18.0
-1,-93.70145088980588,14.825551439814804,54.0,57.40800000000002,36.29345088980585,22.0
-1,-96.35137890796284,18.90322826851849,44.0,56.160000000000025,40.19137890796282,20.0
-1,-80.77467265812311,18.65169290740736,45.0,43.10400000000002,37.670672658123095,20.0
-1,-90.29855579831948,15.16977068981479,52.0,56.92800000000002,33.37055579831947,17.0
-1,-110.70458472997804,16.954756652777725,58.0,68.83200000000004,41.87258472997802,24.0
-1,-86.45906952226443,18.400798328703686,63.0,60.19200000000004,26.2670695222644,13.0
-1,-98.63095823838192,14.919373074074064,43.0,48.86400000000001,49.76695823838189,25.0
-1,-89.45838620756086,15.226038143518494,40.0,42.04800000000001,47.410386207560855,20.0
-1,-103.31330260498072,14.935990101851855,45.0,52.70400000000002,50.60930260498069,21.0
-1,-88.55666698226051,19.046727995370336,55.0,51.07200000000002,37.48466698226049,20.0
-1,-82.74962732307198,17.152704055555542,42.0,46.65600000000001,36.09362732307196,19.0
-1,-76.8534889802653,12.955520550925916,40.0,48.48000000000001,28.37348898026528,15.0
-1,-126.76966308552996,19.35858272222213,61.0,74.49600000000004,52.27366308552992,22.0
-1,-125.88703762586016,24.74358268055544,64.0,68.73600000000003,57.15103762586012,21.0
-1,-102.22868367912731,20.66136231018508,52.0,58.08000000000003,44.148683679127295,19.0
-1,-110.20817682650554,16.93754774537035,54.0,52.32000000000002,57.88817682650551,25.0
-1,-99.6492445755747,19.19837919444442,56.0,55.68000000000003,43.96924457557468,22.0
-1,-101.34899965678072,17.258516129629616,53.0,60.57600000000003,40.77299965678071,20.0
-1,-116.53930426245935,20.54285606018512,58.0,71.23200000000003,45.30730426245932,22.0
-1,-77.86270405054157,11.159528564814812,43.0,48.28800000000002,29.574704050541555,21.0
-1,-77.2894689340705,14.816498384259248,42.0,44.54400000000001,32.745468934070495,15.0
-1,-96.0861700584124,19.867009009259203,50.0,50.40000000000003,45.68617005841236,21.0
-1,-94.1254241324265,19.681996412036963,53.0,58.56000000000003,35.56542413242647,17.0
-1,-85.48803288064175,22.148304388888853,48.0,49.34400000000002,36.14403288064173,16.0
-1,-98.58342484904584,17.004890671296266,52.0,51.74400000000002,46.839424849045805,23.0
-1,-152.61592058799414,16.535831587962928,59.0,75.55200000000004,77.06392058799409,25.0
-1,-155.208733794693,18.37379009722214,77.0,91.20000000000005,64.00873379469293,26.0
-1,-82.72374569842906,13.712168236111095,46.0,53.95200000000001,28.771745698429044,17.0
-1,-99.0589936937652,15.729958967592566,48.0,51.26400000000002,47.79499369376517,23.0
-1,-105.19798060263176,15.432965550925902,48.0,55.776000000000025,49.42198060263175,26.0
-1,-104.66508724188084,18.610585564814773,48.0,58.75200000000002,45.9130872418808,23.0
-1,-102.31916276932265,18.032815180555502,39.0,45.50400000000001,56.81516276932264,23.0
-1,-94.81458571979395,20.55033385648142,63.0,63.16800000000003,31.646585719793936,21.0
-1,-88.47951454533035,15.590762611111089,43.0,52.89600000000002,35.58351454533032,16.0
-1,-97.82039826572608,14.308197263888864,62.0,69.60000000000004,28.22039826572604,16.0
-1,-109.17459843152989,13.654899337962952,41.0,53.28000000000002,55.894598431529865,27.0
-1,-117.97126415471824,25.34507564351841,64.0,68.73600000000003,49.23526415471821,20.0
-1,-100.05054125495168,19.16853306018516,53.0,57.312000000000026,42.738541254951656,19.0
-1,-75.88684264511056,16.27127754166665,43.0,44.44800000000001,31.43884264511056,17.0
-1,-101.1007299635269,21.185450208333283,57.0,66.52800000000003,34.57272996352687,18.0
-1,-71.77016829855002,17.661694768518522,55.0,51.744000000000014,20.026168298550004,15.0
-1,-112.85910247000612,21.21082222222215,57.0,65.08800000000004,47.771102470006085,22.0
-1,-118.26682485105384,21.44529128240733,66.0,70.56000000000003,47.70682485105383,23.0
-1,-63.19423315433346,17.111974754629603,43.0,39.552000000000014,23.642233154333447,14.0
-1,-113.69854913308872,26.00909503240732,64.0,68.73600000000003,44.96254913308871,19.0
-1,-113.88841692017834,16.925569083333304,61.0,62.592000000000034,51.2964169201783,23.0
-1,-87.84513284519826,18.44983480092592,46.0,49.248000000000026,38.59713284519824,19.0
-1,-88.86833464102367,12.091164541666677,46.0,47.71200000000002,41.156334641023655,21.0
-1,-105.8842616571878,17.633186138888835,50.0,56.25600000000003,49.62826165718776,24.0
-1,-94.92109240457884,13.424092138888872,46.0,55.58400000000002,39.33709240457883,22.0
-1,-84.99381271899627,14.758877712962946,40.0,52.89600000000002,32.097812718996245,18.0
-1,-98.84627341805884,19.57896981944441,61.0,59.712000000000025,39.134273418058825,17.0
-1,-108.69194420735424,13.786342115740728,49.0,63.55200000000004,45.139944207354205,21.0
-1,-84.89814520881009,21.182834745370307,50.0,50.496000000000016,34.40214520881008,17.0
-1,-92.94258699614906,20.857293199074054,57.0,59.13600000000002,33.80658699614903,18.0
-1,-86.15672994436909,20.058410499999948,53.0,58.65600000000003,27.500729944369056,12.0
-1,-91.34705473353152,12.888654388888895,47.0,53.568000000000026,37.77905473353149,19.0
-1,-90.06060019118846,16.897518013888856,44.0,44.064000000000014,45.99660019118844,22.0
-1,-93.93827628041814,15.67588745370369,52.0,59.52000000000003,34.418276280418105,17.0
-1,-101.56868387958404,19.933087222222152,45.0,52.12800000000003,49.44068387958401,23.0
-1,-89.39032002235322,15.630563833333325,43.0,44.35200000000001,45.03832002235322,23.0
-1,-92.77216353030914,12.571855324074074,42.0,50.11200000000002,42.66016353030913,22.0
-1,-93.5671437104643,12.62903911111111,45.0,46.84800000000002,46.71914371046427,23.0
-1,-82.29934919917666,14.246506199074062,46.0,53.280000000000015,29.01934919917665,14.0
-1,-68.67568006537836,16.559079004629613,45.0,44.64000000000002,24.03568006537834,15.0
-1,-100.05596695122098,20.448822425925847,61.0,64.89600000000003,35.15996695122095,17.0
-1,-92.29536224108055,17.180924023148133,50.0,55.77600000000002,36.51936224108055,19.0
-1,-122.97274313989152,19.8451631851851,53.0,68.64000000000003,54.33274313989149,20.0
-1,-80.61293733485881,26.031047796296257,64.0,56.35200000000002,24.2609373348588,13.0
-1,-80.29839743671587,21.22937250925922,53.0,56.83200000000003,23.466397436715848,12.0
-1,-83.18909826905366,22.838409615740726,67.0,60.288000000000025,22.901098269053637,14.0
-1,-81.98781969100527,19.155075865740702,42.0,45.88800000000002,36.09981969100525,18.0
-1,-84.81810502572309,12.52821127777776,45.0,54.81600000000002,30.002105025723072,15.0
-1,-90.12887542976664,21.33904463425922,55.0,50.88000000000002,39.24887542976662,20.0
-1,-89.63508211887009,21.59692054629621,48.0,52.12800000000002,37.50708211887007,21.0
-1,-178.61714467261982,14.352991162037016,86.0,111.93600000000008,66.68114467261972,26.0
-1,-116.58443475012628,21.226502425925865,60.0,72.67200000000004,43.912434750126245,16.0
-1,-95.39452017318273,15.699108365740738,60.0,65.85600000000002,29.53852017318269,15.0
-1,-84.18574820615626,17.03097321296294,40.0,38.20800000000001,45.97774820615624,19.0
-1,-102.56736093001788,17.01965297222218,48.0,46.75200000000002,55.81536093001786,25.0
-1,-89.29094619246592,15.374613375000004,49.0,55.10400000000003,34.1869461924659,20.0
-1,-103.05570377967726,17.65115619907405,45.0,45.600000000000016,57.45570377967724,23.0
-1,-88.19424692281044,17.547315310185162,44.0,50.68800000000002,37.50624692281042,21.0
-1,-81.53586743902817,16.11951287962964,45.0,50.59200000000002,30.943867439028143,18.0
-1,-85.58755710399532,18.67437788425922,42.0,45.88800000000001,39.6995571039953,19.0
-1,-87.87522444168624,14.989346578703673,35.0,48.09600000000001,39.77922444168623,23.0
-1,-72.78450819775566,13.48092690277778,39.0,47.52000000000002,25.26450819775565,16.0
-1,-96.37919216630632,17.771181662037026,46.0,61.63200000000003,34.74719216630629,19.0
-1,-95.9701524312916,18.640394305555493,47.0,50.496000000000016,45.4741524312916,20.0
-1,-87.75969322447366,20.282166263888847,49.0,46.65599999999999,41.10369322447367,21.0
-1,-113.89364103853026,15.02977954629628,50.0,57.12000000000002,56.77364103853024,26.0
-1,-110.04468306508764,25.76800854166661,65.0,68.06400000000002,41.980683065087625,17.0
-1,-81.43231992973749,17.511429726851873,52.0,54.62400000000002,26.80831992973746,15.0
-1,-90.13044030960516,15.782298925925907,53.0,55.776000000000025,34.35444030960513,20.0
-1,-84.80333270752556,21.890615379629605,55.0,52.320000000000014,32.48333270752554,17.0
-1,-94.35396974409052,15.2360528472222,42.0,50.59200000000003,43.761969744090514,23.0
-1,-97.87550615591196,17.88468130092588,48.0,44.35200000000002,53.523506155911946,20.0
-1,-94.33996378649368,18.873011518518464,47.0,55.776000000000025,38.56396378649367,18.0
-1,-93.40244202899493,15.488305148148129,50.0,47.71200000000002,45.690442028994894,23.0
-1,-97.99384013561854,16.630462300925878,52.0,54.91200000000001,43.081840135618535,24.0
-1,-96.72235811528734,16.89009335185182,48.0,55.77600000000002,40.946358115287325,22.0
-1,-95.25378733689674,20.66687584259259,65.0,66.62400000000004,28.6297873368967,15.0
-1,-91.30837787526214,17.290386254629606,48.0,55.10400000000002,36.20437787526212,18.0
-1,-133.8182022785712,16.99601439814808,63.0,72.57600000000004,61.24220227857116,25.0
-1,-106.59343834534864,22.46478715740737,65.0,55.00800000000002,51.58543834534862,22.0
-1,-95.16145138340882,20.20139655555549,55.0,52.992000000000026,42.16945138340879,18.0
-1,-86.73290160034017,22.848368398148114,61.0,51.07200000000003,35.66090160034014,14.0
-1,-91.32762112420892,21.147948699074,52.0,49.82400000000002,41.50362112420891,18.0
-1,-103.0738915262029,22.82266962499994,54.0,62.592000000000034,40.48189152620287,14.0
-1,-92.59637674394008,17.07983198611107,60.0,52.224000000000025,40.37237674394007,23.0
-1,-77.92418910695694,18.8022574259259,52.0,56.92800000000003,20.99618910695691,13.0
-1,-81.52105125663542,18.353531199074062,46.0,45.984,35.537051256635415,17.0
-1,-106.76767904035646,17.592363115740664,47.0,54.43200000000002,52.335679040356425,23.0
-1,-85.03612746589205,16.4148935324074,50.0,47.80800000000002,37.22812746589203,20.0
-1,-94.06746494012144,18.85529623148143,61.0,54.04800000000002,40.019464940121416,21.0
-1,-89.39842394630864,18.40536494907404,58.0,53.95200000000001,35.44642394630862,16.0
-1,-95.11092620182636,18.54152567592592,66.0,67.68000000000002,27.43092620182633,15.0
-1,-96.13588883970812,21.56808688888882,57.0,55.29600000000003,40.839888839708095,17.0
-1,-93.85253125794162,19.851262194444413,55.0,58.46400000000003,35.3885312579416,18.0
-1,-73.57858269407984,12.446198449074064,46.0,51.84000000000002,21.73858269407982,13.0
-1,-94.41645961959664,15.23940920370369,50.0,69.02400000000002,25.392459619596625,13.0
-1,-98.63488832648603,23.88402808796292,63.0,62.11200000000003,36.522888326486,16.0
-1,-93.10777080180291,22.1513518194444,61.0,59.32800000000003,33.77977080180288,15.0
-1,-73.88198714760728,16.835850379629623,67.0,58.17600000000001,15.705987147607273,12.0
-1,-97.7012358249089,15.405403254629633,40.0,45.88800000000002,51.81323582490888,21.0
-1,-89.80660154423904,17.854358944444392,50.0,41.08800000000001,48.71860154423904,23.0
-1,-101.3030812865626,12.612274717592584,43.0,53.08800000000002,48.21508128656257,27.0
-1,-96.33014182922284,18.050455689814772,52.0,49.82400000000002,46.506141829222834,23.0
-1,-100.4013377881512,21.660260597222155,58.0,64.22400000000003,36.17733778815118,17.0
-1,-95.56245081574328,24.517180249999917,62.0,58.94400000000002,36.61845081574327,18.0
-1,-84.10439258381187,11.282270814814815,40.0,48.48000000000001,35.62439258381186,18.0
-1,-95.5574202946164,22.919715050925834,54.0,59.80800000000003,35.74942029461637,17.0
-1,-97.79093899740968,22.396984092592533,53.0,55.39200000000002,42.39893899740967,19.0
-1,-96.83886682087004,16.238867231481468,58.0,66.04800000000003,30.79086682087001,17.0
-1,-72.12959682879922,14.13756757407406,51.0,50.88000000000002,21.2495968287992,17.0
-1,-63.21673925370034,12.605676041666662,55.0,43.20000000000001,20.01673925370033,12.0
-1,-87.3368169383908,15.505326310185165,42.0,48.67200000000002,38.66481693839079,21.0
-1,-112.14267009034252,22.166500203703603,58.0,66.72000000000004,45.42267009034248,18.0
-1,-79.61224812067583,17.914363199074067,49.0,54.62400000000002,24.988248120675816,16.0
-1,-95.4710550811341,14.221874629629632,46.0,52.12800000000003,43.34305508113407,24.0
-1,-101.94909449384302,13.812368851851836,50.0,66.81600000000003,35.13309449384299,20.0
-1,-98.9493247342761,14.25281787499999,54.0,51.74400000000002,47.20532473427608,20.0
-1,-62.80425810622913,12.353436569444444,42.0,42.33600000000001,20.468258106229115,16.0
-1,-89.40312964080647,17.88843596759257,51.0,52.224000000000025,37.17912964080644,19.0
-1,-103.04633507757474,15.601904162037007,51.0,52.416000000000025,50.63033507757471,25.0
-1,-89.04867417415278,17.62210204166664,49.0,54.432000000000016,34.61667417415276,16.0
-1,-83.68448497127824,17.88001913888885,42.0,47.90400000000002,35.78048497127823,16.0
-1,-86.80081689313312,17.46068768518515,56.0,66.33600000000003,20.464816893133097,14.0
-1,-100.35912539251426,21.219155398148136,61.0,70.36800000000004,29.991125392514217,15.0
-1,-108.98773328066314,15.815572967592573,44.0,53.184000000000026,55.80373328066311,23.0
-1,-121.95265733700822,17.09146532407402,56.0,68.73600000000003,53.21665733700819,25.0
-1,-96.53191429046272,20.03288046759254,54.0,46.84800000000002,49.683914290462695,19.0
-1,-91.19887214250971,14.611336712962949,50.0,52.41600000000002,38.78287214250971,23.0
-1,-128.8088970508042,20.75862503703693,73.0,70.08000000000003,58.72889705080418,24.0
-1,-100.67557365762408,20.58154416666665,50.0,62.59200000000003,38.08357365762407,20.0
-1,-84.47388537708206,18.779026995370305,55.0,54.62400000000003,29.84988537708203,17.0
-1,-91.7749356326731,19.218795921296262,53.0,58.56000000000002,33.21493563267308,18.0
-1,-102.7052446595205,17.3323662268518,59.0,65.18400000000003,37.52124465952047,19.0
-1,-97.3771053672674,18.706574425925872,48.0,50.49600000000002,46.88110536726738,23.0
-1,-137.91876629893483,17.392565106481428,58.0,70.65600000000003,67.26276629893479,25.0
-1,-88.87332641856622,17.885300986111083,56.0,56.92800000000003,31.945326418566182,18.0
-1,-93.14063628460516,19.349227990740687,49.0,50.59200000000002,42.54863628460515,20.0
-1,-89.49368376538129,20.50637715277773,51.0,60.48000000000001,29.013683765381277,16.0
-1,-72.90735719987734,16.11991063888887,48.0,49.53600000000003,23.37135719987732,12.0
-1,-66.4423662859159,21.576914018518487,57.0,56.16000000000001,10.28236628591588,6.0
-1,-83.46776112703637,17.225869634259247,68.0,67.10400000000003,16.363761127036344,10.0
-1,-101.26766515896304,16.99345199537035,50.0,45.408000000000015,55.85966515896303,24.0
-1,-113.23961568840468,25.1197454166666,77.0,79.10400000000004,34.13561568840465,16.0
-1,-79.04564456188339,15.713020995370329,42.0,53.47200000000002,25.573644561883377,16.0
-1,-85.18272854600804,20.666505680555517,56.0,48.38400000000002,36.798728546008014,17.0
-1,-91.3179357860204,16.241775500000006,72.0,62.97600000000004,28.34193578602037,18.0
-1,-98.7347361291821,14.529868398148135,45.0,54.62400000000002,44.11073612918209,23.0
-1,-80.9315353145893,18.846611842592587,75.0,57.120000000000026,23.81153531458927,16.0
-1,-91.3921884392535,12.734206689814805,49.0,59.71200000000002,31.680188439253484,19.0
-1,-102.3644903846101,21.44621028240737,56.0,60.00000000000002,42.36449038461008,19.0
-1,-97.31192738675544,22.43287012037028,52.0,63.26400000000002,34.04792738675541,19.0
-1,-96.28243825730334,18.397070310185157,55.0,57.98400000000002,38.29843825730333,21.0
-1,-94.54301890746191,17.456607763888886,64.0,65.66400000000003,28.87901890746189,16.0
-1,-92.56961642334792,14.79358141666668,50.0,61.72800000000003,30.84161642334788,17.0
-1,-85.90312885936574,18.96636150462957,47.0,55.39200000000002,30.51112885936571,17.0
-1,-77.94922637976666,14.695668310185187,47.0,44.44800000000001,33.50122637976665,21.0
-1,-87.18436847251905,21.397411467592576,53.0,63.648000000000025,23.536368472519023,15.0
-1,-85.26022643819482,20.77400095833328,43.0,43.58400000000001,41.67622643819482,17.0
-1,-80.9500665543801,14.025060513888874,40.0,58.94400000000002,22.006066554380084,13.0
-1,-84.59776982554529,17.494807129629617,49.0,55.58400000000001,29.013769825545275,17.0
-1,-80.19931455607265,22.22508083796294,50.0,44.54400000000002,35.65531455607263,17.0
-1,-97.90486345175609,17.00909031018515,45.0,48.192000000000014,49.71286345175607,25.0
-1,-89.83436946100706,22.1504492916666,49.0,58.27200000000003,31.56236946100703,17.0
-1,-103.2738443959666,18.45688518518516,66.0,76.89600000000004,26.37784439596656,16.0
-1,-98.26200768254976,20.045470240740705,55.0,60.86400000000004,37.398007682549725,19.0
-1,-87.97591144754023,11.805126356481477,37.0,50.68800000000001,37.28791144754022,22.0
-1,-110.59230097722158,14.583983171296287,54.0,55.39200000000002,55.20030097722157,25.0
-1,-106.37263629342128,12.428549143518508,52.0,69.40800000000003,36.96463629342125,21.0
-1,-79.68021855233255,14.940425736111107,43.0,48.57600000000002,31.10421855233253,15.0
-1,-114.78056567576051,19.56611555092588,53.0,67.58400000000003,47.196565675760496,22.0
-1,-97.79334340820526,23.77382275462957,59.0,55.29600000000003,42.49734340820524,19.0
-1,-92.2082577668238,16.99645963888885,58.0,51.744000000000014,40.46425776682379,22.0
-1,-105.37470004104436,25.216654166666576,68.0,65.28000000000002,40.09470004104435,16.0
-1,-94.26152606843146,21.79104757870363,59.0,68.92800000000001,25.333526068431453,15.0
-1,-88.03165218041161,18.805317166666644,57.0,55.968000000000025,32.06365218041158,17.0
-1,-84.67969116490787,12.57846592592592,58.0,63.26400000000003,21.41569116490784,13.0
-1,-115.2095905392937,18.845157101851782,55.0,63.84000000000003,51.36959053929367,21.0
-1,-70.28507523060479,15.026605953703672,38.0,43.296000000000014,26.989075230604776,15.0
-1,-97.09951780992796,17.554929782407363,56.0,66.33600000000003,30.763517809927933,15.0
-1,-88.8914508094188,12.324859861111111,47.0,58.17600000000001,30.715450809418797,20.0
-1,-105.7710565424613,11.836155134259254,52.0,65.56800000000003,40.20305654246127,20.0
-1,-96.3463839097773,17.925160120370307,56.0,59.904000000000025,36.44238390977728,21.0
-1,-82.64457177351838,21.30346931944443,54.0,54.91200000000002,27.73257177351836,17.0
-1,-119.35523394119596,18.392510416666607,56.0,59.42400000000003,59.93123394119594,24.0
-1,-89.70412115318304,16.771109726851847,51.0,55.968000000000025,33.736121153183014,19.0
-1,-108.66206385494436,15.688751541666656,63.0,69.50400000000003,39.15806385494432,23.0
-1,-89.07054177945926,26.25577887499996,66.0,60.19200000000003,28.878541779459237,16.0
-1,-94.90044430194756,26.126781379629552,57.0,66.24000000000004,28.660444301947532,15.0
-1,-102.18260908025304,17.625858652777744,54.0,56.736000000000026,45.446609080253005,24.0
-1,-76.96691620927194,16.711658513888896,50.0,52.992000000000026,23.974916209271917,15.0
-1,-85.53531613328357,24.80188922685181,59.0,60.76800000000004,24.767316133283533,13.0
-1,-89.15209284207367,17.55785601388885,40.0,48.384000000000015,40.76809284207366,21.0
-1,-74.16210017792497,16.057941962962946,43.0,46.176000000000016,27.986100177924957,19.0
-1,-95.53571478611052,17.07352966666662,49.0,57.21600000000002,38.3197147861105,20.0
-1,-91.3724520503358,15.056607837962964,51.0,52.80000000000002,38.57245205033577,22.0
-1,-98.78468404497036,19.02254004166662,53.0,64.32000000000002,34.46468404497034,21.0
-1,-104.08585621985851,21.10588061574068,66.0,74.59200000000004,29.49385621985849,19.0
-1,-86.1473359578113,14.850534430555536,45.0,53.760000000000026,32.38733595781127,16.0
-1,-93.46053687352534,15.970962462962945,59.0,57.21600000000003,36.24453687352531,19.0
-1,-94.32517070886142,13.906614486111108,56.0,64.03200000000002,30.2931707088614,19.0
-1,-85.90690093423264,20.082841162036992,54.0,51.840000000000025,34.06690093423261,20.0
-1,-91.169737358881,20.262162791666643,55.0,62.30400000000003,28.865737358880978,15.0
-1,-90.56651836999548,13.412051263888864,49.0,50.20800000000002,40.358518369995465,23.0
-1,-86.71141610113565,15.372717833333304,34.0,42.24,44.471416101135645,22.0
-1,-79.31237350586684,18.83342549537036,42.0,57.02400000000003,22.288373505866826,14.0
-1,-87.98374561957675,13.277896430555575,42.0,48.76800000000001,39.21574561957674,21.0
-1,-83.81970595373743,13.151380629629632,41.0,55.00800000000002,28.81170595373741,15.0
-1,-85.56524551930406,22.53436372685185,55.0,54.81600000000003,30.749245519304026,11.0
-1,-99.16572703944657,15.223305407407398,50.0,59.808000000000014,39.35772703944653,21.0
-1,-83.42311498284326,20.63682827777774,54.0,51.26400000000002,32.159114982843235,19.0
-1,-85.46745096563424,18.3454445185185,46.0,49.248000000000026,36.21945096563421,22.0
-1,-80.64742001491385,19.81984627314814,49.0,48.768000000000015,31.879420014913823,18.0
-1,-97.34374634112146,23.00607291666661,64.0,64.99200000000003,32.35174634112143,18.0
-1,-94.82702137482008,17.630242287037028,43.0,40.22400000000001,54.60302137482008,23.0
-1,-98.20923419901251,19.40371924999996,61.0,64.41600000000003,33.793234199012495,17.0
-1,-113.31750329232298,23.728938884259207,68.0,71.80800000000004,41.50950329232296,17.0
-1,-98.09974632618535,15.719998634259252,49.0,54.52800000000003,43.57174632618535,24.0
-1,-76.76933124335352,22.28052037037033,56.0,50.304000000000016,26.46533124335351,14.0
-1,-98.02731556280872,19.522105902777717,60.0,63.45600000000002,34.5713155628087,17.0
-1,-94.9796251747326,17.379323111111088,51.0,56.928000000000026,38.051625174732585,19.0
-1,-80.23752327057392,19.75093891203698,57.0,57.02400000000003,23.21352327057389,14.0
-1,-112.59705845292444,23.06130254166656,57.0,64.60800000000003,47.98905845292441,22.0
-1,-103.0609530270282,19.713388226851745,48.0,61.34400000000003,41.71695302702816,23.0
-1,-81.64886785701577,23.707430222222172,54.0,52.320000000000014,29.32886785701575,14.0
-1,-102.03209541595308,17.062318004629596,47.0,50.88000000000003,51.152095415953056,22.0
-1,-103.89943835679264,17.933295296296283,60.0,61.44000000000003,42.45943835679262,21.0
-1,-84.38227840250686,14.259583083333329,43.0,45.40800000000002,38.97427840250683,22.0
-1,-95.5503005547722,15.121303217592589,49.0,58.56000000000002,36.990300554772176,19.0
-1,-113.02043939430024,16.740296143518464,55.0,67.29600000000003,45.72443939430019,24.0
-1,-82.65622099399388,19.90645070833329,52.0,56.73600000000003,25.92022099399386,16.0
-1,-84.1487139741405,19.39223855555552,53.0,56.92800000000002,27.220713974140487,16.0
-1,-85.26279381621282,22.65194502314811,55.0,56.64000000000003,28.622793816212784,12.0
-1,-98.33593929058112,14.752025236111104,49.0,59.32800000000003,39.00793929058108,21.0
-1,-90.07424519322232,20.14368057407401,68.0,70.36800000000004,19.706245193222284,11.0
-1,-87.8067446649498,22.796327462962928,65.0,62.30400000000003,25.502744664949773,14.0
-1,-78.15607489658764,18.64738399999999,46.0,51.16800000000002,26.98807489658762,17.0
-1,-82.04056776404605,12.084869236111098,45.0,52.03200000000002,30.00856776404603,20.0
-1,-87.22726973023427,18.08379768518514,46.0,52.51200000000002,34.71526973023424,16.0
-1,-87.65843146861287,20.481205263888874,52.0,56.64000000000002,31.018431468612853,17.0
-1,-100.34886238653402,20.68387268518516,54.0,56.64000000000002,43.708862386534,21.0
-1,-78.45621063005092,15.271102199074084,46.0,50.88000000000001,27.57621063005091,16.0
-1,-79.75903416754886,15.239483148148144,51.0,59.61600000000002,20.14303416754884,13.0
-1,-87.35920601957221,13.919519972222217,39.0,51.55200000000002,35.8072060195722,16.0
-1,-79.01337919507975,15.15277371296296,42.0,49.82400000000002,29.189379195079727,16.0
-1,-82.29116117990915,23.08284889814812,54.0,52.128000000000014,30.16316117990913,14.0
-1,-80.26564639874893,20.874311601851808,60.0,58.65600000000002,21.609646398748907,13.0
-1,-84.49431376828582,22.918086444444413,52.0,45.408000000000015,39.08631376828581,19.0
-1,-74.96939252044592,28.428712041666586,62.0,54.52800000000002,20.4413925204459,11.0
-1,-91.29772784895582,20.312656402777712,54.0,61.72800000000003,29.569727848955782,16.0
-1,-113.48339736655016,24.548172374999904,66.0,75.84000000000003,37.64339736655011,18.0
-1,-85.62723359964227,18.87564518518512,44.0,45.600000000000016,40.02723359964224,23.0
-1,-93.90353771279558,22.445384458333283,65.0,65.95200000000003,27.95153771279555,16.0
-1,-92.65356856156868,13.808326912037009,42.0,55.87200000000002,36.781568561568655,21.0
-1,-99.36060431291683,21.364366407407346,52.0,59.32800000000003,40.0326043129168,19.0
-1,-107.2139132640081,18.816774185185118,56.0,54.33600000000003,52.87791326400807,23.0
-1,-111.85025648124532,18.62039026851849,54.0,58.84800000000003,53.00225648124528,19.0
-1,-92.41707861507211,16.126049967592575,47.0,60.76800000000003,31.649078615072103,18.0
-1,-65.63822618355455,17.9317544861111,37.0,34.848000000000006,30.790226183554548,19.0
-1,-92.75395133402614,21.265006111111077,58.0,57.60000000000003,35.15395133402611,19.0
-1,-72.75505718225962,26.806558370370347,53.0,48.00000000000002,24.7550571822596,15.0
-1,-83.29911708497944,16.532679611111092,50.0,55.48800000000002,27.811117084979426,15.0
-1,-81.78683266617118,15.562464249999987,57.0,54.14400000000003,27.642832666171152,19.0
-1,-99.74175064459982,14.80990219907406,50.0,58.75200000000002,40.98975064459981,21.0
-1,-82.98086194874742,17.665445148148155,55.0,54.52800000000001,28.452861948747405,17.0
-1,-129.383229506803,19.40479216203696,63.0,79.87200000000004,49.51122950680296,23.0
-1,-94.29277539255364,13.826894462962947,44.0,48.19200000000002,46.10077539255361,24.0
-1,-80.33000868191749,16.027485027777736,49.0,53.56800000000002,26.76200868191748,18.0
-1,-87.762188518914,20.430855555555503,40.0,44.35200000000001,43.410188518913984,18.0
-1,-82.90835380468027,21.421498074074066,42.0,40.70400000000001,42.20435380468026,19.0
-1,-94.53027551359544,15.442191828703685,37.0,44.35200000000001,50.178275513595416,19.0
-1,-104.00678089902306,20.757170898148072,55.0,56.64000000000003,47.36678089902302,22.0
-1,-78.79605784334447,15.806201699074068,45.0,49.152000000000015,29.64405784334445,16.0
-1,-83.64950179788453,11.08117341203703,42.0,51.26400000000002,32.3855017978845,18.0
-1,-148.06464208376676,20.71837485185179,78.0,94.65600000000006,53.40864208376669,21.0
-1,-95.8823446573858,21.21785812499997,57.0,59.04000000000003,36.84234465738576,19.0
-1,-130.02125039114114,14.38272821296295,58.0,67.48800000000003,62.53325039114111,25.0
-1,-85.0317455706612,16.80279940740739,46.0,53.28000000000002,31.75174557066117,15.0
-1,-103.7851168896432,19.966336574074084,59.0,58.56000000000003,45.22511688964316,19.0
-1,-88.23290949413052,15.305464472222203,54.0,58.75200000000003,29.480909494130493,16.0
-1,-93.09799484675231,20.410232689814777,52.0,52.704000000000015,40.39399484675232,18.0
-1,-80.96305863247096,18.942348439814776,49.0,51.840000000000025,29.12305863247093,16.0
-1,-68.49109877024284,19.1586769074074,43.0,40.704000000000015,27.78709877024282,13.0
-1,-88.64315214865738,16.632357259259226,52.0,59.42400000000002,29.219152148657358,17.0
-1,-94.90966753516288,22.26640753240738,66.0,58.08000000000003,36.829667535162855,18.0
-1,-101.13926107967916,24.46949614814805,54.0,54.72000000000002,46.419261079679146,21.0
-1,-91.78518504274103,14.064572129629632,49.0,52.70400000000003,39.08118504274101,21.0
-1,-76.45366494899572,18.97007341666662,50.0,47.13600000000002,29.317664948995706,15.0
-1,-101.64975542924483,20.91797234259252,51.0,64.89600000000003,36.753755429244805,18.0
-1,-101.7369052739666,15.359328499999974,60.0,62.20800000000002,39.528905273966586,22.0
-1,-84.73896886762046,21.34338832407405,49.0,42.81600000000001,41.92296886762044,18.0
-1,-112.22644101404708,19.29058920833328,67.0,65.76000000000002,46.46644101404707,23.0
-1,-111.59377317896198,19.467433703703648,58.0,73.44000000000004,38.15377317896194,19.0
-1,-85.46029888765844,17.960385004629597,44.0,48.57600000000002,36.88429888765841,18.0
-1,-82.29388427067838,19.83481913888887,50.0,51.16800000000002,31.12588427067836,16.0
-1,-110.88810721869648,13.229287027777763,45.0,57.98400000000002,52.90410721869648,23.0
-1,-96.5851870494774,23.73004973611105,51.0,57.88800000000003,38.697187049477385,18.0
-1,-89.98487605607338,14.831386064814792,45.0,48.960000000000015,41.02487605607337,21.0
-1,-86.27530637394642,17.21680504629628,40.0,40.51200000000001,45.763306373946406,20.0
-1,-79.0884170799154,15.841184921296302,49.0,54.04800000000002,25.04041707991538,15.0
-1,-78.79076995098757,12.258504675925902,40.0,44.256000000000014,34.53476995098755,21.0
-1,-96.94674118698327,21.236699856481422,53.0,51.93600000000002,45.010741186983246,21.0
-1,-73.91835527135876,15.326830291666658,47.0,52.608000000000025,21.310355271358738,12.0
-1,-64.71054037270031,21.326829439814787,50.0,47.32800000000001,17.38254037270029,13.0
-1,-72.12161836071898,16.4202152407407,46.0,49.44000000000001,22.681618360718968,14.0
-1,-85.47669505755417,22.883630236111063,51.0,48.384000000000015,37.09269505755415,16.0
-1,-95.64778364663074,20.252545865740675,47.0,50.78400000000002,44.86378364663072,23.0
-1,-95.41787565891056,15.454636449074052,47.0,56.160000000000025,39.25787565891052,21.0
-1,-97.35136445806714,18.66665821296292,53.0,55.00800000000002,42.34336445806712,21.0
-1,-117.40660949140724,21.53348174537032,61.0,70.17600000000003,47.23060949140722,21.0
-1,-62.6298914690549,14.29546503240742,31.0,35.040000000000006,27.58989146905489,19.0
-1,-75.88728836627527,13.748668212962976,39.0,45.984000000000016,29.90328836627525,16.0
-1,-78.12703803928973,17.195834245370346,45.0,51.26400000000002,26.86303803928971,16.0
-1,-88.40485329851477,16.175473527777758,54.0,56.928000000000026,31.47685329851474,20.0
-1,-83.73967261249658,13.804692856481465,52.0,46.08000000000002,37.65967261249656,21.0
-1,-88.59926132308402,13.932405032407395,44.0,47.90400000000002,40.695261323084,19.0
-1,-85.8359008329504,16.440314888888857,49.0,56.64000000000002,29.19590083295037,15.0
-1,-95.52409085691944,17.13213183796295,47.0,60.09600000000002,35.42809085691941,16.0
-1,-95.44415579456124,19.281954291666622,57.0,59.13600000000003,36.30815579456121,18.0
-1,-83.81984180381885,17.437327504629604,50.0,62.68800000000002,21.13184180381882,13.0
-1,-83.21861034660651,10.751080953703717,37.0,42.720000000000006,40.49861034660651,20.0
-1,-78.05136901827342,19.637061949074063,52.0,55.87200000000002,22.179369018273405,12.0
-1,-94.06266224343152,25.666548847222188,56.0,62.88000000000002,31.1826622434315,16.0
-1,-79.13855145648617,11.143585319444444,44.0,54.43200000000002,24.706551456486142,15.0
-1,-97.37838904270392,17.15972066203705,56.0,56.92800000000002,40.45038904270392,22.0
-1,-79.85994183966243,20.50369226851849,49.0,47.616000000000014,32.24394183966241,18.0
-1,-94.170445800852,15.468115231481477,47.0,53.664000000000016,40.50644580085198,21.0
-1,-92.59740991087156,23.65457168055547,53.0,52.41600000000002,40.18140991087155,18.0
-1,-76.08958380427993,18.49901969444437,41.0,49.44000000000002,26.649583804279903,13.0
-1,-130.59066763257596,12.324637495370348,58.0,78.14400000000005,52.44666763257592,23.0
-1,-99.96442367119325,18.533842597222154,50.0,59.52000000000003,40.4444236711932,21.0
-1,-84.40682342870778,16.34855732870369,46.0,45.12000000000002,39.28682342870776,21.0
-1,-82.55819788087138,23.15028863425922,51.0,54.24000000000002,28.318197880871352,16.0
-1,-84.83466369297946,25.447013449074017,54.0,52.800000000000026,32.03466369297944,14.0
-1,-95.3421068558155,13.695272675925915,44.0,55.29600000000002,40.046106855815474,20.0
-1,-74.64425110182367,13.717125129629622,35.0,39.55200000000001,35.09225110182366,20.0
-1,-90.90797448954432,18.98361312962957,56.0,52.12800000000002,38.77997448954429,19.0
-1,-87.75860987166868,27.44342281944437,58.0,61.05600000000003,26.70260987166865,12.0
-1,-88.89243008779265,22.27882199074068,43.0,44.44800000000001,44.44443008779264,17.0
-1,-99.62368576362567,18.31210226851848,50.0,53.856000000000016,45.767685763625664,24.0
-1,-103.43005244000938,20.295950171296248,53.0,51.45600000000002,51.97405244000935,21.0
-1,-77.83547103251742,15.200347717592576,52.0,50.40000000000003,27.435471032517388,15.0
-1,-80.68976656512224,33.45414862962955,70.0,61.056000000000026,19.63376656512221,10.0
-1,-84.72689007834018,22.77371580555553,51.0,45.600000000000016,39.12689007834017,15.0
-1,-99.8881314021404,13.431641523148128,55.0,63.93600000000003,35.952131402140374,20.0
-1,-101.80235812334205,18.31553035648146,53.0,56.35200000000001,45.45035812334202,19.0
-1,-93.35116354357564,17.734722236111086,41.0,50.40000000000001,42.95116354357564,18.0
-1,-106.55351945432147,16.395817513888872,57.0,54.62400000000003,51.92951945432144,25.0
-1,-82.0540970673189,18.429374532407373,44.0,44.54400000000002,37.51009706731889,18.0
-1,-93.01510153392768,21.62397675462958,52.0,50.59200000000002,42.42310153392766,23.0
-1,-98.49821171239417,23.70221601851844,59.0,60.288000000000025,38.21021171239412,18.0
-1,-113.89007807277603,15.080356282407369,54.0,63.84000000000003,50.050078072776,23.0
-1,-96.1003686217356,19.83678308333332,46.0,52.12800000000003,43.97236862173558,19.0
-1,-86.67396054638823,18.513050078703674,55.0,53.088,33.58596054638823,18.0
-1,-88.092455169937,23.781111916666624,48.0,54.432000000000016,33.66045516993698,15.0
-1,-86.3184927871948,19.26834787962958,46.0,40.32000000000001,45.9984927871948,19.0
-1,-126.0000555623093,19.249303143518414,61.0,72.19200000000004,53.808055562309264,24.0
-1,-101.4611255089825,18.61416339351845,50.0,58.84800000000003,42.61312550898248,20.0
-1,-62.44602455048416,9.578526643518533,34.0,32.83200000000001,29.614024550484142,18.0
-1,-111.55306432994628,16.242240939814806,61.0,61.056000000000026,50.49706432994624,26.0
-1,-81.77729592626751,26.85464237037031,59.0,50.11200000000002,31.665295926267486,15.0
-1,-89.78438513588648,25.213801962962904,52.0,54.04800000000002,35.73638513588646,15.0
-1,-94.45825746040916,17.8139005046296,42.0,47.42400000000002,47.03425746040915,23.0
-1,-103.21556651791022,18.03322279629625,61.0,66.81600000000003,36.39956651791018,17.0
-1,-75.79629398434648,16.50474699999998,48.0,44.35200000000002,31.44429398434645,19.0
-1,-96.84239121930511,29.52850382407401,67.0,64.51200000000003,32.3303912193051,15.0
-1,-90.4279827332993,16.12184380555553,46.0,53.56800000000002,36.85998273329928,20.0
-1,-96.87147849431253,24.01486324999991,64.0,56.83200000000004,40.03947849431249,18.0
-1,-123.426219650138,12.393834722222197,47.0,70.56000000000003,52.86621965013797,27.0
-1,-78.84659654711244,15.960511782407394,47.0,43.872000000000014,34.97459654711243,20.0
-1,-107.2230503451339,17.901287666666622,53.0,51.16800000000002,56.05505034513388,21.0
-1,-92.55176259713797,17.88818792592591,39.0,51.07200000000002,41.47976259713795,20.0
-1,-89.49823764349327,15.166893518518515,35.0,40.12800000000001,49.37023764349326,20.0
-1,-93.18617241196054,20.3855686944444,56.0,65.56800000000003,27.618172411960515,14.0
-1,-72.84966552053469,16.928682648148133,50.0,50.20800000000001,22.641665520534676,14.0
-1,-87.54426473680526,24.924925759259214,71.0,61.53600000000005,26.00826473680522,13.0
-1,-84.88608033200259,15.915548550925902,45.0,49.82400000000002,35.062080332002566,20.0
-1,-88.71426766694654,19.65365027777772,48.0,54.432000000000016,34.282267666946524,20.0
-1,-75.19360840240074,16.847465287037004,39.0,43.68000000000001,31.51360840240073,16.0
-1,-97.64560928029567,14.34912776851852,48.0,57.21600000000002,40.42960928029567,24.0
-1,-79.31472081731427,18.742211523148104,46.0,51.26400000000001,28.050720817314257,16.0
-1,-65.67090902391186,18.78682241203703,42.0,50.20800000000002,15.462909023911845,11.0
-1,-82.51877819307126,14.516539504629602,57.0,52.224000000000025,30.294778193071235,16.0
-1,-103.84344669983116,23.79357042592588,48.0,48.28800000000002,55.55544669983114,18.0
-1,-90.27567945811477,17.437483249999982,44.0,54.04800000000002,36.22767945811474,18.0
-1,-122.56353609912247,21.00521731481474,67.0,79.10400000000004,43.45953609912243,19.0
-1,-89.80739149180039,20.47278255555551,48.0,46.65600000000002,43.15139149180036,21.0
-1,-106.0385488143402,18.80088849537032,54.0,57.40800000000002,48.63054881434017,21.0
-1,-100.87140885011272,18.928659606481443,47.0,52.22400000000002,48.647408850112704,21.0
-1,-86.95862644880262,14.485259129629624,48.0,48.28800000000002,38.6706264488026,21.0
-1,-84.17339966981848,18.62842101851848,42.0,51.55200000000002,32.62139966981845,19.0
-1,-93.61172110333972,23.816213282407386,56.0,66.33600000000003,27.275721103339716,12.0
-1,-77.80028742944666,14.555721777777762,36.0,44.25600000000001,33.54428742944665,19.0
-1,-81.46246973584957,24.314211277777755,60.0,52.51200000000001,28.95046973584956,13.0
-1,-96.95604800747248,19.559500620370333,58.0,60.86400000000002,36.09204800747246,22.0
-1,-81.17545815782273,14.627938611111116,42.0,48.096000000000025,33.079458157822714,16.0
-1,-82.61024088599243,14.067577490740735,43.0,45.88800000000001,36.722240885992406,21.0
-1,-77.06819825592856,18.1340920648148,51.0,49.15200000000002,27.916198255928546,20.0
-1,-103.15733509282605,18.125711379629603,55.0,56.83200000000003,46.325335092826,24.0
-1,-75.2788040648784,11.617525398148135,35.0,38.592000000000006,36.6868040648784,20.0
-1,-92.2266993367071,22.82227212037036,58.0,46.84800000000002,45.37869933670708,18.0
-1,-92.6559833153591,20.366411736111072,57.0,51.16800000000002,41.487983315359074,20.0
-1,-81.72154516555517,15.169972162037029,47.0,54.43200000000002,27.28954516555514,15.0
-1,-72.08087042726535,9.664239745370374,38.0,38.97600000000001,33.10487042726534,18.0
-1,-87.35623982683455,19.077819953703656,44.0,46.84800000000002,40.50823982683453,21.0
-1,-79.94154782123286,17.3458253009259,44.0,46.46400000000001,33.47754782123285,19.0
-1,-81.09134336173938,17.813941745370357,47.0,46.65600000000001,34.43534336173936,20.0
-1,-64.99178280925787,10.844367097222216,34.0,42.72000000000001,22.271782809257857,16.0
-1,-106.95903550697447,16.350809884259224,47.0,61.440000000000026,45.51903550697445,19.0
-1,-92.00536223097984,16.37124756481479,48.0,54.048000000000016,37.95736223097982,20.0
-1,-74.58215976516672,13.494350074074044,39.0,47.808000000000014,26.774159765166704,18.0
-1,-73.19575240715737,16.896498379629605,54.0,51.45600000000002,21.73975240715735,14.0
-1,-79.89611724813136,16.312609472222213,45.0,45.88800000000001,34.00811724813136,17.0
-1,-72.16435783600195,14.848920143518512,39.0,46.368000000000016,25.796357836001945,13.0
-1,-98.05394409619058,18.12640049537033,58.0,56.352000000000025,41.70194409619056,18.0
-1,-87.48630706117049,19.92402431481476,50.0,52.32000000000002,35.166307061170464,17.0
-1,-111.76482552244578,23.99811583333325,63.0,65.08800000000004,46.67682552244574,21.0
-1,-79.3754952552233,15.932793865740702,41.0,47.42400000000002,31.95149525522328,17.0
-1,-85.70696656335382,23.957525717592503,47.0,51.45600000000002,34.25096656335379,20.0
-1,-76.58243774749141,13.45653085648148,32.0,43.77600000000001,32.80643774749141,17.0
-1,-86.64273764509375,16.760481893518513,45.0,45.12000000000001,41.52273764509374,21.0
-1,-94.04688269144232,14.890153310185168,44.0,54.33600000000003,39.71088269144232,22.0
-1,-89.69211895088411,11.531563634259266,36.0,45.69600000000002,43.99611895088409,24.0
-1,-72.26430362310289,14.472919490740727,44.0,43.872000000000014,28.39230362310288,15.0
-1,-70.32999885914998,18.86822344907404,41.0,40.89600000000001,29.43399885914997,17.0
-1,-124.02422645262467,14.120214023148122,60.0,66.91200000000002,57.11222645262467,27.0
-1,-85.03142471555634,12.675292277777784,46.0,53.088000000000015,31.943424715556333,15.0
-1,-114.18161251204054,25.04276067592582,56.0,69.40800000000003,44.77361251204052,19.0
-1,-151.0475036334475,17.340555291666597,62.0,82.17600000000004,68.87150363344746,26.0
-1,-75.09497667052328,12.315342879629608,39.0,42.432000000000016,32.662976670523264,20.0
-1,-97.13322239940068,24.641038810185133,56.0,56.35200000000003,40.78122239940063,18.0
-1,-89.81028714875293,22.03659489814808,49.0,56.44800000000003,33.36228714875291,16.0
-1,-83.67112151860891,17.900819541666614,52.0,49.53600000000002,34.135121518608884,16.0
-1,-105.09737998412795,15.54282210648146,42.0,52.608000000000025,52.489379984127936,22.0
-1,-69.41760219155307,20.95979937037032,43.0,45.60000000000002,23.817602191553053,11.0
-1,-101.27264441666593,15.746012601851826,56.0,60.76800000000003,40.5046444166659,23.0
-1,-125.39317133797432,19.952068138888823,52.0,63.36000000000002,62.033171337974295,22.0
-1,-115.07098812840196,25.21801313425919,74.0,75.93600000000005,39.13498812840192,19.0
-1,-89.65416738180063,19.501531236111123,46.0,44.640000000000015,45.01416738180062,19.0
-1,-96.79490897077442,12.103196597222215,46.0,54.24000000000003,42.55490897077439,22.0
-1,-101.8618037509558,20.71958987037032,52.0,55.10400000000003,46.75780375095578,20.0
-1,-79.47191092642922,20.4151029583333,49.0,52.51200000000001,26.95991092642921,14.0
-1,-85.37504568550592,23.00105611574071,61.0,50.88000000000002,34.4950456855059,18.0
-1,-93.79950173234148,13.818195981481498,54.0,50.40000000000002,43.39950173234145,23.0
-1,-84.49152050094682,14.41680069444445,40.0,51.55200000000002,32.939520500946806,20.0
-1,-103.2658282313436,20.67126535185177,52.0,59.04000000000002,44.225828231343584,18.0
-1,-90.09302200884298,17.658005273148117,47.0,50.304000000000016,39.78902200884296,18.0
-1,-77.69232403367215,14.027803430555553,46.0,47.13600000000002,30.55632403367214,17.0
-1,-91.44088523306073,19.5895624027777,46.0,48.67200000000002,42.7688852330607,20.0
-1,-113.32411214546924,14.8646649861111,58.0,60.00000000000002,53.32411214546921,25.0
-1,-90.17430576380644,16.446959768518482,56.0,59.04000000000004,31.134305763806413,16.0
-1,-103.21726249869724,15.475126828703686,55.0,52.800000000000026,50.41726249869723,24.0
-1,-89.71056342363141,20.83002157870365,57.0,53.95200000000001,35.75856342363141,17.0
-1,-75.00972021241324,10.743614680555543,36.0,46.56000000000002,28.449720212413222,20.0
-1,-79.28516919948743,18.941944773148126,61.0,62.97600000000001,16.309169199487418,10.0
-1,-94.7796642058582,20.878302495370328,60.0,52.70400000000003,42.075664205858175,22.0
-1,-87.73534970924351,16.945710060185153,50.0,51.84000000000002,35.89534970924349,20.0
-1,-91.91177824437912,15.492200523148144,51.0,56.73600000000002,35.17577824437911,21.0
-1,-91.36417741503676,12.018563467592587,51.0,55.10400000000001,36.26017741503675,20.0
-1,-121.41064735909532,18.342095273148097,71.0,62.59200000000004,58.81864735909528,25.0
-1,-94.93041318810378,26.288035231481423,57.0,57.88800000000003,37.04241318810375,17.0
-1,-98.11732369472662,17.58889984259257,50.0,52.032000000000025,46.0853236947266,19.0
-1,-78.38319986611378,20.90900077777773,45.0,48.384000000000015,29.999199866113763,18.0
-1,-80.18517565508922,14.717287458333336,47.0,48.57600000000002,31.609175655089206,19.0
-1,-91.99396113782817,14.315286569444469,44.0,50.49600000000002,41.49796113782814,19.0
-1,-67.32808305641908,18.208986398148127,49.0,46.36800000000001,20.960083056419062,13.0
-1,-107.59637897272484,16.386112138888883,59.0,62.97600000000004,44.620378972724815,23.0
-1,-90.33872486114872,14.339736013888878,48.0,55.00800000000002,35.330724861148724,21.0
-1,-80.25591811439477,25.587974462962936,58.0,52.608000000000025,27.64791811439475,13.0
-1,-96.02459669888518,11.866727245370368,44.0,54.43200000000003,41.59259669888515,24.0
-1,-81.54822447251016,19.64927442129627,52.0,54.144000000000005,27.404224472510144,15.0
-1,-85.8297527717082,26.941030560185133,54.0,53.28000000000002,32.54975277170818,15.0
-1,-99.61789768179888,19.374588703703672,56.0,54.62400000000003,44.99389768179883,21.0
-1,-100.53894598753,15.90574621296296,54.0,58.08000000000002,42.45894598752999,23.0
-1,-88.27645908945969,15.572032754629603,51.0,67.58400000000003,20.692459089459657,14.0
-1,-83.26596973612952,25.322200449074032,55.0,58.08000000000003,25.185969736129497,15.0
-1,-96.5031899313248,13.916026486111113,48.0,52.992000000000026,43.51118993132479,25.0
-1,-90.16209399652672,21.000222388888844,54.0,54.72000000000001,35.442093996526715,18.0
-1,-87.09582863952943,21.6977202731481,67.0,62.49600000000003,24.599828639529395,15.0
-1,-85.63129031524659,16.46194512962961,55.0,61.53600000000002,24.09529031524657,15.0
-1,-98.83592155336753,22.68794584722213,61.0,62.016000000000034,36.81992155336748,19.0
-1,-79.40479687640229,18.46734549074075,49.0,52.22400000000001,27.180796876402272,14.0
-1,-95.18777027381472,14.150777513888888,59.0,67.68000000000002,27.507770273814717,17.0
-1,-107.39728324830014,19.23031771759252,64.0,69.98400000000004,37.4132832483001,22.0
-1,-78.95098869860173,15.48381133333331,45.0,55.87200000000002,23.078988698601712,17.0
-1,-91.23418989966686,22.150773518518477,48.0,55.48800000000003,35.74618989966683,21.0
-1,-84.32743306006236,20.2252053518518,51.0,52.992000000000026,31.335433060062336,16.0
-1,-88.67492608261352,18.349401504629608,64.0,65.76000000000002,22.9149260826135,16.0
-1,-92.1970883623753,15.83908246296296,49.0,59.23200000000003,32.96508836237526,18.0
-1,-95.68813899322792,21.044094032407315,51.0,58.27200000000003,37.41613899322788,17.0
-1,-81.83922579402203,19.661883898148123,56.0,62.01600000000002,19.823225794022008,12.0
-1,-92.83909406286898,13.96741450462963,50.0,52.70400000000002,40.13509406286895,18.0
-1,-90.39779136804243,14.794578222222215,42.0,55.39200000000002,35.00579136804243,20.0
-1,-80.3505073635878,17.04549547222221,48.0,51.07200000000002,29.27850736358777,18.0
-1,-81.83646919520524,20.06027231944439,48.0,50.68800000000002,31.148469195205223,16.0
-1,-86.5800437817889,14.280202453703694,41.0,55.39200000000002,31.18804378178889,16.0
-1,-61.65515725961615,13.925731296296298,44.0,45.984000000000016,15.671157259616129,10.0
-1,-103.41389471222176,19.553926958333296,62.0,60.19200000000003,43.221894712221726,21.0
-1,-88.67438389250509,24.36455781944439,52.0,53.760000000000026,34.91438389250507,18.0
-1,-101.2586666583388,23.99785090740729,54.0,56.160000000000025,45.09866665833878,19.0
-1,-88.73003360897957,20.025411166666625,46.0,57.98400000000002,30.746033608979552,16.0
-1,-92.18098205684468,21.494288027777728,62.0,64.03200000000002,28.14898205684465,16.0
-1,-83.80316735333317,18.45881461574068,47.0,50.68800000000002,33.11516735333315,19.0
-1,-80.97927243616031,25.17108593055549,58.0,54.24000000000003,26.73927243616028,13.0
-1,-79.49715374815528,25.107839541666635,63.0,59.42400000000002,20.073153748155267,14.0
-1,-88.19974987367127,16.25716265740739,51.0,54.62400000000003,33.57574987367124,18.0
-1,-85.85357072114493,18.1933598379629,49.0,53.37600000000002,32.477570721144915,17.0
-1,-80.28190676186045,17.247125208333344,41.0,45.408000000000015,34.87390676186044,17.0
-1,-98.46958505613313,15.611461129629618,50.0,55.10400000000002,43.36558505613309,21.0
-1,-84.07852448693636,17.54899134259255,47.0,54.33600000000002,29.742524486936343,18.0
-1,-103.3020659524864,20.980648907407343,66.0,59.90400000000003,43.39806595248636,18.0
-1,-97.85597403400874,19.327092074074,50.0,62.97600000000004,34.87997403400871,19.0
-1,-86.33433065297686,15.112153990740724,47.0,45.02400000000001,41.31033065297685,22.0
-1,-88.61371048878108,18.45117960185183,59.0,63.64800000000002,24.965710488781063,16.0
-1,-81.84884315883187,12.962342078703683,43.0,51.26400000000002,30.58484315883184,20.0
-1,-72.32524434117302,16.825552037037028,44.0,46.84800000000001,25.47724434117301,15.0
-1,-93.40239627807487,13.508323462962972,49.0,49.34400000000002,44.05839627807487,24.0
-1,-85.82926499834882,15.276960064814832,43.0,48.57600000000001,37.25326499834881,22.0
-1,-94.51260119236974,18.374584874999982,57.0,49.82400000000002,44.68860119236972,22.0
-1,-71.20619900653968,19.67560800462961,46.0,48.09600000000002,23.11019900653966,13.0
-1,-74.50932727084583,20.12196767592587,53.0,52.89600000000003,21.613327270845804,12.0
-1,-88.20375740369559,19.779562847222163,61.0,60.57600000000003,27.62775740369556,16.0
-1,-96.61002356231906,25.08197276388886,63.0,63.16800000000002,33.44202356231904,18.0
-1,-85.21817731955758,19.48256131018515,45.0,52.032000000000025,33.18617731955755,13.0
-1,-93.17809015995228,17.187525064814796,48.0,53.28000000000002,39.89809015995226,19.0
-1,-111.92806777936542,19.128819902777707,69.0,76.89600000000004,35.03206777936537,19.0
-1,-92.53230329515722,20.88414619444441,63.0,54.72000000000002,37.81230329515721,20.0
-1,-85.8015211826022,21.52585723148143,66.0,67.00800000000002,18.793521182602174,12.0
-1,-77.67285307064654,19.304409773148144,49.0,46.176000000000016,31.49685307064652,17.0
-1,-99.24545013984616,16.844659333333293,48.0,61.248000000000026,37.99745013984612,21.0
-1,-79.05552400696132,20.026058236111087,59.0,54.33600000000003,24.7195240069613,15.0
-1,-76.5052714205803,16.080759736111112,57.0,53.18400000000002,23.32127142058029,15.0
-1,-104.92699888170628,22.439608115740672,48.0,60.48000000000002,44.44699888170626,20.0
-1,-96.62606710975744,19.248144611111037,50.0,54.81600000000002,41.81006710975742,21.0
-1,-94.7158842412256,14.235857935185187,55.0,55.20000000000003,39.51588424122558,21.0
-1,-80.77995624389068,17.365682643518483,51.0,50.20800000000002,30.57195624389066,18.0
-1,-85.77537950110856,18.198987407407348,50.0,57.88800000000001,27.887379501108544,16.0
-1,-91.48158835798532,23.595717685185157,64.0,60.76800000000004,30.713588357985287,17.0
-1,-79.20831806599114,13.31198235185187,46.0,42.336000000000006,36.87231806599112,19.0
-1,-92.99323196999023,20.23804757870365,48.0,54.14400000000003,38.84923196999021,21.0
-1,-87.70859815116805,14.8553208425926,49.0,53.76000000000001,33.94859815116804,14.0
-1,-93.9603174356592,15.48632730555556,49.0,53.85600000000002,40.10431743565918,24.0
-1,-81.69269727585606,12.457142041666676,43.0,45.60000000000001,36.09269727585606,19.0
-1,-83.56076418387111,24.904122717592585,68.0,55.77600000000002,27.7847641838711,17.0
-1,-83.13575459251447,21.14865999999998,49.0,45.024000000000015,38.11175459251447,18.0
-1,-84.61379052871652,13.916499152777776,49.0,54.81600000000002,29.79779052871651,17.0
-1,-90.03255750421538,25.495438189814745,56.0,53.47200000000002,36.56055750421535,19.0
-1,-78.82319086735339,22.917903606481485,65.0,56.16000000000002,22.663190867353368,13.0
-1,-78.855825004115,16.39752435648148,44.0,54.43200000000001,24.423825004114992,14.0
-1,-90.96454376393544,19.99884898611105,54.0,51.26400000000002,39.70054376393543,19.0
-1,-102.82653975170275,22.831230277777674,54.0,62.78400000000003,40.04253975170274,16.0
-1,-91.12497888045938,20.476664925925864,50.0,49.248000000000026,41.87697888045936,21.0
-1,-92.7247827269785,18.36945305555554,60.0,55.48800000000002,37.23678272697848,18.0
-1,-82.50131645454948,16.919590041666655,47.0,53.37600000000002,29.12531645454946,15.0
-1,-100.07257926401756,20.887206495370314,59.0,62.400000000000034,37.67257926401752,19.0
-1,-83.91222007123734,17.684742791666654,66.0,65.66400000000002,18.248220071237327,11.0
-1,-90.20762503240246,15.465515615740731,50.0,47.424000000000014,42.78362503240244,23.0
-1,-92.13489762030883,23.310713393518437,54.0,61.34400000000002,30.79089762030882,15.0
-1,-93.10247337579624,17.632078722222204,58.0,60.19200000000002,32.91047337579622,16.0
-1,-77.08631645162625,19.610085162037024,57.0,56.83200000000003,20.25431645162622,12.0
-1,-72.06622100639963,16.0125562037037,40.0,38.88000000000001,33.18622100639962,19.0
-1,-88.83300147432175,14.58682396759258,60.0,63.840000000000025,24.99300147432173,16.0
-1,-94.478065727274,21.168267259259206,53.0,56.25600000000003,38.22206572727396,17.0
-1,-93.33797838728285,18.31623976851845,51.0,57.60000000000002,35.73797838728281,17.0
-1,-101.3463879821868,18.8645008055555,56.0,65.85600000000002,35.49038798218678,20.0
-1,-77.14502356690356,20.27398961111105,46.0,46.84800000000001,30.297023566903547,19.0
-1,-96.76176001661617,19.55236748148144,48.0,61.24800000000002,35.51376001661615,18.0
-1,-89.34383248973411,21.502611898148132,52.0,51.648000000000025,37.69583248973409,16.0
-1,-68.9855619734733,12.934617828703718,39.0,42.72000000000001,26.265561973473275,16.0
-1,-102.04418081758404,17.258949365740715,48.0,49.05600000000002,52.98818081758402,20.0
-1,-102.95086436191244,21.738198935185125,51.0,60.480000000000025,42.47086436191242,18.0
-1,-89.94835766497667,19.994244328703644,46.0,50.20800000000002,39.74035766497664,16.0
-1,-85.9487287235577,21.422333541666664,53.0,50.592000000000006,35.3567287235577,17.0
-1,-78.61993560846241,18.92516001851845,49.0,55.39200000000002,23.227935608462403,13.0
-1,-91.30797765652318,16.622598078703682,52.0,55.87200000000002,35.43597765652316,18.0
-1,-87.87925512554162,15.977742912037035,46.0,50.68800000000002,37.19125512554159,20.0
-1,-71.35924636926538,19.891977615740707,46.0,49.24800000000002,22.111246369265352,13.0
-1,-94.79069602713622,19.12966461574073,56.0,69.98400000000002,24.8066960271362,12.0
-1,-74.51596274278397,20.506435171296307,55.0,57.120000000000026,17.39596274278394,9.0
-1,-82.67846518762771,19.83919487037031,53.0,55.00800000000001,27.6704651876277,16.0
-1,-94.1489034609706,18.34041176388885,59.0,62.30400000000003,31.844903460970567,17.0
-1,-79.88747348174095,22.80516480555553,56.0,54.72000000000002,25.16747348174094,12.0
-1,-72.46653290984399,17.909147481481458,53.0,57.60000000000002,14.866532909843972,10.0
-1,-107.61159187409002,19.350461509259205,56.0,61.53600000000002,46.07559187409,19.0
-1,-86.58874226068586,13.350610708333344,39.0,44.256000000000014,42.33274226068585,20.0
-1,-71.10235512293673,13.471847337962958,39.0,45.024000000000015,26.07835512293671,18.0
-1,-81.82670722122303,17.137280421296275,47.0,50.97600000000001,30.850707221223026,19.0
-1,-88.04020449916993,21.46108368981476,57.0,48.28800000000002,39.75220449916992,17.0
-1,-92.2212626491664,18.002639893518502,49.0,51.16800000000001,41.05326264916639,19.0
-1,-87.67884904817619,13.177848601851853,43.0,47.32800000000002,40.35084904817617,22.0
-1,-84.2000966184286,15.706150499999987,46.0,47.90400000000002,36.29609661842859,22.0
-1,-82.07184730524801,15.31888117129627,44.0,52.99200000000001,29.079847305248,19.0
-1,-79.99126805053162,24.32717380092589,52.0,53.66400000000002,26.327268050531597,15.0
-1,-99.7983403521894,14.462912097222215,53.0,54.81600000000002,44.982340352189375,23.0
-1,-92.1845325364028,22.42501436111105,56.0,59.04000000000003,33.144532536402764,15.0
-1,-76.34936694542552,16.988602805555544,56.0,56.06400000000002,20.28536694542549,13.0
-1,-85.57240628329143,17.35077944444443,52.0,54.62400000000002,30.94840628329141,16.0
-1,-101.8244938033763,25.463594870370304,60.0,67.39200000000002,34.43249380337627,17.0
-1,-87.58333012118572,9.190580259259251,55.0,52.89600000000003,34.6873301211857,18.0
-1,-72.10279812575871,15.480347046296275,45.0,46.848000000000006,25.25479812575871,14.0
-1,-66.19548438926586,17.604827675925918,55.0,44.832000000000015,21.363484389265835,12.0
-1,-88.47273480450669,20.70503379166661,53.0,50.97600000000002,37.496734804506666,20.0
-1,-84.36185914238548,21.686573726851798,57.0,56.160000000000025,28.20185914238545,16.0
-1,-104.58155756299972,32.371037601851825,71.0,75.74400000000004,28.837557562999685,13.0
-1,-80.705438019742,18.306896041666626,53.0,47.71200000000002,32.99343801974199,17.0
-1,-100.03815445196544,19.278984226851808,57.0,61.72800000000003,38.31015445196541,21.0
-1,-95.8054627229278,20.345609874999948,49.0,54.14400000000002,41.66146272292776,20.0
-1,-110.46867866080632,17.127709624999977,64.0,60.00000000000003,50.46867866080629,24.0
-1,-89.23093895514134,14.376192999999992,45.0,50.304000000000016,38.92693895514133,19.0
-1,-91.42212131734048,21.83825102314812,52.0,50.30400000000002,41.11812131734046,19.0
-1,-74.54401730203583,5.608353874999996,43.0,53.08800000000002,21.4560173020358,15.0
-1,-90.37422649633456,22.068272467592557,58.0,54.24000000000003,36.13422649633454,18.0
-1,-99.10239046845322,16.18160408796292,54.0,63.45600000000004,35.646390468453184,20.0
-1,-92.26640703541192,18.05021988888884,52.0,57.98400000000002,34.28240703541189,16.0
-1,-95.90285557673462,20.41001549537031,51.0,54.33600000000002,41.5668555767346,20.0
-1,-82.89995724045609,18.914384652777738,46.0,55.58400000000002,27.315957240456072,15.0
-1,-94.80247476495444,22.18922001388886,48.0,47.616000000000014,47.18647476495442,20.0
-1,-73.88419033272584,14.0117788472222,36.0,48.09600000000002,25.78819033272582,17.0
-1,-88.9308383661971,22.146093629629604,65.0,54.91200000000003,34.01883836619707,17.0
-1,-86.82087522994198,13.17595185185184,52.0,53.95200000000003,32.86887522994194,21.0
-1,-68.1402554063785,10.664925319444448,36.0,41.95200000000001,26.18825540637849,16.0
-1,-82.66804138338162,18.39986773611108,46.0,50.112000000000016,32.556041383381604,18.0
-1,-82.28993015348847,18.73185754166664,46.0,52.608000000000025,29.681930153488448,16.0
-1,-78.66954592034674,16.716434111111095,51.0,52.32000000000002,26.34954592034672,16.0
-1,-85.98706287676384,11.782410439814807,44.0,55.10400000000002,30.883062876763816,20.0
-1,-78.12900915192378,22.143826902777725,64.0,60.00000000000004,18.12900915192374,13.0
-1,-93.98324979040744,19.86490271759253,53.0,50.20800000000002,43.77524979040742,22.0
-1,-101.9364385811288,17.803791226851832,57.0,60.48000000000004,41.45643858112878,18.0
-1,-101.15881757555393,21.45797741666661,55.0,70.08000000000003,31.078817575553902,15.0
-1,-92.51098977929767,22.94874692129623,56.0,59.04000000000003,33.470989779297646,17.0
-1,-92.13490338578148,16.22291331944446,51.0,59.90400000000002,32.23090338578147,18.0
-1,-84.26393110436655,15.826685421296284,44.0,49.728000000000016,34.535931104366526,17.0
-1,-88.2849949325007,22.057627833333303,54.0,57.984000000000016,30.30099493250069,15.0
-1,-77.6340814682905,20.656519476851795,46.0,53.472000000000016,24.162081468290488,15.0
-1,-81.81932511771892,21.60975406018517,55.0,52.320000000000014,29.4993251177189,13.0
-1,-93.51455598537682,17.867749726851823,52.0,52.704000000000015,40.8105559853768,23.0
-1,-91.86318344019529,26.502988546296237,63.0,61.15200000000002,30.711183440195256,14.0
-1,-91.59665002864044,21.84353070370368,52.0,61.53600000000003,30.06065002864042,17.0
-1,-117.4939800822924,24.481440416666555,59.0,80.54400000000004,36.94998008229238,17.0
-1,-89.73947137604034,18.250227458333303,50.0,54.048000000000016,35.69147137604032,19.0
-1,-83.55884436153677,12.560411842592575,45.0,48.67200000000002,34.88684436153675,20.0
-1,-95.84430762066692,19.76154617129625,47.0,57.600000000000016,38.2443076206669,18.0
-1,-78.3140436133105,18.739015597222185,52.0,52.032000000000025,26.282043613310485,12.0
-1,-79.16681230041897,21.347618930555495,48.0,50.20800000000002,28.958812300418955,18.0
-1,-94.21730124009552,18.64032457870367,52.0,57.21600000000003,37.00130124009549,16.0
-1,-72.10210157351001,19.440057865740727,50.0,48.86400000000002,23.238101573509997,14.0
-1,-108.91191476089438,19.8609831851851,59.0,68.64000000000003,40.27191476089434,20.0
-1,-82.68347807348128,25.529898199074022,53.0,56.64000000000003,26.043478073481253,11.0
-1,-86.70319819264513,15.617301231481475,43.0,48.384000000000015,38.31919819264512,20.0
-1,-72.92708770716517,20.604642560185155,50.0,47.90400000000002,25.023087707165157,13.0
-1,-63.951646606366026,16.995615601851835,55.0,52.99200000000001,10.959646606366013,7.0
-1,-73.10070455108483,15.74396123611112,38.0,40.896000000000015,32.204704551084816,16.0
-1,-91.54092755884736,16.192144847222224,53.0,58.08000000000002,33.46092755884733,21.0
-1,-92.26096611661254,17.691652162036974,43.0,54.04800000000001,38.21296611661253,20.0
-1,-107.95028818380254,18.18966353240737,61.0,66.62400000000002,41.326288183802525,21.0
-1,-76.38607433919098,15.707338560185162,41.0,43.680000000000014,32.70607433919097,20.0
-1,-98.99109820511386,15.772634837962944,55.0,63.16800000000004,35.82309820511382,18.0
-1,-84.07580054772298,20.2449668981481,49.0,55.68000000000002,28.395800547722956,11.0
-1,-85.77215758699211,16.46861672222219,49.0,57.79200000000002,27.98015758699209,15.0
-1,-80.53164108786596,14.637205398148136,38.0,41.376000000000005,39.15564108786596,20.0
-1,-85.52698961964222,18.776658791666613,48.0,51.55200000000002,33.9749896196422,20.0
-1,-87.23959001682337,20.129872921296265,50.0,49.82400000000002,37.415590016823344,18.0
-1,-88.88149087548548,24.26014576851847,48.0,49.63200000000001,39.24949087548547,17.0
-1,-91.493732636556,25.32530932870365,54.0,52.224000000000025,39.26973263655597,18.0
-1,-96.95202040502107,21.93964582407402,55.0,58.17600000000002,38.77602040502106,22.0
-1,-68.11363467931102,18.434084314814783,44.0,43.39200000000002,24.72163467931101,15.0
-1,-86.07670135707744,24.036758532407383,48.0,48.09600000000002,37.980701357077415,18.0
-1,-112.76591716729538,21.856092245370277,56.0,65.28000000000002,47.485917167295376,20.0
-1,-86.55849228821202,16.020200027777758,44.0,50.112000000000016,36.44649228821201,21.0
-1,-79.91439311652695,18.07367717592589,47.0,50.59200000000002,29.322393116526936,17.0
-1,-83.08075174587375,16.09661676851851,43.0,55.29600000000002,27.78475174587374,15.0
-1,-108.84772257292452,17.514209532407392,48.0,55.20000000000002,53.647722572924486,23.0
-1,-71.350262417322,15.286832074074068,40.0,47.42400000000001,23.926262417321983,15.0
-1,-61.35571388423732,16.409230277777777,39.0,41.37600000000001,19.979713884237302,11.0
-1,-93.56971958418951,19.61282421759254,49.0,55.20000000000002,38.36971958418949,20.0
-1,-87.48959040184359,14.902913884259226,38.0,46.94400000000002,40.54559040184357,23.0
-1,-92.13558764657296,19.19523072685181,52.0,56.736000000000026,35.39958764657293,20.0
-1,-72.55131148176403,20.32649793055552,52.0,50.78400000000003,21.767311481764,15.0
-1,-92.28537469855983,15.008780018518516,42.0,53.472000000000016,38.81337469855984,23.0
-1,-91.47785726986064,17.789031120370314,47.0,60.76800000000002,30.709857269860624,17.0
-1,-87.27158473712454,18.37595807870365,47.0,52.60800000000003,34.66358473712451,18.0
-1,-86.30836679807445,21.510127273148104,52.0,50.11200000000002,36.19636679807443,17.0
-1,-84.92884955021924,15.313977717592609,48.0,50.49600000000001,34.432849550219224,18.0
-1,-85.27550363821499,12.440023712962976,44.0,45.216,40.05950363821498,21.0
-1,-86.16385698781596,15.449429574074047,46.0,51.07200000000002,35.091856987815945,18.0
-1,-90.97724363517912,17.06767694907405,48.0,47.80800000000002,43.169243635179086,19.0
-1,-81.78704359755871,18.90831811111113,46.0,50.78400000000002,31.00304359755869,15.0
-1,-72.44204762237311,18.845320837962923,45.0,51.55200000000003,20.89004762237309,15.0
-1,-101.2910941454671,16.53790855555552,47.0,52.51200000000002,48.77909414546709,23.0
-1,-92.35439193097878,22.69331232407404,55.0,57.504000000000026,34.85039193097875,18.0
-1,-72.61425203710193,14.859217685185158,56.0,55.296000000000014,17.318252037101917,11.0
-1,-69.39360319196129,13.938853787037036,42.0,48.57600000000002,20.817603191961275,14.0
-1,-110.0499989265449,21.37317847222215,61.0,69.02400000000003,41.02599892654487,20.0
-1,-96.4406702553192,18.95431074999997,55.0,67.29600000000002,29.144670255319184,17.0
-1,-99.0533833139596,17.63994031018518,58.0,62.01600000000003,37.03738331395956,18.0
-1,-86.20344342110417,15.584572282407402,43.0,53.85600000000002,32.347443421104146,18.0
-1,-73.4995414259717,19.633512421296228,40.0,51.936000000000014,21.56354142597169,15.0
-1,-91.88216299471472,23.68466185185177,54.0,57.40800000000002,34.4741629947147,18.0
-1,-71.71118872271848,22.2948057222222,46.0,47.32800000000002,24.38318872271846,13.0
-1,-77.86637993297654,18.16478368055552,57.0,52.51200000000002,25.35437993297652,14.0
-1,-90.73389320502264,19.642103013888875,48.0,60.288000000000025,30.445893205022617,17.0
-1,-80.66088665478023,14.789243939814805,36.0,45.600000000000016,35.060886654780205,18.0
-1,-119.10242075900464,20.294355689814758,56.0,62.016000000000034,57.08642075900461,24.0
-1,-91.74997810368627,18.445026976851832,57.0,57.02400000000002,34.72597810368626,18.0
-1,-89.15034311384161,16.819420740740725,54.0,64.32000000000004,24.83034311384157,17.0
-1,-79.67207438153382,19.605934782407378,59.0,54.91200000000001,24.76007438153381,12.0
-1,-93.1145156142916,20.990882518518468,49.0,54.81600000000002,38.29851561429159,17.0
-1,-76.56111432648072,18.299461384259228,41.0,48.86400000000002,27.6971143264807,16.0
-1,-89.22976020840221,22.14953464814811,56.0,59.13600000000002,30.09376020840219,17.0
-1,-76.50699260121802,18.48693266666664,48.0,47.424000000000014,29.082992601218,14.0
-1,-107.03688520370017,11.71426833333332,42.0,55.87200000000003,51.16488520370012,25.0
-1,-88.50608631744322,20.036964277777745,49.0,51.36000000000002,37.146086317443206,18.0
-1,-96.30891394455196,18.33264848611104,53.0,55.20000000000003,41.10891394455192,22.0
-1,-93.68252375788464,18.14830224999997,49.0,59.71200000000002,33.97052375788462,16.0
-1,-87.41624851241832,18.86331384722219,48.0,49.44000000000002,37.9762485124183,19.0
-1,-79.39101577486049,11.544919018518518,40.0,59.13600000000002,20.25501577486047,12.0
-1,-105.17867578544406,19.995760893518455,53.0,60.00000000000003,45.17867578544403,20.0
-1,-93.01088534106556,14.571887999999994,49.0,49.920000000000016,43.09088534106555,23.0
-1,-137.33852725333742,18.70579981481477,73.0,78.33600000000006,59.00252725333736,24.0
-1,-90.77296473937528,20.124019583333304,60.0,57.40800000000002,33.36496473937525,18.0
-1,-81.23627220705225,16.826475212962954,45.0,54.62400000000002,26.61227220705224,14.0
-1,-94.42154977814783,18.11532564351849,46.0,52.51200000000002,41.90954977814782,21.0
-1,-85.287065287464,14.690628597222194,43.0,47.04000000000002,38.247065287463975,19.0
-1,-87.3554086716484,15.412149476851823,41.0,49.728000000000016,37.6274086716484,18.0
-1,-89.33431695368067,22.547500657407397,58.0,61.44000000000001,27.894316953680654,13.0
-1,-90.1127765452122,20.40242887037032,56.0,47.80800000000002,42.30477654521218,21.0
-1,-89.86198665235452,16.679551990740705,52.0,58.080000000000034,31.78198665235449,14.0
-1,-74.91205176457436,18.630784129629596,48.0,58.27200000000002,16.640051764574345,10.0
-1,-81.77382969784752,21.981501828703657,48.0,48.96000000000002,32.813829697847495,18.0
-1,-76.5385539259193,23.56911492592589,51.0,53.856000000000016,22.68255392591929,13.0
-1,-77.61302612217612,17.58277089351851,43.0,45.60000000000001,32.013026122176115,18.0
-1,-88.39581722473869,20.616002624999965,56.0,56.928000000000026,31.467817224738663,16.0
-1,-74.77898355340875,24.573677412037007,48.0,49.53600000000002,25.24298355340873,13.0
-1,-78.49950217780913,13.606758787037004,49.0,56.54400000000002,21.95550217780912,15.0
-1,-96.46918989507492,18.961352726851786,52.0,63.840000000000025,32.6291898950749,15.0
-1,-76.0360780658235,14.851974634259268,46.0,48.192000000000014,27.84407806582349,19.0
-1,-68.62689114799285,17.872399532407382,42.0,49.05600000000002,19.570891147992832,10.0
-1,-77.17004452556603,11.420284657407413,41.0,46.368,30.802044525566032,20.0
-1,-91.78442932979186,18.66171337499994,47.0,52.032000000000025,39.75242932979184,19.0
-1,-91.62601755385566,19.58939813888881,50.0,54.62400000000003,37.00201755385562,21.0
-1,-86.59145211807622,14.027447560185175,49.0,56.16000000000002,30.4314521180762,17.0
-1,-83.1239329494452,22.765055759259187,54.0,54.62400000000002,28.49993294944519,18.0
-1,-64.65401745761443,17.26650808333333,47.0,45.69600000000002,18.958017457614417,11.0
-1,-71.60430476111259,15.11050090277776,42.0,49.24800000000001,22.35630476111258,15.0
-1,-97.93597969937426,18.783947004629585,48.0,53.66400000000003,44.27197969937424,20.0
-1,-97.21726993036827,21.232551791666623,60.0,63.74400000000003,33.47326993036826,18.0
-1,-108.03178711878512,17.275302879629585,45.0,52.12800000000002,55.9037871187851,24.0
-1,-75.82024629548192,14.924144148148136,43.0,50.30400000000001,25.516246295481903,14.0
-1,-110.78850704390312,21.29789994907397,71.0,74.20800000000003,36.58050704390309,21.0
-1,-85.243746625294,23.19487769444437,55.0,53.56800000000002,31.67574662529398,18.0
-1,-72.53567752421381,13.646816351851832,40.0,41.47200000000001,31.063677524213805,20.0
-1,-94.80310002708782,19.98825193055549,52.0,55.58400000000002,39.21910002708779,18.0
-1,-90.75661593946006,19.50151310648145,56.0,64.70400000000002,26.052615939460036,14.0
-1,-98.91024303366147,18.04664517592589,56.0,57.504000000000026,41.40624303366145,20.0
-1,-103.26213232418212,21.948086041666613,55.0,49.248000000000026,54.01413232418211,22.0
-1,-90.33054518314746,22.854168050925853,60.0,58.65600000000002,31.674545183147444,20.0
-1,-94.54228742910156,22.74842672222219,75.0,61.24800000000002,33.29428742910152,19.0
-1,-93.55782513250767,19.6378318796296,54.0,56.160000000000025,37.39782513250766,18.0
-1,-80.89757493163148,18.90333550462961,48.0,45.69600000000001,35.20157493163146,18.0
-1,-77.42952486933704,18.408972273148105,48.0,55.96800000000002,21.461524869337023,15.0
-1,-90.34555792410367,16.20966416666664,45.0,52.70400000000002,37.64155792410365,18.0
-1,-88.072427424262,19.49660418981476,52.0,54.24000000000002,33.83242742426197,19.0
-1,-69.42709659854202,17.88739108796294,42.0,40.99200000000001,28.43509659854201,13.0
-1,-79.9670032351404,16.421979958333296,47.0,53.37600000000002,26.59100323514038,17.0
-1,-95.12712861069583,20.163144439814776,58.0,63.840000000000025,31.287128610695817,16.0
-1,-94.36110886622136,20.36013960648141,55.0,59.80800000000002,34.553108866221336,16.0
-1,-97.08972871699235,12.572317134259238,55.0,65.47200000000002,31.617728716992357,20.0
-1,-85.4186524241922,17.05913379166666,46.0,47.23200000000002,38.186652424192175,19.0
-1,-92.92403278222916,19.788047564814747,47.0,53.76000000000002,39.16403278222913,19.0
-1,-82.55952997919238,19.20395996296294,44.0,49.920000000000016,32.63952997919236,14.0
-1,-89.13913787433052,15.08826532407407,49.0,61.82400000000003,27.315137874330496,16.0
-1,-99.19877987477668,16.840000226851792,55.0,58.464000000000034,40.73477987477664,19.0
-1,-96.59988108826111,15.302848268518511,46.0,52.80000000000002,43.799881088261095,22.0
-1,-102.98299231289218,21.17596438888885,65.0,71.32800000000003,31.654992312892144,14.0
-1,-94.64563042963522,16.683345884259232,55.0,66.144,28.50163042963521,16.0
-1,-90.46255894411144,21.64805639351851,50.0,53.95200000000002,36.510558944111416,18.0
-1,-96.54042016777304,14.520064486111078,45.0,56.06400000000002,40.47642016777302,20.0
-1,-80.97850853412086,25.364748287037028,53.0,55.20000000000002,25.77850853412084,13.0
-1,-83.05064976958028,14.998650037037036,38.0,45.02400000000001,38.026649769580274,20.0
-1,-80.59751642132234,19.21180503703702,50.0,46.272000000000006,34.325516421322334,18.0
-1,-73.34439688909276,18.67174155555553,51.0,56.16000000000002,17.18439688909274,12.0
-1,-80.32758187554322,16.009051981481463,49.0,49.63200000000001,30.695581875543205,19.0
-1,-86.28421097399438,21.795976449074,55.0,57.21600000000002,29.06821097399436,15.0
-1,-102.48532020801484,16.83605700462961,51.0,62.78400000000003,39.70132020801482,19.0
-1,-100.1401506604156,24.77118100462956,59.0,66.24000000000002,33.90015066041558,14.0
-1,-80.88886507989248,16.10821890277775,42.0,47.42400000000002,33.46486507989246,18.0
-1,-78.00141736541173,18.08809859722219,49.0,50.68800000000002,27.313417365411706,14.0
-1,-74.08838065304042,14.7417787824074,44.0,47.52000000000002,26.5683806530404,16.0
-1,-65.49035108850005,25.296958101851832,54.0,53.37600000000002,12.114351088500031,7.0
-1,-85.24979113685086,23.847164569444416,54.0,51.16800000000002,34.08179113685084,14.0
-1,-70.16624921914973,17.89210956018516,45.0,45.88800000000001,24.27824921914972,11.0
-1,-122.88648868916908,15.298332013888867,54.0,68.06400000000004,54.82248868916905,23.0
-1,-76.02919216368761,19.360763421296284,46.0,47.80800000000002,28.22119216368759,15.0
-1,-118.83091176500812,21.76526717592585,64.0,85.15200000000004,33.67891176500808,18.0
-1,-95.0744037104044,17.287872578703674,50.0,59.80800000000003,35.26640371040437,18.0
-1,-98.71676876445036,19.78286850925921,62.0,65.37600000000003,33.34076876445034,18.0
-1,-77.97945793581503,12.733597430555555,40.0,46.65600000000001,31.323457935815025,19.0
-1,-101.70877376837404,18.96368179166663,64.0,66.62400000000002,35.08477376837403,19.0
-1,-89.8919106954142,13.894821620370362,50.0,50.88000000000002,39.01191069541419,21.0
-1,-77.98970151643769,11.335414601851836,39.0,45.792000000000016,32.19770151643767,19.0
-1,-81.93519118743316,23.864410574074,57.0,55.58400000000002,26.35119118743314,17.0
-1,-78.16605980184876,19.0379919259259,56.0,56.928000000000026,21.23805980184874,12.0
-1,-89.21770518632883,18.230410268518508,50.0,56.83200000000003,32.3857051863288,17.0
-1,-87.7436672715005,16.714453162037017,39.0,51.07200000000002,36.67166727150048,20.0
-1,-81.86676080740642,18.168028277777744,46.0,54.33600000000002,27.530760807406395,15.0
-1,-91.78971418739422,12.261828606481473,49.0,53.088000000000015,38.7017141873942,22.0
-1,-101.4144244112722,26.46431112499996,67.0,70.36800000000004,31.046424411272152,14.0
-1,-84.88931832180417,21.83070308796293,52.0,49.82400000000003,35.06531832180414,17.0
-1,-92.6858784019127,19.188698648148137,54.0,53.95200000000002,38.73387840191269,17.0
-1,-90.82650326649954,13.71683759259259,49.0,57.600000000000016,33.22650326649952,20.0
-1,-99.43884189874626,18.064562611111075,53.0,54.14400000000002,45.29484189874624,22.0
-1,-102.07550318297334,20.2195512916666,50.0,58.94400000000002,43.1315031829733,22.0
-1,-91.91851905452909,13.338695254629624,41.0,51.55200000000002,40.36651905452905,22.0
-1,-68.64457859008078,19.871071796296302,46.0,46.08000000000001,22.56457859008077,11.0
-1,-92.85072798137962,19.974887754629577,48.0,49.344000000000015,43.506727981379605,21.0
-1,-83.03694621512489,20.13223747222224,70.0,60.28800000000003,22.74894621512486,13.0
-1,-85.12716516022323,23.764252416666636,52.0,54.62400000000002,30.50316516022321,15.0
-1,-112.67870844414692,22.20099797685177,65.0,64.89600000000003,47.7827084441469,22.0
-1,-92.40518510812204,18.126327370370333,50.0,60.672000000000025,31.733185108122026,15.0
-1,-123.68425854262888,13.793843245370354,68.0,82.94400000000005,40.740258542628816,22.0
-1,-78.82803286789401,22.49086826388884,58.0,55.29600000000002,23.532032867893985,14.0
-1,-80.48220674976855,15.698219967592571,47.0,45.21600000000001,35.26620674976854,19.0
-1,-93.0409597919684,22.89271065277772,55.0,58.46400000000002,34.57695979196837,16.0
-1,-111.61263743153536,21.66979828240735,61.0,62.68800000000004,48.9246374315353,18.0
-1,-81.97824799702106,16.999818324074052,48.0,46.65600000000002,35.32224799702104,23.0
-1,-79.44874281478681,22.887018189814768,57.0,51.55200000000001,27.89674281478681,14.0
-1,-85.9961720351317,17.080899643518503,42.0,41.376000000000005,44.6201720351317,21.0
-1,-73.79469938387541,13.799494898148131,36.0,41.08800000000001,32.7066993838754,17.0
-1,-97.0225670496612,24.537453999999933,73.0,65.18400000000003,31.838567049661187,16.0
-1,-93.3451265359507,24.922507694444384,61.0,58.36800000000004,34.97712653595065,20.0
-1,-103.9932667010514,19.795841550925918,70.0,70.94400000000005,33.04926670105136,16.0
-1,-81.8942248564425,18.803756851851823,50.0,54.52800000000002,27.36622485644249,17.0
-1,-89.35619702113036,23.57960064351849,58.0,65.18400000000003,24.172197021130327,17.0
-1,-74.73833394333792,17.510172902777732,47.0,51.552000000000014,23.18633394333791,11.0
-1,-95.17073523086388,24.703427865740704,72.0,71.23200000000001,23.938735230863852,14.0
-1,-73.78732807617979,17.18895133796295,45.0,49.53600000000002,24.25132807617976,15.0
-1,-99.70704721398712,17.487651365740717,51.0,54.72000000000002,44.987047213987104,21.0
-1,-88.953110204717,17.363387287037046,49.0,52.224000000000025,36.72911020471699,19.0
-1,-91.68728941694722,16.32017312037036,43.0,48.48000000000001,43.20728941694721,20.0
-1,-95.7999777591586,14.487988458333314,62.0,62.11200000000004,33.68797775915855,20.0
-1,-96.63760744849073,19.68288200925923,52.0,51.45600000000002,45.18160744849071,24.0
-1,-86.54546259139045,18.308409333333284,47.0,52.51200000000002,34.03346259139043,19.0
-1,-91.19025227965692,21.759214569444374,60.0,63.74400000000004,27.44625227965689,14.0
-1,-110.7871106341126,20.242518189814746,60.0,59.61600000000003,51.17111063411257,24.0
-1,-71.9110800522408,20.850457486111093,56.0,52.800000000000026,19.111080052240776,11.0
-1,-82.83950295557689,21.72721021296289,56.0,56.25600000000002,26.58350295557687,18.0
-1,-78.51320439424029,14.73564540277776,51.0,55.68000000000002,22.833204394240266,13.0
-1,-84.74426736892275,15.914068129629603,48.0,49.72800000000003,35.016267368922726,18.0
-1,-81.48581450006158,19.931224254629623,51.0,58.56000000000002,22.92581450006156,12.0
-1,-91.0621459839444,16.5689630972222,44.0,49.63200000000001,41.43014598394437,16.0
-1,-83.73722179270516,17.041864671296292,51.0,49.82400000000002,33.91322179270514,16.0
-1,-82.93109077174924,17.47814945833332,47.0,55.39200000000002,27.539090771749212,15.0
-1,-82.02647955278607,17.036011856481437,50.0,42.91200000000001,39.11447955278607,19.0
-1,-93.05385824958356,21.11935673611104,62.0,63.16800000000001,29.88585824958354,17.0
-1,-78.89619405138599,18.158382074074083,44.0,44.640000000000015,34.256194051385975,19.0
-1,-75.70780539913677,17.43087178240736,49.0,53.66400000000002,22.043805399136748,12.0
-1,-93.19558186729252,18.96382151851846,57.0,58.56000000000002,34.63558186729251,19.0
-1,-73.46475374350516,24.009854652777747,47.0,45.21600000000002,28.24875374350513,13.0
-1,-80.98711419307332,8.94649435185187,43.0,48.57600000000001,32.41111419307331,17.0
-1,-82.57230804949225,19.82115152314812,50.0,51.936000000000014,30.636308049492232,17.0
-1,-85.77518037261316,17.632916791666652,60.0,60.00000000000002,25.77518037261315,14.0
-1,-82.95038385264245,18.64689203703704,49.0,57.02400000000002,25.92638385264242,15.0
-1,-83.5207467847931,18.185859611111077,48.0,50.11200000000002,33.40874678479308,17.0
-1,-103.0779277071136,16.076046523148115,46.0,59.80800000000003,43.26992770711357,21.0
-1,-71.1668751891348,15.863480606481488,50.0,43.00800000000002,28.158875189134783,16.0
-1,-85.93018068880414,17.380745634259245,58.0,58.176000000000016,27.754180688804126,14.0
-1,-84.87792974307416,19.691792805555544,60.0,57.888000000000034,26.98992974307412,15.0
-1,-91.51554435163064,23.97894033796289,54.0,55.39200000000002,36.12354435163064,19.0
-1,-99.45698323058512,10.311296310185195,41.0,48.19200000000002,51.2649832305851,26.0
-1,-75.37968328832937,18.73422999999999,62.0,54.336000000000006,21.043683288329376,13.0
-1,-83.88160888977686,23.82884072222217,52.0,58.94400000000003,24.937608889776826,13.0
-1,-81.39522051166233,13.376293726851827,41.0,49.63200000000002,31.76322051166231,17.0
-1,-69.471138100621,10.212417666666664,46.0,48.48000000000001,20.991138100620987,16.0
-1,-100.7522149211118,21.068325361111064,52.0,58.65600000000003,42.096214921111766,17.0
-1,-82.18362785808264,15.546251282407406,53.0,61.63200000000002,20.551627858082632,11.0
-1,-82.84484794620786,17.425387189814785,47.0,46.84800000000001,35.99684794620784,21.0
-1,-77.18015945628011,20.867471259259244,55.0,47.80800000000002,29.372159456280087,16.0
-1,-76.18941790073598,21.21024091203701,55.0,54.048000000000016,22.141417900735952,15.0
-1,-86.18315877621421,25.12667572222215,62.0,57.31200000000002,28.8711587762142,14.0
-1,-88.87236858465332,18.552211587962923,48.0,50.11200000000002,38.76036858465329,19.0
-1,-101.40903728049656,18.2240197546296,62.0,59.71200000000003,41.69703728049652,20.0
-1,-91.79526283666122,18.01014098148147,46.0,53.18400000000002,38.6112628366612,21.0
-1,-80.80113178033486,13.03118881944446,34.0,39.74400000000001,41.05713178033485,22.0
-1,-98.30649149853537,24.026656995370303,62.0,65.76000000000002,32.54649149853533,19.0
-1,-86.07888855530805,19.444693009259225,54.0,53.47200000000002,32.60688855530804,17.0
-1,-93.54400370795094,17.099740365740722,42.0,49.15200000000002,44.39200370795092,21.0
-1,-84.55743647511898,17.872207740740713,44.0,49.728000000000016,34.82943647511895,20.0
-1,-89.83531388172463,25.874611032407376,52.0,50.20800000000002,39.62731388172461,17.0
-1,-103.69809834115672,18.603379430555528,53.0,53.85600000000003,49.842098341156685,22.0
-1,-91.50881462900549,15.44079348148149,51.0,49.72800000000002,41.780814629005455,22.0
-1,-99.0134655404228,16.8163223333333,52.0,57.79200000000003,41.22146554042277,21.0
-1,-82.15263263660736,12.43966223148148,44.0,54.33600000000001,27.81663263660736,18.0
-1,-98.16416416261636,15.06765439814813,55.0,59.808000000000014,38.356164162616366,21.0
-1,-95.8881903594884,18.706451541666656,60.0,57.79200000000003,38.09619035948836,19.0
-1,-81.74636484722541,22.106480611111078,54.0,53.28000000000002,28.46636484722539,16.0
-1,-101.33156297895567,18.22314066203697,43.0,56.83200000000002,44.49956297895566,19.0
-1,-85.28655946430507,16.39669819444442,51.0,54.33600000000002,30.95055946430505,16.0
-1,-111.54504524368618,21.972858967592487,55.0,70.17600000000003,41.36904524368615,20.0
-1,-98.44862334590024,18.43183424074069,53.0,58.27200000000003,40.17662334590021,22.0
-1,-85.93829574740057,29.95753904166663,67.0,60.76800000000003,25.170295747400548,14.0
-1,-69.57361682540544,10.80144946759259,44.0,44.25600000000001,25.31761682540543,14.0
-1,-116.78057692516478,13.666829374999995,54.0,54.24000000000003,62.54057692516474,28.0
-1,-85.927756533858,18.133605462962947,48.0,50.78400000000002,35.143756533857974,16.0
-1,-98.72678346887676,15.450607884259265,66.0,62.49600000000003,36.23078346887672,20.0
-1,-99.97179460131612,18.76098099537033,54.0,62.016000000000034,37.95579460131611,17.0
-1,-107.58563163411998,17.281886828703673,57.0,66.04800000000003,41.53763163411995,24.0
-1,-92.10317391118213,12.551896462962958,48.0,52.32000000000002,39.78317391118209,22.0
-1,-91.21026361836276,14.274880092592587,49.0,57.21600000000002,33.99426361836276,18.0
-1,-92.1574375216454,16.21607936111107,57.0,54.62400000000002,37.53343752164538,20.0
-1,-82.96251126809318,18.213725069444408,44.0,51.55200000000002,31.410511268093167,17.0
-1,-101.99295988135016,18.97497360185177,53.0,50.112000000000016,51.880959881350165,23.0
-1,-96.48024199075346,22.172271490740687,49.0,55.968000000000025,40.51224199075344,20.0
-1,-94.1168345503676,24.41879919444442,58.0,58.17600000000003,35.940834550367555,16.0
-1,-71.27020509049665,19.16432628703702,49.0,50.49600000000001,20.77420509049664,12.0
-1,-84.22095105507881,17.365113879629604,50.0,51.36000000000002,32.8609510550788,18.0
-1,-80.27419983234938,17.258506180555507,59.0,53.56800000000002,26.706199832349355,19.0
-1,-87.02910460501835,20.84500592129624,53.0,50.11200000000002,36.91710460501832,18.0
-1,-90.14218568511924,14.370464763888886,46.0,54.14400000000002,35.99818568511922,19.0
-1,-79.92056057225716,20.31675459722221,43.0,47.90400000000002,32.01656057225714,16.0
-1,-78.9387765473454,13.726539143518512,44.0,43.29600000000002,35.64277654734538,18.0
-1,-79.27430242892589,23.48101772685186,48.0,48.576000000000015,30.69830242892588,16.0
-1,-82.68952046461179,21.87866367129624,49.0,53.856000000000016,28.833520464611773,14.0
-1,-93.16176323826151,17.24616006481482,58.0,67.10400000000003,26.057763238261487,13.0
-1,-112.76788670365045,15.437855171296263,52.0,56.44800000000002,56.319886703650425,26.0
-1,-112.45637998024328,21.7066505092592,57.0,61.05600000000003,51.40037998024325,21.0
-1,-82.13980158211419,19.398826111111077,59.0,61.24800000000002,20.89180158211417,14.0
-1,-90.2592337249753,22.10968139814812,50.0,45.984000000000016,44.27523372497528,18.0
-1,-92.88306075087452,19.650845949074053,55.0,55.00800000000001,37.87506075087451,19.0
-1,-147.29053869033726,17.41082249537031,86.0,90.14400000000006,57.14653869033718,24.0
-1,-93.59199915236246,19.60576199537033,45.0,48.28800000000002,45.30399915236245,21.0
-1,-82.95182374307679,16.968203861111075,45.0,46.56000000000001,36.39182374307678,19.0
-1,-83.33280168245432,14.258152175925938,44.0,48.09600000000002,35.2368016824543,22.0
-1,-80.85602589336986,18.764511259259248,56.0,55.00800000000002,25.848025893369837,14.0
-1,-86.09872692571699,18.755856365740694,63.0,54.33600000000002,31.76272692571697,19.0
-1,-70.31594797425737,12.296033050925953,37.0,38.97600000000001,31.33994797425736,14.0
-1,-90.0771031239432,16.90122147685183,51.0,53.376000000000026,36.70110312394316,19.0
-1,-89.55226730061231,10.40455509259261,46.0,55.776000000000025,33.77626730061229,20.0
-1,-90.81256317497434,20.063836837962885,53.0,47.71200000000002,43.100563174974326,19.0
-1,-101.34820275274612,17.14761772685182,54.0,52.70400000000003,48.6442027527461,23.0
-1,-88.71050157144754,21.753752370370343,52.0,46.65600000000001,42.05450157144752,19.0
-1,-127.79387036851438,29.021027620370287,77.0,75.64800000000004,52.14587036851434,20.0
-1,-79.77935199923553,26.107867430555512,67.0,55.87200000000002,23.90735199923552,12.0
-1,-98.45412581448446,17.025609958333323,62.0,61.15200000000004,37.30212581448442,18.0
-1,-99.25048980871762,18.82216844444436,46.0,57.696000000000026,41.55448980871759,20.0
-1,-83.70003596384839,15.630952777777775,47.0,42.72000000000002,40.98003596384837,22.0
-1,-75.34701209029554,21.103935560185164,52.0,53.28000000000002,22.06701209029552,12.0
-1,-74.48317009187613,19.315596717592584,51.0,51.74400000000002,22.739170091876115,12.0
-1,-82.32254499484708,14.965574907407408,46.0,50.68800000000002,31.63454499484705,17.0
-1,-71.13806794996557,12.100873328703702,42.0,48.19200000000001,22.94606794996557,14.0
-1,-112.64408929157938,18.162818870370305,53.0,56.44800000000003,56.19608929157934,25.0
-1,-94.53014332451588,16.808358009259237,42.0,49.44000000000002,45.09014332451586,22.0
-1,-91.98938869343893,22.926599810185124,62.0,59.71200000000003,32.27738869343888,16.0
-1,-99.75679944882197,18.78229340277773,48.0,53.568000000000026,46.188799448821925,22.0
-1,-79.60513214645898,16.360237648148118,46.0,51.16800000000001,28.43713214645897,19.0
-1,-94.08444504683376,18.755786518518487,49.0,43.968,50.11644504683377,22.0
-1,-76.80654364348129,17.532320046296263,61.0,62.11200000000003,14.694543643481264,9.0
-1,-79.41986097414762,18.46230269907405,45.0,47.13600000000001,32.283860974147615,16.0
-1,-88.81201574649535,19.676171944444405,57.0,56.928000000000026,31.88401574649533,17.0
-1,-95.30510497080358,18.43292583796294,45.0,48.09600000000002,47.209104970803565,20.0
-1,-96.9222727391228,16.436279629629627,46.0,51.744000000000014,45.1782727391228,21.0
-1,-77.1481580551484,20.546042634259223,56.0,61.72800000000003,15.42015805514837,10.0
-1,-64.76377313877981,16.873518134259232,43.0,45.79200000000002,18.971773138779785,11.0
-1,-111.23401510627208,21.596850254629576,63.0,52.51200000000003,58.72201510627204,22.0
-1,-86.1364083784592,19.129216912036988,53.0,52.51200000000002,33.62440837845917,20.0
-1,-82.67190410482576,21.78100557870364,46.0,47.80800000000002,34.86390410482573,16.0
-1,-75.00274319709592,20.119603050925903,50.0,43.488000000000014,31.514743197095918,18.0
-1,-70.85652108824183,25.03163248611107,49.0,48.00000000000002,22.85652108824182,12.0
-1,-75.25488549216625,16.097781898148135,42.0,48.96000000000002,26.294885492166237,14.0
-1,-85.95405443801022,21.48432285648144,49.0,50.496000000000016,35.45805443801021,17.0
-1,-73.0428262597096,14.68303908796297,42.0,44.064000000000014,28.97882625970959,16.0
-1,-75.95886517543485,16.91279313888885,46.0,51.26400000000002,24.694865175434835,15.0
-1,-98.98759863369504,21.115815486111032,57.0,57.40800000000003,41.57959863369501,18.0
-1,-110.61127231825378,18.381201634259227,52.0,67.00800000000004,43.603272318253744,18.0
-1,-82.92584636226965,15.823095310185163,49.0,55.96800000000001,26.95784636226964,15.0
-1,-83.12667667703433,13.151817083333327,58.0,51.36000000000001,31.766676677034315,19.0
-1,-82.40517100429946,19.728507685185157,55.0,54.81600000000001,27.589171004299445,16.0
-1,-89.37152548895769,23.469931703703644,67.0,50.11200000000003,39.25952548895766,19.0
-1,-95.10813905727608,22.367955041666644,58.0,53.47200000000001,41.63613905727608,18.0
-1,-86.42212289155384,21.39432537962958,55.0,52.224000000000025,34.198122891553815,19.0
-1,-88.94092834639514,18.215191314814746,44.0,44.64000000000001,44.300928346395125,19.0
-1,-89.45055567911817,22.82697229629623,51.0,49.920000000000016,39.53055567911816,18.0
-1,-76.95498982543955,14.966350805555535,40.0,49.82400000000002,27.130989825439546,16.0
-1,-75.29635398234078,15.843878324074064,48.0,46.08000000000002,29.216353982340763,16.0
-1,-90.84550490716197,15.914612574074043,42.0,43.488000000000014,47.35750490716195,23.0
-1,-86.67795471347316,20.332290879629564,57.0,57.888000000000034,28.78995471347313,14.0
-1,-104.35694147569691,21.738101712962905,74.0,72.86400000000005,31.49294147569686,18.0
-1,-102.0095365944164,24.66651653703698,66.0,55.39200000000002,46.61753659441637,21.0
-1,-77.5643813574911,12.51351794444444,43.0,60.480000000000025,17.08438135749108,9.0
-1,-95.6290961010137,16.680604481481435,47.0,51.55200000000002,44.07709610101368,22.0
-1,-102.50204537903394,23.396725925925825,54.0,52.60800000000002,49.894045379033926,21.0
-1,-124.5814686905353,24.09877647222212,65.0,67.10400000000003,57.47746869053528,21.0
-1,-80.32754696114415,16.55332695370369,50.0,46.46400000000001,33.86354696114414,18.0
-1,-86.83234593744159,16.776717240740727,51.0,48.96000000000002,37.872345937441565,18.0
-1,-68.62018477619337,16.639219064814807,46.0,50.78400000000002,17.836184776193345,11.0
-1,-75.52786300894473,16.741496587962928,44.0,50.68800000000002,24.839863008944704,14.0
-1,-87.44958019033031,19.719273851851792,49.0,55.872000000000014,31.5775801903303,17.0
-1,-93.91877746606528,14.49730746759258,46.0,53.56800000000001,40.35077746606528,22.0
