-1,-769.738826212422,43.37292052777776,459.0,664.5119999999966,105.22682621242544,21.0
-1,-967.4033575222276,63.22799268518526,386.0,577.3439999999969,390.0593575222305,30.0
-1,-1228.569025612073,70.5393470925927,454.0,694.463999999996,534.1050256120768,30.0
-1,-626.6337432373546,30.158971249999837,290.0,470.3039999999983,156.32974323735627,30.0
-1,-893.4850873077421,40.72461100925941,357.0,607.7759999999962,285.709087307746,30.0
-1,-376.5659246512071,48.044267050926,172.0,192.96000000000012,183.6059246512069,30.0
-1,-802.8482255096711,38.4140467870372,330.0,611.9039999999962,190.9442255096749,30.0
-1,-791.3842772293817,25.37709658796289,356.0,647.8079999999954,143.57627722938628,29.0
-1,-725.5524135685899,40.6671700879631,236.0,343.9679999999994,381.58441356859055,26.0
-1,-480.81232057589335,21.65284134259251,229.0,378.239999999999,102.57232057589437,29.0
-1,-489.4312374248447,23.241659870370267,241.0,387.743999999999,101.68723742484562,30.0
-1,-451.88290272899474,25.47465148611102,215.0,326.78399999999937,125.0989027289954,28.0
-1,-314.0596239806448,18.1302613194444,154.0,242.3040000000001,71.7556239806447,24.0
-1,-405.67692260978936,23.021349069444376,193.0,303.7439999999996,101.93292260978978,30.0
-1,-331.1142166248695,17.144354981481428,147.0,264.9600000000001,66.15421662486945,28.0
-1,-607.7572683693463,30.580812805555443,263.0,457.43999999999824,150.31726836934806,29.0
-1,-511.4021554272694,26.24861420833324,227.0,377.8559999999992,133.54615542727026,28.0
-1,-530.5957400377948,20.382067537036964,247.0,452.7359999999981,77.8597400377967,27.0
-1,-392.0894666876806,19.91865623611102,178.0,325.15199999999936,66.93746668768125,24.0
-1,-622.8566187514473,24.159564129629533,290.0,523.4879999999974,99.36861875144982,30.0
-1,-509.3417962558508,27.89810068055549,226.0,399.6479999999986,109.6937962558522,27.0
-1,-567.091011525235,30.500248532407323,264.0,466.3679999999982,100.72301152523684,30.0
-1,-273.1253732791828,15.060685032407411,129.0,208.22400000000005,64.9013732791827,27.0
-1,-345.2423147323501,24.8809019629629,170.0,283.3919999999999,61.85031473235022,27.0
-1,-295.22605265610514,24.72657436111103,155.0,229.15200000000007,66.07405265610508,24.0
-1,-170.93000392501398,12.5598535462963,92.0,116.35200000000006,54.57800392501392,25.0
-1,-295.99521136225985,20.49382872685178,139.0,239.13600000000008,56.85921136225979,24.0
-1,-378.0433247675315,22.77053562037024,182.0,319.5839999999995,58.459324767532,24.0
-1,-430.3205873830816,20.86611188425916,201.0,367.19999999999885,63.12058738308272,26.0
-1,-218.9201606725861,18.69373372222219,120.0,163.00800000000004,55.91216067258609,24.0
-1,-412.3560533306565,33.93461959722228,213.0,322.8479999999994,89.50805333065703,28.0
-1,-320.261493634953,19.80002080555546,158.0,266.016,54.24549363495302,23.0
-1,-373.9562514636518,24.787169819444355,165.0,275.0399999999999,98.91625146365196,27.0
-1,-496.49370593058177,19.729366666666625,231.0,402.43199999999865,94.0617059305831,28.0
-1,-355.3639817083576,19.0614514629629,177.0,300.4799999999997,54.88398170835792,25.0
-1,-290.7240403267261,14.780576273148132,140.0,244.2240000000001,46.50004032672598,27.0
-1,-237.05275387123024,13.929392310185172,122.0,197.8560000000001,39.19675387123013,19.0
-1,-378.20634200927645,21.56949075462949,180.0,302.8799999999997,75.32634200927674,25.0
-1,-310.4433446317574,27.262956333333207,166.0,261.3120000000001,49.13134463175727,20.0
-1,-243.7893598873885,18.340715828703644,111.0,164.16000000000005,79.62935988738849,27.0
-1,-191.02192542958767,16.728369986111073,99.0,145.82400000000007,45.19792542958759,22.0
-1,-365.0631562403555,17.033681981481443,176.0,286.55999999999983,78.50315624035568,27.0
-1,-252.8500276164203,22.727732680555494,131.0,198.43200000000007,54.41802761642024,21.0
-1,-336.1260188083524,24.28420848611103,165.0,262.17600000000004,73.95001880835235,27.0
-1,-401.9806595674636,13.015160490740724,181.0,317.1839999999997,84.79665956746392,23.0
-1,-345.82404346754345,18.484958884259157,165.0,285.7919999999999,60.03204346754354,28.0
-1,-333.4246751736611,13.056606250000002,164.0,276.5759999999999,56.848675173661206,28.0
-1,-303.98648590181614,22.08732893518512,150.0,251.42400000000012,52.562485901815975,20.0
-1,-253.1601843345249,12.681738259259248,125.0,203.6160000000001,49.54418433452479,29.0
-1,-392.35364550354745,20.89227071296289,183.0,332.2559999999993,60.097645503548186,23.0
-1,-407.3789446418148,15.230903416666658,195.0,338.8799999999994,68.49894464181534,24.0
-1,-291.02201375195403,18.723251245370307,143.0,246.81600000000012,44.20601375195388,20.0
-1,-406.7876614767088,20.10205726388882,203.0,339.55199999999934,67.23566147670944,26.0
-1,-250.85810140271303,17.17200420833328,135.0,216.0960000000001,34.76210140271293,14.0
-1,-137.02643650108317,15.960336222222208,75.0,112.41600000000008,24.6104365010831,13.0
-1,-181.13230437196157,10.102401648148142,92.0,146.4000000000001,34.73230437196143,23.0
-1,-150.5246846267065,14.350564199074077,84.0,113.66400000000006,36.86068462670643,20.0
-1,-195.48115966087744,14.262085532407388,118.0,164.44800000000006,31.033159660877377,15.0
-1,-313.1895688281523,23.21058995370361,158.0,262.46400000000017,50.72556882815214,22.0
-1,-146.8945229327104,13.30938998611111,83.0,110.59200000000006,36.302522932710346,20.0
-1,-345.1309167683377,17.314678685185164,180.0,290.01599999999985,55.11491676833786,27.0
-1,-111.21691753059442,14.005664986111086,71.0,82.36800000000007,28.84891753059435,18.0
-1,-160.94594938403492,13.804635814814818,90.0,121.44000000000008,39.50594938403485,20.0
-1,-170.14943821399015,18.572342856481452,99.0,135.36000000000007,34.789438213990096,16.0
-1,-225.02778762495905,13.604432606481462,115.0,184.3200000000001,40.7077876249589,21.0
-1,-225.65916400045677,16.579879018518476,122.0,182.4000000000001,43.25916400045661,23.0
-1,-185.97676590096063,16.52238806944442,111.0,149.3760000000001,36.60076590096054,20.0
-1,-106.93364576901033,11.53168185648148,66.0,78.52800000000003,28.40564576901029,20.0
-1,-324.1859418923729,13.949215810185176,163.0,270.24,53.94594189237292,26.0
-1,-258.6452113528718,20.71578766203697,146.0,226.56000000000012,32.08521135287164,17.0
-1,-256.8685721568454,16.429552513888865,136.0,208.99200000000013,47.8765721568453,19.0
-1,-184.17547352060103,17.17297555092589,105.0,144.57600000000008,39.59947352060095,17.0
-1,-521.6965539029998,20.571721074074013,247.0,443.0399999999987,78.65655390300104,28.0
-1,-169.1350174242044,12.595168930555548,93.0,131.04000000000005,38.09501742420435,24.0
-1,-252.71502781116897,52.14708336111114,138.0,79.19999999999997,173.515027811169,29.0
-1,-226.75103866145815,41.14968311111107,110.0,88.32000000000002,138.43103866145816,27.0
-1,-172.18528894937003,13.666799305555548,91.0,133.15200000000007,39.03328894936996,21.0
-1,-144.07848251320408,16.453531624999993,93.0,112.89600000000006,31.182482513204015,19.0
-1,-256.07455911969623,40.72868493055559,127.0,105.69600000000004,150.3785591196962,29.0
-1,-210.01842222076047,41.627207180555565,118.0,95.71200000000002,114.30642222076044,28.0
-1,-140.62889538300962,15.164677796296283,90.0,105.50400000000003,35.12489538300959,20.0
-1,-121.98931859594008,11.142970222222216,73.0,94.46400000000006,27.52531859594002,19.0
-1,-186.11498264454175,17.111523333333324,134.0,168.19200000000006,17.922982644541726,9.0
-1,-116.0501141321412,12.169900680555536,62.0,90.24000000000004,25.81011413214116,16.0
-1,-150.06916715298524,17.497772773148135,110.0,132.57600000000005,17.493167152985205,11.0
-1,-145.26015609943687,17.828121416666605,96.0,122.88000000000008,22.3801560994368,15.0
-1,-167.3660673730891,16.103131180555533,102.0,137.95200000000006,29.41406737308904,16.0
-1,-171.1530091257012,14.0402569722222,96.0,139.77600000000004,31.377009125701157,19.0
-1,-132.50674430008928,15.693452712962966,90.0,110.20800000000004,22.29874430008924,14.0
-1,-130.7594933476358,16.55528089814813,89.0,108.00000000000006,22.75949334763575,14.0
-1,-134.32709279785888,15.170922087962952,86.0,101.95200000000006,32.37509279785884,17.0
-1,-124.59665942149849,15.784280578703695,82.0,102.33600000000006,22.260659421498435,13.0
-1,-161.4652544273849,15.714280175925923,94.0,123.07200000000005,38.3932544273849,21.0
-1,-333.23203549123616,66.90927790277775,159.0,113.27999999999996,219.9520354912362,28.0
-1,-184.1448147926842,14.033158754629616,91.0,141.7920000000001,42.35281479268412,22.0
-1,-128.22236558158465,17.16876342592593,77.0,92.44800000000004,35.77436558158459,17.0
-1,-100.22899271003102,12.907904259259256,70.0,79.87200000000003,20.35699271003099,13.0
-1,-155.6389127872251,12.175536175925917,101.0,127.00800000000008,28.63091278722505,15.0
-1,-248.5779268105697,23.176670421296247,130.0,199.1040000000001,49.47392681056956,25.0
-1,-183.4502551358656,11.860727856481477,88.0,132.0960000000001,51.35425513586548,21.0
-1,-107.47475916138282,14.724647009259249,61.0,80.44800000000004,27.026759161382788,15.0
-1,-173.4628808544379,20.710671958333265,86.0,131.90400000000005,41.558880854437874,19.0
-1,-140.34223054107056,13.792030245370343,80.0,101.95200000000004,38.39023054107052,20.0
-1,-114.9455558787665,12.41224789351851,57.0,81.98400000000004,32.96155587876646,18.0
-1,-134.86932591561705,16.218671337962956,76.0,104.06400000000004,30.80532591561698,18.0
-1,-294.0496822725888,25.593050203703573,155.0,235.20000000000007,58.84968227258871,25.0
-1,-144.24515958290286,12.32219752777777,75.0,98.49600000000004,45.7491595829028,23.0
-1,-135.67693765511288,11.857451175925926,67.0,85.15200000000003,50.52493765511286,23.0
-1,-127.76860135420574,14.911199712962944,72.0,91.29600000000003,36.47260135420571,19.0
-1,-208.47012426970383,17.24360298148145,103.0,165.3120000000001,43.15812426970374,18.0
-1,-142.0014427645775,15.617624101851812,69.0,90.24000000000004,51.761442764577446,25.0
-1,-248.51060661170183,17.74923854629624,126.0,200.1600000000001,48.350606611701686,21.0
-1,-113.3721270239774,15.087676916666643,63.0,72.96000000000002,40.41212702397739,22.0
-1,-131.39947448306688,20.98007564814802,87.0,102.14400000000003,29.25547448306684,16.0
-1,-268.18076739370457,16.31996245370367,130.0,212.0640000000001,56.11676739370443,19.0
-1,-119.2100985437306,16.30332046296295,65.0,88.41600000000004,30.794098543730566,14.0
-1,-140.1542802883475,16.410281018518496,73.0,105.79200000000006,34.36228028834745,18.0
-1,-99.2650487418031,11.24890998148148,48.0,62.40000000000003,36.86504874180307,21.0
-1,-108.55578479140208,13.105384638888896,54.0,66.04800000000003,42.50778479140205,23.0
-1,-199.38001173042116,18.030553791666613,93.0,143.52,55.860011730421135,21.0
-1,-241.5766704415299,15.316129416666646,129.0,189.8880000000001,51.68867044152984,24.0
-1,-111.06155909810325,13.550941203703688,65.0,81.40800000000003,29.6535590981032,18.0
-1,-110.7178614205602,14.908959087962955,52.0,62.49600000000002,48.22186142056019,24.0
-1,-196.72425093814027,13.61010365740741,90.0,133.05600000000004,63.66825093814023,27.0
-1,-155.2111928546109,14.68175543518515,77.0,108.96000000000006,46.25119285461084,20.0
-1,-121.24265386708322,13.962217509259242,56.0,69.02400000000003,52.21865386708319,23.0
-1,-358.1272248309259,13.952895194444444,174.0,277.82400000000007,80.30322483092584,25.0
-1,-118.21516817176294,15.552392041666645,56.0,75.93600000000004,42.279168171762905,20.0
-1,-158.03689108052566,16.344475143518476,72.0,97.15200000000006,60.88489108052562,23.0
-1,-146.98802469960802,16.406480398148105,67.0,98.97600000000004,48.01202469960797,22.0
-1,-303.952050756885,14.987763509259237,133.0,232.9920000000001,70.96005075688487,26.0
-1,-118.98010043282036,12.865661990740726,51.0,64.12800000000001,54.85210043282036,27.0
-1,-93.66739233922527,12.86680525925926,41.0,52.41600000000001,41.25139233922528,21.0
-1,-291.0263584508374,18.65696464351845,146.0,229.92000000000004,61.10635845083735,26.0
-1,-111.45211208296465,20.16109068055551,58.0,69.98400000000002,41.46811208296463,18.0
-1,-273.0322996904546,16.64113568518515,132.0,216.576,56.45629969045456,21.0
-1,-129.83077412055314,13.135345101851843,50.0,72.38400000000003,57.44677412055313,22.0
-1,-137.09790983339224,14.271919287037004,65.0,87.45600000000005,49.64190983339218,21.0
-1,-117.66942608278436,12.171099754629632,45.0,58.75200000000002,58.917426082784345,27.0
-1,-110.06886005207552,15.824338592592587,53.0,71.04000000000003,39.02886005207547,21.0
-1,-237.2514998102765,22.826068314814744,108.0,164.06400000000005,73.18749981027645,26.0
-1,-111.79606627368716,18.258562874999928,56.0,73.15200000000003,38.644066273687145,19.0
-1,-213.5965277056818,12.985502648148143,97.0,159.9360000000001,53.66052770568171,21.0
-1,-112.35473482345262,14.410536944444427,57.0,72.00000000000003,40.35473482345259,20.0
-1,-109.18164415193836,15.749264731481492,50.0,66.24000000000001,42.94164415193836,17.0
-1,-381.3352056639446,22.45773373611105,160.0,281.9519999999999,99.38320566394472,30.0
-1,-108.241708830694,16.25228834722221,48.0,62.97600000000003,45.26570883069396,20.0
-1,-128.89200820544133,11.182237990740742,49.0,66.43200000000003,62.460008205441305,22.0
-1,-127.10418408773558,11.435061796296305,47.0,64.32000000000002,62.784184087735554,25.0
-1,-101.05503672684496,13.807021861111092,48.0,52.03200000000001,49.02303672684496,20.0
-1,-115.73392532802376,13.00933568518518,51.0,65.18400000000003,50.54992532802373,23.0
-1,-333.77996850703664,16.86970018518514,157.0,261.4080000000001,72.37196850703657,23.0
-1,-113.28164962371004,12.37212849999998,47.0,63.36000000000003,49.92164962371002,22.0
-1,-97.91483595238358,11.515233574074069,41.0,51.55200000000001,46.36283595238357,22.0
-1,-150.32752843402525,17.094935518518472,67.0,90.33600000000004,59.99152843402518,23.0
-1,-323.6857448630583,16.834960888888812,153.0,245.2800000000001,78.40574486305826,26.0
-1,-98.45533074099822,15.767523421296293,48.0,62.59200000000003,35.8633307409982,19.0
-1,-110.6838485141905,12.714144148148137,56.0,72.48000000000003,38.20384851419047,18.0
-1,-90.53147834275184,11.916511856481463,39.0,48.576000000000015,41.95547834275182,20.0
-1,-204.38792338793436,20.272625009259222,100.0,146.4000000000001,57.98792338793426,19.0
-1,-113.70339195767642,15.69236324537034,66.0,81.88800000000003,31.815391957676383,17.0
-1,-327.5270285474172,16.547335962962922,137.0,232.7040000000001,94.82302854741712,27.0
-1,-121.59323480266517,13.808282703703672,48.0,65.37600000000002,56.21723480266515,25.0
-1,-100.72982714328656,14.475894245370371,46.0,60.19200000000003,40.537827143286535,18.0
-1,-151.09455227027874,18.43035453703696,61.0,97.15200000000006,53.94255227027868,21.0
-1,-343.25899901435224,20.66476835648138,154.0,257.1840000000001,86.07499901435214,28.0
-1,-113.81093937156436,11.95754867592592,50.0,71.90400000000001,41.90693937156436,23.0
-1,-119.12942638836344,20.223913574074004,64.0,86.59200000000006,32.53742638836337,15.0
-1,-112.65019909909924,12.027573643518512,49.0,67.87200000000003,44.7781990990992,22.0
-1,-365.59901173293616,15.021734013888892,152.0,272.448,93.15101173293615,25.0
-1,-101.02342728501029,15.626624967592573,49.0,62.49600000000003,38.52742728501026,19.0
-1,-155.6957402190957,17.303241657407373,70.0,92.73600000000005,62.95974021909566,20.0
-1,-182.16114268959245,19.66185967129623,81.0,122.30400000000007,59.85714268959239,25.0
-1,-179.55785829179678,19.156925504629555,83.0,115.96800000000006,63.5898582917967,25.0
-1,-121.99958809446056,10.882814148148134,44.0,57.79200000000002,64.20758809446053,24.0
-1,-127.43760029874858,13.904187018518524,49.0,58.56000000000002,68.87760029874856,24.0
-1,-146.12184236886804,12.68539349537036,54.0,76.80000000000004,69.321842368868,22.0
-1,-102.37175157884604,14.048097240740733,42.0,55.00800000000002,47.36375157884601,21.0
-1,-136.9422454272923,16.36816777314808,54.0,73.24800000000003,63.69424542729231,24.0
-1,-107.69527128869186,21.18563067129621,53.0,61.82400000000003,45.87127128869182,17.0
-1,-104.31574521808358,13.422860935185165,45.0,56.160000000000025,48.155745218083545,22.0
-1,-266.5051115209336,12.536112828703695,106.0,186.7200000000001,79.7851115209335,27.0
-1,-105.59612116423934,12.979978763888864,45.0,54.24000000000002,51.35612116423931,21.0
-1,-122.97178559138158,20.44848879629621,57.0,71.90400000000004,51.067785591381536,18.0
-1,-134.40264742175316,14.1762388611111,51.0,57.120000000000026,77.28264742175313,26.0
-1,-105.42186606729686,16.213240143518515,41.0,49.344000000000015,56.07786606729685,22.0
-1,-157.20900984354478,14.95616418055554,63.0,98.40000000000006,58.80900984354472,21.0
-1,-117.82406854240818,13.879681898148126,60.0,75.16800000000002,42.65606854240817,23.0
-1,-108.61262080577023,13.122943837962966,38.0,39.26400000000001,69.34862080577024,24.0
-1,-139.7920518226985,17.83510847222219,62.0,98.30400000000004,41.48805182269847,19.0
-1,-88.21039168921388,13.971863509259244,40.0,44.54400000000001,43.66639168921387,21.0
-1,-167.8218679548733,14.9303024722222,84.0,122.01600000000008,45.80586795487324,17.0
-1,-106.8474897483085,14.34791006944443,45.0,57.600000000000016,49.24748974830849,23.0
-1,-167.3752079693411,14.97525537962963,82.0,111.36000000000006,56.01520796934103,20.0
-1,-133.2934328652591,17.0181001018518,61.0,72.86400000000003,60.42943286525905,22.0
-1,-112.235102574676,17.73922882870366,48.0,58.56000000000003,53.67510257467596,22.0
-1,-113.18044186455664,14.698206287037031,57.0,62.97600000000003,50.20444186455659,23.0
-1,-101.58981063533516,12.496767041666658,42.0,40.12800000000001,61.46181063533516,26.0
-1,-93.56295520361914,12.00343164814814,38.0,46.94400000000001,46.61895520361914,23.0
-1,-113.8973708494513,13.188585912037036,49.0,54.240000000000016,59.65737084945128,24.0
-1,-141.52589770396622,16.870141449074012,55.0,76.03200000000004,65.49389770396617,22.0
-1,-138.85713290530663,13.431483925925926,57.0,80.83200000000004,58.02513290530658,24.0
-1,-245.5882980937133,13.77803612037034,111.0,200.35200000000012,45.236298093713145,16.0
-1,-109.83438289635392,15.822325606481456,41.0,58.94400000000003,50.89038289635389,19.0
-1,-115.9435212919268,9.97285728240742,37.0,44.54400000000001,71.3995212919268,24.0
-1,-140.30688875484944,17.417176194444405,67.0,84.48000000000003,55.82688875484941,20.0
-1,-258.69830925808736,11.068350115740753,104.0,186.52800000000013,72.17030925808723,25.0
-1,-142.9259255019167,17.387993379629563,68.0,83.13600000000005,59.78992550191666,21.0
-1,-112.39950187321348,13.694492541666667,51.0,61.82400000000001,50.57550187321345,21.0
-1,-277.1188182425613,14.84597585185184,117.0,180.86400000000003,96.25481824256126,29.0
-1,-265.8165729443388,13.043482018518503,118.0,195.6480000000001,70.16857294433865,25.0
-1,-128.58030371876995,12.384802939814804,45.0,56.06400000000002,72.51630371876993,24.0
-1,-118.63480848478342,10.496225949074091,45.0,51.84000000000002,66.7948084847834,27.0
-1,-109.5174893139404,10.9738377962963,40.0,48.960000000000015,60.55748931394038,26.0
-1,-237.0629463158219,13.97480655092592,100.0,164.35200000000012,72.71094631582179,26.0
-1,-285.4186855479917,12.54038568518518,116.0,195.456,89.96268554799164,24.0
-1,-206.39750172087795,16.913623865740664,85.0,152.2560000000001,54.14150172087782,18.0
-1,-156.60542063061573,16.447124796296258,69.0,98.30400000000006,58.30142063061568,23.0
-1,-289.3899868777519,20.91944185648144,131.0,209.0880000000001,80.30198687775177,28.0
-1,-328.1175956002354,19.42384258796286,144.0,252.4800000000002,75.63759560023519,23.0
-1,-167.9966945703154,17.13568289814809,62.0,88.99200000000005,79.00469457031537,26.0
-1,-117.84884717968048,14.064788995370352,49.0,57.40800000000002,60.44084717968046,22.0
-1,-88.20625227062227,13.468176402777758,34.0,42.912000000000006,45.294252270622266,21.0
-1,-115.44498476070198,13.28862424537036,44.0,50.40000000000002,65.04498476070196,24.0
-1,-136.6677936339519,14.156435171296264,51.0,64.99200000000002,71.67579363395188,25.0
-1,-110.55495685242737,14.090679689814792,46.0,46.46400000000001,64.09095685242735,23.0
-1,-87.65653914924943,8.856189796296299,36.0,44.73600000000001,42.92053914924941,22.0
-1,-107.6131458767626,10.651765342592595,40.0,49.24800000000001,58.365145876762575,24.0
-1,-284.5352212061131,40.74709434722222,142.0,121.24800000000006,163.287221206113,29.0
-1,-213.1550837718845,19.67073468055549,89.0,151.8720000000001,61.28308377188443,18.0
-1,-177.84279314659602,14.868512444444432,80.0,114.43200000000006,63.41079314659597,24.0
-1,-106.109439845397,16.44027654629627,49.0,60.480000000000025,45.62943984539697,20.0
-1,-186.4187422636649,16.122040662037016,79.0,119.04000000000006,67.37874226366483,23.0
-1,-113.4790095575884,17.729381412036993,43.0,53.18400000000002,60.29500955758839,23.0
-1,-175.20577733956765,16.162285601851828,68.0,101.18400000000004,74.02177733956759,24.0
-1,-180.82844141368915,15.392096509259243,80.0,127.39200000000008,53.436441413689074,19.0
-1,-277.5286211632058,18.31490268055549,118.0,209.4720000000001,68.05662116320568,19.0
-1,-101.12672194868873,16.17352948611112,49.0,57.02400000000002,44.102721948688696,19.0
-1,-157.08946450769554,16.922255055555524,69.0,96.96000000000004,60.12946450769552,21.0
-1,-98.03956344540568,12.532853472222213,40.0,51.07200000000001,46.96756344540569,20.0
-1,-128.89770438714163,10.4730234675926,51.0,69.02400000000003,59.8737043871416,24.0
-1,-203.8449446069396,14.252679453703673,83.0,137.18400000000008,66.6609446069395,22.0
-1,-175.59399602510555,16.896307745370326,82.0,143.8080000000001,31.78599602510545,13.0
-1,-87.47162897039746,15.91632768981482,42.0,48.48000000000002,38.99162897039744,15.0
-1,-113.78913098677776,15.756493611111114,45.0,57.31200000000002,56.47713098677774,20.0
-1,-139.95974571222695,17.702606861111068,57.0,73.24800000000003,66.7117457122269,22.0
-1,-93.97984065614364,12.88533797222224,30.0,33.312000000000005,60.66784065614363,23.0
-1,-208.1214814583571,16.77140629166659,88.0,135.45600000000007,72.66548145835704,24.0
-1,-128.24164752578866,18.704110407407317,58.0,74.20800000000004,54.03364752578862,21.0
-1,-138.27415338921716,14.18280073148146,56.0,80.83200000000004,57.442153389217125,20.0
-1,-136.07723960814982,14.307682722222191,51.0,63.26400000000003,72.8132396081498,25.0
-1,-109.80724466261752,14.807331277777768,44.0,58.75200000000002,51.05524466261752,23.0
-1,-87.5239777622318,12.461185212962953,36.0,44.54400000000002,42.97997776223177,19.0
-1,-100.38158022319104,18.50169593518517,44.0,50.68800000000002,49.69358022319102,20.0
-1,-134.5009632655919,16.547511671296252,49.0,69.69600000000003,64.80496326559187,23.0
-1,-103.22654440444737,18.91184468518512,46.0,53.28000000000002,49.946544404447344,20.0
-1,-122.81798003435092,10.999098310185184,44.0,52.03200000000002,70.7859800343509,28.0
-1,-225.2872818024304,20.61470904166659,108.0,179.7120000000001,45.57528180243027,20.0
-1,-81.74295337930405,17.548021638888844,48.0,64.80000000000003,16.942953379304022,11.0
-1,-142.04254338504296,12.196971370370358,59.0,95.52000000000004,46.52254338504294,22.0
-1,-119.1463763828278,13.760514259259269,42.0,45.024000000000015,74.12237638282778,23.0
-1,-235.0570189767972,19.53654224074065,113.0,178.3680000000001,56.68901897679705,18.0
-1,-101.36198767801524,16.735136513888857,45.0,45.984000000000016,55.37798767801521,19.0
-1,-104.85829130242098,14.545350749999995,41.0,43.008,61.850291302420985,26.0
-1,-177.21032340192536,14.83024252777774,73.0,112.89600000000006,64.31432340192531,25.0
-1,-94.19072446194168,15.837466041666664,34.0,42.52800000000001,51.66272446194167,18.0
-1,-134.35732020427008,16.050709060185156,58.0,89.08800000000005,45.26932020427002,18.0
-1,-115.52846970687182,16.416495736111084,56.0,62.49600000000003,53.03246970687179,20.0
-1,-121.15683397719286,16.714703439814784,48.0,59.13600000000002,62.02083397719283,22.0
-1,-173.62851388811316,33.551451365740746,93.0,62.4,111.22851388811316,26.0
-1,-108.01603411884312,16.366520564814774,42.0,55.48800000000003,52.52803411884308,20.0
-1,-133.94243371265284,20.015170768518463,59.0,80.54400000000004,53.39843371265281,21.0
-1,-139.49677936654422,15.257545819444424,55.0,86.30400000000004,53.19277936654419,21.0
-1,-107.21552949081251,14.183329018518528,45.0,54.43200000000002,52.783529490812505,22.0
-1,-148.98586772860563,15.271065166666654,68.0,96.28800000000004,52.69786772860556,19.0
-1,-112.78077106359784,10.655492236111114,35.0,43.48800000000001,69.29277106359781,26.0
-1,-95.96242401589772,11.03391839814816,42.0,47.52,48.442424015897714,24.0
-1,-144.786654739597,17.09822838888883,65.0,87.84000000000005,56.946654739596966,20.0
-1,-109.9661769408589,14.289861120370354,45.0,64.60800000000003,45.35817694085887,21.0
-1,-125.31579758722856,22.95742008796286,52.0,65.66400000000003,59.65179758722852,20.0
-1,-139.4929645842668,19.4375482453703,61.0,89.37600000000005,50.11696458426674,19.0
-1,-123.74113301536951,20.296428481481403,54.0,66.14400000000003,57.59713301536948,20.0
-1,-118.69680515379476,17.94952792129626,52.0,55.776000000000025,62.920805153794745,20.0
-1,-184.21501428857647,21.54511487499989,77.0,119.71200000000007,64.50301428857641,22.0
-1,-99.09732593655907,14.823743842592586,38.0,47.61600000000001,51.48132593655909,20.0
-1,-101.2272918006853,12.930549615740732,35.0,49.05600000000001,52.17129180068528,21.0
-1,-100.34255580668372,11.963817314814818,32.0,37.728,62.61455580668371,25.0
-1,-97.59926456871302,10.499016347222216,38.0,51.93600000000002,45.66326456871301,24.0
-1,-127.6616817060916,17.376505444444412,55.0,73.92000000000003,53.74168170609156,23.0
-1,-109.39014178852486,14.496065296296292,42.0,44.25600000000001,65.13414178852484,23.0
-1,-206.3598275241395,19.836004833333263,93.0,161.6640000000001,44.6958275241394,17.0
-1,-147.99537680534087,11.528057592592598,54.0,77.18400000000004,70.81137680534083,25.0
-1,-256.1847896608722,21.888476361111078,118.0,190.8480000000001,65.33678966087211,23.0
-1,-114.82953668683606,17.563607439814767,56.0,70.17600000000003,44.65353668683604,19.0
-1,-167.9616898187544,12.185600874999995,72.0,99.36000000000006,68.60168981875432,25.0
-1,-118.14045355631688,13.569188675925911,45.0,60.67200000000003,57.46845355631686,24.0
-1,-87.58246505352288,15.772024689814804,38.0,50.59200000000002,36.99046505352286,18.0
-1,-128.3163205873475,16.913867277777733,52.0,63.648000000000025,64.66832058734748,21.0
-1,-113.30621977348434,17.04163831944442,46.0,49.82400000000002,63.48221977348433,22.0
-1,-128.77525178058477,18.355914879629573,48.0,65.56800000000003,63.20725178058474,19.0
-1,-116.46986995719172,17.002468972222164,56.0,77.37600000000005,39.093869957191686,17.0
-1,-346.20016188569093,13.743725833333304,150.0,261.696,84.50416188569098,27.0
-1,-182.941697937552,20.42392278703696,81.0,122.49600000000008,60.44569793755192,21.0
-1,-115.92283773171498,13.72073355555554,42.0,61.15200000000003,54.77083773171495,23.0
-1,-242.51104877064225,39.33067878240743,120.0,118.08000000000004,124.4310487706422,26.0
-1,-115.35255200761318,14.150996023148144,35.0,49.24800000000002,66.10455200761317,23.0
-1,-98.6994735819225,14.590384986111092,42.0,45.88800000000001,52.81147358192249,22.0
-1,-152.60003455073914,14.491640740740715,55.0,84.09600000000003,68.5040345507391,24.0
-1,-135.1072687060719,21.509692930555502,61.0,79.00800000000004,56.099268706071854,19.0
-1,-170.46955134867522,15.188124134259242,68.0,104.44800000000006,66.02155134867517,23.0
-1,-139.12440632338175,18.07151288888881,57.0,77.47200000000004,61.65240632338171,23.0
-1,-97.51832726945558,9.716609111111117,28.0,33.312,64.20632726945558,24.0
-1,-131.67648578747327,18.579439587962877,54.0,74.20800000000003,57.46848578747325,24.0
-1,-95.80669494183894,15.021662138888871,32.0,39.84000000000001,55.96669494183893,22.0
-1,-146.4239002674821,14.913178217592565,52.0,77.95200000000003,68.4719002674821,24.0
-1,-96.97637212290368,13.74901872685184,34.0,43.68000000000001,53.29637212290368,22.0
-1,-350.70215873735503,23.595271398148043,159.0,274.848,75.85415873735501,21.0
-1,-90.30565298564092,14.899940032407397,36.0,39.93600000000001,50.36965298564091,19.0
-1,-118.49257658238864,16.23237388888886,45.0,55.39200000000002,63.10057658238861,23.0
-1,-185.96415847210807,41.21597652314817,112.0,94.368,91.5961584721081,22.0
-1,-129.81689003310785,12.00608005092592,48.0,56.64000000000002,73.17689003310782,27.0
-1,-326.3027633083034,17.951071328703634,141.0,253.15200000000013,73.15076330830327,24.0
-1,-158.0322216093188,16.15697378703701,62.0,85.05600000000004,72.97622160931877,23.0
-1,-118.2811316665298,18.92950458333327,43.0,56.83200000000002,61.44913166652978,22.0
-1,-122.90234112702464,14.769472912037036,44.0,54.14400000000001,68.75834112702462,25.0
-1,-105.20535908690962,16.653123064814764,42.0,53.66400000000002,51.54135908690961,24.0
-1,-116.24620747470706,11.573947773148149,41.0,57.31200000000002,58.93420747470704,24.0
-1,-92.22465214102724,14.74323886574074,43.0,45.79200000000001,46.432652141027226,21.0
-1,-133.10871971149368,21.81709356481481,56.0,63.36000000000004,69.74871971149364,19.0
-1,-232.05452373240163,18.181128018518447,93.0,164.5440000000001,67.51052373240154,22.0
-1,-173.52931548287938,17.37657955092585,71.0,102.81600000000006,70.71331548287931,23.0
-1,-144.86214518017897,19.909793425925848,58.0,83.32800000000005,61.53414518017892,21.0
-1,-115.55329371366145,12.189827680555544,44.0,57.79200000000002,57.76129371366141,24.0
-1,-116.73705647735363,19.83413012962954,51.0,61.72800000000003,55.00905647735361,19.0
-1,-138.4530399687603,19.806482129629504,44.0,65.95200000000003,72.50103996876024,24.0
-1,-106.50335416667043,17.234601273148105,45.0,53.856000000000016,52.64735416667042,22.0
-1,-103.32620655477068,12.825727759259252,35.0,56.16000000000002,47.16620655477067,24.0
-1,-271.9150037953414,21.43993263425913,117.0,202.3680000000001,69.54700379534127,21.0
-1,-145.09903818449243,12.54469335185185,47.0,72.00000000000003,73.0990381844924,25.0
-1,-115.36302809969072,13.345198310185165,40.0,59.42400000000002,55.939028099690695,22.0
-1,-123.93128117747769,13.890397925925903,46.0,60.38400000000002,63.54728117747765,24.0
-1,-153.95695185252538,14.4962425046296,56.0,92.35200000000005,61.60495185252534,27.0
-1,-123.98840512094232,22.32206839814809,54.0,69.21600000000002,54.7724051209423,19.0
-1,-97.62091520543808,17.47774641666663,39.0,47.52000000000002,50.10091520543805,18.0
-1,-145.04744792783555,18.75459287499997,63.0,92.54400000000004,52.50344792783548,18.0
-1,-124.65065277281636,12.112899694444431,45.0,56.73600000000002,67.91465277281634,25.0
-1,-99.90621446967066,16.882180023148113,41.0,55.296000000000014,44.610214469670645,20.0
-1,-254.9165435363676,19.528539898148065,114.0,183.1680000000001,71.74854353636745,21.0
-1,-131.19959011892877,14.24069836574072,49.0,60.38400000000002,70.81559011892874,24.0
-1,-105.976349804748,10.87166778703704,33.0,38.016000000000005,67.96034980474799,28.0
-1,-140.6477874022921,18.319753087962912,58.0,76.22400000000003,64.42378740229206,21.0
-1,-222.89727964124472,16.994768976851798,95.0,152.8320000000001,70.06527964124463,24.0
-1,-274.8559455820664,33.52671915277776,128.0,136.60800000000003,138.24794558206634,27.0
-1,-73.39117882669471,17.479067986111087,34.0,33.216,40.17517882669471,20.0
-1,-98.67901421446432,17.185782699074046,38.0,40.22400000000001,58.45501421446432,24.0
-1,-85.34999890550175,11.786534444444472,30.0,28.032000000000004,57.31799890550175,25.0
-1,-98.61653366449056,13.979126578703696,36.0,42.528000000000006,56.08853366449054,24.0
-1,-129.2996422596467,18.0013018796296,47.0,57.69600000000002,71.60364225964669,23.0
-1,-104.91555312817532,13.60234251388887,45.0,55.77600000000002,49.13955312817532,22.0
-1,-103.9493037512721,13.02322288425925,44.0,54.24000000000001,49.70930375127209,23.0
-1,-106.26295065961703,18.3458423194444,46.0,51.93600000000002,54.32695065961702,19.0
-1,-132.16342522885168,19.333271472222183,56.0,76.03200000000004,56.13142522885164,17.0
-1,-108.76241842698066,12.993804453703683,34.0,43.2,65.56241842698066,23.0
-1,-186.21734715304763,15.432835249999975,71.0,115.20000000000007,71.01734715304757,24.0
-1,-96.9490935489168,18.01853331944445,49.0,58.27200000000002,38.67709354891678,18.0
-1,-122.47848836331788,18.535314458333275,53.0,70.27200000000003,52.20648836331783,20.0
-1,-90.85389820298438,18.95602616666666,38.0,33.12,57.73389820298439,19.0
-1,-95.63817979592652,15.891026300925914,38.0,37.056,58.582179795926514,23.0
-1,-99.20875970703564,13.581241157407405,36.0,39.74400000000001,59.46475970703563,22.0
-1,-127.60138709785043,18.045859078703664,53.0,74.97600000000004,52.625387097850414,19.0
-1,-89.17279017604194,14.600667324074086,37.0,37.728,51.44479017604194,23.0
-1,-119.09007529924514,16.471451106481446,40.0,53.280000000000015,65.81007529924513,22.0
-1,-76.08976932495075,12.884344027777772,30.0,37.728,38.36176932495075,21.0
-1,-99.44779159584608,16.081949736111085,40.0,48.192000000000014,51.25579159584605,22.0
-1,-95.79622175420955,17.32122405092593,35.0,35.90400000000001,59.892221754209565,22.0
-1,-136.72177611996284,16.049449740740695,47.0,62.40000000000002,74.32177611996282,25.0
-1,-114.25851327654664,10.649067078703704,36.0,44.448000000000015,69.81051327654662,26.0
-1,-137.0102113350892,19.19889964814809,50.0,73.24800000000003,63.76221133508918,21.0
-1,-137.68964523571074,19.189043004629568,55.0,73.34400000000004,64.3456452357107,23.0
-1,-141.04348581593015,15.543801365740688,56.0,78.72000000000004,62.32348581593011,22.0
-1,-87.29632430205595,15.779083287036997,33.0,46.272000000000006,41.02432430205594,19.0
-1,-150.75840292074395,16.681408101851822,61.0,84.67200000000004,66.0864029207439,24.0
-1,-128.2880486810992,14.542948180555536,48.0,67.10400000000003,61.18404868109918,23.0
-1,-134.3503175571637,17.307850342592552,48.0,65.47200000000002,68.87831755716365,22.0
-1,-111.5951623299709,23.408754671296187,51.0,64.70400000000002,46.89116232997088,17.0
-1,-170.29802499690055,17.181095740740698,67.0,112.89600000000009,57.402024996900494,19.0
-1,-112.00723787768612,15.41473849074072,45.0,58.56000000000002,53.447237877686085,18.0
-1,-166.32015366440635,17.000438458333274,68.0,103.00800000000008,63.312153664406296,23.0
-1,-127.95283996651357,15.68493678240738,49.0,68.06400000000002,59.88883996651354,25.0
-1,-120.44109446706231,17.540115393518498,41.0,47.80800000000002,72.63309446706229,25.0
-1,-92.55667108344412,16.37615856481479,37.0,48.67200000000002,43.88467108344411,20.0
-1,-106.64924724613113,14.565047925925915,45.0,59.32800000000002,47.3212472461311,23.0
-1,-154.2262436621641,18.551271152777726,66.0,95.71200000000006,58.51424366216404,21.0
-1,-87.0626409786521,15.001778671296288,35.0,47.71200000000001,39.350640978652095,20.0
-1,-147.41889136073215,16.758777314814775,55.0,89.18400000000004,58.2348913607321,19.0
-1,-258.6814354789488,16.185505532407376,100.0,181.2480000000001,77.43343547894871,24.0
-1,-470.1914963763878,11.8687171898148,206.0,393.8879999999985,76.30349637638932,26.0
-1,-103.56465986480916,18.72211433796295,42.0,52.128000000000014,51.43665986480914,19.0
-1,-248.2150052024761,14.086476768518503,108.0,187.5840000000001,60.631005202476,23.0
-1,-120.80331221064353,14.456944731481473,42.0,56.73600000000002,64.0673122106435,25.0
-1,-211.6804184768532,25.317031976851787,95.0,139.8720000000001,71.8084184768531,22.0
-1,-91.87375979097386,15.332579166666644,33.0,39.93600000000001,51.93775979097386,21.0
-1,-109.57605357299482,13.290830800925924,37.0,46.08000000000001,63.49605357299481,22.0
-1,-89.95503773891119,16.732311402777746,32.0,40.12800000000001,49.82703773891118,18.0
-1,-116.81116995887211,19.01351809259252,45.0,57.12000000000002,59.69116995887211,21.0
-1,-132.62306351684245,19.89346148611105,57.0,78.43200000000003,54.191063516842426,17.0
-1,-193.69894951617133,23.29044090277767,80.0,125.95200000000008,67.74694951617126,23.0
-1,-136.68540224595125,18.68905980092588,56.0,78.33600000000003,58.349402245951225,20.0
-1,-116.14960651776926,14.39949833796295,40.0,49.536000000000016,66.61360651776924,24.0
-1,-116.3936867118414,14.324540069444447,34.0,44.928,71.46568671184141,23.0
-1,-145.23371214246842,13.527895078703676,51.0,79.87200000000004,65.36171214246838,24.0
-1,-133.84126945432425,14.836328824074078,53.0,76.03200000000004,57.809269454324216,20.0
-1,-101.31025750408948,15.861831236111108,44.0,51.64800000000002,49.66225750408948,21.0
-1,-125.57177616443172,19.260423847222132,46.0,67.58400000000003,57.98777616443169,22.0
-1,-115.2619466605088,17.95204132407401,45.0,54.72000000000002,60.5419466605088,22.0
-1,-108.06661963279548,11.280557717592586,36.0,47.13600000000001,60.93061963279547,28.0
-1,-129.32414705254536,16.12618659259256,45.0,70.75200000000002,58.572147052545326,21.0
-1,-105.58028765263344,15.728855717592584,41.0,47.71200000000001,57.86828765263342,23.0
-1,-106.32474613974352,12.879405041666656,41.0,47.52000000000002,58.80474613974351,25.0
-1,-123.86343624791826,13.912231805555544,42.0,59.04000000000002,64.82343624791824,25.0
-1,-116.81392318237508,18.605584787036985,48.0,59.42400000000003,57.38992318237504,21.0
-1,-107.87172463534438,18.71321164351844,46.0,59.80800000000003,48.06372463534435,21.0
-1,-112.17972290521142,11.81044934259259,42.0,50.78400000000001,61.39572290521141,25.0
-1,-93.2665904682622,10.741345689814818,29.0,33.024,60.242590468262186,23.0
-1,-172.31916977405362,15.286303587962928,63.0,107.71200000000006,64.60716977405356,25.0
-1,-94.9417310157382,18.883009703703657,47.0,50.20800000000003,44.73373101573818,18.0
-1,-112.98203214467723,17.546526703703652,48.0,66.62400000000002,46.35803214467722,22.0
-1,-116.68027906370588,19.434369902777732,51.0,61.056000000000026,55.62427906370586,19.0
-1,-107.48153611691464,16.127995481481438,40.0,54.240000000000016,53.24153611691463,22.0
-1,-208.4032612955146,19.35856589814803,83.0,134.11200000000008,74.2912612955145,23.0
-1,-151.58928582007798,17.32565729629624,56.0,87.07200000000005,64.51728582007793,21.0
-1,-103.44842611109344,17.085300958333267,45.0,56.352000000000025,47.09642611109342,21.0
-1,-100.6295984860239,16.393528583333286,39.0,43.39200000000001,57.23759848602389,23.0
-1,-128.72403111583924,18.013032569444395,51.0,59.80800000000002,68.91603111583922,21.0
-1,-212.16556560867292,20.797053712962885,106.0,150.1440000000001,62.02156560867285,22.0
-1,-113.29079062223336,10.28735848611112,36.0,44.640000000000015,68.65079062223336,25.0
-1,-111.54524685816536,16.20112936574071,40.0,44.92800000000001,66.61724685816536,24.0
-1,-106.77954561139312,19.859216958333285,46.0,52.51200000000002,54.2675456113931,20.0
-1,-110.53095577052407,11.594754745370382,38.0,55.96800000000002,54.56295577052406,22.0
-1,-120.9487634832059,15.336504671296268,42.0,55.488000000000014,65.46076348320588,23.0
-1,-122.4460645242107,19.434351407407377,55.0,73.72800000000004,48.71806452421067,18.0
-1,-122.56061739963108,18.15509869444438,49.0,63.84000000000003,58.72061739963105,23.0
-1,-131.21967714087197,23.799732398148123,71.0,62.400000000000006,68.81967714087196,22.0
-1,-100.6760391507538,17.847950041666635,34.0,39.648,61.0280391507538,22.0
-1,-214.39468464482997,15.445542374999976,88.0,146.78400000000008,67.61068464482986,23.0
-1,-91.19517946148233,12.991952083333338,36.0,48.960000000000015,42.2351794614823,19.0
-1,-144.13039998639636,16.77250971296292,56.0,71.71200000000003,72.41839998639631,25.0
-1,-122.4021198745424,14.173226986111132,43.0,51.16800000000002,71.23411987454237,24.0
-1,-112.09840604425526,17.887996416666613,45.0,59.80800000000002,52.29040604425523,20.0
-1,-104.91330874239496,14.088661310185175,38.0,49.05600000000001,55.85730874239497,23.0
-1,-111.3322993637512,16.38774903703702,43.0,52.41600000000002,58.91629936375119,21.0
-1,-116.53274972029772,14.676317587962927,48.0,61.34400000000003,55.188749720297686,21.0
-1,-114.75281210807955,16.5081918472222,47.0,60.76800000000002,53.984812108079545,20.0
-1,-88.00125312330974,17.432337949074064,45.0,48.86400000000001,39.13725312330972,21.0
-1,-76.94338889459503,15.381790624999985,32.0,33.504000000000005,43.43938889459503,22.0
-1,-82.55351745841642,19.26096095833332,41.0,43.680000000000014,38.87351745841641,19.0
-1,-178.18873297574078,15.67888924074072,75.0,107.13600000000008,71.05273297574071,24.0
-1,-111.48194356669872,15.219195342592585,38.0,43.39200000000001,68.08994356669871,25.0
-1,-176.32001429658223,17.391521009259172,70.0,113.47200000000008,62.84801429658217,22.0
-1,-104.83883641913982,13.13534475000002,37.0,45.792000000000016,59.046836419139815,26.0
-1,-102.85115505791896,13.0348826388889,37.0,43.872000000000014,58.97915505791895,23.0
-1,-124.55128136868834,15.340634217592577,46.0,57.50400000000001,67.04728136868832,24.0
-1,-120.71099523325736,16.453902361111087,44.0,53.28000000000002,67.43099523325733,24.0
-1,-94.94884905118832,14.071583023148156,42.0,50.49600000000001,44.45284905118831,22.0
-1,-109.72395768435904,17.179958180555516,38.0,45.504000000000005,64.21995768435904,24.0
-1,-117.65862498411364,13.87402428703703,41.0,60.48000000000002,57.17862498411362,20.0
-1,-120.0231274779434,18.794880310185107,48.0,70.08000000000003,49.94312747794338,20.0
-1,-122.79593665333049,17.033391930555506,44.0,60.57600000000003,62.21993665333044,21.0
-1,-172.6838769729282,14.04701209722223,73.0,109.05600000000008,63.62787697292813,22.0
-1,-288.3296120053585,17.381263958333268,122.0,216.8640000000001,71.4656120053584,24.0
-1,-129.52996534015108,19.853767388888823,56.0,84.96000000000005,44.569965340151015,18.0
-1,-105.07026184586492,15.450829226851823,44.0,59.42400000000002,45.64626184586492,22.0
-1,-105.73493845290818,17.322732152777764,42.0,54.720000000000006,51.01493845290818,20.0
-1,-96.44885199149483,18.65372893518513,43.0,52.03200000000002,44.41685199149483,20.0
-1,-120.65555431012632,16.51474121296292,38.0,51.64800000000002,69.00755431012631,25.0
-1,-137.13512219056054,16.851271449074037,62.0,86.68800000000005,50.447122190560506,20.0
-1,-109.91009543577375,18.754918930555476,46.0,56.54400000000003,53.36609543577373,20.0
-1,-99.57931125308676,13.252088611111114,42.0,46.27200000000001,53.30731125308675,23.0
-1,-129.6654875412113,13.710182847222224,49.0,62.97600000000003,66.68948754121126,24.0
-1,-518.161362997758,22.842684282407248,222.0,429.5039999999984,88.6573629977597,27.0
-1,-115.1547782520706,13.694814027777776,46.0,58.65600000000003,56.49877825207056,23.0
-1,-96.58817376169664,18.31989472685181,45.0,52.99200000000002,43.59617376169664,17.0
-1,-96.15921753561264,15.646960745370365,35.0,38.112,58.047217535612646,21.0
-1,-164.35823059861863,14.701367467592569,52.0,88.03200000000004,76.3262305986186,25.0
-1,-134.99524534801554,15.63000920833332,54.0,70.36800000000004,64.62724534801552,24.0
-1,-93.06032133475148,14.243041291666666,38.0,49.728000000000016,43.33232133475148,20.0
-1,-94.36561445826224,11.867763199074084,33.0,39.36000000000001,55.00561445826223,24.0
-1,-80.08466151750221,20.346740685185143,39.0,41.37600000000001,38.70866151750219,17.0
-1,-90.52506780621545,16.83084555555552,41.0,45.984000000000016,44.54106780621542,21.0
-1,-107.5166448506324,16.22816814814813,42.0,50.20800000000002,57.30864485063238,23.0
-1,-149.6900357133698,12.048123875000002,56.0,78.72000000000004,70.97003571336975,27.0
-1,-100.5560980949337,13.040521819444438,41.0,50.592000000000006,49.964098094933696,23.0
-1,-128.13374893653605,15.746835037037023,44.0,65.37600000000003,62.75774893653603,23.0
-1,-102.11758688770266,13.128520763888876,45.0,59.52000000000002,42.59758688770263,23.0
-1,-145.0131996731523,20.84161288888881,63.0,85.92000000000004,59.09319967315224,19.0
-1,-118.70440963630446,17.860200865740673,39.0,52.03200000000002,66.67240963630445,23.0
-1,-164.4162087442858,26.259171490740616,71.0,111.26400000000008,53.15220874428574,16.0
-1,-87.4311580209658,11.986414162037043,31.0,36.57600000000001,50.8551580209658,22.0
-1,-116.60403154663672,19.227257435185138,54.0,61.72800000000004,54.87603154663668,20.0
-1,-81.69666093313484,14.98538335185185,36.0,37.824,43.872660933134846,19.0
-1,-120.6408995959251,16.638854629629563,39.0,58.17600000000002,62.46489959592508,23.0
-1,-370.4534902416133,22.80875844444434,160.0,311.80799999999954,58.64549024161373,18.0
-1,-101.79648473207092,11.359653523148152,37.0,50.20800000000001,51.58848473207091,25.0
-1,-81.53591153677218,18.04013012499995,37.0,44.832000000000015,36.70391153677216,18.0
-1,-110.57465884316797,13.203048634259256,39.0,50.304000000000016,60.27065884316794,25.0
-1,-105.17287645226054,15.742806504629613,47.0,57.12000000000002,48.05287645226053,20.0
-1,-101.71653442556736,17.292070412037003,43.0,49.15200000000001,52.564534425567366,21.0
-1,-87.6628732176998,13.948034277777785,30.0,38.11200000000001,49.55087321769979,22.0
-1,-72.55836126223312,15.007979953703694,34.0,34.464000000000006,38.09436126223312,20.0
-1,-114.10949790449295,15.768351120370353,45.0,56.736000000000026,57.37349790449294,23.0
-1,-109.88273187549446,17.288603421296262,41.0,41.95200000000001,67.93073187549444,20.0
-1,-116.72739154963476,17.93229461111106,55.0,74.68800000000003,42.03939154963471,17.0
-1,-103.47999468757352,10.728508120370376,36.0,45.60000000000001,57.8799946875735,25.0
-1,-96.94099485465856,13.314310481481458,37.0,47.04000000000002,49.90099485465854,24.0
-1,-146.98200369342564,16.85325902314809,54.0,70.46400000000003,76.51800369342561,24.0
-1,-276.94867212774875,17.88614771759251,121.0,204.9600000000001,71.98867212774864,23.0
-1,-99.44069945868075,17.84330542129624,38.0,52.80000000000002,46.64069945868074,20.0
-1,-99.5097310010299,14.77042331944446,34.0,36.28800000000001,63.22173100102989,23.0
-1,-117.8643186483614,14.193472222222187,44.0,51.07200000000002,66.79231864836139,25.0
-1,-111.81935529050762,19.634377805555506,49.0,54.04800000000002,57.77135529050759,20.0
-1,-124.50201347768844,15.655459967592575,59.0,80.73600000000003,43.76601347768841,19.0
-1,-108.47397443234551,14.617798310185162,36.0,44.92800000000001,63.54597443234552,25.0
-1,-99.16139994866592,13.524167675925906,32.0,40.70400000000001,58.45739994866592,22.0
-1,-123.81149655540425,13.565538342592577,42.0,53.95200000000002,69.85949655540422,27.0
-1,-116.14581254643352,17.773396189814747,44.0,56.35200000000002,59.79381254643352,21.0
-1,-107.60390576928124,16.079698722222222,34.0,41.28000000000001,66.32390576928123,22.0
-1,-113.72791528439107,20.919052078703672,57.0,64.22400000000002,49.50391528439108,22.0
-1,-88.76088292516864,13.095674046296276,37.0,45.792000000000016,42.96888292516863,21.0
-1,-99.34477247447688,19.72940929166662,47.0,58.94400000000002,40.40077247447687,15.0
-1,-67.78345147173209,12.541920703703727,26.0,24.576,43.20745147173209,23.0
-1,-115.55196197078592,15.202284388888868,49.0,55.39200000000002,60.1599619707859,26.0
-1,-102.50462388891802,14.765494527777763,39.0,45.024000000000015,57.480623888918,23.0
-1,-115.75733854127284,18.53366588425918,40.0,56.736000000000026,59.0213385412728,22.0
-1,-93.36456177917772,14.526338601851842,34.0,38.496,54.86856177917773,23.0
-1,-169.67605006089147,12.253057097222204,64.0,112.60800000000006,57.06805006089141,23.0
-1,-99.75695728430108,18.74762972685181,40.0,43.68000000000001,56.076957284301066,22.0
-1,-175.83136170131047,17.43003380092585,69.0,118.27200000000008,57.55936170131041,24.0
-1,-100.21661470630622,22.56042837962957,43.0,47.90400000000002,52.31261470630619,19.0
-1,-141.29642525421855,19.369155879629528,57.0,80.64000000000004,60.65642525421851,21.0
-1,-163.24968640614293,20.25571745370363,64.0,98.97600000000006,64.27368640614289,20.0
-1,-82.43822195617184,16.466256976851827,36.0,36.96000000000001,45.47822195617183,20.0
-1,-107.00099001608493,15.917685337962943,41.0,46.36800000000001,60.632990016084925,23.0
-1,-120.90654211234634,18.689972935185136,51.0,73.24800000000003,47.65854211234631,18.0
-1,-114.51665778422212,16.376640384259215,49.0,57.79200000000002,56.72465778422211,22.0
-1,-106.60750308133478,16.950321268518458,41.0,48.48000000000001,58.12750308133478,24.0
-1,-93.376057314313,16.10201702314815,37.0,41.08800000000001,52.28805731431299,19.0
-1,-123.9361752362648,15.734737925925907,48.0,58.56000000000002,65.37617523626477,26.0
-1,-168.14870836963422,13.557019958333298,68.0,99.74400000000006,68.40470836963418,24.0
-1,-204.94958432197117,13.2667205648148,77.0,135.45600000000007,69.49358432197106,26.0
-1,-89.11077249508628,16.834425648148123,35.0,36.96,52.15077249508629,22.0
-1,-99.50182812538986,16.65423881944444,39.0,41.47200000000001,58.029828125389855,21.0
-1,-103.58099654212428,17.36622308796294,40.0,38.592000000000006,64.98899654212426,25.0
-1,-100.18167419599382,14.885392699074073,33.0,42.33600000000001,57.8456741959938,24.0
-1,-116.29125315472965,14.03585619444442,48.0,58.75200000000003,57.53925315472962,23.0
-1,-116.612018207491,20.33102634259252,56.0,69.02400000000003,47.58801820749096,20.0
-1,-79.3350184722961,8.423426194444444,30.0,33.024,46.311018472296105,24.0
-1,-166.37576009329194,18.00311861111105,66.0,106.94400000000006,59.43176009329187,22.0
-1,-82.42329785119719,15.115724986111085,32.0,41.568000000000005,40.85529785119719,23.0
-1,-83.68367954302809,13.569667587962956,31.0,36.768,46.915679543028105,19.0
-1,-115.2747598865242,15.635530490740711,41.0,57.408000000000015,57.86675988652419,23.0
-1,-155.2134886406024,21.24482536574065,71.0,97.82400000000004,57.389488640602345,18.0
-1,-84.45507516727659,14.073551444444442,32.0,36.864,47.59107516727658,19.0
-1,-131.92335316774515,18.04858593981476,51.0,70.84800000000003,61.07535316774512,21.0
-1,-113.69347558025012,16.92633265740736,45.0,60.09600000000002,53.59747558025011,22.0
-1,-103.95926828825723,16.28241154166662,33.0,46.65600000000001,57.30326828825724,24.0
-1,-122.33761634843044,15.566999666666645,46.0,66.62400000000002,55.71361634843042,22.0
-1,-90.2237896061042,15.193036837962966,35.0,40.32000000000001,49.9037896061042,23.0
-1,-92.7938044222554,10.553519731481488,29.0,32.256,60.53780442225539,26.0
-1,-111.1330156607254,16.905358805555537,50.0,60.38400000000002,50.74901566072538,21.0
-1,-255.08849625707467,17.294494092592526,101.0,168.5760000000001,86.51249625707456,28.0
-1,-114.77659870459628,19.192566800925896,53.0,62.59200000000001,52.184598704596254,20.0
-1,-127.1665703919873,19.187356703703625,55.0,69.79200000000003,57.37457039198728,22.0
-1,-91.27245816514086,13.50523031481482,37.0,41.280000000000015,49.992458165140846,19.0
-1,-143.5535675327814,20.978594523148058,63.0,82.36800000000004,61.18556753278139,20.0
-1,-142.53765607171036,16.094907199074033,61.0,94.94400000000006,47.59365607171029,19.0
-1,-143.63519976644244,16.871812092592535,60.0,88.99200000000005,54.64319976644238,21.0
-1,-146.642741821051,15.876066361111093,47.0,68.25600000000003,78.38674182105098,25.0
-1,-171.94951016501756,16.659043231481434,66.0,96.48000000000005,75.4695101650175,25.0
-1,-134.24712814664576,14.856463791666638,54.0,80.16000000000004,54.08712814664571,23.0
-1,-124.17088190169645,22.186162689814758,59.0,71.80800000000002,52.36288190169641,18.0
-1,-112.2421692642134,14.23390152314814,36.0,42.04800000000001,70.19416926421339,25.0
-1,-108.82899258243752,17.233745615740673,42.0,48.48000000000001,60.34899258243751,23.0
-1,-121.2727319391024,8.62667885648148,36.0,49.24800000000002,72.02473193910238,26.0
-1,-79.84250675737671,18.96691083333332,41.0,42.04800000000001,37.7945067573767,17.0
-1,-153.26860164824686,19.85120975925916,67.0,93.40800000000004,59.86060164824682,22.0
-1,-97.09922276725229,13.2964949861111,39.0,50.88000000000002,46.21922276725228,25.0
-1,-104.50613156022558,13.654982847222216,35.0,42.81600000000001,61.690131560225566,25.0
-1,-123.09328246883068,19.84621663888882,51.0,77.66400000000003,45.42928246883063,20.0
-1,-90.6664078615307,15.359809152777745,40.0,43.00800000000001,47.6584078615307,24.0
-1,-189.14976294742127,19.11451955092581,78.0,113.66400000000009,75.48576294742124,24.0
-1,-91.5253386432619,13.851549972222204,39.0,46.080000000000005,45.4453386432619,22.0
-1,-110.83304590475156,18.12685316203699,44.0,56.544000000000025,54.289045904751546,21.0
-1,-115.35106331294114,16.15254926388886,48.0,66.43200000000003,48.91906331294111,22.0
-1,-108.7411842133264,21.86038383333328,48.0,57.02400000000002,51.71718421332638,19.0
-1,-118.63693151712326,16.20450614351849,40.0,51.74400000000002,66.89293151712324,23.0
-1,-100.29047234877687,19.838383791666608,44.0,51.936000000000014,48.35447234877687,17.0
-1,-116.48478358431754,16.795573976851813,47.0,56.73600000000001,59.74878358431753,21.0
-1,-102.85019651674624,18.00873581944442,44.0,51.45600000000002,51.39419651674622,22.0
-1,-96.5303361497892,11.220594754629644,38.0,43.104000000000006,53.42633614978919,22.0
-1,-109.55531770381384,15.639508129629624,40.0,48.96000000000001,60.59531770381383,23.0
-1,-104.80231670338486,14.840868842592576,43.0,61.15200000000002,43.65031670338483,20.0
-1,-99.94188128084812,13.562967703703704,42.0,48.384000000000015,51.55788128084812,24.0
-1,-99.61991404945732,21.715328657407344,47.0,52.12800000000002,47.491914049457286,20.0
-1,-86.77305378173725,16.983036782407417,35.0,44.35200000000001,42.42105378173723,18.0
-1,-97.43128092467428,13.421345250000014,30.0,35.424,62.00728092467427,24.0
-1,-122.60324814503892,13.20242359722222,41.0,52.512000000000015,70.09124814503892,25.0
-1,-118.31521328025316,18.28138481018513,46.0,58.36800000000002,59.94721328025313,21.0
-1,-96.39036094245364,21.25632396759253,46.0,48.576000000000015,47.81436094245362,20.0
-1,-103.3864199190966,18.376498754629598,40.0,42.33600000000001,61.05041991909658,24.0
-1,-109.89737809298096,16.736093157407385,37.0,45.79200000000001,64.10537809298096,21.0
-1,-97.78616800859132,13.75888619444444,42.0,54.04800000000002,43.73816800859129,21.0
-1,-89.47460214568564,18.382471064814748,40.0,44.54400000000001,44.930602145685626,19.0
-1,-114.39098184634804,17.749548972222144,49.0,65.56800000000003,48.82298184634802,24.0
-1,-87.13657874477016,12.554295097222225,36.0,39.36000000000001,47.77657874477016,23.0
-1,-120.0227942144022,20.329990907407343,43.0,57.88800000000003,62.13479421440218,20.0
-1,-281.49149966878804,17.647307217592527,127.0,210.9120000000001,70.57949966878789,22.0
-1,-137.65972575537322,14.659323509259238,46.0,69.31200000000003,68.34772575537319,25.0
-1,-104.47438288145833,19.61498570370365,48.0,51.936000000000014,52.53838288145831,20.0
-1,-109.34811301251094,17.636223425925877,44.0,50.496000000000016,58.85211301251091,22.0
-1,-129.94741580033946,15.233129342592566,46.0,67.00800000000002,62.93941580033942,22.0
-1,-106.98260473243772,19.29701324537032,47.0,55.87200000000003,51.110604732437686,21.0
-1,-163.91653970549697,19.92366244907401,69.0,94.27200000000003,69.64453970549694,22.0
-1,-113.66174052117614,13.69431156481481,37.0,47.32800000000001,66.33374052117613,24.0
-1,-111.31442665025202,15.392318537037037,47.0,55.96800000000002,55.346426650252,22.0
-1,-87.19551004287794,10.31189500925926,27.0,33.12,54.07551004287794,25.0
-1,-126.16602814784466,15.058778990740732,43.0,55.87200000000002,70.29402814784464,24.0
-1,-155.62701876767932,19.96722287037024,56.0,86.30400000000004,69.32301876767926,24.0
-1,-109.97294139409912,17.842190675925888,46.0,53.664000000000016,56.30894139409909,23.0
-1,-119.31809605307244,14.110987407407398,40.0,52.41600000000002,66.90209605307244,24.0
-1,-104.7694645728264,12.469262782407396,42.0,56.64000000000002,48.129464572826365,24.0
-1,-67.13270584607201,13.104246370370369,34.0,36.288,30.84470584607201,19.0
-1,-102.4942937174155,13.805767939814809,41.0,45.120000000000005,57.37429371741549,24.0
-1,-131.581158092802,15.882777240740715,45.0,66.72000000000003,64.861158092802,26.0
-1,-127.17574695541845,16.794196569444413,44.0,64.12800000000003,63.04774695541842,24.0
-1,-105.6208440369259,15.954833162037028,41.0,50.49600000000001,55.12484403692589,23.0
-1,-121.84136435707497,18.900464120370312,45.0,62.59200000000003,59.24936435707493,20.0
-1,-100.33483229346294,17.708137708333318,34.0,37.056,63.27883229346293,21.0
-1,-133.3934079481059,15.142981624999988,46.0,64.12800000000003,69.26540794810589,24.0
-1,-81.42213593431103,13.995759263888871,35.0,42.62400000000001,38.79813593431102,20.0
-1,-135.7930958345728,15.071515472222206,50.0,68.73600000000003,67.05709583457276,24.0
-1,-115.13248432261808,17.11448521296291,50.0,62.40000000000003,52.732484322618056,23.0
-1,-91.59300414348016,19.41036466666661,41.0,50.49600000000001,41.09700414348015,17.0
-1,-117.32027286043385,16.08580956481481,43.0,52.80000000000001,64.52027286043383,23.0
-1,-103.161474718512,16.075002138888866,42.0,50.97600000000002,52.185474718512,22.0
-1,-128.7738677905511,22.574207754629505,53.0,67.77600000000002,60.997867790551055,20.0
-1,-143.1959824972579,17.52209515740737,57.0,75.84000000000003,67.35598249725786,23.0
-1,-81.98742406231261,15.176953731481484,37.0,49.24800000000002,32.7394240623126,17.0
-1,-139.74830407235345,12.237295777777774,41.0,63.648000000000025,76.10030407235341,26.0
-1,-131.82349897301185,19.166780037036947,50.0,61.15200000000002,70.67149897301184,25.0
-1,-112.673004200689,22.995723708333237,44.0,57.98400000000002,54.68900420068898,20.0
-1,-86.70434564494815,16.967243504629597,43.0,51.74400000000001,34.960345644948134,18.0
-1,-92.23484005749808,24.747477541666584,45.0,46.08000000000002,46.154840057498056,17.0
-1,-135.38679631333193,19.70275150925916,51.0,65.66400000000003,69.7227963133319,23.0
-1,-153.81878301640268,14.189509069444403,55.0,78.81600000000005,75.00278301640262,25.0
-1,-95.00880912602364,14.567074597222202,37.0,43.29600000000001,51.71280912602364,25.0
-1,-115.6787498413299,14.158480694444426,35.0,52.80000000000001,62.8787498413299,25.0
-1,-98.95848767992632,12.205390166666678,33.0,35.52,63.43848767992631,25.0
-1,-104.01655884820904,17.040957745370324,37.0,49.82400000000002,54.19255884820903,19.0
-1,-96.08699625477723,19.35592439351848,45.0,51.45600000000002,44.630996254777216,19.0
-1,-89.86401215484011,14.425461745370349,42.0,54.62400000000002,35.240012154840095,19.0
-1,-80.21098085360313,14.785210138888887,33.0,37.056,43.15498085360312,22.0
-1,-108.02614403008776,15.763577467592564,40.0,52.512000000000015,55.514144030087735,23.0
-1,-94.59163856296308,16.111494101851818,40.0,48.48000000000001,46.111638562963066,21.0
-1,-80.11809926894577,12.809301638888892,31.0,32.54400000000001,47.57409926894576,21.0
-1,-110.09524433698812,13.5948258148148,39.0,50.59200000000002,59.50324433698811,24.0
-1,-200.1562215436024,16.265305499999958,74.0,127.96800000000007,72.18822154360231,25.0
-1,-108.6828183251188,10.401424296296328,37.0,52.03200000000001,56.6508183251188,27.0
-1,-128.53868143852802,17.550610037037007,61.0,76.12800000000004,52.41068143852797,19.0
-1,-135.2470792404384,13.297529856481471,44.0,57.216000000000015,78.0310792404384,25.0
-1,-127.0305429585516,18.453619069444372,51.0,75.26400000000004,51.76654295855157,21.0
-1,-120.43600437813396,14.231921879629606,45.0,67.29600000000002,53.14000437813393,23.0
-1,-116.1931885893089,16.227373037037015,44.0,57.600000000000016,58.593188589308895,23.0
-1,-128.97257332486376,23.219125074074004,57.0,68.73600000000003,60.23657332486373,19.0
-1,-128.5360859015173,19.25372066666657,51.0,59.32800000000002,69.20808590151728,23.0
-1,-116.10033027981385,21.831810416666592,57.0,68.64000000000003,47.4603302798138,17.0
-1,-115.92745473860649,15.161493319444428,40.0,51.55200000000002,64.37545473860645,22.0
-1,-83.15994962763469,11.722789777777786,31.0,38.784,44.3759496276347,24.0
-1,-140.35160775128622,15.033120944444429,57.0,79.29600000000005,61.05560775128616,24.0
-1,-105.86370175699834,14.533406041666664,46.0,57.120000000000026,48.74370175699831,23.0
-1,-121.6110834759006,20.934826518518395,49.0,68.64000000000003,52.97108347590056,19.0
-1,-83.72629797177846,23.47972535185182,50.0,46.84800000000001,36.87829797177845,16.0
-1,-104.57257603013166,14.222547277777792,49.0,58.94400000000002,45.62857603013164,22.0
-1,-108.52454779615913,11.078821152777788,36.0,45.120000000000005,63.4045477961591,24.0
-1,-104.27439817036635,18.89230545833331,46.0,53.472000000000016,50.80239817036635,17.0
-1,-196.20897334761224,15.222523314814785,70.0,119.42400000000008,76.78497334761217,24.0
-1,-95.58645788257132,12.655298009259257,28.0,36.096,59.49045788257132,24.0
-1,-127.03937921804368,17.20559468055547,44.0,63.55200000000003,63.487379218043664,21.0
-1,-88.17045939582718,18.06254486111109,36.0,35.52,52.65045939582717,20.0
-1,-116.95330595619414,17.28211214814807,44.0,61.53600000000003,55.41730595619411,21.0
-1,-115.22699936262164,13.2696735648148,41.0,59.80800000000002,55.4189993626216,23.0
-1,-90.11038877880426,16.58007396759256,35.0,46.27200000000001,43.83838877880425,21.0
-1,-142.23530901462976,20.451386532407305,58.0,87.16800000000005,55.06730901462973,23.0
-1,-78.89067225184341,17.259092314814776,41.0,45.984,32.90667225184341,20.0
-1,-103.57972015182337,16.14159449999996,43.0,57.408000000000015,46.17172015182335,23.0
-1,-124.538796049759,18.7081835138888,44.0,55.58400000000002,68.95479604975898,22.0
-1,-113.4334079308492,16.27845109259255,40.0,53.664000000000016,59.769407930849184,24.0
-1,-74.88207409701542,9.592604319444456,27.0,33.983999999999995,40.89807409701542,23.0
-1,-97.38749966214718,17.68426651388887,39.0,43.00800000000001,54.379499662147175,16.0
-1,-103.33808288111776,15.670465347222196,34.0,47.90400000000001,55.43408288111776,25.0
-1,-112.023784739655,13.156263819444444,46.0,59.904000000000025,52.11978473965498,21.0
-1,-154.43493815155347,14.06487828240738,52.0,80.92800000000004,73.50693815155344,25.0
-1,-95.86341661912084,13.201974078703705,40.0,41.760000000000005,54.10341661912084,25.0
-1,-95.8616707705214,9.451488828703734,31.0,35.904,59.95767077052139,25.0
-1,-123.97976373323876,16.22016276388886,49.0,66.43200000000003,57.54776373323874,22.0
-1,-89.37901415478119,15.206004504629602,41.0,53.568000000000026,35.81101415478116,20.0
-1,-98.68859163818227,15.250818587962952,39.0,47.71200000000002,50.976591638182256,22.0
-1,-100.07342944902211,14.868195949074048,34.0,44.448000000000015,55.6254294490221,25.0
-1,-82.64190367210227,11.732985384259257,28.0,34.368,48.27390367210228,25.0
-1,-90.10891617215528,17.531885384259215,41.0,49.24800000000001,40.86091617215528,20.0
-1,-85.1398219178415,16.45624649999998,40.0,47.424000000000014,37.71582191784149,15.0
-1,-96.87062419704068,21.494950560185156,48.0,52.12800000000002,44.742624197040655,19.0
-1,-106.25670208463514,19.55036936574068,42.0,47.13600000000002,59.12070208463512,23.0
-1,-94.97239639709488,16.491720175925895,41.0,49.920000000000016,45.05239639709487,21.0
-1,-84.99956004448818,13.82942459259258,31.0,41.952000000000005,43.04756004448817,22.0
-1,-106.45055461272452,18.34913881018516,45.0,53.47200000000002,52.978554612724494,22.0
-1,-135.53448261726734,17.746951291666615,55.0,70.56000000000003,64.97448261726731,22.0
-1,-125.32900687782512,11.47438754166667,38.0,53.18400000000002,72.14500687782511,24.0
-1,-102.7877603938263,8.220202064814815,33.0,49.536000000000016,53.25176039382629,28.0
-1,-85.38845768811133,14.429153032407376,37.0,50.59200000000001,34.79645768811132,18.0
-1,-147.20657449631767,11.970986004629616,53.0,75.07200000000003,72.13457449631763,27.0
-1,-84.62223493062763,12.847590324074067,28.0,33.888000000000005,50.73423493062762,22.0
-1,-114.86084393693692,15.687679712962938,44.0,58.56000000000002,56.300843936936914,23.0
-1,-119.24181284307495,18.315964120370307,46.0,51.45600000000002,67.78581284307495,21.0
-1,-110.46904462343107,14.573524523148157,42.0,53.28000000000002,57.18904462343105,23.0
-1,-124.59401253101282,19.154698888888834,47.0,62.30400000000002,62.29001253101279,20.0
-1,-88.28535568116051,15.326279569444434,36.0,48.960000000000015,39.325355681160495,22.0
-1,-110.63775774860876,19.419824259259183,46.0,58.27200000000002,52.365757748608736,21.0
-1,-88.23113075982945,19.20391575925923,38.0,47.616000000000014,40.61513075982944,20.0
-1,-146.91891082447816,18.12412189351846,57.0,78.91200000000003,68.00691082447813,24.0
-1,-76.83008990894271,15.914073310185158,33.0,34.848000000000006,41.9820899089427,21.0
-1,-98.16575522194348,12.329968462962968,35.0,48.384000000000015,49.78175522194346,23.0
-1,-110.7532447775109,14.350176962962944,34.0,47.232000000000006,63.52124477751089,23.0
-1,-127.33404767099728,16.499362462962953,53.0,71.04000000000003,56.29404767099725,23.0
-1,-101.31963358362516,13.09245795833333,35.0,44.92800000000001,56.39163358362514,24.0
-1,-99.4626502441412,13.014632333333346,32.0,38.30400000000001,61.15865024414119,24.0
-1,-110.544676352618,15.039464759259246,34.0,44.64000000000001,65.904676352618,24.0
-1,-97.96750617752772,13.579947810185182,39.0,43.2,54.76750617752773,25.0
-1,-93.96106498678634,13.044525601851836,45.0,58.75200000000002,35.20906498678632,19.0
-1,-108.6281345729726,13.74540099537036,45.0,55.87200000000003,52.75613457297257,22.0
-1,-122.33058861619948,16.41503536574073,49.0,56.92800000000003,65.40258861619945,22.0
-1,-117.10175863220914,16.477355643518482,44.0,62.112000000000016,54.98975863220912,20.0
-1,-155.1121890686954,18.61435631481472,62.0,90.62400000000004,64.48818906869535,21.0
-1,-173.58715366758094,15.0160117546296,66.0,101.56800000000004,72.01915366758087,24.0
-1,-88.50202065393955,10.57635545833334,33.0,48.000000000000014,40.50202065393953,22.0
-1,-128.6070670200454,15.183197620370356,43.0,56.06400000000002,72.5430670200454,25.0
-1,-83.01589004857539,18.63714163888886,33.0,37.248,45.7678900485754,22.0
-1,-94.34600099569197,18.262670138888872,38.0,45.02400000000001,49.32200099569196,20.0
-1,-94.07632440443996,11.443975787037028,37.0,53.66400000000001,40.41232440443996,21.0
-1,-97.45169420569982,16.080553990740707,37.0,51.360000000000014,46.0916942056998,20.0
-1,-137.425403060146,22.364760083333245,63.0,85.15200000000004,52.27340306014597,18.0
-1,-104.89027738850405,18.184879064814783,38.0,45.21600000000001,59.67427738850403,22.0
-1,-84.72380144271546,14.087952819444444,38.0,44.064000000000014,40.65980144271544,20.0
-1,-101.53191293914028,18.56342637499996,51.0,55.872000000000014,45.65991293914027,20.0
-1,-127.0738954907494,16.12375949999998,61.0,75.36000000000004,51.71389549074935,21.0
-1,-106.65141759438384,14.360771898148146,43.0,57.79200000000002,48.85941759438383,22.0
-1,-86.38241175407241,11.813057513888896,23.0,33.983999999999995,52.39841175407241,21.0
-1,-97.00607464558448,15.467775907407392,40.0,43.96800000000001,53.03807464558447,24.0
-1,-95.67275824141892,22.05447401851849,45.0,43.39200000000001,52.28075824141891,17.0
-1,-94.20490786103532,14.76088130555552,40.0,43.68000000000001,50.52490786103532,24.0
-1,-105.44383844034786,12.687765666666662,32.0,39.84000000000001,65.60383844034786,25.0
-1,-99.22066959407886,15.067966976851835,36.0,44.928,54.29266959407886,23.0
-1,-95.3550343216067,12.999312013888884,32.0,43.58400000000001,51.77103432160668,25.0
-1,-92.54799338284246,12.4682377962963,26.0,29.472000000000005,63.075993382842455,22.0
-1,-113.56426796120788,20.52374129629624,48.0,62.30400000000003,51.26026796120785,19.0
-1,-117.9567232442698,14.889788925925927,45.0,54.240000000000016,63.71672324426977,23.0
-1,-122.15726438669526,19.05064407407402,55.0,71.80800000000004,50.349264386695225,21.0
-1,-96.66997288636225,12.114570736111098,39.0,49.536000000000016,47.13397288636223,24.0
-1,-118.24373020707984,17.130342481481424,48.0,64.03200000000002,54.21173020707983,22.0
-1,-193.79008952632412,16.838798342592547,88.0,145.82400000000007,47.96608952632408,18.0
-1,-103.86351401474644,12.989804949074072,33.0,41.376000000000005,62.48751401474643,26.0
-1,-78.64047440968918,10.667789689814825,34.0,40.80000000000001,37.84047440968916,21.0
-1,-93.6531595138436,18.214699685185163,42.0,49.63200000000001,44.02115951384359,17.0
-1,-105.92712767103644,12.798866342592596,35.0,45.12000000000002,60.80712767103641,23.0
-1,-90.96345947180916,15.68934529166665,40.0,46.176000000000016,44.78745947180915,22.0
-1,-87.68243702257541,14.452351537037034,36.0,42.81600000000001,44.86643702257541,20.0
-1,-114.5687878069248,13.7439537546296,44.0,54.52800000000002,60.04078780692477,23.0
-1,-105.48955585894949,11.400835805555552,39.0,51.45600000000002,54.03355585894945,26.0
-1,-100.65168660148656,19.67478389351846,48.0,59.61600000000003,41.035686601486525,19.0
-1,-104.3810686638558,13.197522458333324,42.0,56.54400000000002,47.8370686638558,21.0
-1,-105.86930657503548,12.585859217592592,35.0,47.13600000000002,58.733306575035456,27.0
-1,-165.63848725029067,12.959700324074069,61.0,100.22400000000005,65.41448725029062,24.0
-1,-108.4841094925889,15.430897851851846,36.0,45.600000000000016,62.88410949258888,24.0
-1,-89.056418155632,14.42816142129628,41.0,53.18400000000002,35.87241815563199,16.0
-1,-102.32899258784175,13.615247814814817,29.0,34.272000000000006,68.05699258784175,24.0
-1,-124.1516478415686,17.987055671296233,51.0,70.08000000000003,54.07164784156858,23.0
-1,-88.63968680882944,13.055614574074072,34.0,42.14399999999999,46.49568680882945,23.0
-1,-122.79066005220376,16.58730857870364,45.0,65.56800000000003,57.22266005220373,21.0
-1,-149.10124853614172,13.74078917592592,52.0,84.38400000000004,64.7172485361417,21.0
-1,-107.45505100110157,18.59264265277773,36.0,49.920000000000016,57.535051001101536,21.0
-1,-121.09222333030294,13.21388049537036,37.0,52.99200000000001,68.10022333030294,26.0
-1,-83.80831237927913,12.928564666666675,28.0,32.736000000000004,51.072312379279126,23.0
-1,-92.99876467190596,12.775783791666674,40.0,51.84000000000001,41.15876467190596,21.0
-1,-109.22555407239412,21.70230636574067,51.0,63.55200000000002,45.67355407239409,17.0
-1,-102.19674617303674,12.46057074074074,32.0,45.31200000000001,56.88474617303673,26.0
-1,-98.17600239055668,17.956347458333305,43.0,53.37600000000002,44.80000239055665,18.0
-1,-138.73119317844476,11.923391,51.0,69.40800000000003,69.32319317844471,25.0
-1,-125.8292077851118,17.749105898148102,48.0,63.648000000000025,62.18120778511179,21.0
-1,-107.426501918532,15.338737712962947,41.0,51.16800000000001,56.258501918532005,23.0
-1,-114.660857974239,17.93265337499993,44.0,59.61600000000003,55.04485797423899,21.0
-1,-147.99758443906518,19.70744119907401,70.0,99.26400000000004,48.73358443906512,19.0
-1,-89.42426387830764,11.164873333333327,27.0,32.832,56.59226387830765,25.0
-1,-102.62649080884697,16.046315583333325,45.0,52.320000000000014,50.30649080884695,22.0
-1,-100.04737688416652,16.26878387499996,37.0,50.400000000000006,49.64737688416652,21.0
-1,-91.91374993753963,15.396287120370356,35.0,46.176,45.73774993753965,21.0
-1,-94.18561716672792,18.14961321296293,38.0,38.592000000000006,55.59361716672791,20.0
-1,-104.5476200804593,15.722215907407406,42.0,50.40000000000001,54.14762008045928,20.0
-1,-124.00155802830632,12.6773601574074,42.0,57.98400000000002,66.0175580283063,24.0
-1,-130.50908925728666,17.370479134259213,55.0,72.86400000000003,57.64508925728662,24.0
-1,-79.53329100377731,16.211671412037024,34.0,36.672,42.8612910037773,18.0
-1,-126.38386406352488,17.060739194444412,49.0,61.82400000000003,64.55986406352484,26.0
-1,-139.1702751737161,13.61830143518517,53.0,74.59200000000003,64.57827517371608,24.0
-1,-113.044692667477,14.867836226851844,39.0,53.472000000000016,59.572692667476986,24.0
-1,-123.9854395394866,11.901838402777786,42.0,56.256000000000014,67.72943953948658,25.0
-1,-84.8940672364484,12.989569009259249,28.0,33.12,51.7740672364484,25.0
-1,-137.2288315611345,20.06006983796289,53.0,70.84800000000003,66.38083156113449,21.0
-1,-108.94682276389676,22.128190444444392,52.0,62.40000000000003,46.54682276389674,17.0
-1,-147.4552674852198,13.654475083333317,48.0,67.10400000000003,80.35126748521975,26.0
-1,-105.77200461764224,16.459745564814792,40.0,45.888000000000005,59.88400461764223,22.0
-1,-117.73005077138106,13.601927550925907,42.0,54.04800000000002,63.68205077138104,25.0
-1,-89.26040525769486,14.390471268518498,31.0,45.504000000000005,43.75640525769486,23.0
-1,-77.21216339876679,14.955798435185176,35.0,38.68800000000002,38.52416339876677,19.0
-1,-110.0061781135243,15.647482773148145,37.0,42.720000000000006,67.28617811352429,25.0
-1,-117.80876853700266,11.074853518518518,42.0,57.60000000000002,60.20876853700265,28.0
-1,-117.4044579973939,13.79729737962962,41.0,53.47200000000002,63.93245799739389,23.0
-1,-97.4960556262769,21.214095013888844,40.0,48.096,49.40005562627689,18.0
-1,-104.74669403423624,18.532613949074022,54.0,57.50400000000002,47.24269403423622,24.0
-1,-87.22483041811384,12.771264300925909,45.0,49.152000000000015,38.07283041811383,25.0
-1,-115.62419229516024,23.540945162036945,52.0,62.59200000000003,53.03219229516021,18.0
-1,-129.18316221680266,16.068393569444403,41.0,55.00800000000002,74.17516221680262,24.0
-1,-95.22115743837628,18.32022634259256,44.0,48.00000000000001,47.22115743837627,20.0
-1,-100.01151120157276,14.526617814814824,38.0,42.432,57.57951120157277,20.0
-1,-114.3660518123032,19.9170384444444,46.0,63.84000000000003,50.526051812303166,15.0
-1,-168.54867924507747,18.74377480092585,61.0,105.98400000000008,62.56467924507741,23.0
-1,-96.39194698518116,15.758111175925908,35.0,39.456,56.93594698518115,24.0
-1,-102.5115888964264,15.32338518518516,38.0,51.360000000000014,51.15158889642638,24.0
-1,-120.62502971804616,19.223450189814763,52.0,65.66400000000003,54.96102971804612,19.0
-1,-107.4018124617904,18.68161520833329,41.0,45.50400000000001,61.8978124617904,22.0
-1,-92.41568512809032,15.64997106018516,31.0,37.824000000000005,54.59168512809031,21.0
-1,-88.89583115912677,17.586824810185167,58.0,62.30400000000002,26.591831159126748,18.0
-1,-94.55437077987872,13.453896476851858,41.0,51.84000000000001,42.71437077987872,22.0
-1,-104.45633364465144,23.725006379629576,49.0,53.95200000000002,50.50433364465142,16.0
-1,-86.87740090780548,14.755114689814828,30.0,34.176,52.701400907805485,22.0
-1,-89.96374229332373,13.519401560185182,42.0,53.856000000000016,36.10774229332372,19.0
-1,-110.34487182687138,12.211466425925927,37.0,55.10400000000002,55.24087182687136,23.0
-1,-116.86294831163468,19.61813675925921,52.0,57.21600000000003,59.64694831163466,21.0
-1,-108.8540115510327,19.61607340740738,51.0,65.47200000000002,43.38201155103268,20.0
-1,-87.2214956303792,13.975343310185172,37.0,41.280000000000015,45.94149563037918,19.0
-1,-143.48958835604182,19.90793511574068,61.0,89.56800000000005,53.921588356041774,18.0
-1,-87.89634540463203,12.117246615740743,31.0,41.08800000000001,46.808345404632014,24.0
-1,-115.88675411588848,21.1432172731481,49.0,52.32000000000002,63.56675411588846,19.0
-1,-84.71367184570971,11.548478657407408,29.0,37.728,46.98567184570972,24.0
-1,-107.42381712903506,20.04035465277773,53.0,65.18400000000003,42.23981712903503,15.0
-1,-128.1893561900249,19.237252828703625,51.0,70.17600000000003,58.01335619002488,22.0
-1,-74.20480636545902,13.27366662962963,32.0,42.528000000000006,31.67680636545901,18.0
-1,-275.6915893975412,16.631149087962914,118.0,199.77600000000007,75.91558939754105,24.0
-1,-95.15526866335584,20.335864087962925,41.0,48.09600000000002,47.05926866335582,19.0
-1,-75.0354582448628,14.269944231481478,39.0,45.88800000000001,29.147458244862783,19.0
-1,-118.9217164614117,14.567202624999974,44.0,56.256000000000014,62.66571646141168,28.0
-1,-149.47845918165845,13.959019564814808,48.0,75.26400000000002,74.21445918165843,25.0
-1,-98.36736536753553,14.28457018055555,41.0,48.960000000000015,49.40736536753551,24.0
-1,-73.37215731910166,15.340209490740753,30.0,36.576,36.79615731910167,16.0
-1,-108.31490058470187,14.394670689814792,37.0,46.08000000000001,62.23490058470186,25.0
-1,-83.50878295905798,18.1604659768518,38.0,40.8,42.708782959057984,19.0
-1,-120.2528114048756,15.2273351574074,40.0,55.00800000000002,65.24481140487556,21.0
-1,-115.70746636181572,9.859587092592609,31.0,40.608,75.09946636181571,26.0
-1,-110.83749007127948,11.822629111111103,41.0,51.744000000000014,59.09349007127947,26.0
-1,-128.05341124461,12.232522050925937,40.0,54.048000000000016,74.00541124461,26.0
-1,-121.63155392529674,17.341445648148092,45.0,62.30400000000002,59.32755392529671,20.0
-1,-112.4007737466709,16.66139066666664,51.0,66.04800000000002,46.35277374667088,22.0
-1,-102.22941660977764,17.975884578703692,48.0,52.41600000000001,49.81341660977764,20.0
-1,-103.03618583476492,17.663712453703702,42.0,47.90400000000002,55.1321858347649,19.0
-1,-125.640684734584,14.962949453703676,51.0,78.24000000000004,47.40068473458396,19.0
-1,-109.88980096238518,16.72006762037035,41.0,56.92800000000002,52.96180096238516,20.0
-1,-111.28444349328376,15.53954718518516,50.0,64.80000000000003,46.48444349328373,23.0
-1,-102.46278997516674,12.012493865740751,35.0,47.040000000000006,55.42278997516674,25.0
-1,-115.2852961403242,15.50030252777776,48.0,58.65600000000003,56.62929614032416,21.0
-1,-104.6150039563024,17.745508726851817,45.0,54.14400000000002,50.471003956302376,20.0
-1,-130.93710738078954,13.579129259259236,58.0,85.63200000000003,45.30510738078949,22.0
-1,-129.873169570553,15.297157319444432,45.0,68.64000000000003,61.23316957055295,24.0
-1,-78.41866482970559,13.709298587962952,29.0,40.12800000000001,38.290664829705584,19.0
-1,-93.37884135071056,18.772515699074056,38.0,46.27200000000001,47.10684135071056,19.0
-1,-127.423921806306,13.80770356481479,51.0,69.40800000000003,58.01592180630597,25.0
-1,-102.47760215765842,19.58899256481477,50.0,53.56800000000001,48.909602157658405,20.0
-1,-91.36436911809368,14.694731893518494,32.0,38.400000000000006,52.96436911809368,23.0
-1,-85.5452996311783,15.18699594907407,34.0,44.640000000000015,40.90529963117829,20.0
-1,-111.80070196899314,11.991264962962957,46.0,60.864000000000026,50.93670196899312,22.0
-1,-95.50514480024262,14.056766300925904,38.0,48.86400000000002,46.6411448002426,24.0
-1,-98.13384638419112,16.91349844907404,43.0,52.128000000000014,46.00584638419111,20.0
-1,-109.69753467902235,16.680821097222186,44.0,57.69600000000002,52.001534679022335,22.0
-1,-88.18764992528745,16.442702407407413,37.0,42.62400000000002,45.56364992528742,20.0
-1,-109.09449281028732,19.50420803240737,45.0,52.320000000000014,56.77449281028733,21.0
-1,-128.8094575170841,18.034317472222163,45.0,66.62400000000002,62.18545751708408,21.0
-1,-121.03779942280536,19.192665888888826,60.0,70.75200000000002,50.285799422805326,23.0
-1,-102.60132875950865,15.67788583333332,40.0,46.56000000000002,56.04132875950863,20.0
-1,-130.64560370425,19.05712031944436,57.0,76.70400000000004,53.94160370424997,20.0
-1,-104.13517092701824,18.75932362037032,50.0,59.13600000000002,44.99917092701821,22.0
-1,-94.78405062244263,20.947860291666625,41.0,47.13600000000001,47.64805062244263,17.0
-1,-84.13867637431628,22.41193322222218,48.0,53.76000000000003,30.37867637431624,13.0
-1,-104.87248697115233,13.93703439351849,38.0,47.90400000000001,56.9684869711523,25.0
-1,-91.45228916527348,15.618061564814802,38.0,44.73600000000002,46.716289165273466,22.0
-1,-94.23410047830124,12.992310874999996,35.0,41.952000000000005,52.28210047830122,25.0
-1,-124.07857692376504,15.4163923148148,43.0,59.13600000000003,64.94257692376502,23.0
-1,-78.47886599939034,17.01323711111109,38.0,44.16000000000001,34.31886599939033,21.0
-1,-82.8513335339124,17.161480018518485,34.0,44.736,38.1153335339124,19.0
-1,-195.86177939980612,17.09123078240733,79.0,139.1040000000001,56.75777939980605,24.0
-1,-89.45222830301438,15.55857517129629,39.0,40.992,48.460228303014375,22.0
-1,-140.90259702786682,13.297192134259252,47.0,71.13600000000004,69.76659702786677,23.0
-1,-72.58339261259663,13.55544787962961,32.0,37.632000000000005,34.95139261259662,19.0
-1,-79.18173223579768,14.110331087962958,41.0,48.28800000000001,30.89373223579767,18.0
-1,-113.6371744004718,21.037318939814725,48.0,63.26400000000003,50.373174400471775,16.0
-1,-101.58892565178286,16.13102322685182,47.0,52.32000000000002,49.26892565178285,20.0
-1,-117.39448704531762,13.463210981481463,46.0,58.65600000000003,58.7384870453176,25.0
-1,-68.27692218687972,13.56567322222222,31.0,36.96,31.316922186879708,17.0
-1,-113.4578365526106,18.014036263888844,50.0,64.03200000000002,49.42583655261057,22.0
-1,-128.20319410627118,15.141649384259246,50.0,64.22400000000002,63.97919410627117,25.0
-1,-76.30706599389973,19.460179763888867,50.0,48.576000000000015,27.73106599389972,16.0
-1,-98.43575759027097,19.089994333333305,49.0,47.13600000000002,51.29975759027093,22.0
-1,-93.06701345681569,14.167399638888892,40.0,47.90400000000001,45.16301345681568,22.0
-1,-128.11150133805057,15.963130722222228,46.0,62.88000000000002,65.23150133805055,21.0
-1,-102.06211585464824,18.692489212962908,46.0,50.30400000000001,51.75811585464821,19.0
-1,-114.0587114514114,13.449431064814798,36.0,52.704000000000015,61.3547114514114,27.0
-1,-90.36519779766178,15.601521717592584,34.0,44.832000000000015,45.53319779766176,19.0
-1,-91.41865386809384,17.02257014814815,34.0,47.23200000000001,44.18665386809382,20.0
-1,-124.68189575142948,13.409070689814817,47.0,65.66400000000002,59.01789575142946,23.0
-1,-102.6772248169108,15.736716097222208,37.0,47.616000000000014,55.06122481691078,23.0
-1,-110.03334959146022,19.222003296296236,50.0,61.72800000000002,48.3053495914602,20.0
-1,-105.61636121555938,14.519728935185173,38.0,47.52000000000001,58.09636121555938,23.0
-1,-274.9778386788368,23.615084513888743,116.0,210.81600000000012,64.16183867883666,22.0
-1,-110.14331706781728,20.201990939814728,45.0,55.77600000000002,54.36731706781726,20.0
-1,-110.2611744743448,15.594131314814804,47.0,61.92000000000003,48.341174474344776,22.0
-1,-98.32491574130196,13.84383785648148,35.0,45.98400000000001,52.34091574130196,24.0
-1,-100.1413462066833,14.912891120370396,43.0,51.16800000000001,48.97334620668329,22.0
-1,-81.94543805976215,13.361747125000008,31.0,42.528000000000006,39.41743805976215,19.0
-1,-204.91057724338535,19.42241852777768,95.0,151.2960000000001,53.614577243385256,21.0
-1,-92.83394006436514,16.823129597222188,44.0,51.45600000000002,41.37794006436512,20.0
-1,-120.46375738404625,14.299666699074054,41.0,59.23200000000002,61.231757384046205,24.0
-1,-110.25130554146166,15.3954655324074,43.0,49.82400000000001,60.42730554146165,23.0
-1,-125.21050400645667,19.39615874074068,54.0,63.07200000000002,62.13850400645667,21.0
-1,-79.53695936498393,16.70594817592593,35.0,33.312000000000005,46.22495936498392,20.0
-1,-132.94609087948496,19.26846739351845,60.0,84.28800000000004,48.65809087948492,18.0
-1,-80.1055024541568,12.735098541666671,34.0,43.20000000000001,36.9055024541568,21.0
-1,-117.88094595325953,18.69326366666662,45.0,55.296000000000014,62.5849459532595,22.0
-1,-92.5955272981534,16.941454638888874,44.0,47.808000000000014,44.78752729815339,20.0
-1,-87.00789044776477,20.29275282870368,41.0,45.600000000000016,41.40789044776474,15.0
-1,-108.30125258880592,13.151130435185166,38.0,51.45600000000002,56.84525258880589,27.0
-1,-109.78223032180152,20.63518996759255,61.0,82.08000000000003,27.70223032180149,16.0
-1,-80.55899031881421,11.339203712962986,31.0,36.288,44.270990318814206,19.0
-1,-96.53193303074092,14.0648028287037,39.0,48.576000000000015,47.95593303074091,23.0
-1,-99.30793780685012,19.55404125925921,44.0,51.45600000000002,47.8519378068501,20.0
-1,-116.52756444610628,19.230151407407355,47.0,59.04000000000003,57.487564446106255,21.0
-1,-95.25985559245294,15.468484472222205,41.0,52.896000000000015,42.36385559245292,19.0
-1,-110.99582438727428,19.22036879629623,50.0,66.14400000000003,44.85182438727424,20.0
-1,-119.69795317550266,16.79960520833329,54.0,64.70400000000002,54.99395317550264,23.0
-1,-100.54257633536736,17.062410694444416,39.0,44.83200000000001,55.71057633536734,22.0
-1,-118.04715852160056,17.66563715277769,49.0,59.52000000000002,58.52715852160054,23.0
-1,-98.0078558753467,14.474374472222214,47.0,57.02400000000003,40.98385587534669,22.0
-1,-123.76451652191427,20.044302120370283,50.0,58.75200000000002,65.01251652191425,23.0
-1,-74.21291383135795,12.083245976851847,33.0,39.64800000000002,34.56491383135793,22.0
-1,-85.61541965900904,11.25818395833334,30.0,34.08,51.53541965900903,25.0
-1,-100.4004042318304,14.530897435185176,48.0,56.352000000000025,44.04840423183038,23.0
-1,-76.5763766805845,21.41694705092588,42.0,43.872000000000014,32.70437668058449,17.0
-1,-101.77926498564372,17.35847038888883,33.0,46.94400000000001,54.8352649856437,22.0
-1,-93.7383653616757,15.12188781944444,37.0,39.93600000000001,53.8023653616757,22.0
-1,-90.41905966171063,8.895932833333337,36.0,44.16000000000001,46.25905966171063,25.0
-1,-102.71570473574783,21.226484958333327,48.0,50.496000000000016,52.21970473574781,18.0
-1,-119.92386310928336,17.237054537036993,53.0,71.32800000000003,48.595863109283314,19.0
-1,-99.00446261715742,14.08948518055554,42.0,49.344,49.66046261715741,22.0
-1,-117.60169212381422,19.315051680555506,48.0,56.35200000000002,61.24969212381421,21.0
-1,-109.10799149262198,15.595482587962962,41.0,55.58400000000002,53.52399149262195,21.0
-1,-109.29903003940176,15.087071388888894,46.0,62.59200000000003,46.707030039401744,24.0
-1,-98.35915881937112,20.53933154166662,50.0,57.31200000000003,41.04715881937108,23.0
-1,-103.2423264087297,11.34995017129629,36.0,46.176,57.0663264087297,26.0
-1,-112.39482053910616,18.10591138888886,50.0,54.91200000000002,57.48282053910612,21.0
-1,-109.17846076572434,15.080354185185168,49.0,59.42400000000003,49.7544607657243,24.0
-1,-76.87284507528844,16.118238416666667,41.0,44.35200000000001,32.52084507528843,18.0
-1,-101.04227913589207,11.358373194444454,42.0,62.01600000000002,39.02627913589207,23.0
-1,-107.81109807472484,14.584631083333312,49.0,62.11200000000002,45.69909807472481,21.0
-1,-84.29982383262191,12.637334925925929,36.0,44.832000000000015,39.4678238326219,22.0
-1,-95.82937044452372,14.262496939814788,34.0,45.12000000000001,50.70937044452373,22.0
-1,-158.82397664479623,15.332018069444429,63.0,89.08800000000005,69.73597664479617,24.0
-1,-163.11706401699212,18.371584115740674,81.0,122.78400000000008,40.33306401699201,18.0
-1,-97.13187579467584,15.828648236111098,41.0,54.52800000000002,42.60387579467583,22.0
-1,-119.56586933590836,16.37030435648143,42.0,58.46400000000001,61.101869335908354,24.0
-1,-116.73716823656304,21.54071486574065,52.0,63.26400000000003,53.473168236563005,20.0
-1,-92.6891519515497,16.90881731481479,38.0,46.56000000000002,46.12915195154969,22.0
-1,-130.2227455881349,14.998136791666656,50.0,69.50400000000002,60.71874558813489,23.0
-1,-73.8670347055365,21.646438587962912,39.0,38.68800000000001,35.17903470553649,17.0
-1,-79.36420428503183,20.767012699074066,48.0,48.576000000000015,30.788204285031817,16.0
-1,-119.70140893655748,17.309011999999917,44.0,60.76800000000002,58.93340893655745,23.0
-1,-77.3573088995071,12.744751069444444,29.0,32.44800000000001,44.9093088995071,24.0
-1,-117.30321195538872,15.544794263888866,44.0,52.22400000000002,65.07921195538871,23.0
-1,-132.70773373957664,12.157376574074084,46.0,56.73600000000001,75.97173373957662,27.0
-1,-96.91924967283126,14.85629399537038,52.0,57.21600000000002,39.70324967283123,22.0
-1,-85.64550809270978,16.047574416666652,35.0,46.368000000000016,39.27750809270975,20.0
-1,-108.54780276360532,17.068933504629562,42.0,60.38400000000002,48.16380276360529,22.0
-1,-83.79816301523195,20.97514787037031,49.0,51.74400000000001,32.05416301523195,18.0
-1,-97.97417032401684,15.895029569444445,34.0,39.072,58.90217032401685,22.0
-1,-122.33850327568165,15.146643361111089,48.0,61.15200000000002,61.18650327568162,24.0
-1,-90.22129380764028,15.859026203703694,36.0,47.80800000000001,42.41329380764028,21.0
-1,-108.6915347596182,17.53448111111109,40.0,53.18400000000002,55.50753475961819,21.0
-1,-89.96695633038163,18.16010304629628,47.0,54.81600000000002,35.15095633038161,19.0
-1,-99.00050157281288,13.536230611111094,37.0,47.04000000000001,51.96050157281286,24.0
-1,-87.83506857583598,15.66634727314814,43.0,39.74400000000001,48.091068575835976,22.0
-1,-117.08241919933629,17.092653902777748,39.0,55.776000000000025,61.306419199336254,23.0
-1,-101.63410623920248,17.875503495370346,45.0,50.59200000000001,51.04210623920245,23.0
-1,-141.44830926465278,17.12719286111105,55.0,79.20000000000005,62.248309264652725,24.0
-1,-82.43167795702834,16.902907953703696,33.0,41.376000000000005,41.05567795702834,23.0
-1,-111.83420464914376,25.21010196296286,68.0,68.06400000000004,43.770204649143736,18.0
-1,-112.76405793667438,11.730072481481486,40.0,56.06400000000002,56.70005793667436,24.0
-1,-113.4900344301122,19.11641550462957,45.0,59.42400000000003,54.066034430112175,18.0
-1,-113.27067780066088,12.222519773148145,43.0,56.352000000000025,56.91867780066087,24.0
-1,-111.65329055469024,14.126178370370363,36.0,44.73600000000001,66.91729055469023,24.0
-1,-104.06120419885352,13.50425098148147,32.0,51.16800000000001,52.8932041988535,25.0
-1,-100.83648175046343,17.237803240740746,37.0,42.43200000000001,58.40448175046343,21.0
-1,-110.83299525618456,12.56304313888889,33.0,49.920000000000016,60.91299525618454,23.0
-1,-120.82388770264748,17.133667717592534,47.0,65.28000000000003,55.54388770264745,22.0
-1,-123.4557189693189,17.21565897222219,51.0,63.07200000000003,60.383718969318856,22.0
-1,-156.44807802365943,11.907055236111118,51.0,77.56800000000004,78.88007802365938,25.0
-1,-108.79850235248492,20.13829724074064,44.0,54.72000000000001,54.0785023524849,20.0
-1,-148.7976032294296,14.37525549074071,52.0,82.27200000000005,66.52560322942955,26.0
-1,-97.38323946989436,16.01316222685183,44.0,56.16000000000002,41.22323946989434,19.0
-1,-97.81954076456556,9.475505745370365,37.0,48.48000000000001,49.33954076456555,24.0
-1,-115.54014847001145,13.147045194444448,39.0,47.616000000000014,67.92414847001142,26.0
-1,-121.37597008015403,17.119647990740685,49.0,69.31200000000003,52.06397008015402,23.0
-1,-92.29513518320589,17.39524418518513,34.0,43.680000000000014,48.61513518320585,19.0
-1,-124.187590883142,14.234627162037013,55.0,76.03200000000004,48.155590883141976,20.0
-1,-91.41486671262182,14.798328740740724,36.0,45.504000000000005,45.91086671262181,23.0
-1,-80.40436916126359,18.67376651388888,39.0,45.60000000000001,34.80436916126359,16.0
-1,-101.91036957558796,12.349511851851856,40.0,58.65600000000003,43.25436957558794,24.0
-1,-117.79503437154077,23.556831861111046,57.0,67.77600000000002,50.019034371540734,18.0
-1,-99.63994450389012,15.225990018518509,41.0,51.64800000000001,47.99194450389011,22.0
-1,-76.50081438087116,13.420329870370365,37.0,38.88000000000001,37.62081438087116,20.0
-1,-100.65012334763128,18.901531615740677,53.0,63.55200000000002,37.09812334763125,18.0
-1,-83.6114337021084,17.42552165740738,40.0,48.38400000000002,35.22743370210837,17.0
-1,-99.51235340766308,15.87930797685183,41.0,54.52800000000002,44.98435340766305,20.0
-1,-88.88472082896827,14.763261046296307,37.0,41.664,47.22072082896828,22.0
-1,-95.21784674939823,14.181169217592595,34.0,40.896,54.32184674939825,22.0
-1,-106.88841158352449,19.851449819444376,47.0,52.60800000000002,54.28041158352447,20.0
-1,-77.2577118924504,12.488674745370394,29.0,37.344,39.91371189245041,22.0
-1,-70.20657596064072,10.955362398148154,31.0,39.84,30.36657596064072,17.0
-1,-118.14095860030984,15.387363759259236,44.0,51.936000000000014,66.20495860030982,23.0
-1,-102.29501463540214,11.753487324074102,33.0,45.600000000000016,56.69501463540212,25.0
-1,-78.58681748553172,14.387459527777771,32.0,35.424,43.162817485531725,21.0
-1,-94.97430454722095,19.104152874999965,48.0,57.50400000000001,37.47030454722094,20.0
-1,-89.91471440911405,19.24132006944444,48.0,46.84800000000001,43.06671440911404,17.0
-1,-72.87060870840807,9.852811342592595,40.0,45.696000000000005,27.17460870840806,18.0
-1,-110.81473145989244,16.20468376851852,49.0,57.88800000000002,52.926731459892416,23.0
-1,-81.56699623293275,13.587854050925948,27.0,29.184,52.382996232932754,20.0
-1,-152.68493090396686,15.99564871296294,52.0,79.29600000000003,73.38893090396681,24.0
-1,-72.56416162266746,8.401403990740747,26.0,36.576,35.98816162266746,21.0
-1,-95.89737990392264,14.797216740740764,46.0,47.52000000000002,48.377379903922616,21.0
-1,-154.93910473160918,16.9487738055555,60.0,83.42400000000005,71.51510473160914,23.0
-1,-89.97238983965381,14.138964671296277,54.0,57.21600000000003,32.756389839653785,22.0
-1,-104.95511703742586,12.9339296712963,42.0,52.41600000000002,52.53911703742585,24.0
-1,-105.84258596527252,13.62002017592592,41.0,54.432000000000016,51.410585965272496,23.0
-1,-86.50294530207414,22.66684537499996,49.0,50.97600000000001,35.526945302074125,16.0
-1,-84.24249124480664,15.7717978472222,33.0,36.96,47.28249124480665,21.0
-1,-101.47815830025564,14.744046874999992,37.0,47.040000000000006,54.43815830025563,20.0
-1,-104.67144892714202,14.54923335648146,45.0,57.408000000000015,47.26344892714201,22.0
-1,-78.04114650736045,13.658716472222212,32.0,40.704,37.33714650736045,24.0
-1,-129.47029958674636,17.55184073148141,43.0,61.72800000000002,67.74229958674636,21.0
-1,-123.50087989789922,14.91203300462962,44.0,59.13600000000002,64.3648798978992,24.0
-1,-93.29777749183802,16.402305689814774,39.0,42.720000000000006,50.57777749183801,21.0
-1,-100.61699553239814,13.46523514351853,39.0,43.39200000000001,57.22499553239813,28.0
-1,-182.51632810695088,15.970898324074042,73.0,114.91200000000008,67.6043281069508,25.0
-1,-81.97669135392422,19.673355879629625,47.0,51.936000000000014,30.040691353924217,16.0
-1,-103.24317035717428,13.10329768518518,36.0,44.736,58.507170357174274,23.0
-1,-96.09615870244691,15.283243013888876,35.0,44.16000000000001,51.93615870244692,22.0
-1,-100.14700814647225,14.59409907870369,41.0,53.56800000000002,46.57900814647222,20.0
-1,-113.20147094148024,18.828949162036974,58.0,75.45600000000003,37.74547094148021,19.0
-1,-124.22983603331896,21.62688612962952,46.0,60.28800000000002,63.94183603331894,22.0
-1,-100.7772805533823,13.73784823148148,39.0,40.224,60.55328055338229,23.0
-1,-104.05765156945525,15.382807388888866,36.0,51.936000000000014,52.12165156945522,22.0
-1,-89.99379388568522,16.80775376851849,39.0,45.40800000000001,44.58579388568521,22.0
-1,-88.24455433182835,18.04870375925924,45.0,51.16800000000002,37.07655433182833,18.0
-1,-89.8649227184765,14.955798574074077,46.0,57.79200000000002,32.072922718476484,19.0
-1,-101.13505041559144,20.90749361574069,48.0,52.89600000000002,48.23905041559142,17.0
-1,-99.02562962938696,20.427457185185148,48.0,47.32800000000002,51.69762962938694,21.0
-1,-115.74125596722766,14.80546671296294,39.0,51.84000000000002,63.901255967227634,22.0
-1,-122.41841825738511,17.286611189814778,48.0,56.832000000000015,65.5864182573851,24.0
-1,-96.27454445852436,15.691798962962965,44.0,56.160000000000025,40.11454445852432,18.0
-1,-90.13038157750464,13.049729527777764,34.0,43.392,46.73838157750463,24.0
-1,-88.19789372818451,15.966289490740728,42.0,51.552000000000014,36.6458937281845,19.0
-1,-78.23456412526443,11.398324611111114,29.0,36.096,42.13856412526442,23.0
-1,-169.09314834659097,14.499879749999977,55.0,82.65600000000003,86.43714834659093,27.0
-1,-79.58789273292612,11.342420708333329,28.0,36.096,43.49189273292611,23.0
-1,-122.95535065137167,17.868475162036983,57.0,73.82400000000003,49.13135065137165,21.0
-1,-72.30121898506547,13.305029981481477,28.0,36.192,36.10921898506548,20.0
-1,-161.88375455278106,17.243038074074022,64.0,83.04000000000005,78.84375455278101,26.0
-1,-95.69683797940012,15.312957111111098,39.0,46.94400000000002,48.75283797940009,21.0
-1,-115.41389522544657,15.591970925925928,47.0,54.52800000000001,60.88589522544655,22.0
-1,-87.83938615015381,15.762017731481471,34.0,41.08800000000001,46.75138615015381,21.0
-1,-88.45008106044988,13.400233013888911,35.0,41.18400000000001,47.26608106044986,22.0
-1,-113.93220860812528,12.799539712962956,50.0,63.74400000000003,50.18820860812526,23.0
-1,-84.56916134366875,17.361545425925918,41.0,43.488000000000014,41.08116134366874,20.0
-1,-92.66430395660004,15.830818537037038,45.0,54.91200000000002,37.75230395660003,21.0
-1,-108.07811697938796,21.629860384259175,51.0,55.77600000000002,52.30211697938794,18.0
-1,-104.72344894623474,12.20484423611112,41.0,45.600000000000016,59.12344894623472,24.0
-1,-114.70602173022726,18.579659449073997,52.0,61.72800000000002,52.97802173022723,21.0
-1,-89.95242788747062,16.13905731018516,45.0,56.73600000000002,33.2164278874706,20.0
-1,-92.74746734089447,15.928333976851835,45.0,44.83200000000001,47.91546734089447,20.0
-1,-88.62575578772548,15.409447944444445,43.0,51.360000000000014,37.26575578772547,19.0
-1,-100.69327131587004,25.32795090740734,54.0,60.672000000000025,40.02127131587003,14.0
-1,-108.64174940783042,17.74909054166665,47.0,48.384000000000015,60.2577494078304,24.0
-1,-99.72843025697588,14.724993675925925,48.0,54.91200000000003,44.81643025697584,21.0
-1,-100.84054297904736,18.3115971759259,48.0,58.46400000000002,42.37654297904736,20.0
-1,-94.51207640792948,15.535746939814812,51.0,58.94400000000003,35.56807640792943,19.0
-1,-94.09513944621116,15.8199361574074,38.0,46.17600000000001,47.91913944621116,23.0
-1,-99.07274448863704,20.52139174537032,47.0,52.224000000000025,46.848744488637,19.0
-1,-85.55864283414866,18.00040745370368,41.0,50.01600000000002,35.54264283414863,17.0
-1,-125.454637304123,11.968399212962964,45.0,56.16000000000002,69.29463730412297,25.0
-1,-90.4939937482569,16.258329773148137,36.0,42.33600000000001,48.157993748256885,22.0
-1,-96.45431144706988,12.872579462962976,35.0,43.58400000000001,52.87031144706987,24.0
-1,-97.34288709493322,17.143053796296282,40.0,45.408000000000015,51.9348870949332,20.0
-1,-103.21211635106314,19.271577666666584,55.0,67.20000000000003,36.01211635106311,21.0
-1,-75.79875883131331,13.519736615740753,31.0,37.152,38.6467588313133,20.0
-1,-73.14722195109395,10.485151333333327,34.0,43.58400000000001,29.56322195109394,16.0
-1,-71.62033492111345,12.366921532407416,31.0,42.04800000000001,29.57233492111345,18.0
-1,-109.39465686765904,21.36867832407402,53.0,58.65600000000003,50.738656867659024,20.0
-1,-118.49391421503029,22.7769303981481,59.0,66.81600000000003,51.67791421503024,16.0
-1,-95.86272629351956,19.227767259259267,45.0,47.712,48.150726293519554,18.0
-1,-86.23626330305748,14.175697999999988,31.0,39.84,46.396263303057495,22.0
-1,-97.81727557959135,14.408525189814789,42.0,60.96000000000002,36.85727557959133,21.0
-1,-80.33678580957789,15.059779467592582,37.0,42.528000000000006,37.80878580957788,19.0
-1,-76.78488832247749,14.498922152777764,34.0,40.224,36.56088832247749,18.0
-1,-106.17702612103643,19.07968430092588,52.0,60.76800000000003,45.409026121036405,20.0
-1,-93.13807130114444,18.502874023148085,41.0,46.94400000000001,46.19407130114444,22.0
-1,-140.6757968175978,18.21946468518512,64.0,87.36000000000004,53.31579681759775,21.0
-1,-90.37806159412575,14.45400423148147,38.0,47.90400000000002,42.47406159412576,20.0
-1,-96.74345148925627,18.02391825925919,50.0,64.70400000000002,32.03945148925626,19.0
-1,-110.06972725896878,18.19023898611105,47.0,59.04000000000003,51.02972725896876,22.0
-1,-104.5537842013212,15.523196208333308,55.0,64.03200000000002,40.52178420132117,18.0
-1,-101.90984138787098,19.706037560185127,53.0,58.84800000000002,43.06184138787097,21.0
-1,-173.9901996156723,20.019232634259176,75.0,113.76000000000006,60.23019961567225,19.0
-1,-94.87770802573652,19.159938620370337,40.0,42.144000000000005,52.733708025736526,19.0
-1,-99.42201837727028,18.29954495833331,50.0,51.936000000000014,47.48601837727028,21.0
-1,-96.53545754369436,17.503161120370347,53.0,63.360000000000014,33.17545754369435,18.0
-1,-99.3658629382554,14.753295249999992,40.0,52.03200000000002,47.333862938255365,22.0
-1,-96.218054967852,18.817647254629573,38.0,43.77600000000001,52.442054967852,20.0
-1,-132.02328006653858,19.940772597222143,59.0,63.64800000000004,68.37528006653852,22.0
-1,-86.14160843633766,18.422128842592578,44.0,42.720000000000006,43.42160843633766,19.0
-1,-93.02955558727362,20.909196476851783,46.0,56.64000000000002,36.38955558727359,17.0
-1,-118.69416450896472,15.001749611111109,40.0,54.14400000000002,64.55016450896471,24.0
-1,-131.23791106415467,15.881597749999989,53.0,62.88000000000002,68.35791106415465,24.0
-1,-87.75840849240524,15.147891064814814,40.0,45.888,41.87040849240523,20.0
-1,-76.09320465248169,15.867443162037024,33.0,42.43200000000001,33.661204652481686,17.0
-1,-98.23760876837588,17.38430112499997,42.0,52.22400000000002,46.01360876837587,24.0
-1,-99.76682240370567,17.065109745370368,46.0,48.86400000000001,50.902822403705656,22.0
-1,-82.44011386751151,14.40471524074074,40.0,45.88800000000002,36.55211386751149,16.0
-1,-100.3570174582052,14.379114962962948,39.0,50.97600000000001,49.38101745820519,23.0
-1,-121.85926227198922,16.438290509259243,53.0,68.83200000000002,53.0272622719892,23.0
-1,-104.69260764214464,16.938634435185147,45.0,49.44000000000002,55.25260764214462,21.0
-1,-99.89607845801504,21.19552612499997,46.0,45.02400000000001,54.87207845801503,18.0
-1,-129.59631430363248,16.24388868981479,57.0,61.248000000000026,68.34831430363246,25.0
-1,-86.39559060383237,11.2030430648148,37.0,41.760000000000005,44.63559060383237,25.0
-1,-109.29718759125868,19.090257287036952,48.0,63.64800000000003,45.64918759125864,20.0
-1,-92.06465159009034,14.643386185185191,38.0,49.536000000000016,42.52865159009032,19.0
-1,-72.3300317611255,15.183549046296276,33.0,36.57600000000001,35.75403176112548,18.0
-1,-90.36479893511635,12.487006273148136,31.0,41.85600000000001,48.50879893511637,23.0
-1,-96.34942774836628,12.559119240740715,34.0,46.65600000000001,49.69342774836626,24.0
-1,-91.48009037065589,13.77063793055556,40.0,48.67200000000002,42.808090370655854,21.0
-1,-85.19177495521396,16.408627999999954,38.0,53.37600000000002,31.815774955213943,17.0
-1,-63.23250868156197,11.105536152777802,28.0,35.424,27.808508681561964,18.0
-1,-116.2775775301471,21.36091418981478,53.0,65.08800000000002,51.18957753014708,20.0
-1,-121.6217031636435,14.573785194444431,51.0,62.400000000000034,59.22170316364347,22.0
-1,-94.62386244274155,21.235949111111054,44.0,48.960000000000015,45.663862442741554,18.0
-1,-88.50886433054785,18.5138172592592,37.0,41.760000000000005,46.74886433054784,21.0
-1,-103.10901571859604,19.75231557407401,46.0,48.38400000000002,54.72501571859601,21.0
-1,-104.89516462468532,23.590190143518445,52.0,56.25600000000002,48.639164624685286,21.0
-1,-109.82825833150945,17.02672864814811,48.0,53.56800000000002,56.260258331509405,23.0
-1,-120.91836342277035,13.98406261111109,41.0,55.00800000000001,65.91036342277035,23.0
-1,-81.03424424900479,14.928976685185209,32.0,31.2,49.83424424900479,20.0
-1,-112.7767023917053,13.596595921296284,39.0,53.856000000000016,58.92070239170529,25.0
-1,-92.60480255821668,15.839424763888866,45.0,54.04800000000002,38.55680255821666,20.0
-1,-145.2315126577279,18.682728138888805,70.0,88.60800000000005,56.62351265772785,22.0
-1,-120.8825921076142,17.119117245370326,51.0,63.648000000000025,57.23459210761417,24.0
-1,-92.60583112709983,16.80857266666664,42.0,44.92800000000001,47.67783112709984,20.0
-1,-94.40137467707588,15.70139824074075,57.0,56.640000000000015,37.76137467707588,20.0
-1,-88.44101105455292,12.405226527777796,39.0,45.69600000000001,42.7450110545529,23.0
-1,-98.74793820786216,14.15961305092591,41.0,47.04000000000002,51.70793820786214,23.0
-1,-92.13695546583747,17.27864308333333,48.0,47.232000000000006,44.90495546583746,24.0
-1,-123.56033095490034,16.09020651851849,48.0,65.56800000000003,57.99233095490031,25.0
-1,-108.91995316750976,12.938392074074088,39.0,41.56800000000001,67.35195316750973,24.0
-1,-110.02412507333084,20.009101263888844,57.0,71.90400000000004,38.1201250733308,17.0
-1,-120.24607322040468,19.604793120370324,47.0,53.66400000000002,66.58207322040464,22.0
-1,-107.62328340407238,12.52943655555556,37.0,48.86400000000001,58.75928340407237,26.0
-1,-101.03625500254894,12.542061842592574,40.0,57.98400000000002,43.05225500254892,24.0
-1,-92.1112863028616,16.10857518055555,36.0,48.28800000000001,43.8232863028616,21.0
-1,-106.04157996161103,15.95585596759256,47.0,62.20800000000003,43.833579961611,20.0
-1,-82.96114705912134,13.66450618055557,41.0,43.10400000000001,39.85714705912133,19.0
-1,-80.52084087029745,14.20559900462963,37.0,44.832,35.68884087029745,19.0
-1,-65.33456957815511,11.947224324074073,38.0,40.89600000000001,24.438569578155104,17.0
-1,-112.95215900973636,17.26739181481477,40.0,59.42400000000002,53.52815900973633,19.0
-1,-103.23504559620464,16.668664546296263,38.0,46.65600000000002,56.5790455962046,23.0
-1,-89.94665152462758,19.620785708333297,44.0,47.808000000000014,42.138651524627576,19.0
-1,-90.68455568337929,17.316888814814792,42.0,47.04000000000001,43.64455568337926,24.0
-1,-108.68499127192412,31.57854770370365,73.0,77.37600000000005,31.308991271924075,14.0
-1,-111.946686545043,21.11313738425921,49.0,62.20800000000003,49.738686545042974,17.0
-1,-83.52628147709572,18.340975305555563,45.0,46.46400000000001,37.06228147709572,17.0
-1,-90.13737807404227,20.494492125,51.0,52.12800000000003,38.00937807404227,19.0
-1,-93.24698208698518,11.357691041666657,33.0,44.25600000000001,48.990982086985184,25.0
-1,-124.38687973290683,14.273130703703696,53.0,66.33600000000003,58.05087973290681,23.0
-1,-91.06821810285956,14.21971718055554,37.0,43.87200000000001,47.196218102859554,25.0
-1,-96.83424727877365,14.721641916666655,35.0,44.54400000000001,52.29024727877362,24.0
-1,-105.65099020691964,16.95703964814813,51.0,58.176000000000016,47.47499020691963,22.0
-1,-122.2949116786175,15.925776115740716,53.0,69.02400000000003,53.270911678617466,23.0
-1,-91.35021572458496,15.631437833333324,44.0,52.320000000000014,39.03021572458496,22.0
-1,-100.96373651569904,11.697048064814814,34.0,42.912000000000006,58.05173651569903,25.0
-1,-114.48031942907032,18.30478758333329,60.0,69.50400000000003,44.9763194290703,20.0
-1,-101.01326427648657,14.310281467592574,46.0,50.20800000000001,50.80526427648655,22.0
-1,-106.77218260222966,18.72656190740735,51.0,60.76800000000003,46.00418260222964,22.0
-1,-101.14025847053354,19.45617149999993,52.0,64.60800000000002,36.53225847053352,19.0
-1,-106.4929409988842,17.456148402777732,48.0,60.096000000000025,46.39694099888416,18.0
-1,-91.29673789987038,16.75129712037034,38.0,49.536000000000016,41.76073789987037,20.0
-1,-85.07457390311205,10.896021134259255,38.0,47.32800000000001,37.74657390311204,22.0
-1,-100.17416618963524,13.520883115740745,38.0,49.63200000000001,50.54216618963523,18.0
-1,-93.2640722289788,22.70392002314807,50.0,54.912000000000006,38.35207222897878,20.0
-1,-103.17758624579118,14.04177682407406,37.0,53.280000000000015,49.89758624579116,23.0
-1,-80.28695803617316,18.20768602314816,43.0,49.728,30.558958036173152,16.0
-1,-115.15418031880624,15.668881138888883,50.0,51.744000000000014,63.41018031880622,25.0
-1,-92.14287364969294,13.773514657407404,38.0,44.73600000000001,47.40687364969293,21.0
-1,-103.269659312547,14.386829018518492,40.0,49.152000000000015,54.11765931254697,23.0
-1,-97.25240049834612,14.611877402777782,46.0,49.63200000000001,47.62040049834613,21.0
-1,-102.75380250801288,14.059629546296298,32.0,38.59200000000001,64.16180250801285,24.0
-1,-99.07962666098902,12.168244333333332,37.0,48.192000000000014,50.88762666098901,24.0
-1,-103.33804541414824,20.49288106481475,48.0,55.872000000000014,47.46604541414824,19.0
-1,-87.4603814346975,15.439161351851856,38.0,49.92000000000001,37.54038143469749,17.0
-1,-118.53365199285572,17.090141587962922,50.0,64.03200000000002,54.501651992855685,21.0
-1,-90.82457008833885,14.02485351851852,30.0,34.175999999999995,56.64857008833885,21.0
-1,-91.48653898694756,18.29932769907405,41.0,50.20800000000002,41.278538986947545,18.0
-1,-69.87070087603465,14.464962023148146,33.0,43.87200000000001,25.99870087603464,15.0
-1,-78.94444724606682,18.50234904629628,38.0,37.92000000000001,41.024447246066806,19.0
-1,-133.7636209134636,18.22495850925917,45.0,60.48000000000001,73.28362091346358,23.0
-1,-111.79517091073014,20.31638787962956,44.0,58.08000000000003,53.71517091073011,20.0
-1,-114.2076265995427,18.130627550925876,51.0,61.92000000000002,52.28762659954268,23.0
-1,-80.88300892762972,18.56212183333332,38.0,39.168000000000006,41.71500892762971,17.0
-1,-85.52706177367563,13.474972458333324,47.0,52.128000000000014,33.399061773675605,20.0
-1,-118.90627636026504,17.16108926851846,45.0,55.48800000000002,63.41827636026501,23.0
-1,-88.10590707410898,16.330475120370366,37.0,37.34400000000001,50.76190707410897,20.0
-1,-119.71431999657652,17.045392458333303,48.0,59.904000000000025,59.810319996576496,21.0
-1,-98.57021640687545,18.30516519907401,45.0,55.48800000000003,43.08221640687541,19.0
-1,-101.2139939010479,10.37968081481483,44.0,55.39200000000002,45.82199390104787,26.0
-1,-96.57802337738354,19.518479671296287,39.0,44.928,51.65002337738354,18.0
-1,-79.95502569645723,12.55763012962962,30.0,46.46400000000001,33.49102569645722,19.0
-1,-72.3397771714499,14.799277282407417,37.0,41.28,31.05977717144989,17.0
-1,-116.1831866810308,14.1036085972222,41.0,49.728000000000016,66.4551866810308,26.0
-1,-97.85094614591094,21.529181657407378,51.0,56.544000000000025,41.306946145910906,19.0
-1,-105.37873354393145,20.39759014351844,39.0,54.91200000000002,50.46673354393141,19.0
-1,-86.18209032861564,17.427135254629622,39.0,46.56000000000002,39.62209032861563,19.0
-1,-92.80296710169851,17.991419499999953,39.0,45.60000000000001,47.20296710169852,21.0
-1,-101.00500464811796,20.077569175925863,50.0,53.47200000000002,47.53300464811795,20.0
-1,-81.7453038403729,8.73896443055557,35.0,47.90400000000001,33.84130384037289,22.0
-1,-92.23984319536824,20.059949124999942,45.0,42.91200000000001,49.327843195368224,19.0
-1,-101.05159648928633,13.90639396296294,37.0,51.84000000000001,49.2115964892863,20.0
-1,-108.41669517318934,13.820340680555564,36.0,43.104,65.31269517318934,25.0
-1,-82.9538931172678,15.587936624999996,31.0,33.504000000000005,49.44989311726778,21.0
-1,-72.94421642396556,18.0870356898148,41.0,46.27200000000001,26.672216423965544,10.0
-1,-123.82954679247014,14.209158759259235,67.0,79.87200000000004,43.9575467924701,22.0
-1,-94.1481380573344,13.81319821296295,44.0,52.80000000000001,41.3481380573344,24.0
-1,-121.31987117986934,17.737604578703657,47.0,58.176000000000016,63.14387117986932,23.0
-1,-87.34875854406828,16.795511865740707,37.0,47.13600000000002,40.21275854406826,19.0
-1,-116.63498282255668,16.022431574074044,52.0,66.62400000000002,50.01098282255665,23.0
-1,-143.06885662466829,16.887716689814763,62.0,76.99200000000003,66.07685662466824,26.0
-1,-112.85490111275185,12.237957740740727,55.0,55.39200000000002,57.46290111275181,27.0
-1,-87.19913003535203,11.314900740740748,38.0,44.64000000000001,42.55913003535203,24.0
-1,-128.99078710858703,14.794554476851836,50.0,63.93600000000002,65.054787108587,25.0
-1,-113.11610579811166,16.48818187037033,52.0,67.96800000000002,45.14810579811165,19.0
-1,-93.87985046545418,13.182098152777751,34.0,46.84800000000001,47.03185046545417,23.0
-1,-75.28223911460526,15.944379388888867,36.0,45.12000000000001,30.162239114605253,17.0
-1,-101.94088989754884,13.246163680555544,35.0,50.496000000000016,51.44488989754882,20.0
-1,-95.21476296792416,17.78974364351848,57.0,60.864000000000026,34.350762967924155,18.0
-1,-63.84433635270702,11.439765472222229,27.0,30.048,33.796336352707016,22.0
-1,-88.69067331195538,18.83229049999998,42.0,42.24000000000001,46.45067331195537,20.0
-1,-92.7008144637433,15.188639879629608,43.0,54.72000000000003,37.98081446374327,19.0
-1,-86.24516154579204,20.086150486111062,51.0,56.448000000000015,29.797161545792036,17.0
-1,-82.29948590517816,15.59994146759257,41.0,49.344000000000015,32.95548590517814,21.0
-1,-92.51672065784976,22.30613749999995,50.0,54.24000000000002,38.27672065784973,16.0
-1,-118.92758143680918,13.265167370370367,51.0,56.544000000000025,62.38358143680915,26.0
-1,-84.8151174030846,19.043048032407388,47.0,50.88000000000002,33.935117403084575,17.0
-1,-84.45251574005437,17.14285408333332,40.0,44.06400000000001,40.38851574005435,18.0
-1,-94.02201941972602,18.66066105092588,40.0,47.04000000000001,46.98201941972601,20.0
-1,-110.949346002522,9.981684972222228,35.0,44.35200000000001,66.59734600252197,27.0
-1,-102.8624935477408,18.929231592592497,43.0,58.36800000000002,44.49449354774077,19.0
-1,-131.10183205555364,15.781032703703698,49.0,64.80000000000001,66.30183205555365,25.0
-1,-113.08527460286932,12.181889861111104,40.0,51.26400000000001,61.82127460286931,22.0
-1,-110.7052942922536,17.2567351296296,45.0,49.24800000000001,61.4572942922536,25.0
-1,-88.05374023985792,11.815919819444437,32.0,45.024000000000015,43.02974023985791,22.0
-1,-110.67704120725088,11.777187287037036,45.0,67.68000000000002,42.99704120725086,19.0
-1,-152.0737830787699,17.137990143518458,59.0,91.39200000000004,60.68178307876984,24.0
-1,-121.4544488344972,16.739507787037006,48.0,52.22400000000001,69.23044883449717,21.0
-1,-96.45473808398256,11.211677986111116,36.0,47.040000000000006,49.41473808398254,25.0
-1,-141.91087145206797,14.854923129629626,51.0,67.39200000000002,74.51887145206796,22.0
-1,-77.63119534959023,14.446727416666649,42.0,49.24800000000001,28.383195349590217,17.0
-1,-123.52056767650788,18.61299615740737,47.0,60.096000000000025,63.42456767650786,22.0
-1,-100.6430481371086,16.41580084259256,35.0,45.888000000000005,54.7550481371086,23.0
-1,-121.73196528483336,13.98048936574074,41.0,50.496000000000016,71.23596528483336,25.0
-1,-117.03345598868584,12.524451537037042,46.0,59.42400000000002,57.60945598868581,25.0
-1,-94.82731690578932,22.75969372222222,55.0,60.576000000000015,34.2513169057893,17.0
-1,-131.32635347289406,23.05536530555548,62.0,83.13600000000004,48.19035347289401,17.0
-1,-145.57902476064777,21.804796398148063,74.0,82.75200000000004,62.82702476064775,23.0
-1,-124.39401674746024,15.30666115277776,57.0,78.52800000000005,45.86601674746019,21.0
-1,-112.15145376763164,17.757676925925885,48.0,51.936000000000014,60.215453767631615,21.0
-1,-102.27777901019869,15.220467013888884,44.0,61.056000000000026,41.22177901019866,18.0
-1,-82.3987674835403,15.175109208333318,37.0,40.608,41.7907674835403,22.0
-1,-105.252331820391,11.430501620370364,42.0,59.42400000000003,45.82833182039096,22.0
-1,-86.77114206019144,12.833868513888886,34.0,44.16000000000002,42.61114206019141,20.0
-1,-90.5602399506544,14.910228532407409,33.0,42.432,48.12823995065438,19.0
-1,-93.0034787795987,15.403282180555545,44.0,53.280000000000015,39.72347877959868,19.0
-1,-118.39215315247976,19.502999287036975,49.0,63.36000000000004,55.03215315247971,18.0
-1,-83.80798966511263,14.149803439814804,35.0,43.10400000000001,40.703989665112616,17.0
-1,-117.94258098750235,18.039240634259198,40.0,52.03200000000002,65.91058098750234,22.0
-1,-112.75687901586552,14.381606657407394,45.0,58.75200000000002,54.00487901586549,25.0
-1,-116.17395236530037,15.394341481481474,43.0,49.82400000000001,66.34995236530034,22.0
-1,-87.4455760450802,12.794066384259262,38.0,45.12000000000001,42.3255760450802,22.0
-1,-84.27557949095765,15.176084643518523,35.0,45.40800000000001,38.86757949095764,19.0
-1,-90.06089604448081,13.283426578703706,34.0,37.24800000000001,52.81289604448081,24.0
-1,-110.71571931296369,16.13808737499997,41.0,49.63200000000002,61.08371931296366,26.0
-1,-91.06738490897756,11.271130648148146,38.0,48.384000000000015,42.68338490897756,25.0
-1,-80.69553359376101,16.819181240740726,34.0,44.54400000000001,36.151533593761,17.0
-1,-141.03435410465238,15.935501990740722,46.0,68.73600000000003,72.29835410465233,25.0
-1,-99.0791081883828,19.019854347222207,50.0,56.73600000000003,42.34310818838278,19.0
-1,-89.6008725599287,19.610236157407364,53.0,62.97600000000003,26.62487255992868,17.0
-1,-85.88341611924014,13.214298916666651,39.0,41.184000000000005,44.69941611924013,25.0
-1,-74.84470090473593,16.445719337962966,38.0,40.03200000000001,34.81270090473593,19.0
-1,-65.5072622876418,18.462580703703708,40.0,40.03200000000001,25.475262287641787,16.0
-1,-97.44087660865289,23.21572118981476,44.0,48.57600000000002,48.86487660865284,18.0
-1,-114.53513569532753,16.800180486111095,52.0,69.02400000000003,45.51113569532748,22.0
-1,-114.57104300159558,14.354220189814807,47.0,66.04800000000003,48.52304300159555,19.0
-1,-96.50307909066252,12.363735291666693,36.0,45.60000000000001,50.9030790906625,21.0
-1,-74.58112674513902,11.09011303703703,31.0,34.08,40.50112674513901,25.0
-1,-103.19485731775124,12.671592319444445,44.0,57.600000000000016,45.59485731775123,24.0
-1,-99.0181586207572,14.323077092592584,35.0,46.56000000000001,52.4581586207572,21.0
-1,-118.90709157845382,11.56154512037039,36.0,42.336000000000006,76.5710915784538,24.0
-1,-109.07639850781388,18.262644481481445,45.0,61.63200000000003,47.44439850781385,18.0
-1,-83.22765658974384,12.402361425925926,32.0,35.52,47.70765658974384,23.0
-1,-70.39665409516944,13.65315218055556,34.0,38.88000000000002,31.516654095169415,19.0
-1,-82.2177008720129,20.709795226851828,56.0,60.67200000000001,21.54570087201288,14.0
-1,-111.13405821887312,14.515867268518488,42.0,54.43200000000002,56.70205821887309,25.0
-1,-98.77230722524502,18.158676037036976,41.0,53.856000000000016,44.91630722524499,22.0
-1,-104.34539163104708,16.402819342592593,42.0,50.40000000000001,53.94539163104707,21.0
-1,-90.11958296465993,18.68935603240737,48.0,56.736000000000026,33.38358296465989,17.0
-1,-104.0656782199708,16.057538638888893,46.0,51.936000000000014,52.12967821997079,23.0
-1,-98.54856790582907,14.729706796296288,36.0,44.83200000000001,53.71656790582909,23.0
-1,-66.84059626391917,14.335658347222203,32.0,41.184000000000005,25.656596263919155,15.0
-1,-78.87460593437117,13.571138958333329,34.0,38.30400000000001,40.57060593437116,18.0
-1,-115.88539658836623,17.610662907407374,50.0,66.14400000000003,49.74139658836621,22.0
-1,-89.32156814277805,15.353561365740742,36.0,46.36800000000001,42.95356814277804,19.0
-1,-80.80039234086534,14.017091162037028,35.0,38.976,41.824392340865344,19.0
-1,-87.8379413781312,12.628410449074082,32.0,42.432,45.40594137813121,22.0
-1,-91.51395090830728,11.028046939814809,34.0,44.54400000000001,46.96995090830725,26.0
-1,-74.45087912637513,14.45819287962965,35.0,45.504000000000005,28.946879126375123,16.0
-1,-110.6862691782085,15.48724870370369,37.0,48.67200000000001,62.014269178208494,22.0
-1,-119.01680161417212,15.743883310185163,48.0,69.79200000000003,49.22480161417208,20.0
-1,-146.05381239634153,18.38633651388883,58.0,80.92800000000004,65.12581239634149,21.0
-1,-99.97375872440143,17.95233193518515,49.0,64.60800000000003,35.365758724401424,20.0
-1,-83.33519565071634,20.37453380555553,47.0,49.15200000000002,34.183195650716314,17.0
-1,-93.81397388349122,12.14223099537037,37.0,50.49600000000001,43.317973883491206,24.0
-1,-112.95000607161025,15.707253305555543,42.0,50.59200000000002,62.35800607161023,24.0
-1,-110.78692868728204,14.682726972222216,46.0,65.47200000000002,45.31492868728202,22.0
-1,-121.8306852764166,17.260602787036976,47.0,62.40000000000003,59.43068527641658,20.0
-1,-125.94928883916498,15.737978467592574,54.0,66.81600000000003,59.13328883916496,23.0
-1,-90.54050342307006,17.32149368518518,46.0,49.05600000000002,41.484503423070045,20.0
-1,-81.3040185774741,17.600321124999954,45.0,48.96000000000002,32.34401857747407,17.0
-1,-105.3924851542469,13.060936013888888,47.0,59.13600000000002,46.25648515424688,23.0
-1,-108.93467323493871,17.198764939814758,46.0,53.66400000000002,55.2706732349387,22.0
-1,-87.66632711137575,15.324855499999996,42.0,49.248000000000005,38.41832711137575,19.0
-1,-105.525199195374,18.54111378240735,39.0,48.00000000000002,57.525199195373965,22.0
-1,-90.10369460859076,16.22990001388888,41.0,50.40000000000002,39.70369460859075,17.0
-1,-82.79048503452015,16.41139685185181,38.0,50.112000000000016,32.67848503452012,17.0
-1,-90.89855127772714,17.99376260185184,41.0,45.88800000000001,45.01055127772713,21.0
-1,-93.49110976102617,17.015677874999962,40.0,49.728000000000016,43.76310976102616,21.0
-1,-130.10646022631494,21.481372097222145,61.0,82.17600000000003,47.93046022631492,18.0
-1,-65.55068700698033,12.82248164814815,35.0,36.96,28.59068700698032,16.0
-1,-100.39456181946449,18.533428564814777,48.0,60.96000000000003,39.43456181946444,17.0
-1,-85.42497943398463,13.83721065740739,42.0,55.77600000000002,29.64897943398461,19.0
-1,-96.9762869006137,14.015070523148154,35.0,41.08800000000001,55.8882869006137,21.0
-1,-73.14593251440564,17.711892226851838,41.0,44.16000000000002,28.985932514405626,20.0
-1,-96.3581701364808,14.785586671296295,43.0,46.94400000000002,49.41417013648079,19.0
-1,-104.17078412257884,18.81575324999995,53.0,65.18400000000003,38.98678412257882,19.0
-1,-90.33086250482086,19.19311675925924,47.0,52.992000000000026,37.33886250482082,20.0
-1,-106.89382289703248,17.055772111111057,51.0,72.67200000000004,34.221822897032446,18.0
-1,-72.4976342892194,13.797296814814809,32.0,39.74400000000001,32.7536342892194,17.0
-1,-98.67330722313427,18.99475097222217,45.0,54.81600000000002,43.85730722313426,23.0
-1,-91.44296687681432,18.13134010185182,44.0,45.21600000000001,46.22696687681432,22.0
-1,-81.2956726906208,15.689163106481464,46.0,48.480000000000025,32.81567269062078,19.0
-1,-76.85469385474804,12.598023194444458,39.0,46.56000000000001,30.294693854748022,19.0
-1,-117.43482638011122,18.92372708333326,52.0,58.56000000000002,58.87482638011119,21.0
-1,-123.48765930420882,16.581735027777746,45.0,61.34400000000003,62.14365930420878,21.0
-1,-92.63811193376468,14.678347879629612,41.0,48.768000000000015,43.87011193376468,21.0
-1,-70.74532408221296,10.566188537037036,33.0,42.72000000000001,28.025324082212947,19.0
-1,-95.28238881965228,14.436244259259263,42.0,48.38400000000002,46.89838881965227,25.0
-1,-118.36769989746458,15.499712634259245,51.0,64.70400000000002,53.66369989746455,21.0
-1,-88.01207917623506,15.73602936111108,43.0,50.20800000000001,37.80407917623506,22.0
-1,-108.9730693870678,20.25648359259252,49.0,70.36800000000004,38.60506938706775,15.0
-1,-116.65171646676517,14.543940050925944,47.0,54.43200000000002,62.21971646676513,22.0
-1,-83.04251581516718,12.58008125925925,36.0,45.02400000000001,38.01851581516718,22.0
-1,-102.87678724172255,12.038097712962962,32.0,45.888000000000005,56.98878724172256,24.0
-1,-114.67864234779825,19.359813472222168,49.0,61.24800000000003,53.43064234779821,23.0
-1,-90.72141298538844,13.228003958333332,36.0,44.54400000000001,46.17741298538843,21.0
-1,-102.70874046128084,16.14403988888887,41.0,60.096000000000025,42.61274046128083,21.0
-1,-124.93300266403816,16.63289554629625,51.0,76.32000000000004,48.61300266403812,22.0
-1,-85.08321469522468,15.840470898148151,36.0,43.96800000000002,41.115214695224665,18.0
-1,-97.45726298593652,16.16412732407407,50.0,59.52000000000002,37.937262985936506,20.0
-1,-93.59062939222586,11.931952675925908,35.0,46.08000000000001,47.51062939222585,24.0
-1,-111.75631306229822,21.77963173611105,55.0,74.49600000000004,37.26031306229818,16.0
-1,-81.98065749920217,11.758426152777778,30.0,42.24,39.740657499202165,21.0
-1,-98.59004451739146,11.68306527314816,36.0,50.88000000000001,47.71004451739145,24.0
-1,-89.9340742640141,16.873795967592592,36.0,49.63200000000001,40.30207426401408,19.0
-1,-114.55681210766365,15.804991824074063,40.0,59.712000000000025,54.8448121076636,25.0
-1,-117.99848560656535,16.339826305555526,44.0,64.70400000000002,53.29448560656535,21.0
-1,-105.50645029353028,14.708939129629629,41.0,48.960000000000015,56.54645029353026,25.0
-1,-135.7492564259792,14.062331305555563,58.0,91.29600000000003,44.45325642597916,22.0
-1,-115.12260216676512,17.707740305555486,47.0,67.29600000000003,47.82660216676508,20.0
-1,-106.04890243393372,14.933205805555527,45.0,56.54400000000002,49.50490243393372,23.0
-1,-78.0640845738593,16.88133836574073,39.0,46.56000000000002,31.504084573859277,15.0
-1,-103.37813882813192,13.211712504629624,34.0,47.52000000000001,55.85813882813192,25.0
-1,-87.98591240865335,11.251675842592594,32.0,37.632000000000005,50.35391240865335,23.0
-1,-97.8362411893908,11.283874949074068,31.0,49.344000000000015,48.492241189390775,25.0
-1,-101.36367748267648,16.27178722685182,43.0,51.936000000000014,49.42767748267647,21.0
-1,-78.89828187774316,17.937565060185182,38.0,39.168000000000006,39.73028187774315,20.0
-1,-122.98468996086316,15.216471356481458,44.0,61.15200000000002,61.83268996086313,23.0
-1,-108.4089161430674,13.818037157407389,41.0,57.21600000000002,51.19291614306736,21.0
-1,-97.37988323519122,18.00220737499995,49.0,54.81600000000003,42.563883235191184,20.0
-1,-84.67915323530426,15.64231122222222,45.0,56.160000000000025,28.51915323530424,17.0
-1,-88.20947250132895,12.476575509259256,37.0,41.568000000000005,46.64147250132895,23.0
-1,-100.97207487011178,14.822871916666656,41.0,55.48800000000002,45.48407487011176,20.0
-1,-84.37981891251158,13.422030805555554,38.0,46.84800000000001,37.531818912511575,21.0
-1,-95.22569496267556,15.8859452546296,39.0,58.08000000000003,37.14569496267553,21.0
-1,-112.58234238585452,18.313471819444374,53.0,67.10400000000003,45.4783423858545,19.0
-1,-89.74130874758087,14.904279754629613,43.0,51.55200000000002,38.18930874758085,22.0
-1,-127.42882422717793,16.342343407407384,48.0,65.28000000000003,62.14882422717789,24.0
-1,-93.74852192638882,14.533603203703697,45.0,51.16800000000002,42.5805219263888,21.0
-1,-86.4078746487967,17.142022087962946,46.0,49.05600000000001,37.3518746487967,20.0
-1,-89.17396172164354,15.303527912037042,39.0,44.35200000000002,44.821961721643525,18.0
-1,-89.2839667341085,14.984447643518536,39.0,51.64800000000001,37.63596673410849,17.0
-1,-110.36662370473974,20.29168270370363,54.0,63.84000000000004,46.52662370473969,22.0
-1,-111.71197658477251,14.69769270833334,45.0,59.32800000000003,52.38397658477249,23.0
-1,-125.43894351607123,19.65970922222209,60.0,75.45600000000003,49.98294351607121,21.0
-1,-78.79252345148919,13.780638342592589,29.0,36.96000000000001,41.83252345148918,23.0
-1,-87.3571749128193,13.025461828703694,37.0,47.808000000000014,39.54917491281929,22.0
-1,-107.16462497542705,13.179057180555551,41.0,52.60800000000002,54.55662497542703,25.0
-1,-119.77824861653642,15.003030009259223,45.0,69.79200000000003,49.98624861653638,23.0
-1,-101.9899222458644,13.620975458333309,39.0,52.512000000000015,49.47792224586438,22.0
-1,-70.16019301636581,9.224715185185184,27.0,33.504000000000005,36.656193016365805,23.0
-1,-94.05720451242698,11.45502010185186,45.0,55.20000000000002,38.85720451242696,20.0
-1,-104.84141363321642,16.693025180555544,42.0,57.120000000000026,47.72141363321639,21.0
-1,-81.86171712820891,14.715565574074049,43.0,56.35200000000002,25.50971712820889,18.0
-1,-89.04557878932816,17.239423194444438,42.0,46.56000000000002,42.485578789328144,20.0
-1,-101.68772255685562,15.716790800925905,41.0,57.12000000000002,44.56772255685559,21.0
-1,-88.13409149278924,20.61670956018516,46.0,55.776000000000025,32.358091492789214,15.0
-1,-112.2178279761963,17.715072171296274,52.0,61.34400000000003,50.87382797619627,22.0
-1,-72.62185365320943,19.570305694444425,38.0,38.78400000000001,33.837853653209415,18.0
-1,-103.0218447318341,17.204084370370342,42.0,56.83200000000002,46.18984473183407,20.0
-1,-69.75000346592286,18.05427949999998,34.0,42.33600000000001,27.41400346592285,19.0
-1,-88.73144910395393,14.68594834722224,40.0,45.024000000000015,43.70744910395391,21.0
-1,-87.72219545702254,13.066388574074049,32.0,42.91200000000001,44.81019545702253,25.0
-1,-84.92767613301669,10.77450534722222,30.0,39.36,45.5676761330167,24.0
-1,-75.24546158792668,10.1526735,32.0,40.8,34.44546158792668,24.0
-1,-90.71863906953904,21.123579097222148,44.0,61.15200000000002,29.566639069539036,18.0
-1,-102.19206767797148,17.170144208333287,45.0,53.76000000000001,48.43206767797145,22.0
-1,-119.71144855084736,15.65103330555552,45.0,67.00800000000002,52.70344855084735,22.0
-1,-95.58091971451536,12.870939745370377,37.0,43.58400000000002,51.99691971451534,24.0
-1,-85.04167983182774,17.34267539351849,36.0,47.23200000000002,37.80967983182771,17.0
-1,-110.98235407592348,18.61525466203699,48.0,60.48000000000003,50.50235407592344,21.0
-1,-77.17125406853147,16.715645101851834,37.0,45.216000000000015,31.95525406853145,18.0
-1,-81.59850490727783,13.67431667592591,36.0,47.23200000000001,34.366504907277815,20.0
-1,-101.99219914183163,15.646869203703693,35.0,46.94400000000002,55.04819914183162,22.0
-1,-104.42126264185622,16.770275935185165,46.0,51.55200000000001,52.86926264185621,22.0
-1,-93.25594472448418,14.986377587962952,33.0,40.99200000000001,52.263944724484176,22.0
-1,-85.75920115817542,14.818061962962954,43.0,51.360000000000014,34.399201158175394,18.0
-1,-86.42617146714886,15.307150175925925,38.0,48.000000000000014,38.42617146714884,18.0
-1,-78.98423480529432,14.886499092592585,33.0,41.376000000000005,37.60823480529432,19.0
-1,-90.1241329839181,14.470307180555544,49.0,59.13600000000002,30.988132983918085,18.0
-1,-72.02294006921382,17.886076291666626,41.0,45.984000000000016,26.038940069213805,17.0
-1,-111.672623197304,15.600120944444429,46.0,65.47200000000004,46.20062319730396,18.0
-1,-89.94882350534795,14.970080777777772,37.0,50.304000000000016,39.64482350534792,20.0
-1,-102.32861567902437,12.734523782407395,46.0,60.192000000000014,42.13661567902434,20.0
-1,-70.52004518258015,11.186986287037035,30.0,42.144000000000005,28.37604518258014,14.0
-1,-89.2703462775772,13.580822314814808,37.0,48.28800000000001,40.98234627757719,23.0
-1,-83.34556590901073,17.61056422685182,42.0,39.360000000000014,43.98556590901072,21.0
-1,-87.84742386980543,18.17504010185185,44.0,48.00000000000001,39.84742386980542,19.0
-1,-107.26700699182511,17.870645499999956,46.0,58.36800000000002,48.89900699182511,24.0
-1,-118.16372274583908,20.13756020833329,55.0,68.83200000000004,49.33172274583904,19.0
-1,-84.58120303889659,17.623652124999964,40.0,46.17600000000001,38.40520303889658,18.0
-1,-77.56779213721451,12.216785532407412,42.0,47.80800000000001,29.759792137214507,21.0
-1,-99.4605722029725,18.52710292592588,48.0,65.18400000000003,34.276572202972474,17.0
-1,-89.81283832328504,15.736868226851849,42.0,49.53600000000002,40.27683832328502,22.0
-1,-87.19989549862237,13.12100398611109,41.0,47.32800000000002,39.87189549862236,22.0
-1,-82.17196047770551,13.175425152777796,34.0,36.288,45.88396047770551,19.0
-1,-78.17290093273272,13.259155115740729,44.0,52.032000000000025,26.140900932732688,19.0
-1,-93.64663683499565,14.110177587962948,46.0,59.23200000000002,34.41463683499562,17.0
-1,-94.89234440448158,14.20291266666666,39.0,46.46400000000001,48.42834440448156,22.0
-1,-100.76485528781532,16.53589133796292,50.0,60.00000000000002,40.764855287815294,20.0
-1,-89.45114471085347,16.43561074074073,41.0,49.824000000000005,39.62714471085346,18.0
-1,-94.77325167521346,14.698842523148109,37.0,48.67200000000002,46.10125167521345,23.0
-1,-70.40158230079427,14.135558245370335,40.0,43.10400000000001,27.297582300794268,16.0
-1,-83.2209969190869,15.13899662962964,38.0,43.680000000000014,39.54099691908688,21.0
-1,-100.11556189756423,12.462581527777754,41.0,54.33600000000002,45.77956189756422,23.0
-1,-86.5651663342442,18.314558722222188,50.0,60.384000000000015,26.181166334244185,13.0
-1,-79.9640445759403,11.166206513888891,33.0,39.36,40.60404457594031,22.0
-1,-97.01720330017466,13.833625083333317,37.0,48.384000000000015,48.63320330017464,24.0
-1,-86.40241087120094,15.225573745370346,41.0,53.088000000000015,33.314410871200934,15.0
-1,-95.46029392612266,10.722366166666667,38.0,48.28800000000001,47.17229392612265,24.0
-1,-80.92979855344755,12.826610597222208,45.0,52.99200000000002,27.93779855344754,19.0
-1,-98.20248718675572,14.559093305555558,40.0,55.20000000000002,43.00248718675571,20.0
-1,-70.5712158135434,14.03851893518517,36.0,39.168,31.4032158135434,18.0
-1,-100.62454490822364,12.838257773148142,38.0,47.424000000000014,53.20054490822361,23.0
-1,-230.5758289286362,14.312114037037022,92.0,161.5680000000001,69.00782892863612,25.0
-1,-86.9286044631082,13.647593374999987,37.0,52.320000000000014,34.608604463108186,21.0
-1,-94.75097440430342,18.0279833472222,41.0,46.94400000000002,47.8069744043034,21.0
-1,-91.30911260394892,15.283291731481478,39.0,41.952000000000005,49.35711260394893,24.0
-1,-132.48847100843886,16.606434004629627,59.0,63.45600000000002,69.03247100843883,22.0
-1,-99.11723898704184,16.955883513888846,44.0,51.64800000000002,47.46923898704182,20.0
-1,-88.40404026651282,18.036858930555525,35.0,44.83200000000001,43.57204026651282,18.0
-1,-101.09068720761348,12.40422723148147,46.0,64.12800000000003,36.96268720761346,19.0
-1,-131.58451949407615,15.15924124537034,56.0,71.71200000000003,59.87251949407612,23.0
-1,-81.43814350384407,15.414018662037025,35.0,38.976000000000006,42.46214350384407,23.0
-1,-93.776748174333,13.068836564814802,45.0,48.960000000000015,44.81674817433298,24.0
-1,-108.6645917500675,16.592100592592576,51.0,60.672000000000025,47.99259175006747,21.0
-1,-115.2793410094174,18.64509822222214,51.0,70.17600000000003,45.10334100941738,21.0
-1,-136.931126395303,20.63279158333323,51.0,65.85600000000004,71.07512639530297,21.0
-1,-113.06400254538184,17.81967249074068,52.0,64.12800000000003,48.93600254538181,20.0
-1,-86.89132721895888,12.012492342592584,37.0,52.03200000000002,34.85932721895887,22.0
-1,-96.93109798659825,21.441323814814744,39.0,48.192000000000014,48.73909798659824,18.0
-1,-111.9422878364758,16.66835976388885,46.0,55.58400000000002,56.3582878364758,23.0
-1,-91.9762289010826,14.58450592592594,40.0,41.952000000000005,50.0242289010826,24.0
-1,-95.00714870152817,18.1683763009259,50.0,52.12800000000003,42.87914870152812,19.0
-1,-114.46348223523415,17.23532697222217,52.0,59.80800000000003,54.65548223523412,21.0
-1,-97.06699958545062,13.271938097222227,41.0,56.06400000000002,41.0029995854506,20.0
-1,-111.13775313674752,16.886904476851807,42.0,57.79200000000002,53.34575313674751,22.0
-1,-85.94991915513967,19.317089999999983,43.0,51.07200000000002,34.87791915513965,17.0
-1,-83.7458696009588,17.679199185185198,42.0,49.15200000000001,34.5938696009588,19.0
-1,-65.02891118676109,11.361880745370357,29.0,35.808,29.220911186761093,20.0
-1,-128.28716629440606,18.545938949074,61.0,72.09600000000003,56.191166294406045,23.0
-1,-68.40845559482248,10.25633579166667,28.0,38.496,29.91245559482249,17.0
-1,-94.83012948369466,19.62975929629626,48.0,59.42400000000002,35.40612948369465,16.0
-1,-114.3700900126805,16.36327819907406,44.0,53.85600000000002,60.51409001268048,24.0
-1,-87.09671814537631,18.44036707407406,40.0,49.920000000000016,37.17671814537629,19.0
-1,-103.39292649164342,14.871256986111089,47.0,53.85600000000002,49.5369264916434,22.0
-1,-120.943080969637,14.805161990740707,44.0,61.82400000000003,59.11908096963699,24.0
-1,-128.01207668498776,16.44332751388886,56.0,69.12000000000002,58.89207668498774,23.0
-1,-87.86783313111633,10.706532412037038,32.0,40.89600000000001,46.97183313111631,25.0
-1,-101.55565758431284,18.264169231481443,41.0,58.27200000000001,43.28365758431281,20.0
-1,-131.36809618299827,18.42660076851848,62.0,86.49600000000005,44.87209618299822,20.0
-1,-121.26875653648906,16.447673129629592,62.0,76.70400000000002,44.56475653648905,22.0
-1,-116.38324059731006,15.68474281481481,48.0,59.712000000000025,56.67124059731004,23.0
-1,-88.4480643550153,15.594711416666645,36.0,49.82400000000002,38.62406435501528,19.0
-1,-126.0352385607039,15.126303625000013,51.0,62.304000000000016,63.73123856070388,21.0
-1,-91.65597523923785,11.49050887037038,34.0,39.168000000000006,52.48797523923783,26.0
-1,-89.79309452701881,15.110046662037034,44.0,49.344000000000015,40.44909452701879,24.0
-1,-84.68042219488362,13.967431263888887,44.0,56.06400000000002,28.61642219488359,16.0
-1,-64.21493121218838,10.195793078703703,33.0,44.352,19.86293121218837,14.0
-1,-91.30600832042596,15.264164333333342,41.0,59.424000000000014,31.882008320425967,18.0
-1,-74.6479280347899,12.825957819444437,34.0,43.58400000000001,31.06392803478989,17.0
-1,-86.30954107725631,14.644689856481463,46.0,47.616000000000014,38.69354107725631,19.0
-1,-95.35399333995684,14.0293190509259,46.0,61.05600000000003,34.2979933399568,20.0
-1,-64.9126243765394,8.205376990740742,37.0,39.93600000000001,24.976624376539394,18.0
-1,-86.65406832927842,8.38961874537038,38.0,44.16000000000002,42.4940683292784,25.0
-1,-101.02826973258522,14.238570592592588,46.0,53.95200000000002,47.0762697325852,22.0
-1,-106.23462622862996,11.702929018518502,41.0,63.45600000000002,42.778626228629925,25.0
-1,-79.74842176832463,14.47659677777778,39.0,52.22400000000001,27.524421768324626,16.0
-1,-100.18725456116874,15.302342384259246,47.0,56.92800000000002,43.25925456116873,23.0
-1,-98.17397601211955,14.405221814814816,46.0,58.65600000000003,39.51797601211953,22.0
-1,-95.38528663266652,16.263911245370352,41.0,56.736000000000026,38.64928663266649,20.0
-1,-112.95141296383868,14.475925041666638,47.0,60.96000000000002,51.991412963838656,25.0
-1,-105.88402813382235,20.678197296296243,48.0,47.32800000000002,58.556028133822345,20.0
-1,-115.52455800087534,20.17067420370364,49.0,70.56000000000003,44.96455800087532,19.0
-1,-72.65984149384343,18.677718810185176,37.0,38.01600000000001,34.643841493843425,18.0
-1,-92.0504151645907,13.922601101851871,41.0,48.00000000000001,44.050415164590696,21.0
-1,-93.4963197418872,18.025035925925863,37.0,51.16800000000001,42.32831974188719,20.0
-1,-162.1479364406609,20.37890819907397,66.0,105.88800000000006,56.25993644066086,22.0
-1,-76.09701275116016,14.357831439814824,30.0,31.68,44.41701275116017,20.0
-1,-106.78658246804534,16.06774112037035,45.0,58.08000000000003,48.70658246804532,23.0
-1,-84.98829120460138,12.09792988888889,34.0,44.83200000000001,40.156291204601374,24.0
-1,-106.48044828777576,15.01839457870368,48.0,59.13600000000002,47.34444828777574,21.0
-1,-107.66165411111908,13.486114393518523,47.0,58.84800000000003,48.81365411111904,22.0
-1,-89.56286825688068,16.3334208796296,40.0,53.760000000000026,35.80286825688066,20.0
-1,-85.15550280529484,12.244771439814812,37.0,49.92000000000001,35.23550280529484,20.0
-1,-95.82207731751564,21.98909265277774,46.0,61.53600000000003,34.28607731751562,16.0
-1,-78.43668948696191,15.274975962962968,32.0,39.64800000000001,38.78868948696191,18.0
-1,-78.17554065464637,18.16303552777777,33.0,35.328,42.84754065464636,20.0
-1,-108.98873343163626,16.803694013888844,37.0,58.75200000000002,50.23673343163623,20.0
-1,-86.85997115563076,12.728700995370351,34.0,40.41600000000001,46.44397115563075,25.0
-1,-80.42885259228002,8.715421236111112,29.0,39.072,41.35685259228003,25.0
-1,-89.15483694836544,14.613153097222227,38.0,48.768000000000015,40.38683694836543,20.0
-1,-99.12822513234283,15.45350351388887,36.0,51.26400000000002,47.86422513234283,19.0
-1,-75.45370555061129,16.26724855555555,34.0,43.39200000000001,32.061705550611286,18.0
-1,-115.5412171706675,15.801324162037048,47.0,61.248000000000026,54.29321717066746,22.0
-1,-101.15565210522132,13.915844541666669,39.0,45.216000000000015,55.93965210522131,24.0
-1,-116.23068654702088,14.965113189814788,43.0,62.20800000000003,54.02268654702084,24.0
-1,-88.73630148567173,15.516825319444436,40.0,51.744000000000014,36.99230148567171,22.0
-1,-98.57023037625083,11.1917360972222,36.0,45.98400000000001,52.58623037625083,25.0
-1,-79.84812863508898,12.114638504629626,33.0,42.43200000000001,37.41612863508898,20.0
-1,-92.38600141352336,21.09487926388881,43.0,58.56000000000002,33.82600141352332,14.0
-1,-94.47811344170688,17.015756143518477,46.0,64.03200000000002,30.446113441706856,17.0
-1,-97.58948702819352,17.3052755601852,45.0,49.728,47.86148702819352,21.0
-1,-71.80182525588391,12.907940944444464,36.0,33.888000000000005,37.91382525588391,23.0
-1,-80.15418235406015,12.02450090277779,34.0,38.400000000000006,41.75418235406015,24.0
-1,-90.73867539528496,11.722599328703708,41.0,53.472000000000016,37.26667539528496,19.0
-1,-92.59527403210755,15.087621624999985,50.0,70.08000000000003,22.515274032107524,16.0
-1,-74.944703139729,14.110266282407393,40.0,44.83200000000001,30.112703139728996,19.0
-1,-93.80423923562776,11.507731023148157,37.0,42.04800000000001,51.75623923562775,24.0
-1,-100.32868451560664,13.850799425925898,42.0,60.38400000000002,39.94468451560662,21.0
-1,-116.95350842721058,16.446235152777753,51.0,66.33600000000003,50.61750842721055,21.0
-1,-96.85874987311948,18.877608958333333,46.0,50.20800000000001,46.65074987311948,20.0
-1,-75.22952111380971,16.497484523148124,40.0,41.37600000000001,33.853521113809705,20.0
-1,-94.72083173621436,17.992279222222187,59.0,64.22400000000003,30.49683173621432,17.0
-1,-82.3509147653796,17.957000393518474,37.0,48.576000000000015,33.774914765379584,18.0
-1,-94.44012510632122,11.877151865740744,40.0,50.78400000000001,43.656125106321205,23.0
-1,-94.9437086082345,13.533486379629634,41.0,54.91200000000002,40.03170860823448,18.0
-1,-81.72132773300993,14.39750200462962,36.0,42.336000000000006,39.38532773300992,24.0
-1,-118.68781344310582,20.09841178240732,58.0,82.84800000000004,35.83981344310579,18.0
-1,-93.96483413395045,12.698436398148129,39.0,48.09600000000002,45.86883413395043,22.0
-1,-81.95469638365329,14.731432532407403,40.0,52.99200000000001,28.96269638365328,15.0
-1,-85.90239855437332,17.497950999999983,38.0,48.67200000000001,37.23039855437331,15.0
-1,-104.1155249108555,16.058805824074035,44.0,59.23200000000002,44.883524910855485,20.0
-1,-103.49207610936789,13.93182603703703,43.0,52.22400000000002,51.268076109367854,25.0
-1,-84.29001412359676,18.79799576388885,48.0,51.552000000000014,32.73801412359675,18.0
-1,-80.14846848273751,15.02950496759258,41.0,48.96000000000001,31.188468482737512,18.0
-1,-91.94548484541804,12.57600206481479,41.0,54.62400000000002,37.32148484541803,19.0
-1,-74.60981235522735,13.824366949074063,41.0,43.39200000000001,31.217812355227345,19.0
-1,-69.82388666136148,11.259856467592575,25.0,37.344,32.47988666136148,19.0
-1,-91.27707804983712,15.164755111111107,34.0,41.76000000000001,49.5170780498371,23.0
-1,-103.89039733471776,10.724902935185192,37.0,49.44000000000002,54.45039733471773,23.0
-1,-95.65048410342608,16.35856770833328,41.0,57.12000000000002,38.53048410342604,21.0
-1,-73.27642192139223,19.954275712962925,38.0,39.168,34.10842192139222,19.0
-1,-86.85658184449852,17.835659763888856,41.0,56.73600000000002,30.120581844498503,17.0
-1,-77.99506385988309,16.360885342592596,34.0,37.344,40.65106385988309,19.0
-1,-99.30968946154462,18.252091486111063,46.0,51.26400000000002,48.045689461544605,20.0
-1,-86.5239007835573,15.450556263888869,36.0,48.19200000000001,38.33190078355729,19.0
-1,-96.00923317805578,17.341717273148124,38.0,49.536000000000016,46.47323317805576,22.0
-1,-112.08866036184332,18.49442776388885,60.0,64.51200000000003,47.57666036184329,21.0
-1,-102.06710915939944,15.946660527777771,42.0,53.28000000000002,48.78710915939944,22.0
-1,-97.11502250643522,13.114319995370366,44.0,53.95200000000002,43.1630225064352,20.0
-1,-89.55717082968349,13.97959850925924,39.0,46.368000000000016,43.18917082968347,23.0
-1,-87.68095339931111,9.2549205462963,39.0,43.20000000000001,44.48095339931111,23.0
-1,-116.768295155207,14.907678953703671,42.0,63.648000000000025,53.12029515520698,24.0
-1,-171.90834148702632,19.201698129629527,73.0,115.68000000000008,56.22834148702624,23.0
-1,-92.69617216484764,13.805299402777791,39.0,48.288,44.40817216484764,20.0
-1,-87.96965741169606,22.16085281944442,51.0,54.62400000000003,33.34565741169604,15.0
-1,-117.49737710349866,16.219610874999987,49.0,62.208000000000034,55.28937710349863,19.0
-1,-111.75146154627912,13.303045643518516,32.0,51.936000000000014,59.81546154627911,25.0
-1,-81.227773111875,17.86246525462959,46.0,48.28800000000002,32.939773111874985,18.0
-1,-73.12177541377079,13.085883564814834,33.0,41.28000000000001,31.841775413770776,19.0
-1,-110.26058877099736,20.721843074074044,50.0,63.07200000000002,47.18858877099734,18.0
-1,-76.07993114367895,11.47982701851851,28.0,41.66400000000001,34.41593114367894,22.0
-1,-104.20259899982702,16.606529347222196,42.0,53.280000000000015,50.922598999827,20.0
-1,-91.27255827045828,14.635084069444448,45.0,48.09600000000002,43.176558270458266,24.0
-1,-77.42202279193143,11.553910879629612,35.0,44.640000000000015,32.782022791931404,19.0
-1,-83.26592964333972,12.438175888888871,41.0,44.92800000000002,38.33792964333969,22.0
-1,-128.2297708986236,19.72493193055548,49.0,72.96000000000004,55.26977089862356,19.0
-1,-94.7403584623905,12.452770671296284,41.0,45.69600000000001,49.04435846239048,24.0
-1,-111.73161636104471,16.847844671296283,45.0,55.58400000000002,56.14761636104471,23.0
-1,-78.3473057550552,14.803640740740732,39.0,50.11200000000001,28.235305755055187,16.0
-1,-92.99548411016136,15.188595175925904,45.0,51.36000000000002,41.635484110161336,17.0
-1,-79.37082359880509,16.908431189814813,44.0,48.384000000000015,30.98682359880507,14.0
-1,-78.94994654200954,18.871847703703672,47.0,51.84000000000002,27.10994654200952,17.0
-1,-97.97123192061268,11.906727995370382,38.0,47.424000000000014,50.547231920612646,25.0
-1,-105.12528223703424,11.187573800925923,36.0,53.472000000000016,51.65328223703421,25.0
-1,-78.43604446123913,12.032560194444446,33.0,46.75200000000001,31.68404446123913,20.0
-1,-120.6022767016129,16.748600759259205,50.0,73.82400000000004,46.77827670161285,21.0
-1,-93.53066714103574,15.580157569444424,43.0,52.12800000000002,41.40266714103571,20.0
-1,-102.35900476304028,17.024402787036994,45.0,56.928000000000026,45.43100476304026,23.0
-1,-86.96564582090512,17.627610912036996,45.0,55.77600000000002,31.189645820905103,19.0
-1,-91.52142685823615,17.396905773148138,43.0,51.93600000000002,39.58542685823616,18.0
-1,-100.10129044275833,17.79516183333329,53.0,62.78400000000001,37.31729044275829,17.0
-1,-108.8294080644416,16.410540763888864,40.0,50.68800000000001,58.14140806444159,24.0
-1,-114.95733197499143,13.641767726851834,36.0,58.56000000000002,56.397331974991424,23.0
-1,-87.95648435569427,13.247983708333322,28.0,46.27200000000002,41.68448435569426,20.0
-1,-72.35307675496645,17.191680185185152,38.0,43.20000000000001,29.153076754966435,18.0
-1,-111.6888026271277,17.299664648148084,43.0,53.472000000000016,58.21680262712768,25.0
-1,-102.16554799950872,19.020016226851773,44.0,61.440000000000026,40.72554799950869,16.0
-1,-141.34518144644366,13.53644862037034,59.0,98.49600000000008,42.8491814464436,20.0
-1,-80.94498972881712,13.588286398148153,44.0,52.03200000000001,28.91298972881712,17.0
-1,-103.18544482048664,16.077176305555515,50.0,67.48800000000001,35.69744482048662,20.0
-1,-85.84260622012411,14.125868527777769,44.0,55.488000000000014,30.354606220124097,16.0
-1,-87.61856621360175,13.061292925925915,45.0,52.89600000000002,34.72256621360174,20.0
-1,-81.20186314234792,14.970593004629634,33.0,45.12000000000001,36.08186314234791,18.0
-1,-85.14651004699013,13.12610528240741,33.0,42.24,42.90651004699013,23.0
-1,-89.50794838974818,11.493568810185176,40.0,45.6,43.90794838974817,24.0
-1,-92.99430670969652,14.096611032407402,45.0,60.00000000000003,32.9943067096965,19.0
-1,-157.04180810155475,20.09666035648137,65.0,103.20000000000006,53.84180810155468,23.0
-1,-101.55278562065696,12.517554634259229,41.0,59.04000000000003,42.51278562065693,24.0
-1,-115.42932714922068,14.748670944444427,54.0,70.36800000000004,45.06132714922065,20.0
-1,-82.5852648898786,19.03357831018516,42.0,45.98400000000002,36.60126488987858,21.0
-1,-75.94417844504447,11.212059546296295,34.0,46.368,29.576178445044462,18.0
-1,-95.19856853766616,17.284744601851816,48.0,58.65600000000001,36.54256853766613,19.0
-1,-98.03396490483055,18.18026923611109,38.0,46.17600000000001,51.85796490483056,19.0
-1,-88.8125696532546,16.157741111111104,38.0,50.30400000000001,38.50856965325458,22.0
-1,-119.34285190437608,11.787471824074071,46.0,67.20000000000003,52.14285190437606,26.0
-1,-82.3381725859125,17.61050668518516,51.0,55.29600000000001,27.042172585912496,18.0
-1,-90.71028210805628,16.464456106481457,54.0,62.30400000000003,28.406282108056264,17.0
-1,-97.84836241106652,16.774397083333294,48.0,54.52800000000002,43.3203624110665,19.0
-1,-98.04338215739158,15.693872504629612,47.0,53.37600000000002,44.66738215739156,23.0
-1,-95.83689054120164,17.247872143518485,42.0,56.35200000000002,39.48489054120161,20.0
-1,-118.73233156432153,20.643160143518404,52.0,68.44800000000004,50.28433156432148,21.0
-1,-94.93062460974338,14.440027509259254,42.0,48.57600000000001,46.35462460974337,22.0
-1,-77.89670189282798,13.126957657407411,30.0,37.05600000000001,40.840701892827965,21.0
-1,-84.55084941272412,16.89657030555557,36.0,39.64800000000001,44.90284941272412,19.0
-1,-84.143874877792,16.129147115740736,37.0,47.23200000000001,36.91187487779198,19.0
-1,-92.58269761306236,13.313426143518509,39.0,50.01600000000001,42.566697613062345,20.0
-1,-103.07997057634375,16.609941976851847,46.0,56.25600000000003,46.82397057634372,21.0
-1,-101.69037857043416,12.04140591203703,34.0,53.76000000000002,47.93037857043413,24.0
-1,-108.04586234425474,16.674412277777737,40.0,56.352000000000025,51.69386234425471,21.0
-1,-84.6620950479134,17.357503462962942,36.0,44.640000000000015,40.022095047913375,16.0
-1,-74.15363823172294,21.21256343981479,42.0,52.03200000000002,22.12163823172293,10.0
-1,-92.35057274288852,14.868840055555523,40.0,52.70400000000001,39.64657274288852,22.0
-1,-88.14473363468966,18.12795095833329,37.0,43.2,44.944733634689655,20.0
-1,-88.91816650030052,18.114730106481456,38.0,43.96800000000001,44.95016650030051,21.0
-1,-121.25547335679175,15.787210814814784,39.0,61.440000000000026,59.81547335679173,23.0
-1,-101.60863156185312,19.026340962962884,53.0,74.01600000000003,27.59263156185308,16.0
-1,-58.27934573940252,11.795624356481484,33.0,38.68800000000001,19.59134573940251,15.0
-1,-79.49121852413198,20.381792217592555,47.0,53.47200000000002,26.019218524131954,13.0
-1,-102.74649997713256,21.38202362037032,48.0,56.064000000000014,46.682499977132565,17.0
-1,-81.55384002630764,9.758337824074076,42.0,45.216,36.33784002630764,20.0
-1,-88.20402209631558,13.844398611111105,36.0,44.25600000000001,43.94802209631558,20.0
-1,-98.07031341232864,12.087596472222216,53.0,63.16800000000003,34.9023134123286,20.0
-1,-116.1405453455925,14.502145018518496,51.0,70.17600000000003,45.96454534559246,23.0
-1,-82.54026317013357,18.084791407407405,56.0,61.440000000000026,21.100263170133548,11.0
-1,-87.11233475802783,20.58193572222217,44.0,52.704000000000015,34.408334758027806,20.0
-1,-94.8984140898542,19.15569357407403,41.0,51.93600000000002,42.96241408985416,21.0
-1,-84.5336058459433,18.09412461574071,44.0,48.576000000000015,35.95760584594328,19.0
-1,-94.4475957502778,14.1378082685185,44.0,55.20000000000001,39.24759575027778,18.0
-1,-91.6996074746758,18.05335484259257,43.0,53.08800000000002,38.61160747467576,19.0
-1,-83.56645727288083,15.001074222222222,43.0,47.13600000000001,36.43045727288081,18.0
-1,-84.31692463674526,16.21534455555553,40.0,42.72000000000001,41.59692463674524,22.0
-1,-71.98270566768296,12.823383319444453,36.0,39.168000000000006,32.81470566768296,19.0
-1,-90.1330439586306,17.503622402777754,36.0,48.288,41.84504395863058,20.0
-1,-97.5100571720825,21.84639912499995,45.0,58.17600000000003,39.33405717208246,17.0
-1,-109.01877202762871,16.470155101851823,52.0,68.83200000000002,40.18677202762871,19.0
-1,-73.54820829441732,16.069889620370354,40.0,42.24000000000001,31.30820829441732,16.0
-1,-108.71060218043264,15.562308412037016,50.0,66.33600000000003,42.37460218043262,20.0
-1,-84.53625497911366,17.111810671296265,39.0,48.09600000000001,36.44025497911365,20.0
-1,-98.74030110748458,20.24364286111108,49.0,46.08000000000002,52.66030110748456,21.0
-1,-88.81966809405316,16.283619722222205,45.0,52.60800000000002,36.21166809405314,20.0
-1,-94.20228100394786,17.38964803703699,48.0,66.33600000000003,27.86628100394784,17.0
-1,-78.3966237524614,12.434631884259252,40.0,45.792000000000016,32.60462375246138,17.0
-1,-75.92086591585958,12.6491155,29.0,36.76800000000001,39.15286591585957,20.0
-1,-144.02020533627524,15.789354694444402,65.0,96.57600000000004,47.444205336275175,24.0
-1,-102.78330059519024,16.27338624537035,46.0,53.472000000000016,49.31130059519024,22.0
-1,-98.25908909239551,21.87751316203699,51.0,65.85600000000004,32.40308909239548,15.0
-1,-88.66260482878545,15.393142245370372,36.0,47.23200000000002,41.43060482878542,16.0
-1,-86.63743925813773,13.683120375000003,45.0,49.05600000000001,37.58143925813772,18.0
-1,-80.80229282918495,17.938914583333307,42.0,48.960000000000015,31.842292829184935,16.0
-1,-239.2898897138382,16.534956810185133,96.0,164.1600000000001,75.1298897138381,24.0
-1,-91.33534089043218,16.00923909722222,48.0,70.27200000000002,21.06334089043217,13.0
-1,-91.47710764122093,16.369044300925907,37.0,45.88800000000001,45.58910764122092,22.0
-1,-94.64623131364974,13.499436175925911,30.0,40.70400000000001,53.942231313649735,25.0
-1,-96.90725552277584,17.79939990740738,49.0,58.84800000000002,38.05925552277583,20.0
-1,-104.89846774719229,15.654626851851823,43.0,57.50400000000002,47.39446774719226,25.0
-1,-110.34532558203864,14.361002222222211,41.0,58.46400000000003,51.88132558203861,20.0
-1,-87.26116787502946,16.770110546296298,32.0,35.52,51.74116787502946,22.0
-1,-106.34641936122308,14.613313518518494,46.0,62.30400000000003,44.04241936122303,25.0
-1,-82.80207584873708,17.429572087962935,40.0,46.94400000000002,35.85807584873706,18.0
-1,-110.59703052174729,14.604142462962963,39.0,54.62400000000002,55.97303052174727,21.0
-1,-85.673133793433,13.921595791666652,37.0,43.10400000000001,42.56913379343298,22.0
-1,-92.7359547096142,22.389693574074048,53.0,60.096000000000025,32.63995470961417,15.0
-1,-102.48695540274076,16.047246398148122,47.0,61.440000000000026,41.04695540274073,18.0
-1,-91.1201953253218,14.276143157407386,43.0,54.62400000000003,36.49619532532175,22.0
-1,-98.17755417936324,16.680863231481464,50.0,61.344000000000015,36.833554179363205,20.0
-1,-79.18175230226954,14.501561819444422,31.0,42.04800000000001,37.133752302269535,22.0
-1,-101.36761964367606,13.302619981481469,44.0,57.120000000000005,44.24761964367606,18.0
-1,-81.1101881293798,15.707791921296293,38.0,43.872000000000014,37.23818812937978,22.0
-1,-87.91598126103531,17.863326328703675,49.0,64.22400000000003,23.691981261035277,15.0
-1,-95.64579937711378,12.106835694444444,43.0,47.90400000000002,47.741799377113765,23.0
-1,-75.87298919853964,22.01878533333328,45.0,52.41600000000002,23.456989198539617,15.0
-1,-96.02280677255231,18.631961976851795,41.0,52.512000000000015,43.51080677255232,21.0
-1,-98.8426763932098,14.426431513888897,42.0,53.28000000000002,45.56267639320978,22.0
-1,-101.66883328502364,18.004992240740705,47.0,60.096000000000025,41.572833285023634,21.0
-1,-78.97903319700141,20.126701245370352,42.0,44.352,34.62703319700141,16.0
-1,-120.45919046321744,15.534542166666643,50.0,74.20800000000003,46.25119046321741,20.0
-1,-110.20894180287816,15.10174392592591,43.0,63.74400000000004,46.464941802878144,25.0
-1,-110.82398905577882,14.31217438425926,51.0,56.06400000000002,54.7599890557788,23.0
-1,-80.1743629933633,16.496831768518504,44.0,48.57600000000001,31.59836299336329,14.0
-1,-72.77466643129979,13.270337532407394,32.0,43.96800000000001,28.806666431299774,12.0
-1,-110.46803554745937,19.748561949074016,50.0,57.98400000000003,52.484035547459314,21.0
-1,-65.05390568654326,16.805073828703687,43.0,37.44000000000001,27.61390568654325,13.0
-1,-117.4657295372164,15.492076717592589,49.0,57.888000000000034,59.57772953721636,23.0
-1,-116.73611896885294,14.244648185185188,51.0,60.864000000000026,55.87211896885291,25.0
-1,-80.65126976964298,14.456190069444457,37.0,39.168000000000006,41.48326976964297,22.0
-1,-80.05647947683491,17.026003699074025,40.0,41.568000000000005,38.4884794768349,21.0
-1,-68.92978466129402,16.770000916666657,40.0,42.04800000000001,26.881784661294013,16.0
-1,-106.7101446813725,17.910031078703657,47.0,53.56800000000002,53.142144681372486,23.0
-1,-97.5594108261038,18.10392356018515,45.0,56.83200000000002,40.72741082610377,19.0
-1,-95.8686432527456,11.38608212037038,37.0,43.776,52.0926432527456,24.0
-1,-83.03646680903577,18.105149893518483,43.0,50.11200000000002,32.92446680903574,21.0
-1,-100.0460179296981,22.41055926388885,52.0,53.37600000000002,46.67001792969808,21.0
-1,-93.08389841265527,16.303135050925913,41.0,56.06400000000002,37.01989841265527,17.0
-1,-85.98701818108205,17.8774794537037,48.0,51.93600000000002,34.05101818108203,19.0
-1,-76.84592389311929,14.85629244907408,36.0,50.78400000000001,26.061923893119275,17.0
-1,-90.89473089333607,13.677893333333335,37.0,45.600000000000016,45.29473089333607,20.0
-1,-100.51896249810623,14.488100800925904,42.0,57.504000000000026,43.01496249810622,22.0
-1,-85.04595824547125,14.84652398148146,37.0,46.27200000000001,38.77395824547124,21.0
-1,-100.52283448793165,15.21191906018518,43.0,54.72000000000002,45.80283448793162,21.0
-1,-93.6389226022532,14.35593668981478,45.0,51.648000000000025,41.99092260225317,22.0
-1,-81.19221193737717,19.39372845833329,34.0,44.35200000000001,36.84021193737716,16.0
-1,-72.72412812947414,17.59976049537035,43.0,51.07200000000002,21.65212812947412,13.0
-1,-95.993180573511,21.247119824074005,46.0,54.72000000000003,41.27318057351099,20.0
-1,-81.23509742851121,12.882536074074052,39.0,52.32000000000001,28.915097428511206,18.0
-1,-95.39535137551086,14.994938833333306,39.0,53.18400000000002,42.21135137551084,21.0
-1,-76.87390273371393,16.210138398148167,42.0,46.944,29.92990273371393,14.0
-1,-75.58604669391394,15.271734638888883,34.0,41.76000000000002,33.82604669391392,22.0
-1,-101.73244951635829,13.584653055555576,43.0,56.25600000000003,45.47644951635824,23.0
-1,-99.6911553922432,15.036399412037,54.0,64.32000000000002,35.37115539224316,19.0
-1,-77.0601840135142,14.172222018518507,35.0,40.512000000000015,36.54818401351419,19.0
-1,-88.02416657177575,21.773304736111115,47.0,50.88000000000002,37.144166571775735,18.0
-1,-130.07452305762166,16.266349370370317,50.0,64.41600000000003,65.65852305762165,24.0
-1,-79.82112857332623,9.93596212037037,31.0,44.44800000000001,35.37312857332622,21.0
-1,-94.538442722281,10.61996747685185,38.0,48.57600000000001,45.962442722281,23.0
-1,-88.52843541404991,16.336069754629598,37.0,44.832,43.6964354140499,23.0
-1,-68.0097002617155,14.29219594444445,26.0,30.336,37.673700261715496,17.0
-1,-87.20489643906541,12.416232222222227,42.0,52.60800000000001,34.596896439065404,19.0
-1,-73.92906983911439,14.359808435185196,35.0,39.26400000000001,34.66506983911438,20.0
-1,-96.7853419015621,21.23957245370369,57.0,69.21600000000001,27.5693419015621,14.0
-1,-96.51567383950032,25.46553118981467,49.0,55.48800000000003,41.027673839500295,21.0
-1,-104.3709232938345,15.967361814814808,52.0,62.11200000000003,42.25892329383446,21.0
-1,-108.50918173561024,18.225827939814764,44.0,55.39200000000002,53.1171817356102,22.0
-1,-100.45906280573784,15.277379324074063,40.0,53.56800000000002,46.89106280573782,23.0
-1,-158.85702627440344,14.07144241666663,63.0,102.52800000000006,56.32902627440339,24.0
-1,-99.22296999159477,15.647169874999973,47.0,63.26400000000002,35.95896999159474,18.0
-1,-86.48197337716944,13.403385037037026,40.0,48.76800000000002,37.71397337716942,21.0
-1,-90.17098696487508,14.258301245370372,44.0,52.41600000000001,37.75498696487508,23.0
-1,-109.52754712770786,13.201689282407395,50.0,65.95200000000003,43.57554712770783,24.0
-1,-82.87495610959748,14.940346458333345,42.0,43.10400000000001,39.77095610959746,18.0
-1,-82.0187657922699,16.022880046296308,37.0,46.56000000000001,35.45876579226989,17.0
-1,-86.97485247801784,16.905003476851846,48.0,56.83200000000003,30.142852478017808,15.0
-1,-182.2982546265885,20.892435902777667,84.0,135.55200000000008,46.74625462658838,18.0
-1,-77.39661248428311,16.099853125000006,32.0,39.45600000000001,37.94061248428311,20.0
-1,-72.5490833856256,13.779793680555551,37.0,41.376000000000005,31.173083385625592,18.0
-1,-175.1000808019367,13.353088472222224,65.0,96.96000000000006,78.14008080193666,27.0
-1,-87.38293921769711,17.19771079166665,45.0,49.728000000000016,37.6549392176971,19.0
-1,-109.0075987936392,14.782388333333326,46.0,68.06400000000002,40.94359879363919,19.0
-1,-84.68910702419302,11.244779504629648,41.0,45.12000000000001,39.569107024193016,21.0
-1,-55.25377076213089,10.218108393518532,29.0,26.592,28.66177076213089,20.0
-1,-85.88708476195205,14.846457101851843,38.0,47.52000000000001,38.36708476195204,18.0
-1,-106.69105329929624,16.103443273148102,45.0,69.50400000000003,37.1870532992962,22.0
-1,-93.50727905283446,9.578337199074076,35.0,50.78400000000001,42.72327905283445,25.0
-1,-113.7233070474137,13.123240171296276,52.0,67.00800000000004,46.71530704741366,22.0
-1,-88.80518396074248,16.25988085185183,34.0,45.50400000000001,43.30118396074246,20.0
-1,-120.94002989833608,16.700245925925902,52.0,83.32800000000005,37.61202989833603,17.0
-1,-86.29669074974473,19.092749333333288,40.0,45.69600000000001,40.60069074974471,19.0
-1,-90.6221576197498,18.64398090277771,45.0,53.76000000000002,36.86215761974979,19.0
-1,-84.90404008069169,17.460175685185146,44.0,54.33600000000003,30.568040080691663,17.0
-1,-86.4407311283879,12.65040729166665,37.0,44.832000000000015,41.60873112838788,23.0
-1,-77.20128783549802,13.125909796296304,40.0,47.616000000000014,29.585287835498,16.0
-1,-99.28524227408198,18.927505643518494,53.0,59.42400000000002,39.86124227408196,19.0
-1,-84.82648865875981,14.130405083333324,35.0,44.256000000000014,40.5704886587598,22.0
-1,-128.1502943609498,18.820541282407333,52.0,70.84800000000003,57.30229436094978,20.0
-1,-87.9353566067924,13.098664944444431,42.0,55.00800000000002,32.92735660679239,17.0
-1,-76.77330259571218,12.849594236111097,43.0,45.21600000000001,31.55730259571217,19.0
-1,-79.28940535075445,20.975580453703625,47.0,52.224000000000025,27.06540535075443,15.0
-1,-82.42257157770527,14.879259504629614,39.0,56.64000000000002,25.78257157770525,16.0
-1,-93.44637553134558,18.406731356481448,42.0,45.888000000000005,47.55837553134558,21.0
-1,-84.20307718611816,21.345295717592517,38.0,43.39200000000001,40.81107718611816,20.0
-1,-91.67683380514408,17.471986060185166,45.0,45.984000000000016,45.69283380514406,21.0
-1,-103.42622388004368,21.338549898148088,54.0,67.00800000000004,36.41822388004364,19.0
-1,-86.16008342545429,15.590144425925896,37.0,52.70400000000002,33.45608342545427,17.0
-1,-94.61637438486474,15.822606175925891,39.0,54.14400000000002,40.47237438486473,18.0
-1,-86.39388283529021,14.542883305555527,44.0,58.656000000000034,27.73788283529017,13.0
-1,-83.0943214626413,18.85750865740734,50.0,56.44800000000002,26.64632146264129,14.0
-1,-104.47806458169636,19.2477118009259,55.0,66.43200000000003,38.04606458169633,21.0
-1,-97.50625044453894,17.461897625,42.0,52.224000000000025,45.28225044453891,19.0
-1,-85.8436809954858,14.164027657407376,40.0,53.376000000000026,32.46768099548577,17.0
-1,-89.58136962594969,14.86353024537035,33.0,45.40800000000001,44.17336962594968,22.0
-1,-98.39267181333508,15.762785712962955,46.0,54.91200000000003,43.48067181333505,21.0
-1,-93.78715215260428,15.73881948611108,47.0,65.37600000000002,28.411152152604256,18.0
-1,-95.4002917798079,14.1441101574074,42.0,58.75200000000003,36.64829177980786,20.0
-1,-102.85129013226432,13.86455135185187,47.0,66.72000000000003,36.1312901322643,20.0
-1,-83.10986476542533,15.859162324074063,41.0,55.968000000000025,27.1418647654253,17.0
-1,-87.75826669895616,16.628478740740718,36.0,42.24,45.51826669895617,19.0
-1,-88.74081440309686,14.349993791666652,39.0,47.52000000000002,41.22081440309684,21.0
-1,-96.55389223528306,16.37055043055553,48.0,66.33600000000003,30.21789223528303,16.0
-1,-106.02575139965631,16.824925884259226,48.0,59.90400000000002,46.1217513996563,23.0
-1,-99.50973349109316,16.877009731481436,50.0,62.592000000000034,36.91773349109313,21.0
-1,-80.02971287044579,17.60612148611108,40.0,48.28800000000002,31.74171287044578,16.0
-1,-87.94625720536948,13.15337437962964,35.0,41.47200000000001,46.47425720536947,25.0
-1,-90.76804230673817,14.829328842592584,40.0,48.57600000000001,42.19204230673815,17.0
-1,-89.95784508731933,18.00289056481476,46.0,62.01600000000002,27.941845087319315,15.0
-1,-96.38572335247817,15.183135226851851,46.0,63.16800000000002,33.21772335247813,16.0
-1,-100.47015188017966,15.845277921296285,41.0,53.088000000000015,47.38215188017965,24.0
-1,-114.13259352549888,13.572282023148128,44.0,67.00800000000002,47.12459352549887,21.0
-1,-94.0698492635726,18.259720712962924,45.0,51.64800000000002,42.42184926357259,21.0
-1,-93.67452306357538,13.685545,40.0,52.896000000000015,40.77852306357537,23.0
-1,-128.59609805812062,15.813478023148129,56.0,76.22400000000005,52.37209805812056,26.0
-1,-90.32530673176018,11.953088365740728,33.0,44.736,45.58930673176019,23.0
-1,-92.59218395654044,21.868243300925844,41.0,48.000000000000014,44.59218395654042,20.0
-1,-89.60807990144647,13.298829199074053,44.0,50.496000000000016,39.11207990144646,22.0
-1,-111.994932561382,12.369768273148152,45.0,51.74400000000002,60.25093256138199,25.0
-1,-100.63936686615098,12.95260409259258,37.0,53.76000000000002,46.87936686615096,24.0
-1,-89.30466160140966,12.686497254629636,40.0,45.6,43.70466160140967,23.0
-1,-84.59729976824639,13.191609999999985,36.0,48.86400000000002,35.73329976824637,18.0
-1,-114.30936709635724,24.26419153703697,55.0,61.15200000000003,53.157367096357206,19.0
-1,-69.5947440907849,13.14614139814813,33.0,41.184000000000005,28.410744090784902,16.0
-1,-110.59744238684458,14.725876638888868,51.0,73.24800000000003,37.349442386844544,17.0
-1,-94.06410736186945,17.685561018518474,42.0,51.36000000000002,42.70410736186943,20.0
-1,-112.82771196136312,17.321351388888846,53.0,69.69600000000003,43.13171196136308,20.0
-1,-91.87646698639205,16.751908819444406,47.0,57.21600000000002,34.660466986392024,20.0
-1,-97.62288877161386,24.435468143518392,51.0,60.76800000000003,36.85488877161383,19.0
-1,-122.07093134634314,17.45189598611104,46.0,72.76800000000003,49.30293134634311,22.0
-1,-108.67639261971804,21.635148078703654,60.0,74.49600000000004,34.180392619718006,18.0
-1,-85.31924658813051,16.40110961111108,34.0,39.360000000000014,45.95924658813049,22.0
-1,-71.29802271896148,13.41286036574073,37.0,43.48800000000001,27.810022718961463,19.0
-1,-93.09754101316044,17.226122240740736,44.0,57.98400000000003,35.11354101316043,19.0
-1,-98.9848953795811,16.824970083333294,45.0,55.58400000000002,43.40089537958108,18.0
-1,-94.64876000988768,17.485914597222152,43.0,58.56000000000003,36.08876000988765,20.0
-1,-73.64934901558283,12.729376208333347,38.0,46.46400000000001,27.18534901558282,16.0
-1,-104.33627096526992,16.06574323611106,49.0,61.44000000000001,42.89627096526991,22.0
-1,-81.03168503627226,19.03222868055549,47.0,56.160000000000025,24.87168503627224,14.0
-1,-95.41930311966794,15.533132273148146,42.0,50.59200000000002,44.82730311966793,22.0
-1,-125.38397048304816,18.029617555555514,54.0,76.80000000000004,48.58397048304813,20.0
-1,-88.67045443717947,16.901896726851827,36.0,42.81600000000001,45.85445443717946,25.0
-1,-88.33723377523364,15.493419129629622,43.0,43.39200000000002,44.94523377523362,21.0
-1,-103.9338807083194,17.68655618518514,51.0,72.96000000000001,30.973880708319403,14.0
-1,-92.56169406667442,13.879657643518485,39.0,57.60000000000002,34.9616940666744,16.0
-1,-100.92279436741596,19.585562236111024,48.0,61.056,39.86679436741598,22.0
-1,-100.00450437066712,12.780039449074074,37.0,51.936000000000014,48.06850437066712,23.0
-1,-110.69521605802548,17.47943714351845,55.0,68.06400000000002,42.63121605802544,22.0
-1,-121.57203399800144,19.82044007870362,55.0,68.64000000000003,52.93203399800141,21.0
-1,-63.71496976524432,10.687014148148146,27.0,33.791999999999994,29.92296976524432,18.0
-1,-100.66432366926664,13.592659624999987,41.0,58.27200000000002,42.392323669266624,22.0
-1,-96.13084776201336,16.335086291666695,50.0,53.184000000000005,42.94684776201337,24.0
-1,-85.89280687270198,17.733397810185153,40.0,48.192000000000014,37.70080687270196,15.0
-1,-62.4750356497,14.73717593055555,36.0,39.168000000000006,23.30703564969999,18.0
-1,-82.50086098309532,20.78278976851847,44.0,47.808000000000014,34.69286098309531,17.0
-1,-113.23702065253126,21.675991180555517,54.0,59.32800000000002,53.90902065253124,22.0
-1,-87.09476587959554,14.004850578703705,36.0,47.71200000000002,39.38276587959552,19.0
-1,-107.72408611316511,12.68224631944443,52.0,71.90400000000002,35.82008611316511,19.0
-1,-109.06280330799852,21.3494827962962,45.0,59.712000000000025,49.3508033079985,20.0
-1,-115.11765752935706,14.059375662037036,45.0,52.80000000000002,62.31765752935704,26.0
-1,-71.43731558652783,11.923881263888878,35.0,46.56000000000001,24.87731558652781,16.0
-1,-95.8313823065385,11.08538675925926,34.0,52.51200000000001,43.319382306538486,22.0
-1,-92.65408187370946,15.865949837962962,39.0,46.46400000000001,46.19008187370945,18.0
-1,-86.87249057449762,20.14305724074072,45.0,50.68800000000002,36.1844905744976,19.0
-1,-122.30226900491483,11.81673512962962,40.0,64.51200000000001,57.79026900491484,25.0
-1,-119.6122768768287,16.15446631481479,50.0,58.84800000000003,60.764276876828674,23.0
-1,-70.1121370111068,17.55363794907402,41.0,45.79200000000001,24.320137011106794,15.0
-1,-95.70003674607892,17.296088587962927,44.0,54.04800000000002,41.65203674607889,19.0
-1,-99.73065981184028,18.9692010416666,50.0,66.24000000000002,33.49065981184026,14.0
-1,-100.98239698285408,13.787479476851836,41.0,60.86400000000003,40.11839698285404,21.0
-1,-99.56682583111656,15.96840425462965,51.0,65.95200000000003,33.61482583111655,20.0
-1,-84.95663112614173,20.533158694444367,41.0,46.75200000000002,38.20463112614172,20.0
-1,-82.54818417007073,16.43563065740738,42.0,54.33600000000003,28.2121841700707,17.0
-1,-117.4468339705943,22.24718649074071,55.0,56.16000000000001,61.28683397059429,24.0
-1,-96.05535729152652,13.239973254629602,36.0,51.45600000000002,44.59935729152651,23.0
-1,-80.75060748978899,15.414187226851856,39.0,44.92800000000001,35.822607489788986,20.0
-1,-105.07286798431728,16.823444037037017,48.0,66.04800000000003,39.02486798431724,19.0
-1,-117.24628204976352,18.664741819444384,53.0,62.68800000000003,54.55828204976349,20.0
-1,-90.9447536998904,12.87718587037037,39.0,50.78400000000001,40.16075369989041,20.0
-1,-76.87143736315278,10.927228175925936,32.0,33.888000000000005,42.98343736315277,22.0
-1,-124.14460593828022,20.873518041666568,54.0,78.81600000000005,45.32860593828018,20.0
-1,-99.58102027766849,18.92809887499993,44.0,51.07200000000002,48.509020277668455,22.0
-1,-80.51903531223596,17.657231037037004,36.0,42.14400000000001,38.37503531223594,20.0
-1,-82.51151181238555,19.495308120370314,34.0,41.85600000000001,40.65551181238554,18.0
-1,-123.82894289960764,15.60118385185184,43.0,61.15200000000003,62.6769428996076,21.0
-1,-100.8926748799294,14.075646291666663,38.0,40.41600000000001,60.47667487992939,25.0
-1,-92.08404763363669,22.99646631481476,50.0,65.18400000000001,26.900047633636675,14.0
-1,-91.91510650351726,16.1013719583333,40.0,46.176000000000016,45.73910650351725,25.0
-1,-86.8383034099206,15.210764249999976,40.0,49.15200000000002,37.686303409920576,18.0
-1,-106.11456891417085,14.619117050925896,46.0,64.89600000000002,41.21856891417082,23.0
-1,-118.38053639881144,16.392046277777748,53.0,75.74400000000004,42.6365363988114,19.0
-1,-79.6880912712532,13.540564749999978,35.0,47.32800000000002,32.36009127125318,16.0
-1,-100.88677457411984,16.40682553703703,48.0,56.25600000000003,44.630774574119805,20.0
-1,-73.33723999156136,9.88741444444446,28.0,36.672,36.66523999156136,22.0
-1,-105.8190566007856,17.042233629629603,44.0,51.36000000000003,54.45905660078558,21.0
-1,-130.85165642364214,18.674039643518448,54.0,82.17600000000004,48.675656423642096,19.0
-1,-80.0970192712744,20.0528973194444,42.0,46.65600000000001,33.4410192712744,15.0
-1,-95.14906070011423,14.283169731481475,48.0,62.68800000000002,32.4610607001142,16.0
-1,-111.06016921477628,13.525446930555546,46.0,55.87200000000002,55.188169214776245,21.0
-1,-155.3498347923657,17.69664373611105,68.0,109.53600000000009,45.81383479236563,21.0
-1,-85.03230033345557,13.223951847222224,33.0,45.31200000000001,39.72030033345555,21.0
-1,-93.3518992224088,14.800146060185169,40.0,47.32800000000002,46.02389922240878,23.0
-1,-104.1231564342852,14.930787074074068,47.0,62.208000000000006,41.91515643428519,17.0
-1,-80.9346974176198,18.99331897685184,43.0,44.256000000000014,36.67869741761979,19.0
-1,-74.4927684461255,18.306493439814812,49.0,46.17600000000001,28.31676844612549,18.0
-1,-93.14024645419212,13.23689194444443,38.0,51.360000000000014,41.780246454192095,23.0
-1,-112.80279218551192,12.482105712962952,39.0,58.08000000000002,54.7227921855119,22.0
-1,-87.69111720498836,14.331053726851849,32.0,35.61600000000001,52.075117204988345,25.0
-1,-92.3702456216174,13.588433796296291,38.0,43.29600000000001,49.0742456216174,26.0
-1,-96.2141735442606,16.453872611111066,40.0,56.06400000000002,40.15017354426057,21.0
-1,-88.00057161666021,14.352782486111108,36.0,40.032,47.9685716166602,24.0
-1,-91.8865245563382,11.877045449074071,34.0,43.29600000000001,48.5905245563382,19.0
-1,-84.83342116354329,17.583694374999975,40.0,48.09600000000002,36.73742116354328,21.0
-1,-111.92486336088312,16.800933351851818,46.0,61.632000000000026,50.29286336088308,21.0
-1,-90.26033916103246,15.222560782407385,45.0,66.04800000000002,24.21233916103245,13.0
-1,-64.70221093945867,18.542008490740724,33.0,34.17600000000001,30.52621093945865,15.0
-1,-99.55668078427678,15.58107491666668,36.0,41.37600000000001,58.18068078427677,23.0
-1,-87.19496739315792,18.06537611574069,42.0,54.81600000000003,32.37896739315789,17.0
-1,-76.29216824356075,20.586804064814803,42.0,53.76000000000002,22.53216824356073,13.0
-1,-85.29873857058139,13.246775254629624,45.0,47.32800000000002,37.970738570581375,22.0
-1,-110.0199962680332,20.303323495370275,52.0,71.13600000000004,38.88399626803317,20.0
-1,-88.14516506969379,12.71087947685186,43.0,50.88000000000001,37.26516506969378,18.0
-1,-108.0451406012422,14.872639819444448,53.0,66.52800000000002,41.51714060124219,19.0
-1,-91.37655561446016,13.268464120370338,46.0,60.86400000000003,30.51255561446012,16.0
-1,-198.7600962623441,16.221129171296255,79.0,128.35200000000006,70.40809626234405,26.0
-1,-89.01078866430703,16.571425546296286,35.0,43.20000000000001,45.81078866430703,23.0
-1,-97.14212199826552,16.06102423148146,37.0,42.04800000000001,55.09412199826551,22.0
-1,-109.43600989756824,12.275769393518509,42.0,52.22400000000002,57.21200989756823,26.0
-1,-99.2903048399832,17.34945068518513,40.0,53.472000000000016,45.81830483998319,21.0
-1,-89.72130427894074,19.53238116203697,36.0,41.760000000000005,47.96130427894073,22.0
-1,-92.26951497028234,13.189007615740737,35.0,47.13600000000002,45.13351497028233,20.0
-1,-115.4897305661687,14.531837115740744,49.0,53.28000000000002,62.20973056616869,23.0
