-1,-1178.588941784759,65.4846748981482,482.0,852.8639999999931,325.7249417847659,30.0
-1,-475.47996256716687,32.65813127777769,280.0,383.0399999999988,92.4399625671681,26.0
-1,-354.44308588252375,22.82668795833332,306.0,327.9359999999993,26.507085882524404,16.0
-1,-201.62052508054305,20.975917592592552,178.0,182.3040000000001,19.316525080542966,13.0
-1,-274.35081129788773,24.213678074074,200.0,224.832,49.518811297887765,19.0
-1,-489.4387490808678,30.88273992592584,283.0,390.8159999999988,98.622749080869,26.0
-1,-343.5314115403783,17.988061041666644,261.0,308.7359999999996,34.795411540378744,14.0
-1,-419.1816393728356,19.51751531481478,316.0,358.0799999999991,61.10163937283652,23.0
-1,-259.3893705800509,15.148849490740718,195.0,223.00800000000015,36.38137058005072,21.0
-1,-340.9237208228137,20.845349837962868,260.0,295.4879999999997,45.43572082281398,19.0
-1,-331.1659982086235,22.28872838425925,260.0,278.8799999999998,52.28599820862364,19.0
-1,-284.07745672819,24.49763125462959,261.0,251.712,32.36545672818997,18.0
-1,-316.94378473268023,17.97987992129627,235.0,279.2639999999999,37.67978473268031,17.0
-1,-293.1749174691158,21.303538699073997,226.0,241.824,51.350917469115856,23.0
-1,-295.16830936762346,17.774081912037,215.0,265.248,29.92030936762345,19.0
-1,-202.22018135472493,17.5989847407407,207.0,184.41600000000005,17.804181354724914,13.0
-1,-370.0457627623744,18.54220164814809,249.0,312.67199999999974,57.37376276237461,20.0
-1,-220.06429123836992,17.82651725925922,202.0,191.04,29.024291238369923,16.0
-1,-243.0211075991249,18.545608907407352,166.0,203.04,39.98110759912485,19.0
-1,-382.4658960467743,22.22246385185182,258.0,329.4719999999994,52.99389604677487,23.0
-1,-270.7264098837071,12.639631861111104,216.0,245.37600000000003,25.350409883707087,17.0
-1,-401.11562002210775,13.329369240740728,200.0,318.3359999999994,82.77962002210836,26.0
-1,-207.0286067870692,15.22282456018516,140.0,165.02400000000011,42.004606787069086,20.0
-1,-250.8452992873852,17.402416662037037,179.0,210.1440000000001,40.701299287385154,19.0
-1,-290.86925790183216,18.535019726851782,211.0,249.888,40.981257901832166,17.0
-1,-130.73273636336114,12.315016805555544,114.0,101.37600000000003,29.356736363361087,18.0
-1,-154.13384514495996,10.034594532407413,114.0,127.10400000000004,27.02984514495994,18.0
-1,-307.01587104548395,18.631317791666596,159.0,259.0080000000001,48.00787104548384,19.0
-1,-145.790081007283,15.302557754629614,137.0,130.752,15.038081007282972,12.0
-1,-132.63659698037517,15.067867199074064,99.0,102.24000000000002,30.39659698037515,21.0
-1,-200.69059078671333,15.42958003240738,146.0,166.56000000000006,34.13059078671327,18.0
-1,-208.65779756362147,18.813799240740664,144.0,173.85600000000008,34.801797563621385,17.0
-1,-173.57788846596492,13.30448551388887,117.0,133.7280000000001,39.84988846596487,24.0
-1,-310.24977658725754,18.48081128240737,132.0,194.5920000000001,115.65777658725747,24.0
-1,-280.0831298461229,21.04765483796293,152.0,207.26400000000007,72.81912984612279,24.0
-1,-265.7218038723555,18.346821041666576,145.0,206.68800000000005,59.03380387235548,27.0
-1,-266.7871616925926,16.83667971296292,166.0,219.07200000000003,47.715161692592574,25.0
-1,-331.9815648471936,16.571775740740723,192.0,250.84800000000004,81.1335648471935,23.0
-1,-258.3882744917511,17.48583428240737,138.0,183.0720000000001,75.31627449175102,24.0
-1,-378.7510805393024,22.749276356481413,198.0,298.6559999999998,80.0950805393026,24.0
-1,-255.66230330795403,12.428727638888896,162.0,205.15200000000004,50.51030330795399,23.0
-1,-253.51831958922705,18.0864300972222,147.0,193.82400000000007,59.694319589226986,27.0
-1,-308.26810748526714,18.397978532407365,145.0,223.5840000000001,84.68410748526708,23.0
-1,-164.17046111996785,12.465770879629629,109.0,130.46400000000003,33.70646111996782,18.0
-1,-173.3174264493568,15.765979203703672,101.0,135.36000000000007,37.95742644935672,21.0
-1,-221.034382331624,17.690456722222194,130.0,182.8800000000001,38.15438233162385,20.0
-1,-377.0048961410512,18.089636277777704,179.0,296.7359999999998,80.26889614105134,25.0
-1,-438.7816478423191,15.460408949074054,222.0,363.26399999999904,75.51764784232005,24.0
-1,-234.46499469290188,18.257534416666616,143.0,186.52800000000005,47.93699469290182,22.0
-1,-388.1837520172608,21.266859074074063,196.0,260.064,128.1197520172607,24.0
-1,-234.1760760423253,17.77758975462956,125.0,172.41600000000008,61.76007604232522,23.0
-1,-161.50083016650902,14.22353785185182,92.0,117.21600000000008,44.28483016650894,22.0
-1,-347.1919648327324,19.11770056018509,172.0,285.2159999999999,61.975964832732494,21.0
-1,-353.3441304870053,14.964145453703672,171.0,291.64799999999974,61.6961304870056,24.0
-1,-279.37568778166855,17.521837541666653,149.0,213.8880000000001,65.48768778166843,25.0
-1,-207.06154505669863,14.43076391203702,111.0,161.1840000000001,45.87754505669856,22.0
-1,-130.9554967593246,14.422943490740716,76.0,87.26400000000005,43.69149675932455,26.0
-1,-154.90531517290157,12.805407023148131,94.0,114.24000000000004,40.66531517290153,22.0
-1,-175.6822908420561,12.543284421296285,101.0,124.12800000000009,51.554290842056034,23.0
-1,-155.7776453647765,16.111045874999977,101.0,113.56800000000004,42.20964536477644,22.0
-1,-241.20436744210772,16.335191060185167,139.0,174.33600000000004,66.86836744210771,23.0
-1,-247.67240432535507,20.690193162037,141.0,188.73600000000008,58.93640432535501,21.0
-1,-145.54916491110723,13.058209194444432,88.0,105.02400000000006,40.5251649111072,19.0
-1,-269.4885400946928,17.30307699074069,132.0,200.54400000000007,68.94454009469274,28.0
-1,-109.03385187554832,16.045717476851827,72.0,81.88800000000002,27.1458518755483,20.0
-1,-192.9653285897845,15.257514120370356,119.0,151.58400000000006,41.38132858978442,22.0
-1,-297.80522605757795,16.571485060185154,158.0,244.6080000000001,53.19722605757782,18.0
-1,-404.38116779935285,20.930000749999905,202.0,328.0319999999995,76.34916779935335,26.0
-1,-322.5015235489616,12.628813166666646,148.0,255.93600000000015,66.56552354896135,25.0
-1,-174.06793578317007,12.955478060185175,92.0,116.35200000000007,57.71593578317001,26.0
-1,-176.8536923399818,17.397961226851812,104.0,134.11200000000008,42.7416923399817,20.0
-1,-231.4635702271859,21.172441407407383,146.0,185.85600000000008,45.60757022718582,25.0
-1,-199.0126670330176,14.210382541666648,103.0,144.57600000000008,54.436667033017486,25.0
-1,-253.911799347405,19.41170282870365,129.0,179.04000000000008,74.87179934740495,25.0
-1,-161.87498106181005,16.583378712962972,87.0,113.76000000000008,48.11498106180996,26.0
-1,-145.93742146454272,16.083471495370354,114.0,116.73600000000005,29.20142146454268,19.0
-1,-164.95715669674252,14.760536115740718,83.0,110.01600000000006,54.94115669674244,23.0
-1,-202.13303682468208,18.49491188888882,110.0,141.1200000000001,61.01303682468199,27.0
-1,-278.04798153553446,14.609781273148132,150.0,220.4160000000001,57.63198153553433,23.0
-1,-119.9388749135603,14.326405861111104,77.0,89.56800000000005,30.370874913560243,19.0
-1,-310.662225301401,15.871159800925891,125.0,205.1520000000001,105.51022530140088,24.0
-1,-121.57716158699438,15.32329885185183,88.0,90.81600000000006,30.76116158699432,20.0
-1,-312.97325043322564,17.905705231481445,132.0,184.6080000000001,128.36525043322553,20.0
-1,-214.66515090862345,18.60646378703699,121.0,165.984,48.68115090862344,23.0
-1,-150.10514591468475,14.769361134259226,97.0,112.99200000000006,37.11314591468469,21.0
-1,-155.27271461231092,16.325702393518473,95.0,109.63200000000006,45.64071461231085,22.0
-1,-199.9210960208832,20.69656148611108,130.0,151.96800000000005,47.95309602088314,20.0
-1,-190.6199283166579,19.65433709722212,100.0,145.53600000000006,45.083928316657854,25.0
-1,-255.2856139136456,14.230550305555552,116.0,190.9440000000001,64.34161391364552,22.0
-1,-191.3293508885941,12.666099532407396,108.0,150.2400000000001,41.08935088859397,24.0
-1,-102.70722655153834,11.777642203703712,76.0,75.93600000000004,26.77122655153831,19.0
-1,-132.7946048464476,16.124641175925905,72.0,91.10400000000006,41.69060484644756,21.0
-1,-166.31994390514757,12.033741249999991,109.0,144.7680000000001,21.551943905147475,15.0
-1,-217.84066377222516,12.28630314814815,115.0,165.4080000000001,52.43266377222504,25.0
-1,-115.40174235015996,14.186084069444432,71.0,75.26400000000002,40.13774235015995,24.0
-1,-96.79691931042674,12.185315949074068,65.0,79.77600000000002,17.020919310426713,13.0
-1,-183.2228517477181,18.65331021759255,89.0,123.07200000000007,60.15085174771804,30.0
-1,-222.492076824818,17.2913352407407,103.0,151.29600000000008,71.19607682481792,26.0
-1,-172.20515840512013,13.764469694444427,97.0,131.3280000000001,40.87715840512004,19.0
-1,-186.89815815278465,12.585423694444438,105.0,146.30400000000006,40.594158152784566,24.0
-1,-114.1363219375364,13.834953935185158,59.0,72.38400000000004,41.75232193753635,22.0
-1,-168.37586308468607,18.23900266666664,121.0,137.56800000000004,30.80786308468604,19.0
-1,-114.38977669760595,16.898602865740713,72.0,84.19200000000004,30.19777669760592,17.0
-1,-179.47956190892475,15.837219972222202,94.0,129.69600000000008,49.78356190892466,25.0
-1,-116.4625037369483,12.45750126388888,69.0,86.11200000000004,30.35050373694827,17.0
-1,-149.4558024043023,14.300348402777756,106.0,124.70400000000004,24.751802404302254,13.0
-1,-185.9870223484157,19.99194679166663,114.0,153.9840000000001,32.00302234841563,19.0
-1,-181.0220233287965,14.534147407407406,98.0,134.01600000000008,47.00602332879642,26.0
-1,-201.6816662891467,13.039542791666657,107.0,148.22400000000007,53.45766628914662,25.0
-1,-240.68355767910157,16.428333874999982,126.0,190.36800000000005,50.315557679101495,21.0
-1,-121.34037691901511,14.755193893518497,69.0,92.64000000000004,28.700376919015067,18.0
-1,-240.9718807642065,19.27010108333331,123.0,157.1520000000001,83.81988076420639,26.0
-1,-268.6814488772643,18.3957748981481,123.0,194.7840000000001,73.89744887726418,24.0
-1,-101.28480556748944,20.864978865740728,71.0,72.19200000000002,29.092805567489417,17.0
-1,-279.75091025552445,19.004462884259212,148.0,209.9520000000001,69.79891025552428,22.0
-1,-143.57932146923966,15.304074347222189,89.0,103.20000000000005,40.37932146923962,21.0
-1,-95.02713151937569,12.825934972222202,46.0,54.240000000000016,40.78713151937566,22.0
-1,-154.78086642387774,18.172577444444432,110.0,129.88800000000003,24.892866423877702,15.0
-1,-117.57280413420229,13.233935087962957,78.0,81.98400000000002,35.58880413420224,21.0
-1,-200.78400593572667,14.46134362037036,102.0,143.1360000000001,57.64800593572655,27.0
-1,-162.2202115658852,14.86563333796296,92.0,127.00800000000008,35.21221156588512,15.0
-1,-114.67796789561604,16.05779462962963,72.0,84.76800000000004,29.909967895616003,14.0
-1,-133.20629890965924,16.53297755555556,79.0,90.62400000000002,42.582298909659215,24.0
-1,-85.77467153255608,14.05003341666664,53.0,61.15200000000003,24.622671532556065,15.0
-1,-128.59678823281666,16.152938013888875,70.0,72.67200000000004,55.92478823281662,22.0
-1,-119.2184628960311,13.117502689814804,95.0,94.84800000000004,24.370462896031064,18.0
-1,-100.42632559726457,10.331880166666686,47.0,57.50400000000002,42.92232559726454,23.0
-1,-145.09950015548708,16.417654384259247,87.0,118.75200000000008,26.34750015548701,16.0
-1,-99.48495547346236,16.434453194444444,66.0,81.69600000000003,17.788955473462337,10.0
-1,-157.55943734752188,12.602022032407389,86.0,99.45600000000005,58.10343734752183,24.0
-1,-93.81661758420594,15.514029055555527,58.0,67.96800000000003,25.84861758420592,15.0
-1,-104.4393131448741,11.888148601851828,58.0,67.39200000000002,37.04731314487408,24.0
-1,-152.20422621959426,17.363799245370345,77.0,94.36800000000004,57.8362262195942,24.0
-1,-93.36345089137524,17.302017962962957,67.0,64.51200000000001,28.85145089137524,18.0
-1,-166.38931598314775,16.261963185185135,92.0,123.64800000000008,42.74131598314767,20.0
-1,-161.80438136780103,21.232228666666632,99.0,119.42400000000004,42.38038136780098,22.0
-1,-128.45818637522834,20.970928615740696,92.0,100.80000000000004,27.6581863752283,14.0
-1,-91.8834101862405,10.59996716666667,69.0,68.54400000000001,23.33941018624048,15.0
-1,-145.79066788199697,16.27210546759256,97.0,106.84800000000006,38.9426678819969,22.0
-1,-202.3671941129528,16.387541185185157,108.0,148.6080000000001,53.75919411295268,26.0
-1,-126.36900649688997,16.711378601851834,70.0,97.53600000000006,28.83300649688989,19.0
-1,-133.5168015339164,12.560573037037042,66.0,83.71200000000005,49.80480153391635,20.0
-1,-119.30405592538906,19.01340692129625,70.0,75.93600000000004,43.36805592538902,19.0
-1,-151.59056902326006,19.35533244444435,90.0,115.77600000000008,35.81456902325998,22.0
-1,-119.09327253879556,14.911319046296276,75.0,86.78400000000005,32.30927253879551,19.0
-1,-118.15145544956692,18.780059393518503,70.0,93.12000000000003,25.03145544956688,17.0
-1,-93.32633391373436,13.105582837962952,47.0,60.00000000000003,33.32633391373435,19.0
-1,-105.93914691291414,15.127447379629622,57.0,66.33600000000003,39.60314691291411,19.0
-1,-121.34220908745786,17.41411159259256,75.0,80.64000000000003,40.70220908745784,21.0
-1,-146.75313903544298,14.823091314814787,68.0,97.63200000000003,49.12113903544292,20.0
-1,-137.69273294045118,16.670121800925898,80.0,102.91200000000006,34.78073294045111,21.0
-1,-172.57819127028523,21.793660458333235,95.0,120.96000000000008,51.61819127028514,21.0
-1,-110.28565855702264,16.938012217592572,72.0,73.24800000000002,37.03765855702261,20.0
-1,-129.35601165029027,11.606615870370376,60.0,80.73600000000005,48.62001165029024,24.0
-1,-165.76003572431696,13.61939319444444,91.0,108.67200000000004,57.08803572431691,26.0
-1,-106.13570830369866,16.799166879629624,55.0,69.02400000000003,37.11170830369863,19.0
-1,-136.88827968495957,16.78661708796294,104.0,109.05600000000004,27.832279684959524,14.0
-1,-110.07005599201014,15.892379652777755,61.0,64.70400000000002,45.36605599201012,23.0
-1,-169.39603925838765,17.978604365740715,99.0,129.02400000000006,40.37203925838759,21.0
-1,-125.12427963878632,20.63102863888882,76.0,85.63200000000003,39.49227963878631,16.0
-1,-130.61109963315468,12.983879444444437,56.0,74.20800000000003,56.403099633154646,24.0
-1,-95.65121811692508,11.797179689814818,60.0,72.09600000000003,23.555218116925037,18.0
-1,-85.45351136917088,10.12504981018518,53.0,61.632000000000026,23.82151136917086,15.0
-1,-149.06464233643192,14.37941556944442,67.0,97.63200000000003,51.43264233643187,26.0
-1,-119.20328546866176,14.24816964814813,98.0,100.03200000000008,19.1712854686617,11.0
-1,-102.18458850981015,14.66222136574074,72.0,79.776,22.40858850981018,17.0
-1,-117.17109205251062,7.800389583333336,84.0,100.70400000000004,16.467092052510562,13.0
-1,-104.79894120757356,13.381824699074052,63.0,68.06400000000004,36.73494120757351,23.0
-1,-166.81915273988864,18.43950085185183,85.0,121.82400000000008,44.99515273988858,23.0
-1,-140.56133673419754,17.750403884259214,69.0,86.11200000000004,54.4493367341975,23.0
-1,-128.91556657491012,13.89947937037037,68.0,76.89600000000003,52.01956657491008,26.0
-1,-97.22924747887028,18.20518259722221,64.0,64.03200000000001,33.19724747887029,16.0
-1,-116.97352300122672,14.061632796296273,65.0,79.87200000000004,37.101523001226674,20.0
-1,-167.597730320763,20.315421439814795,98.0,111.55200000000008,56.0457303207629,26.0
-1,-127.60053232930883,15.755856583333312,72.0,85.15200000000003,42.44853232930882,23.0
-1,-89.70775708840273,7.810103300925923,55.0,64.51200000000003,25.195757088402704,15.0
-1,-125.63514712810286,22.533309916666568,70.0,82.65600000000003,42.97914712810283,21.0
-1,-108.5313367587157,17.57455802314812,62.0,70.08000000000003,38.45133675871566,20.0
-1,-241.3715415656676,19.302574555555488,123.0,175.58400000000003,65.78754156566754,28.0
-1,-92.1541536538454,15.131781662037032,65.0,61.24800000000002,30.906153653845376,13.0
-1,-106.5431732452945,12.641123120370365,67.0,75.07200000000005,31.471173245294445,17.0
-1,-112.44592544834693,15.259232541666648,51.0,53.856000000000016,58.58992544834691,24.0
-1,-141.52156279472015,18.43389862037032,81.0,83.13600000000004,58.38556279472011,22.0
-1,-116.78094836201016,14.99532487037036,53.0,61.24800000000001,55.53294836201013,25.0
-1,-103.52833684755788,15.291027949074076,68.0,73.63200000000003,29.896336847557848,15.0
-1,-107.46818452102625,14.426275680555545,66.0,76.89600000000003,30.57218452102621,18.0
-1,-111.8023310093445,14.942638777777765,62.0,75.64800000000002,36.15433100934448,18.0
-1,-102.0737209944498,16.29915333796295,71.0,82.75200000000001,19.32172099444978,15.0
-1,-99.77370875720612,15.7541841435185,83.0,79.48800000000001,20.28570875720612,15.0
-1,-98.1419538321706,15.795521041666651,59.0,65.08800000000002,33.05395383217059,19.0
-1,-102.13750361168164,17.2965959537037,60.0,73.44000000000003,28.69750361168161,14.0
-1,-109.2299523533782,17.046009592592572,62.0,77.85600000000005,31.37395235337816,18.0
-1,-109.19300354870596,12.78857027314816,55.0,67.00800000000002,42.18500354870593,22.0
-1,-116.73673167927696,14.201388458333325,56.0,66.91200000000002,49.824731679276944,24.0
-1,-134.5059285803217,18.33704505555548,79.0,86.11200000000004,48.39392858032162,21.0
-1,-150.88753948295576,14.343125449074074,76.0,93.12000000000003,57.767539482955726,24.0
-1,-90.25275402744666,13.389685546296295,64.0,63.64800000000002,26.60475402744664,17.0
-1,-118.72822176454632,18.11826631944441,60.0,72.96000000000002,45.76822176454631,21.0
-1,-104.63765440601748,13.54728159259258,52.0,65.76000000000002,38.877654406017456,19.0
-1,-113.39426900868852,13.56923137037036,70.0,90.33600000000004,23.05826900868849,14.0
-1,-101.1878038959302,17.948280564814784,70.0,73.82400000000003,27.36380389593018,17.0
-1,-99.06196736383065,20.69373996296292,81.0,77.66400000000002,21.397967363830627,12.0
-1,-118.26354363806328,16.567448481481442,65.0,75.55200000000004,42.71154363806323,22.0
-1,-87.82185769320682,11.272277337962954,53.0,59.23200000000002,28.589857693206795,20.0
-1,-121.9474881996042,14.132229856481466,63.0,71.42400000000004,50.52348819960416,22.0
-1,-110.8827798437644,13.61042356018518,56.0,63.93600000000004,46.946779843764375,23.0
-1,-107.5170578343655,13.696265439814804,52.0,68.25600000000003,39.261057834365474,22.0
-1,-121.1243867768858,17.099787138888853,62.0,87.55200000000004,33.57238677688575,17.0
-1,-88.07289506149041,14.494321907407418,62.0,59.23200000000002,28.8408950614904,16.0
-1,-127.72439874558587,17.864391699074048,79.0,90.72000000000006,37.00439874558584,18.0
-1,-113.62002961631248,13.789575439814788,58.0,67.77600000000002,45.84402961631245,23.0
-1,-111.1158570799512,16.452461833333334,87.0,88.99200000000005,22.12385707995116,15.0
-1,-101.1059159287316,15.131983273148142,56.0,61.24800000000002,39.85791592873157,20.0
-1,-82.97646770448381,11.257893282407396,47.0,58.65600000000002,24.320467704483782,18.0
-1,-132.96917548906907,17.777742425925847,76.0,90.33600000000006,42.63317548906901,19.0
-1,-83.86946016949119,13.528461226851856,47.0,51.16800000000001,32.701460169491185,17.0
-1,-134.50087957762605,12.990324773148153,61.0,88.51200000000004,45.98887957762601,24.0
-1,-106.81260576544824,16.08528983796295,62.0,71.424,35.38860576544824,21.0
-1,-98.6597999621649,16.555189787036998,54.0,61.05600000000002,37.60379996216487,21.0
-1,-92.42441212334144,15.165505495370375,61.0,54.91200000000003,37.51241212334143,21.0
-1,-103.77828993325303,19.69753403703698,73.0,75.84000000000002,27.938289933253024,16.0
-1,-93.84228194597144,15.424896819444433,56.0,62.49600000000002,31.34628194597143,17.0
-1,-102.79134295138276,17.438956777777765,74.0,80.73600000000003,22.055342951382706,16.0
-1,-119.68208060952092,14.350082874999972,69.0,79.58400000000003,40.09808060952087,20.0
-1,-92.14616309097198,12.566694097222218,50.0,55.00800000000003,37.13816309097196,22.0
-1,-106.0019108382906,19.631384972222207,75.0,75.36000000000001,30.641910838290585,16.0
-1,-111.33190397077402,15.930352180555554,84.0,81.31200000000004,30.01990397077398,18.0
-1,-92.83763877890615,18.94591668518518,52.0,61.15200000000002,31.68563877890614,17.0
-1,-131.88290843312933,12.453780509259234,77.0,106.08000000000008,25.802908433129257,14.0
-1,-123.54946900949248,14.85072195370369,73.0,82.75200000000004,40.79746900949243,21.0
-1,-95.21696793621491,17.716852398148145,52.0,56.73600000000002,38.480967936214896,17.0
-1,-155.99326626293367,21.093504810185088,82.0,111.55200000000006,44.4412662629336,19.0
-1,-119.54238590344067,17.816703282407385,59.0,75.84000000000003,43.70238590344064,21.0
-1,-105.37470054065064,20.12152383333327,61.0,59.71200000000003,45.66270054065061,21.0
-1,-118.87070201846194,16.655672166666644,68.0,80.06400000000004,38.8067020184619,15.0
-1,-101.12061457853908,15.097102300925911,63.0,71.61600000000003,29.50461457853907,20.0
-1,-114.4147949888019,17.320191587962928,58.0,68.54400000000001,45.87079498880188,21.0
-1,-101.48862340598188,14.86202058796295,67.0,65.85600000000002,35.63262340598185,19.0
-1,-116.7815502079691,15.66698463425925,76.0,86.11200000000002,30.669550207969085,19.0
-1,-122.2596493801578,13.574663902777766,54.0,73.15200000000002,49.10764938015779,23.0
-1,-103.1427382005042,19.26266907407401,60.0,57.69600000000003,45.44673820050416,19.0
-1,-110.74319520418308,14.03118233333332,65.0,60.19200000000002,50.55119520418305,23.0
-1,-102.79305540057,16.15722752777778,73.0,78.52800000000005,24.265055400569945,17.0
-1,-111.62619318816026,15.441894805555531,56.0,69.21600000000002,42.41019318816024,21.0
-1,-87.41672730067762,15.216529546296284,50.0,55.20000000000002,32.2167273006776,18.0
-1,-105.15351845254143,11.411006430555553,62.0,76.99200000000003,28.161518452541404,18.0
-1,-99.41727593928675,17.921849462962964,69.0,61.632000000000026,37.78527593928673,18.0
-1,-94.93482303606471,13.11464855092592,63.0,60.672000000000025,34.26282303606471,22.0
-1,-124.30165408916363,20.91179353240732,73.0,76.12800000000004,48.17365408916359,18.0
-1,-109.67904223945987,18.844215398148087,53.0,64.12800000000003,45.55104223945985,21.0
-1,-94.26375119948317,14.149677314814832,64.0,69.888,24.37575119948316,17.0
-1,-96.2114875068859,12.406510874999988,55.0,63.07200000000002,33.13948750688588,21.0
-1,-99.91482986936526,18.263325694444447,63.0,60.76800000000003,39.14682986936524,16.0
-1,-112.45551154710164,18.66933557407402,59.0,72.96000000000004,39.49551154710161,21.0
-1,-102.8309503750099,10.379398689814824,53.0,56.928,45.90295037500989,23.0
-1,-102.51207549825912,13.454062046296302,51.0,58.176000000000016,44.33607549825909,20.0
-1,-122.0615799581655,12.467713143518525,74.0,79.68000000000002,42.381579958165474,22.0
-1,-248.3027788690412,17.099915597222154,96.0,163.7760000000001,84.52677886904112,23.0
-1,-109.20949333236214,14.056307009259244,68.0,71.808,37.40149333236214,18.0
-1,-93.09913189918495,11.48763886111112,44.0,56.06400000000002,37.03513189918494,19.0
-1,-92.23760371374668,12.759180592592603,53.0,63.16800000000003,29.06960371374663,17.0
-1,-106.70358001653317,14.400255074074076,53.0,64.32000000000002,42.38358001653314,21.0
-1,-89.02024971869305,18.94995124999998,55.0,55.39200000000003,33.62824971869302,17.0
-1,-96.77100459017176,11.060375138888883,44.0,53.664000000000016,43.10700459017176,24.0
-1,-85.0137881719584,13.482929203703694,56.0,58.75200000000003,26.26178817195837,15.0
-1,-119.26301791203431,13.485801120370349,74.0,89.76000000000005,29.50301791203428,20.0
-1,-106.26560900287558,17.629664893518477,53.0,55.29600000000003,50.96960900287555,21.0
-1,-94.32328891838974,15.077189583333322,50.0,53.184000000000026,41.13928891838971,22.0
-1,-119.40551575363769,17.38109053703702,63.0,71.71200000000003,47.693515753637634,19.0
-1,-85.01137067052034,17.05319518055555,52.0,54.528,30.483370670520333,18.0
-1,-97.15059465402062,17.47461404629625,51.0,51.26400000000002,45.886594654020605,21.0
-1,-91.63720184710628,20.230321666666647,64.0,63.07200000000002,28.565201847106263,15.0
-1,-151.47849945622485,16.499035013888843,69.0,84.67200000000005,66.8064994562248,25.0
-1,-108.41982477889044,19.147361319444386,61.0,67.68000000000004,40.7398247788904,18.0
-1,-133.10880038014838,19.9396175138888,65.0,75.36000000000004,57.74880038014833,22.0
-1,-92.41418801958444,18.82761129629625,58.0,67.20000000000003,25.21418801958441,14.0
-1,-100.06199228200248,17.634510824074077,50.0,54.04800000000002,46.013992282002455,21.0
-1,-84.3130956812648,11.116192967592587,42.0,49.05600000000002,35.25709568126477,23.0
-1,-87.80654496175227,19.954743249999964,56.0,57.12000000000002,30.686544961752247,17.0
-1,-93.22567011619824,11.53252632407409,56.0,57.79200000000002,35.43367011619821,21.0
-1,-102.8325362439568,17.15592066666666,62.0,62.784000000000034,40.048536243956775,18.0
-1,-97.2518796970528,14.694850009259271,66.0,63.55200000000002,33.699879697052786,17.0
-1,-89.22096604802951,13.370873976851856,61.0,58.176000000000016,31.04496604802949,18.0
-1,-122.89097269670312,15.484641726851835,64.0,72.38400000000001,50.50697269670311,24.0
-1,-148.5611408166386,15.793522495370336,62.0,86.20800000000006,62.35314081663857,27.0
-1,-124.91018414842856,15.640611921296284,59.0,72.57600000000002,52.33418414842853,22.0
-1,-103.39347925626932,15.148957916666642,52.0,61.72800000000002,41.66547925626929,22.0
-1,-101.14670773912138,13.8774564722222,68.0,74.11200000000002,27.03470773912137,18.0
-1,-95.74006205442927,12.66524583796297,54.0,62.59200000000003,33.14806205442924,20.0
-1,-96.49978713230983,16.312330615740716,54.0,57.696000000000026,38.80378713230983,21.0
-1,-99.95827159122352,16.000918032407395,51.0,58.65600000000003,41.30227159122349,17.0
-1,-156.74161357572672,17.1649120694444,78.0,104.83200000000006,51.90961357572664,23.0
-1,-87.28351980872048,12.342898101851862,41.0,49.344000000000015,37.93951980872047,21.0
-1,-87.83122535802445,16.045137912037042,43.0,50.592000000000006,37.239225358024456,17.0
-1,-83.19678283560555,15.073865828703688,49.0,57.984000000000016,25.212782835605537,16.0
-1,-68.56971130773272,13.006705439814814,51.0,52.89600000000001,15.673711307732702,13.0
-1,-95.56195073066236,12.174504472222209,59.0,65.28000000000002,30.28195073066233,17.0
-1,-94.847717154186,16.459964430555548,57.0,66.72000000000001,28.127717154185984,17.0
-1,-130.07648885818557,17.70168554166663,69.0,81.31200000000004,48.76448885818554,20.0
-1,-78.26002993882969,12.897588314814811,46.0,47.42400000000002,30.83602993882966,20.0
-1,-96.39904642420812,16.950824560185147,54.0,56.736000000000026,39.66304642420808,19.0
-1,-140.38870355764536,17.0749287592592,58.0,77.56800000000004,62.82070355764532,22.0
-1,-95.8889677765436,14.95575733796296,47.0,54.432000000000016,41.45696777654358,20.0
-1,-130.46708125527488,17.79003924999993,60.0,76.41600000000004,54.05108125527484,22.0
-1,-130.72783846740623,14.475314361111083,60.0,66.81600000000003,63.91183846740618,25.0
-1,-108.28055100266964,16.761070124999975,62.0,68.73600000000002,39.54455100266962,19.0
-1,-92.57806277935217,17.33867386574073,56.0,54.336000000000006,38.24206277935216,20.0
-1,-109.8814499920979,15.072740037037017,58.0,61.05600000000002,48.82544999209788,23.0
-1,-83.32415367020621,10.190573050925927,46.0,53.85600000000003,29.468153670206178,19.0
-1,-92.8052600329031,15.14639126851852,42.0,46.368000000000016,46.43726003290308,20.0
-1,-66.14788880213973,10.832936958333333,45.0,46.94400000000001,19.203888802139723,11.0
-1,-83.69819307361698,11.80578912962963,52.0,55.00800000000002,28.690193073616967,22.0
-1,-94.30050343877276,17.12603385185183,48.0,58.94400000000003,35.35650343877273,21.0
-1,-115.99677398068236,18.24347018518517,54.0,64.60800000000003,51.38877398068232,17.0
-1,-113.6994051483414,18.134568379629595,55.0,70.75200000000002,42.947405148341375,22.0
-1,-112.57272898230906,15.470390907407417,53.0,55.48800000000003,57.08472898230903,21.0
-1,-99.1704633282769,14.011473749999972,49.0,60.384000000000015,38.78646332827688,19.0
-1,-119.29161940992635,16.518791472222215,60.0,62.78400000000003,56.50761940992633,23.0
-1,-101.63395962483564,21.513963972222157,57.0,65.66400000000002,35.969959624835624,18.0
-1,-99.95680913325988,11.894673342592592,45.0,56.352000000000025,43.60480913325985,22.0
-1,-114.40914352634393,18.88137310185181,58.0,69.79200000000003,44.617143526343895,19.0
-1,-110.66118037026207,15.121337583333322,52.0,57.69600000000001,52.96518037026208,25.0
-1,-86.24816400180461,11.475589870370362,43.0,53.376000000000005,32.8721640018046,15.0
-1,-121.46042719618814,16.04864363888886,62.0,67.10400000000003,54.35642719618811,24.0
-1,-94.32755475469033,12.813317231481474,52.0,55.29600000000002,39.03155475469031,21.0
-1,-112.36021224201218,13.593666240740738,71.0,76.80000000000003,35.56021224201216,19.0
-1,-153.5628398661072,17.35776592129626,76.0,100.60800000000006,52.954839866107136,21.0
-1,-87.04783107432061,12.287477694444444,44.0,50.01600000000002,37.0318310743206,22.0
-1,-103.11485035581852,15.154129319444412,61.0,71.80800000000004,31.306850355818504,21.0
-1,-102.15866529337474,12.15681521296298,47.0,53.95200000000001,48.206665293374726,22.0
-1,-102.05514901863938,18.384669092592556,56.0,60.76800000000003,41.28714901863936,21.0
-1,-109.7296649984817,18.738490851851825,53.0,61.440000000000026,48.28966499848168,19.0
-1,-111.5873778591508,16.443742694444413,62.0,57.120000000000026,54.46737785915076,23.0
-1,-97.1713786704766,14.012695564814823,48.0,60.76800000000002,36.40337867047658,20.0
-1,-107.88629529704636,15.547188379629617,60.0,67.00800000000002,40.878295297046336,20.0
-1,-104.87850760106346,16.76654075925923,55.0,61.92000000000002,42.95850760106343,20.0
-1,-140.80211132341083,20.538770685185103,68.0,70.17600000000003,70.62611132341081,21.0
-1,-112.92623761334168,17.06504451388885,57.0,70.36800000000004,42.55823761334163,22.0
-1,-125.43764362411926,19.12643462962957,72.0,85.15200000000004,40.28564362411922,19.0
-1,-97.53445480090411,14.66731994907406,49.0,57.504000000000026,40.03045480090408,21.0
-1,-96.00643298319405,18.5378617546296,58.0,61.248000000000026,34.758432983194,18.0
-1,-86.74959330157199,13.60968535185186,46.0,44.44800000000001,42.30159330157199,20.0
-1,-148.52823551034868,14.368521240740709,62.0,86.01600000000005,62.51223551034864,25.0
-1,-103.4958544360764,13.350403462962932,60.0,63.45600000000003,40.039854436076375,20.0
-1,-98.78220695935148,14.874434638888856,64.0,64.32000000000001,34.46220695935147,20.0
-1,-99.73134132045509,18.622672912037025,63.0,66.91200000000003,32.81934132045505,15.0
-1,-109.53624237872656,14.274179615740737,50.0,64.99200000000003,44.54424237872653,22.0
-1,-111.67125701471748,14.045404773148132,45.0,55.10400000000002,56.567257014717455,24.0
-1,-108.70578597951685,13.745032148148152,58.0,70.46400000000003,38.2417859795168,20.0
-1,-104.34122066719934,12.780184722222211,55.0,66.43200000000002,37.90922066719932,22.0
-1,-150.1830696143139,17.78338508333327,74.0,95.90400000000004,54.27906961431385,22.0
-1,-96.38622596955707,15.182874842592572,50.0,54.91200000000002,41.47422596955707,22.0
-1,-97.598107857945,23.00567761111105,76.0,67.68000000000004,29.918107857944964,18.0
-1,-99.56375569667708,12.06006045370371,62.0,63.936000000000014,35.62775569667706,19.0
-1,-105.80093689775916,16.903298629629607,56.0,59.42400000000002,46.37693689775913,21.0
-1,-117.10426617212354,17.25245202777775,71.0,90.04800000000004,27.056266172123493,17.0
-1,-95.4559826484408,11.97765013425926,60.0,63.936000000000014,31.5199826484408,19.0
-1,-130.3859030010364,17.060146444444424,65.0,89.85600000000005,40.529903001036345,20.0
-1,-135.89184169160126,16.206519171296275,70.0,89.47200000000005,46.41984169160119,21.0
-1,-99.14408071139005,12.680987819444438,73.0,74.68800000000002,24.45608071139003,18.0
-1,-141.75601035699498,16.661714546296245,65.0,85.53600000000006,56.22001035699492,22.0
-1,-95.28546391422566,11.96110158796297,40.0,52.512000000000015,42.77346391422564,23.0
-1,-124.71631949965432,12.089901226851856,58.0,66.52800000000003,58.18831949965429,23.0
-1,-149.51732122129624,15.992328675925911,68.0,87.74400000000004,61.77332122129621,20.0
-1,-94.4439440938092,17.132207300925906,54.0,56.352000000000025,38.09194409380917,19.0
-1,-146.7831516077952,15.207424800925915,69.0,101.66400000000006,45.11915160779513,20.0
-1,-91.34872074237892,14.07890235185184,57.0,63.26400000000002,28.08472074237889,15.0
-1,-118.11849361360252,15.745219652777772,56.0,58.46400000000002,59.65449361360249,23.0
-1,-88.85113261265289,12.83971095833333,46.0,53.280000000000015,35.57113261265288,22.0
-1,-85.18645834352087,16.316167791666643,49.0,57.120000000000026,28.06645834352084,16.0
-1,-95.2962260236528,15.80427793055554,65.0,69.21600000000001,26.08022602365278,15.0
-1,-112.14188330221658,17.322134773148118,58.0,66.72000000000003,45.42188330221656,19.0
-1,-94.7326071817654,15.360202009259224,48.0,58.46400000000003,36.26860718176536,20.0
-1,-114.07798627068496,14.031263374999988,56.0,62.59200000000004,51.48598627068493,22.0
-1,-107.03337140019195,16.041847736111073,61.0,65.37600000000002,41.65737140019195,19.0
-1,-97.96758265755498,15.461881370370362,49.0,50.59200000000002,47.375582657554965,20.0
-1,-119.04448789155867,10.959996268518516,65.0,84.76800000000003,34.27648789155864,20.0
-1,-105.62733661633088,14.32198150462961,63.0,78.04800000000004,27.579336616330814,15.0
-1,-85.95425952576252,11.102305476851855,46.0,55.29600000000003,30.6582595257625,19.0
-1,-127.32817867586358,12.979177217592571,74.0,77.95200000000004,49.37617867586354,24.0
-1,-141.7543070863572,14.59347989814812,66.0,93.12000000000003,48.63430708635714,26.0
-1,-92.8045083669464,9.711086064814824,38.0,42.432000000000016,50.3725083669464,25.0
-1,-115.36684357969546,20.715977837962896,71.0,79.96800000000003,35.39884357969543,16.0
-1,-102.82984705517076,17.280318856481426,52.0,68.92800000000004,33.90184705517073,18.0
-1,-99.94482846454338,13.466038625,45.0,51.16800000000001,48.77682846454337,24.0
-1,-90.60473305537886,14.254094124999993,57.0,63.55200000000002,27.052733055378837,16.0
-1,-109.89362948907224,15.525784722222218,52.0,62.11200000000003,47.78162948907221,19.0
-1,-117.03879913233294,20.818897379629576,58.0,67.48800000000004,49.55079913233289,17.0
-1,-110.71833552202035,13.685790199074049,45.0,59.90400000000003,50.81433552202034,23.0
-1,-98.95788054226868,13.373345671296308,47.0,61.632000000000026,37.32588054226865,19.0
-1,-113.27483019588392,17.94577295833331,56.0,74.88000000000004,38.39483019588389,18.0
-1,-89.08720095018086,16.324772129629633,55.0,60.00000000000003,29.08720095018084,20.0
-1,-95.55204384183864,17.41163135648146,53.0,57.40800000000002,38.14404384183863,19.0
-1,-106.21301784169634,15.284931013888858,58.0,67.87200000000003,38.34101784169632,20.0
-1,-74.1669257957215,10.02925352314816,39.0,45.408,28.758925795721492,18.0
-1,-111.15487111572564,15.457085374999975,56.0,64.80000000000003,46.3548711157256,25.0
-1,-111.6491963191022,15.888883486111103,53.0,59.90400000000003,51.74519631910218,21.0
-1,-102.7600076436915,16.866278231481484,52.0,61.24800000000004,41.51200764369145,19.0
-1,-91.3109372629888,20.72711770370368,54.0,56.73600000000002,34.57493726298878,16.0
-1,-99.69139596310733,19.500021486111045,52.0,67.00800000000002,32.6833959631073,16.0
-1,-108.28405866764852,17.317036462962935,60.0,73.44000000000003,34.84405866764848,18.0
-1,-105.87355338184452,16.78554285648147,45.0,53.95200000000003,51.92155338184449,20.0
-1,-125.52367318992978,16.364967768518508,54.0,67.10400000000003,58.41967318992975,24.0
-1,-124.95112832502038,13.831407902777766,50.0,63.55200000000004,61.39912832502034,27.0
-1,-97.17507149622648,16.66681119907406,50.0,58.17600000000002,38.999071496226456,20.0
-1,-88.39123161280315,17.125484828703684,46.0,50.88000000000002,37.51123161280314,21.0
-1,-109.28285962865272,18.95139122685181,53.0,74.11200000000004,35.17085962865269,17.0
-1,-100.65852534096156,15.099812393518503,53.0,61.92000000000002,38.73852534096154,22.0
-1,-81.19169482644133,8.425867518518519,51.0,61.536000000000016,19.655694826441326,14.0
-1,-109.80109313208392,19.88458376851843,51.0,57.40800000000003,52.3930931320839,21.0
-1,-71.23000325763576,14.17819969444443,47.0,51.26400000000001,19.966003257635755,14.0
-1,-106.57921323924184,12.75205030555554,53.0,62.11200000000001,44.46721323924184,22.0
-1,-107.08753164876656,14.61381085648148,56.0,63.55200000000002,43.53553164876654,19.0
-1,-96.11761857149769,14.465275495370374,47.0,58.08000000000002,38.03761857149766,20.0
-1,-114.69670872832926,15.607699907407392,53.0,61.63200000000003,53.06470872832922,22.0
-1,-100.5764455078306,14.090756425925914,46.0,53.08800000000002,47.488445507830576,22.0
-1,-136.8144555740131,15.836050935185169,58.0,78.24000000000004,58.57445557401305,23.0
-1,-98.79967189058118,12.897283560185166,54.0,63.45600000000003,35.34367189058115,16.0
-1,-128.9497977428951,12.982668986111092,55.0,69.21600000000002,59.73379774289506,23.0
-1,-97.8794394692162,14.876829449074071,55.0,61.632000000000026,36.24743946921619,19.0
-1,-103.2928413257334,16.487185050925934,52.0,57.50400000000002,45.78884132573339,22.0
-1,-96.66504334169782,18.655376601851845,60.0,71.42400000000002,25.2410433416978,15.0
-1,-86.29674164201242,15.97678217592591,46.0,52.70400000000002,33.5927416420124,18.0
-1,-92.54212785151915,15.841136749999984,53.0,63.74400000000003,28.79812785151914,16.0
-1,-105.08893969063448,14.332215879629622,50.0,57.98400000000003,47.10493969063446,24.0
-1,-83.33432279896152,11.542302157407407,50.0,58.368000000000016,24.966322798961517,15.0
-1,-128.56028194645552,19.592261921296224,59.0,70.17600000000004,58.38428194645546,20.0
-1,-103.35096455410206,9.931864351851868,48.0,59.904000000000025,43.44696455410204,25.0
-1,-88.15126126403872,13.669016550925932,48.0,51.360000000000014,36.79126126403871,19.0
-1,-78.32004916730921,10.196799717592592,44.0,39.168000000000006,39.1520491673092,21.0
-1,-105.08050411922058,12.41386694444446,50.0,65.47200000000002,39.60850411922056,22.0
-1,-91.5363208074264,17.079151231481458,75.0,74.01600000000003,17.52032080742635,12.0
-1,-107.2065007569397,16.59704074074072,60.0,69.79200000000002,37.41450075693969,21.0
-1,-92.51280031554234,13.597069208333313,42.0,53.184000000000026,39.3288003155423,23.0
-1,-112.46967102191437,20.082253134259236,59.0,71.23200000000003,41.23767102191433,19.0
-1,-121.66879251361368,17.24367384722218,60.0,64.12800000000003,57.540792513613646,23.0
-1,-82.102831391085,12.126016629629616,57.0,66.72000000000003,15.382831391084975,10.0
-1,-95.91362340374252,12.777972263888874,52.0,64.41600000000001,31.4976234037425,17.0
-1,-85.6053025374631,15.99884183796294,53.0,54.33600000000002,31.269302537463084,17.0
-1,-90.23550008501888,18.381067462962964,57.0,60.000000000000014,30.23550008501888,15.0
-1,-94.88608987369165,15.41884694907408,52.0,60.960000000000015,33.92608987369163,17.0
-1,-92.12559776754756,19.908887342592568,52.0,58.17600000000001,33.94959776754756,18.0
-1,-109.38105300573686,15.28443224537036,53.0,63.64800000000003,45.73305300573683,21.0
-1,-114.82095370381562,18.455154300925845,54.0,62.88000000000003,51.94095370381559,22.0
-1,-92.22507792463948,12.935782703703715,44.0,47.42400000000002,44.80107792463948,24.0
-1,-117.5893637793128,17.40062859259253,50.0,59.13600000000002,58.45336377931277,22.0
-1,-102.14732362004182,11.92363616666666,41.0,56.544000000000025,45.60332362004179,23.0
-1,-104.58457375232057,13.025115759259256,52.0,55.10400000000003,49.48057375232053,26.0
-1,-118.70331387329732,15.251223180555554,53.0,66.14400000000002,52.55931387329731,20.0
-1,-86.71319397306789,15.35615869907408,47.0,53.76000000000001,32.95319397306787,19.0
-1,-115.45491141242265,19.605600518518457,75.0,88.89600000000004,26.558911412422592,15.0
-1,-102.7669823737125,19.523436185185133,61.0,71.90400000000002,30.86298237371247,16.0
-1,-111.52362344683117,17.541717129629614,62.0,70.17600000000003,41.34762344683112,16.0
-1,-78.11032255278454,15.504688268518516,48.0,49.152000000000015,28.95832255278453,18.0
-1,-127.05304954480012,19.63326670833328,73.0,81.12000000000005,45.93304954480007,19.0
-1,-80.61009661502182,15.251255171296297,53.0,61.152000000000015,19.4580966150218,12.0
-1,-80.21532061720924,19.047787583333264,57.0,59.04000000000003,21.17532061720922,14.0
-1,-88.0947642022356,15.35163053703702,50.0,63.16800000000003,24.926764202235567,15.0
-1,-108.13576443057914,12.546005861111112,51.0,62.97600000000004,45.15976443057911,22.0
-1,-90.92612185764357,12.760435736111113,57.0,63.552000000000014,27.37412185764353,17.0
-1,-100.39440611693706,14.86625527314813,49.0,55.87200000000003,44.52240611693704,20.0
-1,-83.95045452820116,14.416412541666668,44.0,47.04000000000002,36.91045452820114,16.0
-1,-108.43315748704276,16.87735534259258,47.0,52.60800000000002,55.82515748704274,21.0
-1,-96.47706605635224,15.177685708333303,53.0,52.416000000000025,44.0610660563522,23.0
-1,-106.59106645383642,15.208387597222218,50.0,60.86400000000002,45.7270664538364,19.0
-1,-86.77594162425629,14.306089569444437,44.0,48.768000000000015,38.00794162425627,20.0
-1,-108.9014420913974,21.285732351851777,57.0,66.14400000000003,42.757442091397365,22.0
-1,-86.96301503365106,13.112624592592574,45.0,50.11200000000001,36.85101503365105,21.0
-1,-105.41581726155216,15.597029305555532,51.0,60.864000000000026,44.55181726155213,22.0
-1,-105.130454025789,16.60642972685184,44.0,53.85600000000002,51.27445402578898,24.0
-1,-100.11980698147012,19.552296736111057,55.0,62.68800000000003,37.431806981470096,18.0
-1,-102.9009385740808,12.126972925925928,44.0,47.71200000000001,55.1889385740808,23.0
-1,-105.58981824994954,18.093979898148124,60.0,59.52000000000004,46.06981824994951,24.0
-1,-116.89414074699955,20.516020129629595,77.0,87.45600000000005,29.43814074699953,18.0
-1,-97.88867694679398,18.654206749999968,63.0,70.46400000000003,27.42467694679395,17.0
-1,-114.36239760190853,16.70587915740741,55.0,59.52000000000002,54.842397601908495,25.0
-1,-103.22518695233104,13.84113239814814,57.0,70.65600000000002,32.56918695233101,18.0
-1,-83.47561030416297,11.138170254629634,42.0,49.72800000000002,33.74761030416295,17.0
-1,-108.8976732874648,20.328456902777752,62.0,70.27200000000002,38.62567328746479,18.0
-1,-104.92266022418484,13.597875569444469,57.0,64.32000000000002,40.60266022418482,21.0
-1,-123.44300262342315,14.106402666666686,56.0,65.56800000000003,57.87500262342312,24.0
-1,-102.2286854392312,15.84097599074073,57.0,73.44000000000003,28.78868543923118,17.0
-1,-103.06793358915404,14.76461100925925,50.0,65.76000000000002,37.30793358915403,18.0
-1,-90.38493712163692,12.42443520833334,61.0,61.63200000000001,28.75293712163689,17.0
-1,-103.6315822942734,16.621415578703694,40.0,54.91200000000002,48.719582294273366,22.0
-1,-113.1884427958742,19.757642828703634,53.0,58.65600000000003,54.532442795874175,22.0
-1,-107.61535925380905,17.406380986111078,53.0,55.48800000000003,52.12735925380901,22.0
-1,-90.8745792410237,13.30268588888888,46.0,48.288000000000025,42.586579241023664,21.0
-1,-89.85837644908824,13.213139365740744,48.0,49.82400000000001,40.03437644908823,22.0
-1,-99.87655240928932,12.526451675925914,46.0,55.68000000000002,44.1965524092893,24.0
-1,-103.29117725213382,17.6725210324074,64.0,62.016000000000034,41.27517725213378,19.0
-1,-116.21410592213408,20.08925333333329,60.0,70.36800000000004,45.84610592213405,20.0
-1,-105.3962447930374,10.722607425925943,45.0,52.032000000000025,53.36424479303737,24.0
-1,-105.99210743209396,17.319233851851816,57.0,54.24000000000002,51.75210743209393,20.0
-1,-97.964246023771,13.108954800925922,66.0,70.17600000000003,27.788246023770974,15.0
-1,-117.54184311642445,15.633183587962948,54.0,65.37600000000003,52.165843116424405,18.0
-1,-101.79939643362827,14.527046629629613,44.0,50.20800000000002,51.591396433628255,24.0
-1,-102.19272929141536,15.158236398148135,54.0,58.27200000000001,43.92072929141534,22.0
-1,-90.17132111343756,16.83289687499997,42.0,54.04800000000003,36.12332111343754,20.0
-1,-100.79159159791034,14.63429675000001,58.0,70.17600000000004,30.615591597910296,15.0
-1,-124.07761543264546,16.211888861111085,59.0,75.26400000000004,48.81361543264542,23.0
-1,-97.58841192593768,13.550624606481485,41.0,50.78400000000002,46.80441192593767,23.0
-1,-127.90308978924269,20.882173046296195,61.0,75.55200000000004,52.35108978924264,20.0
-1,-77.72746604107536,16.03034899999999,48.0,49.920000000000016,27.807466041075344,12.0
-1,-95.70227356069373,21.446250587962894,47.0,51.07200000000002,44.630273560693695,17.0
-1,-104.64156656512004,14.996885037037018,52.0,70.17600000000004,34.465566565119985,20.0
-1,-121.77959188102916,14.248931370370364,53.0,62.20800000000002,59.57159188102914,24.0
-1,-93.08851926922696,14.556328439814834,49.0,52.32000000000002,40.76851926922695,19.0
-1,-117.22983478864458,15.20951048148146,59.0,71.80800000000004,45.42183478864455,20.0
-1,-84.54055561178829,11.273828259259249,51.0,56.448000000000015,28.092555611788278,16.0
-1,-113.37118221731566,22.171582902777683,54.0,70.84800000000003,42.52318221731563,18.0
-1,-93.6890127921264,14.14305806481478,47.0,55.39200000000002,38.29701279212638,21.0
-1,-72.87726984267599,18.32888877314814,43.0,39.168,33.70926984267598,18.0
-1,-91.45278913833832,12.311606398148127,46.0,53.76000000000001,37.69278913833831,22.0
-1,-122.90330286157077,19.895390624999948,56.0,67.39200000000002,55.51130286157074,19.0
-1,-98.85140380295658,19.52122416666661,57.0,66.43200000000003,32.41940380295655,16.0
-1,-88.85314283437964,16.194229962962932,53.0,61.15200000000003,27.701142834379613,15.0
-1,-100.43739297522023,12.034048800925936,39.0,43.872000000000014,56.56539297522024,25.0
-1,-108.9583107920865,15.084868074074054,50.0,59.80800000000003,49.15031079208647,22.0
-1,-106.52303820601976,15.44424052777779,48.0,54.91200000000003,51.61103820601973,21.0
-1,-112.7569739913273,23.93336506944437,80.0,76.89600000000004,35.860973991327256,18.0
-1,-123.66940617038604,17.670320537036986,59.0,70.46400000000004,53.205406170386,20.0
-1,-100.1350833654069,15.737829356481468,50.0,54.240000000000016,45.89508336540688,19.0
-1,-110.62336969950542,23.328579083333256,59.0,73.05600000000004,37.567369699505385,16.0
-1,-94.25094741193033,13.806093189814815,52.0,60.57600000000002,33.674947411930304,19.0
-1,-87.17761483199105,11.984228495370385,42.0,52.89600000000002,34.28161483199103,21.0
-1,-89.4305452018796,17.866681476851806,50.0,58.08000000000003,31.350545201879573,19.0
-1,-105.65818002314076,16.915796902777746,50.0,62.78400000000003,42.87418002314075,20.0
-1,-89.16979542522552,13.143297060185166,42.0,50.496000000000016,38.6737954252255,22.0
-1,-96.4514806526799,12.5310588148148,46.0,52.896000000000015,43.55548065267989,22.0
-1,-117.77046117986036,17.584304606481467,57.0,67.10400000000003,50.66646117986031,21.0
-1,-112.52243804661045,14.031350523148138,47.0,57.21600000000002,55.30643804661042,22.0
-1,-109.8225037822032,11.522219986111107,47.0,57.40800000000002,52.41450378220319,23.0
-1,-111.91773081121588,22.803219990740665,55.0,64.89600000000003,47.021730811215846,18.0
-1,-96.02278665864156,16.691170805555505,44.0,59.13600000000002,36.886786658641554,20.0
-1,-93.93993121946986,14.378542953703697,42.0,54.62400000000002,39.315931219469824,22.0
-1,-96.89591747479388,11.92726506018519,54.0,50.59200000000003,46.303917474793856,26.0
-1,-109.7859271253163,12.757931050925924,35.0,42.336000000000006,67.44992712531631,24.0
-1,-101.11093348464158,17.081898814814767,41.0,56.928000000000026,44.182933484641545,21.0
-1,-134.885908977655,18.66021243055552,67.0,99.93600000000006,34.94990897765494,16.0
-1,-104.02464410129951,16.51113343055552,61.0,73.15200000000003,30.872644101299496,20.0
-1,-85.05352390153455,16.873098486111093,44.0,47.040000000000006,38.01352390153454,19.0
-1,-97.56704074341997,15.537692101851864,50.0,54.14400000000003,43.423040743419946,17.0
-1,-116.01502655379264,15.810310916666646,56.0,70.75200000000004,45.2630265537926,20.0
-1,-80.87145845054228,20.896323310185146,52.0,50.97600000000002,29.895458450542257,18.0
-1,-95.12523853042984,13.178134439814809,43.0,49.344000000000015,45.78123853042982,22.0
-1,-123.796778359031,17.360238078703638,55.0,63.36000000000004,60.436778359030974,21.0
-1,-141.7276405112077,19.172695416666564,68.0,84.28800000000004,57.43964051120768,21.0
-1,-96.25007533945396,10.733108893518535,34.0,42.816,53.43407533945395,24.0
-1,-91.7793713472554,18.057900967592563,50.0,53.568000000000026,38.21137134725538,18.0
-1,-122.54267946059056,14.2812902638889,48.0,56.736000000000026,65.80667946059054,26.0
-1,-108.10127219272216,12.76493363888888,63.0,68.06400000000002,40.03727219272214,23.0
-1,-195.3657552744525,17.777917361111005,80.0,122.40000000000008,72.96575527445242,25.0
-1,-117.91286463479344,16.42334353703702,47.0,61.24800000000003,56.66486463479342,22.0
-1,-82.7280998241983,16.4433567685185,42.0,47.42400000000001,35.304099824198296,20.0
-1,-134.9336182543626,16.176988069444427,55.0,74.40000000000003,60.53361825436257,24.0
-1,-126.76974471570416,16.916187638888836,51.0,64.80000000000003,61.96974471570413,25.0
-1,-98.68409160744676,16.88352697222219,46.0,63.07200000000002,35.61209160744674,20.0
-1,-102.9005682346404,17.244147879629605,48.0,55.39200000000002,47.50856823464038,20.0
-1,-76.11155182181935,10.494863069444428,34.0,43.968,32.14355182181935,18.0
-1,-98.16304850124996,16.80923138425924,58.0,66.72000000000003,31.443048501249915,18.0
-1,-90.6458439146081,12.232947601851848,35.0,47.23200000000001,43.41384391460807,25.0
-1,-98.2311492327412,15.580199509259236,48.0,62.78400000000001,35.44714923274119,20.0
-1,-136.7198100438096,16.534813162037,62.0,79.00800000000004,57.71181004380956,22.0
-1,-102.13713189211823,15.586472870370336,61.0,67.00800000000002,35.129131892118224,20.0
-1,-141.15792251818073,22.913809768518423,75.0,97.72800000000004,43.42992251818068,19.0
-1,-101.7800962791127,19.22819582407405,51.0,55.968000000000025,45.81209627911267,17.0
-1,-122.940317818698,21.62858477314806,57.0,74.68800000000005,48.25231781869796,17.0
-1,-103.71410582893527,12.672724166666663,47.0,59.90400000000003,43.810105828935264,22.0
-1,-116.30997717027672,16.49871123611111,55.0,60.864000000000026,55.44597717027669,20.0
-1,-84.65094404081779,12.678284162037018,46.0,51.16800000000001,33.482944040817785,21.0
-1,-119.14659818855156,19.135233856481417,61.0,72.28800000000003,46.858598188551525,21.0
-1,-88.69780076679493,14.275139337962962,42.0,57.02400000000002,31.6738007667949,19.0
-1,-73.17773247121397,12.08543667592593,46.0,50.49600000000002,22.68173247121394,16.0
-1,-107.38808293220018,17.64660108796294,47.0,62.40000000000002,44.98808293220016,22.0
-1,-142.61637005702124,14.784611273148128,57.0,79.10400000000004,63.512370057021215,21.0
-1,-98.47878937398616,19.17074017129622,48.0,56.92800000000002,41.55078937398615,20.0
-1,-165.27163202589108,15.302814208333304,76.0,99.84000000000006,65.43163202589102,26.0
-1,-112.42331555343182,15.999576189814809,55.0,61.056000000000026,51.36731555343179,20.0
-1,-123.78206091680532,16.423619814814764,50.0,66.43200000000004,57.35006091680528,22.0
-1,-89.43342015066324,13.838000337962969,47.0,50.30400000000001,39.12942015066322,21.0
-1,-120.5862114546904,17.662950754629556,56.0,65.95200000000003,54.63421145469037,20.0
-1,-119.9134673061689,16.586497333333284,55.0,67.48800000000004,52.425467306168855,20.0
-1,-117.3864505403982,20.079998842592524,63.0,76.12800000000003,41.258450540398165,16.0
-1,-68.48010100530149,21.12247535185182,48.0,43.10400000000001,25.37610100530148,14.0
-1,-106.22285801338052,14.653174574074066,49.0,56.44800000000003,49.774858013380495,20.0
-1,-104.167544791401,13.387560805555545,54.0,61.92000000000002,42.24754479140099,21.0
-1,-136.99787159530194,15.214937620370351,64.0,88.12800000000006,48.86987159530189,21.0
-1,-104.57058501359391,16.854521249999987,51.0,57.504000000000026,47.06658501359391,18.0
-1,-115.4711757239385,13.593618999999984,43.0,55.58400000000002,59.88717572393848,26.0
-1,-82.388665869276,14.391416662037017,44.0,47.90400000000001,34.48466586927598,21.0
-1,-108.27733447635649,18.6000923472222,48.0,64.70400000000002,43.57333447635647,18.0
-1,-105.4945967812184,16.737050421296253,50.0,57.12000000000002,48.37459678121839,23.0
-1,-90.68093151263564,16.79003478240737,49.0,50.97600000000002,39.70493151263562,20.0
-1,-75.29052518352879,10.431999578703705,43.0,48.86400000000001,26.42652518352877,15.0
-1,-97.45301373602364,10.284040935185176,48.0,67.87200000000003,29.58101373602362,17.0
-1,-98.97771882524896,19.81741150462954,51.0,55.48800000000002,43.48971882524895,19.0
-1,-66.05698450405367,18.222049518518517,46.0,40.60800000000001,25.44898450405365,15.0
-1,-89.86314898319944,17.1637022685185,46.0,57.40800000000003,32.45514898319941,17.0
-1,-117.30081112833273,12.748559444444432,57.0,65.47200000000004,51.82881112833268,23.0
-1,-97.4839914746754,11.929502444444449,44.0,49.63200000000002,47.85199147467539,24.0
-1,-109.85280075367304,13.869815388888885,54.0,65.56800000000003,44.28480075367302,20.0
-1,-119.20355351290556,14.987970736111109,52.0,75.45600000000003,43.74755351290553,20.0
-1,-115.88892487322296,19.10425106481473,50.0,64.03200000000002,51.85692487322292,22.0
-1,-108.97800230227692,16.913338504629593,40.0,51.74400000000002,57.234002302276906,22.0
-1,-90.5103342014198,17.17134956481482,41.0,45.408000000000015,45.102334201419794,17.0
-1,-85.98151448395178,11.625486393518518,41.0,50.016000000000005,35.96551448395178,18.0
-1,-123.90509892403058,13.084448138888876,43.0,60.67200000000003,63.23309892403055,27.0
-1,-92.20459515935563,15.416010976851846,50.0,59.42400000000003,32.78059515935561,16.0
-1,-108.97774314714458,10.539226847222226,62.0,78.81600000000005,30.16174314714453,18.0
-1,-97.37551724361413,15.512923074074058,45.0,58.84800000000002,38.527517243614106,20.0
-1,-88.99715647548928,13.995508666666664,38.0,46.27200000000001,42.725156475489264,22.0
-1,-82.87475232551432,18.81391932407401,46.0,55.87200000000002,27.002752325514304,16.0
-1,-97.06206668291524,15.556732199074048,44.0,49.44000000000001,47.622066682915225,23.0
-1,-98.77576708268812,21.308519736111077,50.0,57.40800000000003,41.36776708268809,18.0
-1,-119.68704723678192,14.416538925925922,48.0,57.79200000000003,61.89504723678189,25.0
-1,-80.49920995512187,12.761114148148147,42.0,53.088000000000015,27.411209955121866,14.0
-1,-104.45258439514647,18.1290350648148,50.0,58.27200000000003,46.18058439514647,18.0
-1,-134.9612792148273,13.69912410648146,52.0,86.20800000000004,48.75327921482727,23.0
-1,-84.5188728889804,14.673627870370373,46.0,54.048000000000016,30.470872888980384,16.0
-1,-104.78117498251936,18.143868194444416,48.0,64.03200000000002,40.74917498251934,19.0
-1,-92.41027513725687,14.502723490740747,38.0,49.152000000000015,43.25827513725687,21.0
-1,-88.15528319718067,14.911800444444426,42.0,52.128000000000014,36.02728319718066,20.0
-1,-86.44704992418154,11.255499671296288,39.0,44.736,41.71104992418154,26.0
-1,-123.18153656670653,17.479031736111082,53.0,61.24800000000003,61.93353656670649,22.0
-1,-84.49924832794059,14.96333119907407,44.0,52.800000000000026,31.69924832794057,19.0
-1,-94.1372286318106,18.597932435185147,45.0,55.680000000000014,38.45722863181061,19.0
-1,-116.70869756494945,15.543210037037015,49.0,65.56800000000003,51.14069756494942,20.0
-1,-108.17476946312917,15.379142624999997,49.0,55.87200000000002,52.30276946312913,23.0
-1,-92.48538640115666,16.322100236111083,47.0,55.20000000000002,37.28538640115664,21.0
-1,-80.69864846625501,12.404566416666668,38.0,43.968,36.73064846625501,20.0
-1,-96.2533955396216,16.146156509259228,44.0,51.07200000000001,45.18139553962158,23.0
-1,-97.2115710345883,19.64314837499997,50.0,57.504000000000026,39.70757103458829,16.0
-1,-108.679071145447,15.701823208333328,49.0,57.69600000000002,50.983071145447,23.0
-1,-118.5679114555039,14.249555449074036,49.0,63.84000000000003,54.72791145550387,25.0
-1,-93.19713426751318,21.98460343981476,56.0,62.59200000000003,30.605134267513147,16.0
-1,-83.44330398681015,14.169677787037022,49.0,52.992000000000026,30.451303986810125,17.0
-1,-109.15602958193104,20.71546221296292,60.0,74.40000000000003,34.75602958193102,16.0
-1,-100.71288324697224,17.2633947916666,57.0,58.65600000000003,42.0568832469722,22.0
-1,-107.92855672440685,11.89947466203702,46.0,61.63200000000003,46.29655672440681,20.0
-1,-127.91671618406929,21.62819160185176,72.0,85.44000000000005,42.476716184069225,18.0
-1,-97.91277361018015,14.546847537037015,39.0,55.968000000000025,41.94477361018012,19.0
-1,-98.9212075280211,14.998116300925943,54.0,57.88800000000002,41.03320752802108,20.0
-1,-98.06045097647684,19.165429208333304,45.0,48.384000000000015,49.67645097647683,18.0
-1,-103.75000665016957,11.929768222222217,40.0,53.95200000000001,49.79800665016955,25.0
-1,-92.6869753287692,17.0647949722222,48.0,57.504000000000026,35.182975328769174,18.0
-1,-95.56027499572332,15.064651092592577,48.0,55.68000000000003,39.880274995723305,21.0
-1,-108.34542027940624,14.447690004629626,44.0,52.896000000000015,55.44942027940622,24.0
-1,-115.56923355750892,11.78546720370373,52.0,54.33600000000002,61.23323355750888,24.0
-1,-110.15312072977255,14.923946995370343,49.0,62.97600000000003,47.177120729772525,26.0
-1,-94.85684488682304,15.006242611111093,51.0,61.53600000000002,33.32084488682302,18.0
-1,-82.47954054443622,14.787375726851854,45.0,47.23200000000001,35.24754054443621,19.0
-1,-92.83954679010004,14.714201694444426,46.0,54.14400000000002,38.695546790100025,19.0
-1,-83.71698508402982,12.828697208333343,34.0,41.664000000000016,42.0529850840298,19.0
-1,-104.13084883726984,14.30515274074072,39.0,48.384000000000015,55.74684883726984,24.0
-1,-112.32357831282316,13.506957532407409,59.0,71.90400000000004,40.41957831282312,20.0
-1,-93.1367149416052,14.039828717592574,46.0,52.704000000000015,40.43271494160519,20.0
-1,-81.41057838480776,20.34599538888885,47.0,53.37600000000002,28.034578384807745,13.0
-1,-96.92411330506548,17.061380666666658,45.0,51.26400000000002,45.66011330506545,19.0
-1,-93.6767318945422,16.166171800925927,38.0,45.600000000000016,48.076731894542185,22.0
-1,-95.71187456303016,11.403670875000014,34.0,45.984000000000016,49.72787456303015,24.0
-1,-116.16199947250644,16.998776925925878,45.0,65.37600000000003,50.7859994725064,20.0
-1,-95.31431720410376,18.10145124537033,50.0,53.376000000000026,41.93831720410375,20.0
-1,-85.74814617729098,10.855921828703703,43.0,44.06400000000002,41.68414617729095,23.0
-1,-89.6351547520467,13.75639582407409,47.0,43.10400000000001,46.53115475204669,24.0
-1,-227.42883445046488,22.951084069444352,116.0,180.8640000000001,46.56483445046475,16.0
-1,-73.42711706242676,16.293350898148162,38.0,38.40000000000001,35.02711706242674,18.0
-1,-74.25180513674209,17.396976314814797,36.0,43.20000000000001,31.05180513674209,15.0
-1,-89.42749027956276,15.709667194444446,39.0,41.56800000000001,47.85949027956276,19.0
-1,-124.6497112107242,18.54699737962957,63.0,69.88800000000003,54.76171121072417,22.0
-1,-97.14172301500469,16.589034217592584,40.0,51.55200000000002,45.58972301500467,20.0
-1,-113.31744386467416,18.500188685185112,50.0,70.36800000000004,42.9494438646741,20.0
-1,-82.99774484159568,14.716185152777772,45.0,53.472000000000016,29.525744841595653,15.0
-1,-104.2400006721226,15.969287925925908,48.0,51.26400000000002,52.976000672122574,23.0
-1,-107.62161142984996,14.11172075462963,47.0,65.47200000000002,42.149611429849934,20.0
-1,-91.85788554470994,15.882688694444436,48.0,57.696000000000026,34.161885544709925,18.0
-1,-83.70809577676388,12.618154638888884,41.0,50.49600000000001,33.21209577676387,17.0
-1,-106.44332240510388,21.681241972222203,56.0,74.11200000000001,32.33132240510388,15.0
-1,-85.49526483537983,16.776039462962963,43.0,52.32000000000002,33.175264835379814,17.0
-1,-100.97742486145644,22.464670120370304,60.0,64.70400000000001,36.273424861456434,17.0
-1,-87.76621527141836,20.83554232870368,64.0,64.03200000000001,23.734215271418343,14.0
-1,-92.11121287670528,15.809970226851842,40.0,49.344000000000015,42.76721287670527,23.0
-1,-142.72426309179934,13.29379831018517,70.0,86.49600000000004,56.22826309179929,23.0
-1,-130.76680910355097,15.92859882870368,53.0,74.68800000000003,56.07880910355093,23.0
-1,-74.03652202724697,15.042650097222198,48.0,45.88800000000002,28.14852202724696,13.0
-1,-111.22530454266192,20.05912418518509,48.0,65.08800000000002,46.13730454266191,19.0
-1,-139.08799281466105,16.151318134259224,56.0,76.22400000000003,62.86399281466103,23.0
-1,-85.6276788478822,10.67023394907408,38.0,48.00000000000001,37.62767884788219,21.0
-1,-113.252275608315,15.715291629629611,41.0,47.808000000000014,65.44427560831497,25.0
-1,-80.6930535129342,14.554634481481472,40.0,42.81600000000002,37.87705351293417,22.0
-1,-102.41365330670112,14.689941212962957,46.0,51.16800000000001,51.24565330670112,24.0
-1,-102.33072696653932,17.606655050925898,47.0,51.45600000000002,50.8747269665393,22.0
-1,-93.39972543081764,14.112006898148127,43.0,46.84800000000001,46.551725430817626,22.0
-1,-97.7755206421212,13.605245662037031,40.0,47.32800000000002,50.447520642121184,24.0
-1,-119.22849024310318,19.671204120370277,50.0,58.84800000000003,60.380490243103154,23.0
-1,-111.13269062488372,18.431017337962917,60.0,74.20800000000004,36.92469062488368,16.0
-1,-93.0607860628418,13.01747824537037,36.0,46.75200000000002,46.30878606284178,23.0
-1,-105.39148296532488,15.613270884259247,44.0,54.432000000000016,50.95948296532485,22.0
-1,-92.88061018935426,16.689184819444435,39.0,48.96000000000002,43.92061018935424,19.0
-1,-75.82607102908318,16.68633695370368,55.0,55.39200000000002,20.43407102908317,11.0
-1,-74.44715064996606,19.25553435185184,37.0,39.45600000000001,34.991150649966045,17.0
-1,-95.15825636004035,18.10017688425924,49.0,51.45600000000002,43.70225636004033,20.0
-1,-107.2557712090372,15.620930430555545,53.0,68.25600000000003,38.99977120903717,19.0
-1,-103.87733570164258,19.16315586111105,54.0,64.70400000000004,39.17333570164255,18.0
-1,-106.36706650210957,15.610318601851844,55.0,58.46400000000003,47.90306650210953,22.0
-1,-99.79456478980156,15.995610560185176,54.0,59.90400000000003,39.890564789801545,17.0
-1,-105.5598980586394,18.404714074073983,47.0,53.76000000000002,51.799898058639386,20.0
-1,-90.08281419087211,15.196113495370378,39.0,45.50400000000002,44.578814190872095,22.0
-1,-90.06119296584626,19.63135407407405,47.0,51.36000000000002,38.70119296584623,19.0
-1,-71.0372217929584,16.933526416666677,44.0,38.78400000000001,32.253221792958385,15.0
-1,-92.56144599674778,11.796141435185175,43.0,50.112000000000016,42.44944599674776,19.0
-1,-90.2904582336644,30.00073550925924,74.0,68.92800000000001,21.362458233664377,11.0
-1,-72.56184467501815,12.639639249999988,36.0,43.68000000000001,28.88184467501814,17.0
-1,-104.105739546616,17.175875736111085,43.0,60.76800000000003,43.33773954661599,23.0
-1,-111.48509619534624,24.184900078703635,58.0,66.91200000000003,44.57309619534622,19.0
-1,-102.2163732299302,14.494826254629633,42.0,50.88000000000002,51.3363732299302,23.0
-1,-105.03734183878623,21.721770995370285,48.0,60.57600000000003,44.4613418387862,19.0
-1,-114.18899215565057,17.117162138888858,46.0,55.68000000000002,58.50899215565053,21.0
-1,-100.66429909423206,11.605098527777775,34.0,50.59200000000001,50.07229909423205,25.0
-1,-70.35875365989051,15.583786680555551,38.0,41.08800000000001,29.270753659890502,17.0
-1,-88.96263530025001,12.30892550462963,35.0,45.408000000000015,43.55463530025,23.0
-1,-98.66056219747512,21.73687627777774,60.0,61.536000000000016,37.12456219747512,18.0
-1,-98.32171544496616,16.018930138888862,43.0,52.80000000000001,45.52171544496615,21.0
-1,-82.75618974960474,12.224377550925944,33.0,36.48,46.276189749604754,23.0
-1,-91.30866843761888,16.836035111111073,48.0,58.84800000000002,32.46066843761887,16.0
-1,-97.0431780249086,18.216556537037,43.0,51.93600000000002,45.10717802490858,22.0
-1,-101.45421976077436,16.343942449074067,48.0,60.38400000000003,41.070219760774336,21.0
-1,-192.01508714385108,12.711877587962965,76.0,114.52800000000008,77.48708714385099,26.0
-1,-94.07531562718884,15.818347560185162,51.0,53.280000000000015,40.79531562718883,21.0
-1,-108.52581745424484,15.55289285648146,42.0,52.80000000000002,55.72581745424481,20.0
-1,-105.10687501902004,17.366261601851793,43.0,56.25600000000002,48.85087501902001,25.0
-1,-115.04544875167689,12.803873694444444,50.0,64.03200000000002,51.01344875167685,21.0
-1,-108.20800482387465,19.97938117129625,50.0,64.60800000000003,43.6000048238746,19.0
-1,-104.39179845813835,12.838277717592588,43.0,49.24800000000002,55.143798458138335,24.0
-1,-108.7272873600009,16.960048643518498,52.0,70.36800000000002,38.35928736000088,17.0
-1,-96.04019885834558,14.003076361111102,43.0,58.75200000000002,37.28819885834555,16.0
-1,-124.3173113549846,14.223498226851843,55.0,71.42400000000004,52.89331135498456,22.0
-1,-105.01399634537816,17.43486662037034,51.0,58.46400000000003,46.54999634537813,20.0
-1,-218.8877785264712,18.362000194444363,90.0,148.51200000000009,70.37577852647112,23.0
-1,-108.57645092678518,17.20186488425921,42.0,56.544000000000025,52.03245092678517,23.0
-1,-97.25154574660893,13.152542055555552,46.0,60.38400000000002,36.86754574660889,20.0
-1,-129.2400383300402,19.199437171296204,50.0,68.16000000000004,61.08003833004014,23.0
-1,-77.2498982549572,10.205378162037055,34.0,34.65599999999999,42.59389825495721,23.0
-1,-88.10191055802078,17.540640874999983,43.0,52.99200000000002,35.10991055802076,17.0
-1,-89.418554460922,20.42165040277771,60.0,66.52800000000002,22.89055446092197,11.0
-1,-64.95332805308144,13.113147759259242,33.0,37.056,27.897328053081427,19.0
-1,-114.77332199633186,15.98585487037034,45.0,65.66400000000003,49.10932199633183,22.0
-1,-98.92076373080602,18.4152126666666,43.0,64.32000000000002,34.600763730806,18.0
-1,-100.81554206668667,16.438585074074073,37.0,48.28800000000001,52.52754206668666,22.0
-1,-94.71142088485784,15.423744273148154,50.0,49.440000000000026,45.27142088485782,22.0
-1,-81.3069941247322,15.591843009259236,36.0,50.304000000000016,31.002994124732187,18.0
-1,-100.34195555146064,17.76282493055548,48.0,57.21600000000002,43.125955551460606,19.0
-1,-83.3567051581683,15.649373027777742,42.0,47.52000000000002,35.836705158168286,19.0
-1,-135.24703601031547,19.1635125879629,76.0,85.82400000000003,49.42303601031544,24.0
-1,-90.97371107118744,16.794046949074044,42.0,56.25600000000002,34.71771107118742,17.0
-1,-142.48658934319087,13.785756328703668,61.0,87.74400000000004,54.74258934319082,23.0
-1,-115.24792804954288,14.732985527777778,50.0,64.89600000000002,50.351928049542856,21.0
-1,-105.47580683329969,14.7299948333333,42.0,61.24800000000002,44.22780683329966,24.0
-1,-79.38565437956629,15.496774263888849,41.0,46.368000000000016,33.01765437956627,20.0
-1,-96.07819799164024,14.121735861111103,42.0,50.88000000000002,45.19819799164023,23.0
-1,-108.1255682632993,13.052937152777794,44.0,51.936000000000014,56.189568263299286,25.0
-1,-81.25554617310098,21.266212328703684,48.0,48.192000000000014,33.06354617310097,16.0
-1,-83.31642753277505,12.791644601851846,40.0,48.28800000000002,35.028427532775034,21.0
-1,-94.74516777253466,16.152479745370325,44.0,59.80800000000003,34.93716777253463,19.0
-1,-100.97161015517509,20.931388907407367,49.0,54.52800000000002,46.44361015517505,21.0
-1,-90.27167939034388,19.008409333333294,45.0,53.088000000000015,37.183679390343855,16.0
-1,-94.70141379531422,11.93377587962962,44.0,59.424000000000014,35.27741379531421,17.0
-1,-93.50661069638748,15.738547037037032,50.0,57.312000000000026,36.19461069638744,18.0
-1,-93.4775645644046,19.87894129629626,51.0,49.44000000000001,44.03756456440458,20.0
-1,-162.1156731810705,23.912426305555417,73.0,109.05600000000008,53.05967318107042,20.0
-1,-106.63215371252892,16.121749171296276,50.0,62.11200000000003,44.52015371252888,22.0
-1,-107.30317550016636,19.35794069444437,56.0,73.34400000000004,33.95917550016633,19.0
-1,-93.4245647360315,13.454977875000004,49.0,57.120000000000026,36.304564736031466,18.0
-1,-113.40088922014688,19.75984286574065,54.0,59.712000000000025,53.68888922014685,19.0
-1,-111.13566645356627,14.894480208333311,49.0,63.74400000000003,47.39166645356624,21.0
-1,-90.51427017558169,15.905792740740717,44.0,49.72800000000001,40.78627017558168,21.0
-1,-90.50343101188164,11.751340541666668,41.0,56.64000000000002,33.86343101188163,21.0
-1,-130.8958771001495,17.332085976851783,49.0,64.12800000000003,66.76787710014948,23.0
-1,-105.5074572981865,13.107403236111098,50.0,72.09600000000003,33.41145729818647,19.0
-1,-83.00967080627747,15.44409581018516,36.0,38.88000000000001,44.12967080627746,20.0
-1,-81.02676774536631,14.190709912037043,44.0,53.66400000000001,27.36276774536631,13.0
-1,-107.651510000926,12.77861305555554,43.0,55.39200000000002,52.25951000092599,26.0
-1,-65.83320849350972,16.120999768518523,40.0,43.29600000000001,22.53720849350972,12.0
-1,-89.49315843904748,19.28796497685184,46.0,46.080000000000005,43.41315843904746,17.0
-1,-129.9727013985929,14.146947953703698,48.0,63.26400000000003,66.70870139859286,27.0
-1,-82.60333490198148,11.175222731481483,45.0,58.94400000000002,23.65933490198147,15.0
-1,-112.80855307459191,15.858190499999983,52.0,61.34400000000003,51.46455307459189,23.0
-1,-94.70641850352382,14.91808749537036,56.0,62.30400000000003,32.4024185035238,14.0
-1,-110.3583800238398,17.74121754629626,51.0,64.99200000000003,45.36638002383977,18.0
-1,-120.6857293985652,18.121659449074016,60.0,78.52800000000003,42.15772939856516,21.0
-1,-89.57453843879614,20.735121402777786,51.0,47.13600000000001,42.43853843879613,21.0
-1,-86.24615294544246,14.322730439814832,43.0,51.16800000000001,35.07815294544245,17.0
-1,-98.71125571029852,19.724811351851795,57.0,67.87200000000003,30.839255710298502,16.0
-1,-107.38283615631948,15.586303912037058,49.0,53.66400000000002,53.718836156319455,23.0
-1,-103.02523502323884,20.897213592592525,49.0,54.91200000000003,48.11323502323881,18.0
-1,-104.24108826102658,17.55205992592586,49.0,63.64800000000003,40.593088261026544,19.0
-1,-106.87746156954364,9.932440166666655,48.0,55.68000000000003,51.19746156954361,25.0
-1,-102.77730341912198,16.782353374999957,49.0,59.616000000000014,43.16130341912197,20.0
-1,-106.32565614256868,15.868466712962944,42.0,47.32800000000002,58.99765614256866,23.0
-1,-109.34525056933704,17.18428344907404,64.0,71.13600000000001,38.20925056933703,20.0
-1,-80.71793306519793,17.306521847222218,50.0,54.52800000000003,26.189933065197906,11.0
-1,-114.06885616092794,13.163738101851829,41.0,60.96000000000002,53.10885616092792,25.0
-1,-113.9501489209102,13.593235245370366,47.0,58.65600000000003,55.29414892091019,26.0
-1,-85.39076688221112,19.568174893518528,52.0,50.49600000000002,34.8947668822111,17.0
-1,-121.9840851427662,19.34507055092584,50.0,61.056000000000026,60.92808514276616,22.0
-1,-77.44813300126887,9.86158199537039,43.0,50.400000000000006,27.048133001268862,18.0
-1,-90.90051680668522,21.360264870370315,50.0,55.10400000000001,35.796516806685204,16.0
-1,-102.3428264791188,17.095536986111075,45.0,57.60000000000002,44.74282647911878,19.0
-1,-97.37817440618674,18.27530864351848,41.0,50.30400000000002,47.07417440618672,19.0
-1,-90.67665961625188,16.098884824074066,44.0,44.44800000000001,46.22865961625187,19.0
-1,-82.83705707165602,18.4131746435185,55.0,52.032,30.80505707165602,17.0
-1,-111.97390128605764,17.52625272685181,51.0,71.80800000000004,40.1659012860576,17.0
-1,-85.61211156545832,14.369310939814811,41.0,52.89600000000002,32.716111565458306,18.0
-1,-100.3517240749296,13.35084236574074,50.0,49.536000000000016,50.81572407492957,21.0
-1,-91.54361772300132,14.86736410648146,39.0,52.03200000000002,39.51161772300131,21.0
-1,-136.2797047313093,17.136056347222183,55.0,77.56800000000004,58.71170473130925,23.0
-1,-94.15514660002214,19.00347822222215,43.0,50.20800000000002,43.94714660002211,21.0
-1,-100.56178965507408,18.341891962962883,47.0,56.44800000000002,44.11378965507406,20.0
-1,-96.30314678857287,19.59663089351848,48.0,51.36000000000002,44.94314678857285,19.0
-1,-93.17520669461992,16.898822217592546,37.0,48.67200000000001,44.50320669461991,20.0
-1,-79.9339441470646,15.95726993518518,41.0,42.720000000000006,37.21394414706459,20.0
-1,-93.4193759299387,16.935320773148153,44.0,48.00000000000002,45.41937592993868,22.0
-1,-102.42370298688148,14.294997124999997,40.0,52.99200000000002,49.431702986881454,21.0
-1,-78.61056593823585,16.625274504629648,37.0,38.01600000000001,40.59456593823583,22.0
-1,-93.09876744102284,13.143214462962971,41.0,50.11200000000002,42.98676744102281,21.0
-1,-118.166941408935,21.23699768055547,52.0,64.99200000000003,53.17494140893497,21.0
-1,-99.5482013571124,15.76946791666666,42.0,49.34400000000001,50.2042013571124,24.0
-1,-108.58712822356958,14.158557833333315,46.0,65.18400000000003,43.403128223569546,20.0
-1,-76.03117005480146,17.753936115740743,45.0,48.76800000000002,27.26317005480145,15.0
-1,-92.99235005037984,16.752851550925882,48.0,59.42400000000004,33.5683500503798,14.0
-1,-132.17776366795397,20.53728747222216,58.0,72.00000000000003,60.17776366795394,22.0
-1,-76.65233969663817,19.08305293981481,51.0,48.86400000000002,27.788339696638147,14.0
-1,-101.99155419967757,13.933307884259245,41.0,58.94400000000003,43.04755419967751,24.0
-1,-109.83169884403952,14.3487185185185,54.0,62.11200000000004,47.71969884403947,21.0
-1,-83.45766172921464,17.6562528518518,41.0,49.152000000000015,34.30566172921462,18.0
-1,-86.15444823808352,8.834012717592625,37.0,36.96,49.19444823808352,26.0
-1,-87.53833499347047,13.209676930555531,38.0,42.24000000000001,45.29833499347047,23.0
-1,-103.39282451640749,16.428707444444424,53.0,63.07200000000003,40.32082451640744,17.0
-1,-121.43393172505938,14.432785240740737,50.0,62.97600000000004,58.45793172505935,21.0
-1,-114.42958275805896,24.67040933796285,66.0,79.00800000000002,35.421582758058946,18.0
-1,-101.91994635099115,14.941578546296284,53.0,60.38400000000002,41.535946350991146,21.0
-1,-94.9252342845429,18.6847705648148,46.0,60.38400000000002,34.541234284542874,17.0
-1,-89.175801209849,14.692043439814809,39.0,50.208000000000006,38.967801209849,21.0
-1,-88.42961662216875,17.605729652777722,36.0,49.728000000000016,38.701616622168736,19.0
-1,-99.16247519644466,12.59514245833334,36.0,42.336000000000006,56.82647519644466,26.0
-1,-87.02753977107407,13.41832449537036,38.0,45.50400000000001,41.52353977107406,21.0
-1,-105.79335767618684,14.920193912037018,48.0,56.64000000000003,49.15335767618682,21.0
-1,-109.97529224981164,16.84503780092589,51.0,62.97600000000004,46.9992922498116,20.0
-1,-94.3579680422932,15.34229735185184,41.0,47.52000000000001,46.83796804229319,21.0
-1,-108.10158844163122,21.019631282407364,52.0,62.208000000000034,45.89358844163119,16.0
-1,-90.42801912193713,17.899950962962954,42.0,42.43200000000001,47.99601912193712,20.0
-1,-102.44061346205385,17.512577833333307,51.0,61.824000000000034,40.61661346205381,18.0
-1,-106.32194424568394,18.558077305555507,45.0,54.62400000000002,51.69794424568392,21.0
-1,-82.83175156714735,17.411466763888853,43.0,55.29600000000002,27.535751567147333,13.0
-1,-60.8702956318064,12.864086037037026,37.0,43.104000000000006,17.76629563180639,12.0
-1,-107.33354810744282,14.22168282870368,42.0,55.968000000000025,51.3655481074428,24.0
-1,-91.50271366595508,17.865061162036998,46.0,53.664000000000016,37.838713665955055,20.0
-1,-77.93895406677021,14.181028523148116,37.0,46.65600000000001,31.2829540667702,19.0
-1,-88.98980285981024,15.51158243055554,40.0,58.08000000000002,30.909802859810217,17.0
-1,-94.01415182648763,15.7819095601852,50.0,51.360000000000014,42.654151826487634,18.0
-1,-96.68026954018478,12.55696383796295,41.0,52.992,43.68826954018477,23.0
-1,-91.6446290198518,12.85727635648148,37.0,52.32000000000002,39.32462901985178,19.0
-1,-96.4452266380347,12.273693930555552,44.0,50.88000000000002,45.56522663803467,20.0
-1,-97.57231963432204,15.581610671296284,51.0,62.40000000000003,35.17231963432202,16.0
-1,-99.94243249827755,20.265557699074037,54.0,62.40000000000003,37.54243249827752,16.0
-1,-89.13021648261261,15.36967525925924,41.0,51.64800000000002,37.4822164826126,18.0
-1,-91.70661592967774,16.468128768518504,42.0,46.65600000000002,45.05061592967772,20.0
-1,-106.05359001621449,17.524563236111092,51.0,60.57600000000003,45.47759001621444,19.0
-1,-62.91219391558922,17.757697824074057,41.0,47.616000000000014,15.296193915589209,10.0
-1,-95.55222942454496,16.287977685185176,43.0,46.65600000000002,48.89622942454493,22.0
-1,-82.6400308568798,11.85132673611109,53.0,55.96800000000002,26.672030856879797,17.0
-1,-84.54807003144674,18.919171754629588,41.0,49.05600000000001,35.49207003144674,16.0
-1,-56.4235469321703,12.348003250000014,42.0,41.664000000000016,14.759546932170284,10.0
-1,-101.15155348949938,17.761249277777715,50.0,62.97600000000004,38.17555348949935,19.0
-1,-95.29484160971607,16.486212574074045,45.0,51.36000000000003,43.934841609716045,21.0
-1,-107.40446373459658,17.461482398148124,58.0,64.896,42.508463734596575,20.0
-1,-72.65281119049479,14.102473124999998,38.0,45.40800000000001,27.244811190494776,16.0
-1,-126.29173660724756,17.21653289814812,60.0,75.84000000000005,50.45173660724753,17.0
-1,-88.9453894009271,14.619687314814806,45.0,52.512000000000015,36.43338940092709,19.0
-1,-76.57244047572996,15.375813444444429,50.0,49.728000000000016,26.844440475729947,19.0
-1,-90.4450501113264,17.647841282407363,41.0,52.032000000000025,38.41305011132636,18.0
-1,-103.66218237338248,16.98068626851848,48.0,56.928000000000026,46.73418237338247,19.0
-1,-70.83372398027096,13.13597852314813,34.0,37.536,33.297723980270966,19.0
-1,-112.17127794464876,14.79224917592592,47.0,62.88000000000002,49.29127794464874,22.0
-1,-92.6377357766328,18.730721833333305,48.0,54.14400000000002,38.493735776632775,16.0
-1,-68.16017927736847,11.765900898148152,35.0,41.18400000000001,26.97617927736846,17.0
-1,-88.73913192487453,16.62611716203702,45.0,50.784,37.955131924874536,20.0
-1,-87.66705225442178,14.370366300925951,43.0,45.12000000000002,42.54705225442176,19.0
-1,-96.66707560098892,14.161714134259258,44.0,51.16800000000002,45.499075600988895,21.0
-1,-114.46684762375304,15.390742124999989,46.0,56.83200000000003,57.634847623753,24.0
-1,-101.20716969322852,15.873181532407402,57.0,61.72800000000002,39.47916969322849,20.0
-1,-93.41126463934958,13.389017939814796,40.0,53.18400000000001,40.22726463934956,22.0
-1,-93.43721600887592,14.942812268518509,43.0,54.91200000000002,38.52521600887589,21.0
-1,-90.29897185986746,14.654233092592586,39.0,51.93600000000002,38.36297185986745,22.0
-1,-122.31459668658005,13.806636050925906,56.0,74.01600000000005,48.29859668657999,24.0
-1,-91.53046620100278,19.89542198611104,48.0,46.17600000000002,45.35446620100275,19.0
-1,-105.65375278783104,14.992222324074042,56.0,65.95200000000003,39.70175278783103,22.0
-1,-92.38247516995452,15.25079653703702,41.0,46.75200000000002,45.630475169954494,20.0
-1,-98.1754580994907,14.40408059259256,42.0,52.41600000000002,45.75945809949067,23.0
-1,-82.24544062428765,13.65011355092593,46.0,51.840000000000025,30.405440624287635,19.0
-1,-98.44247709558974,18.16306174537032,50.0,61.44000000000003,37.0024770955897,19.0
-1,-89.84864678750701,17.08743158796291,51.0,60.96000000000003,28.88864678750697,16.0
-1,-75.29341328006053,18.358377111111125,41.0,42.048000000000016,33.24541328006052,21.0
-1,-109.10590794322056,14.19621804166666,45.0,49.728000000000016,59.37790794322054,25.0
-1,-113.12750468996198,21.896935050925844,49.0,55.00800000000002,58.11950468996197,22.0
-1,-111.71902921376176,19.575497944444425,52.0,63.36000000000003,48.35902921376173,20.0
-1,-122.74935914339645,14.4434493472222,43.0,62.01600000000003,60.73335914339641,26.0
-1,-127.7963270592285,20.25566697222214,54.0,65.76000000000003,62.03632705922847,20.0
-1,-97.16992256626403,13.2071477037037,35.0,42.912000000000006,54.25792256626403,24.0
-1,-75.88436728989313,11.289066879629624,35.0,37.632000000000005,38.25236728989313,20.0
-1,-95.4724215648558,14.729893712962925,33.0,44.44800000000001,51.024421564855786,22.0
-1,-78.55032708371135,16.80844967129627,41.0,41.18400000000001,37.36632708371135,18.0
-1,-95.89338796176548,14.576597055555531,39.0,50.78400000000003,45.10938796176546,21.0
-1,-107.60578365598268,14.814559138888862,46.0,57.696000000000026,49.90978365598267,21.0
-1,-68.88391406260816,13.492639222222213,41.0,42.24000000000001,26.64391406260815,15.0
-1,-77.81490533500195,14.407021768518508,50.0,50.496000000000016,27.318905335001936,17.0
-1,-93.11120545300084,15.834549009259243,46.0,64.12800000000003,28.983205453000824,16.0
-1,-107.04067219204862,16.535590138888836,46.0,62.400000000000034,44.64067219204859,18.0
-1,-99.82573208939314,12.67414768055555,48.0,58.84800000000003,40.97773208939312,21.0
-1,-85.69925162170249,16.41493467592589,46.0,56.44800000000002,29.251251621702465,16.0
-1,-101.12613271375636,17.053074175925897,44.0,49.44000000000002,51.686132713756336,21.0
-1,-90.63457271515384,17.758448731481465,48.0,53.280000000000015,37.35457271515381,18.0
-1,-85.07644924446534,17.59274663425924,44.0,47.13600000000002,37.94044924446532,16.0
-1,-116.80646281082215,11.318247555555564,42.0,56.44800000000002,60.35846281082213,24.0
-1,-99.29404300886524,13.039729874999994,41.0,51.55200000000003,47.7420430088652,23.0
-1,-74.60382241382311,11.917756199074088,38.0,48.86400000000002,25.73982241382309,16.0
-1,-122.14904722696944,16.796136189814767,54.0,66.33600000000003,55.81304722696941,23.0
-1,-107.987682698582,18.29534763888885,46.0,57.312000000000026,50.67568269858197,22.0
-1,-89.29024885087172,15.252515523148135,43.0,49.05600000000001,40.23424885087171,21.0
-1,-107.58353786471152,16.517948069444422,48.0,57.120000000000026,50.46353786471151,23.0
-1,-90.29380505982616,14.71011648611111,43.0,50.11200000000002,40.18180505982613,20.0
-1,-139.5950511606449,22.85131174074067,67.0,88.22400000000005,51.37105116064486,19.0
-1,-95.42058959723548,12.77347962037038,38.0,50.11200000000002,45.30858959723545,22.0
-1,-103.105461412431,16.806839861111083,44.0,61.248000000000026,41.85746141243097,20.0
-1,-78.4931874550443,11.718534356481506,45.0,52.99200000000002,25.50118745504428,16.0
-1,-108.92414082114624,22.333716138888803,53.0,63.45600000000003,45.46814082114621,20.0
-1,-85.72210174375057,19.718125990740702,42.0,52.80000000000002,32.92210174375055,16.0
-1,-85.72182212500903,18.336588652777763,46.0,51.07200000000002,34.64982212500902,18.0
-1,-89.04987247650539,15.76466759722224,43.0,42.91200000000001,46.137872476505365,22.0
-1,-82.63072329747449,10.256547925925952,40.0,52.896000000000015,29.73472329747447,17.0
-1,-81.935395031793,10.184769050925944,39.0,45.88800000000001,36.04739503179299,22.0
-1,-98.39600642967524,17.990390888888832,44.0,57.69600000000002,40.70000642967522,20.0
-1,-95.51972694637416,19.174794699074045,44.0,52.70400000000002,42.81572694637414,20.0
-1,-107.47673997939346,21.98289862037026,50.0,60.57600000000004,46.90073997939342,18.0
-1,-96.75705159089844,13.96560540740741,48.0,59.904000000000025,36.85305159089842,18.0
-1,-119.2413749309568,13.012348879629617,55.0,75.45600000000003,43.78537493095678,20.0
-1,-99.1537742526985,17.959875523148106,47.0,50.304000000000016,48.84977425269848,23.0
-1,-122.15421477654992,16.469021587962928,51.0,67.96800000000003,54.18621477654989,23.0
-1,-73.51065730321338,15.638308837962953,37.0,47.52000000000002,25.99065730321336,17.0
-1,-81.13733138312227,14.45462955092592,31.0,36.672,44.46533138312227,23.0
-1,-81.18732541460945,15.96475823148147,42.0,40.992,40.19532541460944,18.0
-1,-112.10247110122728,13.063198791666643,40.0,52.416000000000025,59.68647110122725,25.0
-1,-90.60195623196437,12.073570254629622,41.0,49.920000000000016,40.68195623196433,22.0
-1,-79.24483675429751,17.017932847222195,45.0,55.296000000000014,23.9488367542975,13.0
-1,-113.06188147451137,23.82627737037032,56.0,71.71200000000003,41.349881474511314,15.0
-1,-88.70897720464174,18.40586748611108,39.0,50.59200000000001,38.11697720464173,20.0
-1,-92.62045598422952,17.098743902777734,43.0,48.576000000000015,44.04445598422949,18.0
-1,-101.01855366613496,15.003492180555543,44.0,55.77600000000002,45.24255366613494,19.0
-1,-89.33754302885154,22.31970703240733,50.0,56.64000000000002,32.69754302885153,16.0
-1,-81.91189460248188,13.28656612037038,41.0,45.408000000000015,36.50389460248186,18.0
-1,-104.44629771462375,18.13642229629621,37.0,47.04000000000001,57.40629771462376,21.0
-1,-92.68389267287064,11.286574462962946,47.0,57.79200000000003,34.89189267287061,17.0
-1,-85.81715210003173,14.046350967592607,43.0,50.88000000000002,34.93715210003172,20.0
-1,-110.27361207833906,11.96163849537037,42.0,50.496000000000016,59.77761207833903,26.0
-1,-110.2492661904302,18.713256884259227,52.0,61.056000000000026,49.19326619043017,18.0
-1,-83.03881655832724,16.91492799999997,40.0,43.872000000000014,39.16681655832723,19.0
-1,-102.57937277462209,17.46720106481479,40.0,51.07200000000002,51.50737277462205,21.0
-1,-106.39748697293668,16.322261787037036,47.0,60.00000000000003,46.39748697293665,21.0
-1,-93.1145973707432,11.561998097222231,40.0,45.60000000000001,47.5145973707432,24.0
-1,-101.1562244955432,16.293140412036998,44.0,59.32800000000003,41.82822449554318,17.0
-1,-95.160214186537,23.40082972222217,53.0,59.904000000000025,35.25621418653696,18.0
-1,-95.50543509972944,17.252845865740685,38.0,50.40000000000001,45.10543509972943,21.0
-1,-93.95283270746675,16.509260023148094,39.0,55.87200000000002,38.08083270746673,21.0
-1,-114.97851738465916,19.70083256944439,49.0,60.864000000000026,54.11451738465915,19.0
-1,-105.71817864800931,15.136169009259246,45.0,58.46400000000003,47.25417864800928,22.0
-1,-109.45516060144726,18.47778518981476,49.0,55.58400000000002,53.87116060144725,24.0
-1,-105.39404779487124,18.04393964814808,51.0,67.96800000000002,37.42604779487122,20.0
-1,-83.8914694873835,12.100344004629626,42.0,51.55200000000001,32.3394694873835,20.0
-1,-89.41900204709714,19.564593722222188,48.0,62.016000000000034,27.403002047097097,14.0
-1,-96.90630586362556,14.196548245370348,42.0,48.19200000000002,48.71430586362555,25.0
-1,-86.509660836714,16.451507305555513,44.0,50.78400000000001,35.725660836714,18.0
-1,-108.28324313172952,18.45315354166658,46.0,59.712000000000025,48.5712431317295,23.0
-1,-93.78701135820452,13.376710328703696,42.0,52.416,41.37101135820451,20.0
-1,-104.06682146137634,21.957262912036967,48.0,57.88800000000003,46.17882146137631,19.0
-1,-112.81836412782832,16.113930509259244,47.0,64.89600000000003,47.92236412782828,21.0
-1,-87.59622858393381,14.230004703703733,44.0,55.48800000000003,32.10822858393378,16.0
-1,-90.4910830848454,14.610677495370371,46.0,46.75200000000001,43.739083084845376,23.0
-1,-85.31408512104973,20.851806638888824,45.0,50.01600000000002,35.29808512104971,19.0
-1,-113.03545383357988,12.635049749999975,53.0,65.56800000000003,47.467453833579846,26.0
-1,-120.80515090671804,15.62810369444442,47.0,60.288000000000025,60.51715090671803,24.0
-1,-91.98477861745624,23.755974185185124,56.0,64.60800000000003,27.376778617456203,15.0
-1,-99.64214733058196,16.117514620370375,41.0,59.04000000000002,40.60214733058194,20.0
-1,-76.01395207591378,15.167639861111104,52.0,52.896000000000015,23.117952075913763,11.0
-1,-103.19877405796448,21.458814560185115,47.0,52.512000000000015,50.68677405796447,20.0
-1,-90.96261705231116,11.206876592592598,42.0,48.76800000000002,42.19461705231115,24.0
-1,-83.28426935909104,13.411860189814794,50.0,58.56000000000002,24.724269359091014,16.0
-1,-96.3833201426036,11.008242592592609,47.0,57.12000000000003,39.26332014260357,19.0
-1,-85.49876425283468,8.758472254629647,35.0,45.12,40.37876425283468,23.0
-1,-100.63713232458755,19.93841831944441,56.0,66.33600000000003,34.30113232458753,16.0
-1,-76.3275985702861,18.258373481481456,39.0,46.17600000000001,30.15159857028609,18.0
-1,-133.3331048230002,20.704577416666588,69.0,89.66400000000006,43.66910482300015,19.0
-1,-84.3732140900495,16.449250898148115,41.0,45.21600000000001,39.15721409004949,21.0
-1,-105.76633249278896,14.105184078703688,50.0,56.160000000000025,49.60633249278892,26.0
-1,-77.19569510108636,14.503894467592575,55.0,58.272000000000006,18.92369510108636,12.0
-1,-77.01117560774037,14.571743865740723,38.0,48.384000000000015,28.62717560774035,15.0
-1,-94.75937259970392,16.738587847222195,51.0,53.95200000000003,40.807372599703896,18.0
-1,-99.02088596065052,13.34226557407407,46.0,54.14400000000003,44.876885960650505,21.0
-1,-81.91522612028277,15.642250990740736,46.0,49.82400000000002,32.09122612028274,18.0
-1,-81.72008118460735,13.732887722222216,36.0,45.216000000000015,36.50408118460733,19.0
-1,-73.7611904184039,18.6454248611111,49.0,54.62400000000001,19.13719041840389,11.0
-1,-83.05537296553824,16.4167331712963,43.0,48.28800000000001,34.76737296553823,18.0
-1,-99.69831267722807,14.468425893518516,39.0,50.20800000000002,49.49031267722805,21.0
-1,-97.83561441864435,14.955926601851845,35.0,47.616000000000014,50.21961441864436,19.0
-1,-89.52422704995787,15.625986000000005,43.0,50.88000000000002,38.64422704995785,18.0
-1,-70.80765702432377,13.998404185185173,44.0,49.34400000000002,21.463657024323755,18.0
-1,-91.01538714903434,14.442959574074056,46.0,51.74400000000002,39.27138714903432,19.0
-1,-100.20344350895148,14.982621652777782,46.0,52.320000000000014,47.88344350895145,23.0
-1,-80.18658188091129,14.894802921296296,38.0,46.27200000000002,33.91458188091127,14.0
-1,-101.28275135422888,17.139296388888862,51.0,54.52800000000001,46.75475135422887,19.0
-1,-68.5630917028002,15.06875670833332,45.0,51.26400000000002,17.299091702800176,11.0
-1,-74.87798150249822,19.017584699074032,42.0,46.84800000000001,28.02998150249821,17.0
-1,-102.76773719685455,11.969037490740758,41.0,44.64000000000001,58.12773719685456,27.0
-1,-68.41828852625906,8.565995097222226,42.0,52.03200000000002,16.386288526259037,13.0
-1,-113.98838470461162,18.82766193518512,42.0,53.37600000000002,60.6123847046116,22.0
-1,-102.30934939038433,17.62767364351848,53.0,62.688,39.62134939038431,20.0
-1,-104.1556362682692,15.4608050509259,46.0,52.32000000000002,51.835636268269184,21.0
-1,-96.2755085376875,17.00558320833325,37.0,47.424000000000014,48.85150853768749,21.0
-1,-165.03392751310628,13.987145888888874,60.0,89.95200000000004,75.08192751310624,27.0
-1,-88.04955755526959,11.201118097222237,41.0,45.31200000000001,42.737557555269575,22.0
-1,-104.09750768410818,16.411148671296278,43.0,45.600000000000016,58.49750768410816,22.0
-1,-123.14942940683456,16.35439274537035,51.0,63.16800000000004,59.98142940683452,21.0
-1,-106.30252933756202,16.485778226851814,54.0,69.88800000000003,36.41452933756199,16.0
-1,-72.19903176865856,11.442048560185183,33.0,39.45600000000001,32.74303176865854,19.0
-1,-116.40040349705032,18.029759837962917,41.0,55.39200000000002,61.0084034970503,22.0
-1,-95.07684798653897,11.749126976851857,33.0,39.93600000000001,55.14084798653896,26.0
-1,-129.18352808113048,15.403443046296289,60.0,76.89600000000004,52.28752808113043,21.0
-1,-108.55402401471716,14.44577074999997,42.0,66.14400000000002,42.41002401471713,21.0
-1,-101.32157563588994,13.043568532407402,43.0,55.39200000000002,45.92957563588992,26.0
-1,-111.92464096241622,19.085370435185133,54.0,61.92000000000002,50.00464096241621,20.0
-1,-67.08544112343047,15.430081273148136,38.0,44.25600000000001,22.829441123430467,15.0
-1,-93.93690921669013,13.418541393518517,32.0,41.47200000000001,52.464909216690096,24.0
-1,-66.78652631443727,20.027350523148144,39.0,46.94400000000002,19.84252631443725,14.0
-1,-81.69624717194185,16.11838591666665,47.0,52.22400000000002,29.472247171941834,17.0
-1,-93.1494058441972,19.740271333333283,44.0,51.64800000000002,41.501405844197166,18.0
-1,-108.3716883038461,16.208456444444444,44.0,56.928000000000026,51.44368830384607,23.0
-1,-109.96004480518376,13.39454254166666,44.0,64.22400000000002,45.73604480518374,25.0
-1,-143.6571023652349,15.06349394907405,50.0,76.70400000000004,66.95310236523484,23.0
-1,-114.17563542882894,21.676248222222146,57.0,59.13600000000003,55.03963542882891,20.0
-1,-74.96362987895716,12.934616120370354,39.0,39.936000000000014,35.02762987895714,20.0
-1,-88.49475557123742,12.840434620370369,38.0,43.20000000000002,45.29475557123741,24.0
-1,-109.9137451757679,16.81478677777772,41.0,49.24800000000001,60.66574517576789,25.0
-1,-85.23815986724895,14.107728749999998,44.0,49.344000000000015,35.894159867248945,20.0
-1,-95.04122855562504,19.443072699074023,46.0,47.808000000000014,47.23322855562504,19.0
-1,-92.76065406900145,16.174619217592557,55.0,68.73600000000002,24.02465406900143,11.0
-1,-129.9488265665466,16.398176194444417,53.0,70.56000000000003,59.38882656654656,21.0
-1,-110.9687571302033,19.73441198148145,52.0,60.86400000000001,50.104757130203296,20.0
-1,-91.5265842026847,14.898693217592594,51.0,55.48800000000002,36.03858420268468,21.0
-1,-104.40018166666306,18.204688962962955,50.0,59.904000000000025,44.49618166666303,19.0
-1,-93.23576361143274,14.957854458333337,46.0,50.784000000000006,42.45176361143274,21.0
-1,-75.94558025214408,14.456153935185167,45.0,57.02400000000003,18.92158025214405,14.0
-1,-99.1610803423613,13.927195550925935,40.0,46.176000000000016,52.985080342361286,25.0
-1,-104.26739280304474,17.93352395370369,44.0,52.41600000000002,51.851392803044725,21.0
-1,-95.2258782250091,15.549661004629616,49.0,64.12800000000003,31.097878225009072,16.0
-1,-88.87671115817682,22.35357644444441,51.0,55.68000000000002,33.196711158176804,14.0
-1,-102.71065313349445,15.204522435185163,54.0,62.97600000000003,39.734653133494405,20.0
-1,-82.2789058894845,15.768962097222207,39.0,46.27200000000001,36.00690588948449,17.0
-1,-101.87035411971804,16.886300680555532,47.0,57.21600000000003,44.65435411971799,20.0
-1,-93.13010163109502,18.6484737083333,46.0,48.960000000000015,44.17010163109501,22.0
-1,-96.47154800556238,15.070349175925918,44.0,59.90400000000002,36.567548005562365,20.0
-1,-120.803098746423,11.51556847685185,53.0,72.48000000000003,48.32309874642297,28.0
-1,-111.41640691958,20.54946576388889,54.0,61.92000000000003,49.49640691957997,17.0
-1,-92.19506538516266,13.9137348888889,43.0,55.968000000000025,36.22706538516264,19.0
-1,-109.67357022490876,28.36518187962952,67.0,68.35200000000002,41.32157022490874,17.0
-1,-116.83904583043294,19.588342624999957,64.0,75.26400000000002,41.57504583043291,19.0
-1,-109.27122371602653,15.45236579629626,45.0,55.39200000000002,53.879223716026495,22.0
-1,-78.81229121697103,12.21430396759261,39.0,43.58400000000001,35.22829121697103,19.0
-1,-97.1014077975172,13.773128638888878,38.0,53.18400000000003,43.91740779751717,20.0
-1,-93.72887544097188,18.072124833333287,44.0,51.74400000000002,41.984875440971855,21.0
-1,-88.96789449363891,23.219805958333293,52.0,64.70400000000002,24.26389449363889,14.0
-1,-137.21349141759194,15.297466287036997,52.0,78.52800000000003,58.68549141759191,24.0
-1,-86.97274788252547,14.727835458333349,44.0,47.42400000000002,39.54874788252545,22.0
-1,-85.80139297005881,27.443929050925863,67.0,61.34400000000001,24.457392970058805,14.0
-1,-87.439458826442,18.353102587962944,39.0,45.21600000000001,42.223458826442005,19.0
-1,-97.43012444358692,12.022720050925948,38.0,45.21600000000001,52.214124443586925,22.0
-1,-115.33956040872172,13.488815249999998,49.0,62.68800000000002,52.6515604087217,24.0
-1,-97.33091970371098,14.383079023148138,43.0,49.536000000000016,47.79491970371097,24.0
-1,-100.866550279005,18.887916157407385,43.0,46.94400000000001,53.922550279004994,23.0
-1,-98.39672094679696,14.56430924074074,41.0,54.24000000000002,44.15672094679695,22.0
-1,-76.85614837421883,19.1028807268518,41.0,46.46400000000001,30.392148374218817,18.0
-1,-96.113244407276,18.41248998148141,54.0,62.49600000000001,33.61724440727599,19.0
-1,-95.19508140825488,21.98314359259255,48.0,52.89600000000002,42.29908140825486,17.0
-1,-80.43268335307269,13.17528075,30.0,39.93600000000001,40.49668335307269,21.0
-1,-100.6192456985777,20.320030569444388,44.0,55.29600000000002,45.32324569857768,17.0
-1,-98.43188616988792,15.921884277777762,49.0,61.15200000000003,37.27988616988789,19.0
-1,-87.18402704723782,16.04271759722219,41.0,52.12800000000002,35.0560270472378,19.0
-1,-110.42450225367062,17.509068550925882,47.0,56.83200000000002,53.5925022536706,23.0
-1,-88.7749986480924,12.561465490740746,38.0,46.08000000000001,42.69499864809239,20.0
-1,-100.77197313989232,18.391521921296235,39.0,48.576000000000015,52.19597313989229,20.0
-1,-73.07823012630107,11.004238930555577,32.0,42.528000000000006,30.550230126301063,17.0
-1,-109.65445006387176,18.216416143518455,50.0,58.84800000000003,50.80645006387174,21.0
-1,-97.12371136254164,19.65764003240735,47.0,56.448000000000015,40.67571136254163,19.0
-1,-102.06660399009644,16.149708953703684,46.0,55.872000000000014,46.19460399009642,21.0
-1,-99.018305487566,18.60787210648147,52.0,56.54400000000002,42.474305487566,21.0
-1,-223.9015962352883,17.944348722222156,96.0,166.8480000000001,57.05359623528823,23.0
-1,-97.53104709607744,15.778731249999998,37.0,39.84000000000001,57.69104709607741,23.0
-1,-93.63180897034051,11.235214365740752,39.0,46.75200000000002,46.87980897034051,25.0
-1,-86.58383134724603,14.338620425925937,44.0,53.664000000000016,32.91983134724602,19.0
-1,-96.73130955493664,16.64417392592589,40.0,49.63200000000002,47.09930955493663,21.0
-1,-106.13370592115668,18.204699657407357,50.0,55.39200000000002,50.74170592115668,21.0
-1,-99.60516275797929,12.535791601851844,42.0,53.95200000000001,45.65316275797926,23.0
-1,-86.12070139651848,11.533621120370384,36.0,51.07200000000001,35.04870139651848,19.0
-1,-113.34171926963968,18.608628453703645,47.0,59.13600000000002,54.20571926963965,23.0
-1,-76.7264040200636,14.64813873611111,39.0,45.02400000000001,31.702404020063582,15.0
-1,-99.47911675324347,12.39470412962963,46.0,58.75200000000002,40.72711675324346,23.0
-1,-76.8466911825823,21.443384226851823,43.0,51.07200000000002,25.77469118258229,14.0
-1,-108.13828225868784,18.940974124999965,46.0,58.08000000000003,50.05828225868781,18.0
-1,-83.53048610002969,11.015978791666685,37.0,43.58400000000001,39.94648610002968,22.0
-1,-118.34648869961592,14.037265898148148,45.0,54.72000000000002,63.6264886996159,24.0
-1,-117.48052162075751,16.242836194444408,47.0,63.55200000000003,53.928521620757486,20.0
-1,-109.56923976208108,21.57420662962957,56.0,65.85600000000002,43.713239762081045,19.0
-1,-100.34747391797454,16.206216499999982,43.0,49.15200000000002,51.19547391797452,19.0
-1,-102.91148981208168,16.398781476851823,40.0,52.800000000000026,50.11148981208164,22.0
-1,-90.84578185316802,21.45142230092588,48.0,55.96800000000002,34.877781853168,17.0
-1,-79.59780123599506,18.34003671296296,52.0,59.32800000000002,20.269801235995047,12.0
-1,-96.30540358031612,12.632676203703712,43.0,49.24800000000002,47.0574035803161,20.0
-1,-107.60096103778812,15.968612125000009,46.0,54.43200000000002,53.16896103778811,22.0
-1,-95.56097921553176,18.64738196759256,42.0,48.19200000000001,47.36897921553174,23.0
-1,-83.61907471474102,12.820696453703674,49.0,66.81600000000003,16.80307471474099,10.0
-1,-90.56010282290666,22.237323819444384,58.0,53.56800000000001,36.99210282290665,19.0
-1,-87.21674553049235,16.17593780555553,42.0,49.344000000000015,37.87274553049234,18.0
-1,-103.32347371889092,16.054400310185184,48.0,57.120000000000026,46.2034737188909,19.0
-1,-99.68520491092389,20.413188629629563,44.0,52.80000000000002,46.88520491092388,22.0
-1,-97.2587876918064,17.116466916666642,42.0,44.92800000000001,52.33078769180639,23.0
-1,-94.75594471862192,19.61443655555553,44.0,51.45600000000001,43.29994471862191,20.0
-1,-90.4664223889532,13.627527657407397,35.0,42.144000000000005,48.3224223889532,23.0
-1,-115.66297025555504,24.057869851851784,60.0,72.86400000000003,42.79897025555503,19.0
-1,-142.60491771705273,13.230998324074054,56.0,83.80800000000005,58.79691771705269,24.0
-1,-133.01187741935715,21.72880374537031,63.0,85.24800000000005,47.7638774193571,20.0
-1,-92.38100173956576,16.985456680555554,41.0,49.82400000000001,42.557001739565735,20.0
-1,-83.19005862199445,13.35808542592591,39.0,49.728000000000016,33.46205862199444,21.0
-1,-93.36968220951638,18.12883449074068,49.0,54.62400000000002,38.74568220951637,16.0
-1,-113.65826748035768,16.390681490740707,42.0,57.50400000000002,56.15426748035766,22.0
-1,-98.47752067120464,18.9095077916666,49.0,57.216000000000015,41.26152067120464,20.0
-1,-88.32424374534199,21.05750342592588,45.0,46.65600000000001,41.668243745341975,19.0
-1,-90.58507795279036,15.501936694444431,36.0,47.040000000000006,43.54507795279036,18.0
-1,-93.35108162241168,21.023597601851787,42.0,51.55200000000002,41.79908162241164,18.0
-1,-90.21607540554837,14.49109536111111,42.0,52.032000000000025,38.18407540554835,18.0
-1,-86.94507518520118,13.191019018518528,36.0,46.368000000000016,40.57707518520115,20.0
-1,-69.80356871222803,14.857843078703707,35.0,34.368,35.435568712228026,14.0
-1,-95.2313019819168,15.016205652777773,44.0,53.664000000000016,41.56730198191679,21.0
-1,-79.4860778528793,15.270098328703678,38.0,43.39200000000001,36.094077852879295,18.0
-1,-88.77898342451874,17.760684509259203,45.0,61.440000000000026,27.33898342451872,17.0
-1,-106.83661399189845,18.887047629629595,52.0,57.69600000000002,49.140613991898434,21.0
-1,-68.30883316928004,18.27906171759257,38.0,38.30400000000001,30.004833169280023,18.0
-1,-123.17912918840136,21.276566777777685,63.0,68.54400000000004,54.63512918840132,22.0
-1,-102.6300711622583,22.113245398148084,53.0,55.58400000000002,47.04607116225827,21.0
-1,-130.9371005838589,15.03991389814814,58.0,82.84800000000004,48.08910058385885,23.0
-1,-83.76935628975792,14.003077041666648,39.0,44.35200000000002,39.41735628975791,22.0
-1,-90.04953638067484,15.81135187037035,51.0,60.19200000000002,29.85753638067482,15.0
-1,-109.87944166591814,16.537558629629604,47.0,58.27200000000002,51.60744166591811,24.0
-1,-104.02667984823202,17.276122120370356,52.0,64.22400000000002,39.802679848232,20.0
-1,-121.35461917230442,18.195740944444395,50.0,61.82400000000003,59.5306191723044,19.0
-1,-95.89634929284492,18.75917214351845,45.0,51.648000000000025,44.24834929284491,21.0
-1,-92.4060457696804,17.78978961574072,44.0,52.512000000000015,39.89404576968037,19.0
-1,-104.28232522453398,18.51837322685184,50.0,61.92000000000002,42.362325224533954,19.0
-1,-116.92444299348618,15.805057199074076,55.0,63.84000000000003,53.08444299348615,22.0
-1,-113.96531848642344,19.15569183333332,49.0,52.22400000000002,61.74131848642342,20.0
-1,-85.86772176258312,13.13154648148148,53.0,62.88000000000002,22.987721762583096,12.0
-1,-78.01588973805764,15.253438240740746,37.0,42.24,35.77588973805763,20.0
-1,-91.19505703387892,16.036756481481454,46.0,55.96800000000003,35.227057033878886,15.0
-1,-93.66651843612294,14.933673342592591,42.0,55.680000000000014,37.98651843612293,20.0
-1,-84.009305112881,21.526734268518467,52.0,45.216000000000015,38.79330511288098,20.0
-1,-81.31327013545832,11.093530398148143,32.0,36.864,44.44927013545832,23.0
-1,-93.07710561016938,12.725341787037028,41.0,55.20000000000002,37.877105610169366,18.0
-1,-110.03677381404232,10.543034532407392,39.0,51.552000000000014,58.48477381404231,28.0
-1,-91.76983841915272,16.448305435185162,42.0,47.71200000000001,44.05783841915272,20.0
-1,-93.5902175662624,14.997189115740715,42.0,56.544000000000025,37.04621756626238,15.0
-1,-101.78122314245488,14.40075162037036,42.0,50.88000000000002,50.90122314245486,25.0
-1,-85.39226289353604,15.082078782407402,49.0,51.456,33.93626289353605,19.0
-1,-105.83507191806942,18.10106270833332,45.0,50.88000000000002,54.955071918069386,21.0
-1,-90.50662344972297,28.09623887962959,61.0,58.56000000000002,31.946623449722946,16.0
-1,-67.12681910224288,17.334273847222175,44.0,52.80000000000002,14.326819102242862,8.0
-1,-78.76438148038346,16.287749240740705,38.0,49.344000000000015,29.420381480383448,14.0
-1,-90.48987591875334,15.855737902777754,39.0,53.18400000000001,37.30587591875334,18.0
-1,-118.48998077017733,20.652705675925866,54.0,68.64000000000003,49.8499807701773,23.0
-1,-99.44788385634162,19.25648649074068,40.0,52.128000000000014,47.319883856341605,20.0
-1,-110.51512490269926,16.200771587962933,37.0,46.65600000000001,63.85912490269924,24.0
-1,-128.00409978266973,14.891434999999994,55.0,75.55200000000004,52.4520997826697,23.0
-1,-115.10198072227035,15.535732810185143,56.0,62.208000000000034,52.89398072227033,24.0
-1,-74.4212321347687,12.577313657407394,40.0,45.12000000000001,29.30123213476868,17.0
-1,-87.46786364164517,21.50168388888885,50.0,53.47200000000001,33.99586364164516,16.0
-1,-89.0020251353721,15.04679432407408,46.0,47.712000000000025,41.29002513537208,19.0
-1,-93.43308760343808,20.4736090879629,56.0,52.41600000000001,41.01708760343806,20.0
-1,-119.2179557443739,15.467665222222193,48.0,55.39200000000002,63.82595574437387,25.0
-1,-98.95053234389462,16.117077638888862,37.0,44.92800000000001,54.0225323438946,23.0
-1,-115.39974861330332,17.59020999074067,43.0,60.096000000000025,55.30374861330331,22.0
-1,-87.72051633749454,17.44775191666665,46.0,44.35200000000002,43.368516337494526,20.0
-1,-89.8500092820085,22.62425421759253,49.0,59.52000000000002,30.33000928200848,13.0
-1,-97.2363128150736,9.88372353240742,41.0,54.432000000000016,42.80431281507358,25.0
-1,-85.9091756610086,14.496777425925922,40.0,42.624,43.2851756610086,20.0
-1,-104.25200378301352,13.768166847222211,42.0,51.936000000000014,52.31600378301352,25.0
-1,-107.5674931656216,16.41778863888885,61.0,73.44000000000004,34.12749316562157,15.0
-1,-89.87199415674121,19.353528958333296,46.0,50.68800000000002,39.1839941567412,17.0
-1,-110.3735640955174,16.092843018518487,47.0,49.152000000000015,61.22156409551739,23.0
-1,-113.77658190215556,13.810741819444443,46.0,53.95200000000003,59.82458190215553,24.0
-1,-107.3812910161348,17.7001055092592,48.0,62.016000000000034,45.36529101613476,18.0
-1,-114.49684365142652,16.045282486111095,52.0,55.96800000000003,58.52884365142648,23.0
-1,-90.95743171394876,19.70173112962959,51.0,55.776000000000025,35.18143171394874,15.0
-1,-96.43805913668255,19.65252569444438,54.0,53.47200000000002,42.96605913668255,20.0
-1,-75.7575632724256,21.18675923611107,41.0,48.960000000000015,26.797563272425585,16.0
-1,-111.287473807306,22.49621513425922,57.0,72.67200000000003,38.61547380730599,17.0
-1,-61.09698541837486,16.691017282407408,39.0,44.83200000000001,16.26498541837485,12.0
-1,-90.29523835516927,20.11936356481476,50.0,55.39200000000003,34.903238355169265,17.0
-1,-82.4286247046345,15.23179548148147,35.0,44.064000000000014,38.36462470463448,21.0
-1,-93.04423576646155,23.207403967592565,52.0,55.48800000000003,37.556235766461526,18.0
-1,-98.02955882661573,19.96143777777773,48.0,61.15200000000003,36.8775588266157,16.0
-1,-74.79002329419173,14.709562365740716,45.0,47.90400000000002,26.886023294191705,18.0
-1,-78.1262660310718,23.320033388888834,45.0,43.39200000000001,34.73426603107179,15.0
-1,-84.59192206322525,22.861941240740705,46.0,47.52000000000002,37.07192206322523,16.0
-1,-92.70775738261906,18.671547324074048,43.0,45.12000000000002,47.587757382619046,21.0
-1,-97.87308815576048,20.58347608333324,45.0,45.79200000000001,52.08108815576047,20.0
-1,-92.94385548387898,17.834389601851843,48.0,53.18400000000002,39.75985548387896,22.0
-1,-147.26170107817117,18.435568351851767,55.0,88.80000000000004,58.46170107817112,22.0
-1,-90.42563000265764,16.737178259259228,39.0,49.24800000000001,41.17763000265762,20.0
-1,-88.81334535653444,17.25044078240737,45.0,46.94400000000002,41.86934535653442,17.0
-1,-105.2199632990233,17.384627768518495,56.0,60.672000000000025,44.54796329902329,22.0
-1,-83.11257196348585,18.754464231481403,42.0,48.000000000000014,35.112571963485834,18.0
-1,-106.27722804038837,18.024902226851783,53.0,59.52000000000002,46.75722804038835,19.0
-1,-82.41255125266454,10.442230685185198,40.0,45.12000000000001,37.29255125266454,20.0
-1,-115.06176379032723,22.45273271296288,52.0,58.08000000000003,56.98176379032721,21.0
-1,-92.5008164794013,22.90748536111103,51.0,48.96000000000002,43.54081647940128,19.0
-1,-71.69947165985911,19.58859422222221,46.0,44.64000000000002,27.059471659859096,15.0
-1,-84.41640262571178,22.41019342129624,48.0,49.24800000000001,35.16840262571178,19.0
-1,-96.37732548378716,17.27613017129628,43.0,48.000000000000014,48.377325483787146,23.0
-1,-105.45643823640992,18.273440587962916,46.0,54.72000000000002,50.73643823640989,23.0
-1,-68.45580268811439,11.806298277777776,37.0,46.46400000000001,21.991802688114376,13.0
-1,-82.54396674013512,13.05235491203702,43.0,52.32000000000002,30.223966740135104,18.0
-1,-146.96570926859243,22.54118509722209,57.0,86.68800000000005,60.277709268592375,23.0
-1,-97.40863603844838,17.434696046296267,52.0,64.80000000000001,32.60863603844836,19.0
-1,-108.36187203258513,13.146387972222229,43.0,50.68800000000002,57.67387203258511,26.0
-1,-73.59193147125585,16.32660682407404,40.0,48.09600000000001,25.49593147125584,15.0
-1,-91.2979523239248,13.6864131574074,53.0,67.68000000000002,23.617952323924783,13.0
-1,-101.5507806065546,11.899812518518512,40.0,55.96800000000002,45.5827806065546,24.0
-1,-110.87203231056512,19.90975922222217,57.0,69.60000000000004,41.27203231056509,19.0
-1,-107.51052785130808,17.700718342592566,43.0,60.00000000000003,47.510527851308034,20.0
-1,-83.0193976234585,19.657440189814825,47.0,48.000000000000014,35.01939762345849,17.0
-1,-88.15457159092648,15.803311412037022,40.0,52.512000000000015,35.642571590926465,21.0
-1,-87.31774370963014,18.13992317129625,58.0,60.57600000000003,26.74174370963011,18.0
-1,-101.70911805402756,20.137138495370344,46.0,59.32800000000001,42.381118054027546,21.0
-1,-111.53722803363988,16.04944329629626,41.0,52.03200000000002,59.50522803363987,25.0
-1,-141.1393552738926,18.162688870370285,65.0,82.36800000000005,58.77135527389254,23.0
-1,-79.71110696186571,15.743419361111116,48.0,52.320000000000014,27.391106961865702,17.0
-1,-79.8073462458708,20.440605736111056,40.0,46.368000000000016,33.43934624587079,16.0
-1,-70.24461816880745,17.0062136435185,47.0,48.28800000000002,21.956618168807427,11.0
-1,-118.46648186426488,14.656824453703692,46.0,55.58400000000002,62.88248186426488,24.0
-1,-75.07323049633192,22.30066952777776,47.0,44.64000000000001,30.433230496331912,16.0
-1,-93.73801819495972,15.668842634259262,47.0,52.896000000000015,40.84201819495971,21.0
-1,-77.74231248051103,9.776927916666663,39.0,42.912000000000006,34.830312480511026,21.0
-1,-92.3748266550172,18.466731564814808,42.0,52.12800000000002,40.24682665501718,19.0
-1,-114.44024571177128,23.306867796296174,45.0,62.88000000000003,51.56024571177124,20.0
-1,-90.17548562324792,14.339810754629635,39.0,45.408000000000015,44.76748562324789,18.0
-1,-76.22561520786874,25.181932685185156,49.0,43.20000000000001,33.02561520786874,17.0
-1,-106.459116410009,16.913921115740703,50.0,54.62400000000003,51.83511641000896,20.0
-1,-98.6421166722168,16.015414648148113,51.0,66.33600000000003,32.30611667221676,17.0
-1,-182.57894605192104,29.427545143518376,85.0,115.10400000000008,67.47494605192098,24.0
-1,-98.62548834278152,10.247404328703713,39.0,49.536000000000016,49.08948834278152,26.0
-1,-85.58253080795699,20.602171092592567,51.0,54.33600000000002,31.246530807956965,15.0
-1,-96.928991068666,20.69389106481477,48.0,47.90400000000002,49.02499106866598,22.0
-1,-118.68038257042885,13.905633379629624,48.0,63.84000000000003,54.84038257042881,23.0
-1,-98.49447078518187,16.079096458333325,48.0,54.62400000000002,43.870470785181865,22.0
-1,-98.54327015604478,17.165991648148083,45.0,54.43200000000002,44.11127015604476,22.0
-1,-106.34522967499694,14.141174939814787,42.0,50.40000000000002,55.94522967499693,26.0
-1,-83.03593056233105,15.776370907407363,51.0,55.39200000000002,27.64393056233102,13.0
-1,-84.45143851402793,14.605798305555538,46.0,52.416,32.03543851402793,18.0
-1,-86.90088011255838,20.229657981481456,56.0,53.472000000000016,33.42888011255836,15.0
-1,-80.20619167822608,18.241327731481466,52.0,60.57600000000003,19.63019167822604,10.0
-1,-70.9394243368954,21.35563368055553,44.0,44.64000000000001,26.29942433689539,13.0
-1,-86.23387202480468,16.278780296296297,46.0,53.08800000000003,33.14587202480465,17.0
-1,-90.24708963785665,22.777186606481436,52.0,55.296000000000014,34.95108963785662,17.0
-1,-85.80264595495993,19.764898671296265,42.0,49.536000000000016,36.26664595495991,17.0
-1,-89.3853853638075,14.055432212962955,45.0,52.51200000000001,36.8733853638075,20.0
-1,-79.76295370307236,17.591907726851833,38.0,42.43200000000001,37.330953703072346,17.0
-1,-93.82872433984386,17.01012568055553,39.0,50.68800000000002,43.14072433984384,23.0
-1,-115.70355733767082,18.168607541666606,56.0,78.14400000000003,37.55955733767078,19.0
-1,-102.0349633390294,14.085597888888891,42.0,51.360000000000014,50.67496333902939,23.0
-1,-108.47095629374589,18.336380601851783,47.0,61.92000000000003,46.550956293745855,22.0
-1,-103.904656463297,16.299268708333305,50.0,58.56000000000002,45.34465646329697,21.0
-1,-94.56937497611762,16.7688781898148,42.0,48.576000000000015,45.9933749761176,21.0
-1,-100.63032090142758,17.552703879629597,46.0,47.13600000000002,53.49432090142757,22.0
-1,-85.2238268151718,20.84639017129623,46.0,54.04800000000002,31.175826815171774,16.0
-1,-82.07847422680128,14.37893575925924,38.0,48.19200000000001,33.88647422680127,17.0
-1,-108.59584802431898,17.531930754629602,46.0,53.56800000000002,55.02784802431896,24.0
-1,-106.16377834203404,15.092902777777756,47.0,60.48000000000002,45.68377834203403,21.0
-1,-156.6546919543427,23.58259620370361,65.0,98.11200000000004,58.54269195434264,19.0
-1,-83.45456720824752,14.08454473148146,48.0,55.00800000000002,28.4465672082475,14.0
-1,-98.70232010989308,14.863761759259248,44.0,49.92000000000002,48.78232010989305,22.0
-1,-91.58932727247318,20.83121520370365,47.0,50.59200000000001,40.99732727247317,19.0
-1,-89.86636474099765,16.00507297222219,42.0,50.20800000000002,39.65836474099764,17.0
-1,-81.29571208959129,17.249201819444426,39.0,48.384000000000015,32.91171208959128,18.0
-1,-72.5642729466586,13.828983472222214,34.0,45.31200000000001,27.2522729466586,18.0
-1,-93.15135537014984,11.140319796296312,39.0,51.45600000000002,41.69535537014983,22.0
-1,-115.35956287286464,22.797025736111028,59.0,73.92000000000003,41.43956287286462,16.0
-1,-62.21726553154544,12.985811222222242,42.0,44.64000000000001,17.577265531545425,12.0
-1,-107.03021327919603,19.89910937037032,48.0,51.55200000000002,55.478213279196005,22.0
-1,-62.90178769157254,9.640030634259274,29.0,35.13600000000001,27.765787691572523,20.0
-1,-119.08057584622016,20.41137153240733,54.0,72.96000000000004,46.12057584622013,17.0
-1,-95.21579529132023,12.62101426851853,46.0,56.928000000000026,38.28779529132021,19.0
-1,-87.79358019229628,17.47188073148147,48.0,53.18400000000002,34.60958019229626,17.0
-1,-64.37425868682325,18.07355932870369,39.0,39.168000000000006,25.206258686823247,14.0
-1,-81.97366627754943,14.500419939814805,44.0,48.67200000000002,33.30166627754941,16.0
-1,-89.23630859733734,17.287851861111083,37.0,48.192000000000014,41.04430859733733,19.0
-1,-102.95506778825302,17.73572329166664,51.0,56.16000000000003,46.795067788252986,18.0
-1,-95.49813241859091,16.6179671898148,51.0,63.36000000000002,32.1381324185909,19.0
-1,-87.14777017292424,14.512190930555558,49.0,55.68000000000002,31.46777017292422,15.0
-1,-107.61090107805458,25.61778794907399,67.0,69.984,37.62690107805459,16.0
-1,-96.4622069532345,15.573628060185175,46.0,54.04800000000003,42.41420695323447,21.0
-1,-100.4119511593705,16.490079314814796,46.0,63.93600000000002,36.47595115937048,16.0
-1,-90.96330532035896,23.650410736111063,52.0,46.75200000000002,44.21130532035894,16.0
-1,-117.9223018172822,24.472975370370275,60.0,80.06400000000004,37.85830181728217,17.0
-1,-111.76535799526393,20.100096115740666,46.0,51.16800000000002,60.59735799526389,24.0
-1,-104.53210947590088,21.463838013888807,52.0,60.76800000000003,43.76410947590085,19.0
-1,-71.09294781684054,16.647243046296282,47.0,50.40000000000001,20.692947816840523,12.0
-1,-93.4708536426608,19.271301874999967,49.0,52.80000000000002,40.6708536426608,17.0
-1,-100.06736114006664,13.97990991666666,46.0,57.12000000000002,42.94736114006662,22.0
-1,-104.5378176901962,16.75961384722221,41.0,46.36800000000001,58.16981769019618,23.0
-1,-94.38848515661353,17.884343652777712,38.0,47.90400000000002,46.4844851566135,18.0
-1,-101.31972960714349,19.195851009259208,58.0,71.23200000000004,30.087729607143444,14.0
-1,-123.03511284747236,16.676076439814736,51.0,67.96800000000003,55.06711284747234,23.0
-1,-78.71775970169165,13.02174241203705,36.0,45.216,33.501759701691654,21.0
-1,-101.4894535362196,20.33909109722214,49.0,57.12000000000002,44.3694535362196,21.0
-1,-108.18639559173558,17.899862847222206,45.0,59.23200000000002,48.95439559173556,20.0
-1,-89.68096741970098,23.071149685185105,42.0,48.192000000000014,41.48896741970096,17.0
-1,-99.06540956610202,15.81843349074072,49.0,56.25600000000003,42.80940956610199,24.0
-1,-115.05239918637758,18.356537638888813,45.0,53.856000000000016,61.19639918637757,23.0
-1,-114.63861677068785,11.80912851851853,44.0,58.65600000000003,55.98261677068782,22.0
-1,-111.46503944057064,15.005673111111088,50.0,62.30400000000003,49.16103944057061,21.0
-1,-85.62191772515186,20.222558388888856,48.0,50.78400000000003,34.837917725151826,16.0
-1,-65.18989987071747,14.049697138888863,38.0,45.6,19.589899870717467,11.0
-1,-87.30974032839524,14.69191134259257,42.0,56.544000000000025,30.765740328395204,18.0
-1,-77.40400771096712,16.395388361111127,39.0,39.26400000000001,38.14000771096711,20.0
-1,-81.80396720824746,14.291269087962938,36.0,51.936000000000014,29.867967208247443,17.0
-1,-81.60874322728091,16.575124587962947,43.0,50.01600000000001,31.592743227280906,18.0
-1,-92.89622774161872,23.20461146759252,55.0,59.80800000000003,33.08822774161871,15.0
-1,-78.78144975675072,14.494187703703693,46.0,48.384000000000015,30.397449756750703,18.0
-1,-61.95286504554127,14.113061842592582,39.0,37.72800000000001,24.224865045541268,14.0
-1,-72.5460190193451,16.150028592592587,47.0,47.52000000000001,25.02601901934508,14.0
-1,-112.68509482321892,21.16844997685176,53.0,62.49600000000003,50.189094823218895,22.0
-1,-108.7876645336436,20.686576958333312,57.0,63.36000000000003,45.42766453364357,19.0
-1,-101.31929124992196,15.74926726388887,41.0,52.22400000000002,49.095291249921935,21.0
-1,-85.03129585713135,16.319005671296292,38.0,47.04000000000001,37.99129585713134,19.0
-1,-88.87543466878536,14.994408152777762,40.0,54.91200000000002,33.96343466878534,16.0
-1,-85.12541805534377,14.250906069444452,48.0,53.85600000000003,31.269418055343746,14.0
-1,-130.46074349950646,15.868116916666644,71.0,89.85600000000005,40.60474349950641,16.0
-1,-81.49863754454356,16.3899717222222,41.0,46.368000000000016,35.13063754454353,21.0
-1,-85.51680177335282,17.94545971296293,46.0,53.376000000000026,32.1408017733528,20.0
-1,-85.59496229638894,19.786921958333256,37.0,45.69600000000001,39.89896229638893,20.0
-1,-77.66103773937596,17.14763410648147,53.0,51.360000000000014,26.301037739375943,16.0
-1,-82.06664318804451,15.683548925925912,42.0,46.272000000000006,35.7946431880445,19.0
-1,-88.48979762699523,19.08397779166663,45.0,51.936000000000014,36.553797626995205,19.0
-1,-119.92756813950106,20.997853212962877,54.0,61.34400000000002,58.58356813950103,23.0
-1,-78.08379325875777,14.891312643518496,39.0,53.37600000000002,24.707793258757743,14.0
-1,-107.67277667257989,22.74621097222214,58.0,74.40000000000003,33.27277667257985,19.0
-1,-109.27663959841551,24.373616087962866,52.0,70.46400000000003,38.8126395984155,17.0
-1,-92.8898561567528,18.515632541666623,42.0,46.75200000000001,46.13785615675279,22.0
-1,-100.79024869264089,20.56461802777772,47.0,59.13600000000003,41.65424869264085,18.0
-1,-86.45156416058529,11.795862944444444,44.0,51.64800000000002,34.80356416058528,20.0
-1,-89.04776748315295,18.858254412036988,41.0,50.97600000000001,38.07176748315294,20.0
-1,-105.5618254554852,20.77868146759253,45.0,54.72000000000002,50.84182545548519,21.0
-1,-85.58225186984183,19.417864879629573,45.0,45.21600000000001,40.36625186984182,19.0
-1,-88.96296671790488,18.65245183796293,39.0,49.05600000000002,39.90696671790486,20.0
-1,-68.4647501419026,14.756573999999985,42.0,53.66400000000001,14.800750141902588,11.0
-1,-113.41206156145935,17.02274890740735,45.0,55.87200000000002,57.54006156145933,25.0
-1,-111.10514326589,18.664050157407345,45.0,59.42400000000003,51.68114326588997,21.0
-1,-138.9531178052822,20.49654000462955,59.0,73.44000000000004,65.51311780528216,22.0
-1,-111.29194725737298,15.913522907407396,47.0,63.07200000000002,48.21994725737296,22.0
-1,-87.56552510903923,16.97346183796296,42.0,46.08000000000001,41.485525109039216,21.0
-1,-111.22090269944027,22.727690509259183,51.0,60.86400000000003,50.356902699440255,21.0
-1,-78.34518752122102,15.295900444444408,39.0,47.71200000000002,30.63318752122101,19.0
-1,-109.25764972415487,16.699838347222187,54.0,66.72000000000003,42.53764972415484,21.0
-1,-103.61660052583107,14.245894189814807,37.0,46.56000000000002,57.05660052583106,22.0
-1,-85.33179879012724,14.945156472222196,46.0,49.920000000000016,35.41179879012723,19.0
-1,-117.56686003824176,20.38633798148145,73.0,74.11200000000001,43.45486003824175,20.0
-1,-79.5612527060279,15.357227013888869,46.0,55.58400000000002,23.97725270602788,15.0
-1,-72.6906253326255,16.508194722222196,42.0,43.296000000000014,29.39462533262549,16.0
-1,-131.02406554101964,19.4525655416666,62.0,81.50400000000005,49.52006554101958,20.0
-1,-93.01971815150438,19.13369870833328,53.0,68.16000000000003,24.85971815150436,15.0
-1,-96.54144772668307,17.764905912037012,50.0,59.42400000000003,37.117447726683054,18.0
-1,-90.18690020174176,15.769526245370352,50.0,56.544000000000025,33.64290020174173,20.0
-1,-86.47248787970626,15.544477291666649,43.0,49.24800000000001,37.22448787970625,20.0
-1,-92.1105199229153,13.977052921296298,36.0,50.59200000000002,41.51851992291529,22.0
-1,-145.440786350417,22.50569999074068,81.0,96.38400000000004,49.05678635041697,21.0
-1,-97.562176893202,19.319165069444413,59.0,60.67200000000003,36.89017689320198,18.0
-1,-89.29267267494521,14.205821851851823,42.0,56.73600000000002,32.55667267494518,18.0
-1,-83.96429907558374,10.847280300925924,48.0,60.480000000000025,23.484299075583717,15.0
-1,-84.68321731047413,21.8778696898148,44.0,52.416000000000025,32.26721731047411,16.0
-1,-92.02508467882096,23.44735214814811,58.0,62.112000000000016,29.91308467882093,16.0
-1,-115.37963165560906,16.91869868981479,60.0,63.74400000000004,51.63563165560902,22.0
-1,-101.0799372920352,18.85154402314812,48.0,58.56000000000003,42.519937292035166,21.0
-1,-95.15600761719458,16.36236436111107,40.0,49.82400000000001,45.33200761719456,21.0
-1,-89.71228170129503,19.766232300925868,44.0,50.49600000000002,39.216281701295,19.0
-1,-65.11179593008436,12.891276986111103,36.0,38.11200000000001,26.99979593008434,17.0
-1,-92.49847806398782,16.45847187499996,47.0,57.21600000000003,35.28247806398779,19.0
-1,-126.5163787550086,16.19352817592589,57.0,71.90400000000002,54.61237875500856,24.0
-1,-87.68814570353386,18.448816708333304,48.0,48.00000000000002,39.68814570353384,17.0
-1,-85.6798134194249,22.7625171805555,48.0,48.86400000000002,36.815813419424885,19.0
-1,-98.56796878463456,16.377783476851835,36.0,42.52800000000001,56.03996878463455,22.0
-1,-111.29190153850244,23.0274757407407,57.0,58.17600000000002,53.1159015385024,19.0
-1,-96.27097581198883,14.815111203703674,43.0,56.54400000000002,39.72697581198884,23.0
-1,-85.6708732187719,15.872205101851842,33.0,38.784000000000006,46.88687321877189,24.0
-1,-116.88476734207156,25.473759935185093,56.0,62.20800000000003,54.67676734207154,19.0
-1,-82.66961694879433,11.316054379629628,34.0,39.93600000000001,42.73361694879432,24.0
-1,-78.4012767130212,20.88784862499995,53.0,57.21600000000002,21.18527671302118,12.0
-1,-94.25571529536116,17.20279692129624,45.0,56.736000000000026,37.51971529536114,19.0
-1,-114.59234894963808,14.682890902777768,41.0,50.88000000000002,63.71234894963804,26.0
-1,-91.85764788411154,19.63780076851845,47.0,52.80000000000002,39.05764788411152,20.0
-1,-106.64947860332175,23.272170328703627,65.0,68.83200000000002,37.81747860332173,17.0
-1,-66.86252287170598,10.366814643518506,39.0,44.736,22.126522871705973,14.0
-1,-146.25198763166503,12.09606621296295,54.0,75.93600000000004,70.31598763166498,27.0
-1,-92.52549655895352,12.783539208333345,30.0,37.056,55.46949655895354,24.0
-1,-119.73564182006535,15.355865999999988,52.0,61.632000000000026,58.10364182006532,25.0
-1,-95.6246474525423,21.50003196759249,53.0,55.48800000000003,40.13664745254228,17.0
-1,-117.30071237526629,18.13993965277773,45.0,60.57600000000002,56.72471237526625,22.0
-1,-97.8020724127797,21.94677274999992,45.0,51.74400000000002,46.05807241277967,20.0
-1,-79.7333386991709,17.9888705046296,43.0,48.480000000000025,31.253338699170875,17.0
-1,-102.52017876348094,14.423527749999986,42.0,57.504000000000026,45.01617876348092,23.0
-1,-91.17930636799296,19.846590773148115,40.0,47.71200000000002,43.46730636799294,20.0
-1,-88.29606911710633,11.24634930092592,39.0,54.04800000000001,34.248069117106326,19.0
-1,-97.42293716149334,16.749084226851828,42.0,42.62400000000001,54.79893716149333,23.0
-1,-103.64917921977556,20.67151356481478,53.0,53.184000000000026,50.465179219775536,21.0
-1,-86.83010588260709,18.35716183333332,46.0,42.336000000000006,44.49410588260707,21.0
-1,-83.65653684880655,18.58962354166662,48.0,50.78400000000001,32.87253684880654,19.0
-1,-101.73276185030058,14.38143481481477,55.0,77.18400000000004,24.548761850300533,15.0
-1,-90.74334604620029,14.314963824074054,57.0,63.16800000000002,27.57534604620025,18.0
-1,-99.4459485308824,17.75981176388885,49.0,58.65600000000003,40.78994853088237,19.0
-1,-83.5527635768276,18.384486384259223,44.0,51.55200000000002,32.00076357682759,14.0
-1,-99.98755773326944,14.369496759259231,42.0,51.936000000000014,48.051557733269405,24.0
-1,-80.07046493160239,17.01221593055554,47.0,42.62400000000002,37.44646493160237,17.0
-1,-78.02870195780622,15.727815620370356,42.0,45.984000000000016,32.0447019578062,19.0
-1,-83.26107499027691,20.185283699074056,38.0,42.912000000000006,40.34907499027691,17.0
-1,-89.26371145264386,16.010138129629603,45.0,55.39200000000002,33.871711452643844,19.0
-1,-94.45358837685438,18.952658115740658,48.0,56.92800000000002,37.52558837685436,18.0
-1,-111.22356918892598,15.591454402777776,53.0,58.94400000000002,52.27956918892597,24.0
-1,-86.58607776031451,18.19971321759255,47.0,54.048000000000016,32.538077760314486,17.0
-1,-91.47097384705864,14.527260384259254,44.0,44.64000000000001,46.83097384705864,21.0
-1,-109.06541675195224,22.302474615740675,51.0,60.96000000000003,48.1054167519522,17.0
-1,-81.23519476617614,26.18598929166665,59.0,55.96800000000003,25.267194766176097,11.0
-1,-86.89541363267308,16.86082549999999,38.0,42.33600000000001,44.55941363267307,21.0
-1,-91.9812055487973,17.815140351851817,42.0,51.64800000000002,40.33320554879728,18.0
-1,-91.5484443844233,14.21391678703703,42.0,47.61600000000003,43.93244438442327,23.0
-1,-91.89512602717696,15.91190163425925,41.0,47.616,44.27912602717696,23.0
-1,-84.59879970615913,18.22732513888885,52.0,62.97600000000004,21.622799706159093,13.0
-1,-88.14145984830182,13.958550574074048,47.0,52.41600000000002,35.72545984830181,18.0
-1,-110.35764254475129,17.094629759259217,47.0,62.88000000000003,47.47764254475126,20.0
-1,-102.57273752449058,13.666461342592616,44.0,55.10400000000002,47.46873752449055,23.0
-1,-90.36212572580617,15.496565379629624,48.0,51.55200000000002,38.81012572580615,22.0
-1,-92.1383716325847,12.269750851851846,32.0,45.024,47.1143716325847,22.0
-1,-74.79981316741812,21.569570037037003,45.0,50.30400000000002,24.4958131674181,12.0
-1,-114.4620090332902,14.82788855092592,46.0,59.80800000000003,54.654009033290166,23.0
-1,-102.09040150661322,19.0899943981481,48.0,62.784000000000034,39.306401506613184,19.0
-1,-91.88021825731283,18.23814410648145,50.0,47.52000000000002,44.36021825731281,22.0
-1,-71.85518069923434,15.519984736111113,44.0,52.41600000000002,19.43918069923432,10.0
-1,-86.43008635444363,16.747103990740722,42.0,51.64800000000002,34.78208635444361,16.0
-1,-82.15107060347162,26.741941694444414,48.0,42.62400000000001,39.52707060347161,16.0
-1,-78.29076894425597,14.379702273148126,44.0,50.112000000000016,28.17876894425596,19.0
-1,-85.02116528214358,14.053204069444435,45.0,49.44000000000001,35.58116528214358,21.0
-1,-95.17547184424028,23.224598944444395,64.0,60.86400000000001,34.311471844240266,18.0
-1,-97.21905286009876,16.432164657407352,46.0,58.84800000000003,38.37105286009875,19.0
-1,-82.65645436112715,17.75567941666663,41.0,47.90400000000002,34.75245436112712,14.0
-1,-102.75412045277392,22.73264449537031,51.0,58.65600000000003,44.09812045277389,16.0
-1,-119.50629486190816,13.923477402777769,50.0,67.00800000000002,52.49829486190816,24.0
-1,-99.3238646815829,16.707513513888827,45.0,62.30400000000003,37.01986468158288,18.0
-1,-90.7101222910512,13.378036898148148,45.0,49.632000000000005,41.07812229105119,24.0
-1,-74.12217012214222,15.796234967592584,36.0,46.08000000000002,28.0421701221422,16.0
-1,-77.43265298454146,13.234945356481475,36.0,45.024000000000015,32.40865298454145,16.0
-1,-121.52462745717168,20.71162070370369,62.0,71.04000000000003,50.48462745717165,20.0
-1,-94.68007221693811,15.11376737037036,43.0,55.872000000000014,38.8080722169381,19.0
-1,-105.04216024718868,19.40810836111107,55.0,59.32800000000003,45.71416024718866,19.0
-1,-106.01075678830269,17.434796333333296,52.0,65.18400000000003,40.826756788302646,20.0
-1,-88.15612394204715,18.365899138888864,39.0,52.12800000000002,36.02812394204712,19.0
-1,-87.05877397310744,17.515127587962958,48.0,56.928000000000026,30.13077397310741,15.0
-1,-79.20318869562084,22.549374833333303,48.0,52.12800000000002,27.075188695620824,12.0
-1,-86.24528502430468,20.432922680555546,48.0,49.632000000000005,36.613285024304666,17.0
-1,-82.06436090955674,16.89902211111108,51.0,55.20000000000002,26.86436090955672,14.0
-1,-134.8799142631429,18.08761894444435,53.0,75.07200000000003,59.807914263142855,23.0
-1,-65.47258187263614,15.691759634259236,39.0,41.28000000000001,24.19258187263613,15.0
-1,-113.1740418269969,12.352877699074078,41.0,52.41600000000002,60.75804182699688,25.0
-1,-67.65827930486766,6.203026189814806,24.0,31.968,35.690279304867666,25.0
-1,-117.88425551090174,25.44082948148141,57.0,75.36000000000004,42.524255510901696,15.0
-1,-95.4687699608668,20.41128736574071,54.0,62.208000000000034,33.26076996086678,16.0
-1,-84.27984965586877,11.2792693611111,48.0,56.25600000000003,28.023849655868748,15.0
-1,-108.33462871311676,18.28207543055552,68.0,69.21600000000001,39.11862871311675,21.0
-1,-96.18645925486098,20.80603152777772,48.0,57.50400000000002,38.682459254860966,17.0
-1,-107.44217028256703,18.532560685185143,50.0,61.24800000000001,46.19417028256703,21.0
-1,-99.09598502571356,16.2996629537037,54.0,56.35200000000001,42.74398502571354,21.0
-1,-86.25139025822676,15.170477680555557,35.0,42.144000000000005,44.107390258226765,20.0
-1,-102.43482196855416,19.435779347222145,49.0,67.58400000000003,34.85082196855414,17.0
-1,-101.18829553349522,18.91495692129623,58.0,69.40800000000003,31.780295533495195,15.0
-1,-96.11600764687606,11.008515763888902,33.0,46.46400000000001,49.65200764687605,25.0
-1,-91.56086319580852,17.328440490740725,45.0,49.728000000000016,41.8328631958085,21.0
-1,-83.48544645581413,18.25182181018512,41.0,49.24800000000002,34.23744645581412,16.0
-1,-89.67707373883842,23.323654106481417,54.0,56.06400000000003,33.61307373883839,18.0
-1,-96.61275574084854,16.30731532407404,49.0,59.80800000000003,36.80475574084851,17.0
-1,-93.11504731823302,21.06920524999997,47.0,58.94400000000002,34.171047318233,14.0
-1,-97.92801105483312,12.411024055555554,39.0,48.09600000000002,49.83201105483311,22.0
-1,-87.60354993853659,17.140452222222216,52.0,55.00800000000003,32.59554993853655,21.0
-1,-88.37968921339153,13.558331152777782,44.0,48.096,40.283689213391526,20.0
-1,-103.63302847376325,14.49522811111112,45.0,56.16000000000002,47.473028473763215,22.0
-1,-72.28977037041314,12.261500995370351,41.0,48.19200000000001,24.097770370413134,15.0
-1,-77.01661301367307,11.153400490740758,34.0,38.88000000000001,38.13661301367306,20.0
-1,-96.80460944001057,13.976479504629628,45.0,55.29600000000002,41.50860944001054,22.0
-1,-97.5527432956638,11.798678749999988,37.0,50.78400000000001,46.768743295663775,25.0
-1,-91.09951316746404,21.049070180555496,51.0,53.856000000000016,37.24351316746403,19.0
-1,-76.62662730400862,20.334539314814787,45.0,48.28800000000002,28.33862730400861,14.0
-1,-107.22015772846744,21.30802323611104,43.0,56.92800000000002,50.29215772846741,22.0
-1,-91.55244396078476,21.76379179629628,54.0,55.00800000000002,36.54444396078475,17.0
-1,-103.8396796136488,16.230674912037003,39.0,51.936000000000014,51.90367961364879,22.0
-1,-99.9324186165594,16.143828666666632,39.0,47.52,52.41241861655941,22.0
-1,-88.28536671957959,15.379956356481475,44.0,54.43200000000002,33.85336671957956,20.0
-1,-102.56761109357912,19.002741953703648,43.0,52.41600000000002,50.15161109357912,23.0
-1,-116.53672821501468,17.709028638888853,52.0,62.784000000000034,53.752728215014656,22.0
-1,-80.58355411411982,15.141893074074057,45.0,49.82400000000002,30.759554114119805,16.0
-1,-74.35955919769884,16.95488500925923,41.0,44.064000000000014,30.295559197698832,16.0
-1,-76.9672709780007,10.364228874999997,38.0,46.08000000000001,30.88727097800068,17.0
-1,-91.82836686118692,14.737952634259235,35.0,46.75200000000001,45.076366861186905,22.0
-1,-164.77436059579586,23.481694421296208,71.0,108.19200000000006,56.5823605957958,17.0
-1,-84.71121948953994,22.16983012037034,56.0,52.512,32.19921948953994,14.0
-1,-130.97027635343073,18.18733548148143,52.0,66.33600000000003,64.63427635343069,21.0
-1,-91.7467736234909,14.622872166666662,47.0,57.60000000000002,34.14677362349087,18.0
-1,-77.47148636269152,9.02962071296296,54.0,66.816,10.655486362691516,5.0
-1,-75.44150939916926,19.96729636111108,49.0,49.152000000000015,26.28950939916925,14.0
-1,-77.39116577357643,18.75209341203701,53.0,55.968000000000025,21.42316577357641,14.0
-1,-99.198962121882,12.821964333333312,43.0,51.936000000000014,47.262962121881976,23.0
-1,-95.19238307921238,14.30279295833332,39.0,50.40000000000001,44.79238307921237,22.0
-1,-95.68878529366512,11.323428259259275,35.0,42.72000000000001,52.96878529366511,24.0
-1,-103.7853140793287,16.274069393518538,38.0,47.616000000000014,56.169314079328686,21.0
-1,-81.73283519998539,20.10838929629626,46.0,48.67200000000001,33.06083519998538,16.0
-1,-79.76237412468014,17.5330314259259,45.0,50.97600000000001,28.786374124680123,16.0
-1,-95.60545473903258,15.020639134259254,37.0,53.56800000000002,42.03745473903257,20.0
-1,-89.65570782449873,16.303557231481484,45.0,61.63200000000002,28.023707824498707,14.0
-1,-109.82269642019055,15.831024148148122,48.0,60.76800000000002,49.05469642019053,20.0
-1,-114.98953628624947,24.339891060185067,53.0,60.864000000000026,54.12553628624946,17.0
-1,-84.95865379030641,17.075212939814776,41.0,47.04000000000001,37.9186537903064,19.0
-1,-90.11853655637546,16.130713097222195,47.0,56.54400000000002,33.574536556375435,22.0
-1,-96.61367058784616,24.056981597222165,55.0,57.88800000000003,38.72567058784615,18.0
-1,-90.1473405306261,13.59241880092594,36.0,41.760000000000005,48.38734053062609,22.0
-1,-99.30537377661884,17.770673777777724,43.0,55.29600000000002,44.009373776618816,23.0
-1,-113.37383923509972,20.47022278703697,50.0,64.32000000000002,49.0538392350997,18.0
-1,-94.43642642690529,19.91509807870368,48.0,45.696000000000005,48.74042642690527,22.0
-1,-103.37709275795292,16.5347581018518,46.0,57.50400000000002,45.8730927579529,19.0
-1,-111.07581044599031,18.292650749999936,46.0,59.904000000000025,51.1718104459903,21.0
-1,-81.39569475953243,17.352892013888862,43.0,51.74400000000002,29.65169475953242,13.0
-1,-110.49464601486602,16.89111050925924,51.0,52.12800000000002,58.366646014866,24.0
-1,-86.90371727762033,17.107267351851817,44.0,49.24800000000002,37.65571727762032,18.0
-1,-105.58397453916594,19.14468102777772,51.0,55.48800000000003,50.09597453916591,21.0
-1,-88.85390018331213,20.98577022685181,43.0,46.46400000000002,42.38990018331211,20.0
-1,-214.1850957522437,17.65268224999993,96.0,158.8800000000001,55.305095752243616,23.0
-1,-90.650404173527,15.211889490740752,39.0,43.104000000000006,47.546404173527,22.0
-1,-85.27391140616497,20.57935984259254,47.0,44.92800000000002,40.34591140616495,18.0
-1,-85.21795545340944,16.64939471759256,38.0,49.24800000000001,35.96995545340944,16.0
-1,-91.63406145322868,15.94745585648148,37.0,47.04000000000002,44.59406145322866,20.0
-1,-114.87836938578474,26.355975009259197,55.0,60.28800000000003,54.5903693857847,16.0
-1,-85.36652756395016,14.251214092592592,46.0,52.80000000000002,32.56652756395014,17.0
-1,-94.98307159553764,20.401921606481423,47.0,49.15200000000002,45.83107159553763,17.0
-1,-82.01269138936387,15.35989621296295,38.0,41.18400000000001,40.828691389363854,20.0
-1,-71.38882242652149,14.631850268518509,36.0,46.94400000000001,24.444822426521476,13.0
-1,-77.11112602197949,18.581717574074062,41.0,41.472000000000016,35.63912602197947,20.0
-1,-89.28034708193454,20.10800311111107,42.0,46.27200000000001,43.00834708193453,19.0
-1,-78.56663967284392,12.550098037037028,42.0,48.57600000000001,29.99063967284391,19.0
-1,-96.48429247264976,18.751764569444404,50.0,63.26400000000002,33.220292472649746,19.0
-1,-80.94735514875089,16.088934199074057,43.0,51.84000000000001,29.10735514875088,17.0
-1,-82.90592982494188,18.24118401851848,48.0,53.47200000000002,29.433929824941853,15.0
-1,-62.43221246548508,14.96558598611109,43.0,43.87200000000001,18.56021246548507,15.0
-1,-95.29421798384324,16.956129712962976,43.0,43.296000000000014,51.998217983843205,22.0
-1,-99.13878463357418,18.28016009259255,48.0,54.72000000000002,44.41878463357416,21.0
-1,-110.77109257465528,19.252967787036965,50.0,66.43200000000003,44.33909257465525,19.0
-1,-95.10704597647349,16.335271060185153,38.0,40.80000000000001,54.30704597647346,23.0
-1,-100.57962259498304,14.600081777777772,48.0,48.672,51.907622594983046,25.0
-1,-81.3207837696134,15.20893360185184,42.0,44.83200000000002,36.48878376961338,22.0
-1,-78.86302918788473,20.01679049999997,49.0,51.64800000000002,27.215029187884724,16.0
-1,-115.02707121316334,17.463399120370294,49.0,58.65600000000002,56.37107121316331,24.0
-1,-79.5350544497877,12.685961680555556,54.0,58.176000000000016,21.35905444978768,15.0
-1,-78.85152906563633,13.682426824074051,44.0,53.56800000000002,25.283529065636312,12.0
-1,-82.90944356796616,19.442556421296253,47.0,53.37600000000002,29.533443567966145,17.0
-1,-102.30193428388054,12.641415967592582,41.0,54.14400000000002,48.15793428388052,23.0
-1,-79.29242197096231,15.497628481481472,47.0,55.96800000000002,23.32442197096229,13.0
-1,-100.89951678091748,19.511826231481443,52.0,60.19200000000003,40.707516780917445,21.0
-1,-113.2342779982586,15.613937796296298,45.0,51.07200000000002,62.16227799825859,24.0
-1,-96.39603323178386,11.950951092592597,46.0,56.83200000000003,39.56403323178384,18.0
-1,-88.39092679603007,18.676484254629592,46.0,46.368000000000016,42.022926796030056,21.0
-1,-110.0482124010922,14.168773175925915,47.0,55.00800000000002,55.04021240109219,24.0
-1,-88.22582138311734,15.818973527777748,46.0,53.95200000000003,34.27382138311732,16.0
-1,-96.34078383841086,18.92362629166665,47.0,49.24800000000002,47.092783838410845,22.0
-1,-71.7354581669429,15.500752111111094,40.0,49.344000000000015,22.39145816694289,13.0
-1,-106.64852216657988,17.70235030555549,53.0,57.98400000000002,48.66452216657984,22.0
-1,-86.85940027215051,15.03304157407406,46.0,59.04000000000003,27.81940027215048,16.0
-1,-106.83947051061035,16.587309606481465,42.0,47.90400000000002,58.93547051061036,23.0
-1,-102.46842363335088,11.390645152777775,49.0,55.58400000000002,46.884423633350856,22.0
-1,-90.355646775257,23.914347611111086,62.0,63.936000000000014,26.419646775257,14.0
-1,-93.80935683910698,15.684881282407408,43.0,53.66400000000002,40.14535683910695,21.0
-1,-84.56655521799884,16.857120652777763,47.0,62.11200000000002,22.45455521799882,14.0
-1,-99.88447192395944,15.42506221759257,47.0,59.04000000000003,40.84447192395942,19.0
-1,-72.1554509957688,13.856268648148156,43.0,55.39200000000002,16.763450995768782,10.0
-1,-87.50606213605057,17.427352828703686,45.0,55.87200000000003,31.63406213605055,17.0
-1,-85.29156042436767,17.23281443055551,52.0,54.72000000000003,30.571560424367654,19.0
-1,-91.60921682256276,19.56063748611107,49.0,56.54400000000003,35.06521682256273,16.0
-1,-83.65197718687007,15.637714972222213,44.0,53.47200000000002,30.17997718687005,18.0
-1,-127.23166154986956,20.198293453703645,56.0,68.73600000000003,58.49566154986952,22.0
-1,-88.60536710311439,16.4684628796296,43.0,55.00800000000002,33.597367103114365,17.0
-1,-101.14635015015295,15.788199893518511,45.0,53.088000000000015,48.05835015015295,22.0
-1,-87.12631151541007,19.11200168518514,46.0,49.34400000000003,37.78231151541004,19.0
-1,-91.01858074472362,18.01482424999997,46.0,56.640000000000015,34.37858074472361,18.0
-1,-85.20355271905639,17.419533958333307,41.0,43.58400000000002,41.61955271905637,19.0
-1,-85.99450241019198,18.61795373611109,52.0,53.56800000000002,32.426502410191965,17.0
-1,-96.8003243867216,15.928016828703672,49.0,55.968000000000025,40.83232438672157,20.0
-1,-75.49830680556099,13.47898430555554,34.0,38.49600000000001,37.00230680556098,20.0
-1,-101.68973295040615,15.35180858333334,48.0,56.928000000000026,44.76173295040614,19.0
-1,-105.0389374661792,15.36958590277775,38.0,49.728000000000016,55.31093746617917,25.0
-1,-95.77702301106116,12.214464972222228,39.0,47.616000000000014,48.16102301106117,25.0
-1,-162.5073877515656,19.016108856481388,61.0,98.30400000000006,64.20338775156553,26.0
-1,-84.34108877556261,14.957188495370367,44.0,48.960000000000015,35.3810887755626,20.0
-1,-83.66056158182424,17.85478546296294,45.0,46.56000000000003,37.10056158182421,17.0
-1,-108.41597121121396,17.68874354629625,52.0,59.52000000000003,48.895971211213926,21.0
-1,-95.254813466997,21.476612351851813,49.0,49.24800000000001,46.006813466997,19.0
-1,-103.77123923717016,17.644666861111038,50.0,56.25600000000002,47.51523923717014,24.0
-1,-85.48099693408402,14.554029236111132,43.0,48.960000000000015,36.520996934084,17.0
-1,-101.58060178866376,18.139095467592547,50.0,58.36800000000003,43.21260178866373,18.0
-1,-113.75303238245117,14.884799523148123,50.0,68.35200000000003,45.40103238245113,23.0
-1,-74.83817214781659,15.734956347222234,47.0,44.54400000000002,30.29417214781657,18.0
-1,-90.36102541761576,16.903120268518524,44.0,50.304000000000016,40.05702541761574,20.0
-1,-75.08126267911317,16.170338314814803,45.0,57.02400000000002,18.057262679113137,11.0
-1,-89.92607230537519,20.36135840740736,51.0,59.23200000000003,30.694072305375165,18.0
-1,-83.40648276144486,19.80648244444442,49.0,52.41600000000002,30.99048276144485,16.0
-1,-77.21673752156411,15.27464007407406,41.0,48.28800000000002,28.92873752156409,17.0
-1,-96.11010157722932,15.13012543055555,49.0,61.05600000000003,35.05410157722928,18.0
-1,-94.77019153958508,14.962531291666652,43.0,51.45600000000002,43.31419153958505,21.0
-1,-79.31205984684733,17.81682996296294,42.0,41.37600000000001,37.93605984684732,20.0
-1,-82.53652601214274,10.25546266666666,43.0,53.76000000000001,28.77652601214273,19.0
-1,-92.5108642997005,19.871314236111072,46.0,54.81600000000003,37.69486429970047,20.0
-1,-89.40335936593506,11.795862731481485,41.0,53.664000000000016,35.739359365935044,18.0
-1,-76.79678167863807,18.666899249999943,54.0,58.08000000000002,18.71678167863805,13.0
-1,-90.81834308679817,11.81015608333334,41.0,46.84800000000002,43.97034308679815,22.0
-1,-113.31772813611244,22.14148057870363,50.0,55.10400000000002,58.213728136112415,22.0
-1,-107.12448643890792,20.53727531944435,51.0,57.120000000000026,50.004486438907904,22.0
-1,-82.85718722414941,13.331774384259257,36.0,45.31200000000001,37.5451872241494,20.0
-1,-78.74691103392354,18.344052180555533,46.0,41.76000000000001,36.98691103392353,19.0
-1,-112.15025441184932,15.572821726851824,40.0,50.97600000000001,61.17425441184931,24.0
-1,-86.82943553519704,19.15482428240736,46.0,52.12800000000002,34.70143553519701,19.0
-1,-90.01971639308132,13.746243296296274,51.0,54.33600000000002,35.683716393081305,22.0
-1,-71.28266378573079,13.01742841666666,38.0,46.08000000000002,25.20266378573077,15.0
-1,-88.46859945745229,14.008193870370365,41.0,42.91200000000001,45.55659945745228,21.0
-1,-100.80673984616593,23.33771482870364,55.0,59.32800000000002,41.47873984616589,18.0
-1,-112.39641437422134,19.97196131481474,52.0,62.11200000000003,50.28441437422131,19.0
-1,-96.33306544245764,21.365414083333334,50.0,57.88800000000002,38.445065442457626,18.0
-1,-141.0734994320322,15.694568180555525,65.0,77.47200000000004,63.60149943203216,27.0
-1,-89.68654479664193,20.360958185185137,53.0,55.58400000000002,34.10254479664191,16.0
-1,-97.49696391461168,13.459649060185212,48.0,55.39200000000002,42.104963914611645,21.0
-1,-128.0397484941729,13.53897683796294,62.0,81.40800000000004,46.63174849417286,24.0
-1,-85.2331216256733,18.553338185185183,53.0,49.44000000000002,35.79312162567329,19.0
-1,-98.15552272999204,20.51480464351849,53.0,50.78400000000002,47.371522729992016,22.0
-1,-102.81024011307744,18.2958966944444,54.0,62.592000000000034,40.21824011307741,19.0
-1,-81.4837494437272,21.35319648148141,44.0,40.320000000000014,41.16374944372719,19.0
-1,-81.26735337833368,17.557360222222194,49.0,50.400000000000006,30.86735337833368,17.0
-1,-99.12646353309256,17.74766376388885,40.0,48.09600000000001,51.03046353309254,22.0
-1,-89.95730337472989,25.172263888888928,74.0,63.936000000000014,26.02130337472988,13.0
-1,-86.64672599404506,17.167132976851843,47.0,48.09600000000002,38.55072599404503,21.0
-1,-94.58435074263296,14.371280268518491,45.0,56.54400000000002,38.04035074263293,22.0
-1,-94.68281253617668,18.355960819444405,54.0,62.11200000000003,32.57081253617664,19.0
-1,-113.22372915602752,15.291434351851834,47.0,57.79200000000002,55.43172915602751,25.0
-1,-83.83979886440727,17.22163422222219,50.0,56.16000000000002,27.679798864407253,13.0
-1,-155.22429334439914,21.43768911111103,71.0,95.61600000000006,59.60829334439909,20.0
-1,-64.08574621069509,13.302188958333309,45.0,43.77600000000001,20.309746210695085,11.0
-1,-78.04541423086849,13.015396055555556,47.0,56.16000000000002,21.88541423086847,14.0
-1,-78.91434065261623,15.763336976851845,47.0,55.39200000000001,23.52234065261621,13.0
-1,-113.76658599865972,23.318902898148064,54.0,56.44800000000003,57.31858599865969,19.0
-1,-91.5782982826353,21.27394203703696,55.0,60.19200000000003,31.38629828263528,17.0
-1,-83.50837236144157,14.87796862037036,47.0,54.240000000000016,29.26837236144156,16.0
-1,-85.27053415025729,18.908942037037004,47.0,51.648000000000025,33.622534150257266,14.0
-1,-106.58561790050814,13.17192659722222,51.0,55.77600000000003,50.80961790050811,22.0
-1,-111.84141832478976,23.814378680555468,56.0,52.51200000000002,59.32941832478976,22.0
-1,-99.01891607224276,15.318987444444428,48.0,62.784000000000034,36.23491607224275,19.0
-1,-86.2831442828963,16.63313322685184,51.0,51.45600000000002,34.82714428289628,15.0
-1,-107.39736091392362,14.886142722222203,44.0,55.48800000000002,51.90936091392359,27.0
-1,-90.10958087998196,17.545518115740734,51.0,54.72000000000001,35.38958087998194,18.0
-1,-98.05643925733816,16.05618793518517,53.0,60.480000000000025,37.57643925733813,19.0
-1,-174.04808947618443,17.34098244444437,67.0,104.92800000000008,69.12008947618436,25.0
-1,-115.75408072406438,19.87745748148141,50.0,61.72800000000003,54.02608072406434,22.0
-1,-74.6761320556611,18.855229662037026,38.0,40.704000000000015,33.97213205566108,16.0
-1,-72.795514460234,17.415462800925912,48.0,52.80000000000002,19.995514460233988,12.0
-1,-98.2137216326849,14.934652930555531,47.0,59.42400000000003,38.78972163268487,21.0
-1,-83.49811034804043,11.031335388888884,47.0,50.496000000000016,33.00211034804042,21.0
-1,-101.05270108844115,18.75469596296292,50.0,56.44800000000003,44.60470108844114,21.0
-1,-79.05592455320314,18.14024310185181,63.0,65.85600000000002,13.199924553203116,7.0
-1,-81.98601399483917,20.110020379629574,45.0,46.752,35.234013994839174,17.0
-1,-104.60193318353063,23.482055273148102,66.0,65.08800000000002,39.51393318353062,19.0
-1,-82.47397374944148,17.211395791666614,40.0,52.22400000000002,30.249973749441477,18.0
-1,-67.91253274931782,12.072926532407395,49.0,55.776000000000025,12.136532749317794,8.0
-1,-99.24557274370096,17.786751662037005,48.0,52.60800000000002,46.63757274370093,20.0
-1,-126.35980038588096,29.37544973611099,67.0,74.78400000000003,51.575800385880925,18.0
-1,-113.20951289906208,16.262993944444432,44.0,46.27200000000002,66.93751289906207,24.0
-1,-139.6337010522692,18.855875810185097,68.0,97.05600000000004,42.57770105226917,19.0
-1,-99.92203020106815,15.624227763888872,60.0,68.16000000000001,31.76203020106815,18.0
-1,-91.16056955054674,15.49501029629628,36.0,44.83200000000001,46.32856955054673,23.0
-1,-96.5745667498648,16.19947608796294,54.0,64.99200000000003,31.582566749864785,14.0
-1,-67.85555147550608,12.862755541666678,38.0,46.368000000000016,21.487551475506056,14.0
-1,-84.8836367304715,11.628153726851854,51.0,49.728000000000016,35.15563673047147,18.0
-1,-96.29435591755576,22.35031995370367,48.0,56.44800000000003,39.84635591755573,17.0
-1,-98.87953549755493,20.252971842592554,47.0,50.59200000000002,48.287535497554885,22.0
-1,-83.52963125473195,17.938130842592592,46.0,41.472,42.057631254731945,18.0
-1,-109.46442644866924,21.707716083333253,54.0,64.32000000000002,45.14442644866922,21.0
-1,-100.43858036620465,15.568996768518506,46.0,50.11200000000001,50.32658036620463,26.0
-1,-90.20012703213334,11.48628636111112,38.0,44.352,45.84812703213333,23.0
-1,-69.0504516744729,17.242000546296293,47.0,53.66400000000002,15.386451674472877,10.0
-1,-92.6988874769626,14.872180861111088,48.0,53.184000000000026,39.51488747696258,21.0
-1,-85.9212293036329,11.674887236111111,44.0,51.16800000000002,34.75322930363288,21.0
-1,-97.2227029328249,14.994700527777765,42.0,51.45600000000002,45.76670293282488,24.0
-1,-123.03129981836432,17.997993115740687,53.0,61.92000000000003,61.11129981836429,23.0
-1,-96.631617065793,18.18656733333333,49.0,55.48800000000002,41.143617065792974,18.0
-1,-108.30253847095835,18.57558910648142,53.0,65.47200000000004,42.83053847095831,16.0
-1,-88.67888956831766,21.998952824074053,54.0,62.68800000000003,25.99088956831762,12.0
-1,-79.76253064509658,17.719356467592572,55.0,57.31200000000002,22.45053064509656,12.0
-1,-96.21057642224014,18.07817524537034,44.0,49.920000000000016,46.29057642224012,22.0
-1,-92.03152804246332,12.41219650462964,37.0,37.344,54.68752804246333,25.0
-1,-84.4874064449015,18.693114263888884,47.0,51.45600000000002,33.03140644490147,17.0
-1,-108.33714987214272,21.880013578703647,48.0,49.536000000000016,58.80114987214272,22.0
-1,-73.72351890008136,15.939646462962957,45.0,48.67200000000002,25.051518900081344,15.0
-1,-117.63521045793551,15.914346083333305,51.0,65.37600000000003,52.259210457935495,21.0
-1,-102.28794890682946,18.09335723148144,47.0,55.58400000000002,46.70394890682944,21.0
-1,-86.58184850138444,16.271109870370356,50.0,49.53600000000002,37.04584850138442,19.0
-1,-135.18698044126165,16.464672703703663,63.0,73.92000000000004,61.26698044126161,24.0
-1,-85.35826238642602,14.082594194444424,46.0,58.46400000000001,26.894262386426004,17.0
-1,-90.97687471540776,24.82830958333326,56.0,58.464000000000034,32.512874715407705,15.0
-1,-92.43524262817384,14.046413083333324,50.0,57.12000000000002,35.315242628173834,18.0
-1,-91.6882145657984,19.732592041666603,48.0,50.496000000000016,41.19221456579838,20.0
-1,-85.2487855855118,18.691904930555527,44.0,48.768000000000015,36.48078558551178,19.0
-1,-92.46653418599992,13.903202013888867,49.0,48.67200000000001,43.79453418599993,22.0
-1,-68.37789028364736,14.527853194444424,39.0,45.12000000000001,23.25789028364735,16.0
-1,-73.56255719844296,13.252623425925918,37.0,43.77600000000001,29.786557198442956,15.0
-1,-87.03091018857623,19.714728185185127,52.0,58.46400000000003,28.5669101885762,14.0
-1,-94.4411349942979,19.848849824074023,53.0,58.65600000000003,35.78513499429788,18.0
-1,-84.27726127127633,14.544190518518532,40.0,48.86400000000001,35.41326127127631,20.0
-1,-81.24464536373048,14.154350629629624,41.0,56.64000000000002,24.60464536373045,13.0
-1,-92.47020968185166,16.78950001851849,60.0,59.80800000000004,32.66220968185163,15.0
-1,-92.71375474348218,19.281106481481427,50.0,54.43200000000003,38.28175474348215,19.0
-1,-108.1831359988822,22.572378509259213,62.0,71.61600000000003,36.56713599888216,16.0
-1,-83.82843913662936,18.982156773148105,36.0,45.408000000000015,38.42043913662935,20.0
-1,-102.09438286469472,15.98360465277774,48.0,51.45600000000002,50.6383828646947,25.0
-1,-83.33854001891316,14.424475537037033,40.0,53.664000000000016,29.67454001891315,19.0
-1,-79.93525695765962,18.949652717592556,47.0,54.33600000000003,25.599256957659584,13.0
-1,-100.6984764454764,20.647824912037013,48.0,64.51200000000003,36.18647644547636,16.0
-1,-84.11334720849896,17.053661240740702,39.0,42.144000000000005,41.96934720849896,20.0
-1,-80.10398176389636,13.119883981481482,44.0,49.53600000000002,30.56798176389633,20.0
-1,-87.82841105107383,19.94698857407408,40.0,45.408000000000015,42.420411051073806,20.0
-1,-98.97754569980394,20.303011861111084,62.0,58.176,40.801545699803945,19.0
-1,-65.81430046144789,14.596686749999977,45.0,47.13600000000002,18.678300461447854,11.0
-1,-83.79389443532291,14.35380443518518,40.0,42.24,41.55389443532291,20.0
-1,-95.49569093488412,19.110423550925887,49.0,53.95200000000002,41.5436909348841,19.0
-1,-109.15018799736532,19.239692472222167,47.0,55.77600000000002,53.37418799736531,22.0
-1,-84.05488281822167,15.49598262962963,48.0,58.56000000000002,25.494882818221647,13.0
-1,-79.10723071274076,15.340481472222216,52.0,51.84000000000002,27.26723071274074,17.0
-1,-75.81753520212769,21.78896313888884,52.0,54.91200000000002,20.905535202127663,13.0
-1,-87.88252396464915,12.529921467592589,40.0,56.83200000000001,31.050523964649145,17.0
-1,-76.03681978787343,19.58476774074071,49.0,52.416000000000025,23.6208197878734,13.0
-1,-81.42425134492558,11.808556875000011,43.0,45.120000000000005,36.30425134492558,22.0
-1,-89.8581223951938,16.11556398148146,42.0,50.78400000000002,39.07412239519378,20.0
-1,-92.8550933877876,23.99875157870364,51.0,52.12800000000002,40.72709338778757,19.0
-1,-96.0550090095336,17.75894274074074,52.0,55.68000000000003,40.37500900953356,21.0
-1,-95.95726685579758,19.59136833333329,48.0,64.99200000000002,30.96526685579756,17.0
-1,-76.29728127802059,19.900154032407368,49.0,48.67200000000002,27.62528127802058,17.0
-1,-175.0820767419986,20.39238185185175,81.0,108.67200000000008,66.41007674199852,24.0
-1,-106.52198733890975,15.011618643518522,46.0,48.19200000000002,58.32998733890973,24.0
-1,-79.45892500589308,14.746709143518505,42.0,51.16800000000001,28.29092500589307,19.0
-1,-88.16144885510596,10.130512069444457,35.0,43.00800000000001,45.15344885510594,22.0
-1,-92.97243992128617,12.8452126111111,41.0,47.424000000000014,45.54843992128616,25.0
-1,-114.43725327742774,21.12280991666661,57.0,65.28000000000003,49.15725327742772,21.0
-1,-94.72002903638428,25.59825356018514,58.0,55.20000000000002,39.52002903638427,17.0
-1,-88.4172275859799,21.373470148148115,45.0,46.94400000000002,41.47322758597989,18.0
-1,-105.17603546678149,17.594041537037004,50.0,52.51200000000002,52.66403546678147,20.0
-1,-85.79296253787692,13.584100143518492,45.0,48.384000000000015,37.408962537876896,23.0
-1,-105.41720656875606,23.19388302777772,71.0,77.18400000000003,28.233206568756025,15.0
-1,-71.78387500527346,14.914357143518496,39.0,45.31200000000001,26.471875005273443,17.0
-1,-101.99260245074294,13.666424472222218,49.0,56.16000000000002,45.83260245074291,23.0
-1,-91.52654799504984,17.28581532870365,39.0,45.98400000000001,45.54254799504983,23.0
-1,-88.89714531648751,17.08110252777777,45.0,48.57600000000002,40.32114531648749,18.0
-1,-70.8868368322506,16.572642615740726,59.0,49.728,21.158836832250586,14.0
-1,-79.52959047041163,18.927153916666622,49.0,54.72000000000002,24.809590470411617,14.0
-1,-102.00323823545546,13.8377302361111,45.0,54.43200000000001,47.571238235455446,23.0
-1,-81.31494557583913,20.25860533796296,45.0,46.75200000000002,34.56294557583912,17.0
-1,-78.34785065073098,15.115615324074067,47.0,56.83200000000003,21.515850650730947,13.0
-1,-95.73034310958856,25.21780305092586,47.0,50.78400000000002,44.94634310958852,19.0
-1,-85.65132474335724,10.832585981481484,39.0,48.57600000000001,37.07532474335722,21.0
-1,-100.58789357880332,19.84430969444436,51.0,56.352000000000025,44.2358935788033,22.0
-1,-78.80882666607118,15.611161925925916,44.0,42.048,36.76082666607119,21.0
-1,-92.4757195409195,18.30374066666664,55.0,58.94400000000002,33.53171954091949,14.0
-1,-92.92490114063033,12.56659725462963,39.0,50.97600000000002,41.94890114063031,22.0
-1,-89.02812516646513,17.169121467592568,47.0,59.52000000000002,29.50812516646512,18.0
-1,-84.3442954672596,21.322132245370376,51.0,49.920000000000016,34.42429546725958,18.0
-1,-96.62082502994332,19.548402291666594,46.0,55.10400000000002,41.516825029943305,21.0
-1,-97.4522293293187,16.401199851851803,47.0,59.13600000000002,38.316229329318666,19.0
-1,-110.37465859400848,18.008025574074054,49.0,53.856000000000016,56.51865859400845,24.0
-1,-87.15851573096049,15.51063304166664,52.0,60.96000000000002,26.19851573096047,16.0
-1,-101.04697867546676,17.00641486111105,49.0,62.592000000000034,38.454978675466734,20.0
-1,-118.73706683167,23.307656648148075,64.0,79.39200000000004,39.34506683166996,20.0
-1,-92.74225593669678,19.91529920833329,54.0,65.28000000000003,27.46225593669676,15.0
-1,-97.39684008552136,18.88570968981479,38.0,43.39200000000001,54.00484008552133,22.0
-1,-66.15026901100525,13.710675652777782,39.0,45.408000000000015,20.74226901100523,13.0
-1,-85.9376577171548,22.011026462962928,50.0,53.184000000000026,32.75365771715478,16.0
-1,-103.10756707262652,21.87461356481473,54.0,63.07200000000002,40.03556707262649,19.0
-1,-83.48271883759952,15.23634538888888,44.0,56.544000000000025,26.938718837599488,14.0
-1,-90.97603760375247,18.17012513888886,47.0,49.63200000000002,41.34403760375246,23.0
-1,-86.35948207729815,18.58795952777777,49.0,46.94400000000002,39.41548207729813,19.0
-1,-73.01823439184909,20.09927984259257,49.0,51.360000000000014,21.65823439184908,14.0
-1,-80.93971773911845,12.530928703703694,35.0,46.08000000000001,34.85971773911844,21.0
-1,-70.13386214270818,16.00050222685185,47.0,46.27200000000003,23.861862142708148,13.0
-1,-90.83131021594863,18.38599987037034,47.0,45.984000000000016,44.84731021594863,19.0
-1,-79.69624139828383,20.521286356481465,47.0,50.88000000000002,28.81624139828381,13.0
-1,-88.30438560627186,17.939244847222216,44.0,48.576000000000015,39.72838560627185,20.0
-1,-91.41652549450936,18.976506916666636,47.0,54.04800000000003,37.36852549450933,17.0
-1,-96.80604142312274,16.438675194444436,50.0,59.90400000000003,36.902041423122704,17.0
-1,-88.5514670502996,13.56206844444444,43.0,42.04800000000001,46.50346705029959,23.0
-1,-114.96766783167229,16.448566162037014,69.0,78.62400000000002,36.34366783167227,20.0
-1,-74.12783894434523,14.31897778240739,44.0,51.648000000000025,22.479838944345207,15.0
-1,-86.90124825781803,20.163681995370343,49.0,53.760000000000026,33.141248257818,14.0
-1,-94.4282849188166,16.814681328703685,35.0,50.59200000000001,43.83628491881658,21.0
-1,-117.23262140726617,18.87272643518514,51.0,64.22400000000003,53.00862140726613,23.0
-1,-101.64777081796284,25.068451439814726,49.0,52.03200000000002,49.61577081796284,17.0
-1,-80.34703031310576,14.06225914814814,42.0,53.66400000000002,26.68303031310574,15.0
-1,-107.9756439100008,19.137842111111063,50.0,63.74400000000003,44.23164391000076,20.0
-1,-79.9068260716956,13.773407194444449,41.0,50.78400000000002,29.122826071695577,19.0
-1,-91.48914681747404,18.56301851851848,46.0,52.60800000000002,38.88114681747404,18.0
-1,-90.19389909318868,20.328412111111085,54.0,57.98400000000004,32.20989909318865,17.0
-1,-88.14513604964279,15.648501893518503,45.0,55.39200000000002,32.75313604964277,18.0
-1,-96.97675912355612,14.17749867592592,45.0,46.56000000000001,50.41675912355612,25.0
-1,-116.819672270144,16.05468158333331,49.0,60.288000000000025,56.53167227014398,21.0
-1,-71.66905488355587,11.07225912962962,40.0,40.99200000000001,30.67705488355587,20.0
-1,-103.9428175031436,16.45160886574073,37.0,43.968,59.9748175031436,25.0
-1,-97.76320472238132,14.94973495370369,43.0,54.72000000000002,43.04320472238131,20.0
-1,-80.9290691772438,15.68681185648149,45.0,48.48000000000002,32.44906917724378,19.0
-1,-89.17450566894313,15.393917351851831,41.0,49.72800000000002,39.446505668943104,20.0
-1,-105.83102416542944,18.60212776851848,55.0,57.02400000000002,48.80702416542943,24.0
-1,-87.53623852132273,20.63839872685181,52.0,66.52800000000003,21.0082385213227,13.0
-1,-91.27438408318822,16.719383449074055,46.0,52.03200000000001,39.24238408318821,21.0
-1,-81.15939704816338,17.569631712962956,41.0,53.37600000000002,27.78339704816337,15.0
-1,-72.11548770706146,17.947917759259244,38.0,42.81600000000002,29.29948770706144,16.0
-1,-75.20634112988802,13.852662583333323,34.0,37.92000000000001,37.286341129888015,23.0
-1,-93.24350947092393,22.65844434259252,50.0,63.26400000000003,29.97950947092389,14.0
-1,-76.70064150425473,14.725285291666658,45.0,48.384000000000015,28.31664150425472,16.0
-1,-110.52123658696313,16.3122986481481,47.0,54.43200000000002,56.08923658696309,25.0
-1,-96.77600472114004,15.645114476851848,43.0,47.52000000000002,49.25600472114003,23.0
-1,-80.15012446750882,9.80652961111111,41.0,49.82400000000001,30.3261244675088,20.0
-1,-83.9945251734134,14.982716472222222,40.0,54.912000000000006,29.082525173413394,17.0
-1,-78.69384754677642,15.59007170370369,39.0,43.20000000000001,35.49384754677642,18.0
-1,-114.39565469524509,19.7720146805555,49.0,63.74400000000003,50.65165469524506,23.0
-1,-103.73629537372972,16.584496921296253,49.0,59.23200000000002,44.5042953737297,20.0
-1,-84.63601356600113,15.212662814814808,53.0,55.77600000000001,28.86001356600111,13.0
-1,-71.25925357055067,17.659232523148145,46.0,43.58400000000002,27.675253570550648,13.0
-1,-56.966739724302585,9.543212847222224,37.0,43.776,13.190739724302585,10.0
-1,-118.12990776004386,23.173291824073985,55.0,72.19200000000004,45.93790776004382,19.0
-1,-92.39768239284106,20.61168627314813,40.0,45.12000000000002,47.27768239284104,21.0
-1,-97.3457887190973,16.776800101851826,44.0,50.59200000000002,46.75378871909727,23.0
-1,-86.2669065263409,19.33007594907405,45.0,53.280000000000015,32.98690652634089,17.0
-1,-83.96945248561109,13.136267263888897,37.0,48.86400000000002,35.10545248561107,21.0
-1,-101.57140141849531,18.133949287037005,48.0,58.75200000000003,42.819401418495296,21.0
-1,-79.64147224484125,18.04732595370368,50.0,50.496000000000016,29.14547224484123,16.0
-1,-99.51086830347953,23.03784673611101,49.0,61.24800000000003,38.262868303479486,17.0
-1,-78.45791295655957,16.97293325462961,45.0,45.69600000000001,32.76191295655956,16.0
-1,-73.01328172598488,18.23147637499996,38.0,41.376000000000005,31.63728172598487,15.0
-1,-114.84430931160948,22.535526787036957,50.0,62.784000000000034,52.06030931160944,19.0
-1,-115.91756850549882,19.423887087962903,62.0,60.48000000000003,55.43756850549879,23.0
-1,-86.22188446393459,19.435381861111097,50.0,56.83200000000003,29.38988446393456,16.0
-1,-115.82452449089672,21.03895224074071,59.0,69.12000000000003,46.704524490896695,19.0
-1,-102.39915747711744,17.896691986111062,45.0,58.17600000000003,44.22315747711741,19.0
-1,-75.68347545410248,12.919040212962964,43.0,49.63200000000001,26.05147545410246,16.0
-1,-75.70655707455592,18.283724731481453,48.0,44.54400000000001,31.162557074555902,20.0
-1,-88.71894422698765,19.219905805555545,43.0,53.76000000000002,34.95894422698763,15.0
-1,-76.06069660407591,18.349171833333305,45.0,51.64800000000002,24.412696604075897,12.0
-1,-90.18063584921912,11.986416740740736,47.0,58.94400000000002,31.23663584921911,14.0
-1,-106.98755118377922,17.809664023148127,46.0,53.95200000000001,53.035551183779205,23.0
-1,-85.52331620353576,18.660810662037036,60.0,68.25600000000003,17.267316203535724,12.0
-1,-94.37764227927278,14.2429696574074,42.0,49.920000000000016,44.45764227927277,19.0
-1,-97.01287074862712,23.128124615740717,57.0,60.288000000000025,36.72487074862708,18.0
-1,-95.31777965103528,20.24669217129625,48.0,50.97600000000002,44.34177965103525,19.0
-1,-119.66292018308496,17.942421754629596,50.0,65.56800000000003,54.09492018308494,22.0
-1,-93.0948363142756,17.223327624999964,54.0,57.50400000000003,35.59083631427557,19.0
-1,-92.98282029174436,20.835129472222167,53.0,53.47200000000002,39.51082029174432,19.0
-1,-96.70176160751092,19.93138500925922,42.0,48.19200000000002,48.50976160751091,19.0
-1,-93.50073689005951,18.2285442083333,46.0,50.59200000000001,42.9087368900595,22.0
-1,-85.49889853925139,20.98198848611104,46.0,51.74400000000002,33.754898539251364,15.0
-1,-76.88429367914242,17.213828782407397,48.0,48.67200000000001,28.2122936791424,15.0
-1,-100.2153763380428,20.31890717129624,53.0,59.13600000000002,41.07937633804279,19.0
-1,-108.28036916080484,26.83307786574069,59.0,66.72000000000003,41.5603691608048,17.0
-1,-102.496626071244,15.360372472222206,39.0,45.40800000000001,57.08862607124399,26.0
-1,-74.92160233260368,12.136311300925923,41.0,46.56000000000002,28.36160233260367,18.0
-1,-80.9881006875006,15.635713726851844,52.0,54.81600000000002,26.172100687500585,15.0
-1,-88.13952121208357,19.84345157407405,46.0,54.52800000000003,33.61152121208354,15.0
-1,-79.53396497515882,14.40870412962961,36.0,46.84800000000001,32.685964975158804,21.0
-1,-84.4232048410183,21.72925000462957,46.0,52.512000000000015,31.91120484101829,17.0
-1,-90.51738341644844,21.52230617592591,65.0,66.52800000000003,23.98938341644842,13.0
-1,-75.7437409549268,13.228064763888886,37.0,45.31200000000001,30.4317409549268,18.0
-1,-72.11798447466853,15.87522543055556,38.0,43.77600000000001,28.341984474668525,18.0
-1,-85.58110481697034,18.704161472222168,47.0,47.90400000000002,37.67710481697031,19.0
-1,-91.48765343660926,18.132521916666622,45.0,51.55200000000002,39.93565343660925,20.0
-1,-85.55726279738604,21.763880935185128,45.0,51.36000000000002,34.19726279738602,15.0
-1,-90.29808941456358,20.96912253240738,55.0,61.92000000000002,28.378089414563547,14.0
-1,-107.46052853752286,16.571017662037015,47.0,59.23200000000003,48.22852853752283,21.0
-1,-80.656144368827,20.748213064814784,49.0,61.248000000000026,19.40814436882697,9.0
-1,-77.85019132435053,17.627745837962948,51.0,46.368000000000016,31.48219132435052,19.0
-1,-82.54096102252753,18.41869768518516,43.0,43.488000000000014,39.05296102252751,19.0
-1,-78.06648950660141,18.441964018518505,48.0,53.47200000000001,24.5944895066014,15.0
-1,-98.57021469953496,17.569039518518476,46.0,54.81600000000002,43.75421469953496,19.0
-1,-91.5525183485509,15.442821194444418,47.0,59.23200000000003,32.32051834855088,18.0
-1,-105.92601769898434,25.336980740740664,67.0,72.19200000000004,33.734017698984296,16.0
-1,-110.9605418811348,18.437962930555507,48.0,54.91200000000004,56.04854188113475,24.0
-1,-90.68538389139104,16.002719532407372,50.0,63.84000000000003,26.845383891391005,14.0
-1,-92.55372329107276,15.506988902777763,62.0,61.05600000000001,31.497723291072745,19.0
-1,-77.12253030650423,18.555284907407408,45.0,46.27200000000001,30.85053030650421,19.0
-1,-84.11508331970094,17.54697423148147,40.0,47.04000000000001,37.07508331970093,19.0
-1,-93.34728532511778,14.190897981481475,40.0,48.86400000000002,44.48328532511776,25.0
-1,-76.6179908784849,15.70328902314814,48.0,52.224000000000025,24.39399087848488,12.0
-1,-88.19321883126591,14.872776986111104,47.0,55.10400000000002,33.08921883126588,19.0
-1,-72.33279005404077,19.58467804629625,47.0,45.50400000000002,26.828790054040752,18.0
-1,-84.68848077079271,17.072541328703682,47.0,51.07200000000002,33.616480770792684,19.0
-1,-84.70262276834913,14.995644925925925,50.0,48.384000000000015,36.31862276834912,21.0
-1,-89.51846087539403,14.55058561111112,49.0,61.72800000000002,27.790460875394004,13.0
-1,-71.14366556909835,11.719658236111124,40.0,55.96800000000002,15.17566556909832,12.0
-1,-108.34871512803376,17.452014421296205,40.0,53.376000000000026,54.97271512803373,25.0
-1,-81.20272129745628,11.370360805555562,36.0,44.256000000000014,36.94672129745626,24.0
-1,-70.95864453019891,16.322422578703698,39.0,41.280000000000015,29.67864453019889,14.0
-1,-118.30584131654123,14.002795143518496,38.0,52.32000000000002,65.98584131654121,25.0
-1,-91.3624879201324,18.94553387037036,39.0,50.20800000000001,41.15448792013239,15.0
-1,-79.85014671222486,21.679828736111105,46.0,53.95200000000002,25.898146712224836,13.0
-1,-82.5600231941865,17.947542314814786,45.0,54.14400000000001,28.416023194186486,15.0
-1,-89.02108637459455,13.473615601851847,34.0,45.216,43.80508637459454,23.0
-1,-139.96714533223297,13.664129490740732,49.0,65.08800000000002,74.87914533223292,28.0
-1,-145.16656973984905,21.36868614351844,60.0,83.32800000000003,61.83856973984902,23.0
-1,-85.03029916845752,17.598171930555512,44.0,54.72000000000002,30.31029916845749,14.0
-1,-65.14650528563766,14.7112859074074,44.0,40.70400000000001,24.44250528563765,14.0
-1,-79.5089677123187,13.602534412037048,47.0,48.76800000000002,30.740967712318675,18.0
-1,-94.94136895780392,18.611726370370327,47.0,56.83200000000003,38.109368957803895,15.0
-1,-92.8833242852105,14.840537263888889,40.0,48.38400000000002,44.49932428521049,23.0
-1,-76.22624874729104,19.185269421296283,45.0,45.98400000000001,30.24224874729103,15.0
-1,-86.66390601232992,13.215268652777768,40.0,51.64800000000002,35.0159060123299,18.0
-1,-157.64360557455464,16.5290957731481,72.0,99.36000000000006,58.283605574554585,25.0
-1,-73.46677158419833,12.376009939814812,37.0,37.63200000000001,35.834771584198315,21.0
-1,-95.24194940916448,20.476624310185127,50.0,59.13600000000002,36.10594940916447,19.0
-1,-70.16529163925978,22.1464654861111,52.0,47.52000000000001,22.64529163925977,14.0
-1,-98.66938534292262,25.49314218981474,56.0,61.056000000000026,37.61338534292259,17.0
-1,-85.67103350576747,18.18765978240739,43.0,53.856000000000016,31.815033505767445,14.0
-1,-90.38612393635856,17.623751671296287,44.0,43.77600000000001,46.61012393635856,22.0
-1,-85.630985311982,14.098354499999994,40.0,50.11200000000002,35.51898531198198,22.0
-1,-83.37155361223189,22.05714099074068,48.0,53.85600000000002,29.51555361223187,16.0
-1,-98.08037783648577,18.77690910648145,58.0,58.36800000000003,39.71237783648572,19.0
-1,-84.66984370446119,21.00304560648141,50.0,54.43200000000003,30.23784370446115,16.0
-1,-94.72153801695258,17.944529912036995,56.0,66.91200000000002,27.80953801695256,14.0
-1,-75.29251444656462,15.6013777962963,39.0,47.616000000000014,27.67651444656461,16.0
-1,-104.43638270936994,17.273210254629582,49.0,55.20000000000002,49.23638270936992,23.0
-1,-79.0530452723626,12.043407865740738,40.0,41.76000000000001,37.293045272362576,22.0
-1,-111.11874933996648,18.154704634259204,43.0,57.88800000000003,53.23074933996645,23.0
-1,-86.54667609217293,19.89494602314813,55.0,55.39200000000001,31.15467609217292,13.0
-1,-90.98089161688456,17.27143777777774,43.0,53.08800000000002,37.89289161688454,19.0
-1,-93.44131440868276,14.460611842592604,48.0,57.312000000000026,36.12931440868274,21.0
-1,-84.32024422112525,17.94932549537033,42.0,51.93600000000002,32.38424422112522,18.0
-1,-101.6700624136459,15.42468096759258,45.0,51.36000000000002,50.31006241364587,23.0
-1,-90.55331723949746,14.1279244351852,48.0,53.95200000000003,36.60131723949743,18.0
-1,-108.50040467209936,15.619224967592585,49.0,61.34400000000003,47.156404672099335,22.0
-1,-79.54392209741658,14.57909254629628,35.0,40.224,39.31992209741657,24.0
-1,-88.39456586005656,22.409825643518488,54.0,59.80800000000002,28.58656586005653,13.0
-1,-100.57292812508808,21.46586855555548,44.0,50.20800000000001,50.36492812508807,19.0
-1,-91.75731479021898,19.71306432870365,45.0,55.48800000000002,36.26931479021896,16.0
-1,-83.78036291358742,22.91803333333328,55.0,56.16000000000003,27.620362913587392,15.0
-1,-87.03965340439382,15.649671324074069,47.0,50.30400000000001,36.7356534043938,18.0
-1,-115.68126228299845,17.099609611111067,52.0,61.53600000000003,54.1452622829984,23.0
-1,-94.4268992608661,16.567036541666635,50.0,63.36000000000004,31.066899260866062,16.0
-1,-91.04134212097134,14.207301254629632,42.0,50.97600000000002,40.06534212097131,21.0
-1,-75.30137619924251,15.369676981481453,48.0,49.63200000000002,25.669376199242496,14.0
-1,-79.03480531669862,17.303009166666637,49.0,51.936000000000014,27.098805316698616,14.0
-1,-93.76281137138442,12.677921509259257,48.0,60.096000000000025,33.66681137138439,18.0
-1,-103.12243652833196,17.004777425925905,64.0,74.20800000000003,28.91443652833193,15.0
-1,-79.05978804714493,14.65994309259258,42.0,52.32000000000001,26.73978804714492,17.0
-1,-98.05624878765138,20.496214027777697,57.0,65.18400000000003,32.87224878765135,15.0
-1,-74.27702792454677,20.033637240740717,43.0,47.42400000000002,26.853027924546748,16.0
-1,-103.1045166326518,22.642679087962893,47.0,53.08800000000002,50.01651663265178,21.0
-1,-94.3710273453686,19.003216078703677,54.0,60.28800000000003,34.08302734536856,17.0
-1,-81.38158305517392,13.992447287037042,43.0,45.50400000000002,35.8775830551739,18.0
-1,-87.22079362213785,20.21618033333328,48.0,59.42400000000002,27.79679362213782,15.0
-1,-87.76972912065631,19.961223476851817,44.0,52.80000000000001,34.9697291206563,17.0
-1,-95.75288859835857,17.083564708333277,36.0,47.04000000000002,48.71288859835855,22.0
-1,-71.96239950269225,8.167858032407405,40.0,43.48800000000001,28.474399502692247,19.0
-1,-108.21957187493236,15.85236386574072,50.0,55.87200000000003,52.34757187493234,22.0
-1,-89.32162418421919,15.002128763888908,41.0,44.92800000000002,44.39362418421918,22.0
-1,-107.02374297226478,15.23623507870369,47.0,57.12000000000003,49.903742972264745,23.0
-1,-83.98860274630199,17.659064166666607,42.0,49.44000000000002,34.548602746301974,17.0
-1,-78.2754781612098,15.054499754629612,44.0,44.064000000000014,34.2114781612098,22.0
-1,-110.58627027971492,16.37362356481478,53.0,65.28000000000003,45.30627027971487,23.0
-1,-94.78210090178806,14.71394078703702,55.0,57.88800000000003,36.89410090178802,22.0
-1,-102.38838135458442,17.78300856944444,38.0,48.67200000000002,53.7163813545844,23.0
-1,-100.43342488312038,19.89730719907401,46.0,53.56800000000002,46.86542488312036,21.0
-1,-123.3124058186545,16.783476175925866,54.0,82.36800000000004,40.94440581865447,22.0
-1,-80.13257444778353,20.56570058796293,38.0,41.18400000000001,38.94857444778352,19.0
-1,-99.52463721707176,20.684044300925887,61.0,67.10400000000001,32.42063721707174,18.0
-1,-86.81788825697618,19.985029004629624,44.0,48.096000000000025,38.72188825697616,20.0
-1,-96.98133824270522,18.551318981481412,48.0,50.01600000000001,46.965338242705215,23.0
