-1,-374.0586103414957,70.92589105092594,177.0,117.40800000000007,256.6506103414956,28.0
-1,-663.7488314978823,121.83301431481496,267.0,138.14400000000015,525.6048314978822,30.0
-1,-451.2471997260975,63.45510843055556,263.0,240.38400000000016,210.8631997260973,27.0
-1,-426.2611456866511,71.0729916851852,268.0,251.42400000000015,174.83714568665093,30.0
-1,-255.6122398951993,38.00803315740741,172.0,174.72000000000008,80.89223989519922,26.0
-1,-777.9161375759395,116.8455792824074,316.0,251.71200000000027,526.2041375759393,30.0
-1,-617.3956998741722,78.15094427777797,319.0,277.056,340.33969987417225,28.0
-1,-364.3822388846528,78.05623673611116,240.0,168.7680000000001,195.6142388846527,27.0
-1,-454.3313085481636,71.73330278240755,277.0,244.99200000000013,209.33930854816347,25.0
-1,-407.9488600589636,69.92063384259261,231.0,169.15200000000007,238.79686005896352,26.0
-1,-429.1154533491684,64.0206475185186,262.0,215.13600000000005,213.9794533491684,27.0
-1,-582.676439119218,70.1119181666666,313.0,298.46399999999994,284.212439119218,27.0
-1,-244.7714965946953,41.85267084259258,202.0,182.4000000000001,62.3714965946952,20.0
-1,-452.52098318803394,57.585825611111126,264.0,277.34400000000016,175.1769831880338,25.0
-1,-595.3623666967924,61.58995781481487,290.0,305.8559999999999,289.5063666967925,29.0
-1,-322.72596071918133,34.57494850925925,207.0,211.68000000000012,111.04596071918117,24.0
-1,-334.9574044034844,69.50527803240738,230.0,199.20000000000016,135.7574044034842,26.0
-1,-373.6851529241308,36.14980611574075,247.0,257.0880000000001,116.59715292413075,23.0
-1,-206.1587258468212,30.86130241203705,160.0,146.78400000000005,59.374725846821136,24.0
-1,-320.68094893117245,40.93910289814812,220.0,210.912,109.76894893117247,28.0
-1,-267.11569849854925,31.037416462962977,207.0,187.58400000000003,79.53169849854923,24.0
-1,-249.80713140171676,35.09992457407403,179.0,176.25600000000009,73.55113140171665,24.0
-1,-237.07327090744016,29.50287317129634,176.0,171.07200000000006,66.0012709074401,21.0
-1,-278.6664176970656,29.382590800925943,227.0,244.3199999999999,34.34641769706566,17.0
-1,-254.39319175568716,33.64504346759266,223.0,211.67999999999992,42.7131917556872,18.0
-1,-244.169872231396,24.398905504629603,203.0,203.904,40.26587223139596,23.0
-1,-223.51645294388308,33.46792136574075,180.0,173.184,50.33245294388308,20.0
-1,-304.1504654701335,29.492379328703663,212.0,247.0080000000001,57.142465470133416,24.0
-1,-219.6822180074098,31.166773083333364,199.0,190.464,29.21821800740981,16.0
-1,-245.4515328960596,26.252960564814806,157.0,177.50400000000002,67.94753289605958,19.0
-1,-208.66578922042532,25.15249845370374,180.0,171.36,37.30578922042537,19.0
-1,-258.9268268769074,27.333219129629647,215.0,225.3119999999999,33.61482687690747,17.0
-1,-260.67675883241577,33.15925347222222,226.0,220.22399999999988,40.452758832415896,19.0
-1,-197.9487004430004,29.717760046296306,182.0,172.896,25.05270044300038,13.0
-1,-255.5551199535228,32.074891439814806,222.0,222.816,32.739119953522824,15.0
-1,-215.2919714961932,38.38548587962963,177.0,180.67200000000005,34.61997149619319,15.0
-1,-230.3076483426448,23.649199199074065,181.0,193.05600000000007,37.2516483426447,21.0
-1,-268.49244882452024,39.48295628703705,256.0,238.46399999999983,30.028448824520364,15.0
-1,-173.46479005818458,30.99607134722225,147.0,141.60000000000005,31.86479005818454,14.0
-1,-314.3134895026615,34.49268807407401,289.0,264.7679999999999,49.54548950266162,19.0
-1,-263.0480767355993,30.04275620370366,256.0,241.34399999999985,21.704076735599497,12.0
-1,-214.216379393482,25.445451569444455,163.0,181.82399999999987,32.39237939348208,18.0
-1,-196.13318718930023,27.79043923148146,145.0,156.4800000000001,39.65318718930016,14.0
-1,-250.1928577624748,21.256306925925937,221.0,220.60799999999983,29.58485776247497,17.0
-1,-242.89803305905767,30.444949152777784,216.0,210.91199999999995,31.986033059057768,16.0
-1,-243.1994781692992,32.416833587963,210.0,212.832,30.36747816929917,15.0
-1,-255.8408816013169,28.5031952546296,215.0,228.2879999999999,27.552881601317026,15.0
-1,-249.06736255533863,24.733781101851843,212.0,214.17599999999987,34.89136255533877,19.0
-1,-201.2706744219589,22.7210787222222,158.0,160.32000000000002,40.95067442195882,19.0
-1,-233.85633865501435,30.127555865740703,207.0,201.21599999999987,32.640338655014496,18.0
-1,-295.81902383884534,27.99303657407408,251.0,260.83199999999977,34.98702383884557,18.0
-1,-219.1747679735788,22.245795351851868,181.0,190.08,29.09476797357876,16.0
-1,-228.3799189222625,27.55315119444446,220.0,203.71200000000005,24.667918922262444,14.0
-1,-276.1284618947049,26.85362766203704,252.0,241.536,34.59246189470493,20.0
-1,-250.17395053432668,30.82674755092594,250.0,228.57599999999996,21.59795053432673,12.0
-1,-175.71469271310914,20.740373990740757,170.0,145.63200000000003,30.08269271310911,19.0
-1,-280.6015200537174,25.37293303240739,269.0,252.67199999999997,27.92952005371746,18.0
-1,-195.32409746169807,25.49634937962962,187.0,172.12799999999993,23.196097461698145,16.0
-1,-217.166052857329,21.29470950000001,198.0,187.48799999999997,29.678052857329043,17.0
-1,-165.31153899501953,24.698936328703727,124.0,122.01600000000002,43.29553899501953,20.0
-1,-223.14886290812217,24.176186879629583,175.0,194.784,28.364862908122188,16.0
-1,-213.76779898462888,20.0354571064815,172.0,185.18399999999997,28.583798984628952,17.0
-1,-193.2885846042145,23.45588971296296,159.0,161.952,31.33658460421449,16.0
-1,-180.59319858779523,24.9791653333333,165.0,149.37600000000006,31.217198587795178,19.0
-1,-260.5889155385236,28.71512072222224,242.0,232.51199999999983,28.076915538523743,16.0
-1,-180.10099574194396,30.407473064814827,158.0,136.60799999999998,43.49299574194397,18.0
-1,-208.83138734850607,23.25486498148149,186.0,188.16,20.67138734850607,15.0
-1,-173.64485567805457,37.64811894444448,145.0,137.66400000000002,35.980855678054546,13.0
-1,-200.93913082055764,31.59488883333331,170.0,161.376,39.56313082055763,19.0
-1,-177.79851448153343,25.062785037037017,131.0,144.096,33.702514481533434,19.0
-1,-205.12391791984845,33.104586712962906,144.0,135.93600000000006,69.18791791984839,26.0
-1,-180.40345554585252,23.378335509259266,135.0,142.17600000000004,38.227455545852514,20.0
-1,-159.70635271055755,27.560169962962966,117.0,115.10400000000004,44.602352710557525,17.0
-1,-176.16735949143072,27.083762740740724,138.0,150.62400000000002,25.54335949143068,14.0
-1,-149.33278216678502,26.317362356481496,99.0,110.68800000000005,38.64478216678497,17.0
-1,-183.82827003325332,20.688999236111112,175.0,153.88799999999995,29.94027003325339,20.0
-1,-175.3825775779021,33.5095178611111,155.0,126.432,48.95057757790211,22.0
-1,-147.56827351204595,23.50073129629632,106.0,103.87200000000004,43.69627351204592,19.0
-1,-149.53658552191945,21.591461268518508,113.0,107.424,42.112585521919456,22.0
-1,-173.18926491409056,36.26041056018522,143.0,129.40800000000004,43.78126491409051,19.0
-1,-191.17193299944563,42.04018477314816,143.0,130.46400000000008,60.70793299944553,20.0
-1,-156.40387421008984,21.237082740740703,118.0,118.65600000000003,37.74787421008978,23.0
-1,-154.51189985103804,29.75514333796296,109.0,107.32800000000002,47.18389985103802,18.0
-1,-221.05758987758105,36.65431085185187,154.0,158.9760000000001,62.08158987758095,24.0
-1,-152.2616238203807,26.58277553703699,112.0,102.91200000000003,49.34962382038066,20.0
-1,-162.8297855524267,27.001042013888924,126.0,118.848,43.981785552426686,23.0
-1,-148.04553212871065,22.515676990740733,105.0,105.12000000000002,42.92553212871064,19.0
-1,-191.1344457493373,33.76830170370372,168.0,154.656,36.47844574933731,20.0
-1,-159.9286314632003,21.03620829629628,128.0,115.48800000000004,44.44063146320026,23.0
-1,-145.3330035929353,23.49331644444443,108.0,104.16000000000004,41.173003592935295,21.0
-1,-142.72360602572613,23.507112087962977,117.0,99.07200000000002,43.65160602572612,19.0
-1,-157.49669438327518,19.665070324074097,125.0,131.52000000000004,25.97669438327515,18.0
-1,-128.41593337542503,24.045620199074104,102.0,84.19200000000001,44.22393337542504,21.0
-1,-250.23439064891667,19.518034500000017,181.0,208.416,41.81839064891668,22.0
-1,-166.55879068138665,19.222539476851846,131.0,134.59199999999998,31.966790681386662,19.0
-1,-139.86886941641066,24.43934989814816,96.0,100.80000000000004,39.06886941641064,17.0
-1,-160.0501232837191,22.76893564351851,126.0,127.008,33.042123283719086,20.0
-1,-143.4082924783684,24.267800375,95.0,103.68000000000002,39.72829247836838,17.0
-1,-148.6445731673109,23.893769824074067,137.0,117.12000000000003,31.52457316731089,21.0
-1,-161.15144501850116,19.824653944444428,104.0,113.18400000000008,47.967445018501095,19.0
-1,-159.7760165162403,19.533573398148132,126.0,119.13600000000002,40.640016516240266,21.0
-1,-152.8350726248166,29.51271243518513,102.0,114.72000000000004,38.11507262481658,16.0
-1,-160.4807840341065,27.97980308796292,121.0,118.65600000000006,41.82478403410647,21.0
-1,-163.67253840568074,16.780051587962948,111.0,126.24000000000008,37.432538405680674,19.0
-1,-143.59065787194817,20.63822510185184,107.0,108.28800000000004,35.3026578719481,18.0
-1,-158.7779557789245,18.79346790277779,105.0,118.75200000000004,40.02595577892446,19.0
-1,-214.62091232940796,20.47013761574072,116.0,144.48000000000002,70.14091232940793,22.0
-1,-126.74975758603216,22.86943298148146,93.0,91.58400000000005,35.16575758603212,17.0
-1,-147.42105159454775,21.200823611111083,101.0,110.78400000000003,36.637051594547714,20.0
-1,-173.65277207422164,19.440185013888865,109.0,115.39200000000004,58.260772074221606,21.0
-1,-106.41403891684584,20.02921401851852,76.0,72.86400000000003,33.55003891684579,17.0
-1,-155.63013798488916,20.090393310185185,114.0,131.61600000000007,24.014137984889096,16.0
-1,-155.25192813212436,20.277826999999967,101.0,112.03200000000008,43.21992813212428,20.0
-1,-172.2810141160789,18.590021722222204,124.0,139.20000000000007,33.081014116078805,20.0
-1,-154.32620763775543,24.91679718981479,115.0,126.33600000000008,27.990207637755365,16.0
-1,-177.10887104425484,22.7175902222222,137.0,127.87200000000009,49.236871044254784,20.0
-1,-145.18610528626925,20.06249189351851,107.0,106.75200000000008,38.43410528626917,20.0
-1,-145.30834624897335,20.38490954166668,96.0,103.58400000000005,41.72434624897332,16.0
-1,-149.75123432635334,24.249410611111045,112.0,111.84000000000005,37.91123432635331,18.0
-1,-188.10703162433143,22.984569217592515,147.0,155.90400000000005,32.203031624331366,18.0
-1,-135.16842175502356,17.75439865277779,90.0,95.32800000000002,39.840421755023534,20.0
-1,-126.9237470856778,20.58830439351849,90.0,88.32000000000004,38.60374708567775,19.0
-1,-147.61895003234713,25.08139057407408,110.0,116.16000000000008,31.45895003234708,16.0
-1,-171.219346836331,25.25202234259256,126.0,131.23200000000003,39.987346836330985,21.0
-1,-123.74022663797544,21.80289447222217,82.0,83.32800000000005,40.412226637975394,24.0
-1,-132.6038850292984,13.881798023148155,93.0,103.10400000000006,29.49988502929833,18.0
-1,-132.24226229933956,21.660071115740703,90.0,87.07199999999999,45.17026229933956,17.0
-1,-145.48187534315002,25.73453935185179,103.0,94.84800000000006,50.63387534314997,21.0
-1,-142.51293964886017,25.49258912037036,96.0,96.09600000000005,46.41693964886012,17.0
-1,-113.39583713160044,21.264418398148138,80.0,78.72000000000003,34.67583713160042,16.0
-1,-169.8608997413039,16.766499856481463,111.0,124.99200000000005,44.86889974130388,20.0
-1,-155.4228783197799,17.305446347222198,100.0,102.33600000000004,53.08687831977986,20.0
-1,-130.73286484426126,17.46080062962961,89.0,96.96000000000006,33.7728648442612,16.0
-1,-138.1451748514997,21.299806370370337,77.0,99.26400000000004,38.88117485149965,19.0
-1,-133.15776688562698,15.263456393518508,89.0,97.72800000000004,35.42976688562694,21.0
-1,-122.9361777166495,20.625693236111093,85.0,80.44800000000005,42.488177716649446,21.0
-1,-138.70448221727167,17.029927606481483,79.0,98.97600000000006,39.72848221727162,18.0
-1,-128.5439603422819,22.01479404629626,80.0,82.46400000000003,46.07996034228187,18.0
-1,-127.5048855314456,30.040299902777782,93.0,79.68,47.8248855314456,16.0
-1,-133.84388837441065,18.912504749999982,84.0,83.13600000000004,50.707888374410615,21.0
-1,-122.98508457578986,16.696636995370344,70.0,77.76000000000002,45.22508457578984,22.0
-1,-127.6367637929375,17.93595156018514,73.0,90.91200000000006,36.72476379293744,20.0
-1,-131.6336086284233,20.06268485185182,74.0,89.18400000000005,42.44960862842324,19.0
-1,-126.14308166265543,22.449452060185184,78.0,79.39200000000002,46.751081662655416,20.0
-1,-190.0570421605434,17.59485162962959,133.0,142.27200000000002,47.78504216054338,25.0
-1,-158.21641741226185,20.1672069768518,87.0,101.95200000000008,56.26441741226177,22.0
-1,-158.94401618108813,27.04945327777772,86.0,82.65600000000006,76.28801618108807,26.0
-1,-147.87518410607322,14.701018412037032,101.0,94.848,53.02718410607322,24.0
-1,-132.04586792952836,21.012543685185136,86.0,84.0,48.04586792952834,21.0
-1,-135.10800467804088,19.21531482407405,78.0,79.87200000000003,55.23600467804086,21.0
-1,-124.51750573511544,22.00978434722219,71.0,70.94400000000003,53.57350573511542,19.0
-1,-126.65978757277249,25.566767819444426,72.0,79.68000000000004,46.979787572772445,15.0
-1,-129.9059094599221,18.243682009259228,73.0,81.31200000000004,48.59390945992208,23.0
-1,-146.12224085838753,18.963198805555532,87.0,94.56000000000004,51.562240858387504,19.0
-1,-122.58336203455043,18.826811430555544,62.0,70.08000000000001,52.50336203455044,17.0
-1,-105.798574771746,15.594335819444424,72.0,72.28800000000001,33.51057477174598,20.0
-1,-144.6794336661314,14.759502518518524,79.0,92.35200000000005,52.32743366613136,23.0
-1,-136.60230939729976,15.79437798611112,84.0,87.07200000000005,49.530309397299725,22.0
-1,-134.27460276587377,22.49716837499992,79.0,84.28800000000005,49.986602765873705,20.0
-1,-137.08695952750043,15.49125388888887,74.0,92.54400000000004,44.54295952750039,17.0
-1,-129.02726376952313,16.709435476851837,73.0,83.42400000000002,45.603263769523096,20.0
-1,-107.72507435152431,20.842813365740707,62.0,66.14400000000003,41.581074351524286,16.0
-1,-131.70577478545798,17.887882370370303,81.0,91.20000000000005,40.50577478545793,20.0
-1,-152.61154530958294,17.29717855555556,91.0,105.79200000000004,46.81954530958292,22.0
-1,-131.99588214775798,20.316462763888804,72.0,79.00800000000004,52.98788214775794,23.0
-1,-142.60416291966396,27.108754592592533,84.0,88.99200000000003,53.61216291966393,18.0
-1,-147.26240716374122,19.263207092592545,95.0,92.44800000000002,54.8144071637412,21.0
-1,-141.59959035366742,26.57502753240733,103.0,97.24800000000003,44.35159035366738,18.0
-1,-140.55182708538985,13.468101115740753,90.0,79.584,60.96782708538984,24.0
-1,-117.97626880575174,15.956751222222204,64.0,67.00800000000004,50.968268805751705,21.0
-1,-126.62988422943256,17.523015962962944,88.0,82.46400000000004,44.165884229432514,21.0
-1,-122.58666020518854,15.47764285648148,51.0,69.12000000000002,53.46666020518852,21.0
-1,-120.24349622168666,19.328873018518514,75.0,76.89600000000002,43.34749622168665,16.0
-1,-131.55542944384212,18.80019506481481,76.0,74.20800000000004,57.34742944384208,20.0
-1,-119.9596211729808,19.24141863425924,75.0,85.34400000000002,34.61562117298079,17.0
-1,-143.51577542740588,19.402564129629585,89.0,93.79200000000004,49.723775427405855,20.0
-1,-153.2865174132997,25.34291391203699,101.0,101.18400000000004,52.10251741329968,20.0
-1,-129.6401952053464,16.29145584722219,80.0,90.91200000000003,38.72819520534637,19.0
-1,-117.82940996930672,19.957172541666623,65.0,75.74400000000004,42.08540996930667,16.0
-1,-122.3949666594186,16.22068701851848,69.0,73.72800000000002,48.66696665941858,25.0
-1,-167.41960217720265,15.342523115740724,92.0,119.52000000000008,47.89960217720257,20.0
-1,-127.14615907284548,20.00423331481476,73.0,81.40800000000006,45.73815907284544,20.0
-1,-141.62083872598686,16.49536122222223,77.0,84.19200000000004,57.42883872598681,22.0
-1,-134.68001097894256,15.9099314861111,72.0,82.65600000000002,52.02401097894253,24.0
-1,-149.80577348287594,18.55092351851848,83.0,82.176,67.62977348287593,23.0
-1,-115.79979214172846,15.483704092592566,60.0,70.27200000000002,45.52779214172843,19.0
-1,-283.1396615578625,17.753359902777724,137.0,194.1120000000001,89.02766155786243,26.0
-1,-147.8534733830441,19.36421920370365,82.0,99.64800000000004,48.20547338304405,20.0
-1,-126.02039277195207,11.037219805555576,72.0,82.75200000000007,43.26839277195202,23.0
-1,-139.00427980857904,22.13760502314813,71.0,78.33600000000004,60.668279808579,17.0
-1,-102.29195600952085,17.04969522222222,67.0,65.18400000000003,37.10795600952081,21.0
-1,-148.97310295125774,19.285391430555517,84.0,97.72800000000002,51.24510295125772,20.0
-1,-163.98643692402254,21.157786657407364,79.0,98.30400000000004,65.6824369240225,23.0
-1,-112.10491344481903,18.248797953703647,55.0,60.00000000000002,52.104913444819005,24.0
-1,-140.64964416620447,21.661781018518496,89.0,96.38400000000004,44.265644166204446,19.0
-1,-129.33513264473186,18.030498814814777,81.0,87.36000000000004,41.97513264473183,21.0
-1,-119.71984871034952,18.06241093055552,65.0,77.37600000000003,42.34384871034948,18.0
-1,-124.13796791233452,13.19115244444446,74.0,78.24000000000002,45.897967912334494,20.0
-1,-151.388514096077,20.47156764814807,80.0,92.06400000000002,59.32451409607696,20.0
-1,-101.64204267026182,12.537278046296302,60.0,69.12000000000003,32.522042670261776,18.0
-1,-147.2162231690655,21.34780226851848,97.0,95.04,52.1762231690655,20.0
-1,-118.2340501923794,18.91014618518514,63.0,78.72000000000003,39.51405019237936,18.0
-1,-190.1440816533518,22.09043663425921,129.0,148.12800000000004,42.016081653351776,19.0
-1,-126.6407084953716,21.218672893518463,74.0,85.92000000000004,40.720708495371554,19.0
-1,-126.89667916075192,17.24130787037032,79.0,84.38399999999999,42.51267916075194,21.0
-1,-132.45954273313004,18.2285939768518,61.0,76.41600000000004,56.04354273313,20.0
-1,-142.73423004491465,22.55335624074072,98.0,102.72000000000004,40.01423004491463,18.0
-1,-121.97954723594788,26.07251672685182,78.0,77.18400000000003,44.795547235947865,17.0
-1,-134.88406316468098,17.702954912036972,71.0,80.73600000000002,54.14806316468096,23.0
-1,-120.08633280055363,20.16219346759252,68.0,79.77600000000002,40.31033280055362,20.0
-1,-114.3771430543254,22.660626328703625,61.0,62.40000000000003,51.97714305432535,18.0
-1,-100.55888239556867,19.085394009259243,68.0,61.15200000000001,39.40688239556868,19.0
-1,-133.85132026322117,19.61790769907404,83.0,90.52800000000003,43.323320263221134,18.0
-1,-104.94032448481344,12.915328694444447,65.0,68.83200000000002,36.10832448481342,17.0
-1,-124.8738901129007,21.15156949999992,86.0,86.88000000000001,37.99389011290069,21.0
-1,-137.80247373651096,24.838725699074008,89.0,90.04800000000003,47.75447373651093,20.0
-1,-186.3813812314321,11.97673180555554,94.0,130.65600000000006,55.725381231432046,22.0
-1,-136.44516223279146,15.268521569444424,88.0,100.8,35.64516223279144,21.0
-1,-202.4393871995248,25.392091393518463,128.0,164.73600000000005,37.70338719952476,16.0
-1,-120.70864203091186,22.3171200231481,68.0,75.64800000000004,45.06064203091182,18.0
-1,-154.71970020059908,24.15455256481474,78.0,100.89600000000006,53.82370020059903,18.0
-1,-123.47014878942468,18.56520151388885,91.0,87.072,36.39814878942469,19.0
-1,-138.65714419223087,19.301053694444352,79.0,82.27200000000003,56.38514419223084,24.0
-1,-117.91971772723976,16.446997462962944,64.0,75.26400000000002,42.65571772723973,18.0
-1,-111.70703904527238,17.32914393055555,60.0,71.61600000000003,40.091039045272346,20.0
-1,-132.29419914145873,15.901942046296288,72.0,82.84800000000004,49.44619914145869,20.0
-1,-154.38604484745187,16.517087555555566,99.0,101.66400000000004,52.72204484745183,26.0
-1,-127.23557158189728,19.24209508796289,67.0,76.12800000000003,51.10757158189726,22.0
-1,-100.79775702235683,15.299014689814806,62.0,66.24000000000002,34.557757022356824,20.0
-1,-135.56658729178974,15.088392611111075,84.0,95.61600000000004,39.95058729178969,22.0
-1,-125.46746499438568,15.67089536111109,60.0,76.70400000000004,48.76346499438563,21.0
-1,-132.81683211687516,15.303743375,75.0,84.19200000000004,48.624832116875126,24.0
-1,-127.30468375488977,15.72559485185186,68.0,65.85600000000004,61.44868375488972,24.0
-1,-123.19870917274588,19.65440231481473,61.0,70.17600000000003,53.02270917274585,21.0
-1,-118.59763077641828,22.69197796296288,60.0,71.42400000000004,47.17363077641824,18.0
-1,-119.25319129697414,16.872005361111093,72.0,72.57600000000002,46.67719129697412,22.0
-1,-126.63406180330584,21.2474777314814,70.0,71.71200000000003,54.9220618033058,23.0
-1,-139.85513565156865,18.38841831481474,73.0,83.04000000000005,56.81513565156859,22.0
-1,-118.67957275566924,14.149281685185176,54.0,62.01600000000003,56.6635727556692,22.0
-1,-135.6929240400783,23.7005534722221,63.0,80.16000000000004,55.53292404007828,20.0
-1,-134.74164794528184,17.908419310185135,70.0,75.64800000000002,59.0936479452818,23.0
-1,-134.68181569298395,21.07225227777767,69.0,85.24800000000005,49.433815692983934,20.0
-1,-108.96096724569033,15.658086393518502,47.0,63.45600000000002,45.504967245690295,20.0
-1,-155.8898697483629,21.52860103240732,90.0,98.78400000000006,57.105869748362856,23.0
-1,-119.12699583623048,12.80233989351852,67.0,74.49600000000002,44.63099583623048,20.0
-1,-120.38675406850425,15.676523157407392,67.0,82.08000000000003,38.306754068504205,17.0
-1,-126.04928508722602,12.065594134259268,72.0,81.12000000000003,44.92928508722599,22.0
-1,-128.5677831864259,18.598279671296265,78.0,80.16000000000003,48.4077831864259,22.0
-1,-132.3130236436932,19.90529231944442,88.0,79.77600000000004,52.53702364369315,21.0
-1,-127.99760223762246,15.360917074074056,66.0,85.05600000000004,42.94160223762241,20.0
-1,-104.44553856157252,10.144672722222234,62.0,58.75200000000001,45.69353856157251,26.0
-1,-110.43694156614436,21.215082731481456,63.0,62.01600000000003,48.42094156614432,18.0
-1,-133.47507440113503,18.7631578703703,64.0,75.26400000000002,58.211074401134994,22.0
-1,-138.3266234119141,20.70838106018516,86.0,88.22400000000005,50.10262341191407,21.0
-1,-119.5907915899729,16.478733527777745,65.0,72.76800000000003,46.82279158997287,23.0
-1,-110.0286321654758,18.348070328703677,63.0,67.77600000000002,42.25263216547578,19.0
-1,-84.27172852887989,17.347694430555556,47.0,47.52,36.75172852887989,20.0
-1,-135.77847576635685,20.63380881018514,78.0,79.87200000000003,55.90647576635681,21.0
-1,-122.31551238460617,20.326805328703664,81.0,72.48000000000003,49.83551238460612,21.0
-1,-144.728344610018,18.71988286574072,87.0,98.20800000000004,46.52034461001798,21.0
-1,-115.98138692574634,15.393930611111095,58.0,63.648,52.33338692574634,23.0
-1,-102.74889039202068,17.167116444444424,70.0,76.41600000000001,26.33289039202065,14.0
-1,-115.29631505313596,13.081367231481474,59.0,61.63200000000003,53.66431505313592,23.0
-1,-130.9039578524118,13.296256407407393,75.0,84.00000000000001,46.90395785241178,22.0
-1,-129.2627661467426,17.09126017129629,61.0,77.95200000000004,51.31076614674255,23.0
-1,-169.99213264107897,21.27180001851844,119.0,131.42400000000006,38.56813264107889,20.0
-1,-124.4619455710218,14.441079564814808,59.0,67.77600000000002,56.68594557102179,24.0
-1,-112.43631192513892,16.8091341388889,63.0,69.21600000000002,43.2203119251389,21.0
-1,-130.04496932608973,15.886486143518512,79.0,78.33600000000001,51.70896932608972,24.0
-1,-120.87451947292624,17.858421814814804,64.0,63.55200000000003,57.32251947292622,20.0
-1,-138.67261368536012,17.020830032407382,70.0,88.99200000000005,49.68061368536007,19.0
-1,-139.94277185773686,22.84184706018504,77.0,74.78400000000003,65.15877185773682,22.0
-1,-124.02274954345752,15.38242861574073,62.0,66.33600000000001,57.68674954345751,24.0
-1,-116.87427169501638,16.341492472222193,59.0,65.37600000000002,51.49827169501635,22.0
-1,-120.0247545422266,16.356501768518513,57.0,69.60000000000002,50.42475454222656,21.0
-1,-147.8393633568676,17.531745134259218,66.0,91.20000000000005,56.63936335686757,22.0
-1,-129.90697843736802,18.99544219444435,60.0,74.78400000000003,55.12297843736798,22.0
-1,-111.1332689511573,18.59033974537031,53.0,57.21600000000003,53.91726895115728,20.0
-1,-108.92522888117068,13.82383637037037,57.0,68.16000000000003,40.76522888117064,19.0
-1,-142.78784510142145,19.45860829629628,85.0,85.15200000000003,57.63584510142144,22.0
-1,-170.5530921628834,26.54609719444434,80.0,89.76000000000005,80.79309216288334,24.0
-1,-111.16926338086506,20.708213453703653,63.0,67.96800000000003,43.20126338086504,17.0
-1,-113.00032335983424,12.680449902777749,51.0,73.15200000000004,39.84832335983421,23.0
-1,-100.99121958470256,13.491265226851857,48.0,62.01600000000003,38.97521958470252,19.0
-1,-126.95530995509073,17.92385358796292,68.0,69.21600000000002,57.73930995509069,23.0
-1,-125.81622561869398,13.366971930555572,56.0,63.26400000000002,62.552225618693946,25.0
-1,-95.4834994055428,17.759817981481458,50.0,56.83200000000002,38.651499405542765,18.0
-1,-120.9002432084844,15.71437709722219,54.0,62.88000000000002,58.02024320848439,25.0
-1,-93.94502069387208,13.141809754629609,45.0,51.64800000000002,42.29702069387204,20.0
-1,-138.99443932430316,17.245698620370355,61.0,83.61600000000004,55.37843932430312,21.0
-1,-130.5269844488092,16.478498990740714,59.0,74.30400000000003,56.22298444880918,22.0
-1,-125.82010812692972,14.60907808333331,57.0,74.78400000000002,51.03610812692968,22.0
-1,-105.50112543856775,15.029326504629616,60.0,64.80000000000003,40.70112543856773,22.0
-1,-121.85518902384578,17.353460685185134,65.0,68.64000000000003,53.21518902384576,22.0
-1,-108.3956274923766,19.59945139814813,61.0,68.35200000000003,40.04362749237657,19.0
-1,-117.27836209251716,18.29490388425917,62.0,71.52000000000002,45.75836209251714,22.0
-1,-119.58122348394784,24.52035909259256,68.0,69.98400000000004,49.59722348394779,16.0
-1,-118.04523865170285,20.744001606481422,52.0,62.59200000000003,55.4532386517028,19.0
-1,-139.43781815890284,14.997218083333324,74.0,79.58400000000003,59.85381815890281,24.0
-1,-115.68222181215351,16.903790499999978,49.0,57.12000000000002,58.5622218121535,22.0
-1,-147.63691872644483,17.467956189814767,84.0,93.31200000000004,54.32491872644478,23.0
-1,-98.79210672751157,16.149237240740757,47.0,53.472000000000016,45.320106727511536,15.0
-1,-110.70333605391522,17.963784990740685,62.0,63.74400000000003,46.9593360539152,20.0
-1,-112.02639988373149,13.804536407407388,47.0,56.928000000000026,55.09839988373146,23.0
-1,-93.0145574215493,16.53906925462961,56.0,58.65600000000002,34.35855742154928,14.0
-1,-105.89756557126478,15.825109587962944,57.0,58.27200000000003,47.62556557126474,20.0
-1,-85.75291054875821,10.092532013888883,47.0,62.400000000000034,23.35291054875817,14.0
-1,-127.5844174526956,19.17371718981476,64.0,76.12800000000003,51.45641745269556,19.0
-1,-124.614288609604,18.193315958333294,63.0,68.25600000000003,56.35828860960397,22.0
-1,-130.32481452557084,18.809967935185163,74.0,76.41600000000003,53.90881452557082,22.0
-1,-90.66107870586735,16.76641700462959,64.0,68.54400000000003,22.11707870586735,17.0
-1,-122.28652768077,15.520893175925911,68.0,73.63200000000002,48.65452768076997,22.0
-1,-121.45950144755,15.634227337962963,54.0,71.61600000000004,49.84350144754997,19.0
-1,-134.97668770355108,18.35343562037032,66.0,73.82400000000003,61.15268770355106,24.0
-1,-136.9449975904748,19.510319648148062,64.0,84.67200000000005,52.27299759047475,19.0
-1,-173.38807754563095,18.41618334259255,84.0,106.94400000000006,66.44407754563089,22.0
-1,-91.44262469620524,18.36297277777775,62.0,67.87200000000003,23.5706246962052,12.0
-1,-177.42135288227217,18.444572879629597,134.0,137.85600000000008,39.5653528822721,20.0
-1,-110.12813877324854,14.549165078703698,58.0,68.16000000000004,41.968138773248505,24.0
-1,-125.19377569808584,17.947322879629617,69.0,78.72000000000003,46.47377569808582,21.0
-1,-108.0409994662818,19.67328293518513,52.0,46.176000000000016,61.864999466281766,22.0
-1,-126.4698292277232,13.541136722222218,68.0,68.73600000000003,57.73382922772317,23.0
-1,-104.36145605968537,17.228415050925932,63.0,59.52000000000002,44.841456059685335,23.0
-1,-102.10003101205191,19.101685578703663,53.0,58.84800000000001,43.25203101205191,19.0
-1,-128.24585186065065,23.312873578703645,65.0,71.90400000000002,56.34185186065064,20.0
-1,-119.4201821068237,21.273501685185103,63.0,60.57600000000003,58.84418210682367,21.0
-1,-93.43463737750022,20.28641064814812,50.0,60.57600000000002,32.858637377500195,15.0
-1,-115.80937053651496,16.151539689814836,65.0,68.25600000000001,47.55337053651495,21.0
-1,-124.55204121057965,19.22926229629625,71.0,66.72000000000003,57.83204121057962,21.0
-1,-120.30281391110309,19.345144638888836,73.0,72.00000000000003,48.30281391110306,20.0
-1,-101.19506308110088,14.576727731481482,62.0,68.16000000000003,33.03506308110084,20.0
-1,-108.48274551339838,19.317018689814788,68.0,64.60800000000003,43.87474551339835,21.0
-1,-121.49653573080278,20.05342181018512,65.0,70.46400000000003,51.03253573080275,20.0
-1,-111.60267520798372,13.22599246759258,54.0,58.56000000000003,53.042675207983685,25.0
-1,-102.9783127980345,13.749267041666656,48.0,60.19200000000002,42.78631279803448,23.0
-1,-101.27574397701044,19.247049092592565,48.0,48.28800000000002,52.98774397701044,21.0
-1,-98.46209248979852,16.660636157407417,61.0,63.84000000000004,34.62209248979848,20.0
-1,-98.37033514318831,22.74548528703697,64.0,60.19200000000003,38.178335143188285,16.0
-1,-100.89799937208622,13.586626412037036,63.0,62.784000000000034,38.11399937208618,23.0
-1,-155.75561115741445,20.81984989351845,76.0,107.13600000000008,48.61961115741439,20.0
-1,-109.64625576592412,16.520186773148136,50.0,60.096000000000025,49.5502557659241,19.0
-1,-115.72297639317456,15.880290046296272,59.0,70.36800000000002,45.354976393174525,21.0
-1,-127.43332827066548,16.359128652777745,63.0,73.15200000000003,54.281328270665455,24.0
-1,-107.34370921707212,15.224860037037017,47.0,55.488000000000014,51.85570921707211,23.0
-1,-124.49954732070958,15.412618388888855,58.0,70.08000000000003,54.41954732070955,22.0
-1,-113.39200489387068,17.85668983333328,61.0,64.12800000000001,49.264004893870656,22.0
-1,-206.455348583064,15.89391919907404,82.0,129.79200000000006,76.66334858306395,25.0
-1,-123.69626275313634,16.895991310185153,57.0,66.91200000000002,56.78426275313632,21.0
-1,-106.58697860086237,19.79110468518517,59.0,58.56000000000002,48.02697860086233,16.0
-1,-103.55877583503414,17.347562249999974,57.0,62.49600000000001,41.06277583503413,18.0
-1,-118.19568547281978,15.385510189814802,49.0,69.79200000000003,48.40368547281975,23.0
-1,-127.84239355217235,20.0746545787037,67.0,77.28000000000004,50.56239355217231,18.0
-1,-95.03649941301602,16.040663935185176,50.0,54.048000000000016,40.988499413016,20.0
-1,-124.32142124150351,16.87517685185181,58.0,69.50400000000002,54.817421241503496,23.0
-1,-104.847792109957,19.160078981481448,53.0,61.82400000000003,43.023792109956986,18.0
-1,-121.99779827910945,21.027487412036955,77.0,69.69600000000004,52.30179827910939,22.0
-1,-88.63780153019552,13.493248115740716,44.0,48.960000000000015,39.6778015301955,20.0
-1,-141.57809145796932,19.88119001851844,71.0,72.67200000000003,68.90609145796928,23.0
-1,-99.02340752772427,21.297091449074056,50.0,59.04000000000002,39.98340752772425,15.0
-1,-111.63962899497298,12.929950999999985,52.0,57.31200000000002,54.32762899497296,25.0
-1,-108.06183899945768,12.829136722222213,54.0,66.81600000000003,41.24583899945764,24.0
-1,-110.82642781909122,15.10590536111109,60.0,70.75200000000002,40.0744278190912,23.0
-1,-107.23940750671898,19.70765782870365,58.0,62.20800000000002,45.03140750671896,19.0
-1,-116.26195365298808,15.32593979629628,49.0,60.09600000000003,56.16595365298805,23.0
-1,-127.1186067050962,20.109189805555506,59.0,66.04800000000003,61.07060670509616,22.0
-1,-116.0725439445404,17.040503486111067,55.0,65.66400000000003,50.40854394454036,22.0
-1,-99.2164337728257,14.385507675925922,48.0,49.82400000000002,49.39243377282567,22.0
-1,-143.43279363891628,24.609984013888795,83.0,82.56000000000003,60.87279363891626,21.0
-1,-87.99162763664356,11.347420976851856,48.0,48.28800000000002,39.703627636643546,24.0
-1,-120.832746083792,17.471683675925867,61.0,75.93600000000005,44.896746083791946,20.0
-1,-102.38177575452198,17.925773324074036,54.0,52.896000000000015,49.48577575452196,21.0
-1,-93.21080885051282,14.98243955555554,45.0,48.000000000000014,45.2108088505128,21.0
-1,-111.5529795485233,15.748895430555551,61.0,70.46400000000003,41.08897954852328,20.0
-1,-142.25481715747864,21.954891050925884,76.0,77.37600000000005,64.8788171574786,23.0
-1,-99.9463319685796,19.941982967592548,52.0,54.62400000000002,45.32233196857957,19.0
-1,-126.2558050205634,15.51912220833334,56.0,70.17600000000004,56.07980502056334,22.0
-1,-110.88669418507,19.796667768518493,69.0,68.16000000000003,42.72669418506999,19.0
-1,-152.49274288065823,23.017532175925854,74.0,92.54400000000004,59.94874288065817,19.0
-1,-127.95202733765991,16.78342406481478,57.0,65.08800000000002,62.86402733765991,24.0
-1,-156.58240775961954,20.9438104351851,72.0,98.30400000000006,58.27840775961948,21.0
-1,-103.73988531742695,17.582150458333302,51.0,56.35200000000002,47.38788531742695,21.0
-1,-128.23497931939903,20.519532736111056,62.0,76.03200000000004,52.202979319398985,22.0
-1,-115.76875834643972,15.791150666666656,57.0,70.27200000000002,45.496758346439705,18.0
-1,-113.49311021129496,23.476627958333268,66.0,69.40800000000003,44.085110211294925,17.0
-1,-105.2877578088677,15.196347810185198,47.0,65.47200000000002,39.81575780886767,20.0
-1,-111.73430234532763,25.42543999074064,57.0,58.75200000000003,52.9823023453276,17.0
-1,-100.56638542417213,20.66839271759257,61.0,57.31200000000001,43.2543854241721,20.0
-1,-137.6549992977076,29.479872680555463,74.0,84.19200000000004,53.46299929770756,16.0
-1,-111.41863111874382,13.83817372222221,48.0,66.62400000000002,44.794631118743794,25.0
-1,-134.00143538152247,23.52999803703699,65.0,73.92000000000004,60.08143538152241,20.0
-1,-99.80332467024115,17.385097759259242,49.0,56.06400000000002,43.739324670241125,20.0
-1,-90.01722834986325,13.443569912037017,45.0,56.64000000000002,33.37722834986322,18.0
-1,-101.02483272269647,16.96294009259257,48.0,60.00000000000002,41.02483272269646,19.0
-1,-154.92160000486626,19.384391050925885,117.0,119.04,35.881600004866264,20.0
-1,-109.16526885673872,19.183308555555517,50.0,51.45600000000002,57.70926885673871,23.0
-1,-103.95608638690578,12.55553584259258,45.0,55.77600000000002,48.18008638690576,21.0
-1,-114.21738200929828,16.404812143518473,57.0,66.62400000000002,47.59338200929826,23.0
-1,-128.28443299119283,22.387555782407333,76.0,76.80000000000004,51.48443299119279,21.0
-1,-91.04371863489396,16.242547439814796,49.0,55.00800000000002,36.035718634893946,16.0
-1,-85.30148675930083,13.324881328703691,39.0,55.968000000000025,29.333486759300804,15.0
-1,-156.16285110729072,20.37121283333324,70.0,95.42400000000006,60.73885110729065,24.0
-1,-99.64723911188877,13.305375189814836,49.0,51.552000000000014,48.09523911188874,22.0
-1,-137.17417675341176,22.16387728240736,55.0,62.68800000000002,74.48617675341175,24.0
-1,-125.27100589858792,17.54588846296295,58.0,63.840000000000025,61.43100589858791,23.0
-1,-106.0128019547155,19.86589435648144,50.0,57.40800000000002,48.60480195471548,18.0
-1,-117.37929419495296,19.45296996296291,57.0,58.84800000000004,58.53129419495291,23.0
-1,-101.55995913682293,23.144970120370303,60.0,71.32800000000003,30.23195913682289,15.0
-1,-120.78329392182305,19.39109872222216,54.0,65.08800000000002,55.69529392182301,21.0
-1,-105.77613612577716,14.195111296296298,50.0,55.87200000000002,49.90413612577714,23.0
-1,-97.10714340530087,16.207813657407392,46.0,43.87200000000002,53.23514340530088,20.0
-1,-112.19596520348044,21.580991578703635,50.0,54.91200000000002,57.2839652034804,21.0
-1,-118.89805902977926,15.649026898148144,54.0,73.44000000000004,45.45805902977923,22.0
-1,-110.90844048294387,24.36982395370363,56.0,60.86400000000003,50.04444048294385,18.0
-1,-81.05583032436883,13.54468173148149,43.0,45.98400000000001,35.07183032436881,18.0
-1,-108.4457743714738,17.033273412037,53.0,59.42400000000003,49.02177437147376,23.0
-1,-99.28956130043645,16.68201943518517,50.0,53.85600000000002,45.43356130043643,20.0
-1,-103.1255784149822,16.412166976851843,44.0,52.512000000000015,50.61357841498217,20.0
-1,-121.7716198745804,18.415015902777757,57.0,60.672000000000025,61.099619874580384,23.0
-1,-95.61972736620518,17.503740560185165,56.0,53.95200000000002,41.66772736620517,22.0
-1,-118.71013708306668,18.259222999999952,51.0,60.19200000000003,58.51813708306666,19.0
-1,-135.4024503283187,17.69293127314812,56.0,79.20000000000005,56.202450328318655,18.0
-1,-104.10652127733312,14.301909949074064,45.0,51.84,52.26652127733311,24.0
-1,-86.58959149577295,17.671350472222173,38.0,43.488000000000014,43.10159149577294,19.0
-1,-112.1109290463684,17.307438481481427,48.0,57.88800000000002,54.22292904636839,22.0
-1,-135.8221868784541,22.46090297222216,99.0,102.43200000000004,33.39018687845406,16.0
-1,-115.60105030263703,14.557414375000016,42.0,46.08000000000002,69.52105030263704,22.0
-1,-94.22664212142584,13.948215000000005,35.0,45.312000000000005,48.91464212142582,22.0
-1,-94.58978712680678,19.84479633796294,47.0,47.90400000000002,46.68578712680677,17.0
-1,-89.0646801173082,10.233260023148151,40.0,46.272000000000006,42.79268011730819,22.0
-1,-105.12971434821648,18.123949634259244,44.0,46.656000000000006,58.47371434821646,22.0
-1,-115.3391372676661,22.8835395833333,60.0,79.68000000000005,35.65913726766605,19.0
-1,-86.860315930895,16.036771175925928,49.0,52.32000000000003,34.54031593089497,19.0
-1,-95.15168279919934,19.06323125925921,48.0,50.68800000000002,44.463682799199326,19.0
-1,-104.73446256690266,16.665722976851853,43.0,52.80000000000002,51.934462566902646,22.0
-1,-96.69872854776514,13.456679240740742,36.0,45.21600000000001,51.48272854776514,23.0
-1,-104.7495604838482,20.497418666666604,50.0,61.34400000000003,43.40556048384818,17.0
-1,-122.5393560059378,17.4227123472222,57.0,61.632000000000026,60.90735600593778,23.0
-1,-106.54575407762356,13.315009611111092,40.0,55.10400000000002,51.44175407762355,20.0
-1,-86.14131000439431,22.034729472222185,48.0,53.08800000000002,33.05331000439429,15.0
-1,-84.97905433196367,15.99193990740742,42.0,42.04800000000001,42.93105433196366,18.0
-1,-95.3779141104643,12.12126421296295,45.0,55.96800000000003,39.40991411046428,17.0
-1,-108.83567191964175,19.035056194444383,52.0,67.48800000000003,41.34767191964173,18.0
-1,-134.38852997184512,18.271544574074,52.0,65.08800000000004,69.30052997184507,24.0
-1,-85.856281565607,12.695341277777796,50.0,64.41600000000003,21.440281565606977,14.0
-1,-81.3161575380994,12.09793434259259,41.0,45.024000000000015,36.29215753809939,16.0
-1,-118.2917604163362,16.92530356481478,50.0,58.272000000000034,60.01976041633617,23.0
-1,-136.37908791469818,15.927818189814817,60.0,65.37600000000003,71.00308791469814,26.0
-1,-113.82839262236774,17.7293697037037,49.0,52.70400000000002,61.12439262236772,23.0
-1,-122.25580127606406,19.31176008333328,55.0,55.20000000000002,67.05580127606405,24.0
-1,-94.95855367584493,21.83964678240737,44.0,51.552000000000014,43.4065536758449,16.0
-1,-111.52850443560666,20.37769892592585,54.0,58.94400000000002,52.58450443560665,19.0
-1,-98.3969157650549,21.0558030231481,46.0,46.84800000000001,51.54891576505489,20.0
-1,-103.72112329434862,14.918975976851844,38.0,52.80000000000002,50.92112329434861,23.0
-1,-112.02963840412406,23.01796823611105,54.0,61.82400000000003,50.20563840412402,18.0
-1,-130.67661889181022,18.836097824074027,60.0,77.66400000000004,53.01261889181019,20.0
-1,-99.55951509697135,12.55990974537036,37.0,46.65600000000001,52.90351509697133,22.0
-1,-158.75214398537275,16.141391421296262,73.0,83.04000000000005,75.7121439853727,28.0
-1,-112.56417741343932,24.035581629629554,53.0,55.48800000000003,57.0761774134393,21.0
-1,-97.77889211216936,14.683871796296271,43.0,56.92800000000002,40.85089211216934,21.0
-1,-136.21234815921815,15.957058134259237,48.0,67.10400000000003,69.10834815921812,24.0
-1,-112.73463284874492,17.786116328703663,45.0,52.70400000000001,60.0306328487449,23.0
-1,-105.08944110195064,14.75500824537038,38.0,45.31200000000001,59.77744110195065,23.0
-1,-101.49551892735664,18.45962796296291,44.0,51.16800000000002,50.32751892735661,22.0
-1,-127.92586076896148,17.677209749999943,51.0,61.53600000000003,66.38986076896144,21.0
-1,-110.36050780172567,19.617500722222196,57.0,59.904000000000025,50.45650780172565,19.0
-1,-104.53090570344187,19.61845127777774,49.0,52.512000000000015,52.01890570344187,21.0
-1,-140.80163949669782,16.52679668518517,67.0,87.55200000000005,53.24963949669775,20.0
-1,-112.7368668294523,15.507477629629593,47.0,64.32000000000004,48.41686682945226,23.0
-1,-76.35250762540942,19.114087194444465,38.0,39.16800000000001,37.1845076254094,17.0
-1,-123.47113418329609,16.220216023148115,45.0,54.72000000000001,68.75113418329606,25.0
-1,-86.66733049688344,17.93646041203702,53.0,52.320000000000014,34.34733049688343,16.0
-1,-97.5137456542714,21.739700208333275,53.0,58.65600000000002,38.85774565427136,18.0
-1,-97.32967551215292,17.41477620370365,45.0,41.76000000000001,55.56967551215292,21.0
-1,-123.54868807297464,17.205364018518488,52.0,69.50400000000003,54.044688072974594,23.0
-1,-128.49435963142838,16.900249944444386,57.0,85.05600000000004,43.43835963142836,17.0
-1,-94.98434114629784,12.198776726851843,42.0,53.85600000000002,41.12834114629782,19.0
-1,-99.21267769758762,18.941785962962943,49.0,53.760000000000026,45.4526776975876,20.0
-1,-102.17414373615836,23.007946092592547,50.0,47.23200000000001,54.94214373615834,21.0
-1,-104.70579684237192,23.94446003703696,53.0,54.91200000000001,49.79379684237191,18.0
-1,-102.63864792450492,15.973497087962937,49.0,48.48000000000002,54.15864792450489,22.0
-1,-111.87025910370852,19.63619604166661,55.0,59.13600000000002,52.734259103708496,22.0
-1,-87.37361461488508,16.222686759259236,48.0,45.600000000000016,41.77361461488507,21.0
-1,-115.86064356944246,19.665031310185142,57.0,63.93600000000004,51.92464356944243,22.0
-1,-133.66875669691413,16.38866802314811,54.0,71.80800000000004,61.86075669691409,23.0
-1,-114.1892569737264,14.437360532407387,47.0,55.20000000000002,58.98925697372638,25.0
-1,-108.61417388304768,16.920963958333296,45.0,51.74400000000002,56.87017388304764,22.0
-1,-127.22683136026168,12.975502189814804,54.0,74.40000000000002,52.826831360261664,19.0
-1,-98.20247166453264,15.669860106481469,40.0,46.84800000000001,51.354471664532646,22.0
-1,-117.46482767171952,19.58083835648145,52.0,59.32800000000003,58.13682767171949,22.0
-1,-97.44447557166224,17.084867115740714,49.0,55.776000000000025,41.66847557166222,20.0
-1,-93.14447969223797,17.623913879629583,39.0,49.24800000000002,43.896479692237946,19.0
-1,-101.58908908626398,13.99908441203704,44.0,50.88000000000002,50.70908908626397,21.0
-1,-99.33961232052228,19.36540531018515,54.0,49.34400000000002,49.99561232052228,22.0
-1,-116.67427004299677,18.85582300462956,59.0,75.55200000000004,41.12227004299673,19.0
-1,-132.2421211667664,17.409753597222164,47.0,66.04800000000003,66.19412116676637,23.0
-1,-120.1860095729725,12.47198646759259,43.0,59.13600000000002,61.05000957297248,25.0
-1,-111.19697642525156,12.692582898148146,46.0,61.15200000000003,50.04497642525153,22.0
-1,-110.49723324537624,13.298235569444444,37.0,47.42400000000001,63.07323324537624,25.0
-1,-108.52970027506224,23.336064708333257,59.0,61.63200000000003,46.897700275062206,17.0
-1,-95.81585142320544,16.560386847222176,40.0,48.86400000000001,46.95185142320543,20.0
-1,-94.11475012347594,17.435621972222187,46.0,52.608000000000025,41.50675012347592,19.0
-1,-99.84968776389864,14.212672138888882,44.0,46.75200000000002,53.09768776389862,22.0
-1,-92.05947630562376,19.93421642129625,49.0,52.224000000000025,39.83547630562372,19.0
-1,-96.16078757050424,21.31059557870367,48.0,49.44000000000001,46.72078757050421,18.0
-1,-89.0940281664794,15.950393611111082,57.0,59.32800000000002,29.766028166479387,18.0
-1,-102.70254799199203,17.67543620370366,47.0,61.53600000000002,41.16654799199203,21.0
-1,-121.07141614370111,18.04012621296292,52.0,65.95200000000003,55.11941614370111,21.0
-1,-85.07939450382418,16.73677429166665,38.0,48.38400000000002,36.69539450382416,19.0
-1,-134.4281685761366,20.382042129629557,70.0,73.05600000000005,61.37216857613655,21.0
-1,-104.46448146838924,14.065209699074074,47.0,62.97600000000003,41.48848146838922,23.0
-1,-122.72633764286188,19.26061537499995,50.0,57.120000000000026,65.60633764286186,25.0
-1,-105.4855035362686,24.37841383796293,57.0,56.64000000000003,48.84550353626857,16.0
-1,-136.0478050404388,17.826885634259227,61.0,67.87200000000001,68.17580504043876,24.0
-1,-82.69177808135899,21.001094129629603,45.0,44.35200000000002,38.33977808135898,18.0
-1,-132.18531344769818,19.957465805555483,60.0,75.07200000000003,57.11331344769815,23.0
-1,-100.6940975653438,18.266024245370293,51.0,64.99200000000003,35.70209756534378,18.0
-1,-115.54541982506588,20.892582194444383,62.0,69.60000000000004,45.945419825065855,18.0
-1,-120.00710125128292,18.91228180555549,46.0,57.98400000000002,62.02310125128292,23.0
-1,-111.85329357000748,13.731083537037009,51.0,67.58400000000003,44.269293570007456,21.0
-1,-111.23893892911892,15.251067259259257,49.0,56.544000000000025,54.694938929118905,23.0
-1,-94.1318923245016,19.45361793981476,46.0,49.05600000000001,45.07589232450159,20.0
-1,-105.0359792974213,13.649891041666669,42.0,42.33600000000001,62.6999792974213,25.0
-1,-73.03538698622151,12.980380495370367,36.0,46.176000000000016,26.85938698622149,18.0
-1,-91.52292235175564,18.444638342592565,52.0,57.120000000000026,34.40292235175562,16.0
-1,-118.52400459759528,18.57057973148144,55.0,68.73600000000003,49.78800459759525,20.0
-1,-143.391448568551,18.625056578703656,62.0,74.11200000000004,69.27944856855096,25.0
-1,-125.58700858105324,14.322531143518516,48.0,61.056000000000026,64.53100858105321,25.0
-1,-131.7035418033534,16.965549912036998,54.0,71.52000000000004,60.18354180335335,20.0
-1,-75.71215295321184,22.30406333796294,50.0,47.42400000000002,28.288152953211817,13.0
-1,-98.24275102397684,20.95557452777773,47.0,51.552000000000014,46.69075102397683,18.0
-1,-191.6883841294032,21.517740023148047,85.0,132.2880000000001,59.40038412940312,21.0
-1,-106.29980633163032,13.362157796296303,43.0,50.11200000000002,56.18780633163031,26.0
-1,-142.97152433125842,23.946839810185136,64.0,68.73600000000002,74.2355243312584,25.0
-1,-82.60947657633346,15.82409441666664,48.0,54.14400000000002,28.46547657633345,17.0
-1,-119.13249981951978,22.770232504629544,69.0,80.35200000000005,38.780499819519726,17.0
-1,-87.32134267632719,13.209920143518517,44.0,47.52000000000002,39.80134267632717,24.0
-1,-102.186143334035,15.796185236111098,36.0,49.82400000000002,52.36214333403497,21.0
-1,-123.87811286980843,19.04382961574069,52.0,65.18400000000003,58.69411286980841,23.0
-1,-113.25664200361008,17.68290062499994,49.0,51.84000000000002,61.41664200361004,25.0
-1,-73.4274489323564,16.42313388888889,36.0,38.592000000000006,34.83544893235639,21.0
-1,-68.47495604353776,16.23862516203704,43.0,38.78400000000001,29.69095604353774,16.0
-1,-81.22163765931182,15.812265041666658,41.0,42.43200000000001,38.789637659311815,21.0
-1,-130.85621962018072,14.220377671296289,47.0,54.72000000000003,76.1362196201807,27.0
-1,-96.4343391472128,17.68807642592588,41.0,50.59200000000003,45.842339147212776,21.0
-1,-102.2302105352168,12.85753331944445,35.0,40.41600000000001,61.8142105352168,26.0
-1,-513.1251432147802,21.912980939814684,233.0,418.17599999999857,94.9491432147816,27.0
-1,-93.110178216643,16.11806315277776,41.0,54.14400000000002,38.966178216642966,23.0
-1,-89.78192711088417,17.841823703703664,49.0,45.216000000000015,44.56592711088416,18.0
-1,-116.55159998473049,22.61354727777769,59.0,73.53600000000004,43.01559998473044,18.0
-1,-116.69421754096246,19.314809342592515,44.0,57.02400000000002,59.670217540962426,21.0
-1,-81.92765815804364,11.061556004629631,33.0,40.224,41.70365815804364,24.0
-1,-111.51277675807955,22.40361316203697,52.0,57.696000000000026,53.81677675807952,21.0
-1,-83.79292092277956,12.985877453703692,42.0,42.048000000000016,41.74492092277954,21.0
-1,-136.61793817057492,18.3125112453703,59.0,94.65600000000006,41.96193817057484,18.0
-1,-116.9423721291348,17.528893453703674,43.0,45.792000000000016,71.1503721291348,23.0
-1,-89.66475672734282,15.943356282407404,42.0,45.408000000000015,44.2567567273428,19.0
-1,-109.0573965900574,15.59405790740738,41.0,54.14400000000002,54.91339659005738,23.0
-1,-80.28625397838377,18.662565652777765,33.0,36.0,44.28625397838377,19.0
-1,-82.24367173108384,15.091574967592594,36.0,44.448000000000015,37.79567173108382,17.0
-1,-127.50648132562446,16.62362690740738,44.0,46.944,80.56248132562446,24.0
-1,-152.21565993894427,16.689695388888815,66.0,94.46400000000004,57.751659938944215,24.0
-1,-110.55786799225108,25.08842551851847,54.0,65.76000000000003,44.79786799225104,17.0
-1,-116.27697365270112,13.589020194444426,40.0,51.07200000000002,65.2049736527011,26.0
-1,-158.2185558233883,20.13571838888885,74.0,103.96800000000006,54.25055582338824,22.0
-1,-121.5070438722289,17.476865291666627,60.0,63.64800000000004,57.85904387222888,24.0
-1,-77.74690016238489,13.081222916666652,30.0,39.26400000000001,38.48290016238487,20.0
-1,-76.19371990275826,18.360243236111085,40.0,42.72000000000001,33.473719902758255,17.0
-1,-91.75006293151957,17.07288575925925,33.0,40.896,50.85406293151954,21.0
-1,-63.893076629334615,13.43964457407408,30.0,35.232,28.66107662933462,13.0
-1,-113.15215448388108,13.824923166666665,43.0,50.976000000000006,62.17615448388106,24.0
-1,-97.8997508957442,15.987211736111083,45.0,50.20800000000002,47.69175089574417,22.0
-1,-90.21050442144912,18.790244861111084,42.0,47.52000000000002,42.69050442144911,18.0
-1,-101.38253851410062,15.130791472222224,36.0,38.88,62.50253851410061,24.0
-1,-166.6002230787205,20.88837387037027,65.0,103.10400000000006,63.496223078720426,22.0
-1,-101.20365201163015,22.11214372685178,42.0,46.08000000000001,55.12365201163015,19.0
-1,-104.3508189118204,12.919890740740756,35.0,38.016000000000005,66.3348189118204,25.0
-1,-122.78730391741904,17.609212305555516,52.0,68.25600000000003,54.53130391741902,22.0
-1,-113.24142959011397,22.1640159999999,61.0,67.48800000000004,45.75342959011391,21.0
-1,-136.93357200539307,17.38772900462957,59.0,90.52800000000003,46.40557200539303,23.0
-1,-109.02440263950848,13.346865847222215,36.0,51.84000000000002,57.18440263950845,23.0
-1,-115.56820296052294,16.172853069444436,39.0,46.08000000000002,69.48820296052293,23.0
-1,-118.51565306064296,16.061702675925922,42.0,53.95200000000003,64.56365306064292,23.0
-1,-99.72290039773132,18.231419328703677,36.0,41.28000000000001,58.4429003977313,19.0
-1,-73.33638715650723,18.900956129629616,49.0,49.82400000000003,23.5123871565072,14.0
-1,-130.85709036127315,24.385241398148096,63.0,83.80800000000005,47.04909036127309,19.0
-1,-150.86161053860673,18.72462957407404,74.0,108.00000000000009,42.86161053860666,19.0
-1,-102.24515899814504,13.999788541666664,39.0,54.048000000000016,48.19715899814503,21.0
-1,-120.91941555870844,20.075081537037,44.0,51.26400000000002,69.65541555870841,22.0
-1,-105.29985905246808,19.015503601851805,45.0,48.09600000000002,57.20385905246805,21.0
-1,-72.95379074667167,13.779293277777777,32.0,35.71200000000001,37.24179074667167,21.0
-1,-99.63535476446302,18.69647694907404,39.0,42.240000000000016,57.39535476446301,20.0
-1,-98.55170066859756,17.156005578703677,43.0,48.48000000000002,50.07170066859754,23.0
-1,-99.2821684322413,12.337616564814814,32.0,40.128,59.154168432241306,24.0
-1,-118.35480510486173,16.632057939814796,47.0,54.43200000000002,63.92280510486171,25.0
-1,-113.46471875993495,17.510984069444422,51.0,58.36800000000003,55.09671875993492,22.0
-1,-105.36759418390002,16.060614495370373,38.0,43.872000000000014,61.49559418390002,23.0
-1,-99.80655414683962,14.651927189814815,38.0,52.512000000000015,47.2945541468396,19.0
-1,-96.3674806416584,14.787794009259244,40.0,47.616000000000014,48.7514806416584,23.0
-1,-126.80496521917908,18.69005558333329,50.0,69.12000000000003,57.68496521917904,23.0
-1,-118.89035052381404,18.22627859259252,46.0,56.64000000000002,62.25035052381403,22.0
-1,-161.52679745596745,18.5651813194444,58.0,87.45600000000005,74.07079745596741,21.0
-1,-93.58699169108692,21.097045712962917,49.0,50.68800000000002,42.89899169108689,19.0
-1,-171.9421766846873,19.774122657407293,74.0,107.80800000000006,64.13417668468725,21.0
-1,-107.0068235914123,15.857368231481464,35.0,51.16800000000001,55.838823591412286,22.0
-1,-92.16223087182972,16.70156065277775,40.0,46.84800000000001,45.31423087182973,19.0
-1,-78.88251664686538,19.501697787037006,39.0,46.46400000000001,32.41851664686538,17.0
-1,-103.74384779564184,19.256503111111105,49.0,52.416000000000025,51.327847795641816,20.0
-1,-109.722674465699,24.05906716203693,54.0,56.16000000000003,53.562674465698976,19.0
-1,-135.92580017898206,17.84042012962959,61.0,83.80800000000005,52.117800178982,19.0
-1,-102.0144172018876,17.159744009259224,47.0,56.160000000000025,45.85441720188758,18.0
-1,-105.30777087946358,15.0591761111111,38.0,50.304000000000016,55.00377087946356,24.0
-1,-67.25832630281764,17.426385944444412,33.0,33.79200000000001,33.46632630281762,17.0
-1,-157.26716186896726,18.79893178240729,63.0,88.51200000000004,68.75516186896724,26.0
-1,-102.00155486578078,18.618627986111097,47.0,48.00000000000003,54.00155486578075,22.0
-1,-128.4309033371267,19.153455361111035,58.0,64.70400000000004,63.72690333712663,24.0
-1,-83.06703273636884,13.8260436574074,38.0,45.024000000000015,38.04303273636884,22.0
-1,-82.48700357190113,16.24952978703702,45.0,45.88800000000001,36.59900357190112,18.0
-1,-68.8750727803264,21.30598368981481,39.0,41.472000000000016,27.403072780326397,13.0
-1,-70.7940402695834,10.572291865740745,34.0,40.224,30.5700402695834,18.0
-1,-100.76072654289568,18.77870263425926,49.0,48.96,51.80072654289567,21.0
-1,-146.23205008483762,18.94332314351842,58.0,91.00800000000004,55.2240500848376,20.0
-1,-96.33571736900136,15.677318569444434,45.0,50.496000000000016,45.83971736900135,19.0
-1,-79.0045422102737,23.57541188888885,46.0,43.296000000000014,35.708542210273684,17.0
-1,-92.18895045231892,19.68999418055554,44.0,42.81600000000001,49.37295045231892,20.0
-1,-119.79425803023202,16.766368430555545,47.0,54.72000000000002,65.074258030232,24.0
-1,-91.0513230967413,20.396940935185143,48.0,54.81600000000002,36.23532309674128,16.0
-1,-108.6551983579433,17.673369064814814,47.0,56.736000000000026,51.91919835794328,20.0
-1,-121.48140785862417,16.497303453703665,57.0,82.65600000000005,38.82540785862412,16.0
-1,-88.61913019476324,15.62387590740739,43.0,56.92800000000002,31.691130194763232,17.0
-1,-98.86081895750458,21.09058161574067,45.0,53.76000000000002,45.10081895750456,18.0
-1,-121.67434318668312,20.171821847222173,53.0,70.17600000000003,51.4983431866831,20.0
-1,-118.93819899492198,15.37896574999999,42.0,50.49600000000002,68.44219899492195,24.0
-1,-88.23527937865089,20.832513365740727,42.0,45.888000000000005,42.34727937865088,18.0
-1,-114.4193034661351,15.928557495370343,45.0,56.928000000000026,57.49130346613508,20.0
-1,-107.6837197642,16.426488328703684,45.0,57.79200000000003,49.89171976419996,23.0
-1,-138.67722968091897,18.920106444444382,60.0,74.30400000000004,64.37322968091891,22.0
-1,-94.97740043293078,18.021696652777734,40.0,47.424000000000014,47.55340043293077,19.0
-1,-94.4936292066283,18.078133837962948,50.0,52.608000000000025,41.88562920662827,19.0
-1,-69.60210798338227,19.82760126851847,35.0,39.168000000000006,30.43410798338227,15.0
-1,-95.21722627917418,10.045409217592596,36.0,50.112000000000016,45.105226279174175,24.0
-1,-139.20331618774242,24.128374638888825,66.0,95.71200000000006,43.49131618774235,16.0
-1,-110.97625234843872,16.28354996759257,45.0,52.99200000000001,57.98425234843872,22.0
-1,-113.10574804046834,13.651212486111111,48.0,53.66400000000002,59.441748040468326,23.0
-1,-159.5753031890967,15.045668365740717,55.0,84.28800000000005,75.28730318909663,25.0
-1,-193.0811905877149,25.67095091203693,90.0,141.1200000000001,51.9611905877148,18.0
-1,-148.59655022706949,21.753154199073997,61.0,84.09600000000005,64.50055022706945,23.0
-1,-193.0330489512216,18.73533606481471,72.0,117.60000000000008,75.43304895122152,25.0
-1,-93.69139622777676,10.845666023148162,33.0,45.60000000000001,48.09139622777675,25.0
-1,-105.0469910024464,24.45139242592585,49.0,53.66400000000002,51.38299100244636,17.0
-1,-113.5410793443601,18.860091199073977,44.0,53.56800000000001,59.973079344360094,24.0
-1,-91.9540581881176,18.707523912036983,40.0,44.25600000000001,47.69805818811761,19.0
-1,-95.587439768782,15.866458324074063,35.0,44.064000000000014,51.52343976878198,20.0
-1,-115.38054505292212,16.58320495370367,43.0,59.52000000000002,55.86054505292209,20.0
-1,-100.80433525249948,18.584500537037,38.0,46.272000000000006,54.53233525249948,20.0
-1,-112.97282384617436,19.32170265740735,50.0,52.800000000000026,60.172823846174325,21.0
-1,-105.77321873430436,10.510238810185191,36.0,46.65600000000001,59.11721873430434,25.0
-1,-135.7703930562264,19.044420458333267,44.0,61.920000000000016,73.85039305622638,25.0
-1,-110.89888145633016,18.200892462962905,39.0,50.20800000000002,60.69088145633016,25.0
-1,-113.39801265467251,19.095393180555515,45.0,52.60800000000002,60.79001265467252,22.0
-1,-91.35210832802946,18.952514152777688,46.0,50.20800000000003,41.14410832802943,21.0
-1,-77.76649177924025,12.416385476851854,31.0,39.36000000000001,38.406491779240255,20.0
-1,-99.26258888662412,17.207298555555496,36.0,42.91200000000001,56.350588886624095,23.0
-1,-106.43639312822536,13.291102249999986,40.0,49.152000000000015,57.28439312822534,24.0
-1,-135.82323510162365,20.975929513888826,62.0,74.20800000000004,61.61523510162362,20.0
-1,-114.07556445085004,17.704799370370317,45.0,64.22400000000002,49.85156445085001,22.0
-1,-90.54851576114922,19.328033643518506,43.0,40.512000000000015,50.0365157611492,20.0
-1,-129.08535633468065,17.775290726851797,54.0,75.55200000000005,53.53335633468057,21.0
-1,-97.9008755967987,19.601861129629565,51.0,58.176000000000016,39.72487559679868,17.0
-1,-136.14078980272836,14.329445449074056,55.0,74.01600000000003,62.12478980272832,25.0
-1,-78.12169728915974,22.359297009259212,47.0,49.82400000000002,28.297697289159725,14.0
-1,-104.89841111774136,22.35691981944436,45.0,47.32800000000002,57.57041111774132,20.0
-1,-98.8721674132738,15.379855018518512,38.0,45.31200000000001,53.5601674132738,21.0
-1,-145.38874458112332,16.152386708333296,50.0,67.87200000000003,77.51674458112329,26.0
-1,-90.53188216767953,16.93639405092592,35.0,38.49600000000001,52.03588216767952,20.0
-1,-308.39865020208066,15.175499643518526,136.0,230.2080000000001,78.19065020208055,23.0
-1,-102.5121387633502,13.847043800925906,37.0,44.832000000000015,57.68013876335019,27.0
-1,-102.9387319618006,18.80286452314813,44.0,45.88800000000002,57.050731961800594,20.0
-1,-105.87200355081497,12.216379166666671,39.0,48.48000000000002,57.39200355081495,24.0
-1,-140.58760459934922,19.59583005092584,59.0,74.88000000000004,65.70760459934917,25.0
-1,-110.9063724512178,16.724352074074016,45.0,59.42400000000003,51.48237245121778,22.0
-1,-102.7119373136908,14.088601777777754,45.0,48.672000000000025,54.03993731369077,25.0
-1,-87.10065414244984,23.03885911574069,53.0,62.01600000000003,25.08465414244981,13.0
-1,-85.25124256292564,16.295482106481487,54.0,55.29600000000002,29.955242562925616,15.0
-1,-106.21846886040274,14.362324162037044,45.0,53.47200000000002,52.74646886040271,22.0
-1,-74.272668668145,13.803163087962956,38.0,42.43200000000001,31.840668668145,16.0
-1,-99.03027806467968,24.44521320370368,50.0,55.58400000000003,43.446278064679646,16.0
-1,-114.62239132517284,16.148759004629603,52.0,57.21600000000002,57.406391325172805,23.0
-1,-114.51981993787422,22.999089944444343,50.0,60.19200000000004,54.327819937874175,20.0
-1,-104.22339775843366,19.087595759259194,53.0,66.91200000000003,37.31139775843364,18.0
-1,-100.10308222663096,17.63323453703701,54.0,61.056000000000026,39.04708222663093,19.0
-1,-189.92996404139035,20.849883324074007,86.0,117.50400000000008,72.42596404139027,23.0
-1,-102.70143297466204,19.403927300925897,55.0,56.54400000000003,46.157432974662015,21.0
-1,-82.47471482066604,11.760864523148138,39.0,53.85600000000002,28.61871482066601,19.0
-1,-74.26077559256524,14.870269550925926,37.0,38.016000000000005,36.24477559256524,21.0
-1,-72.47835696430505,10.893905134259274,32.0,34.656,37.82235696430504,22.0
-1,-105.64150405381518,14.665522277777786,42.0,51.26400000000002,54.37750405381516,23.0
-1,-81.55524961238403,18.459810824074065,42.0,51.360000000000014,30.19524961238401,16.0
-1,-87.4833591542586,21.701065393518487,49.0,48.96000000000002,38.52335915425857,19.0
-1,-103.43550416222162,20.746164398148093,57.0,56.92800000000003,46.50750416222159,18.0
-1,-102.58460445795625,16.607373337962944,39.0,44.640000000000015,57.94460445795621,23.0
-1,-71.55204635922831,17.287113759259242,48.0,53.088000000000015,18.46404635922829,14.0
-1,-145.813054467209,17.950609347222194,58.0,77.47200000000005,68.34105446720892,23.0
-1,-105.25923277588456,17.535387231481437,43.0,48.768000000000015,56.49123277588455,25.0
-1,-94.64444010178194,17.756555513888838,46.0,64.89600000000002,29.74844010178192,14.0
-1,-108.59219118408492,19.787186180555494,47.0,55.87200000000003,52.7201911840849,21.0
-1,-135.51007532094428,19.53082852777773,61.0,85.63200000000005,49.87807532094423,18.0
-1,-103.74954369789717,28.999097509259183,57.0,59.52000000000003,44.229543697897135,14.0
-1,-112.16442980575214,16.24418271759255,41.0,47.04000000000002,65.12442980575211,23.0
-1,-183.91952574796875,21.42483343518507,89.0,141.31200000000007,42.607525747968666,18.0
-1,-144.20466359162006,27.146571027777732,74.0,100.32000000000006,43.88466359162,14.0
-1,-156.46138999576797,14.89513488425924,68.0,103.10400000000008,53.35738999576788,23.0
-1,-105.02131590982168,16.72686998611109,48.0,55.776000000000025,49.24531590982165,24.0
-1,-99.50164727813308,15.632611953703694,35.0,43.104000000000006,56.39764727813306,21.0
-1,-100.49293945843712,12.202964726851848,43.0,60.57600000000003,39.91693945843709,21.0
-1,-103.642402022238,20.97916023611105,51.0,57.21600000000003,46.42640202223796,18.0
-1,-87.75575488794108,16.474518356481482,33.0,41.08800000000001,46.66775488794107,21.0
-1,-87.10961653088316,14.207964287037024,42.0,48.67200000000002,38.43761653088314,19.0
-1,-116.4005775666336,21.776233615740672,57.0,54.81600000000003,61.58457756663356,22.0
-1,-113.46064120743308,14.96316946759259,44.0,46.75200000000002,66.70864120743305,24.0
-1,-121.87505106506846,17.34916525462958,48.0,66.43200000000002,55.443051065068445,21.0
-1,-121.62545627857604,15.789608194444408,47.0,62.30400000000003,59.32145627857601,24.0
-1,-170.46307235956087,15.612889092592546,69.0,113.95200000000008,56.511072359560806,24.0
-1,-111.98853876328232,25.689482606481373,62.0,69.21600000000004,42.77253876328228,17.0
-1,-126.68520507750772,22.228536972222145,62.0,73.15200000000004,53.533205077507695,19.0
-1,-109.7649110593757,23.537327388888823,56.0,64.60800000000003,45.15691105937567,17.0
-1,-131.51312059677943,21.17866726388881,55.0,64.32000000000004,67.1931205967794,21.0
-1,-140.32089366558915,23.098011291666587,73.0,96.86400000000006,43.45689366558909,19.0
-1,-117.19171586381609,22.1729550138888,58.0,71.13600000000004,46.05571586381605,17.0
-1,-71.6056874656096,15.099311245370355,38.0,45.60000000000002,26.00568746560959,16.0
-1,-94.7339374706179,14.263424430555553,42.0,46.84800000000002,47.88593747061788,20.0
-1,-105.1302586770264,14.03325317592594,42.0,51.840000000000025,53.29025867702639,23.0
-1,-98.0640695129246,13.599311662037035,46.0,52.416000000000025,45.64806951292458,19.0
-1,-115.880838418475,18.38132459722216,48.0,58.84800000000003,57.03283841847497,22.0
-1,-83.93529437070131,14.567956458333317,39.0,49.63200000000002,34.303294370701295,15.0
-1,-128.62532742355916,17.40987101851846,63.0,76.41600000000004,52.2093274235591,23.0
-1,-95.42320841424204,18.364708416666627,43.0,50.68800000000001,44.73520841424203,20.0
-1,-87.04537263325003,22.33263494907404,44.0,52.800000000000026,34.24537263324999,13.0
-1,-87.45332147979855,11.605613412037044,33.0,42.81600000000002,44.63732147979854,24.0
-1,-63.93991289748514,18.32370724999999,38.0,32.256,31.683912897485147,14.0
-1,-103.11800602586992,18.49058082407402,46.0,54.240000000000016,48.87800602586992,23.0
-1,-100.59546303149352,11.578918768518523,37.0,40.8,59.79546303149351,23.0
-1,-89.93155972576093,24.15307584259253,47.0,43.584,46.34755972576093,19.0
-1,-105.2012650010062,20.361412675925884,48.0,55.68000000000003,49.52126500100616,20.0
-1,-88.43877795403114,20.865110166666604,52.0,58.75200000000003,29.6867779540311,15.0
-1,-99.61904311882638,15.99559951851852,41.0,54.04800000000002,45.57104311882636,19.0
-1,-92.20615812788496,15.93457758796294,46.0,50.78400000000002,41.42215812788492,21.0
-1,-74.31874446806157,17.340545800925923,39.0,46.94400000000002,27.374744468061543,13.0
-1,-122.00266944957248,18.23127535648142,49.0,72.19200000000004,49.81066944957245,19.0
-1,-102.16821759618892,27.51983557407401,56.0,64.99200000000003,37.17621759618889,14.0
-1,-107.06290811045422,22.48407285185177,58.0,66.81600000000003,40.246908110454186,19.0
-1,-89.17918803134873,22.35191299537032,50.0,52.992000000000026,36.1871880313487,16.0
-1,-103.24614946089528,26.30117023611104,51.0,55.20000000000002,48.04614946089525,19.0
-1,-98.323246967815,18.34337762499996,51.0,54.048000000000016,44.27524696781499,19.0
-1,-95.76695055367964,12.772243925925912,41.0,53.664000000000016,42.102950553679634,19.0
-1,-112.85452396856768,15.937201796296284,44.0,53.85600000000002,58.99852396856767,22.0
-1,-96.61955568926612,12.975778486111118,38.0,42.72000000000001,53.899555689266094,22.0
-1,-106.96976321327053,16.964505217592553,38.0,46.56000000000001,60.409763213270494,24.0
-1,-89.71520251304258,15.419869819444438,34.0,42.14400000000001,47.57120251304257,22.0
-1,-90.56503190905823,14.092677925925926,35.0,36.76800000000001,53.79703190905822,22.0
-1,-98.89249937174132,18.485972814814804,38.0,42.62400000000001,56.2684993717413,20.0
-1,-136.00008062341465,23.67760118518512,69.0,92.64000000000006,43.3600806234146,17.0
-1,-202.11008778098625,21.88156502777761,82.0,127.20000000000007,74.91008778098617,25.0
-1,-97.92136704708685,19.34057846759253,46.0,59.61600000000002,38.30536704708683,15.0
-1,-108.95694421985851,23.10577252314806,51.0,61.15200000000003,47.80494421985848,19.0
-1,-81.18109525911036,9.046594120370385,40.0,52.12800000000003,29.05309525911033,15.0
-1,-115.98703356646448,23.6149534814814,60.0,65.28000000000002,50.70703356646448,19.0
-1,-106.31640951336414,14.823275486111084,40.0,51.64800000000002,54.668409513364125,26.0
-1,-85.30891741084811,11.540073791666655,36.0,45.50400000000001,39.8049174108481,22.0
-1,-89.49111571228022,19.811557560185165,44.0,44.83200000000002,44.6591157122802,21.0
-1,-97.24748035726029,14.021409300925905,48.0,53.56800000000002,43.67948035726025,20.0
-1,-98.98696955700191,15.753227856481471,36.0,46.27200000000002,52.7149695570019,23.0
-1,-110.46847068420772,16.852020254629632,43.0,45.69600000000002,64.77247068420769,23.0
-1,-126.70398682509786,20.846772606481373,60.0,81.88800000000005,44.81598682509781,18.0
-1,-93.62765757202249,19.71035384722218,51.0,58.84800000000004,34.77965757202245,17.0
-1,-101.10880570386112,16.999128671296255,37.0,50.88000000000002,50.22880570386111,22.0
-1,-137.1797026804265,21.08947426851845,66.0,87.55200000000005,49.62770268042645,18.0
-1,-84.48596976945252,17.314976675925923,46.0,59.23200000000003,25.2539697694525,14.0
-1,-92.71264299723244,21.07041099537029,47.0,55.68000000000003,37.03264299723242,19.0
-1,-76.3006857936906,17.210199564814804,42.0,45.60000000000002,30.70068579369057,16.0
-1,-137.10985301863192,14.615001736111092,62.0,81.79200000000006,55.31785301863186,23.0
-1,-99.64119729948932,19.014796222222166,46.0,54.33600000000003,45.30519729948931,20.0
-1,-81.22060680642542,16.19079674537036,45.0,52.80000000000001,28.42060680642541,14.0
-1,-77.75817886730154,13.318956050925909,39.0,43.96800000000002,33.79017886730152,19.0
-1,-120.97784188688811,20.53064332870363,55.0,64.32000000000004,56.65784188688809,24.0
-1,-108.84077032958967,25.69535639351843,55.0,58.08000000000003,50.76077032958966,17.0
-1,-125.24684797699624,20.245974046296244,59.0,77.47200000000005,47.77484797699618,20.0
-1,-114.45330593987156,20.435808231481424,44.0,63.93600000000004,50.51730593987153,22.0
-1,-96.3943127365543,13.751056097222223,39.0,45.408000000000015,50.98631273655429,25.0
-1,-92.81175158232304,20.910252374999967,47.0,53.08800000000002,39.72375158232301,20.0
-1,-77.77412100640557,15.541361847222202,42.0,50.20800000000002,27.56612100640554,15.0
-1,-88.32563181593106,17.617545370370348,45.0,48.86400000000001,39.46163181593105,21.0
-1,-90.9892640562592,18.025772754629592,45.0,45.984000000000016,45.00526405625917,23.0
-1,-89.31791276634597,14.17316782407408,52.0,57.02400000000003,32.29391276634594,15.0
-1,-105.44030491762727,19.02597583333327,45.0,48.864000000000026,56.57630491762727,21.0
-1,-97.06211558223204,15.362421254629648,43.0,51.36000000000002,45.70211558223203,23.0
-1,-84.90502154844611,11.379396268518516,38.0,47.23200000000001,37.673021548446094,22.0
-1,-101.8040875481469,19.207250731481444,55.0,57.98400000000003,43.82008754814686,19.0
-1,-86.68248642669862,15.72704270833333,39.0,47.04000000000001,39.6424864266986,21.0
-1,-102.48741785522238,22.460706699074,48.0,55.29600000000002,47.19141785522236,18.0
-1,-87.36315717771022,15.29351924537039,43.0,50.97600000000002,36.3871571777102,19.0
-1,-89.10128445272736,15.587784481481462,42.0,50.78400000000002,38.31728445272733,18.0
-1,-113.25576549783892,20.591689328703644,51.0,56.83200000000002,56.4237654978389,21.0
-1,-95.22557758458612,20.80331962037034,51.0,58.84800000000002,36.377577584586106,19.0
-1,-101.09384659975804,14.353213194444429,53.0,65.56800000000003,35.525846599758026,18.0
-1,-91.1616961346971,11.533039773148138,34.0,43.872000000000014,47.28969613469708,24.0
-1,-92.80402274004295,22.89759737962958,52.0,58.368000000000016,34.43602274004295,19.0
-1,-94.18717295412046,16.697603574074048,39.0,45.600000000000016,48.58717295412045,22.0
-1,-99.99478300141128,17.399857749999978,42.0,53.280000000000015,46.71478300141128,18.0
-1,-84.7607617555564,17.053352518518512,35.0,38.496,46.2647617555564,21.0
-1,-111.70245665223518,16.224621967592576,45.0,53.66400000000002,58.03845665223516,23.0
-1,-88.88367841079983,17.24453090277777,39.0,55.29600000000003,33.58767841079981,19.0
-1,-79.11579364395426,24.40822542592588,53.0,48.86400000000002,30.251793643954247,15.0
-1,-93.028239417649,20.159308689814743,49.0,53.28000000000003,39.74823941764896,18.0
-1,-126.43269842809828,19.506139374999904,61.0,72.09600000000003,54.336698428098266,21.0
-1,-80.08622717369491,22.67499210648145,51.0,48.76800000000002,31.318227173694886,13.0
-1,-78.91365355515315,21.66576668055553,47.0,54.43200000000003,24.48165355515312,13.0
-1,-85.90296897775892,18.066113648148093,43.0,46.94400000000002,38.95896897775889,15.0
-1,-90.2638637091919,17.07079793981478,36.0,43.39200000000001,46.87186370919189,21.0
-1,-79.07160651717338,25.3810329907407,49.0,49.63200000000002,29.43960651717336,16.0
-1,-89.72876619322736,19.485610865740696,44.0,54.04800000000002,35.680766193227335,16.0
-1,-106.03324256719966,16.3037466296296,66.0,82.08000000000004,23.953242567199617,13.0
-1,-87.97943527700718,16.958493087962935,39.0,43.00800000000002,44.97143527700717,17.0
-1,-96.28737919468536,12.86973402777778,43.0,46.08000000000002,50.20737919468536,24.0
-1,-91.65446100114748,18.613189810185176,45.0,54.432000000000016,37.22246100114746,18.0
-1,-97.7593757641368,19.857219546296257,49.0,45.984000000000016,51.77537576413678,23.0
-1,-125.6689496069312,21.659287393518436,54.0,67.96800000000003,57.700949606931154,20.0
-1,-83.82130287228867,20.17500434259256,44.0,48.38400000000002,35.43730287228864,18.0
-1,-79.28866562208762,9.717953074074076,33.0,44.640000000000015,34.6486656220876,21.0
-1,-118.58583256494325,22.212534407407347,49.0,56.928000000000026,61.65783256494323,22.0
-1,-115.9970884278446,11.061205273148156,37.0,52.41600000000002,63.58108842784458,24.0
-1,-71.21177150089507,19.32608743981481,38.0,42.240000000000016,28.97177150089505,14.0
-1,-98.32213342854922,21.25503243518514,47.0,51.74400000000002,46.57813342854921,20.0
-1,-102.19068093238032,14.435423328703669,43.0,52.416000000000025,49.7746809323803,22.0
-1,-116.2362545140386,24.473099912036947,68.0,75.55200000000004,40.68425451403857,17.0
-1,-95.48615615285516,15.342084111111122,39.0,43.68000000000001,51.806156152855145,20.0
-1,-91.33850372039782,18.12670940740737,40.0,39.64800000000001,51.69050372039781,21.0
-1,-85.79928858357349,26.814105356481456,47.0,48.192000000000014,37.60728858357347,15.0
-1,-110.05003441705004,23.045969374999945,59.0,60.96000000000003,49.090034417050006,20.0
-1,-111.03059391969316,20.25689781944436,55.0,65.66400000000003,45.36659391969313,20.0
-1,-141.06117730164084,17.55550452777774,58.0,81.60000000000004,59.46117730164082,24.0
-1,-96.43525448557382,14.090782620370373,43.0,49.72800000000002,46.7072544855738,22.0
-1,-85.47346338766744,19.855638865740712,45.0,46.08000000000001,39.39346338766742,19.0
-1,-106.04108119221532,14.193581847222209,35.0,41.28,64.76108119221533,25.0
-1,-94.8671395378853,14.598174134259256,47.0,59.71200000000002,35.15513953788527,19.0
-1,-93.48246435641644,22.633300768518485,48.0,58.08000000000003,35.4024643564164,16.0
-1,-93.68000316684952,16.810370157407384,45.0,56.736000000000026,36.9440031668495,20.0
-1,-88.31174316573933,24.77624737962959,50.0,46.65600000000002,41.65574316573931,18.0
-1,-93.858507207025,19.79912976388886,43.0,46.46400000000002,47.394507207024986,19.0
-1,-83.89592190293074,19.488665319444443,46.0,51.16800000000002,32.72792190293072,16.0
-1,-75.65034359131099,15.56534825000001,42.0,44.064000000000014,31.58634359131098,17.0
-1,-155.88495069456565,16.618083097222183,61.0,93.50400000000003,62.38095069456559,24.0
-1,-107.82376279138398,21.55091399074067,59.0,57.79200000000004,50.03176279138395,18.0
-1,-120.4414195258181,14.39574848148147,51.0,67.87200000000003,52.56941952581808,27.0
-1,-64.33787100560626,18.40665920833329,46.0,49.82400000000002,14.513871005606244,11.0
-1,-109.74023003110275,17.22182534722222,46.0,45.69600000000002,64.04423003110274,23.0
-1,-100.14942970927734,18.405039425925853,49.0,63.93600000000003,36.21342970927732,17.0
-1,-109.33121604553034,15.266973037037008,44.0,56.928000000000026,52.40321604553032,26.0
-1,-93.37673806666038,17.182678050925876,44.0,40.704,52.67273806666038,23.0
-1,-101.36050618921756,23.15422508333328,58.0,69.31200000000004,32.04850618921752,15.0
-1,-109.4611414003989,21.66594419444439,55.0,70.27200000000003,39.18914140039888,20.0
-1,-103.48516605719313,17.671374740740703,48.0,54.336000000000006,49.1491660571931,22.0
-1,-94.18041895609085,23.228884976851813,52.0,56.544000000000025,37.63641895609081,15.0
-1,-89.90922932566114,20.161729851851813,44.0,49.536000000000016,40.37322932566113,18.0
-1,-115.13857972578292,14.533488231481476,50.0,62.68800000000003,52.4505797257829,22.0
-1,-124.12874613214368,13.365853750000008,43.0,56.73600000000002,67.39274613214366,27.0
-1,-88.52056229121004,15.145459055555552,44.0,53.376000000000026,35.144562291210015,19.0
-1,-116.16951863181563,23.027395268518436,57.0,72.48000000000003,43.6895186318156,16.0
-1,-112.82938189991114,18.33754944444437,44.0,54.52800000000002,58.30138189991112,21.0
-1,-96.6425928546818,15.970080472222214,40.0,46.65600000000001,49.986592854681774,19.0
-1,-81.49880693931847,22.176440171296257,41.0,43.77600000000002,37.72280693931845,18.0
-1,-94.13871007506202,20.840380324074,45.0,53.568000000000026,40.57071007506199,19.0
-1,-85.2024205072478,20.629703356481425,40.0,45.024000000000015,40.17842050724778,19.0
-1,-112.93740106325431,17.834699689814766,45.0,58.75200000000002,54.185401063254304,24.0
-1,-90.19292335227236,24.046398726851777,46.0,51.84000000000002,38.35292335227235,15.0
-1,-89.47798567328459,19.764313064814758,40.0,50.49600000000002,38.98198567328456,17.0
-1,-95.23739728592628,22.61241759259256,54.0,58.36800000000004,36.86939728592623,17.0
-1,-88.87068924469361,15.81276593518518,41.0,47.23200000000002,41.6386892446936,17.0
-1,-93.9996626808466,14.777298569444406,49.0,56.256000000000014,37.74366268084659,19.0
-1,-86.49581336310207,21.522377699074003,42.0,45.88800000000001,40.60781336310206,19.0
-1,-110.74220245013412,23.305991203703616,47.0,57.60000000000002,53.14220245013411,19.0
-1,-99.54008832356132,22.81328231481475,43.0,49.05600000000002,50.484088323561295,17.0
-1,-138.16574519677596,23.329768263888816,55.0,59.904000000000025,78.26174519677595,24.0
-1,-85.66354798261756,20.179929023148137,43.0,48.384000000000015,37.27954798261754,17.0
-1,-100.95876620299086,20.04367821759252,51.0,57.60000000000003,43.35876620299082,20.0
-1,-80.76028544919399,15.066103574074068,35.0,38.59200000000001,42.16828544919397,22.0
-1,-126.09366912264834,19.395874638888834,59.0,84.86400000000005,41.22966912264829,19.0
-1,-86.56975013343163,14.587462680555545,44.0,49.344000000000015,37.22575013343161,20.0
-1,-102.85856815504836,15.280274097222216,41.0,47.808000000000014,55.050568155048325,26.0
-1,-63.34318815667389,14.43652450925926,35.0,40.32000000000001,23.02318815667388,12.0
-1,-60.47682071691061,16.588432939814798,44.0,39.744000000000014,20.73282071691059,16.0
-1,-94.74856541045304,17.972171754629592,42.0,43.680000000000014,51.06856541045302,24.0
-1,-104.47312626953249,19.250140472222157,49.0,55.20000000000002,49.27312626953246,22.0
-1,-123.04683845390346,13.871843634259246,47.0,55.87200000000003,67.17483845390343,26.0
-1,-71.4120597391076,13.636481870370377,36.0,42.91200000000001,28.500059739107588,17.0
-1,-90.05372321315899,27.164629912036983,52.0,50.68800000000002,39.365723213158965,14.0
-1,-91.03627121583985,19.33159106018515,40.0,40.89600000000001,50.140271215839824,18.0
-1,-106.95728675722388,17.27284382870366,56.0,62.11200000000004,44.84528675722384,24.0
-1,-82.41659553873959,22.241004532407352,56.0,52.512000000000015,29.904595538739564,14.0
-1,-103.5747939666552,18.647374375,47.0,60.288000000000025,43.28679396665518,19.0
-1,-114.30954923280592,22.47295845833326,54.0,61.92000000000004,52.38954923280589,21.0
-1,-84.41864546786086,15.300854337962964,40.0,43.58400000000002,40.83464546786084,23.0
-1,-108.15560583917843,17.11260525462964,43.0,48.48000000000002,59.67560583917843,22.0
-1,-87.09048700214987,16.562170546296272,42.0,44.73600000000001,42.35448700214987,22.0
-1,-81.78565330858575,14.89127412962963,41.0,46.08000000000002,35.70565330858573,17.0
-1,-88.01011844309697,14.713959361111108,46.0,49.05600000000002,38.95411844309695,22.0
-1,-96.66223643505504,16.17050839814811,42.0,53.08800000000003,43.574236435055006,18.0
-1,-103.93414899378816,20.572326874999952,58.0,62.59200000000003,41.342148993788136,20.0
-1,-111.88253207004884,13.36457118055556,50.0,57.02400000000002,54.85853207004883,24.0
-1,-165.3387943259068,18.04939960185181,77.0,105.40800000000009,59.93079432590674,23.0
-1,-76.70499097945043,20.16426675462959,40.0,41.85600000000001,34.84899097945041,16.0
-1,-149.79261332112952,19.48838176388884,64.0,79.68000000000005,70.11261332112949,20.0
-1,-82.45176918165046,14.517855694444432,36.0,40.992,41.45976918165045,20.0
-1,-85.39673994657917,18.38674955555552,49.0,55.29600000000002,30.10073994657916,15.0
-1,-84.49781857833037,20.78209246296292,45.0,46.56000000000002,37.93781857833034,21.0
-1,-81.70612084262547,13.677583277777774,47.0,55.68000000000002,26.02612084262544,16.0
-1,-110.26848336482615,20.55119096296291,67.0,62.78400000000003,47.48448336482614,20.0
-1,-73.51914314114802,11.359321027777794,30.0,34.272,39.247143141148015,23.0
-1,-89.7053467761117,19.987941763888813,43.0,48.19200000000002,41.51334677611167,18.0
-1,-109.97872580237618,21.46893036574065,57.0,66.81600000000003,43.16272580237615,17.0
-1,-106.81536782408944,21.08966022222217,57.0,56.16000000000003,50.65536782408942,19.0
-1,-118.05589621126742,21.404774648148077,52.0,62.88000000000003,55.175896211267386,21.0
-1,-104.35756250792708,16.250488222222202,44.0,47.71200000000002,56.64556250792705,22.0
-1,-89.2486833858494,20.45995887499993,45.0,48.09600000000002,41.15268338584938,20.0
-1,-119.82752543630832,19.433380495370315,61.0,81.02400000000004,38.80352543630828,19.0
-1,-101.31121590171344,14.977227027777776,42.0,47.61600000000002,53.69521590171342,22.0
-1,-75.4663845540594,24.261149148148096,46.0,40.12800000000001,35.338384554059395,17.0
-1,-96.96348451320576,18.175525749999977,47.0,56.06400000000002,40.89948451320575,22.0
-1,-94.26875430889392,18.86862972685181,49.0,61.632000000000026,32.63675430889391,16.0
-1,-98.59068517169284,22.834907773148124,45.0,44.54400000000001,54.04668517169284,17.0
-1,-98.6628613782563,19.11595032870365,45.0,57.79200000000002,40.87086137825627,21.0
-1,-99.27472253530254,17.83104580555549,45.0,53.376000000000026,45.89872253530252,20.0
-1,-102.89844858244128,18.240618342592526,47.0,51.45600000000001,51.44244858244128,22.0
-1,-104.25095692700953,20.450513749999963,48.0,50.59200000000002,53.65895692700951,19.0
-1,-95.4720237131261,23.296456694444345,50.0,55.96800000000002,39.50402371312609,17.0
-1,-80.08959161550014,18.483620296296262,41.0,49.536000000000016,30.553591615500125,13.0
-1,-104.06407918418414,19.74631615277772,68.0,65.47200000000002,38.59207918418412,19.0
-1,-91.5460725739163,13.646902550925912,43.0,53.37600000000002,38.170072573916286,20.0
-1,-91.91931453149664,16.817393287037017,41.0,54.240000000000016,37.67931453149664,19.0
-1,-102.76931050218607,14.23175893518516,45.0,67.20000000000003,35.56931050218604,17.0
-1,-116.3974900587481,16.4530343194444,51.0,71.23200000000004,45.16549005874806,15.0
-1,-88.71413427259496,15.68808239351851,56.0,53.472000000000016,35.242134272594946,18.0
-1,-99.34677361408248,16.504903518518486,52.0,64.70400000000002,34.642773614082444,17.0
-1,-135.87805161062116,22.62763912499988,63.0,81.02400000000004,54.85405161062111,19.0
-1,-81.83041714841649,17.709049712962933,43.0,48.28800000000002,33.54241714841647,18.0
-1,-101.6205758504906,19.121992078703634,54.0,59.61600000000004,42.00457585049057,18.0
-1,-111.68817498031464,16.603427648148127,46.0,54.24000000000002,57.44817498031461,24.0
-1,-101.00850457864328,14.35537269444444,40.0,52.608000000000025,48.40050457864325,23.0
-1,-96.442167211791,13.024673925925947,38.0,39.45600000000001,56.986167211790985,24.0
-1,-114.53399303161314,15.540986893518498,48.0,57.12000000000001,57.41399303161313,24.0
-1,-85.35599272121843,17.6577197685185,40.0,42.52800000000001,42.827992721218415,18.0
-1,-94.26713794600238,14.423403819444443,39.0,48.86400000000002,45.40313794600237,20.0
-1,-97.93213822740256,15.33920286111111,41.0,40.99200000000001,56.94013822740254,22.0
-1,-93.54942030326086,21.807091111111028,43.0,46.27200000000001,47.27742030326085,19.0
-1,-83.4484527396543,18.91656961111109,48.0,51.64800000000002,31.80045273965429,16.0
-1,-103.38032771581597,19.14326808333331,59.0,61.92000000000003,41.46032771581592,16.0
-1,-96.4432741777144,13.331822523148146,42.0,52.224000000000025,44.219274177714375,21.0
-1,-82.37061397999156,18.444619282407388,40.0,39.64800000000001,42.72261397999155,20.0
-1,-85.59905235849973,9.916741518518531,36.0,40.60800000000001,44.99105235849972,22.0
-1,-94.4070250996336,15.016159884259258,40.0,43.48800000000001,50.9190250996336,25.0
-1,-83.49584356483678,21.86804049074072,46.0,48.192000000000014,35.30384356483677,15.0
-1,-102.32325359642098,16.589844685185145,50.0,60.096000000000025,42.227253596420965,22.0
-1,-96.73745409751628,26.07913510185181,61.0,63.84000000000003,32.89745409751627,16.0
-1,-113.30548807162376,26.68420336111105,62.0,73.53600000000003,39.76948807162373,16.0
-1,-80.43688215292454,11.237365351851851,34.0,45.69600000000001,34.74088215292453,18.0
-1,-95.67849488547316,18.83581486574069,46.0,56.83200000000002,38.84649488547315,19.0
-1,-97.97654556726242,20.80724429629625,55.0,70.56000000000003,27.41654556726239,13.0
-1,-122.80817674387902,17.782890092592513,50.0,63.648000000000025,59.160176743878985,25.0
-1,-118.7885524699314,20.35137112037033,64.0,63.55200000000003,55.23655246993136,23.0
-1,-100.21296427132955,17.92873619907402,49.0,54.43200000000002,45.78096427132954,20.0
-1,-81.20055101148328,18.998686662037,46.0,54.43200000000002,26.768551011483265,12.0
-1,-85.38946794888547,14.62123777777777,38.0,43.29600000000001,42.09346794888546,21.0
-1,-94.97910802591268,14.708535421296288,46.0,54.048000000000016,40.93110802591266,20.0
-1,-104.9110498000684,15.94071681018515,49.0,64.32000000000004,40.59104980006836,20.0
-1,-122.76805649006448,18.843331398148106,46.0,59.61600000000002,63.152056490064446,23.0
-1,-89.05160206648844,17.588739361111053,35.0,45.40800000000001,43.64360206648844,21.0
-1,-80.439050965371,12.503509615740729,37.0,43.10400000000002,37.335050965370975,22.0
-1,-73.05817999735015,16.219093861111087,41.0,45.88800000000002,27.17017999735013,17.0
-1,-88.89051795191432,15.419183657407416,40.0,42.91200000000001,45.97851795191431,20.0
-1,-94.76848528035003,13.656268967592602,39.0,40.608,54.16048528035003,25.0
-1,-96.04075175276724,10.529689814814818,44.0,66.43200000000003,29.608751752767223,17.0
-1,-70.60041120106922,16.731093064814807,41.0,38.208000000000006,32.392411201069216,17.0
-1,-122.6373772075678,20.31632999537032,59.0,61.34400000000005,61.293377207567744,22.0
-1,-99.03667537925396,14.22285281944445,32.0,45.31200000000001,53.724675379253945,23.0
-1,-103.05693957542223,16.60788404166663,47.0,54.81600000000002,48.2409395754222,18.0
-1,-104.43280478589556,15.587066277777753,41.0,54.43200000000002,50.00080478589555,20.0
-1,-100.83553380625456,24.947394449073997,55.0,59.13600000000003,41.69953380625451,16.0
-1,-92.49340716243402,19.99064989814811,48.0,55.68000000000002,36.813407162434,17.0
-1,-130.88977761246284,20.60863600462953,56.0,63.26400000000003,67.6257776124628,21.0
-1,-98.1371311448676,18.903365490740704,42.0,47.52000000000002,50.61713114486759,21.0
-1,-86.17192117808086,18.152257300925907,50.0,54.33600000000002,31.83592117808084,19.0
-1,-80.43215872182938,16.455444069444408,39.0,50.68800000000002,29.74415872182936,17.0
-1,-144.98909561314258,23.67739948611101,64.0,79.87200000000004,65.11709561314255,21.0
-1,-102.78625043685592,21.345408601851787,52.0,60.19200000000002,42.5942504368559,19.0
-1,-107.9508912367683,21.035530236111036,51.0,52.800000000000026,55.150891236768274,20.0
-1,-106.67751728513343,23.86158835185176,48.0,56.352000000000025,50.32551728513342,19.0
-1,-94.79354755823428,19.57449852314809,41.0,46.176000000000016,48.61754755823426,21.0
-1,-113.479660255366,17.582251009259195,53.0,58.08000000000003,55.39966025536597,23.0
-1,-98.43279181099766,20.264717907407345,60.0,56.16000000000003,42.27279181099763,19.0
-1,-122.4353578450612,16.829284851851824,47.0,54.81600000000002,67.61935784506117,24.0
-1,-109.33139219511236,19.12272317129624,41.0,50.112000000000016,59.21939219511235,23.0
-1,-107.66902258205404,26.60400088888884,76.0,61.056000000000026,46.61302258205399,19.0
-1,-80.8663924244905,14.302577393518495,43.0,50.59200000000001,30.274392424490493,19.0
-1,-118.96328898728235,21.817402439814742,50.0,59.13600000000002,59.82728898728233,22.0
-1,-87.66639307744227,13.650973240740743,38.0,44.35200000000001,43.314393077442254,21.0
-1,-87.58813942514375,20.965546467592603,52.0,61.34400000000002,26.24413942514373,15.0
-1,-83.52052290163114,12.622615527777766,42.0,52.704000000000015,30.81652290163112,22.0
-1,-92.4926339944902,19.821642768518508,51.0,57.79200000000003,34.700633994490175,17.0
-1,-77.51758338936958,20.422441481481428,41.0,44.64000000000002,32.87758338936956,14.0
-1,-90.47115823175346,16.045299157407406,49.0,46.94400000000002,43.52715823175345,21.0
-1,-111.46152590026442,24.873919175925867,63.0,64.60800000000003,46.85352590026439,18.0
-1,-101.55739633458684,17.558928967592546,44.0,50.112000000000016,51.4453963345868,23.0
-1,-92.7400405585163,23.249631027777724,50.0,53.664000000000016,39.07604055851628,16.0
-1,-110.87942892592652,18.852122041666615,50.0,57.02400000000002,53.85542892592652,21.0
-1,-75.42084835503684,18.947976439814777,38.0,46.94400000000002,28.47684835503681,13.0
-1,-88.58898608021757,14.891504374999984,45.0,49.63200000000002,38.95698608021755,20.0
-1,-75.68353833750942,15.459160069444431,44.0,51.360000000000014,24.323538337509405,14.0
-1,-136.55678888359293,23.712205097222128,63.0,93.98400000000004,42.572788883592885,22.0
-1,-91.71637262255554,16.76008092592592,38.0,43.20000000000001,48.51637262255553,22.0
-1,-85.74016367899159,13.168138703703717,45.0,45.69600000000002,40.04416367899158,22.0
-1,-80.89736826919203,16.861631930555554,35.0,41.472000000000016,39.42536826919201,20.0
-1,-100.70125925175422,23.0099478888888,63.0,60.864000000000026,39.8372592517542,21.0
-1,-88.48901210616751,26.092888912037026,54.0,54.14400000000002,34.34501210616749,17.0
-1,-94.26979236067936,18.90639855555551,48.0,52.89600000000002,41.37379236067934,18.0
-1,-100.87786301234266,16.33839281944443,64.0,68.16000000000003,32.71786301234263,15.0
-1,-116.02341700128488,16.7786919722222,51.0,64.32000000000002,51.703417001284855,22.0
-1,-97.3895417044226,13.978258231481448,59.0,62.208000000000034,35.18154170442257,22.0
-1,-94.90087823612735,19.08415156944436,45.0,60.76800000000003,34.13287823612733,20.0
-1,-73.329081908973,23.12776168518516,48.0,50.97600000000002,22.35308190897298,11.0
-1,-90.49138106783346,17.821117824074054,49.0,56.35200000000002,34.13938106783343,20.0
-1,-158.88296609167662,17.868497740740704,64.0,87.07200000000005,71.81096609167659,23.0
-1,-94.75843322768064,18.096521888888816,42.0,55.39200000000002,39.366433227680645,21.0
-1,-87.99037030225611,18.15410434259256,46.0,52.60800000000001,35.3823703022561,18.0
-1,-81.03913711992197,20.16157013888887,49.0,51.840000000000025,29.199137119921943,15.0
-1,-76.09133923587898,14.635721101851829,35.0,45.21600000000001,30.875339235878965,19.0
-1,-69.14135357192421,14.408819921296296,36.0,41.95200000000001,27.189353571924208,14.0
-1,-95.27582100181988,19.785847138888798,47.0,51.64800000000002,43.627821001819854,21.0
-1,-88.91918745187495,21.64531893981476,46.0,52.89600000000002,36.023187451874925,18.0
-1,-86.86210904114435,20.45903965740735,45.0,52.416000000000025,34.44610904114432,19.0
-1,-96.54673323890836,16.25071366666664,41.0,50.59200000000002,45.954733238908325,24.0
-1,-78.65222616463404,23.68611824537033,58.0,65.66400000000003,12.988226164634016,8.0
-1,-113.35598829726048,20.411700203703592,69.0,78.33600000000004,35.01998829726042,19.0
-1,-237.68055019885196,18.615909601851836,106.0,173.8560000000001,63.82455019885182,22.0
-1,-78.21894726227407,21.160758087962915,46.0,48.28800000000002,29.930947262274053,15.0
-1,-104.02605338789886,20.419442490740675,47.0,57.88800000000002,46.13805338789884,21.0
-1,-79.43548283279613,17.270024837962932,50.0,50.30400000000001,29.13148283279612,15.0
-1,-78.81776140949792,17.413379865740694,43.0,48.19200000000002,30.62576140949789,16.0
-1,-103.26352592982056,17.416664527777737,46.0,66.72000000000003,36.54352592982054,19.0
-1,-100.64070352940966,24.447745870370294,59.0,56.544000000000025,44.09670352940964,19.0
-1,-89.56274048580518,22.21206996759256,52.0,53.184000000000026,36.37874048580515,17.0
-1,-101.92788549471638,11.88033389351851,40.0,51.64800000000002,50.27988549471635,28.0
-1,-137.74687828362983,15.640710717592569,57.0,69.31200000000004,68.43487828362979,26.0
-1,-87.27072942748167,16.652592106481464,42.0,54.33600000000002,32.93472942748165,15.0
-1,-91.10544699097407,13.516215393518534,40.0,50.78400000000002,40.32144699097406,20.0
-1,-88.10580670011717,23.1201585972222,57.0,65.47200000000001,22.63380670011717,11.0
-1,-174.13185492899197,21.17460909722208,72.0,104.44800000000008,69.68385492899189,23.0
-1,-93.1509455300625,18.78977668981477,54.0,62.11200000000003,31.038945530062463,16.0
-1,-96.41182247197864,20.6973468796296,51.0,49.440000000000026,46.97182247197861,18.0
-1,-96.51544814304518,26.09569229629622,56.0,60.48000000000003,36.03544814304514,17.0
-1,-97.97727779097224,14.072116018518532,37.0,43.872000000000014,54.10527779097224,23.0
-1,-83.76788200703017,18.744337374999983,46.0,44.16000000000002,39.60788200703015,16.0
-1,-87.80682227078383,17.522706972222196,47.0,48.76800000000002,39.03882227078381,18.0
-1,-78.321300689131,17.33610197222221,42.0,39.64800000000001,38.67330068913099,18.0
-1,-84.78671446533181,18.057523124999975,46.0,45.50400000000001,39.28271446533181,18.0
-1,-87.5068881534855,17.39758691666665,45.0,53.28000000000002,34.22688815348548,19.0
-1,-85.85599877191935,17.564447879629594,44.0,44.64000000000002,41.21599877191933,22.0
-1,-116.58710272393311,20.173068236111018,54.0,67.39200000000004,49.19510272393308,20.0
-1,-116.38327088387224,15.623368180555532,48.0,53.28000000000002,63.10327088387221,24.0
-1,-125.34294671974776,20.8159418842592,54.0,63.840000000000025,61.50294671974774,21.0
-1,-76.89383010112122,19.310105694444417,50.0,57.02400000000003,19.869830101121195,13.0
-1,-84.44452030614221,20.488538754629584,52.0,50.49600000000002,33.948520306142186,18.0
-1,-104.97359754087188,24.7520589027777,55.0,62.400000000000034,42.57359754087184,16.0
-1,-84.10453039617326,15.845499634259234,37.0,48.48000000000002,35.624530396173235,20.0
-1,-102.59599593360082,16.507841060185157,50.0,57.98400000000003,44.61199593360079,20.0
-1,-165.11890417798176,15.819353236111096,65.0,110.59200000000008,54.5269041779817,21.0
-1,-119.3537347952684,21.353091643518475,67.0,80.06400000000005,39.28973479526834,17.0
-1,-87.23210854505427,15.62524872222222,43.0,42.81600000000001,44.41610854505426,21.0
-1,-74.49229247371156,10.341386055555544,41.0,39.936,34.55629247371155,19.0
-1,-100.85178536069373,19.556470995370315,58.0,58.56000000000002,42.29178536069369,21.0
-1,-59.82988115651702,15.202358291666664,38.0,40.704000000000015,19.125881156517007,12.0
-1,-88.44375597298793,15.8265611574074,51.0,59.42400000000003,29.01975597298789,15.0
-1,-110.1961823825454,20.460754990740675,49.0,58.94400000000002,51.25218238254537,21.0
-1,-137.08348673941205,18.93888018981473,69.0,90.52800000000003,46.555486739412,22.0
-1,-83.5357447814128,18.50626386111107,49.0,50.78400000000002,32.751744781412775,14.0
-1,-105.10237576853903,17.061874305555524,51.0,57.98400000000003,47.11837576853903,25.0
-1,-101.69941457256148,19.396726722222144,44.0,55.39200000000002,46.30741457256145,22.0
-1,-86.61028278358398,17.256236157407365,38.0,41.28000000000001,45.33028278358397,20.0
-1,-101.4587037076364,12.699736481481468,42.0,47.04000000000002,54.418703707636375,25.0
-1,-120.15258710216938,18.905059782407324,50.0,67.58400000000003,52.56858710216935,23.0
-1,-87.7242908138741,15.975631115740727,41.0,52.51200000000002,35.212290813874084,16.0
-1,-73.50471455216083,11.680704944444445,39.0,40.896,32.60871455216083,17.0
-1,-96.40060108503636,18.7832712268518,52.0,57.216000000000015,39.18460108503636,19.0
-1,-74.9730411187384,21.943255236111085,45.0,42.81600000000001,32.15704111873838,17.0
-1,-116.40512814316128,9.843268796296297,41.0,46.368000000000016,70.03712814316127,28.0
-1,-111.205118043279,19.681150592592537,59.0,68.73600000000003,42.46911804327899,19.0
-1,-73.3089756858242,16.4827109861111,40.0,37.728,35.58097568582419,17.0
-1,-119.1891685589854,22.87529718518513,57.0,71.04000000000003,48.149168558985366,18.0
-1,-130.0640543056231,19.280693944444376,54.0,67.58400000000003,62.48005430562307,21.0
-1,-105.29145028334096,17.065571347222175,43.0,44.16000000000001,61.13145028334095,23.0
-1,-90.22728077733096,15.983573300925936,51.0,50.40000000000003,39.82728077733092,19.0
-1,-81.40620695739361,18.8327427685185,43.0,56.73600000000002,24.670206957393585,15.0
-1,-92.8884509443684,20.527206865740684,46.0,54.81600000000002,38.072450944368384,18.0
-1,-94.56253221888704,18.698528124999957,40.0,49.536000000000016,45.02653221888701,20.0
-1,-69.63382265817368,15.013680199074066,38.0,42.048,27.585822658173683,12.0
-1,-92.56066446675356,13.589740675925912,34.0,42.52800000000001,50.03266446675356,24.0
-1,-66.33801354337072,10.442476138888884,34.0,36.67200000000001,29.66601354337071,18.0
-1,-104.46837458462844,19.121150717592517,47.0,61.056000000000026,43.41237458462842,19.0
-1,-87.88814037991682,27.334655796296257,55.0,55.20000000000002,32.68814037991679,16.0
-1,-71.67090530169438,14.578136546296308,36.0,37.824,33.84690530169438,15.0
-1,-117.95879175780011,9.803810305555569,52.0,72.96000000000002,44.9987917578001,27.0
-1,-89.8226591031732,20.533140018518463,48.0,57.120000000000026,32.70265910317317,17.0
-1,-127.3689867140374,16.8135083055555,50.0,63.07200000000003,64.29698671403737,26.0
-1,-83.61659963949529,16.65344863425924,45.0,57.88800000000003,25.728599639495272,14.0
-1,-83.92664211209014,18.434258023148107,36.0,45.69600000000001,38.23064211209012,19.0
-1,-90.39136258483504,19.54098332407404,60.0,64.60800000000002,25.783362584835015,15.0
-1,-112.2350291704278,14.902512212962929,50.0,69.60000000000004,42.63502917042775,20.0
-1,-99.2532277319348,21.600054189814745,47.0,62.30400000000002,36.94922773193477,17.0
-1,-127.38482664683866,17.909724069444405,53.0,67.68000000000004,59.70482664683863,21.0
-1,-85.81252233308493,17.41379826388887,41.0,46.56000000000002,39.25252233308491,22.0
-1,-77.1398456799121,9.773491592592604,35.0,42.14400000000002,34.99584567991209,20.0
-1,-85.66045169729749,20.844789370370343,46.0,54.72000000000003,30.940451697297465,13.0
-1,-76.47166774013644,14.568930337962962,35.0,42.72000000000001,33.75166774013642,17.0
-1,-140.6991198623822,19.342561351851774,57.0,81.60000000000004,59.09911986238215,22.0
-1,-90.47504077957396,20.61612895370366,43.0,49.92000000000002,40.55504077957394,19.0
-1,-95.59556695156203,19.80103953703699,49.0,55.00800000000002,40.587566951562,20.0
-1,-101.60782614630926,16.951410569444427,52.0,57.696000000000026,43.91182614630924,21.0
-1,-91.53667468793071,17.560937203703684,53.0,57.69600000000002,33.84067468793069,17.0
-1,-162.37612524665667,17.276946671296255,69.0,107.71200000000006,54.6641252466566,25.0
-1,-85.4663724152871,17.26606449999995,48.0,60.76800000000003,24.698372415287068,14.0
-1,-89.39443020220062,12.227003333333336,36.0,46.46400000000001,42.93043020220061,22.0
-1,-91.18458220420229,16.902153231481446,49.0,62.88000000000003,28.30458220420225,16.0
-1,-125.2601867173463,21.22313876388881,55.0,73.05600000000004,52.20418671734627,20.0
-1,-113.37328080250352,14.61788102777777,52.0,69.88800000000003,43.485280802503496,21.0
-1,-82.96495201450894,18.030993412037,46.0,45.12000000000001,37.84495201450893,19.0
-1,-102.03494078798404,20.835571222222164,48.0,52.51200000000002,49.522940787984,20.0
-1,-79.34195755528056,22.44410054166664,46.0,49.632000000000026,29.709957555280536,13.0
-1,-101.75098651071966,18.213012009259234,40.0,49.728000000000016,52.02298651071964,20.0
-1,-261.9516063195831,20.15822667592584,114.0,192.76800000000011,69.18360631958294,23.0
-1,-85.8153437820839,16.79596654166664,49.0,58.56000000000002,27.255343782083877,17.0
-1,-108.54815241132076,19.20412130555552,61.0,75.55200000000004,32.996152411320715,16.0
-1,-87.20851538970618,21.91733188888886,47.0,46.84800000000002,40.360515389706165,19.0
-1,-91.5834191319478,13.878885152777793,41.0,43.296000000000014,48.2874191319478,24.0
-1,-86.74569543490426,14.015517087962946,37.0,46.94400000000001,39.801695434904246,21.0
-1,-97.48881661792772,27.654009101851788,55.0,64.60800000000003,32.88081661792767,14.0
-1,-72.62191376135124,16.957759129629604,45.0,47.616000000000014,25.005913761351223,16.0
-1,-78.70547647201131,19.505426263888832,41.0,48.480000000000025,30.225476472011287,16.0
-1,-102.80056017952532,19.243760759259214,48.0,58.176000000000016,44.6245601795253,21.0
-1,-74.85901864958387,17.518298009259247,43.0,54.14400000000002,20.715018649583847,15.0
-1,-89.4172943110124,16.274403435185164,42.0,53.56800000000001,35.84929431101239,20.0
-1,-89.34623592400072,18.269678773148105,43.0,41.95200000000002,47.394235924000704,24.0
-1,-98.53674128771353,19.136081624999942,47.0,52.80000000000002,45.73674128771351,21.0
-1,-81.07365488234623,18.717692129629576,43.0,49.536000000000016,31.537654882346217,16.0
-1,-89.14568187289154,21.298293416666628,45.0,57.88800000000002,31.257681872891524,16.0
-1,-87.35715645898941,14.823583546296314,44.0,54.14400000000003,33.213156458989374,18.0
-1,-113.90809520944596,18.151469749999915,53.0,70.75200000000004,43.15609520944593,22.0
-1,-90.13592554611024,14.572064749999994,42.0,55.48800000000002,34.64792554611022,21.0
-1,-102.32398490251616,19.438551439814788,49.0,62.97600000000003,39.34798490251615,18.0
-1,-91.10285801652294,14.154515671296322,44.0,49.536000000000016,41.56685801652293,23.0
-1,-115.39453107669576,12.68251251388888,49.0,56.44800000000002,58.94653107669575,24.0
-1,-95.14138959412728,25.00114104166661,54.0,59.42400000000003,35.717389594127255,17.0
-1,-82.74879306782617,20.223636680555508,44.0,46.656000000000006,36.092793067826165,21.0
-1,-93.20872564526772,19.42524531481476,48.0,51.93600000000003,41.27272564526769,17.0
-1,-75.36423529911423,16.55251041203703,39.0,39.168000000000006,36.19623529911423,16.0
-1,-98.4773287527489,16.019313078703693,45.0,51.64800000000002,46.829328752748886,25.0
-1,-111.9272852629442,19.60697421296291,54.0,62.49600000000003,49.43128526294416,20.0
-1,-70.29434847240262,16.272944569444434,41.0,42.52800000000002,27.7663484724026,15.0
-1,-92.16659405048964,19.754018643518457,44.0,51.36000000000002,40.80659405048961,19.0
-1,-95.25954552113323,17.554289032407382,56.0,58.65600000000002,36.60354552113323,18.0
-1,-82.18943305640006,23.369695856481457,44.0,49.82400000000002,32.36543305640004,19.0
-1,-72.24402357775372,17.68269547685185,56.0,46.94400000000002,25.3000235777537,17.0
-1,-92.54474581571884,24.576248819444366,54.0,53.568000000000026,38.97674581571882,19.0
-1,-81.9906577362656,14.188856249999974,47.0,53.37600000000002,28.614657736265578,15.0
-1,-86.35188219869988,18.81418676388885,49.0,51.45600000000002,34.895882198699866,16.0
-1,-95.6854423295098,19.723534023148147,46.0,55.48800000000003,40.19744232950978,19.0
-1,-96.36693099340732,18.998900055555527,46.0,56.736000000000026,39.6309309934073,18.0
-1,-79.76215599520475,17.95078349074074,36.0,42.528000000000006,37.234155995204745,19.0
-1,-98.58117363496744,16.12998233333331,41.0,52.80000000000002,45.78117363496741,21.0
-1,-96.87512665591358,13.851928638888896,42.0,51.07200000000002,45.80312665591356,22.0
-1,-93.20063970957683,18.492540569444422,50.0,51.45600000000002,41.74463970957683,21.0
-1,-83.86092415700692,16.641888601851825,40.0,43.58400000000002,40.2769241570069,20.0
-1,-82.9341101949451,19.086180245370343,44.0,50.01600000000002,32.918110194945086,18.0
-1,-113.11577919800084,16.679294731481445,51.0,62.88000000000003,50.23577919800081,21.0
-1,-93.18631989094388,16.357713412036983,42.0,57.60000000000002,35.58631989094386,20.0
-1,-133.3302599327567,19.17505015740735,57.0,63.93600000000004,69.39425993275664,23.0
-1,-93.76957202900748,10.581497439814823,39.0,50.304000000000016,43.46557202900747,21.0
-1,-79.7965903992582,16.560861203703706,45.0,48.67200000000002,31.124590399258192,15.0
-1,-102.93697748672167,18.113961611111066,58.0,56.83200000000004,46.10497748672163,22.0
-1,-99.1572023277102,16.860454509259235,44.0,51.07200000000002,48.085202327710185,21.0
-1,-97.34325727009444,19.499278745370297,46.0,52.032000000000025,45.3112572700944,21.0
-1,-91.82736803517994,21.02289887037032,50.0,61.440000000000026,30.387368035179925,19.0
-1,-96.51964988253704,22.42738235185182,61.0,67.77600000000002,28.74364988253702,17.0
-1,-92.7836723562528,18.734410865740728,57.0,59.80800000000002,32.97567235625278,18.0
-1,-114.53967201873613,25.65896063888881,56.0,62.208000000000034,52.33167201873608,20.0
-1,-95.7000638377172,17.732871671296234,55.0,61.63200000000004,34.068063837717155,16.0
-1,-98.58846576191532,16.0069496759259,55.0,57.312000000000026,41.2764657619153,19.0
-1,-83.15507809223746,15.119042833333346,42.0,46.75200000000001,36.40307809223746,19.0
-1,-101.90112370639277,18.663926527777743,53.0,62.400000000000034,39.50112370639272,18.0
-1,-97.48990683616228,17.380247708333282,55.0,68.83200000000004,28.65790683616225,15.0
-1,-116.65512917703208,17.41153422222218,52.0,72.38400000000004,44.27112917703204,20.0
-1,-95.89783215347497,16.678476805555505,45.0,55.00800000000003,40.88983215347493,21.0
-1,-92.96534228185006,22.3052824444444,51.0,61.056000000000026,31.90934228185003,13.0
-1,-54.22061338103224,19.91320268055555,42.0,41.280000000000015,12.940613381032229,11.0
-1,-110.17996535298158,15.740585615740711,46.0,55.87200000000003,54.30796535298155,22.0
-1,-89.13252321586445,21.19752079166661,50.0,58.36800000000003,30.764523215864426,14.0
-1,-93.48880069268624,21.952128722222177,48.0,57.31200000000003,36.176800692686186,15.0
-1,-90.64261474963472,17.185443499999977,45.0,51.360000000000014,39.2826147496347,20.0
-1,-96.92514941373706,18.34911849999998,44.0,49.920000000000016,47.00514941373704,20.0
-1,-99.18259696604032,15.771937587962938,49.0,56.928000000000026,42.25459696604028,23.0
-1,-64.09987429024658,15.349339768518524,41.0,44.448,19.65187429024657,12.0
-1,-90.45388142518512,15.945699671296303,45.0,42.72000000000001,47.733881425185125,22.0
-1,-93.595813933651,17.109726087962937,46.0,52.32000000000002,41.27581393365096,18.0
-1,-103.39097161707052,27.38551876851844,63.0,66.52800000000003,36.862971617070485,18.0
-1,-77.71683126602125,25.655295574074025,53.0,50.11200000000002,27.60483126602122,12.0
-1,-83.40221731909715,15.126946495370383,47.0,55.00800000000002,28.394217319097127,16.0
-1,-82.98864277626356,14.403859296296313,40.0,48.57600000000002,34.41264277626353,14.0
-1,-77.44272018333061,16.974376550925886,41.0,45.69600000000002,31.74672018333059,19.0
-1,-100.28318259242948,13.611391814814825,39.0,52.416000000000025,47.86718259242946,22.0
-1,-116.39851840310764,17.630712310185135,50.0,67.68000000000004,48.71851840310761,21.0
-1,-79.68592601899252,14.343437324074058,40.0,51.26400000000002,28.4219260189925,18.0
-1,-86.03419272105481,22.58743347685181,54.0,59.32800000000004,26.70619272105477,15.0
-1,-104.77188362646687,23.443130976851798,51.0,62.40000000000003,42.37188362646686,17.0
-1,-92.59360931638102,17.08870601388886,39.0,53.56800000000002,39.02560931638101,17.0
-1,-89.22513390271759,14.212096986111089,37.0,44.25600000000002,44.969133902717566,23.0
-1,-91.07264113966409,22.149248310185133,57.0,60.96000000000002,30.112641139664056,15.0
-1,-99.39525930283509,24.96944581944442,59.0,57.79200000000003,41.60325930283505,17.0
-1,-127.73185615032676,14.98219471296292,69.0,96.28800000000008,31.443856150326692,18.0
-1,-93.08200436215628,19.376087564814764,50.0,56.64000000000003,36.44200436215626,17.0
-1,-86.69906085271933,18.374007499999976,50.0,48.00000000000002,38.699060852719306,22.0
-1,-98.16573834022536,19.779446888888877,46.0,52.224000000000025,45.941738340225314,19.0
-1,-93.41209161207478,15.290068763888884,45.0,49.05600000000002,44.35609161207476,21.0
-1,-93.56596922175876,16.118172263888855,51.0,65.37600000000003,28.189969221758734,15.0
-1,-91.28081341937504,18.922553097222217,50.0,59.04000000000003,32.240813419375016,16.0
-1,-86.05435058389608,19.521638601851823,47.0,54.52800000000003,31.52635058389606,15.0
-1,-116.56129650109062,16.960088412036978,53.0,70.27200000000003,46.28929650109059,21.0
-1,-98.20523851564108,14.693856199074077,38.0,41.85600000000001,56.34923851564108,24.0
-1,-87.44871082208283,21.05856682870368,44.0,51.74400000000002,35.7047108220828,15.0
-1,-114.5913333945464,15.825139277777753,52.0,59.32800000000003,55.263333394546365,25.0
-1,-108.30666049898244,14.410936305555524,50.0,60.672000000000025,47.63466049898242,21.0
-1,-79.51602692635508,15.246790870370369,38.0,43.680000000000014,35.83602692635507,17.0
-1,-106.683774836282,16.53768286111107,48.0,58.94400000000003,47.73977483628197,22.0
-1,-108.27841309695496,16.514757018518495,61.0,57.696000000000026,50.58241309695494,22.0
-1,-68.85378361686084,19.78803512499999,49.0,49.440000000000005,19.41378361686084,11.0
-1,-112.70274654603898,24.22966847685178,66.0,77.08800000000004,35.61474654603895,15.0
-1,-97.87041830653796,12.768280518518516,42.0,48.86400000000002,49.00641830653794,22.0
-1,-77.01998630023735,16.41588070833333,50.0,50.88000000000002,26.13998630023734,14.0
-1,-93.976362301273,18.71746264814809,43.0,61.72800000000002,32.248362301272984,17.0
-1,-95.03847118533444,15.604632310185158,41.0,49.536000000000016,45.502471185334414,24.0
-1,-96.286650532368,18.06750857870365,44.0,51.55200000000002,44.73465053236799,23.0
-1,-105.30782024212932,20.88058340277773,50.0,55.87200000000003,49.43582024212929,23.0
-1,-98.38903152084568,15.987449180555526,46.0,59.32800000000002,39.06103152084568,22.0
-1,-88.76530634340968,22.444879439814763,47.0,54.33600000000003,34.42930634340965,16.0
-1,-73.76446525119651,22.773950180555552,44.0,46.46400000000002,27.300465251196496,14.0
-1,-96.79499168570196,22.110367523148085,44.0,45.984000000000016,50.81099168570197,20.0
-1,-75.840140346418,17.553234722222214,40.0,46.65600000000002,29.18414034641798,17.0
-1,-87.48963541328791,17.816324115740734,47.0,47.90400000000002,39.5856354132879,20.0
-1,-88.788108582354,14.874653694444431,43.0,48.57600000000002,40.21210858235398,22.0
-1,-84.86590353019025,20.51786964814812,61.0,60.00000000000003,24.86590353019022,15.0
-1,-70.27958537376718,15.280662064814813,42.0,52.224000000000025,18.055585373767148,10.0
-1,-110.3421066507996,15.808822689814816,49.0,59.42400000000002,50.91810665079959,25.0
-1,-112.36278467118564,14.192795374999983,58.0,66.04800000000003,46.314784671185606,21.0
-1,-98.23432499746642,20.20548557870368,53.0,65.56800000000003,32.66632499746639,17.0
-1,-78.36973401955377,15.745448745370355,46.0,53.568000000000026,24.80173401955375,15.0
-1,-64.62221426879441,16.328862546296296,40.0,47.424000000000014,17.198214268794402,8.0
-1,-103.54773620209076,16.45685835185185,55.0,55.58400000000002,47.96373620209076,23.0
-1,-98.38465033204204,18.07197538425921,54.0,54.91200000000002,43.47265033204201,19.0
-1,-88.95869316306577,22.56769783333327,46.0,53.85600000000002,35.10269316306575,15.0
-1,-111.08314022915602,16.9210362407407,43.0,56.83200000000003,54.25114022915599,23.0
-1,-163.22592856910796,18.773109995370337,76.0,92.16000000000004,71.06592856910792,24.0
-1,-120.65783269439774,17.379269699074058,49.0,55.48800000000002,65.16983269439771,24.0
-1,-81.16907033771986,13.886168851851847,41.0,44.16000000000001,37.00907033771985,20.0
-1,-80.15167035400054,22.76551703240741,49.0,48.76800000000002,31.38367035400053,15.0
-1,-135.8384751159762,22.577236166666623,65.0,91.96800000000006,43.87047511597613,18.0
-1,-78.55753318506638,13.493151129629654,29.0,39.264,39.29353318506638,21.0
-1,-88.90081531933222,16.01028952777777,34.0,38.304,50.59681531933223,23.0
-1,-97.37931090403951,13.451614472222214,39.0,52.896000000000015,44.48331090403952,22.0
-1,-108.83153297047453,16.40349322685182,49.0,62.11200000000002,46.71953297047448,23.0
-1,-103.50902256057364,18.14307345370365,50.0,64.99200000000003,38.5170225605736,19.0
-1,-109.8651308533891,19.543380712962893,58.0,72.09600000000003,37.76913085338908,20.0
-1,-99.75261032374472,21.71574352314812,53.0,56.64000000000003,43.1126103237447,18.0
-1,-126.95471845117407,24.781102143518417,59.0,68.16000000000004,58.79471845117405,21.0
-1,-91.90155397827462,18.619851671296257,42.0,48.96000000000002,42.9415539782746,20.0
-1,-95.79230294096796,15.184080842592586,45.0,43.296000000000014,52.49630294096795,23.0
-1,-83.8300187728887,17.07325130092588,43.0,47.52000000000001,36.3100187728887,21.0
-1,-111.03831249888584,19.11204749537035,52.0,58.36800000000002,52.6703124988858,21.0
-1,-82.36121076922143,14.780300634259245,41.0,49.728000000000016,32.633210769221414,19.0
-1,-72.90464918660834,13.397689504629628,41.0,46.27200000000002,26.63264918660833,16.0
-1,-116.9685917102172,19.22570820833328,54.0,68.16000000000004,48.80859171021717,18.0
-1,-88.15360739450837,14.337377907407388,58.0,62.78400000000001,25.369607394508357,16.0
-1,-89.23488825590209,17.728912314814778,42.0,46.08000000000002,43.15488825590207,20.0
-1,-84.6518036227795,19.74311698611109,59.0,68.06400000000004,16.58780362277946,12.0
-1,-89.25311079565668,23.91731811111105,46.0,47.80800000000003,41.445110795656646,16.0
-1,-101.44737315948674,19.555579254629546,51.0,60.19200000000003,41.25537315948672,21.0
-1,-85.12433796054444,9.087424208333324,43.0,60.672000000000025,24.45233796054442,18.0
-1,-89.35491627111631,14.691388541666653,36.0,49.152000000000015,40.2029162711163,20.0
-1,-94.58421542461292,17.53370813888885,45.0,54.240000000000016,40.344215424612905,18.0
-1,-102.95715298680486,18.29358240740739,56.0,61.632000000000026,41.32515298680483,20.0
-1,-86.46835730847552,15.43209057407407,41.0,44.832000000000015,41.6363573084755,19.0
-1,-103.5197885970017,16.483475634259218,52.0,55.39200000000002,48.12778859700168,24.0
-1,-92.51026354025517,14.706193453703696,39.0,49.82400000000002,42.686263540255126,20.0
-1,-83.46215662070395,17.896492138888885,51.0,48.96000000000002,34.50215662070393,18.0
-1,-84.98713353227363,17.354329805555512,46.0,52.32000000000002,32.66713353227361,19.0
-1,-94.04444579745052,23.899992185185127,52.0,60.76800000000003,33.276445797450485,19.0
-1,-123.4342535256784,15.398634254629624,53.0,63.64800000000004,59.786253525678354,21.0
-1,-84.06948001519146,19.950405597222208,44.0,49.92000000000001,34.14948001519146,17.0
-1,-107.81318111783622,14.875740787037024,59.0,61.824000000000034,45.98918111783619,22.0
-1,-97.25344781844862,16.34423784259259,39.0,45.024000000000015,52.229447818448605,22.0
-1,-85.68394187472603,19.066041407407365,47.0,62.11200000000003,23.571941874726008,13.0
-1,-115.8153288895674,17.95094190277773,61.0,67.00800000000002,48.80732888956737,21.0
-1,-94.0990043235187,15.13339706944443,43.0,47.23200000000002,46.86700432351868,22.0
-1,-67.67039324882734,14.747784847222222,38.0,46.46400000000001,21.206393248827325,15.0
-1,-108.14559274993908,14.583849509259236,47.0,57.79200000000002,50.35359274993906,26.0
-1,-90.45604970799758,20.071170787037023,54.0,53.760000000000026,36.69604970799756,19.0
-1,-89.19072582651474,19.5261737268518,45.0,54.33600000000003,34.85472582651471,18.0
-1,-95.16272823676096,18.57995580555549,50.0,55.29600000000003,39.86672823676092,18.0
-1,-92.2672129934734,16.528359180555537,40.0,44.54400000000001,47.72321299347339,24.0
-1,-108.08724570500452,16.842831884259237,43.0,58.36800000000003,49.7192457050045,20.0
-1,-82.38354859517145,14.908448476851852,40.0,48.38400000000002,33.999548595171426,18.0
-1,-83.23478982604283,16.57720659259257,39.0,52.512000000000015,30.722789826042806,20.0
-1,-95.44536444039318,18.651908023148117,41.0,47.42400000000003,48.02136444039316,20.0
-1,-135.1391412111255,20.140410601851777,61.0,82.94400000000005,52.195141211125446,20.0
-1,-156.0583321011543,21.873022874999947,83.0,94.08000000000008,61.97833210115424,22.0
-1,-104.5957638672782,16.78427969907404,52.0,67.58400000000002,37.01176386727819,19.0
-1,-77.21396642673707,19.19264173148145,46.0,55.48800000000002,21.72596642673706,14.0
-1,-79.75197324728784,22.79997401388886,49.0,52.22400000000002,27.52797324728782,14.0
-1,-104.59757395250966,22.563869078703604,49.0,57.312000000000026,47.28557395250964,21.0
-1,-92.0591457401389,15.046225902777769,44.0,53.56800000000002,38.49114574013888,19.0
-1,-109.95635151491872,15.954884453703691,59.0,69.79200000000003,40.164351514918685,20.0
-1,-85.8158984871522,16.2861805,48.0,52.99200000000002,32.82389848715218,18.0
-1,-95.81363177151182,18.900314018518475,48.0,58.56000000000003,37.25363177151179,15.0
-1,-104.4228311465527,25.69033724999993,68.0,73.15200000000003,31.27083114655267,16.0
-1,-67.77321422513558,16.933044037037035,46.0,53.28000000000002,14.493214225135551,10.0
-1,-94.69059658474517,16.60507873611109,42.0,51.26400000000002,43.42659658474514,20.0
-1,-149.0306044748973,17.250123643518474,63.0,84.96000000000005,64.07060447489727,26.0
-1,-142.50882815859518,19.02242442129623,70.0,100.70400000000006,41.8048281585951,18.0
-1,-94.0108600490082,13.875554902777766,45.0,50.20800000000002,43.80286004900818,19.0
-1,-92.90145124562198,18.191664263888857,44.0,51.360000000000014,41.54145124562198,17.0
-1,-86.65541855160228,19.474286148148117,52.0,57.50400000000002,29.151418551602266,15.0
-1,-75.87096303955408,13.80148789814814,40.0,53.472000000000016,22.39896303955407,14.0
-1,-156.24616662753604,18.20991882870365,71.0,113.76000000000008,42.486166627535965,19.0
-1,-98.3435371244338,16.168635930555535,46.0,50.97600000000002,47.36753712443378,20.0
-1,-96.71779686511388,15.34212734259257,37.0,44.064000000000014,52.65379686511388,23.0
-1,-83.84255540378554,16.79085069444442,49.0,53.088000000000015,30.754555403785524,18.0
-1,-88.57818066097856,13.473126546296276,41.0,51.45600000000002,37.12218066097854,20.0
-1,-67.12114331011287,27.274212319444423,55.0,50.49600000000002,16.625143310112847,9.0
-1,-93.2193627254454,16.857605773148148,62.0,60.00000000000002,33.21936272544537,18.0
-1,-91.16450736041052,22.101139912036984,52.0,54.91200000000003,36.25250736041048,16.0
-1,-138.62355183123424,18.82412766666662,70.0,96.67200000000004,41.95155183123418,20.0
-1,-77.21130031631985,21.234281499999973,43.0,44.448000000000015,32.763300316319835,14.0
-1,-80.45499935129047,21.46701724537033,47.0,51.84000000000002,28.614999351290443,15.0
-1,-98.03587810723744,14.98523957407408,43.0,49.15200000000002,48.883878107237415,23.0
-1,-82.88551080077154,17.124997791666647,40.0,51.07200000000002,31.81351080077152,15.0
-1,-110.76776866731618,15.59458387037036,46.0,54.43200000000002,56.33576866731615,24.0
-1,-109.31964081636512,14.931915541666651,52.0,63.93600000000004,45.38364081636509,20.0
-1,-91.36111670521004,11.893618328703717,36.0,46.27200000000002,45.08911670521002,22.0
-1,-91.99297234603024,18.56986649074072,43.0,50.78400000000002,41.208972346030215,20.0
-1,-86.56226537192791,13.172715958333333,41.0,52.608000000000025,33.954265371927875,20.0
-1,-90.409963728412,12.853420490740712,41.0,53.088000000000015,37.321963728412,18.0
-1,-97.12841726677692,18.224402337962907,49.0,65.47200000000004,31.65641726677689,15.0
-1,-94.39874639970527,22.344090189814807,46.0,49.056000000000026,45.34274639970525,16.0
-1,-80.81783822426134,20.50143759722216,42.0,49.536000000000016,31.28183822426132,16.0
-1,-121.67255132138573,21.82945319907402,53.0,64.51200000000003,57.16055132138568,20.0
-1,-129.02658475762257,18.34087632407404,61.0,82.56000000000004,46.46658475762254,18.0
-1,-80.58714355771073,19.06715707407404,48.0,52.22400000000002,28.36314355771072,16.0
-1,-71.49860235452142,13.599920958333325,37.0,46.65600000000002,24.842602354521404,15.0
-1,-151.00455087293582,17.48219757407405,64.0,84.00000000000004,67.00455087293578,23.0
-1,-84.0605068829161,16.10480728703705,39.0,45.792000000000016,38.268506882916085,18.0
-1,-73.56609508241777,11.280767819444456,35.0,37.53600000000001,36.03009508241776,18.0
-1,-87.77788629140964,13.302425393518524,38.0,49.24800000000001,38.52988629140963,19.0
-1,-95.9404251479846,21.847387527777755,50.0,61.72800000000002,34.21242514798459,17.0
-1,-80.80170568116682,11.621703990740738,35.0,43.58400000000001,37.217705681166805,26.0
-1,-76.35528325972278,16.633691472222186,40.0,47.13600000000001,29.21928325972277,16.0
-1,-107.91287190792974,16.080160606481478,49.0,56.35200000000003,51.56087190792972,24.0
-1,-81.47226193287665,16.44390756944444,38.0,44.73600000000001,36.73626193287664,19.0
-1,-90.48753809888656,15.915090893518531,46.0,55.96800000000003,34.51953809888654,20.0
-1,-81.50777905507746,18.406116037037027,38.0,36.96000000000001,44.54777905507745,20.0
-1,-103.96480187261162,15.807007097222218,46.0,54.04800000000003,49.91680187261158,23.0
-1,-111.8820341916512,20.45386526851849,54.0,53.95200000000003,57.93003419165117,20.0
-1,-112.07498959948552,18.824709361111072,46.0,46.08000000000001,65.9949895994855,23.0
-1,-96.6392575606294,21.45957126388883,44.0,50.59200000000002,46.04725756062937,17.0
-1,-75.922160055171,17.109614680555538,46.0,52.224000000000025,23.698160055170984,14.0
-1,-69.35279188061546,16.32876881944446,37.0,39.936000000000014,29.41679188061544,14.0
-1,-93.30410180379243,19.968023041666623,66.0,71.80800000000002,21.49610180379242,14.0
-1,-81.38183791581096,19.184558435185146,47.0,51.552000000000014,29.829837915810955,16.0
-1,-112.66322009178134,13.540516365740723,44.0,55.00800000000002,57.65522009178131,25.0
-1,-85.80358499541828,19.955762263888804,44.0,48.09600000000002,37.70758499541825,17.0
-1,-92.3894793618475,18.065194824074062,41.0,40.128,52.26147936184751,23.0
-1,-97.25859737370354,15.277150208333316,42.0,55.20000000000002,42.05859737370351,19.0
-1,-86.13365700385421,21.850272745370297,52.0,57.60000000000002,28.533657003854195,13.0
-1,-99.32369519542982,17.112455995370347,40.0,49.44000000000002,49.883695195429794,21.0
-1,-75.33427529337098,17.011136930555544,38.0,42.04800000000001,33.28627529337096,18.0
-1,-109.28447687340189,20.61795472222217,54.0,61.15200000000005,48.13247687340184,19.0
-1,-111.8339152041118,19.835332731481373,48.0,57.02400000000002,54.80991520411177,21.0
-1,-80.12927460812011,19.7647396296296,47.0,46.08000000000001,34.04927460812011,16.0
-1,-92.83316021789376,13.553708578703713,33.0,38.11200000000001,54.72116021789374,25.0
-1,-73.11762861888911,9.770723268518514,36.0,43.10400000000001,30.013628618889108,18.0
-1,-113.3243809339183,18.187695319444405,51.0,64.32000000000004,49.00438093391827,19.0
-1,-82.17098070422954,18.76949872685182,44.0,52.80000000000002,29.370980704229517,19.0
-1,-82.75279887880468,16.380542851851864,41.0,45.216000000000015,37.53679887880467,20.0
-1,-88.47352640270968,21.23560881944441,44.0,52.32000000000002,36.15352640270966,17.0
-1,-85.8708809712274,17.192438365740685,37.0,50.40000000000001,35.47088097122739,17.0
-1,-84.4281809529077,11.414066925925914,41.0,54.048000000000016,30.38018095290768,20.0
-1,-66.05561011400934,18.086552592592565,42.0,48.86400000000001,17.191610114009322,9.0
-1,-84.59800898688529,17.46732513888885,42.0,51.45600000000002,33.14200898688527,17.0
-1,-127.54057143828793,19.46461496296289,58.0,77.66400000000004,49.87657143828788,22.0
-1,-114.5211178892061,18.583478231481436,52.0,61.72800000000003,52.79311788920607,21.0
-1,-90.74198187368992,17.06267296296293,47.0,57.120000000000026,33.62198187368988,19.0
-1,-115.96630463857798,18.00976514351848,50.0,58.46400000000003,57.50230463857795,22.0
-1,-84.57775149425184,13.99515539351853,42.0,44.256000000000014,40.32175149425183,21.0
-1,-124.08052987379496,15.888671115740726,47.0,61.24800000000003,62.83252987379494,25.0
-1,-65.19958040345018,13.343846023148124,36.0,39.64800000000001,25.55158040345017,16.0
-1,-76.60094649986002,16.20313729629629,46.0,48.86400000000002,27.736946499860004,19.0
-1,-88.66037501181304,16.02093656481479,38.0,41.664000000000016,46.99637501181303,23.0
-1,-88.59721250887063,15.787364370370351,39.0,52.992000000000026,35.6052125088706,19.0
-1,-107.42102843318318,22.00781869907401,53.0,64.22400000000003,43.19702843318314,19.0
-1,-90.20675343157995,22.11123548148147,52.0,48.864000000000026,41.34275343157992,15.0
-1,-77.21243367831474,15.854358560185158,44.0,49.15200000000002,28.060433678314716,16.0
-1,-99.98747915314104,18.610159166666644,51.0,59.61600000000003,40.37147915314101,18.0
-1,-225.19683029227983,18.12636748611106,108.0,164.54400000000012,60.652830292279695,23.0
-1,-118.04723185116254,22.12883484722209,53.0,60.86400000000003,57.183231851162496,22.0
-1,-76.12234970452954,20.18958686111107,45.0,46.94400000000002,29.17834970452952,16.0
-1,-74.27280137866296,12.083431601851856,39.0,43.96800000000002,30.30480137866295,18.0
-1,-89.22687146464636,15.00768766666666,36.0,41.56800000000001,47.65887146464635,22.0
-1,-116.00590805666523,22.16188567129622,63.0,76.22400000000003,39.78190805666521,21.0
-1,-81.44242784058346,15.539770606481474,38.0,41.47200000000001,39.97042784058345,20.0
-1,-66.22389233865562,10.512385189814832,35.0,45.408,20.81589233865561,13.0
-1,-115.70603109095956,18.71469327314808,48.0,55.87200000000003,59.83403109095954,22.0
-1,-81.56026164973174,15.923442694444423,42.0,54.43200000000001,27.128261649731737,15.0
-1,-108.72241202940155,18.42823824074068,48.0,59.04000000000003,49.68241202940155,23.0
-1,-82.46006349083879,17.94011247685182,44.0,49.05600000000002,33.40406349083878,19.0
-1,-101.43264322674412,14.281049430555557,53.0,62.11200000000003,39.3206432267441,23.0
-1,-72.53587730162758,13.742783416666663,37.0,39.74400000000001,32.79187730162757,20.0
-1,-89.31512738523267,13.389587296296284,50.0,59.90400000000003,29.411127385232646,19.0
-1,-88.10293609715077,13.018732874999984,48.0,55.29600000000003,32.80693609715075,17.0
-1,-71.3535150181471,13.930218675925904,42.0,41.56800000000001,29.7855150181471,19.0
-1,-94.74608903955529,22.76754953240735,48.0,53.28000000000003,41.46608903955524,18.0
-1,-86.83259822940181,15.44477198148148,43.0,44.640000000000015,42.1925982294018,20.0
-1,-97.34368700107072,18.72976114814812,47.0,58.94400000000003,38.39968700107068,19.0
-1,-75.58961382575309,12.246527212962963,43.0,48.38400000000002,27.205613825753076,13.0
-1,-103.78082255871291,16.300934388888862,41.0,47.61600000000002,56.16482255871289,25.0
-1,-98.90192683938116,18.608741319444416,41.0,42.91200000000001,55.989926839381134,21.0
-1,-82.05453378487778,17.04643712037037,44.0,46.75200000000002,35.30253378487777,16.0
-1,-97.85677206674924,13.947504976851842,41.0,51.74400000000002,46.11277206674923,20.0
-1,-77.22873891019353,13.564365416666664,36.0,50.78400000000001,26.44473891019352,14.0
-1,-87.7506588401873,20.08579868981478,44.0,44.35200000000002,43.39865884018728,17.0
-1,-88.53521262223438,17.600646449074052,44.0,54.24000000000002,34.29521262223436,18.0
-1,-83.4121868259927,17.626524597222186,38.0,53.08800000000002,30.324186825992683,15.0
-1,-86.56695592641299,13.022074097222225,37.0,35.136,51.43095592641299,24.0
-1,-93.88228551747076,20.637197865740685,52.0,57.21600000000002,36.66628551747073,18.0
-1,-87.63947573365348,17.993213597222194,46.0,50.88000000000002,36.75947573365345,18.0
-1,-72.74046598245567,16.704868865740764,39.0,44.92800000000001,27.812465982455667,14.0
-1,-82.2528629820934,19.52163929166661,45.0,49.53600000000002,32.71686298209338,12.0
-1,-101.34230521071608,13.2053934861111,42.0,52.60800000000002,48.73430521071606,22.0
-1,-113.62235135476234,15.044503939814806,43.0,57.02400000000002,56.59835135476232,23.0
-1,-90.28244136401584,17.9699224583333,46.0,50.88000000000002,39.40244136401583,18.0
-1,-113.68184649696887,21.28732918518509,51.0,65.18400000000003,48.49784649696886,19.0
-1,-108.37105980454928,23.18569765740738,53.0,56.83200000000002,51.53905980454925,21.0
-1,-99.40612753202076,12.765020699074087,42.0,40.89600000000001,58.51012753202075,26.0
-1,-135.21062002662575,22.89538037037028,69.0,84.57600000000005,50.63462002662568,19.0
-1,-84.20605681459465,18.77084129166665,40.0,47.04000000000003,37.16605681459462,17.0
-1,-96.18565276853212,11.428066601851832,37.0,49.05600000000002,47.12965276853209,25.0
-1,-93.21543989060808,20.91367161111103,48.0,48.768000000000015,44.44743989060808,17.0
-1,-82.18651009021708,19.54490609259257,52.0,45.98400000000002,36.20251009021706,19.0
-1,-93.99833736873114,21.06463020370367,46.0,48.57600000000002,45.42233736873112,19.0
-1,-221.72211074030156,25.04570187037031,101.0,155.42400000000012,66.29811074030141,22.0
-1,-93.8826783248835,18.735702550925847,41.0,50.49600000000002,43.38667832488348,21.0
-1,-80.1459600483822,13.12407388425926,41.0,42.624,37.52196004838219,21.0
-1,-98.9505192226038,18.216125902777765,46.0,51.45600000000002,47.49451922260376,18.0
-1,-82.2305901936835,22.450821027777728,47.0,50.20800000000002,32.02259019368348,15.0
-1,-79.31807125963265,22.407206680555536,46.0,52.992000000000026,26.326071259632617,11.0
-1,-86.77372449451101,22.83137948611107,53.0,52.99200000000003,33.78172449451099,13.0
-1,-95.6921225095626,21.22456071296291,52.0,61.72800000000002,33.96412250956257,16.0
-1,-110.29835035415118,17.972902185185145,58.0,73.34400000000004,36.954350354151146,16.0
-1,-84.26241936228203,19.70296836574075,45.0,50.304000000000016,33.95841936228202,16.0
-1,-102.012312484454,21.48032680092585,48.0,55.29600000000002,46.71631248445397,20.0
-1,-89.64848376368174,14.610420324074068,40.0,53.184000000000026,36.46448376368171,18.0
-1,-89.81779038799449,14.856924861111082,41.0,49.63200000000001,40.18579038799448,21.0
-1,-92.58557643050406,20.58933726851852,44.0,48.288000000000025,44.29757643050404,18.0
-1,-78.8471397657041,13.706909268518531,37.0,43.296000000000014,35.551139765704086,19.0
-1,-149.9619163263483,12.983634999999984,52.0,69.60000000000004,80.36191632634826,25.0
-1,-82.21247186852435,20.367938898148104,39.0,43.87200000000002,38.34047186852432,19.0
-1,-95.9736356517439,21.062342944444392,50.0,57.696000000000026,38.27763565174388,18.0
-1,-124.0499580423745,20.200285171296205,52.0,62.40000000000003,61.64995804237447,21.0
-1,-79.03604110224755,14.694144624999996,35.0,38.49600000000001,40.54004110224754,23.0
-1,-114.26245427327028,17.379156314814797,53.0,64.03200000000002,50.230454273270254,22.0
-1,-154.7343053371873,27.314011055555465,81.0,94.46400000000006,60.2703053371872,21.0
-1,-104.10789170664302,19.01284575462955,48.0,59.42400000000003,44.68389170664298,17.0
-1,-89.22204555223601,22.92115774074071,48.0,50.11200000000002,39.11004555223599,16.0
-1,-108.23436950052618,18.998820972222184,47.0,67.20000000000002,41.03436950052617,17.0
-1,-88.07021907273511,15.51954018055554,37.0,40.8,47.2702190727351,22.0
-1,-95.88055267941664,18.582187064814743,43.0,52.80000000000002,43.08055267941664,21.0
-1,-117.29008601855332,20.277456736111056,46.0,55.776000000000025,61.51408601855329,20.0
-1,-86.12020349718719,19.1013003472222,51.0,55.10400000000003,31.01620349718716,14.0
-1,-89.39475346093818,20.26397018981479,47.0,48.384000000000015,41.01075346093816,17.0
-1,-87.57715523065292,12.294501444444425,38.0,48.38400000000002,39.1931552306529,19.0
-1,-91.17655429414648,16.54187990740739,46.0,52.512000000000015,38.66455429414646,19.0
-1,-86.10104354967628,15.211944351851834,44.0,51.45600000000001,34.64504354967627,16.0
-1,-107.3672058790041,20.77609805092588,56.0,55.68000000000004,51.68720587900406,19.0
-1,-100.33599129056851,23.254629944444343,59.0,57.69600000000003,42.639991290568496,19.0
-1,-92.8030795930908,18.961452990740717,42.0,55.20000000000002,37.60307959309078,18.0
-1,-93.72918017512085,19.885930907407364,54.0,55.776000000000025,37.95318017512082,18.0
-1,-93.03468532071452,17.00708249074074,45.0,45.69600000000002,47.3386853207145,23.0
-1,-100.92572111770266,24.77450841666659,52.0,54.91200000000002,46.01372111770265,18.0
-1,-92.59822328979072,26.658815009259197,59.0,59.80800000000004,32.79022328979068,13.0
-1,-86.96723455702619,22.30879645370367,48.0,48.09600000000002,38.87123455702618,17.0
-1,-98.35509469602702,22.9559087731481,54.0,58.84800000000003,39.507094696027,17.0
-1,-90.6932118828761,16.650303912037018,39.0,45.984000000000016,44.70921188287608,21.0
-1,-86.05099902863543,15.345885939814853,45.0,44.92800000000002,41.12299902863541,18.0
-1,-124.97679500227318,13.059239481481503,45.0,58.75200000000002,66.22479500227315,26.0
-1,-82.1105377873422,22.286719342592573,51.0,52.32000000000003,29.79053778734217,12.0
-1,-73.83276682860402,18.90564244444441,51.0,51.07200000000002,22.760766828604,15.0
-1,-92.78295113326824,17.782540013888863,46.0,54.91200000000003,37.87095113326821,19.0
-1,-104.390277851539,17.006212907407356,57.0,67.00800000000004,37.38227785153896,17.0
-1,-82.76826806604481,14.250064296296296,37.0,44.64000000000001,38.1282680660448,21.0
-1,-109.74648991246274,18.726452874999964,56.0,63.84000000000004,45.906489912462696,22.0
-1,-76.27689639034588,13.97713697222222,47.0,48.96000000000002,27.31689639034586,13.0
-1,-96.90640715902256,17.002471824074043,45.0,50.78400000000001,46.12240715902255,23.0
-1,-96.4115404294028,14.161392791666666,38.0,46.08000000000001,50.33154042940278,22.0
-1,-94.04271810010005,19.65517789814809,46.0,62.11200000000004,31.930718100099995,17.0
-1,-82.96771158305182,24.261202347222167,46.0,53.56800000000002,29.3997115830518,16.0
-1,-85.19611509064225,19.958841143518484,45.0,52.51200000000002,32.68411509064223,16.0
-1,-119.53045050663344,23.01038672685177,52.0,61.056000000000026,58.47445050663342,22.0
-1,-102.8230450549697,20.944596819444357,47.0,57.12000000000001,45.70304505496968,22.0
-1,-96.53015008207166,19.719141101851804,45.0,57.21600000000003,39.31415008207164,20.0
-1,-100.43394709285997,15.108781907407392,44.0,54.43200000000003,46.00194709285992,22.0
-1,-84.66380065472599,18.52823959259255,38.0,42.24000000000001,42.42380065472598,19.0
-1,-88.19051611970409,13.85609605555554,44.0,52.70400000000003,35.48651611970405,23.0
-1,-91.32609536708244,22.825237208333228,49.0,56.92800000000002,34.39809536708241,16.0
-1,-75.640890345527,15.423593074074052,35.0,40.32000000000001,35.32089034552699,21.0
-1,-72.84332723641499,14.949935324074051,45.0,44.92800000000002,27.91532723641497,16.0
-1,-116.5474660058842,20.68419230555548,51.0,68.92800000000004,47.61946600588415,19.0
-1,-98.05042749092344,19.94870673148145,45.0,49.056000000000026,48.99442749092342,20.0
-1,-81.4547659612923,12.20245268518518,35.0,44.73600000000001,36.71876596129229,18.0
-1,-96.04365788138053,19.89048290740735,61.0,68.44800000000002,27.595657881380504,15.0
-1,-79.98878001070995,15.801243731481463,37.0,44.35200000000001,35.63678001070993,20.0
-1,-87.24954453909345,12.811647999999996,33.0,49.440000000000005,37.80954453909344,24.0
-1,-102.13381051408464,17.845771189814794,52.0,52.416000000000025,49.71781051408461,22.0
-1,-86.63825679122974,15.029861245370386,38.0,41.76000000000001,44.87825679122973,20.0
-1,-91.01913078773784,18.23696135185181,42.0,62.49600000000003,28.52313078773782,18.0
-1,-79.66665340793108,12.16258675462964,38.0,37.82400000000001,41.842653407931074,22.0
-1,-86.2341050535976,10.964241402777768,34.0,40.896000000000015,45.3381050535976,23.0
-1,-104.62755370573916,21.797235935185128,43.0,48.76800000000002,55.85955370573912,21.0
-1,-103.28595340877006,22.05018598611105,53.0,54.72000000000002,48.56595340877004,20.0
-1,-163.3440422606245,13.696200810185193,57.0,79.20000000000003,84.14404226062446,27.0
-1,-100.1160206010891,19.37031128703697,44.0,56.25600000000002,43.86002060108909,20.0
-1,-89.37506092485216,12.653681398148146,38.0,43.00800000000001,46.36706092485216,24.0
-1,-96.45712227617646,12.349240240740736,38.0,51.744000000000014,44.71312227617645,25.0
-1,-96.31947388034934,17.04436149537036,45.0,51.07200000000001,45.24747388034933,20.0
-1,-79.80219765779484,22.027271851851804,41.0,44.54400000000001,35.258197657794824,17.0
-1,-89.71467742056461,13.773799768518526,37.0,44.54400000000002,45.170677420564594,23.0
-1,-90.9505142564636,18.31780006481478,42.0,54.04800000000002,36.90251425646359,18.0
-1,-86.92525957895484,18.21936981481479,40.0,47.424000000000014,39.50125957895482,21.0
-1,-74.33315122789571,15.67543123148146,42.0,48.19200000000002,26.141151227895687,14.0
-1,-69.94308573026346,15.472034263888888,34.0,39.168000000000006,30.77508573026345,18.0
-1,-79.11856153697653,14.452315449074064,37.0,45.31200000000001,33.80656153697652,19.0
-1,-86.53190955197459,16.917197481481477,40.0,45.216000000000015,41.31590955197458,18.0
-1,-85.62777105836815,16.347710402777764,46.0,48.960000000000015,36.66777105836813,18.0
-1,-83.03188729658964,14.153757833333325,39.0,50.30400000000002,32.727887296589614,18.0
-1,-88.21283395317909,16.46634433333331,47.0,59.23200000000003,28.980833953179054,18.0
-1,-106.61104721439813,17.90915857407402,50.0,60.28800000000003,46.32304721439808,19.0
-1,-105.62589848094215,22.519890314814752,50.0,55.776000000000025,49.84989848094213,20.0
-1,-79.99328272084776,13.302678254629628,38.0,48.096,31.897282720847763,20.0
-1,-81.21002760958771,17.760861819444404,42.0,50.01600000000001,31.194027609587707,17.0
-1,-89.98312227547626,15.578049657407371,43.0,53.472000000000016,36.511122275476254,21.0
-1,-87.28262872756815,17.812869819444387,48.0,47.32800000000002,39.954628727568135,21.0
-1,-99.57918323086491,15.81085106944443,42.0,54.43200000000003,45.14718323086488,24.0
-1,-109.01814591361446,11.4050561851852,36.0,43.296000000000014,65.72214591361444,27.0
-1,-85.84258314446024,13.391761490740748,44.0,58.46400000000002,27.378583144460222,18.0
-1,-84.44125871264589,21.59760028240738,46.0,45.31200000000002,39.12925871264586,18.0
-1,-75.68883163368383,14.276472384259248,39.0,44.640000000000015,31.04883163368382,19.0
-1,-77.41779297849803,19.324581486111107,43.0,42.81600000000001,34.60179297849801,18.0
-1,-100.34675239006783,23.8439317453703,54.0,54.72000000000003,45.62675239006781,19.0
-1,-100.53079498016314,12.39622126388889,37.0,45.88800000000001,54.64279498016312,27.0
-1,-118.19168040335778,24.916070268518407,55.0,71.04000000000003,47.151680403357744,21.0
-1,-94.10706749322466,16.110404870370388,40.0,44.16000000000002,49.94706749322464,20.0
-1,-93.41077800346127,17.841922287036997,45.0,51.648000000000025,41.76277800346124,18.0
-1,-86.15766052995866,19.195323699074027,42.0,40.992,45.16566052995866,20.0
-1,-119.30082038555898,21.810183675925828,50.0,68.73600000000003,50.56482038555895,21.0
-1,-102.6784573736985,15.971070273148127,52.0,60.67200000000004,42.00645737369847,19.0
-1,-84.91580724775899,16.212753569444416,49.0,52.99200000000001,31.92380724775898,19.0
-1,-101.22758447502308,16.29125599999996,45.0,54.81600000000002,46.41158447502306,17.0
-1,-91.75292181452248,20.66328618518515,48.0,55.10400000000002,36.64892181452246,16.0
-1,-73.89973628486109,19.03047428240739,47.0,55.39200000000002,18.50773628486106,13.0
-1,-121.59556167137823,14.581364069444437,49.0,63.64800000000004,57.9475616713782,26.0
-1,-82.8101060828526,19.399751546296294,40.0,40.51200000000001,42.29810608285258,21.0
-1,-93.62535609633728,15.78553946296294,42.0,48.576000000000015,45.04935609633725,20.0
-1,-100.90631228857605,18.728366444444404,45.0,54.91200000000003,45.994312288576005,22.0
-1,-93.92235702129072,11.810820805555558,38.0,48.09600000000001,45.8263570212907,23.0
-1,-95.68075551253656,16.510494041666647,43.0,57.69600000000003,37.98475551253654,18.0
-1,-102.6129014369011,16.192544222222203,49.0,57.50400000000003,45.10890143690106,21.0
-1,-79.3340709324124,15.969411689814798,38.0,45.888000000000005,33.4460709324124,20.0
-1,-84.34946628167926,23.466512782407364,54.0,57.60000000000004,26.74946628167922,13.0
-1,-80.13039353284901,16.096226625,42.0,47.232000000000006,32.898393532849,21.0
-1,-91.492840165971,20.89234769444437,46.0,45.984000000000016,45.508840165970966,20.0
-1,-73.9348247310541,16.762373472222215,39.0,40.22400000000001,33.71082473105409,19.0
-1,-93.0092717499179,18.55565213888885,43.0,56.256000000000014,36.753271749917886,20.0
-1,-86.68337579405895,20.52556761111108,45.0,45.98400000000002,40.69937579405892,18.0
-1,-78.49377686646118,18.696595546296287,40.0,37.152,41.34177686646117,21.0
-1,-98.70941844314136,20.955649393518467,50.0,54.62400000000003,44.08541844314131,20.0
-1,-104.24001653014228,19.085556129629577,48.0,57.02400000000002,47.21601653014224,23.0
-1,-75.48445372128548,16.213169361111103,39.0,43.48800000000001,31.996453721285476,18.0
-1,-103.57376968228816,17.143539708333297,46.0,57.88800000000002,45.68576968228816,20.0
-1,-91.01486638798453,14.713304615740729,40.0,47.808000000000014,43.20686638798449,22.0
-1,-76.93683728722964,11.729338097222232,35.0,41.280000000000015,35.65683728722962,18.0
-1,-87.21713684433854,17.0073863657407,46.0,56.352000000000025,30.86513684433852,17.0
-1,-84.43928072960995,21.30041609722221,48.0,51.36000000000002,33.079280729609934,17.0
-1,-93.48996841932532,18.271500018518463,56.0,63.840000000000025,29.64996841932529,20.0
-1,-109.26010884326104,20.426690671296228,58.0,63.45600000000002,45.80410884326102,22.0
-1,-77.97078367930308,16.192145384259273,42.0,50.78400000000001,27.18678367930308,14.0
-1,-100.1609818670942,16.127568175925894,43.0,51.16800000000002,48.99298186709419,23.0
-1,-87.23991835805553,22.01036947685179,51.0,55.00800000000002,32.23191835805551,18.0
-1,-72.01032108601044,17.444269083333307,43.0,46.08000000000001,25.93032108601042,16.0
-1,-94.20020359857584,18.477354768518488,47.0,51.360000000000014,42.840203598575805,21.0
-1,-93.43787632164624,17.885883555555527,42.0,48.38400000000002,45.05387632164621,20.0
-1,-83.053954508493,19.45902418981481,46.0,49.920000000000016,33.13395450849299,16.0
-1,-96.35414279592146,16.61818644907404,42.0,48.19200000000002,48.16214279592143,22.0
-1,-108.33257591052048,22.57853648611103,58.0,64.89600000000003,43.436575910520446,23.0
-1,-84.67663462290278,23.83878772685184,52.0,48.76800000000002,35.90863462290275,16.0
-1,-76.35435275152045,18.230049305555497,53.0,50.11200000000002,26.24235275152044,17.0
-1,-87.66208443147131,17.561924078703687,47.0,53.856000000000016,33.8060844314713,15.0
-1,-89.12313333695704,15.200825504629629,43.0,47.80800000000002,41.31513333695703,20.0
-1,-73.38181581419184,18.392974291666665,44.0,43.58400000000001,29.79781581419183,16.0
-1,-95.5623085557495,16.248481856481458,43.0,51.16800000000002,44.39430855574948,20.0
-1,-84.57250613795814,20.333848402777747,51.0,58.94400000000002,25.628506137958126,15.0
-1,-119.22575537470344,19.79687385648139,55.0,74.01600000000003,45.20975537470339,23.0
-1,-82.00148204507056,14.89253039351852,41.0,42.72000000000001,39.28148204507056,22.0
-1,-82.2109934009758,15.888062995370364,43.0,53.664000000000016,28.54699340097578,15.0
-1,-85.34694760140286,12.680836310185198,39.0,38.688,46.65894760140285,19.0
-1,-151.2488912946912,21.30006054166661,74.0,105.79200000000009,45.456891294691125,17.0
-1,-67.91756524905422,12.723025462962966,37.0,42.81600000000001,25.101565249054207,14.0
-1,-87.26025879475146,17.842372564814784,42.0,54.432000000000016,32.82825879475145,18.0
-1,-93.80525649190768,13.274466550925938,35.0,45.12000000000002,48.68525649190766,22.0
-1,-78.55868002600849,20.630232787037016,45.0,46.75200000000002,31.806680026008465,16.0
-1,-84.83058366590325,19.421759115740684,41.0,48.96000000000002,35.87058366590322,17.0
-1,-97.41822156520904,16.94814270833333,49.0,54.04800000000002,43.37022156520904,20.0
-1,-87.94285038874688,16.160270694444428,45.0,57.21600000000002,30.72685038874685,19.0
-1,-119.3278122068584,15.363630074074049,51.0,64.12800000000003,55.19981220685837,21.0
-1,-70.5691896910797,17.81958441203702,44.0,47.80800000000002,22.76118969107968,15.0
-1,-90.88472910043772,16.42305788888884,44.0,54.62400000000002,36.260729100437686,20.0
-1,-64.15543622365345,18.22316873611112,36.0,38.976000000000006,25.17943622365344,14.0
-1,-68.5554215880059,15.67131631944443,39.0,48.67200000000002,19.88342158800588,14.0
-1,-97.73289607356207,16.01609926851852,55.0,70.84800000000004,26.884896073562043,14.0
-1,-88.76026007932776,15.712586699074048,44.0,56.64000000000003,32.12026007932773,15.0
-1,-86.85220571540248,27.3376139166666,55.0,56.736000000000026,30.11620571540245,15.0
-1,-80.29621139688206,15.07453442129629,35.0,44.640000000000015,35.65621139688204,18.0
-1,-81.1809274018801,13.457130087962966,38.0,44.73600000000002,36.44492740188007,20.0
-1,-100.22659372752967,17.747898763888838,45.0,49.248000000000026,50.97859372752967,22.0
-1,-90.56272079222528,17.04045203703701,43.0,57.31200000000002,33.250720792225266,16.0
-1,-83.5626210047199,15.883612606481472,43.0,55.488000000000014,28.074621004719884,14.0
-1,-88.34392259686769,22.047506513888845,51.0,52.80000000000002,35.54392259686767,19.0
-1,-95.06905807675147,20.086503287037,52.0,60.96000000000002,34.109058076751445,18.0
-1,-84.76856847219283,21.477598412037004,44.0,53.760000000000026,31.0085684721928,13.0
-1,-70.46527939524881,14.3089487175926,40.0,38.11200000000001,32.3532793952488,15.0
-1,-91.95403501672752,15.535293249999974,57.0,62.97600000000004,28.97803501672748,17.0
-1,-96.38250413567268,17.41745715277777,47.0,64.32000000000004,32.06250413567264,15.0
-1,-188.81993899565268,15.609746731481463,88.0,148.9920000000001,39.82793899565257,21.0
-1,-102.53658130760364,18.771178990740697,53.0,58.56000000000003,43.97658130760361,19.0
-1,-97.03550698731658,15.47035304166666,47.0,65.08800000000004,31.94750698731654,17.0
-1,-101.97495574667713,16.401226717592532,51.0,59.04000000000002,42.9349557466771,22.0
-1,-81.89580176783355,16.92811597222221,47.0,48.38400000000003,33.511801767833525,16.0
-1,-98.43581789661062,11.731357388888885,42.0,46.94400000000002,51.4918178966106,26.0
-1,-65.63015323378471,9.56607167129631,29.0,32.736,32.89415323378471,21.0
-1,-110.7574783147282,16.719708944444417,47.0,53.76000000000002,56.99747831472816,22.0
-1,-132.65797110029249,20.24338776851843,75.0,98.20800000000006,34.44997110029242,16.0
-1,-99.8971823452692,21.74691072685177,47.0,59.90400000000003,39.99318234526916,19.0
-1,-82.34482602865364,18.85360312499997,45.0,54.24000000000002,28.10482602865361,15.0
-1,-80.23689597683682,16.997941986111062,40.0,53.376000000000026,26.86089597683679,17.0
-1,-80.78506152330328,15.906521273148124,34.0,43.39200000000001,37.39306152330328,20.0
-1,-95.93347369990984,21.188169583333277,53.0,57.60000000000002,38.33347369990984,20.0
-1,-65.66915252073377,17.3591585462963,45.0,45.792000000000016,19.87715252073377,13.0
-1,-92.3326670796488,14.139234083333315,39.0,51.07200000000002,41.2606670796488,21.0
-1,-80.52649964255042,22.27426265277777,40.0,46.17600000000001,34.3504996425504,17.0
-1,-117.63299216167748,22.354934101851804,56.0,68.25600000000003,49.37699216167746,16.0
-1,-84.20199424472162,20.182853374999947,42.0,52.704000000000015,31.497994244721603,18.0
-1,-112.16272485576212,14.564349249999967,40.0,61.248000000000026,50.91472485576208,23.0
-1,-86.4362174799604,13.170506134259265,40.0,53.280000000000015,33.15621747996039,20.0
-1,-112.78686451129028,20.35924051388881,46.0,60.38400000000004,52.40286451129023,22.0
-1,-76.98558356786647,12.596162171296283,41.0,47.71200000000002,29.27358356786645,18.0
-1,-103.58212811702036,17.42604702777774,42.0,57.98400000000003,45.59812811702034,20.0
-1,-74.61067315835257,12.294484925925907,42.0,56.25600000000004,18.35467315835254,13.0
-1,-92.53475397181464,15.336978240740716,36.0,46.36800000000001,46.16675397181462,22.0
-1,-97.85780000332012,17.726930703703637,40.0,55.87200000000002,41.98580000332009,24.0
-1,-78.25870745825847,10.481076208333333,39.0,46.56000000000002,31.698707458258447,18.0
-1,-81.30115700760146,14.462879365740728,38.0,48.000000000000014,33.301157007601454,17.0
-1,-116.74713427622174,21.741851949074004,56.0,77.28000000000004,39.4671342762217,19.0
-1,-86.62850679682094,16.38590254629625,44.0,54.62400000000002,32.00450679682092,17.0
-1,-80.8578095175024,14.344938194444444,34.0,40.32000000000001,40.53780951750239,17.0
-1,-79.85689679390178,20.587506222222217,44.0,49.24800000000002,30.608896793901764,14.0
-1,-73.99918724105935,14.642051379629628,42.0,46.75200000000002,27.24718724105933,12.0
-1,-77.53411815533443,14.888885319444451,39.0,44.640000000000015,32.894118155334404,17.0
-1,-114.6263658676864,19.991752129629567,53.0,67.48800000000003,47.13836586768636,20.0
-1,-92.72085732182148,15.98479848611114,47.0,60.96000000000004,31.76085732182144,14.0
-1,-82.40387545453464,16.82046060185183,39.0,40.70400000000001,41.69987545453464,20.0
-1,-80.13548932682531,24.077160935185088,41.0,44.64000000000001,35.49548932682529,18.0
-1,-90.67261149610766,24.27587437037034,48.0,59.04000000000004,31.63261149610762,14.0
-1,-98.4378938116832,20.455368425925855,42.0,50.97600000000003,47.46189381168318,21.0
-1,-66.5439951644383,12.424922652777775,38.0,46.75200000000001,19.79199516443829,12.0
-1,-103.50353887263026,19.15190837037033,54.0,56.352000000000025,47.15153887263023,20.0
-1,-96.90911678457874,22.491240856481426,50.0,54.52800000000002,42.38111678457873,19.0
-1,-89.71472987997834,16.248925703703694,40.0,47.42400000000002,42.29072987997832,20.0
-1,-88.45644765870739,16.139883324074052,37.0,39.84,48.61644765870739,24.0
-1,-93.84443417273698,17.173569935185178,49.0,51.744000000000014,42.100434172736975,20.0
-1,-90.23076624009914,18.80505953703701,57.0,62.59200000000002,27.638766240099123,18.0
-1,-87.72313835238688,17.02959949074073,45.0,49.82400000000003,37.899138352386856,21.0
-1,-91.0999625025071,14.332382189814796,58.0,70.17600000000003,20.92396250250707,14.0
-1,-86.73242537984086,19.962152981481463,54.0,70.36800000000004,16.364425379840828,10.0
-1,-95.70933330833084,11.948460148148138,40.0,51.26400000000002,44.44533330833082,24.0
-1,-85.20820117792468,21.010181013888843,47.0,50.01600000000003,35.19220117792466,17.0
-1,-80.17483884764917,14.372581300925932,40.0,47.13600000000002,33.038838847649146,20.0
-1,-92.3408631733174,20.347507541666623,48.0,52.608000000000025,39.73286317331736,20.0
-1,-92.92897117161247,17.210308300925906,46.0,58.94400000000002,33.984971171612465,17.0
-1,-82.63891404869848,18.05172255555552,43.0,45.31200000000002,37.32691404869846,19.0
-1,-77.67473650524119,15.866990462962978,35.0,44.448000000000015,33.22673650524116,17.0
-1,-83.7104785653963,19.87112920370368,43.0,47.424000000000014,36.28647856539629,20.0
-1,-108.65122676768576,16.642838481481437,53.0,68.83200000000004,39.81922676768573,20.0
-1,-78.8240172571137,18.976556481481463,49.0,54.432000000000016,24.39201725711368,13.0
-1,-77.88367765958526,17.569646736111075,38.0,42.04800000000001,35.83567765958526,19.0
-1,-158.72581710000657,16.119704759259236,66.0,91.77600000000004,66.9498171000065,25.0
-1,-83.03369399088014,20.65961795833324,48.0,55.00800000000002,28.02569399088012,18.0
-1,-82.38937282192538,19.890251972222213,46.0,46.27200000000001,36.11737282192537,19.0
-1,-89.14258697226255,18.06671785648144,43.0,62.59200000000002,26.55058697226253,15.0
-1,-71.40053621515766,16.49670047222223,41.0,40.992,30.408536215157653,16.0
-1,-87.52882036578453,15.809180995370344,39.0,45.31200000000002,42.216820365784514,21.0
-1,-67.16399639240596,10.437642254629631,36.0,45.600000000000016,21.563996392405944,15.0
-1,-85.87279179226282,12.697623083333331,40.0,50.88000000000002,34.9927917922628,19.0
-1,-116.18547391801562,22.004416634259155,58.0,64.41600000000004,51.76947391801558,22.0
-1,-95.78258886714003,19.388392078703685,43.0,51.36000000000002,44.422588867140014,22.0
-1,-102.3053227840658,19.34237445833329,53.0,63.55200000000004,38.75332278406575,19.0
-1,-94.55833542538068,18.98056447222216,53.0,62.68800000000003,31.87033542538065,18.0
-1,-68.89623566958585,15.8813658009259,38.0,38.400000000000006,30.49623566958585,17.0
-1,-89.26733261125344,21.702027324074,56.0,64.03200000000004,25.2353326112534,14.0
-1,-75.82421524806789,14.984464703703695,43.0,53.66400000000002,22.160215248067864,13.0
-1,-70.1981270550165,18.581494328703677,46.0,44.54400000000002,25.65412705501648,15.0
-1,-141.9701360555585,16.807410305555518,62.0,89.18400000000005,52.78613605555843,22.0
-1,-83.30315170438702,16.604651055555546,39.0,42.432,40.87115170438702,23.0
-1,-105.7890794191366,21.50809699537029,59.0,62.88000000000002,42.909079419136575,21.0
-1,-85.5212521766365,18.97639547222221,40.0,40.70400000000001,44.81725217663649,19.0
-1,-67.78267044052117,15.645721731481466,39.0,42.24000000000001,25.542670440521167,15.0
-1,-87.86130157512689,22.63494091666661,43.0,46.368000000000016,41.49330157512687,19.0
-1,-84.35897533127829,23.266656861111088,48.0,50.11200000000002,34.24697533127827,14.0
-1,-89.18705129849957,15.14358078703704,39.0,48.00000000000001,41.18705129849956,20.0
-1,-110.81848490943636,14.303535953703694,40.0,55.10400000000001,55.71448490943636,25.0
-1,-85.85765800474283,19.922450462962928,45.0,44.448000000000015,41.40965800474281,21.0
-1,-97.83244215034094,18.78236115277773,42.0,52.12800000000002,45.70444215034093,21.0
-1,-74.9160433371444,12.011149425925904,34.0,36.864,38.05204333714439,21.0
-1,-78.3313691641074,13.22362829166666,44.0,46.94400000000002,31.387369164107383,17.0
-1,-92.72619628577348,12.434513574074062,35.0,47.90400000000001,44.82219628577346,23.0
-1,-127.51347690395411,10.825072611111114,44.0,60.48000000000003,67.0334769039541,27.0
-1,-81.69019612951372,16.300532736111112,45.0,51.16800000000002,30.522196129513706,18.0
-1,-101.61757070099634,15.89314786111109,52.0,62.49600000000004,39.12157070099631,19.0
-1,-91.4715642736348,16.05466210648148,45.0,50.78400000000002,40.68756427363478,20.0
-1,-96.2112535774664,21.64573627314807,48.0,59.23200000000004,36.97925357746638,16.0
-1,-107.29283834581535,16.64359870370369,46.0,58.65600000000003,48.636838345815335,25.0
-1,-95.4983045911582,16.721184050925903,40.0,46.56000000000002,48.938304591158186,21.0
-1,-93.96847427684622,15.733624624999992,45.0,55.20000000000003,38.76847427684619,18.0
-1,-80.81333461550717,13.878987800925929,38.0,54.62400000000002,26.189334615507143,16.0
-1,-94.94377153245618,16.16856169444443,38.0,43.680000000000014,51.26377153245617,24.0
-1,-76.9691617189619,14.635032486111117,38.0,45.50400000000001,31.46516171896189,18.0
-1,-113.35810243418234,17.565851777777734,48.0,65.56800000000003,47.79010243418232,21.0
-1,-87.75845991764834,17.777486893518525,53.0,62.68800000000003,25.070459917648304,16.0
-1,-69.91776129140743,9.9649269212963,38.0,48.38400000000002,21.5337612914074,14.0
-1,-124.17381165199492,21.12682819907399,61.0,74.88000000000004,49.29381165199488,20.0
-1,-103.4253874818426,21.096665083333257,45.0,55.39200000000002,48.03338748184257,19.0
-1,-76.06879303201231,16.57830775925925,43.0,50.496000000000016,25.5727930320123,15.0
-1,-70.49796194640138,8.568587532407406,29.0,41.47200000000001,29.025961946401367,19.0
-1,-101.2011456921177,17.61840633333328,61.0,65.66400000000003,35.53714569211768,18.0
-1,-78.88805676163548,14.768828972222211,33.0,41.376000000000005,37.512056761635485,21.0
-1,-105.3890562150163,11.941359611111114,35.0,41.088,64.3010562150163,27.0
-1,-94.33878067843976,18.783630416666625,45.0,49.536000000000016,44.80278067843975,17.0
-1,-87.47271927197305,18.054105041666656,37.0,42.14400000000001,45.32871927197304,22.0
-1,-80.17342164828432,17.19317191666664,46.0,48.288000000000025,31.88542164828429,18.0
-1,-79.47138058930999,16.716049939814795,46.0,54.14400000000003,25.32738058930996,15.0
-1,-71.09748614630354,11.874811416666669,34.0,35.71200000000001,35.38548614630353,22.0
-1,-106.56243669730682,22.819907240740683,49.0,55.48800000000002,51.0744366973068,22.0
-1,-70.97230711788993,12.185878023148147,32.0,37.440000000000005,33.53230711788993,21.0
-1,-97.69397778805408,20.492432421296293,48.0,48.09600000000002,49.59797778805407,18.0
-1,-99.45856019418883,11.474763384259251,41.0,58.17600000000003,41.2825601941888,24.0
-1,-95.49804875485712,21.15477625,51.0,57.40800000000002,38.0900487548571,15.0
-1,-80.88343875263433,12.57683557870368,34.0,45.12000000000001,35.76343875263433,21.0
-1,-96.197159895101,15.2446666111111,40.0,52.80000000000002,43.397159895101,22.0
-1,-94.9551448948326,18.261410388888866,43.0,49.05600000000002,45.89914489483258,21.0
-1,-74.6522668158639,12.95294202314815,33.0,37.72800000000001,36.92426681586389,19.0
-1,-98.86249554225208,16.261903509259245,39.0,53.76000000000002,45.10249554225207,22.0
-1,-95.54391583882553,21.290817115740687,50.0,55.10400000000003,40.43991583882549,20.0
-1,-104.70756653688278,22.379099870370325,49.0,51.45600000000002,53.25156653688276,22.0
-1,-122.44170989313102,22.34781484722211,48.0,66.72000000000003,55.72170989313099,20.0
-1,-105.3593361248566,17.243030208333277,40.0,49.44000000000002,55.91933612485658,22.0
-1,-106.6943489345403,18.14530066666661,53.0,74.78400000000003,31.910348934540277,16.0
-1,-67.27589481203437,15.598326009259257,32.0,42.432000000000016,24.843894812034357,16.0
-1,-81.41031746468121,15.088771208333323,44.0,46.84800000000001,34.56231746468121,19.0
-1,-83.70353313145144,15.449548425925936,43.0,52.800000000000026,30.90353313145141,16.0
-1,-90.81688586765245,14.678358884259252,48.0,48.38400000000002,42.43288586765242,23.0
-1,-81.4864798667719,12.825316013888871,35.0,45.12000000000001,36.3664798667719,22.0
-1,-76.18001679219964,23.373922824074054,50.0,50.30400000000002,25.87601679219961,13.0
-1,-74.88176633467242,15.152337902777775,39.0,41.08800000000001,33.79376633467242,19.0
-1,-97.11693666900612,19.241564990740716,46.0,53.37600000000002,43.74093666900611,21.0
-1,-79.74824103451492,10.835412638888894,44.0,52.22400000000002,27.5242410345149,17.0
-1,-84.23861756429835,19.84089580092592,45.0,51.74400000000002,32.49461756429832,18.0
-1,-82.29421377764882,16.609636722222195,36.0,45.50400000000001,36.790213777648816,21.0
-1,-111.79289359576896,15.371271555555554,41.0,47.23200000000001,64.56089359576895,25.0
-1,-104.01499763954394,16.069475685185143,43.0,60.28800000000002,43.72699763954392,21.0
-1,-95.38230131078492,17.95122543981478,48.0,54.62400000000002,40.75830131078491,19.0
-1,-93.44876587104476,21.249125740740705,47.0,57.120000000000026,36.32876587104474,17.0
-1,-105.15352520445845,21.205561745370304,53.0,59.904000000000025,45.249525204458415,22.0
-1,-79.49934293662949,19.394200550925923,39.0,47.13600000000002,32.36334293662948,16.0
-1,-77.24614060498061,20.89942625462959,47.0,45.984000000000016,31.2621406049806,15.0
-1,-85.92779770265284,21.901667925925896,45.0,54.43200000000002,31.49579770265281,16.0
-1,-82.4538654287189,25.762050398148048,51.0,55.680000000000014,26.773865428718885,14.0
-1,-79.70555400681235,8.246394787037037,32.0,39.07200000000001,40.63355400681233,26.0
-1,-134.7455929572337,19.05888261574064,51.0,67.68000000000004,67.06559295723366,24.0
-1,-143.48418589849842,21.81405864814804,61.0,85.44000000000004,58.044185898498384,23.0
-1,-86.64365687783214,13.477198078703724,35.0,45.408,41.23565687783214,23.0
-1,-97.02299554373744,16.46503596759258,58.0,64.99200000000002,32.030995543737426,18.0
-1,-98.16393204929892,18.90801332407402,47.0,51.16800000000002,46.99593204929891,23.0
-1,-92.23011537335547,20.351137986111063,41.0,49.344000000000015,42.886115373355466,20.0
-1,-80.86074543003164,20.27100714814812,50.0,48.86400000000002,31.996745430031627,17.0
-1,-118.2110324951571,16.289608388888883,53.0,69.69600000000003,48.51503249515707,23.0
-1,-86.48504584927055,19.599047587962925,52.0,58.56000000000003,27.92504584927052,16.0
-1,-84.94856078517007,16.163704374999984,43.0,45.408000000000015,39.54056078517006,20.0
-1,-98.28116229925443,12.43532034722224,38.0,46.17600000000001,52.105162299254445,24.0
-1,-107.36795596977188,19.74822272222214,53.0,65.85600000000004,41.51195596977185,21.0
-1,-82.36667673049266,19.6766938657407,51.0,49.44000000000002,32.926676730492645,18.0
-1,-94.89256055805768,16.039704814814783,47.0,61.34400000000003,33.54856055805766,16.0
-1,-83.30727591510771,25.27442224537028,60.0,68.06400000000004,15.243275915107676,9.0
-1,-120.41831887252212,23.459341805555496,66.0,69.60000000000002,50.81831887252208,21.0
-1,-66.64915005380387,13.221411527777786,32.0,40.60800000000002,26.04115005380385,16.0
-1,-92.44634185642752,19.582578652777745,49.0,53.568000000000026,38.878341856427504,18.0
-1,-90.8587043682132,14.047351703703676,41.0,52.224000000000025,38.63470436821317,22.0
-1,-87.36794245315963,19.79101541203699,40.0,43.77600000000002,43.5919424531596,18.0
-1,-75.94453365587145,15.93103827314814,46.0,49.728000000000016,26.216533655871444,16.0
-1,-74.95757734087104,16.773829115740746,45.0,51.45600000000002,23.501577340871016,13.0
-1,-87.74563176998538,11.89067764351852,36.0,37.920000000000016,49.82563176998537,24.0
-1,-69.09648298993893,12.3182642361111,36.0,43.20000000000002,25.89648298993892,16.0
-1,-78.43696915034316,16.14277922222222,45.0,46.46400000000001,31.972969150343143,22.0
-1,-115.12875426614896,16.445529935185178,49.0,57.696000000000026,57.43275426614891,20.0
-1,-102.09549391929148,16.038290138888858,48.0,50.78400000000002,51.31149391929145,24.0
-1,-99.31048122808484,14.779927944444433,45.0,58.464000000000034,40.84648122808482,18.0
-1,-93.71800760226908,18.502608087962933,44.0,48.192000000000014,45.52600760226906,18.0
-1,-112.76643712884336,24.71965075462955,55.0,62.11200000000003,50.65443712884334,17.0
-1,-89.94758545339722,19.90648514814811,49.0,58.75200000000002,31.1955854533972,17.0
-1,-95.68849638843888,16.673698666666628,43.0,54.33600000000002,41.35249638843888,23.0
-1,-100.1882880022105,20.98351945833328,47.0,56.54400000000002,43.64428800221047,19.0
-1,-64.59927286975679,17.933347347222167,37.0,41.66400000000001,22.935272869756783,15.0
-1,-73.84182138281608,16.602163046296244,39.0,42.43200000000001,31.409821382816062,20.0
-1,-94.91289562352908,14.818418837962945,47.0,54.04800000000003,40.86489562352904,19.0
-1,-88.7349111809423,12.79591018518519,35.0,40.99200000000001,47.74291118094229,24.0
-1,-85.5951383098093,17.871949921296284,42.0,45.984000000000016,39.61113830980929,19.0
-1,-72.84102090530621,20.00726913425925,41.0,43.39200000000002,29.4490209053062,17.0
-1,-98.89678864873868,24.291828939814742,62.0,64.12800000000003,34.76878864873866,20.0
-1,-93.71559090990986,13.818327180555547,36.0,44.256000000000014,49.45959090990985,26.0
-1,-92.31701100451922,13.84181968518518,46.0,61.24800000000002,31.0690110045192,17.0
-1,-119.52427145000628,19.030883749999933,50.0,60.57600000000004,58.94827145000623,23.0
-1,-102.93140097343694,19.069853726851797,54.0,71.52000000000002,31.411400973436912,13.0
-1,-84.27461665194402,18.32257588888883,48.0,53.376000000000026,30.89861665194399,17.0
-1,-106.7754390430016,20.760032606481435,52.0,52.800000000000026,53.975439043001565,20.0
-1,-109.09445895502094,19.35714468981475,48.0,57.40800000000004,51.68645895502091,22.0
-1,-83.12769431757377,24.140785324074045,53.0,59.80800000000004,23.319694317573735,12.0
-1,-74.05963187327649,15.398566148148143,36.0,35.712,38.34763187327648,20.0
-1,-89.84885040968285,16.195524949074063,47.0,52.416000000000025,37.43285040968282,21.0
-1,-102.81668678311712,14.727198166666655,49.0,60.288000000000025,42.5286867831171,18.0
-1,-78.63767553582937,13.83660605555555,37.0,40.70400000000001,37.93367553582936,20.0
-1,-90.17113496715228,16.327567578703697,44.0,51.45600000000002,38.71513496715226,20.0
-1,-114.51031405767776,20.26386676388876,69.0,74.49600000000004,40.01431405767772,22.0
-1,-84.89979615860943,16.68071867129628,42.0,45.50400000000002,39.39579615860941,18.0
-1,-79.13385155258155,17.804174430555562,41.0,45.02400000000002,34.10985155258153,18.0
-1,-83.24469548763335,18.282091166666635,44.0,48.000000000000014,35.24469548763333,18.0
-1,-72.70151754405839,14.230220314814812,33.0,40.8,31.901517544058382,18.0
-1,-80.31710817713613,14.224584819444429,38.0,46.84800000000002,33.46910817713612,16.0
-1,-72.64691851862108,14.479012439814817,35.0,41.95200000000001,30.694918518621066,15.0
-1,-93.46421552715724,19.6097897268518,44.0,53.18400000000002,40.28021552715722,18.0
-1,-91.41731940908852,16.785771819444406,41.0,53.66400000000003,37.75331940908849,17.0
-1,-83.00159863856035,18.37976177777773,41.0,48.48000000000002,34.52159863856033,16.0
-1,-88.47372364783473,24.05115262962956,47.0,53.47200000000002,35.00172364783471,17.0
-1,-86.28981491110405,18.51176212962956,43.0,54.62400000000002,31.66581491110402,15.0
-1,-99.79886383819216,16.45297638888888,40.0,47.52000000000002,52.27886383819214,24.0
-1,-86.7311201855241,17.453458324074045,41.0,49.536000000000016,37.1951201855241,18.0
-1,-85.23836836446452,19.48817548148141,44.0,51.936000000000014,33.30236836446451,21.0
-1,-66.63299434726729,14.98089328240741,38.0,43.296000000000014,23.336994347267275,13.0
-1,-77.57131848066125,21.454216666666643,44.0,45.69600000000002,31.875318480661228,14.0
-1,-77.4766968233721,21.230696541666656,53.0,56.256000000000014,21.220696823372087,10.0
-1,-65.86427989939753,24.2844995648148,58.0,54.144,11.720279899397534,7.0
-1,-71.05835279915641,15.130291060185172,43.0,50.30400000000002,20.754352799156383,16.0
-1,-83.78040958197411,18.27744828703704,44.0,47.04000000000003,36.74040958197408,19.0
-1,-96.51019784896232,20.872663462962915,65.0,74.20800000000004,22.30219784896229,12.0
-1,-95.03604619321152,17.714503277777755,47.0,44.35200000000001,50.68404619321152,21.0
-1,-138.55609510995328,18.96225410185173,62.0,86.20800000000006,52.34809510995323,20.0
-1,-84.31831900977721,20.205465671296285,41.0,38.400000000000006,45.9183190097772,22.0
-1,-88.64947542006641,18.93610667592589,44.0,45.408000000000015,43.2414754200664,23.0
-1,-91.23634582275923,23.27421662962958,59.0,61.248000000000026,29.98834582275921,12.0
-1,-98.37277964191458,15.965005495370336,42.0,51.16800000000002,47.20477964191456,21.0
-1,-91.35394758135288,19.34997306018517,45.0,46.368000000000016,44.98594758135287,22.0
-1,-123.06453645678538,17.273154509259196,66.0,84.96000000000005,38.104536456785326,18.0
-1,-81.26894928247083,19.458284722222164,43.0,49.34400000000002,31.9249492824708,16.0
-1,-79.27709658765639,16.55927173148146,44.0,47.808000000000014,31.46909658765638,18.0
-1,-96.39325272385828,21.003171273148094,45.0,49.05600000000002,47.337252723858256,20.0
-1,-90.95538347399896,18.015643967592528,45.0,56.44800000000002,34.50738347399893,20.0
-1,-84.16960070691422,20.466654449074017,45.0,51.26400000000002,32.90560070691419,17.0
-1,-93.0053026419983,20.99342040277774,41.0,44.92800000000001,48.07730264199828,20.0
-1,-92.78339711530404,19.00870516666661,46.0,57.120000000000026,35.66339711530402,19.0
-1,-93.58839401639376,14.00972334259258,38.0,50.88000000000002,42.70839401639375,20.0
-1,-85.32398164371592,16.36987299074073,40.0,49.34400000000001,35.97998164371592,19.0
-1,-75.53964487161181,18.419581277777755,38.0,46.56000000000002,28.97964487161179,16.0
-1,-92.85621861572656,19.221352773148105,39.0,48.192000000000014,44.66421861572653,21.0
-1,-94.73898437614902,16.06719865277775,39.0,47.80800000000002,46.930984376149,23.0
-1,-95.38873668028792,18.95977773611106,45.0,52.22400000000002,43.16473668028792,20.0
-1,-94.16001881490776,15.823648185185192,36.0,47.52000000000001,46.64001881490776,20.0
-1,-120.88281537460432,18.35026051851846,63.0,75.45600000000005,45.42681537460429,21.0
-1,-98.59427485220156,17.43871386111106,53.0,67.00800000000002,31.58627485220154,17.0
-1,-151.58102371180172,14.18406756944443,56.0,89.08800000000005,62.49302371180168,26.0
-1,-87.94557751464642,16.843353032407347,41.0,50.68800000000001,37.25757751464641,20.0
-1,-96.77096250671514,17.89094328240738,51.0,67.10400000000003,29.666962506715112,16.0
-1,-100.2900263439414,18.41660618055552,44.0,50.97600000000003,49.31402634394138,22.0
-1,-78.54025576577438,19.968971490740717,45.0,48.28800000000002,30.25225576577436,16.0
-1,-77.87441287444071,16.170702129629614,42.0,50.88000000000002,26.99441287444069,18.0
-1,-79.99968479398282,16.417845587962958,41.0,50.68800000000002,29.311684793982806,19.0
-1,-81.8710281552498,18.113553254629608,53.0,55.39200000000002,26.479028155249782,16.0
-1,-96.51737042298944,23.151436314814777,72.0,71.61600000000004,24.90137042298941,13.0
-1,-115.00647087809574,15.132772129629606,48.0,62.40000000000003,52.60647087809571,23.0
-1,-97.26339387264856,12.724430083333326,34.0,45.792000000000016,51.47139387264853,22.0
-1,-102.71241796297156,23.06794990277773,51.0,56.92800000000003,45.78441796297153,17.0
-1,-74.10993838767811,14.678908425925917,38.0,37.632000000000005,36.47793838767811,21.0
-1,-70.11174213568782,11.262925074074076,33.0,39.45600000000001,30.65574213568781,19.0
-1,-103.46421851066958,20.788560861111044,48.0,61.632000000000026,41.83221851066956,22.0
-1,-111.23344258590632,19.55447065277772,51.0,57.696000000000026,53.53744258590631,21.0
-1,-84.58681704519879,17.686227949074073,47.0,54.62400000000002,29.96281704519877,15.0
-1,-100.47572192865172,17.76732171759257,53.0,63.36000000000004,37.115721928651695,18.0
-1,-99.99910592498502,16.831103694444433,44.0,62.20800000000003,37.79110592498499,21.0
-1,-75.0756538656943,12.34293394907406,42.0,50.40000000000002,24.675653865694294,15.0
-1,-74.2893462547181,20.243767893518516,41.0,48.76800000000001,25.521346254718093,13.0
-1,-102.03081268461212,16.202504152777777,45.0,45.50400000000001,56.5268126846121,26.0
-1,-125.91650150623252,14.430369194444442,49.0,58.84800000000004,67.06850150623248,26.0
-1,-99.52320192674316,18.75009479629626,55.0,58.46400000000002,41.059201926743135,19.0
-1,-83.77769010262622,16.367708259259242,58.0,65.56800000000004,18.209690102626187,11.0
-1,-106.40159871007626,26.895807537036983,53.0,58.27200000000003,48.12959871007622,17.0
-1,-71.77427929635417,14.765253027777764,38.0,44.73600000000002,27.03827929635414,16.0
-1,-117.38255951803556,27.21217712499993,62.0,71.80800000000005,45.57455951803552,20.0
-1,-70.31137806387815,11.942274384259262,36.0,46.36800000000001,23.943378063878143,15.0
-1,-126.5196035076211,19.006648634259232,57.0,59.04000000000004,67.47960350762106,24.0
-1,-89.0802863780132,16.024531967592583,42.0,57.79200000000002,31.28828637801317,17.0
-1,-114.7809800871284,22.10149856944436,60.0,69.60000000000002,45.180980087128376,20.0
-1,-148.33243195352165,19.57370506018512,66.0,84.57600000000005,63.75643195352159,22.0
-1,-96.72769289289504,21.38942268055551,52.0,57.98400000000002,38.74369289289503,18.0
-1,-103.3557531903187,17.960879541666625,47.0,58.27200000000003,45.08375319031866,21.0
-1,-94.94970758797716,23.193425009259176,48.0,62.01600000000003,32.93370758797714,17.0
-1,-78.17236134142581,11.898923337962964,48.0,46.56000000000002,31.612361341425792,19.0
-1,-91.20402405352937,21.726714490740704,41.0,48.76800000000002,42.43602405352935,17.0
-1,-92.71668462721132,23.713560287037005,49.0,59.90400000000002,32.8126846272113,14.0
-1,-79.04589752580209,23.267579652777748,47.0,50.40000000000002,28.64589752580207,16.0
-1,-76.08834703415022,20.112179023148133,51.0,56.544000000000025,19.5443470341502,11.0
-1,-110.5548733749676,17.370553361111064,50.0,50.97600000000002,59.57887337496759,25.0
-1,-108.3397924020928,15.301699726851837,55.0,61.44000000000002,46.89979240209278,25.0
-1,-77.81633880602752,15.368458865740752,42.0,43.96800000000001,33.8483388060275,20.0
-1,-86.78269857368352,23.306994509259223,54.0,51.07200000000002,35.710698573683494,18.0
-1,-75.40596492005905,16.605662949074077,37.0,46.75200000000002,28.653964920059032,16.0
-1,-84.8770262464408,11.594438976851851,37.0,51.84000000000001,33.03702624644079,23.0
-1,-132.54935557819667,19.97311599537028,65.0,94.27200000000006,38.2773555781966,18.0
-1,-79.57530999205004,17.40697308333333,51.0,51.26400000000002,28.311309992050013,15.0
-1,-84.01029382939696,19.470830282407377,49.0,53.85600000000002,30.15429382939693,14.0
-1,-77.2837420542995,16.05264899537038,41.0,43.39200000000002,33.89174205429947,18.0
-1,-87.69498788468228,22.77817557870365,45.0,49.728000000000016,37.96698788468226,17.0
-1,-80.79934688626167,19.322152416666626,43.0,46.848000000000006,33.95134688626166,20.0
-1,-92.1022827001672,17.192323004629618,41.0,40.32000000000001,51.7822827001672,22.0
-1,-79.28776871257821,16.344399449074068,43.0,43.20000000000001,36.08776871257821,20.0
-1,-93.30081370824776,16.442142620370348,48.0,57.696000000000026,35.60481370824773,22.0
-1,-105.23518737991738,21.708729194444334,55.0,60.76800000000003,44.46718737991735,19.0
-1,-74.06738688484567,19.79470068055552,46.0,48.09600000000001,25.971386884845664,15.0
-1,-96.14909420649523,18.564041550925875,57.0,68.54400000000003,27.60509420649523,18.0
-1,-80.18673702091502,15.584279018518496,45.0,52.60800000000001,27.578737020915007,14.0
-1,-110.87255791634392,22.95793976851844,53.0,65.28000000000003,45.59255791634389,21.0
-1,-82.75108624368075,22.423649074074,50.0,58.17600000000003,24.57508624368072,14.0
-1,-87.93346776273347,21.62348184722219,45.0,49.728000000000016,38.205467762733456,21.0
-1,-95.97064709972804,20.596132129629595,47.0,49.34400000000002,46.62664709972801,23.0
-1,-107.4456651111028,22.40541687037035,54.0,65.08800000000004,42.35766511110278,19.0
-1,-87.82636840883464,21.68450546759252,45.0,50.68800000000002,37.13836840883461,21.0
-1,-107.7261696888746,18.192732703703665,44.0,51.07200000000002,56.65416968887457,22.0
-1,-85.57344381644447,12.401018680555554,48.0,55.00800000000002,30.56544381644444,19.0
-1,-87.07311635046014,15.108539962962936,44.0,52.12800000000002,34.94511635046012,20.0
-1,-104.9733614985172,16.111114134259243,44.0,53.76000000000002,51.213361498517166,24.0
-1,-89.1115328654491,19.630088365740708,46.0,54.72000000000002,34.39153286544908,16.0
-1,-104.3857896810857,20.35893794907404,50.0,56.83200000000003,47.55378968108566,22.0
-1,-79.24914710972756,15.105341083333323,36.0,44.73600000000001,34.51314710972755,17.0
-1,-84.3224435941958,20.01135477314811,44.0,50.49600000000002,33.82644359419578,19.0
-1,-73.13615468446886,15.895200393518516,36.0,44.256000000000014,28.880154684468856,17.0
-1,-87.95459744690103,25.555070592592543,52.0,52.51200000000002,35.442597446901004,14.0
-1,-95.6135749021062,21.92348245833329,49.0,56.73600000000002,38.877574902106176,18.0
-1,-90.59283932400297,14.491195777777763,42.0,56.64000000000002,33.95283932400294,20.0
-1,-86.88585213585037,14.632125671296272,37.0,46.08000000000001,40.80585213585036,24.0
-1,-75.73914359984478,19.8617083935185,44.0,47.52000000000001,28.219143599844767,15.0
-1,-99.38690530701123,17.985121722222164,42.0,52.41600000000002,46.970905307011215,19.0
-1,-93.57714091838048,23.067282412036995,53.0,51.552000000000014,42.02514091838047,16.0
-1,-94.2177152166864,15.039387199074078,61.0,73.15200000000004,21.065715216686343,16.0
-1,-91.20092056220984,15.533828638888862,45.0,50.88000000000002,40.32092056220983,21.0
-1,-75.3186583964896,17.362835481481458,47.0,54.81600000000002,20.50265839648957,14.0
-1,-97.5313622154694,17.956231925925884,46.0,54.33600000000003,43.19536221546936,20.0
-1,-61.83760367243252,15.084250097222224,38.0,39.552,22.28560367243253,16.0
-1,-78.86980005158054,13.23273546759258,39.0,48.86400000000001,30.00580005158052,18.0
-1,-100.54144307577408,18.583341134259204,44.0,51.84,48.70144307577409,25.0
-1,-66.54425790157646,16.918790694444418,44.0,50.49600000000002,16.04825790157644,12.0
-1,-53.1802312480324,14.554824824074062,33.0,40.704000000000015,12.476231248032388,9.0
-1,-101.00881849373036,15.909642249999976,41.0,55.10400000000002,45.904818493730346,25.0
-1,-68.6265045594225,15.519981662037036,39.0,42.62400000000002,26.00250455942249,16.0
-1,-78.95943889105223,16.373584995370354,46.0,53.95200000000002,25.007438891052217,15.0
-1,-167.28197549974269,18.3158499629629,62.0,99.16800000000006,68.11397549974262,24.0
