-1,-2214.2348284188643,212.33497860185224,391.0,180.6720000000001,2033.562828418864,30.0
-1,-1453.0733199545705,155.84544624074078,221.0,83.13600000000018,1369.93731995457,30.0
-1,-1611.3237398830886,123.16181012962944,175.0,68.63999999999972,1542.683739883089,30.0
-1,-1481.988958845903,164.92124749999985,215.0,68.54399999999973,1413.444958845903,30.0
-1,-1162.115926195784,116.1360577916667,175.0,73.63199999999998,1088.483926195784,27.0
-1,-1201.5101574731834,105.68735643518504,175.0,93.69600000000013,1107.8141574731833,30.0
-1,-1122.479675785599,143.86895864814804,207.0,83.71200000000015,1038.7676757855988,30.0
-1,-1088.068583126632,140.4919497407407,202.0,74.87999999999981,1013.1885831266322,30.0
-1,-1204.0265246749009,125.7596641388886,199.0,90.0480000000002,1113.9785246749009,30.0
-1,-1118.742631317076,131.75317173611097,220.0,106.75200000000014,1011.990631317076,30.0
-1,-1272.1685172706354,127.82338254629606,202.0,91.19999999999996,1180.9685172706354,29.0
-1,-1230.6523945286476,133.013416574074,213.0,110.78400000000026,1119.8683945286473,29.0
-1,-984.5815882160324,156.18706336111123,259.0,138.0480000000004,846.5335882160321,30.0
-1,-1279.6449119749068,164.11856246759265,250.0,108.67200000000034,1170.9729119749063,30.0
-1,-1234.0068942060798,133.7510423842591,236.0,122.7840000000003,1111.2228942060794,30.0
-1,-1548.412589615402,161.99739517592602,252.0,122.88000000000012,1425.5325896154018,30.0
-1,-789.4675251492052,123.6908874212962,246.0,145.1520000000003,644.315525149205,29.0
-1,-953.1126655491446,132.18447424999965,275.0,186.7200000000002,766.3926655491445,27.0
-1,-886.9585491190654,117.29521171759257,237.0,150.24000000000032,736.7185491190651,30.0
-1,-941.8625620517646,156.17703695833347,323.0,186.72000000000045,755.1425620517642,29.0
-1,-968.1921717293378,119.1958717268516,252.0,164.35200000000034,803.8401717293375,28.0
-1,-853.583181967259,124.95372521296274,272.0,180.00000000000048,673.5831819672585,25.0
-1,-1036.501355425702,151.60647723611106,279.0,173.18400000000045,863.3173554257015,27.0
-1,-1201.5287084545446,158.50125020833343,320.0,185.9520000000001,1015.5767084545444,30.0
-1,-741.1284263099016,119.43743006481472,265.0,186.5280000000004,554.6004263099012,27.0
-1,-772.9741321567548,147.79709017129645,300.0,184.80000000000047,588.1741321567542,29.0
-1,-694.4139712547515,129.92463344907398,271.0,168.1920000000002,526.2219712547512,29.0
-1,-558.3263135036542,98.14859423148138,298.0,232.3200000000002,326.006313503654,28.0
-1,-479.2857203827804,90.63285337962957,262.0,203.7120000000002,275.5737203827802,22.0
-1,-827.8655488663474,128.41335380555535,298.0,201.3120000000004,626.5535488663469,29.0
-1,-558.9583542150294,89.34501621296292,271.0,218.30400000000023,340.6543542150292,27.0
-1,-663.1968676735848,110.68488735185176,339.0,278.2080000000004,384.9888676735844,27.0
-1,-501.0660096451013,70.17563959259259,323.0,276.6720000000002,224.39400964510108,24.0
-1,-476.001334128103,74.94422916666673,294.0,264.9600000000003,211.04133412810268,24.0
-1,-489.4129217158895,94.13223525462963,307.0,229.34400000000036,260.06892171588913,27.0
-1,-539.0807113447206,108.94520707870376,318.0,227.32800000000037,311.7527113447203,22.0
-1,-480.19419819358507,79.67365273148158,276.0,234.33600000000015,245.85819819358483,22.0
-1,-469.25994822511785,70.34310625462967,296.0,260.73600000000044,208.5239482251174,28.0
-1,-464.22070596161393,62.170047050926,307.0,292.8,171.42070596161392,25.0
-1,-424.2555939373394,61.26378895833332,298.0,259.2000000000003,165.05559393733913,19.0
-1,-581.5721125299599,101.11690982407409,365.0,266.01600000000025,315.5561125299596,26.0
-1,-414.4792722933462,28.55624126388889,343.0,382.7519999999993,31.727272293346843,19.0
-1,-399.8882576104402,85.0125847824075,324.0,251.8080000000001,148.08025761044004,25.0
-1,-367.5280792715933,33.793499944444456,287.0,311.5199999999997,56.00807927159352,20.0
-1,-477.9621731720813,60.82605883796301,334.0,312.864,165.09817317208126,22.0
-1,-380.6347667142693,45.44853116666671,338.0,316.70399999999944,63.93076671426983,19.0
-1,-485.3279962649584,52.14897684722226,364.0,373.9199999999991,111.4079962649594,21.0
-1,-420.932055367689,42.8333481388889,350.0,353.6639999999993,67.26805536768966,19.0
-1,-381.50986356875455,49.62075756944446,346.0,327.6479999999996,53.86186356875497,21.0
-1,-399.0704462873,31.98035666203708,311.0,354.81599999999946,44.254446287300496,19.0
-1,-393.0690275414034,41.80591433333336,338.0,337.1519999999994,55.91702754140397,22.0
-1,-490.32220552141473,45.84294656481492,389.0,400.7999999999994,89.52220552141534,20.0
-1,-499.1409480790818,42.20015443055556,386.0,394.7519999999991,104.3889480790827,20.0
-1,-385.40100201380216,30.88822971759259,308.0,345.02399999999943,40.37700201380271,19.0
-1,-373.79730772362495,37.64187559259258,347.0,345.88799999999947,27.90930772362549,13.0
-1,-362.9612451726014,25.379461990740747,347.0,347.3279999999993,15.63324517260206,12.0
-1,-420.4393436113527,30.920128921296307,361.0,382.3679999999992,38.071343611353456,19.0
-1,-428.65740325208935,37.03868677777778,358.0,382.5599999999992,46.0974032520902,19.0
-1,-413.47176096697046,42.26641875925927,382.0,365.3759999999994,48.09576096697104,19.0
-1,-421.18434143237016,33.74555313425926,338.0,379.8719999999989,41.3123414323712,19.0
-1,-417.6710984368178,32.26429013425924,399.0,386.59199999999896,31.079098436818843,18.0
-1,-431.4786985510804,25.23560738425927,360.0,396.28799999999904,35.19069855108134,20.0
-1,-359.7845776831776,44.44652357407409,342.0,312.4799999999998,47.304577683177726,22.0
-1,-455.1769181857732,20.976790777777797,379.0,432.6719999999989,22.504918185774343,16.0
-1,-390.1744942763127,41.77713350462963,336.0,335.90399999999954,54.27049427631316,23.0
-1,-392.9416970932756,38.2108344722222,356.0,351.8399999999997,41.10169709327592,20.0
-1,-374.6172310277607,37.57800075462965,300.0,323.99999999999966,50.61723102776104,21.0
-1,-401.1634683648434,25.143054694444466,317.0,366.8159999999995,34.34746836484393,16.0
-1,-400.5283705789666,34.75340927314821,294.0,353.27999999999946,47.2483705789671,22.0
-1,-347.185608299642,33.49673980555555,304.0,311.03999999999974,36.14560829964223,18.0
-1,-359.13509779718936,38.16457496296297,281.0,314.5919999999997,44.54309779718968,17.0
-1,-413.0249982581424,28.827346300925928,340.0,382.9439999999991,30.080998258143357,17.0
-1,-340.4826261729201,25.15142069907407,270.0,299.03999999999974,41.44262617292039,19.0
-1,-394.5015310108458,25.356516893518545,351.0,370.9439999999994,23.55753101084645,14.0
-1,-347.89778866749,29.25742417129628,292.0,307.872,40.025788667490026,20.0
-1,-360.4236482744165,31.17845058796296,298.0,314.1119999999996,46.31164827441688,23.0
-1,-325.3054930131062,25.38704781481481,251.0,288.5759999999996,36.72949301310654,20.0
-1,-352.48813786155307,33.34983156944443,287.0,309.21599999999955,43.27213786155353,19.0
-1,-337.87674343266906,21.98668355555556,275.0,312.4799999999997,25.3967434326694,16.0
-1,-295.78616974998783,40.70467691666671,229.0,241.82400000000007,53.962169749987744,19.0
-1,-320.8549413665604,28.03213641203705,246.0,286.176,34.678941366560466,18.0
-1,-301.52243929687086,22.944785574074075,275.0,271.48800000000006,30.03443929687082,18.0
-1,-304.78862695118227,33.413908564814804,262.0,265.0559999999999,39.73262695118232,18.0
-1,-299.602548232314,35.08091573148153,286.0,263.904,35.69854823231399,20.0
-1,-278.0804958138913,40.26476952777778,235.0,228.9600000000001,49.12049581389117,20.0
-1,-254.55916407462303,24.528154277777777,200.0,219.8399999999999,34.71916407462314,19.0
-1,-295.57931048074533,32.80010068055557,261.0,260.2559999999999,35.32331048074545,21.0
-1,-342.68218940449344,31.28245439351853,237.0,272.64,70.04218940449348,27.0
-1,-283.7358767115369,31.862799356481467,222.0,241.824,41.91187671153686,21.0
-1,-303.1431965733617,29.573406402777795,252.0,269.1840000000001,33.95919657336164,16.0
-1,-260.6174818228837,25.013079754629604,205.0,229.4399999999999,31.177481822883784,19.0
-1,-344.9790070904527,41.13525695833334,251.0,272.83200000000005,72.14700709045265,20.0
-1,-254.83193135380984,28.89188761574074,207.0,209.472,45.35993135380985,18.0
-1,-248.03442856962903,27.184807523148145,190.0,210.33600000000013,37.69842856962886,18.0
-1,-207.17685424021664,23.799262967592583,166.0,184.128,23.04885424021664,12.0
-1,-301.88785356091324,38.41793431018513,214.0,245.08800000000005,56.79985356091317,22.0
-1,-278.63677208790136,33.99330803703704,197.0,216.96,61.67677208790138,24.0
-1,-271.5723716135276,32.20656637499996,208.0,226.656,44.91637161352761,21.0
-1,-225.51001365697775,22.670402175925908,168.0,183.552,41.95801365697777,23.0
-1,-245.2057181111975,35.042732060185216,174.0,193.05600000000004,52.149718111197465,20.0
-1,-299.050818719636,29.30199907407408,220.0,252.0960000000001,46.95481871963593,22.0
-1,-248.6422713453451,39.00434193055556,189.0,195.936,52.70627134534513,24.0
-1,-233.31687115179588,28.88287752777778,175.0,186.5279999999999,46.78887115179598,22.0
-1,-236.87095960004368,24.116728629629616,175.0,193.728,43.142959600043696,21.0
-1,-228.0208771701797,28.573646314814823,176.0,184.99200000000005,43.028877170179605,20.0
-1,-213.08105595994263,19.679052791666656,177.0,177.696,35.38505595994263,20.0
-1,-207.28241655442253,30.0431824398148,165.0,151.77600000000004,55.50641655442251,21.0
-1,-198.18086859834003,26.025993351851824,141.0,166.65600000000006,31.524868598339964,17.0
-1,-200.6272947000465,30.387870370370397,147.0,146.30400000000003,54.32329470004648,21.0
-1,-206.19328648607325,30.48293256481484,158.0,157.05599999999998,49.13728648607326,19.0
-1,-185.80255220350455,24.162722157407387,127.0,126.528,59.27455220350456,22.0
-1,-205.59523552408888,33.1566211574074,140.0,153.4080000000001,52.18723552408879,21.0
-1,-205.66760842764768,26.053064824074067,140.0,135.74400000000003,69.92360842764766,26.0
-1,-211.51270287204176,38.46963957407413,144.0,148.99200000000002,62.52070287204173,21.0
-1,-233.41192646928505,34.36982469444445,162.0,165.9840000000001,67.427926469285,22.0
-1,-181.8298016956217,22.308119981481465,126.0,128.44800000000004,53.3818016956217,19.0
-1,-219.96963319643345,16.48085215740739,143.0,164.448,55.52163319643344,22.0
-1,-231.5467086346204,33.91356950462965,152.0,159.648,71.89870863462036,25.0
-1,-202.0858804892416,35.75397654166672,158.0,150.81600000000003,51.26988048924157,20.0
-1,-204.97747866500669,26.448381680555556,132.0,155.52000000000004,49.45747866500664,20.0
-1,-208.4096745049785,25.91392386574077,123.0,135.55200000000002,72.8576745049785,24.0
-1,-204.49272876033984,25.981673712962973,133.0,153.69600000000003,50.7967287603398,20.0
-1,-184.7473386840187,23.71835117129628,125.0,143.328,41.41933868401868,20.0
-1,-197.15444512046216,27.26045174999997,136.0,143.80800000000005,53.346445120462114,20.0
-1,-200.95499758863525,27.24875493055553,134.0,146.39999999999995,54.5549975886353,22.0
-1,-198.65138938006476,25.995479023148143,131.0,144.8640000000001,53.787389380064646,25.0
-1,-194.04400315467817,34.460936236111074,161.0,135.64800000000008,58.39600315467808,21.0
-1,-169.48850882908695,24.75280362962963,118.0,120.76800000000006,48.7205088290869,19.0
-1,-200.2914924165433,27.764767370370382,132.0,142.75200000000004,57.53949241654328,25.0
-1,-191.9891860029029,16.676355564814813,125.0,137.5680000000001,54.4211860029028,20.0
-1,-176.06612205160246,21.710193912037017,106.0,120.57600000000002,55.490122051602434,21.0
-1,-177.95861804776558,32.632524175925894,120.0,111.45599999999996,66.5026180477656,25.0
-1,-172.03298244401532,23.561618935185205,112.0,123.07200000000006,48.96098244401526,20.0
-1,-181.90364533950503,20.971956018518487,105.0,123.55200000000002,58.35164533950503,29.0
-1,-180.19671107366264,31.309533125000005,130.0,136.032,44.16471107366264,23.0
-1,-150.75719377276857,25.676371962962936,109.0,111.74400000000004,39.01319377276855,19.0
-1,-172.17773413305991,23.931351629629592,121.0,129.12000000000006,43.05773413305984,19.0
-1,-175.73675328204217,29.09140827777773,107.0,120.096,55.64075328204218,25.0
-1,-181.2407907490489,31.05065353703704,110.0,96.48,84.76079074904891,27.0
-1,-155.67689452343092,24.730891837962957,96.0,101.85600000000004,53.82089452343085,22.0
-1,-185.32699417685723,29.73023040277778,110.0,118.56000000000004,66.76699417685717,24.0
-1,-152.00292079026323,25.77502167129629,103.0,107.61600000000006,44.38692079026317,20.0
-1,-195.58656803773283,32.39682426388884,111.0,124.03200000000002,71.5545680377328,24.0
-1,-166.4913588525354,29.061928194444462,111.0,116.92800000000004,49.56335885253536,21.0
-1,-153.17622199069368,21.99865602314813,91.0,98.11200000000004,55.06422199069363,21.0
-1,-193.81318213478696,28.229145837962943,115.0,112.70400000000002,81.10918213478693,25.0
-1,-190.6992946351407,23.122245486111115,121.0,119.04000000000002,71.65929463514068,26.0
-1,-173.38190814427003,29.75243213425926,117.0,114.62400000000004,58.75790814426998,21.0
-1,-150.51606313098046,15.319935837962918,78.0,100.89600000000006,49.62006313098041,22.0
-1,-178.73555393844043,19.634875115740726,101.0,121.44000000000008,57.29555393844036,24.0
-1,-182.8519423465657,13.275037509259244,109.0,121.92000000000006,60.93194234656561,24.0
-1,-152.50056100425792,21.66468676388888,100.0,109.248,43.2525610042579,19.0
-1,-176.61132534689824,20.4212228148148,126.0,113.47200000000004,63.13932534689819,24.0
-1,-188.0524950519547,18.108885782407416,105.0,121.82400000000004,66.22849505195465,24.0
-1,-151.88730912477564,23.502965754629564,91.0,99.55200000000004,52.335309124775605,22.0
-1,-219.9403394828508,26.42316140740741,112.0,138.52800000000005,81.41233948285073,27.0
-1,-156.9668304064258,19.844455828703683,83.0,111.26400000000002,45.702830406425775,19.0
-1,-182.4644738772117,24.40608654629627,97.0,103.00800000000004,79.45647387721165,24.0
-1,-218.55734838207687,24.26861608796295,117.0,135.64800000000008,82.90934838207679,23.0
-1,-183.44204580095672,17.91404267592593,93.0,125.66400000000004,57.77804580095667,24.0
-1,-168.46155019095374,24.28387755555554,104.0,106.94400000000006,61.51755019095369,25.0
-1,-209.2747817523044,22.16010930092593,117.0,126.43200000000004,82.84278175230433,28.0
-1,-163.3257951999188,26.095887870370355,100.0,112.89600000000004,50.42979519991873,19.0
-1,-153.89229222063824,17.371499541666644,90.0,119.80800000000004,34.08429222063819,18.0
-1,-213.57082158110285,26.11894882870368,118.0,137.376,76.19482158110284,26.0
-1,-158.14396997853478,19.41582472222216,93.0,118.36800000000008,39.77596997853472,18.0
-1,-195.5459752936766,18.13881881944441,94.0,116.73600000000005,78.80997529367656,25.0
-1,-179.1728966834767,18.179486800925904,100.0,102.81600000000005,76.35689668347665,25.0
-1,-174.01094833351596,20.023927555555577,90.0,100.99200000000005,73.01894833351591,25.0
-1,-144.2328322309808,21.137155879629628,92.0,92.16000000000004,52.07283223098074,21.0
-1,-137.35749957090556,15.247793027777757,95.0,108.67200000000004,28.685499570905517,18.0
-1,-155.6185809229396,19.77107491666663,98.0,110.30400000000006,45.31458092293954,22.0
-1,-176.49326356336906,25.97534455555555,91.0,110.78400000000003,65.70926356336903,21.0
-1,-207.6454416347624,24.60408990740734,114.0,129.31200000000007,78.3334416347623,24.0
-1,-167.6666147114994,14.53693927777777,90.0,109.53600000000004,58.13061471149934,21.0
-1,-185.92950988981903,18.145106847222188,105.0,127.68000000000006,58.249509889819,25.0
-1,-151.2195903689529,20.17283237499997,93.0,111.16800000000006,40.05159036895284,21.0
-1,-158.75679528047957,21.02498920370365,91.0,94.848,63.908795280479545,24.0
-1,-180.51944793520747,27.698033912037,121.0,123.36000000000004,57.15944793520744,24.0
-1,-200.0796311710864,21.62310307870364,99.0,128.73600000000008,71.34363117108627,22.0
-1,-142.39118954658363,18.209803402777744,91.0,104.64000000000006,37.75118954658359,19.0
-1,-134.7534818858422,19.136010245370343,77.0,92.54400000000004,42.20948188584217,18.0
-1,-125.06269309190802,14.961091097222198,74.0,91.104,33.958693091908,18.0
-1,-171.8188049229961,22.777186120370388,107.0,104.06400000000006,67.75480492299604,24.0
-1,-167.12680043508888,22.74759185648144,88.0,100.608,66.51880043508888,25.0
-1,-166.8067853889589,15.59075220833331,84.0,108.19200000000004,58.61478538895885,23.0
-1,-153.13124794155163,24.63843306481477,83.0,93.31200000000004,59.81924794155159,21.0
-1,-149.62732228834446,23.93095521296292,102.0,110.20800000000006,39.4193222883444,20.0
-1,-140.09535060373534,15.796748430555526,79.0,100.22400000000005,39.8713506037353,19.0
-1,-248.2073373337365,20.50596207870369,108.0,127.87200000000009,120.33533733373643,25.0
-1,-166.00330380090563,25.709095236111057,98.0,115.39200000000004,50.61130380090557,24.0
-1,-163.828072640772,16.3517106435185,83.0,106.75200000000004,57.07607264077198,21.0
-1,-171.97808725066764,17.192221995370346,103.0,121.15200000000006,50.82608725066758,23.0
-1,-148.6583391843974,18.043162083333293,91.0,105.31200000000004,43.346339184397344,21.0
-1,-176.16586605434702,21.04376193055545,73.0,92.64000000000004,83.52586605434698,27.0
-1,-133.34438825294936,19.664283782407374,89.0,94.84800000000004,38.49638825294933,20.0
-1,-157.03190242350098,19.96748548148149,108.0,119.42400000000004,37.60790242350092,21.0
-1,-162.48782136693518,19.86492408796296,87.0,112.32000000000004,50.16782136693512,20.0
-1,-115.48073780479892,15.591638361111098,75.0,86.78400000000005,28.69673780479888,21.0
-1,-137.24381338646546,15.43533452777774,73.0,89.37600000000003,47.86781338646542,20.0
-1,-128.10566912085915,14.240110999999976,69.0,79.77600000000002,48.32966912085912,19.0
-1,-137.474284764629,18.638093379629616,82.0,97.53600000000004,39.93828476462897,17.0
-1,-141.73053388387478,16.981598569444436,91.0,102.72000000000004,39.01053388387477,19.0
-1,-174.22749947688578,16.499833087962926,80.0,115.87200000000009,58.35549947688568,23.0
-1,-138.46012022138825,18.477161245370297,88.0,90.24000000000004,48.22012022138819,19.0
-1,-135.6783441895577,15.398630754629597,87.0,88.41600000000003,47.26234418955767,23.0
-1,-156.1106290315548,22.841750768518487,94.0,114.43200000000004,41.67862903155474,21.0
-1,-128.00081373274116,13.68282871296295,79.0,90.336,37.66481373274115,21.0
-1,-151.51438649326667,18.246538129629595,92.0,96.96000000000004,54.55438649326665,22.0
-1,-155.7634163147195,20.13695074999997,92.0,119.42400000000006,36.33941631471944,19.0
-1,-154.98537775424015,14.560161449074052,91.0,104.54400000000004,50.4413777542401,24.0
-1,-172.73948936468008,16.354122722222243,85.0,106.56000000000006,66.17948936468001,24.0
-1,-138.55583846803705,17.13195596296292,81.0,93.21600000000004,45.33983846803702,18.0
-1,-121.1466733312661,13.486006680555551,74.0,85.05600000000004,36.09067333126607,22.0
-1,-139.53105147152434,17.742617310185157,87.0,95.42400000000002,44.10705147152431,20.0
-1,-142.17154498023658,14.817583185185148,68.0,89.37600000000003,52.795544980236535,24.0
-1,-140.95288587751205,17.177650592592563,83.0,95.52000000000004,45.43288587751201,21.0
-1,-125.87287257510218,19.558752643518496,74.0,82.75200000000004,43.12087257510215,20.0
-1,-280.288658894047,15.777746069444442,121.0,175.29600000000008,104.9926588940469,26.0
-1,-146.07406917117055,19.402234254629608,86.0,98.40000000000003,47.674069171170494,22.0
-1,-111.20043658917294,11.52563655092591,50.0,66.43200000000002,44.76843658917292,23.0
-1,-221.20495116324557,21.65619944444441,96.0,128.16000000000008,93.04495116324549,23.0
-1,-153.07964052481566,16.491783523148158,81.0,102.14400000000003,50.9356405248156,25.0
-1,-121.42446419838508,13.722883995370356,74.0,89.85600000000002,31.568464198385065,18.0
-1,-167.421115829943,19.97630990740738,78.0,99.16800000000003,68.25311582994294,26.0
-1,-247.1753124834588,19.928592861111067,94.0,121.24800000000006,125.92731248345872,27.0
-1,-158.21768213862632,19.108839217592617,81.0,102.43200000000004,55.78568213862627,19.0
-1,-125.22016056178532,16.527331023148125,61.0,72.09600000000003,53.12416056178528,24.0
-1,-119.92296264250746,9.539226930555552,62.0,71.90400000000004,48.01896264250743,26.0
-1,-198.89657221212224,16.98460424074072,112.0,152.92800000000008,45.96857221212214,21.0
-1,-163.24130308473838,14.894079111111104,95.0,93.12000000000003,70.12130308473834,26.0
-1,-248.4762182235974,18.005730499999977,87.0,106.75200000000008,141.72421822359735,29.0
-1,-175.93239500742004,20.532365810185134,77.0,92.35200000000005,83.58039500741998,25.0
-1,-159.12140619078758,15.449624902777758,60.0,75.55200000000004,83.56940619078756,29.0
-1,-210.696637711719,17.51135115740736,97.0,121.44000000000004,89.25663771171894,27.0
-1,-145.48447961128818,16.867105324074068,76.0,86.01600000000005,59.46847961128812,24.0
-1,-158.6876886787516,16.86591161111109,86.0,96.00000000000004,62.687688678751584,23.0
-1,-155.71846859933763,13.762119148148113,66.0,102.52800000000003,53.19046859933759,21.0
-1,-108.84554398896115,12.45835297685186,70.0,70.94400000000003,37.90154398896114,21.0
-1,-124.99312407158298,13.094903921296282,56.0,68.16000000000003,56.83312407158296,23.0
-1,-202.9899397940723,16.35784070370368,87.0,125.56800000000008,77.42193979407223,27.0
-1,-153.8304558977129,15.147846949074047,81.0,96.67200000000004,57.158455897712855,26.0
-1,-155.32137888767363,13.060718537037024,73.0,93.98400000000004,61.3373788876736,23.0
-1,-128.78282425361618,16.178648499999984,81.0,85.63200000000003,43.15082425361616,22.0
-1,-149.19337417220794,20.927577124999928,78.0,94.27200000000003,54.92137417220791,21.0
-1,-157.19022211753185,17.254019615740724,77.0,87.45600000000003,69.73422211753181,25.0
-1,-123.72054243435667,17.22157412499999,62.0,75.26400000000004,48.45654243435665,25.0
-1,-170.7118057767861,15.61008011574073,75.0,114.62400000000008,56.08780577678604,21.0
-1,-137.30741896951994,15.74690624074071,75.0,81.50400000000005,55.803418969519896,20.0
-1,-165.1908520860638,12.514956148148135,83.0,112.60800000000006,52.58285208606372,24.0
-1,-148.6240791917182,17.563037546296275,71.0,89.85600000000005,58.76807919171816,20.0
-1,-113.21399042470976,16.324281101851817,69.0,73.63200000000002,39.581990424709744,20.0
-1,-149.6839238267892,14.991632393518511,67.0,88.99200000000003,60.69192382678917,23.0
-1,-124.11338843510865,11.430746893518512,63.0,78.43200000000002,45.68138843510863,18.0
-1,-174.32729163142298,17.011874662037002,83.0,122.49600000000008,51.83129163142291,20.0
-1,-122.4236850197422,14.23642653240738,69.0,80.54400000000003,41.879685019742176,25.0
-1,-157.5146742313592,12.815065124999984,91.0,131.61600000000007,25.898674231359134,13.0
-1,-145.81315372800975,14.00818976851849,79.0,93.40800000000004,52.40515372800972,22.0
-1,-197.641980852636,13.022531490740722,83.0,126.04800000000009,71.59398085263591,21.0
-1,-131.4386778873513,16.85319732870368,74.0,83.80800000000004,47.63067788735128,21.0
-1,-127.4078265330813,12.29432698148148,59.0,80.25600000000003,47.15182653308127,25.0
-1,-261.81326377559867,18.885541412037032,104.0,149.37600000000006,112.43726377559864,27.0
-1,-145.85495259115754,13.790941023148136,65.0,85.15200000000004,60.70295259115751,24.0
-1,-102.9979408959598,16.193810425925914,59.0,58.46400000000001,44.53394089595978,22.0
-1,-182.88111219677307,17.102874777777735,81.0,115.29600000000006,67.585112196773,26.0
-1,-118.3976154207736,18.90731222685183,62.0,71.13600000000002,47.261615420773566,20.0
-1,-144.09092559369,18.66333812499996,76.0,97.05600000000004,47.03492559368996,21.0
-1,-135.49112895527188,19.91389850462961,74.0,88.41600000000004,47.07512895527184,19.0
-1,-157.77626711480366,19.05409472685182,83.0,108.96000000000006,48.8162671148036,17.0
-1,-129.25882991964153,14.877753995370355,68.0,82.84800000000001,46.41082991964153,22.0
-1,-237.0373962629732,23.03633519907404,98.0,108.19200000000004,128.84539626297314,25.0
-1,-111.2579266872294,11.940372592592595,49.0,65.95200000000003,45.305926687229366,20.0
-1,-140.66015859160223,14.034371532407391,66.0,92.64000000000004,48.02015859160218,22.0
-1,-187.55061160909855,21.59936841666668,91.0,116.44800000000006,71.10261160909852,24.0
-1,-122.66504214389218,13.652309462962965,65.0,76.22400000000003,46.44104214389215,25.0
-1,-119.51167190377112,13.28691483796294,66.0,80.54400000000003,38.9676719037711,16.0
-1,-166.62740720068035,20.85583378703701,85.0,106.75200000000004,59.87540720068033,17.0
-1,-137.65443328500808,16.147562814814794,67.0,84.09600000000003,53.55843328500806,20.0
-1,-102.65376258346166,14.111895291666682,65.0,68.16000000000003,34.493762583461624,20.0
-1,-159.66168515821022,16.528321851851818,71.0,92.83200000000004,66.82968515821015,23.0
-1,-174.22112940852114,11.24694943055555,71.0,108.38400000000006,65.83712940852108,26.0
-1,-157.68225655501624,15.6849177222222,83.0,107.90400000000004,49.77825655501619,22.0
-1,-100.22604108018774,13.489723018518497,63.0,70.46400000000003,29.76204108018771,16.0
-1,-107.50247971531964,14.098706615740728,66.0,67.96800000000002,39.53447971531963,19.0
-1,-93.81207720186688,9.503299986111111,58.0,70.84800000000001,22.96407720186687,14.0
-1,-170.00807222295035,15.957393652777746,72.0,89.08800000000002,80.92007222295032,26.0
-1,-175.51506697408232,18.29623958796294,84.0,113.08800000000004,62.42706697408226,22.0
-1,-138.51857428053492,16.459835754629616,54.0,77.66400000000004,60.85457428053488,24.0
-1,-148.16323266419795,18.51232997685177,76.0,82.46400000000004,65.69923266419791,25.0
-1,-125.29053283798244,18.67576789814811,61.0,78.14400000000003,47.1465328379824,17.0
-1,-119.12718783894634,20.3312915231481,66.0,77.37600000000003,41.75118783894631,19.0
-1,-141.69523729604887,15.357573847222184,65.0,91.39200000000004,50.30323729604884,23.0
-1,-126.5552601440787,14.156949847222204,60.0,78.33600000000003,48.21926014407868,20.0
-1,-115.5117505327928,11.091853828703725,43.0,67.39200000000002,48.11975053279279,24.0
-1,-157.7767127983039,17.201685958333307,72.0,99.45600000000006,58.32071279830383,25.0
-1,-173.52044568604822,20.32457584722214,73.0,102.14400000000003,71.37644568604817,24.0
-1,-118.85059001869178,11.758532467592604,43.0,52.41600000000002,66.43459001869175,23.0
-1,-127.13341007434136,17.501600050925905,60.0,71.42400000000004,55.70941007434133,22.0
-1,-122.29195505859782,14.91659618055554,53.0,60.76800000000003,61.52395505859779,21.0
-1,-144.27432968552029,14.321825347222209,55.0,59.61600000000003,84.65832968552026,25.0
-1,-99.29947628910833,14.545792703703665,48.0,66.04800000000002,33.251476289108304,19.0
-1,-137.63779398939795,15.117378124999991,57.0,75.16800000000003,62.46979398939792,26.0
-1,-140.53670196470853,15.372096694444432,55.0,83.90400000000005,56.63270196470848,23.0
-1,-154.159835106272,15.77926979166665,62.0,81.69600000000004,72.46383510627196,30.0
-1,-126.91543336050982,13.305946944444427,51.0,68.64000000000003,58.275433360509794,22.0
-1,-115.87136348983852,10.902429199074058,66.0,70.75200000000002,45.11936348983851,21.0
-1,-111.87732998752163,15.35192544907407,58.0,65.28000000000003,46.59732998752162,20.0
-1,-152.40814488146185,17.860899754629596,76.0,92.83200000000004,59.57614488146183,22.0
-1,-106.68900331723276,11.82357325925926,58.0,66.43200000000003,40.25700331723272,24.0
-1,-119.07978059817056,12.137629726851848,58.0,76.89600000000003,42.18378059817053,19.0
-1,-124.16089820877234,16.17176304166665,54.0,65.66400000000003,58.49689820877231,22.0
-1,-125.16173043948496,13.576310972222217,56.0,77.28000000000003,47.88173043948493,21.0
-1,-116.89912932376502,15.417492819444425,52.0,79.68000000000004,37.21912932376499,21.0
-1,-204.9760275534084,14.145781657407404,88.0,143.2320000000001,61.74402755340824,23.0
-1,-144.9095271179154,14.857938296296265,58.0,80.64000000000003,64.26952711791535,21.0
-1,-166.33330609563944,16.973150416666634,71.0,89.28000000000003,77.05330609563943,26.0
-1,-132.70627536621728,16.577999828703664,66.0,71.80800000000002,60.898275366217256,24.0
-1,-109.17385093540908,11.373028152777763,61.0,60.480000000000025,48.693850935409074,22.0
-1,-132.87476369435055,16.67460484259256,56.0,72.09600000000003,60.77876369435052,23.0
-1,-146.51006283275387,13.76982546296296,58.0,80.64000000000004,65.87006283275382,24.0
-1,-133.69048550142423,15.873545759259228,60.0,82.94400000000003,50.74648550142419,22.0
-1,-115.76046978210076,17.392816351851835,62.0,68.16000000000003,47.600469782100745,20.0
-1,-155.4934926985716,18.34079971759252,69.0,100.22400000000006,55.26949269857154,19.0
-1,-117.01559803998474,16.201169962962936,60.0,76.41600000000003,40.59959803998471,20.0
-1,-261.36029718142754,17.76392313888881,132.0,218.8800000000001,42.48029718142743,18.0
-1,-98.96198526372756,17.98780593055557,64.0,69.12000000000003,29.84198526372754,16.0
-1,-157.2111287350774,17.70469743981476,62.0,81.31200000000004,75.89912873507738,25.0
-1,-189.3753266481793,12.926625393518496,71.0,113.95200000000008,75.42332664817926,23.0
-1,-113.39330404133534,12.75886862037036,49.0,62.59200000000002,50.80130404133533,23.0
-1,-121.91075567892756,18.039588092592563,60.0,76.51200000000004,45.39875567892752,20.0
-1,-117.29373585399712,15.097924773148137,66.0,75.64800000000004,41.6457358539971,21.0
-1,-120.7759796563204,11.6024449537037,50.0,71.42400000000004,49.35197965632037,23.0
-1,-113.61232499736316,9.837935578703703,44.0,56.73600000000002,56.87632499736312,27.0
-1,-197.98597525764885,13.187777499999996,82.0,122.30400000000007,75.68197525764877,24.0
-1,-115.2828837462444,13.26758818055554,52.0,69.79200000000003,45.49088374624437,21.0
-1,-154.99639236168127,13.98636121296296,68.0,111.07200000000006,43.92439236168122,17.0
-1,-125.93218176573568,10.45536375925928,47.0,57.120000000000026,68.81218176573567,24.0
-1,-112.72404106398518,12.190717541666652,46.0,65.56800000000003,47.15604106398516,24.0
-1,-136.55028344889712,12.189861874999991,63.0,79.10400000000004,57.44628344889707,24.0
-1,-129.2749226228858,13.64947791203702,59.0,75.36000000000003,53.91492262288578,24.0
-1,-136.06634529048873,17.706722347222172,72.0,91.58400000000005,44.48234529048868,18.0
-1,-127.64764593123434,18.910122652777734,60.0,72.00000000000004,55.64764593123429,20.0
-1,-125.96781664912268,10.182414935185172,61.0,72.67200000000003,53.29581664912265,22.0
-1,-101.74152835541676,13.404502513888888,50.0,59.23200000000001,42.509528355416734,20.0
-1,-100.5646234740617,12.17804642592592,40.0,51.74400000000002,48.82062347406168,23.0
-1,-135.02837053937924,16.67001234722221,68.0,83.80800000000004,51.22037053937919,22.0
-1,-129.2356423581466,12.14902173611112,56.0,68.35200000000003,60.88364235814657,24.0
-1,-138.13162362905302,12.34211627314814,63.0,72.57600000000005,65.55562362905299,27.0
-1,-99.8734854450258,13.39821496296294,59.0,63.45600000000002,36.4174854450258,19.0
-1,-148.16883203975334,18.834123824074005,75.0,103.00800000000008,45.16083203975326,20.0
-1,-89.00252670451621,12.761141277777782,50.0,52.800000000000026,36.20252670451618,19.0
-1,-97.64741027152331,14.528896708333312,49.0,57.88800000000003,39.759410271523286,20.0
-1,-119.16112520931036,14.302694810185187,50.0,61.15200000000002,58.00912520931036,20.0
-1,-122.86712251639622,13.662925898148153,60.0,72.28800000000001,50.57912251639622,25.0
-1,-114.65059604769132,13.700528546296304,52.0,65.47200000000002,49.17859604769131,20.0
-1,-111.09377342885092,16.91516849537035,60.0,67.00800000000004,44.085773428850864,21.0
-1,-164.4334973546002,15.201445060185163,73.0,91.39200000000004,73.04149735460017,27.0
-1,-236.08458401115155,16.053759212962945,97.0,157.1520000000001,78.93258401115145,25.0
-1,-118.0463482592268,13.264223796296251,54.0,74.40000000000002,43.64634825922677,22.0
-1,-136.31817187061205,14.72346588888886,53.0,78.72000000000003,57.598171870612006,24.0
-1,-157.22217532633084,14.77488382870369,65.0,96.57600000000006,60.64617532633078,21.0
-1,-126.64981198148864,13.236409037037042,51.0,68.25600000000003,58.3938119814886,23.0
-1,-102.78294529853028,18.673451652777757,54.0,59.90400000000003,42.87894529853024,16.0
-1,-129.1789676104586,17.218774865740702,58.0,79.87200000000004,49.30696761045855,17.0
-1,-114.1646791777213,13.572569685185163,61.0,73.44000000000003,40.724679177721264,20.0
-1,-107.17542856549314,13.181829546296289,47.0,52.416000000000025,54.75942856549311,22.0
-1,-132.05076325573054,15.426241152777765,55.0,71.71200000000005,60.33876325573048,21.0
-1,-139.17578282043291,15.571173217592577,61.0,88.22400000000005,50.95178282043287,23.0
-1,-139.00811684242944,19.674383087962912,63.0,81.69600000000004,57.3121168424294,21.0
-1,-108.62304878973302,14.72997118981482,63.0,68.44800000000002,40.175048789733005,21.0
-1,-112.15264550192826,20.0042349907407,63.0,74.49600000000004,37.656645501928224,18.0
-1,-118.05498948070613,17.973319087962924,61.0,72.67200000000003,45.382989480706094,20.0
-1,-138.83287144680423,14.283294162037004,57.0,83.23200000000004,55.6008714468042,22.0
-1,-122.04438105048428,19.17145191666661,64.0,77.76000000000003,44.28438105048424,19.0
-1,-137.46607799601716,18.84911226388883,74.0,84.76800000000003,52.69807799601713,24.0
-1,-132.20987917385455,15.249696763888869,53.0,69.50400000000003,62.70587917385453,22.0
-1,-121.45347380716235,16.97634779629626,52.0,63.64800000000003,57.80547380716234,22.0
-1,-179.92904710033764,11.91754735185184,67.0,97.72800000000004,82.2010471003376,26.0
-1,-129.74536249598376,15.060639722222197,57.0,67.87200000000001,61.87336249598375,23.0
-1,-131.95181550145787,13.721818064814828,58.0,65.28000000000003,66.67181550145783,26.0
-1,-137.90926045966592,13.224519138888889,58.0,72.28800000000004,65.62126045966589,23.0
-1,-109.26614213186107,14.607782527777772,56.0,63.07200000000002,46.19414213186106,23.0
-1,-252.87291646358003,14.82201599537037,110.0,160.3200000000001,92.55291646357992,27.0
-1,-151.2252929494457,15.475392513888844,67.0,103.58400000000006,47.64129294944564,22.0
-1,-108.07608839659582,14.236563476851831,54.0,62.68800000000003,45.3880883965958,23.0
-1,-125.64110203055854,10.531351699074072,53.0,69.88800000000003,55.75310203055851,27.0
-1,-124.60933393360732,16.19791731018517,56.0,75.16800000000005,49.44133393360727,19.0
-1,-121.64816507230786,19.41826352314805,57.0,62.97600000000003,58.67216507230784,25.0
-1,-124.08764507620624,11.089057532407397,49.0,60.09600000000003,63.9916450762062,24.0
-1,-152.9218040601854,17.420338023148084,69.0,103.48800000000006,49.43380406018533,22.0
-1,-92.52001363492832,8.627109541666682,44.0,52.032000000000025,40.48801363492831,24.0
-1,-129.5138361030126,10.540306499999987,45.0,74.20800000000004,55.305836103012574,24.0
-1,-152.43445418039616,13.843818902777748,60.0,90.24000000000004,62.194454180396114,24.0
-1,-177.6143148083729,13.863981254629614,73.0,107.52000000000004,70.09431480837284,23.0
-1,-132.29832167756192,16.12779492592588,57.0,79.77600000000002,52.52232167756189,22.0
-1,-138.06209840945107,15.524224944444422,51.0,65.28000000000003,72.78209840945104,24.0
-1,-99.07678557405724,14.12779778703702,53.0,56.73600000000002,42.34078557405722,18.0
-1,-139.20860424364946,15.343563296296304,58.0,80.16000000000004,59.04860424364944,21.0
-1,-140.83243866832206,18.56840093518512,64.0,87.16800000000003,53.66443866832202,22.0
-1,-188.65061415407297,20.12171340740733,82.0,129.7920000000001,58.85861415407289,21.0
-1,-166.27438202239756,15.161047893518472,73.0,101.85600000000008,64.4183820223975,27.0
-1,-113.48687657393825,10.554890995370355,54.0,68.83200000000004,44.6548765739382,20.0
-1,-112.16856062660676,12.577861791666669,45.0,53.08800000000002,59.08056062660674,21.0
-1,-117.42628585421876,14.870015782407382,52.0,76.70400000000004,40.72228585421872,19.0
-1,-135.9826967697593,9.745567152777788,54.0,74.30400000000003,61.678696769759256,26.0
-1,-114.2064479362718,13.623580226851844,57.0,67.68000000000002,46.52644793627177,25.0
-1,-120.66476468940962,16.933054361111076,65.0,77.95200000000003,42.71276468940959,18.0
-1,-153.43696389135746,18.25371549074071,65.0,96.09600000000005,57.34096389135743,19.0
-1,-157.143194102875,13.143316773148111,68.0,101.28000000000006,55.86319410287492,22.0
-1,-117.940237773113,12.78713348611111,46.0,57.120000000000026,60.82023777311297,22.0
-1,-134.5730537621773,16.342628574074038,70.0,74.97600000000003,59.59705376217728,22.0
-1,-123.49799315909314,13.17037143055554,53.0,72.76800000000003,50.72999315909311,21.0
-1,-166.8098504991343,14.057589388888864,77.0,95.71200000000006,71.09785049913425,25.0
-1,-122.56485635551,16.10342699537034,62.0,70.75200000000004,51.81285635550995,20.0
-1,-149.51960564796258,12.379683546296288,65.0,92.64000000000006,56.879605647962535,21.0
-1,-120.57537004734112,16.565859768518486,47.0,63.84000000000003,56.73537004734109,22.0
-1,-124.1781658260726,11.998144050925916,46.0,55.968000000000025,68.21016582607258,24.0
-1,-116.94164732504476,14.822229916666664,53.0,68.06400000000002,48.87764732504474,22.0
-1,-110.8304067490974,16.841351416666647,57.0,66.24000000000002,44.590406749097376,19.0
-1,-127.9595743767164,14.269062611111114,50.0,62.784000000000034,65.17557437671636,24.0
-1,-106.84234559355929,10.53352848148148,47.0,56.832000000000015,50.01034559355928,25.0
-1,-125.02792786302112,21.018364662036976,66.0,74.01600000000005,51.01192786302108,20.0
-1,-101.32323841584063,13.346502412037028,45.0,49.34400000000002,51.97923841584063,21.0
-1,-113.2713167413817,8.419269171296301,46.0,62.11200000000003,51.15931674138166,27.0
-1,-96.37360320473007,12.63047622222223,51.0,49.82400000000001,46.54960320473007,21.0
-1,-133.75396462915717,15.522869046296272,57.0,70.36800000000004,63.38596462915712,24.0
-1,-111.90248059178452,16.467871472222175,51.0,64.80000000000003,47.10248059178448,22.0
-1,-104.2913516069191,10.656830157407398,39.0,52.224000000000025,52.06735160691907,23.0
-1,-108.447152438267,12.47601773148148,53.0,57.69600000000002,50.751152438266985,22.0
-1,-107.64990546873256,12.96765512037037,47.0,70.56000000000003,37.089905468732525,19.0
-1,-113.16518874933251,11.971482939814813,49.0,67.10400000000003,46.06118874933248,23.0
-1,-133.8267887220161,12.989290370370345,54.0,74.30400000000004,59.52278872201606,30.0
-1,-121.6462386639534,15.515648328703676,49.0,73.72800000000002,47.91823866395339,21.0
-1,-199.8927220727824,16.090689958333286,80.0,125.18400000000008,74.70872207278228,23.0
-1,-120.94612666990818,14.383941939814797,55.0,66.52800000000003,54.41812666990815,24.0
-1,-155.74736633792924,18.63246843518512,78.0,97.82400000000004,57.92336633792917,23.0
-1,-160.04319033113967,12.738160240740722,58.0,88.60800000000005,71.43519033113961,25.0
-1,-126.25507601265274,19.55569504166659,62.0,74.20800000000004,52.047076012652695,22.0
-1,-156.28113281337204,13.724066527777772,63.0,90.62400000000004,65.65713281337199,23.0
-1,-126.2684922691021,11.138084833333329,42.0,56.25600000000003,70.01249226910207,24.0
-1,-102.62095210622054,13.764939439814814,42.0,51.74400000000002,50.87695210622052,20.0
-1,-164.86822976224184,19.27656628703697,73.0,100.80000000000008,64.06822976224177,23.0
-1,-118.75414101843216,14.868650648148137,52.0,65.47200000000002,53.28214101843215,24.0
-1,-136.8476599096083,13.00267619444442,62.0,90.33600000000006,46.51165990960824,22.0
-1,-91.0013028016439,18.091569652777768,50.0,58.36800000000003,32.633302801643865,16.0
-1,-111.78958671015386,16.80500788425923,50.0,63.74400000000003,48.04558671015382,23.0
-1,-99.89356259524718,13.83298060648146,53.0,59.13600000000001,40.757562595247165,19.0
-1,-156.06988972611907,21.727302555555514,65.0,82.94400000000005,73.12588972611904,26.0
-1,-180.4880621631692,16.206866902777726,68.0,110.88000000000008,69.60806216316915,23.0
-1,-87.91776003385226,14.282683078703696,42.0,47.13600000000002,40.78176003385224,21.0
-1,-107.99143032948368,12.053725925925937,39.0,46.65600000000001,61.33543032948367,24.0
-1,-124.3931038062673,16.46534009722218,55.0,60.864000000000026,63.52910380626727,22.0
-1,-104.89462485042228,16.875332893518507,49.0,59.42400000000003,45.470624850422254,18.0
-1,-152.93186358377045,15.385116189814797,67.0,100.32000000000008,52.61186358377039,21.0
-1,-127.4267403692564,21.263759046296222,68.0,90.04800000000004,37.37874036925636,16.0
-1,-106.07372680400718,12.642811981481476,45.0,58.75200000000003,47.32172680400715,21.0
-1,-129.98819352005054,16.388761064814783,59.0,72.00000000000003,57.98819352005052,22.0
-1,-144.78192113684136,15.062488902777742,53.0,71.71200000000003,73.06992113684133,26.0
-1,-103.92507000120251,15.43342128703704,46.0,49.05600000000002,54.86907000120252,21.0
-1,-122.44185929197675,13.07185720370368,51.0,67.77600000000004,54.66585929197672,24.0
-1,-121.56137520881892,17.932330819444406,63.0,68.06400000000004,53.49737520881889,24.0
-1,-111.2765874110728,12.642009597222213,49.0,61.72800000000002,49.54858741107278,22.0
-1,-115.50387905987216,17.872544953703656,58.0,66.72000000000003,48.78387905987212,21.0
-1,-109.07432477320526,17.43462139814814,56.0,63.45600000000002,45.618324773205245,18.0
-1,-104.7086966957432,14.6859138425926,49.0,45.600000000000016,59.108696695743184,25.0
-1,-99.39755485952182,14.97362066203702,53.0,60.76800000000003,38.6295548595218,16.0
-1,-108.31458443915984,14.87560762499999,47.0,50.68800000000002,57.62658443915981,23.0
-1,-107.62081376437648,13.56685262962962,47.0,53.95200000000003,53.66881376437647,25.0
-1,-95.3992733060588,16.29488443055553,47.0,52.89600000000002,42.50327330605878,18.0
-1,-109.69858277426653,13.775321675925907,48.0,61.632000000000026,48.0665827742665,20.0
-1,-107.20838913970174,18.86732048611108,50.0,61.05600000000002,46.15238913970172,18.0
-1,-108.62360481385326,15.79785356018516,43.0,57.02400000000002,51.59960481385325,19.0
-1,-100.24960144897972,15.216136388888884,55.0,55.87200000000002,44.37760144897971,18.0
-1,-125.26439225871889,15.633894837962956,52.0,65.37600000000002,59.88839225871887,23.0
-1,-125.05092087892572,20.103218907407385,64.0,73.34400000000004,51.70692087892567,24.0
-1,-148.59331896667214,18.281732356481424,70.0,90.62400000000004,57.969318966672105,20.0
-1,-112.41532298835727,12.100504384259262,47.0,56.44800000000002,55.96732298835725,22.0
-1,-117.80114187851945,14.876347208333296,49.0,74.88000000000004,42.9211418785194,20.0
-1,-113.73217477275988,15.478629050925925,55.0,66.04800000000002,47.68417477275988,20.0
-1,-136.80644284143193,22.155373949073983,69.0,75.36000000000004,61.44644284143189,20.0
-1,-90.18314336868002,13.55279214814812,53.0,59.32800000000002,30.85514336868,19.0
-1,-125.45673109715166,16.548492606481428,52.0,71.13600000000004,54.32073109715162,20.0
-1,-118.24846214724288,15.38850765277778,55.0,66.72000000000003,51.52846214724286,24.0
-1,-118.02708858009444,16.96625892129624,59.0,70.56000000000003,47.46708858009441,21.0
-1,-111.39850424114684,20.628117124999942,58.0,65.66400000000003,45.73450424114681,19.0
-1,-89.86195977719787,11.049057087962948,40.0,52.22400000000002,37.63795977719785,22.0
-1,-123.66568619792989,15.480897699074047,51.0,62.88000000000002,60.78568619792985,22.0
-1,-133.42474581217195,17.365095819444424,65.0,93.02400000000006,40.4007458121719,17.0
-1,-119.49554567498276,16.21189321296293,54.0,68.35200000000003,51.14354567498274,25.0
-1,-143.99556948124356,18.795739342592487,70.0,85.15200000000004,58.84356948124353,20.0
-1,-135.94636740401197,13.76082587499999,60.0,78.04800000000004,57.89836740401192,22.0
-1,-96.4131956259099,16.91647813425923,48.0,48.38400000000002,48.02919562590988,19.0
-1,-151.31210381120977,13.114125319444415,70.0,109.05600000000008,42.25610381120969,19.0
-1,-100.6774543127773,19.506468546296254,50.0,49.632000000000026,51.04545431277728,19.0
-1,-87.42634321293846,15.661143976851838,51.0,52.89600000000001,34.53034321293846,18.0
-1,-95.51494740857451,9.362015574074082,35.0,44.544,50.97094740857453,25.0
-1,-113.1205868184172,12.831042879629605,48.0,62.59200000000002,50.52858681841717,22.0
-1,-105.92578553715911,13.152372935185172,46.0,53.472000000000016,52.45378553715911,22.0
-1,-106.3549523110802,17.06749371759258,50.0,54.43200000000003,51.922952311080174,25.0
-1,-94.29559508545684,16.616354606481423,52.0,55.39200000000003,38.90359508545681,17.0
-1,-104.48944885471526,14.664961648148148,43.0,45.21600000000001,59.273448854715255,22.0
-1,-117.856945841314,15.74800144444441,53.0,63.36000000000003,54.49694584131396,22.0
-1,-120.96407295109016,14.964793203703676,50.0,66.33600000000003,54.62807295109012,24.0
-1,-111.45216507202204,17.595088995370315,49.0,60.76800000000003,50.684165072022,21.0
-1,-109.62158593586454,14.242514263888872,49.0,62.59200000000003,47.02958593586452,20.0
-1,-96.20892767289976,11.98239180092592,33.0,48.67200000000001,47.53692767289974,24.0
-1,-121.68714460034276,15.198963949074043,50.0,63.55200000000004,58.13514460034272,26.0
-1,-121.06460565085598,16.943158490740693,62.0,66.04800000000003,55.01660565085595,21.0
-1,-153.1616839192303,13.48961303703705,67.0,90.04800000000004,63.11368391923028,24.0
-1,-116.648534447524,13.609335078703698,52.0,68.73600000000003,47.912534447523946,21.0
-1,-115.72682203174466,14.007644087962955,49.0,51.55200000000002,64.17482203174464,24.0
-1,-102.9431805249767,17.23146743518516,50.0,62.97600000000002,39.96718052497668,16.0
-1,-98.4387379340125,10.634979064814829,37.0,43.29600000000001,55.14273793401248,26.0
-1,-105.17793976723522,15.837715712962948,44.0,56.83200000000003,48.34593976723518,19.0
-1,-197.1341495249968,16.91034937962958,83.0,116.06400000000006,81.0701495249967,23.0
-1,-113.75575912644706,14.701744550925897,52.0,71.04000000000003,42.71575912644703,20.0
-1,-111.95902657844609,11.242502407407397,53.0,61.15200000000003,50.80702657844605,27.0
-1,-106.8782874589192,19.440290212962896,58.0,56.352000000000025,50.52628745891919,22.0
-1,-131.61605103095607,15.211704370370333,61.0,83.90400000000004,47.71205103095604,21.0
-1,-119.9401783242308,21.66110996296292,66.0,78.33600000000003,41.60417832423079,19.0
-1,-126.39558470029708,17.226246648148095,59.0,70.46400000000004,55.93158470029706,20.0
-1,-103.11812291122304,17.605417638888852,55.0,64.41600000000004,38.702122911222986,23.0
-1,-98.74097212946658,13.517391004629594,46.0,55.58400000000002,43.15697212946657,22.0
-1,-111.23591289024634,15.40871345370368,50.0,60.864000000000026,50.37191289024632,20.0
-1,-102.43186633572512,11.227801865740748,46.0,54.43200000000002,47.9998663357251,23.0
-1,-134.2161024483707,14.074563513888885,57.0,73.24800000000003,60.96810244837067,19.0
-1,-113.68714868618837,13.103974708333318,43.0,51.07200000000002,62.615148686188334,27.0
-1,-109.74342563215252,13.930501444444422,44.0,58.36800000000002,51.37542563215249,17.0
-1,-103.6055432894034,18.94500191203699,57.0,62.11200000000003,41.49354328940336,18.0
-1,-127.32640710364782,18.39124691203697,54.0,63.93600000000003,63.39040710364779,23.0
-1,-113.16349796752388,14.209990537037024,55.0,72.19200000000002,40.97149796752387,19.0
-1,-111.43795411551363,15.743113115740732,52.0,56.83200000000003,54.60595411551361,19.0
-1,-106.19349113880672,16.803395796296254,53.0,60.57600000000003,45.61749113880671,21.0
-1,-108.48111489553284,18.142044754629588,52.0,52.51200000000002,55.969114895532805,19.0
-1,-97.19294986283616,16.98626191203702,48.0,52.99200000000002,44.20094986283614,21.0
-1,-90.25846038241738,17.938166805555525,46.0,49.44000000000002,40.81846038241736,14.0
-1,-128.46843881658813,20.00067881944441,64.0,79.58400000000005,48.884438816588094,19.0
-1,-112.31274804262182,17.983185824074013,49.0,59.23200000000003,53.0807480426218,20.0
-1,-98.62672632413684,11.560469259259245,45.0,54.91200000000002,43.714726324136805,23.0
-1,-120.74080387850788,14.342019601851836,53.0,70.94400000000003,49.796803878507845,21.0
-1,-101.95191334658256,17.551815365740683,45.0,58.27200000000003,43.67991334658253,20.0
-1,-104.96241562837112,11.238367944444429,48.0,63.45600000000002,41.50641562837112,22.0
-1,-120.04668831948388,15.023664898148144,43.0,53.37600000000002,66.67068831948387,24.0
-1,-173.85655537691636,16.42802836574069,73.0,115.00800000000008,58.8485553769163,20.0
-1,-108.68114232892432,18.62558086111109,48.0,58.65600000000003,50.025142328924304,20.0
-1,-109.65354358882814,15.19748605555552,45.0,60.09600000000003,49.55754358882811,23.0
-1,-121.18004448389183,14.835221912037044,46.0,65.18400000000003,55.996044483891815,22.0
-1,-140.0362859214731,12.859508185185176,62.0,79.00800000000004,61.02828592147308,25.0
-1,-120.83214020868786,16.413025240740733,64.0,73.24800000000003,47.58414020868784,21.0
-1,-107.69328571851295,14.53730048148146,43.0,53.56800000000001,54.12528571851294,23.0
-1,-104.01062274409078,17.030301726851825,58.0,55.48800000000003,48.522622744090754,20.0
-1,-117.78283881842322,13.02533368981481,52.0,57.98400000000004,59.79883881842319,24.0
-1,-107.46318733467386,11.654372328703689,41.0,58.75200000000002,48.71118733467384,22.0
-1,-91.45441583510951,15.910598986111104,37.0,50.40000000000002,41.05441583510952,19.0
-1,-160.7703645202549,16.52700588888884,67.0,87.36000000000006,73.41036452025484,25.0
-1,-97.74506667189516,13.485313907407384,41.0,52.32000000000002,45.425066671895145,21.0
-1,-120.7676277197304,16.461611606481437,57.0,66.43200000000003,54.33562771973037,23.0
-1,-100.69677233930312,15.269133259259242,43.0,61.05600000000002,39.64077233930311,18.0
-1,-103.85116277119684,18.683385537037,55.0,63.64800000000001,40.20316277119685,17.0
-1,-97.8885854524199,11.674553574074071,40.0,48.000000000000014,49.88858545241988,23.0
-1,-118.81110795673932,14.40727054166666,44.0,57.120000000000026,61.69110795673932,24.0
-1,-99.87221803594387,12.24273108796294,34.0,49.05600000000001,50.81621803594386,24.0
-1,-140.50399883132545,19.936828449073968,64.0,79.68000000000005,60.823998831325405,23.0
-1,-94.7719851680312,16.85794127314813,44.0,52.03200000000002,42.739985168031176,17.0
-1,-74.4358939589547,13.336728300925891,33.0,40.60800000000001,33.82789395895469,21.0
-1,-123.32954214758568,17.114199717592577,52.0,63.74400000000002,59.58554214758564,22.0
-1,-96.10691373791568,16.439376689814786,53.0,60.00000000000003,36.10691373791565,16.0
-1,-114.38486265729097,16.171432162037007,46.0,56.06400000000002,58.32086265729093,21.0
-1,-113.5688615230207,15.155563074074056,52.0,71.71200000000003,41.85686152302068,22.0
-1,-115.7548704575062,17.46468341666663,53.0,69.12000000000002,46.63487045750617,20.0
-1,-112.39107326436172,17.476382129629563,52.0,62.97600000000004,49.41507326436168,21.0
-1,-117.60343399861074,16.56265508796292,53.0,59.13600000000002,58.46743399861072,22.0
-1,-124.95442312871852,15.325368050925904,55.0,71.61600000000004,53.33842312871849,23.0
-1,-102.1531980215259,12.09499496759258,44.0,52.60800000000002,49.54519802152588,22.0
-1,-90.78845388397455,16.775034837962924,41.0,42.912000000000006,47.87645388397457,18.0
-1,-111.09580824260824,17.033663490740715,48.0,58.94400000000003,52.15180824260819,21.0
-1,-75.2118751985562,13.483988324074057,37.0,48.96000000000001,26.251875198556192,13.0
-1,-114.2123430455094,17.905517425925876,53.0,54.81600000000002,59.39634304550938,22.0
-1,-113.7772098315182,18.123256574074013,56.0,58.75200000000002,55.02520983151818,21.0
-1,-89.35331507294312,13.83270681481483,34.0,41.088000000000015,48.2653150729431,20.0
-1,-141.27502990497487,18.48050578240736,65.0,80.64000000000004,60.63502990497482,20.0
-1,-111.44316720948984,21.484155254629584,68.0,74.78400000000003,36.659167209489794,14.0
-1,-194.94634363666017,15.785217296296269,77.0,124.22400000000007,70.72234363666011,23.0
-1,-116.73781842234608,15.376048745370351,55.0,69.21600000000004,47.52181842234605,22.0
-1,-118.0230072955697,14.053797226851833,52.0,72.86400000000003,45.15900729556967,24.0
-1,-114.61164059544376,15.81536652777776,49.0,58.75200000000003,55.85964059544373,24.0
-1,-96.76035359551486,17.11667295370368,43.0,48.09600000000002,48.66435359551484,21.0
-1,-102.93972836598954,15.210214861111083,46.0,57.98400000000002,44.95572836598951,21.0
-1,-95.62588868447804,18.362241652777733,53.0,50.78400000000002,44.84188868447801,21.0
-1,-74.39974742484729,16.974733791666647,35.0,42.912000000000006,31.487747424847285,15.0
-1,-119.59734658699143,21.470777824073977,63.0,69.21600000000002,50.38134658699141,19.0
-1,-117.19384143804636,16.843196458333306,48.0,57.21600000000002,59.97784143804634,24.0
-1,-89.33206392841743,14.83274269444444,44.0,49.632000000000026,39.70006392841739,18.0
-1,-107.36095127776734,15.966763856481466,46.0,54.72000000000003,52.640951277767314,22.0
-1,-93.00753742022644,17.895463203703663,43.0,49.44000000000002,43.567537420226415,19.0
-1,-96.36740118787908,11.89259525462962,41.0,47.23200000000001,49.13540118787906,24.0
-1,-126.46093704478298,14.749578046296284,65.0,82.17600000000004,44.284937044782936,24.0
-1,-94.79455012612382,16.582123629629628,48.0,46.94400000000002,47.85055012612381,20.0
-1,-140.0341118677571,17.059541175925883,64.0,90.62400000000004,49.410111867757045,21.0
-1,-99.11930053604198,23.542810050925823,56.0,59.42400000000003,39.69530053604196,16.0
-1,-100.03187907582924,10.584481958333344,34.0,43.58400000000001,56.44787907582922,28.0
-1,-109.94076738398827,15.36869047685184,48.0,66.14400000000003,43.79676738398826,19.0
-1,-99.07704987321236,17.657950268518512,54.0,56.544000000000025,42.53304987321233,17.0
-1,-109.26241286746296,19.48724410185182,53.0,62.40000000000003,46.86241286746293,21.0
-1,-147.0462300359359,14.906692842592571,60.0,71.13600000000004,75.91023003593591,26.0
-1,-93.5171874703516,14.809760296296286,39.0,48.096,45.421187470351576,19.0
-1,-104.12109657713916,10.78035933333333,40.0,54.43200000000002,49.689096577139125,26.0
-1,-82.69851671383742,14.804001291666657,35.0,42.91200000000001,39.78651671383741,19.0
-1,-99.3249808029206,11.35963840277778,40.0,44.35200000000001,54.9729808029206,23.0
-1,-95.1583841055333,14.276433731481474,45.0,45.600000000000016,49.558384105533285,24.0
-1,-97.9209289068011,28.052866893518477,66.0,64.41600000000003,33.50492890680106,13.0
-1,-102.90043807474495,14.56942457407405,37.0,52.51200000000002,50.38843807474495,22.0
-1,-105.22011613848493,17.34986943518514,46.0,62.11200000000003,43.108116138484895,17.0
-1,-103.40477028547052,20.634126203703605,50.0,61.440000000000026,41.96477028547049,18.0
-1,-91.53742365691916,15.719407763888857,45.0,44.256000000000014,47.28142365691912,19.0
-1,-95.86921659269056,15.373854499999986,36.0,47.808000000000014,48.06121659269053,20.0
-1,-123.5926236169998,17.170262893518483,50.0,63.93600000000003,59.65662361699977,21.0
-1,-124.81005751680672,18.005445013888853,53.0,64.22400000000003,60.58605751680668,23.0
-1,-154.0575536559794,18.31598231481473,67.0,94.65600000000003,59.40155365597936,23.0
-1,-89.29108822666922,11.023452037037044,35.0,41.28000000000001,48.011088226669216,23.0
-1,-79.944651122265,20.81830113425928,38.0,44.256000000000014,35.688651122264986,17.0
-1,-93.86522834943136,12.515064685185177,36.0,43.87200000000001,49.99322834943134,24.0
-1,-83.59945767728846,20.727000083333284,47.0,50.30400000000002,33.295457677288425,17.0
-1,-91.8121834868423,15.220947731481427,40.0,51.74400000000002,40.06818348684228,20.0
-1,-93.23873287100886,12.74360954629628,41.0,52.224000000000025,41.014732871008846,17.0
-1,-111.83042461914866,13.601124148148148,48.0,54.91200000000003,56.918424619148624,24.0
-1,-120.64261783396512,22.171188689814752,63.0,68.54400000000004,52.09861783396507,20.0
-1,-86.618470286599,10.806829379629637,39.0,43.872000000000014,42.746470286599,21.0
-1,-110.8399844565012,18.808766467592505,48.0,58.08000000000003,52.75998445650119,24.0
-1,-108.78517756576284,14.326101606481464,64.0,59.04000000000003,49.745177565762816,23.0
-1,-114.80151217488569,21.39008529629618,54.0,69.12000000000002,45.68151217488568,17.0
-1,-91.71180851256835,13.250493648148137,43.0,42.81600000000001,48.89580851256835,24.0
-1,-97.96279525527127,16.232335782407386,49.0,51.93600000000002,46.02679525527125,25.0
-1,-124.49358312550638,14.032996481481463,48.0,69.31200000000004,55.181583125506336,23.0
-1,-119.25055487346806,13.767740773148148,40.0,49.152000000000015,70.09855487346805,24.0
-1,-105.79624840995696,18.550807824074013,57.0,56.06400000000002,49.73224840995695,22.0
-1,-100.07713349364924,16.43660731481477,49.0,58.368000000000016,41.70913349364922,19.0
-1,-94.17337405620282,10.785250509259251,33.0,42.43200000000001,51.741374056202815,24.0
-1,-96.8884921777626,20.134516069444416,50.0,52.12800000000003,44.76049217776257,18.0
-1,-118.75411064036813,15.194788953703693,53.0,62.97600000000003,55.77811064036808,22.0
-1,-146.07095694459966,19.061575324074,68.0,77.08800000000004,68.98295694459962,24.0
-1,-97.61739822217544,22.014710601851807,58.0,55.48800000000003,42.12939822217541,18.0
-1,-96.16380624864604,14.40623781944442,45.0,51.07200000000002,45.09180624864603,22.0
-1,-91.8574453415938,12.025021652777774,33.0,34.752,57.10544534159381,25.0
-1,-113.15808429640796,17.748438467592557,51.0,52.89600000000002,60.262084296407934,22.0
-1,-100.0488742549467,16.66247202314811,45.0,55.10400000000002,44.94487425494668,21.0
-1,-95.59316555979667,15.297426287036997,38.0,49.920000000000016,45.67316555979668,21.0
-1,-108.66662869145108,13.902486111111092,44.0,67.00800000000002,41.65862869145105,20.0
-1,-120.75272259002892,12.321400856481484,46.0,67.96800000000002,52.78472259002891,23.0
-1,-79.36608517719108,12.254158981481472,26.0,32.44799999999999,46.91808517719109,23.0
-1,-120.2525111555108,19.570011143518474,55.0,71.04000000000003,49.21251115551076,20.0
-1,-90.85715161608944,16.127308476851837,38.0,42.81600000000001,48.04115161608944,19.0
-1,-107.36999011591048,15.64247494444442,55.0,63.16800000000004,44.20199011591044,19.0
-1,-93.84594434178364,12.367332287037035,38.0,49.24800000000001,44.597944341783645,21.0
-1,-98.20173465329728,19.76001062037032,48.0,61.15200000000003,37.04973465329724,16.0
-1,-87.38187262623354,19.63060798148147,39.0,46.27200000000002,41.109872626233525,16.0
-1,-99.28623483968572,14.527028935185172,46.0,45.50400000000001,53.78223483968573,25.0
-1,-95.3725766756132,21.396063782407357,43.0,43.29600000000001,52.07657667561319,19.0
-1,-102.75537084117784,14.24598576851852,43.0,56.064000000000014,46.691370841177815,22.0
-1,-83.41397581458583,10.578219763888884,30.0,35.424,47.98997581458583,24.0
-1,-97.33622534718408,15.177131712962938,54.0,58.94400000000002,38.39222534718406,22.0
-1,-84.48923462495935,13.349726648148154,41.0,42.52800000000001,41.96123462495934,21.0
-1,-110.385373314545,16.676504981481447,54.0,71.90400000000004,38.48137331454496,18.0
-1,-89.75080479882595,14.261923347222208,42.0,43.10400000000001,46.64680479882595,23.0
-1,-110.31503380188956,21.029703791666588,49.0,63.26400000000002,47.05103380188953,17.0
-1,-108.39177775916876,15.607802388888858,44.0,53.28000000000002,55.11177775916872,22.0
-1,-121.93452905674826,14.14756555555554,48.0,58.08000000000002,63.85452905674824,22.0
-1,-113.96503207907378,17.800837842592525,51.0,57.50400000000002,56.46103207907375,21.0
-1,-91.5569568091753,18.226657305555506,49.0,52.896000000000015,38.66095680917529,17.0
-1,-75.25538193259264,12.990289662037016,33.0,42.72000000000001,32.53538193259263,20.0
-1,-133.9843898858254,13.220706759259238,50.0,74.59200000000004,59.39238988582537,25.0
-1,-112.96506815111675,19.90494620833324,55.0,60.09600000000003,52.86906815111672,23.0
-1,-97.34729782768562,14.368516847222212,42.0,48.76800000000001,48.579297827685615,21.0
-1,-105.26729888217986,14.840230328703711,46.0,44.83200000000002,60.43529888217983,25.0
-1,-115.56501597157904,21.24259487037028,63.0,71.71200000000005,43.85301597157899,20.0
-1,-111.96420230721802,15.683546611111089,53.0,56.64000000000003,55.324202307218,24.0
-1,-101.61017560863937,19.840117462962933,52.0,57.88800000000002,43.72217560863936,17.0
-1,-105.68542978097628,14.1350334398148,42.0,50.97600000000002,54.709429780976265,23.0
-1,-84.35541685721338,17.440775555555526,44.0,47.52000000000002,36.835416857213374,18.0
-1,-96.9782790613645,13.048161162037024,35.0,42.33600000000001,54.64227906136449,25.0
-1,-105.73166422974582,15.153785523148144,58.0,76.60800000000003,29.12366422974578,16.0
-1,-121.46549500417132,19.62844190740731,59.0,73.53600000000003,47.92949500417128,20.0
-1,-120.1693521746987,21.08738371759251,63.0,70.94400000000003,49.22535217469868,19.0
-1,-141.28703144885765,17.754643129629578,61.0,74.40000000000003,66.8870314488576,25.0
-1,-90.66976331852489,17.576375972222166,40.0,52.99200000000002,37.67776331852486,19.0
-1,-96.37463375677704,19.334066078703657,47.0,57.21600000000003,39.158633756777,18.0
-1,-97.14063179808804,14.328042935185175,49.0,53.856000000000016,43.28463179808802,21.0
-1,-92.8101995483522,10.10302215740741,36.0,51.93600000000002,40.87419954835216,24.0
-1,-147.05662564859338,9.503736574074072,63.0,88.60800000000005,58.44862564859333,24.0
-1,-99.25487176833845,14.305898967592558,41.0,57.60000000000002,41.6548717683384,21.0
-1,-97.72208788232624,12.352665652777782,35.0,43.296000000000014,54.42608788232622,22.0
-1,-109.70501654097522,17.917595032407363,46.0,57.69600000000001,52.00901654097521,23.0
-1,-110.87438930675256,16.535887754629602,50.0,59.52000000000002,51.35438930675253,22.0
-1,-87.35381137778892,14.015074240740736,37.0,40.224,47.12981137778891,22.0
-1,-103.82503905442098,16.180852314814793,41.0,51.64800000000002,52.17703905442097,21.0
-1,-98.58759468294171,19.490005537036986,42.0,49.728000000000016,48.8595946829417,19.0
-1,-100.10246941272966,14.602516263888871,43.0,46.94400000000001,53.15846941272965,22.0
-1,-153.79485038545397,20.001271736110983,68.0,98.30400000000006,55.490850385453896,23.0
-1,-91.6921105098892,11.005557606481482,29.0,31.872000000000003,59.82011050988919,25.0
-1,-120.1682033005983,13.976692310185172,48.0,56.54400000000002,63.62420330059827,24.0
-1,-144.16512322377594,13.346247124999978,64.0,101.95200000000006,42.21312322377588,21.0
-1,-95.71862313156024,12.095699268518516,37.0,41.76000000000001,53.95862313156024,25.0
-1,-92.94072387782649,14.923505365740713,42.0,48.384000000000015,44.55672387782648,19.0
-1,-98.54239293720472,20.0076592592592,45.0,50.01600000000001,48.52639293720469,18.0
-1,-110.5682874354872,15.558597449074044,37.0,48.67200000000001,61.89628743548718,22.0
-1,-147.27863539441836,14.237659194444412,50.0,82.46400000000004,64.8146353944183,23.0
-1,-120.17223797991912,20.241973643518406,56.0,67.77600000000004,52.39623797991907,20.0
-1,-106.76301356076834,11.39039837962964,35.0,47.32800000000002,59.435013560768326,26.0
-1,-108.06940424142029,15.285714810185176,46.0,53.66400000000002,54.40540424142024,22.0
-1,-96.27300318260026,12.976560726851831,38.0,42.72000000000001,53.55300318260024,25.0
-1,-113.3593332429147,13.438528949074056,47.0,72.28800000000003,41.07133324291468,19.0
-1,-128.61563258691814,13.678115259259238,50.0,74.88000000000004,53.73563258691809,21.0
-1,-108.51302747011488,16.715512907407394,51.0,58.65600000000003,49.85702747011486,20.0
-1,-120.9578430342154,14.54636597222221,46.0,57.21600000000002,63.74184303421539,25.0
-1,-111.1829228023414,21.49300737499991,56.0,70.84800000000004,40.33492280234135,18.0
-1,-90.46682800408855,17.376218351851815,39.0,50.01600000000003,40.45082800408853,17.0
-1,-91.20500543224485,11.289367754629628,29.0,42.144000000000005,49.06100543224482,25.0
-1,-91.28643739824716,10.369506958333345,31.0,38.976000000000006,52.31043739824716,23.0
-1,-209.44201011121044,20.994054287036978,95.0,162.04800000000012,47.39401011121032,19.0
-1,-133.2028845250014,16.78130008333326,60.0,66.72000000000004,66.48288452500135,26.0
-1,-124.8395798924253,13.841183328703687,47.0,59.23200000000003,65.60757989242528,25.0
-1,-107.5977078165045,20.31783086111105,51.0,55.39200000000003,52.205707816504464,20.0
-1,-109.593371415682,9.034400208333324,43.0,59.52000000000002,50.07337141568196,24.0
-1,-128.5329851945965,11.31127625462965,46.0,61.440000000000026,67.09298519459647,24.0
-1,-81.13486869729194,15.72695718055555,39.0,42.52800000000001,38.60686869729192,19.0
-1,-94.15480821273312,18.10866777314812,49.0,51.07200000000002,43.08280821273309,20.0
-1,-105.9870058725457,14.541478037037017,44.0,50.78400000000001,55.20300587254568,24.0
-1,-99.15517003674827,15.526903601851844,44.0,52.608000000000025,46.54717003674824,21.0
-1,-95.6379962054134,20.524327273148085,48.0,56.352000000000025,39.285996205413376,19.0
-1,-94.79240873556446,14.25586641666666,36.0,41.184000000000005,53.60840873556447,22.0
-1,-109.90748134910837,21.99162468981476,57.0,57.40800000000002,52.49948134910835,21.0
-1,-105.40273126985664,16.49413573611108,51.0,61.82400000000003,43.57873126985663,19.0
-1,-98.52156117558516,15.284691782407416,42.0,43.77600000000001,54.745561175585145,23.0
-1,-107.90434053708842,14.496636060185164,52.0,69.31200000000001,38.5923405370884,15.0
-1,-94.31258104100444,19.90884358796288,51.0,60.57600000000004,33.736581041004406,17.0
-1,-121.09311762306656,21.097544699073985,60.0,67.68000000000004,53.413117623066526,21.0
-1,-88.1016669946244,15.629772745370342,43.0,50.59200000000002,37.50966699462437,20.0
-1,-85.10123884011921,17.40079169444442,37.0,45.600000000000016,39.50123884011919,20.0
-1,-99.34189438161457,15.521148981481478,41.0,54.432000000000016,44.90989438161454,20.0
-1,-83.41318371664724,11.09424041203704,29.0,39.552000000000014,43.861183716647226,23.0
-1,-133.21849326725228,16.785839245370326,59.0,73.53600000000003,59.68249326725225,25.0
-1,-117.33254111026856,19.80662056481472,51.0,60.28800000000003,57.044541110268526,22.0
-1,-98.85619904438585,15.533191060185144,46.0,59.42400000000002,39.43219904438583,19.0
-1,-103.20226694946776,23.066097412036967,52.0,55.29600000000002,47.90626694946775,18.0
-1,-117.3199774023262,17.482201393518487,50.0,61.34400000000003,55.975977402326166,19.0
-1,-99.86863058581332,12.721424583333322,38.0,51.07200000000002,48.7966305858133,24.0
-1,-167.61593014735075,16.304134532407357,76.0,113.56800000000008,54.04793014735067,24.0
-1,-138.82301724844973,14.741415967592564,51.0,70.46400000000003,68.3590172484497,23.0
-1,-96.12582026853912,13.19716683796296,46.0,57.984000000000016,38.14182026853911,22.0
-1,-99.30742536890456,14.748115865740738,51.0,53.47200000000003,45.83542536890453,21.0
-1,-86.99069050368868,16.014133055555533,38.0,45.600000000000016,41.39069050368867,20.0
-1,-104.7235714742902,18.077103449074063,47.0,57.60000000000002,47.12357147429017,19.0
-1,-92.16366656631574,15.026504379629618,40.0,51.64800000000001,40.51566656631573,22.0
-1,-92.1796556863578,17.401514986111085,43.0,48.38400000000002,43.79565568635776,20.0
-1,-94.8825431907641,19.41882103240736,49.0,59.42400000000002,35.45854319076408,18.0
-1,-97.10583003619855,23.671494768518446,52.0,57.312000000000026,39.79383003619855,18.0
-1,-89.27908002254327,14.1212963009259,35.0,43.00800000000001,46.27108002254325,23.0
-1,-103.48933657074416,19.960195041666623,61.0,67.58400000000003,35.90533657074414,19.0
-1,-123.03227761352387,16.208501245370346,46.0,52.89600000000002,70.13627761352387,24.0
-1,-100.45688576809792,13.42264846296296,44.0,57.98400000000002,42.4728857680979,19.0
-1,-90.86000552746538,14.014895282407396,42.0,49.82400000000002,41.03600552746536,21.0
-1,-112.7928845411768,21.021919912036967,57.0,59.712000000000025,53.08088454117677,20.0
-1,-108.81477708292284,14.62352022222218,47.0,60.28800000000002,48.526777082922806,25.0
-1,-91.05214501652732,16.81851233796294,43.0,47.61600000000002,43.436145016527306,22.0
-1,-79.81750163832751,11.676536768518517,35.0,43.00800000000001,36.809501638327504,21.0
-1,-103.4543486214952,14.247132166666647,41.0,51.16800000000002,52.28634862149519,20.0
-1,-94.0071251946187,15.867302680555524,39.0,49.536000000000016,44.47112519461868,22.0
-1,-101.09037225566658,10.131958199074084,33.0,45.31200000000001,55.77837225566657,25.0
-1,-120.20158634909194,20.10365334259249,53.0,65.95200000000003,54.24958634909191,20.0
-1,-94.0759247278456,26.219791634259213,53.0,61.82400000000004,32.25192472784557,13.0
-1,-129.661415498013,18.92820318055548,63.0,80.64000000000004,49.021415498012985,21.0
-1,-91.30496158615644,20.79145836574068,42.0,47.71200000000001,43.59296158615645,20.0
-1,-109.47255233705896,17.083032486111062,54.0,58.65600000000002,50.81655233705896,23.0
-1,-102.04987436704988,16.119032263888858,41.0,51.648000000000025,50.40187436704986,24.0
-1,-141.84217834417035,14.427783037036994,47.0,72.86400000000003,68.9781783441703,26.0
-1,-136.1887620213983,16.199680768518498,55.0,80.06400000000005,56.124762021398254,21.0
-1,-75.28786583656819,14.31400355092592,37.0,35.13600000000001,40.15186583656818,21.0
-1,-121.85505032427608,15.39786542592592,49.0,60.19200000000003,61.663050324276064,24.0
-1,-98.2857363122626,18.464234111111058,43.0,49.536000000000016,48.74973631226258,21.0
-1,-89.30906063944995,12.698388620370377,36.0,42.72000000000001,46.58906063944994,23.0
-1,-133.12102804446712,17.22221390740735,52.0,75.55200000000004,57.56902804446709,22.0
-1,-90.48898943841864,19.251471305555512,45.0,54.04800000000002,36.44098943841861,17.0
-1,-134.74751815468056,10.394045652777796,55.0,57.21600000000002,77.53151815468054,27.0
-1,-138.79449627402903,17.537121777777724,55.0,70.75200000000004,68.04249627402899,23.0
-1,-90.99923001554168,15.37025914814814,51.0,55.48800000000002,35.511230015541656,18.0
-1,-153.91522164420297,18.50921079166661,65.0,97.24800000000003,56.66722164420292,23.0
-1,-110.21938352538388,17.912567874999972,66.0,79.10400000000003,31.11538352538386,15.0
-1,-119.82403008104612,10.085713976851844,46.0,64.60800000000003,55.2160300810461,25.0
-1,-85.25669050355641,13.942765949074069,34.0,37.15200000000001,48.104690503556405,23.0
-1,-82.00474109075475,11.7141650972222,31.0,38.68800000000001,43.316741090754746,22.0
-1,-130.37768007587968,18.91585467592583,64.0,94.27200000000006,36.10568007587962,20.0
-1,-93.51650314799024,16.705165810185168,39.0,47.808000000000014,45.70850314799024,21.0
-1,-85.77932173277294,16.064429583333297,36.0,41.37600000000001,44.40332173277293,21.0
-1,-108.1978049386382,23.41059130092586,51.0,56.64000000000002,51.55780493863816,19.0
-1,-135.41748415595964,15.032893037037006,63.0,93.88800000000003,41.5294841559596,22.0
-1,-114.84997636774987,23.050985870370265,55.0,65.28000000000003,49.56997636774985,20.0
-1,-72.98925066574071,11.065135814814784,27.0,37.152,35.837250665740704,20.0
-1,-108.826320335417,16.566775879629606,45.0,50.88000000000002,57.94632033541699,22.0
-1,-93.3016095719758,16.124554398148124,41.0,48.28800000000002,45.01360957197577,22.0
-1,-88.92847096141278,16.000952425925913,49.0,52.704000000000015,36.22447096141278,20.0
-1,-117.8149288486666,18.79884886111105,58.0,72.19200000000002,45.622928848666575,20.0
-1,-106.32192035700773,15.881879300925895,49.0,53.856000000000016,52.4659203570077,23.0
-1,-110.02829411761503,17.881448611111058,49.0,52.80000000000001,57.22829411761503,22.0
-1,-94.0472077337871,12.171882171296298,34.0,43.29600000000001,50.7512077337871,24.0
-1,-122.49376473024846,15.399342930555523,56.0,76.32000000000004,46.17376473024842,22.0
-1,-118.4612819591516,17.216820768518502,54.0,62.49600000000003,55.965281959151554,25.0
-1,-134.98462814988213,20.711357759259176,64.0,74.97600000000003,60.0086281498821,22.0
-1,-98.28562622098802,20.816174800925893,49.0,48.96000000000002,49.325626220988,22.0
-1,-162.0087632363144,16.806974324074044,61.0,84.96000000000005,77.04876323631436,26.0
-1,-102.0400587714796,16.2171733611111,43.0,43.39200000000001,58.6480587714796,24.0
-1,-109.58149164917464,15.071726124999998,55.0,68.25600000000004,41.32549164917461,21.0
-1,-123.0063352265266,16.174295657407377,57.0,77.85600000000002,45.150335226526586,20.0
-1,-87.74122948367756,13.783021245370357,37.0,47.13600000000002,40.60522948367754,20.0
-1,-112.15599005406322,17.814113972222163,52.0,64.41600000000003,47.7399900540632,21.0
-1,-129.87089036450604,15.722019597222184,63.0,94.65600000000006,35.21489036450597,17.0
-1,-101.11792206812304,20.08294065740736,55.0,51.648000000000025,49.46992206812303,21.0
-1,-91.79234242478388,11.723010578703702,36.0,42.912000000000006,48.88034242478387,24.0
-1,-79.81556166434537,21.14990706018515,39.0,44.35200000000001,35.46356166434536,18.0
-1,-105.32229100731055,17.904377458333293,43.0,51.55200000000002,53.77029100731055,23.0
-1,-152.65278463010964,18.297380671296207,75.0,91.39200000000004,61.26078463010959,23.0
-1,-106.38920824027228,17.5301455092592,50.0,61.632000000000026,44.75720824027224,19.0
-1,-101.5008692260946,14.19597896759256,40.0,43.488000000000014,58.0128692260946,23.0
-1,-85.62081021759691,16.114019078703695,35.0,42.62400000000001,42.9968102175969,20.0
-1,-80.67675661809322,15.726399907407384,37.0,44.35200000000001,36.32475661809321,20.0
-1,-108.2224882509666,19.34958456944438,54.0,58.84800000000003,49.37448825096656,22.0
-1,-100.19710937205956,18.340788680555526,44.0,60.480000000000025,39.71710937205955,15.0
-1,-101.59709005449857,14.60820993518516,39.0,47.424000000000014,54.17309005449853,24.0
-1,-79.23568977845542,21.9262045833333,40.0,39.744000000000014,39.4916897784554,16.0
-1,-90.37423276778227,12.856061212962958,34.0,45.696000000000005,44.67823276778227,22.0
-1,-96.5826966867904,15.028180157407371,40.0,43.20000000000002,53.38269668679038,23.0
-1,-88.01899224670956,16.34280884722219,40.0,49.15200000000002,38.866992246709536,19.0
-1,-144.1429633692506,16.79333883333327,59.0,83.61600000000004,60.52696336925054,22.0
-1,-102.6286035691006,19.54619485185177,44.0,54.52800000000002,48.100603569100585,21.0
-1,-110.2537815519796,19.87799149074069,58.0,57.696000000000026,52.55778155197955,22.0
-1,-151.53413407376186,21.644493254629538,71.0,104.25600000000006,47.278134073761805,19.0
-1,-118.88261852782396,15.435356416666624,54.0,67.87200000000003,51.01061852782394,22.0
-1,-95.4265171776226,15.633728060185186,41.0,47.808000000000014,47.61851717762257,21.0
-1,-92.61438159654418,17.2965134583333,46.0,53.376000000000026,39.23838159654416,19.0
-1,-90.99101142961112,19.1640522916666,48.0,55.87200000000002,35.11901142961111,18.0
-1,-113.35287692176652,17.403341574074023,52.0,58.08000000000002,55.2728769217665,22.0
-1,-98.89271542633702,15.181313162037034,40.0,46.08000000000001,52.81271542633701,23.0
-1,-116.49590886114608,17.088082212962934,44.0,56.83200000000002,59.66390886114607,23.0
-1,-103.2069629132358,21.52381041203699,51.0,54.528000000000034,48.67896291323578,18.0
-1,-105.19240840062142,14.117699069444432,39.0,45.600000000000016,59.5924084006214,23.0
-1,-100.19585446945683,14.346085699074044,49.0,62.59200000000001,37.60385446945683,20.0
-1,-107.39003223619866,16.945115694444397,43.0,45.88800000000001,61.50203223619866,21.0
-1,-93.87910476724504,17.683735611111075,37.0,40.22400000000001,53.65510476724504,22.0
-1,-104.81347825576236,18.08760361111108,48.0,50.59200000000002,54.22147825576234,21.0
-1,-117.35946601036888,12.390397601851854,37.0,48.192000000000014,69.16746601036887,26.0
-1,-86.5192777696899,16.607850569444434,40.0,39.64800000000001,46.87127776968989,23.0
-1,-100.6553641483147,17.05231973611108,44.0,48.28800000000001,52.367364148314685,23.0
-1,-84.53822022565987,9.709095421296295,31.0,42.144000000000005,42.39422022565986,24.0
-1,-94.53716253878326,15.731902324074063,39.0,50.01600000000002,44.52116253878324,21.0
-1,-80.04924786993043,11.467956268518522,33.0,39.648,40.40124786993042,23.0
-1,-108.98982449464744,17.920556740740704,48.0,54.81600000000002,54.17382449464744,22.0
-1,-98.79337253130392,19.86974239351845,51.0,60.38400000000003,38.40937253130389,16.0
-1,-86.88955219739259,14.890212916666671,39.0,35.52,51.36955219739259,23.0
-1,-104.08195565230706,16.28934073611109,41.0,49.344000000000015,54.73795565230704,23.0
-1,-98.399106701311,18.808272564814757,55.0,53.28000000000002,45.11910670131098,20.0
-1,-74.54645737704459,11.00281729166666,29.0,30.62400000000001,43.92245737704458,24.0
-1,-109.5029598876531,21.66025247222216,52.0,52.70400000000002,56.79895988765308,19.0
-1,-93.14613996488244,19.13468607870365,44.0,52.128000000000014,41.01813996488244,19.0
-1,-114.78244454996226,17.579004648148096,54.0,70.27200000000003,44.51044454996222,20.0
-1,-100.8766445622826,18.88542542129626,56.0,52.70400000000002,48.17264456228258,19.0
-1,-102.49324258090095,19.02815586111108,48.0,56.64000000000003,45.85324258090094,21.0
-1,-91.99573418366371,10.522157546296295,33.0,41.952,50.04373418366373,25.0
-1,-101.33407904843574,11.933383699074083,41.0,43.68000000000001,57.65407904843574,25.0
-1,-93.61795062962584,12.993673495370354,32.0,44.35200000000001,49.26595062962585,24.0
-1,-96.27502978210904,20.755272703703632,52.0,52.224000000000025,44.051029782109005,22.0
-1,-87.48928855872484,18.19328526851852,41.0,41.08800000000001,46.40128855872483,20.0
-1,-132.07113534879318,13.473643532407392,49.0,64.12800000000001,67.94313534879315,26.0
-1,-108.3162929691739,20.7451302546296,63.0,81.12000000000003,27.19629296917387,16.0
-1,-80.0459358495973,21.963864787036982,42.0,47.23200000000002,32.813935849597286,15.0
-1,-98.24734822896968,16.734358671296267,45.0,53.56800000000002,44.67934822896965,21.0
-1,-91.81784733938068,14.489190773148126,47.0,56.16000000000002,35.65784733938066,21.0
-1,-119.6893776064594,15.458439458333324,49.0,68.64000000000001,51.04937760645937,23.0
-1,-91.19710545630232,20.179558402777737,47.0,50.88000000000002,40.317105456302286,18.0
-1,-90.90331547043236,14.27622914814815,39.0,44.736,46.16731547043238,20.0
-1,-114.34526703481916,12.583086736111106,40.0,58.368000000000016,55.977267034819135,27.0
-1,-105.59629193910762,16.969956004629594,48.0,52.22400000000002,53.3722919391076,22.0
-1,-95.7050097395591,24.09594052314811,50.0,52.80000000000002,42.90500973955909,16.0
-1,-93.78327317356036,15.08194684722221,37.0,43.58400000000001,50.19927317356035,23.0
-1,-95.57119471508486,16.39781335648143,50.0,53.376000000000026,42.19519471508482,19.0
-1,-97.37093556536291,16.18174599074073,35.0,46.94400000000001,50.42693556536292,20.0
-1,-105.11818659758018,14.253413027777784,41.0,45.40800000000001,59.710186597580176,24.0
-1,-99.25997499475037,19.302099356481392,48.0,53.664000000000016,45.59597499475035,21.0
-1,-86.46543970556655,12.330218819444438,34.0,41.47200000000001,44.99343970556654,20.0
-1,-150.55070698893545,18.67822973611101,65.0,92.06400000000004,58.4867069889354,23.0
-1,-82.88835128500972,15.82667567592591,44.0,42.72000000000002,40.1683512850097,19.0
-1,-92.79869826567834,18.655734087962927,44.0,50.40000000000001,42.39869826567833,20.0
-1,-91.51792546131182,16.98273721759255,43.0,49.44000000000002,42.07792546131181,19.0
-1,-123.06748207406793,17.24989312499998,59.0,82.08000000000004,40.98748207406789,18.0
-1,-105.00397674443184,17.432367004629572,45.0,58.56000000000002,46.443976744431815,21.0
-1,-90.289485149365,20.88755385185179,47.0,52.22400000000002,38.06548514936498,18.0
-1,-87.80379102539513,23.268672624999933,42.0,39.64800000000001,48.15579102539511,18.0
-1,-100.6898076311407,16.970506495370334,42.0,57.120000000000026,43.56980763114066,22.0
-1,-117.38375222746669,20.370553023148087,58.0,72.76800000000003,44.61575222746664,17.0
-1,-92.1358806204404,21.211174226851806,54.0,57.792000000000016,34.34388062044038,19.0
-1,-122.73367016549815,16.099966796296265,61.0,74.20800000000003,48.52567016549813,22.0
-1,-94.19909368044507,22.784067018518435,50.0,57.504000000000026,36.69509368044505,16.0
-1,-123.4396198107772,16.55041619907404,49.0,65.66400000000003,57.77561981077718,23.0
-1,-134.14933453117328,14.80328241203701,50.0,68.83200000000004,65.31733453117326,25.0
-1,-106.0829365514764,19.55542206481471,56.0,58.94400000000002,47.13893655147638,24.0
-1,-102.12616659054396,11.358691337962949,37.0,46.84800000000002,55.27816659054394,26.0
-1,-102.88642500218413,21.57832461111103,57.0,64.22400000000003,38.6624250021841,19.0
-1,-104.50142574620074,12.629952624999987,44.0,62.97600000000003,41.5254257462007,22.0
-1,-136.41460833728183,15.80807118055552,53.0,70.94400000000005,65.47060833728177,25.0
-1,-104.58453460364896,13.037171328703703,41.0,46.75200000000002,57.83253460364895,25.0
-1,-93.90520985176929,10.591078953703692,45.0,50.88000000000002,43.02520985176926,21.0
-1,-83.01190511392619,20.44418609259256,42.0,46.176000000000016,36.83590511392617,19.0
-1,-97.24263346588366,8.92695380555556,26.0,41.28,55.962633465883656,26.0
-1,-104.90223645030451,13.97035517129627,42.0,52.80000000000002,52.10223645030449,25.0
-1,-121.24949417512276,25.362808314814654,53.0,63.36000000000003,57.88949417512273,20.0
-1,-106.08297576227665,17.70720537499996,48.0,57.12000000000002,48.96297576227663,21.0
-1,-78.66718901367659,15.20386700462961,34.0,43.29600000000001,35.37118901367659,15.0
-1,-89.18398409815467,14.541791481481445,38.0,48.57600000000001,40.60798409815467,22.0
-1,-98.50438986317543,13.119714833333322,35.0,43.87200000000001,54.63238986317543,25.0
-1,-82.86396128580128,9.497740662037025,29.0,37.248000000000005,45.61596128580128,26.0
-1,-97.15842115003754,17.972133398148124,53.0,52.608000000000025,44.55042115003752,21.0
-1,-103.1785449276224,13.706182509259238,42.0,54.240000000000016,48.93854492762239,21.0
-1,-97.64630226697412,22.34740012037032,52.0,62.30400000000002,35.342302266974094,17.0
-1,-97.47754393611254,14.445487870370378,41.0,41.568000000000005,55.90954393611253,24.0
-1,-102.79373641991162,15.03782361574073,49.0,57.024000000000015,45.7697364199116,21.0
-1,-85.80738105517503,16.32927201851851,40.0,45.88800000000001,39.919381055175016,17.0
-1,-80.05206912596472,24.053488425925917,50.0,44.448000000000015,35.6040691259647,17.0
-1,-75.6881090945709,13.669135856481478,38.0,41.184000000000005,34.5041090945709,19.0
-1,-116.53957085074777,17.171367430555513,48.0,58.94400000000002,57.59557085074774,22.0
-1,-85.05747071726611,13.408230412037016,39.0,51.07200000000001,33.985470717266104,21.0
-1,-124.00088718800323,22.154504680555466,67.0,71.23200000000004,52.7688871880032,23.0
-1,-83.03345446894551,22.384054828703647,47.0,56.64000000000002,26.39345446894548,17.0
-1,-106.65541440000943,11.09613095370371,39.0,46.08000000000001,60.57541440000944,25.0
-1,-85.4940271672708,15.89407543055552,45.0,47.424000000000014,38.07002716727079,19.0
-1,-88.56793734068165,15.222938393518492,42.0,50.78400000000001,37.783937340681646,19.0
-1,-97.9915317049864,9.95531393055557,30.0,33.024,64.96753170498641,26.0
-1,-114.11058327766764,14.484827314814794,45.0,47.23200000000002,66.87858327766762,25.0
-1,-118.47912948682378,12.791990648148126,47.0,57.79200000000002,60.68712948682375,25.0
-1,-109.16428291495124,17.02920618981476,44.0,62.20800000000003,46.95628291495122,20.0
-1,-94.88312099169994,17.136280097222212,56.0,58.46400000000002,36.41912099169992,19.0
-1,-93.15750631968731,15.907586124999986,42.0,40.896000000000015,52.2615063196873,22.0
-1,-107.13541562539308,16.575469509259257,48.0,56.54400000000003,50.59141562539303,22.0
-1,-85.10589019547123,18.94090482870369,45.0,54.91200000000002,30.19389019547122,16.0
-1,-81.37581553260692,16.419301615740736,37.0,46.75200000000001,34.62381553260691,17.0
-1,-94.48319466027657,13.933834175925917,43.0,48.76800000000002,45.71519466027653,23.0
-1,-96.1070917703692,16.74973263888887,43.0,50.40000000000002,45.707091770369175,20.0
-1,-103.99467264358972,20.19288703240734,54.0,65.66400000000003,38.3306726435897,18.0
-1,-84.95802070118174,13.099471990740726,34.0,35.712,49.24602070118174,22.0
-1,-109.88040415202224,17.215756231481468,51.0,53.18400000000002,56.69640415202223,23.0
-1,-128.98189403046763,25.169200935185064,74.0,70.75200000000004,58.229894030467584,22.0
-1,-121.12277329523972,15.804517203703693,46.0,55.968000000000025,65.15477329523968,23.0
-1,-85.61234770968895,16.047956884259243,49.0,49.34400000000001,36.26834770968894,19.0
-1,-103.99643281604652,12.917831930555538,36.0,51.360000000000014,52.63643281604651,24.0
-1,-110.75735309171476,19.979196050925854,57.0,55.77600000000003,54.98135309171471,22.0
-1,-87.01930197144176,17.839874194444388,40.0,44.54400000000001,42.47530197144176,22.0
-1,-102.20933988075755,20.138380032407348,46.0,47.712000000000025,54.497339880757536,19.0
-1,-85.53930176015163,15.48962479166666,39.0,45.600000000000016,39.93930176015162,20.0
-1,-104.634534816581,21.5964023981481,57.0,52.992000000000026,51.64253481658098,20.0
-1,-86.3776443600029,12.69401830092593,34.0,36.576,49.8016443600029,23.0
-1,-94.70073823641884,18.45547774537032,44.0,50.97600000000001,43.72473823641882,22.0
-1,-93.91202118523516,14.614599541666651,38.0,45.79200000000001,48.12002118523514,23.0
-1,-103.4325700144501,20.377326199074005,49.0,48.86400000000002,54.56857001445009,20.0
-1,-115.3044381503251,17.326587699074025,54.0,60.76800000000003,54.53643815032506,22.0
-1,-119.40592909223948,18.62210891666661,60.0,61.92000000000003,57.485929092239445,25.0
-1,-93.0320546471998,13.80346107407405,43.0,49.344000000000015,43.688054647199785,24.0
-1,-83.57151828405817,15.268747509259258,38.0,45.69600000000001,37.87551828405816,20.0
-1,-104.26353624748114,17.73969225925922,48.0,53.760000000000026,50.50353624748112,21.0
-1,-97.942448237922,13.676140694444449,40.0,43.68000000000001,54.26244823792199,25.0
-1,-118.2782288580546,15.026215157407382,52.0,63.55200000000003,54.726228858054576,23.0
-1,-98.93527583370616,14.994617393518505,44.0,52.80000000000002,46.13527583370615,20.0
-1,-111.59958556865897,16.085183217592583,43.0,54.91200000000003,56.687585568658925,23.0
-1,-112.12737845131755,21.29919116203697,57.0,65.76000000000003,46.36737845131752,20.0
-1,-114.47586104469748,14.22923306018519,40.0,53.280000000000015,61.19586104469745,25.0
-1,-105.71983675014177,15.050205407407416,49.0,54.52800000000003,51.191836750141725,24.0
-1,-80.73590854851949,16.635467523148133,42.0,44.832000000000015,35.90390854851947,16.0
-1,-97.60451747538896,18.167612092592588,47.0,54.62400000000002,42.980517475388936,20.0
-1,-128.69656418198224,20.80415034722212,66.0,66.81600000000002,61.880564181982216,24.0
-1,-94.58702644116909,23.973283314814807,53.0,52.32000000000002,42.26702644116905,18.0
-1,-105.5067600990018,15.100958736111089,49.0,55.58400000000002,49.92276009900179,22.0
-1,-100.57575859308376,15.165307106481473,45.0,55.58400000000002,44.99175859308374,21.0
-1,-115.9409426668664,16.168629703703687,47.0,58.36800000000003,57.572942666866375,23.0
-1,-104.4883981220582,15.874213995370344,43.0,50.88000000000002,53.608398122058176,23.0
-1,-76.82970979817004,10.69205027777777,32.0,34.080000000000005,42.74970979817004,24.0
-1,-117.02533765062924,17.36109937037032,54.0,62.59200000000003,54.43333765062922,22.0
-1,-86.60768958850358,19.24310256944441,47.0,48.960000000000015,37.64768958850356,18.0
-1,-90.69469591969376,19.538106356481443,47.0,44.448000000000015,46.24669591969375,22.0
-1,-108.01301056128496,20.33194461574067,56.0,60.00000000000003,48.01301056128493,21.0
-1,-79.8462186189316,17.80636122222219,47.0,46.56000000000002,33.286218618931585,18.0
-1,-94.00476894916264,14.945294083333309,38.0,47.616000000000014,46.38876894916263,23.0
-1,-89.2562358593492,18.696462555555534,46.0,43.48800000000001,45.76823585934919,19.0
-1,-117.7863702358141,17.949777476851818,47.0,65.66400000000003,52.12237023581408,21.0
-1,-120.37409424784,17.91083932870364,60.0,77.56800000000004,42.80609424783995,20.0
-1,-102.88040382161508,13.306475583333327,37.0,46.08000000000001,56.800403821615085,25.0
-1,-110.3978797825373,12.757526263888876,41.0,51.648000000000025,58.74987978253728,21.0
-1,-87.83494425864009,17.07533007870366,42.0,51.55200000000002,36.28294425864007,22.0
-1,-118.43366614269472,15.962888296296278,53.0,60.57600000000003,57.857666142694704,22.0
-1,-98.47554595895652,18.955531097222156,54.0,73.44000000000001,25.0355459589565,15.0
-1,-103.5393623534855,15.776620106481472,52.0,49.056000000000026,54.48336235348547,21.0
-1,-91.33601116569564,19.28415995370366,51.0,61.34400000000003,29.99201116569563,13.0
-1,-77.14028649723964,15.020936041666635,34.0,40.992,36.14828649723964,19.0
-1,-103.38012248289915,13.203612601851852,39.0,41.088,62.29212248289915,26.0
-1,-99.32070779437848,16.888530129629583,43.0,53.568000000000026,45.75270779437846,21.0
-1,-134.3774170248759,21.81016078240732,60.0,71.23200000000003,63.14541702487589,21.0
-1,-113.43892836910172,15.940025634259236,44.0,45.02400000000001,68.41492836910172,25.0
-1,-82.66478326986996,14.651704013888883,35.0,39.45600000000001,43.208783269869954,22.0
-1,-115.14701965531395,19.993851537036964,63.0,77.76000000000005,37.3870196553139,20.0
-1,-78.37895025192248,18.874064236111064,45.0,50.40000000000001,27.97895025192246,14.0
-1,-92.35628691530088,12.809644231481483,33.0,44.92800000000001,47.42828691530086,22.0
-1,-103.328902344973,9.629795342592592,36.0,48.576000000000015,54.752902344972966,28.0
-1,-109.2538319617181,15.584861935185202,49.0,56.44800000000003,52.80583196171808,24.0
-1,-152.7196768832208,18.51992565740731,65.0,92.92800000000004,59.79167688322072,23.0
-1,-109.62490430450964,13.798356074074055,42.0,51.26400000000002,58.36090430450962,23.0
-1,-97.90582336236508,17.81055037962959,64.0,67.584,30.321823362365077,18.0
-1,-96.89135129404453,17.13996180092589,44.0,56.25600000000002,40.63535129404448,18.0
-1,-99.73145034550632,22.058034175925847,59.0,52.89600000000002,46.83545034550631,21.0
-1,-105.53501918624612,17.323813638888854,50.0,53.66400000000002,51.871019186246095,21.0
-1,-91.91268535740592,16.019442527777766,41.0,42.912000000000006,49.00068535740592,21.0
-1,-116.22565753315446,16.79038979166663,55.0,68.92800000000003,47.29765753315444,24.0
-1,-106.80137636921968,15.040018388888852,49.0,49.34400000000002,57.45737636921966,25.0
-1,-80.82081023437236,20.961270995370363,44.0,43.58400000000002,37.23681023437234,18.0
-1,-98.44707130773924,21.60910991666664,49.0,52.41600000000002,46.03107130773921,19.0
-1,-110.00505884087052,19.408124333333262,57.0,69.79200000000003,40.213058840870495,19.0
-1,-94.89192501921312,19.05166134722216,44.0,49.82400000000001,45.06792501921311,19.0
-1,-124.94793598165968,18.44965925925921,55.0,65.76000000000003,59.18793598165963,23.0
-1,-110.57993869733644,14.740052916666674,43.0,57.21600000000002,53.36393869733643,21.0
-1,-99.94713178997554,23.968364476851782,65.0,57.888000000000034,42.0591317899755,19.0
-1,-95.9713305078704,15.879775416666645,39.0,58.27200000000003,37.69933050787038,19.0
-1,-102.73145323819892,17.707143611111075,41.0,53.856000000000016,48.8754532381989,21.0
-1,-131.24686846004758,16.58399373611113,61.0,71.04000000000005,60.20686846004753,22.0
-1,-118.7457082863763,20.99740101851844,70.0,73.82400000000004,44.92170828637625,19.0
-1,-115.28090725674365,17.854826305555502,57.0,64.89600000000003,50.38490725674361,23.0
-1,-108.21717460635924,12.92914964814815,34.0,44.83200000000001,63.38517460635922,27.0
-1,-114.32487268018912,20.915588245370333,63.0,70.94400000000003,43.380872680189086,16.0
-1,-101.70573477444344,18.671033111111072,52.0,54.14400000000003,47.5617347744434,19.0
-1,-101.48787484523297,14.277009555555544,45.0,57.21600000000003,44.271874845232944,22.0
-1,-94.19778448775628,12.7977823888889,40.0,40.512000000000015,53.68578448775625,25.0
-1,-110.89330955320791,14.744968740740712,45.0,50.88000000000002,60.0133095532079,23.0
-1,-102.77736541990151,16.347818027777745,46.0,54.24000000000002,48.5373654199015,19.0
-1,-124.04304753744016,19.01850282870365,62.0,69.31200000000004,54.73104753744012,23.0
-1,-109.72652201052604,20.003480916666607,66.0,65.66400000000003,44.062522010526,20.0
-1,-99.3948819335759,17.027652925925903,46.0,49.536000000000016,49.85888193357589,22.0
-1,-97.18220298086464,20.535666356481457,39.0,41.18400000000001,55.99820298086463,20.0
-1,-111.25314076182002,14.142045819444434,48.0,59.04000000000002,52.21314076181999,23.0
-1,-101.96645378641516,15.666806541666652,41.0,42.04800000000001,59.91845378641516,24.0
-1,-107.31651266289168,13.810662763888873,41.0,45.120000000000005,62.196512662891685,26.0
-1,-108.64378592815044,16.019129879629592,46.0,56.352000000000025,52.29178592815042,23.0
-1,-101.7888041154454,22.55417771759252,63.0,65.47200000000002,36.316804115445365,17.0
-1,-102.3767912829238,16.5242506759259,47.0,56.06400000000004,46.31279128292376,22.0
-1,-100.39820576011988,18.084199763888837,51.0,54.91200000000003,45.48620576011986,23.0
-1,-86.78545251751112,18.48824807407405,56.0,48.96000000000003,37.825452517511096,22.0
-1,-90.23429260660322,17.98559082407404,47.0,57.216000000000015,33.0182926066032,18.0
-1,-95.83976260402844,14.680356370370362,36.0,45.408000000000015,50.43176260402843,23.0
-1,-89.29075838836042,12.33666229166666,39.0,44.832000000000015,44.4587583883604,26.0
-1,-84.84534005534812,14.32500013888888,45.0,49.24800000000001,35.5973400553481,20.0
-1,-93.58124212173226,18.680764347222187,43.0,44.83200000000001,48.74924212173226,22.0
-1,-80.05862010243453,14.43403510185183,36.0,38.68800000000001,41.37062010243452,21.0
-1,-119.17506843296268,13.508805430555556,43.0,51.36000000000002,67.81506843296268,26.0
-1,-76.49615249065428,18.95173593981477,49.0,44.92800000000002,31.56815249065426,16.0
-1,-114.30376762084126,21.32726566203696,51.0,61.34400000000003,52.959767620841234,23.0
-1,-74.92393180517762,14.891150671296286,39.0,44.16000000000001,30.76393180517761,18.0
-1,-97.50235388980494,13.711115254629624,50.0,63.93600000000002,33.566353889804915,18.0
-1,-116.0366650340232,16.654535782407386,51.0,60.864000000000026,55.17266503402316,24.0
-1,-77.24067007050704,12.649977027777773,33.0,42.33600000000001,34.904670070507024,21.0
-1,-100.01369791780016,16.187273291666664,43.0,43.29600000000001,56.71769791780016,24.0
-1,-100.43407993148998,19.216241328703685,53.0,51.45600000000002,48.97807993148994,19.0
-1,-90.59892722485915,20.110532129629547,47.0,49.05600000000002,41.54292722485914,19.0
-1,-81.35291383888828,19.717610087962928,41.0,44.064000000000014,37.28891383888827,18.0
-1,-89.8684732773495,9.403541787037057,31.0,35.424,54.4444732773495,26.0
-1,-119.0599918590114,16.207269666666647,53.0,62.97600000000004,56.08399185901136,21.0
-1,-82.56818220635901,21.25150537962959,57.0,50.112000000000016,32.456182206359,18.0
-1,-89.3252958174027,25.292210995370286,50.0,49.82400000000002,39.501295817402685,18.0
-1,-116.83928997441171,17.136265518518464,55.0,75.36000000000003,41.4792899744117,23.0
-1,-91.46330463276524,21.09040449999996,46.0,50.112000000000016,41.35130463276523,18.0
-1,-108.3836309199472,17.820810824073984,54.0,58.94400000000002,49.43963091994716,22.0
-1,-82.62391694511146,13.614675268518516,31.0,36.57600000000001,46.047916945111446,23.0
-1,-98.86096103588274,11.929572314814797,38.0,48.09600000000002,50.76496103588272,26.0
-1,-122.9446410396644,21.49187772685179,61.0,61.824000000000034,61.12064103966435,23.0
-1,-93.60246383583709,21.19076841666661,51.0,54.81600000000003,38.78646383583706,18.0
-1,-98.7380495726897,18.2584054259259,43.0,53.856000000000016,44.882049572689695,18.0
-1,-111.11426511817776,16.138652342592565,46.0,50.01600000000002,61.098265118177736,25.0
-1,-82.74896037407305,15.65356810185184,37.0,40.32000000000001,42.42896037407304,19.0
-1,-280.54282279533334,19.08508434722213,124.0,206.40000000000012,74.14282279533316,26.0
-1,-94.0040327962578,18.299573703703672,43.0,53.280000000000015,40.7240327962578,18.0
-1,-82.07442524331594,16.078688449074047,36.0,38.78400000000001,43.29042524331594,23.0
-1,-76.76743982548992,16.144112435185175,40.0,36.28800000000001,40.47943982548991,19.0
-1,-84.19185690776817,21.59276880092585,48.0,44.54400000000001,39.647856907768166,18.0
-1,-89.0582435898871,17.548933847222212,48.0,56.35200000000002,32.70624358988707,18.0
-1,-102.53252069441214,15.687499101851856,43.0,45.88800000000002,56.64452069441212,22.0
-1,-85.2546952929396,17.40426780092592,40.0,46.46400000000001,38.79069529293959,16.0
-1,-81.49445273589384,15.525158472222197,40.0,41.76000000000001,39.73445273589383,20.0
-1,-94.15286424480706,13.861272310185166,36.0,45.024000000000015,49.128864244807055,24.0
-1,-96.51126528222566,12.91902286111113,43.0,49.24800000000002,47.263265282225646,25.0
-1,-78.0513068282794,14.364643175925917,36.0,43.10400000000001,34.94730682827938,17.0
-1,-111.90852682281592,15.42798351851849,46.0,56.16000000000002,55.74852682281592,22.0
-1,-108.95871320112488,15.507238199074068,44.0,49.728000000000016,59.23071320112485,24.0
-1,-88.161347100813,14.039705379629616,34.0,43.77600000000001,44.38534710081299,22.0
-1,-98.24855180991254,19.507952546296234,59.0,67.10400000000003,31.14455180991251,16.0
-1,-90.375539178624,14.132418884259256,35.0,44.16000000000001,46.21553917862399,23.0
-1,-88.44757191607255,13.21471670370369,28.0,33.216,55.23157191607256,24.0
-1,-120.55792069402618,18.020349995370317,47.0,55.39200000000002,65.16592069402616,23.0
-1,-115.05005155176808,19.83683970833328,51.0,57.02400000000002,58.026051551768056,22.0
-1,-101.49139988547168,17.693591259259232,50.0,55.68000000000002,45.81139988547166,21.0
-1,-85.13837343019591,11.864951916666651,39.0,50.97600000000001,34.162373430195906,23.0
-1,-90.5841119451746,19.03540736111105,40.0,47.71200000000002,42.8721119451746,21.0
-1,-100.02182757212194,19.33761806481476,45.0,41.37600000000001,58.64582757212192,22.0
-1,-94.41754966700344,21.73548925462959,47.0,46.75200000000001,47.66554966700342,19.0
-1,-126.92219579047747,19.249397097222147,58.0,71.90400000000002,55.01819579047745,21.0
-1,-104.50612937043124,15.718639754629626,40.0,43.87200000000002,60.63412937043122,22.0
-1,-102.05557743364264,15.793170449074063,41.0,48.384000000000015,53.67157743364262,21.0
-1,-106.06293497510862,23.65096475462954,74.0,83.23200000000006,22.83093497510857,12.0
-1,-95.50301168868114,17.360389773148096,46.0,53.472000000000016,42.03101168868113,19.0
-1,-91.29043270865864,15.586481648148132,41.0,47.13600000000001,44.15443270865863,23.0
-1,-75.93998677770928,15.764604472222212,34.0,34.368,41.57198677770928,21.0
-1,-95.38526255257425,14.637249671296304,40.0,50.88000000000002,44.505262552574216,21.0
-1,-90.27130473021948,16.645878902777763,47.0,47.23200000000001,43.039304730219456,21.0
-1,-74.05348777440639,16.464936912037018,42.0,37.44000000000001,36.61348777440637,18.0
-1,-100.11255273491506,10.51329667129631,42.0,46.56000000000002,53.55255273491505,26.0
-1,-60.33586122567971,15.570636282407392,34.0,33.888000000000005,26.4478612256797,15.0
-1,-110.0098960176418,14.635222199074065,42.0,52.70400000000002,57.30589601764177,20.0
-1,-98.01437492755213,21.609632337962896,50.0,52.416000000000025,45.5983749275521,19.0
-1,-78.59181860999877,13.539499828703704,31.0,32.544000000000004,46.04781860999877,23.0
-1,-88.54196623427572,22.15871175462959,48.0,43.872000000000014,44.669966234275705,23.0
-1,-87.8410545521176,16.416538666666657,40.0,52.51200000000002,35.329054552117576,21.0
-1,-96.70886609928212,18.238106439814786,49.0,53.08800000000002,43.6208660992821,18.0
-1,-110.54764258716156,12.650987652777763,44.0,57.984000000000016,52.563642587161546,25.0
-1,-118.93742024823749,21.461817629629525,58.0,68.83200000000002,50.10542024823745,23.0
-1,-97.90343259043404,22.684456537037,52.0,51.36000000000002,46.543432590434016,20.0
-1,-88.63780897463278,22.892258999999964,54.0,46.368000000000016,42.26980897463277,18.0
-1,-107.13215686864336,13.373399768518498,36.0,44.448000000000015,62.684156868643335,24.0
-1,-99.20505918313371,19.385504333333294,53.0,49.152000000000015,50.05305918313371,21.0
-1,-107.11363925461085,19.342626856481424,50.0,60.76800000000003,46.3456392546108,19.0
-1,-104.22185801474696,11.686486231481496,40.0,39.07200000000001,65.14985801474695,27.0
-1,-93.129994428175,21.065231203703657,49.0,47.13600000000001,45.99399442817498,19.0
-1,-148.2443188554011,19.955027995370276,65.0,85.92000000000004,62.32431885540106,22.0
-1,-142.26700158761966,19.73650415740732,73.0,88.70400000000005,53.5630015876196,20.0
-1,-85.32623581623513,13.468984907407416,39.0,40.8,44.52623581623512,23.0
-1,-88.6438594333762,16.76339858796295,40.0,46.94400000000002,41.69985943337618,20.0
-1,-97.26861507157474,18.99765346296292,50.0,55.39200000000003,41.87661507157472,20.0
-1,-102.91835168703082,17.801192703703656,53.0,45.216000000000015,57.70235168703081,24.0
-1,-126.08285647519013,15.532045351851846,67.0,71.42400000000004,54.65885647519007,23.0
-1,-88.99725749770839,12.150871944444434,34.0,48.48000000000001,40.51725749770838,20.0
-1,-99.44361143773018,21.270303810185105,51.0,57.88800000000003,41.55561143773016,20.0
-1,-90.65929568173765,15.814044949074075,36.0,41.56800000000001,49.091295681737634,21.0
-1,-141.30428330933643,21.05215573148141,73.0,87.36000000000006,53.94428330933636,20.0
-1,-87.73181262151331,19.9936195972222,44.0,49.24800000000002,38.48381262151329,18.0
-1,-96.91456326787392,15.65572463888889,43.0,42.432000000000016,54.48256326787391,24.0
-1,-92.45648425328903,15.513673412037011,36.0,42.91200000000001,49.54448425328904,21.0
-1,-93.68846872247286,16.22591015277777,39.0,42.04800000000001,51.64046872247285,23.0
-1,-112.86065597765568,18.37718492129628,46.0,50.88000000000002,61.98065597765567,23.0
-1,-80.79627084112633,17.424910990740713,39.0,40.41600000000001,40.38027084112631,19.0
-1,-83.7207302126624,13.52642668055554,37.0,43.29600000000001,40.4247302126624,23.0
-1,-117.2343731932583,17.461020217592534,53.0,74.49600000000004,42.73837319325827,20.0
-1,-111.6826348756712,14.819154675925908,45.0,55.00800000000002,56.67463487567118,23.0
-1,-78.98467752433544,15.240935347222209,40.0,41.76000000000001,37.22467752433542,19.0
-1,-103.06815560383404,18.35304793055552,53.0,50.01600000000002,53.05215560383402,23.0
-1,-121.5619204857126,20.919945060185096,70.0,70.08000000000003,51.48192048571256,21.0
-1,-84.07809138753316,16.757084865740747,39.0,41.37600000000001,42.70209138753315,19.0
-1,-87.29486093578078,16.18297243518514,49.0,56.25600000000002,31.03886093578076,20.0
-1,-94.66299837418477,14.128673606481474,41.0,42.048000000000016,52.61499837418475,23.0
-1,-93.85891929280314,14.68731546296296,41.0,40.992,52.86691929280314,25.0
-1,-111.33805305546043,18.75897608333327,55.0,56.44800000000002,54.89005305546041,22.0
-1,-87.15489808173965,15.76180768981481,46.0,50.20800000000001,36.94689808173964,20.0
-1,-95.037635513758,13.427430101851844,44.0,46.46400000000002,48.57363551375797,22.0
-1,-128.88431678340123,19.26859999537028,56.0,73.05600000000004,55.82831678340119,21.0
-1,-102.41701689830477,13.9825865787037,40.0,45.60000000000001,56.817016898304736,25.0
-1,-82.03767580772023,14.82130209259258,46.0,43.77600000000002,38.26167580772022,20.0
-1,-114.36259479337426,15.702408013888876,51.0,59.90400000000003,54.45859479337422,24.0
-1,-117.59530359441186,19.50640592592589,72.0,79.29600000000003,38.29930359441183,19.0
-1,-78.94793938185941,10.540202166666685,34.0,39.36000000000001,39.58793938185941,26.0
-1,-84.53914289330365,21.81299293981479,47.0,47.61600000000002,36.923142893303634,16.0
-1,-136.98612721400627,21.738637490740658,61.0,81.69600000000004,55.29012721400624,20.0
-1,-102.0193034987186,17.09803224999995,48.0,56.73600000000002,45.28330349871859,20.0
-1,-98.82988975695454,21.043633587962912,56.0,58.17600000000004,40.6538897569545,19.0
-1,-110.79058060862262,12.634589643518506,38.0,51.360000000000014,59.430580608622606,26.0
-1,-87.99685671316414,18.8077362546296,41.0,41.47200000000001,46.52485671316413,19.0
-1,-85.06901900684664,18.466951962962916,40.0,47.424000000000014,37.645019006846624,20.0
-1,-128.74682580471173,19.22261430092588,64.0,65.85600000000004,62.89082580471169,21.0
-1,-95.5924143791429,13.594922490740716,40.0,42.912000000000006,52.68041437914289,25.0
-1,-106.9898215756257,18.42228258796292,60.0,61.34400000000003,45.64582157562567,23.0
-1,-99.31207878519056,24.7057968055555,57.0,61.632000000000026,37.68007878519054,17.0
-1,-112.31852008114134,17.259011962962923,59.0,56.736000000000026,55.58252008114132,25.0
-1,-77.15228077533345,17.083518472222213,42.0,39.16800000000001,37.98428077533344,19.0
-1,-93.35491746425068,22.907399078703637,56.0,56.160000000000025,37.19491746425066,18.0
-1,-91.98635188569216,18.63124221296293,50.0,52.41600000000002,39.57035188569214,18.0
-1,-74.37369790625425,13.987561097222208,33.0,35.328,39.04569790625425,19.0
-1,-89.04243036294457,15.889626847222209,38.0,39.36000000000001,49.682430362944565,22.0
-1,-111.38832678161396,19.530898694444375,52.0,56.92800000000001,54.46032678161394,20.0
-1,-81.1539789312298,18.16523618518516,46.0,42.240000000000016,38.91397893122978,18.0
-1,-83.78314115636199,14.02982435648149,36.0,40.22400000000001,43.55914115636198,22.0
-1,-94.99464208430814,14.428042037037024,39.0,48.00000000000002,46.99464208430811,22.0
-1,-117.72846121190142,17.635864777777737,57.0,62.112000000000016,55.6164612119014,23.0
-1,-91.0817449410846,18.75402940277773,48.0,45.69600000000002,45.38574494108457,20.0
-1,-104.00974477271416,16.24767129166664,46.0,61.34400000000003,42.66574477271412,22.0
-1,-110.54169282669548,18.02050380555549,50.0,62.97600000000003,47.56569282669545,22.0
-1,-91.87481286517212,17.921867657407386,44.0,47.23200000000002,44.6428128651721,21.0
-1,-85.71300605339113,16.58020549074072,38.0,40.22400000000001,45.48900605339112,20.0
-1,-100.13028034318062,17.46792487037034,42.0,40.89600000000001,59.23428034318061,22.0
-1,-80.11909597069885,11.872146453703708,31.0,33.792,46.32709597069884,23.0
-1,-110.41462530584788,18.243142856481388,48.0,56.544000000000025,53.870625305847874,21.0
-1,-98.32354143041118,20.441636893518474,53.0,54.81600000000003,43.50754143041115,22.0
-1,-101.2834775615192,16.73571738888886,46.0,48.96000000000002,52.32347756151916,21.0
-1,-104.5449686416332,15.378632490740737,44.0,54.72000000000002,49.824968641633184,23.0
-1,-115.94679221737996,14.557953657407396,42.0,56.160000000000025,59.78679221737995,23.0
-1,-101.25231315497804,17.063492652777736,50.0,55.87200000000002,45.380313154978005,20.0
-1,-104.81192932252102,10.905795782407404,29.0,43.29600000000001,61.51592932252101,27.0
-1,-95.2447362039673,17.808226749999974,49.0,52.032000000000025,43.21273620396728,20.0
-1,-120.57549787030716,16.075507231481467,57.0,73.15200000000003,47.42349787030713,24.0
-1,-90.62468866203798,16.128696893518498,46.0,53.760000000000026,36.86468866203795,20.0
-1,-89.11880018977573,20.650891944444407,53.0,52.22400000000002,36.8948001897757,19.0
-1,-86.0406143591448,15.157340388888883,35.0,31.104000000000003,54.93661435914479,23.0
-1,-113.79105237827233,18.11307058333325,53.0,57.120000000000026,56.67105237827229,23.0
-1,-104.87896692001394,16.681888847222208,48.0,55.776000000000025,49.10296692001391,21.0
-1,-109.87527313110203,14.325420949074063,43.0,53.95200000000002,55.92327313110203,26.0
-1,-99.60030376536793,13.779319449074086,39.0,41.184000000000005,58.41630376536793,26.0
-1,-113.142349406017,19.42965187037032,54.0,58.36800000000002,54.77434940601696,25.0
-1,-90.69492613576791,20.44365282407403,47.0,47.04000000000002,43.65492613576791,20.0
-1,-114.26940530006638,26.55707392129621,62.0,65.47200000000002,48.79740530006635,19.0
-1,-94.93931729258576,18.013327583333307,43.0,47.32800000000001,47.61131729258577,22.0
-1,-101.3605374422097,22.21171696296293,66.0,59.13600000000003,42.22453744220967,19.0
-1,-96.65558876810798,20.20883977777772,47.0,51.55200000000002,45.103588768107954,19.0
-1,-118.290940553258,14.50484161574071,46.0,54.43200000000002,63.85894055325799,26.0
-1,-78.76319793729223,20.206445671296265,45.0,44.256000000000014,34.50719793729222,16.0
-1,-108.40552018629404,10.44897242129629,34.0,48.67200000000001,59.73352018629405,28.0
-1,-94.2111189734308,9.291911347222236,34.0,42.04800000000001,52.1631189734308,25.0
-1,-90.88401608754408,14.650710509259248,43.0,45.600000000000016,45.28401608754406,23.0
-1,-81.803641681971,12.79702705555556,34.0,45.02400000000001,36.77964168197099,20.0
-1,-85.09989509076087,20.05829689351848,43.0,45.984000000000016,39.11589509076085,20.0
-1,-100.93943794891194,15.603638347222208,46.0,45.79200000000001,55.147437948911936,23.0
-1,-87.62449952233308,12.632887995370352,34.0,45.792000000000016,41.83249952233307,22.0
-1,-96.31813886843588,19.511821999999963,54.0,51.840000000000025,44.47813886843584,19.0
-1,-92.68228850673285,21.522572166666624,49.0,54.240000000000016,38.44228850673282,17.0
-1,-91.8138525309524,15.576573629629618,39.0,42.24000000000001,49.5738525309524,22.0
-1,-82.37653711386898,15.419493222222206,35.0,39.55200000000001,42.82453711386897,21.0
-1,-121.24302203791812,17.791959902777727,55.0,54.14400000000003,67.09902203791808,25.0
-1,-90.07030568464573,19.8071353333333,59.0,55.87200000000003,34.1983056846457,18.0
-1,-115.96322557510352,20.347508587962917,57.0,58.84800000000002,57.11522557510348,19.0
-1,-135.0968393604181,18.066812587962893,63.0,83.04000000000003,52.05683936041808,22.0
-1,-90.40115928580916,23.07604326851846,48.0,45.50400000000002,44.89715928580915,18.0
-1,-88.84888879089583,16.544373162037015,46.0,50.59200000000002,38.25688879089581,16.0
-1,-85.2701843849375,18.76238934722217,47.0,50.97600000000001,34.29418438493749,18.0
-1,-69.22802109877438,13.423981430555548,35.0,35.13600000000001,34.092021098774374,18.0
-1,-87.355090267778,18.936842203703677,48.0,48.384000000000015,38.97109026777798,20.0
-1,-107.167891466074,17.890098782407367,51.0,64.60800000000003,42.55989146607396,19.0
-1,-92.63769046091204,18.675328189814785,51.0,48.960000000000015,43.677690460912025,20.0
-1,-94.2499002239566,21.63811095833328,52.0,50.01600000000003,44.23390022395655,18.0
-1,-93.6786512960459,26.43860201851852,60.0,54.72000000000003,38.95865129604588,17.0
-1,-103.40664458528585,18.43611102314808,49.0,57.31200000000002,46.09464458528582,21.0
-1,-129.5661694901071,19.9111005092592,62.0,62.68800000000003,66.87816949010707,24.0
-1,-75.25748980812969,17.071040537037003,39.0,41.37600000000001,33.88148980812967,20.0
-1,-91.28062246266862,21.75460876851848,49.0,41.18400000000001,50.096622462668606,21.0
-1,-97.09802693817583,14.235739814814815,41.0,51.45600000000002,45.64202693817583,19.0
-1,-101.53335171322075,19.54986308333325,58.0,59.61600000000003,41.91735171322072,19.0
-1,-92.90557537073836,18.703872254629584,49.0,50.01600000000002,42.88957537073833,21.0
-1,-95.81818355016674,16.54542078240737,43.0,51.936000000000014,43.88218355016672,21.0
-1,-88.82184185637772,14.038002648148147,39.0,45.408000000000015,43.4138418563777,23.0
-1,-102.1986428179709,18.30331174537032,48.0,53.28000000000002,48.91864281797088,19.0
-1,-103.82335511045886,15.202847870370348,42.0,52.51200000000003,51.311355110458834,25.0
-1,-150.99213125721366,26.182027097222143,88.0,104.92800000000004,46.06413125721361,20.0
-1,-117.51999258607876,18.13570658333329,52.0,57.40800000000003,60.11199258607874,23.0
-1,-106.7604232698681,14.28964317129627,39.0,51.45600000000002,55.30442326986808,23.0
-1,-91.7453086512664,21.804396027777734,44.0,41.472000000000016,50.27330865126638,19.0
-1,-89.79528003264538,26.79987984722217,55.0,48.672000000000025,41.12328003264536,18.0
-1,-117.47346011044311,19.57781868981478,57.0,75.93600000000004,41.53746011044308,18.0
-1,-68.99686248637846,14.498703578703712,34.0,36.288,32.708862486378464,17.0
-1,-104.71680943105048,15.660190078703678,50.0,62.49600000000003,42.22080943105045,22.0
-1,-88.31207046559348,11.25640574537038,35.0,44.83200000000001,43.48007046559348,23.0
-1,-94.32992713690123,18.8526050648148,51.0,50.59200000000002,43.73792713690121,21.0
-1,-91.47807760611435,20.78519935648145,54.0,52.03200000000002,39.44607760611434,20.0
-1,-82.8296462948824,20.04414510648146,49.0,48.09600000000002,34.733646294882384,17.0
-1,-94.08315634214124,21.08857082407404,55.0,56.44800000000003,37.635156342141215,18.0
-1,-108.14063906324716,17.574398231481428,47.0,59.32800000000002,48.81263906324713,21.0
-1,-103.97572818381336,18.15871031018516,45.0,50.68800000000001,53.28772818381337,22.0
-1,-81.03372782108812,16.740514671296268,44.0,39.26400000000001,41.7697278210881,19.0
-1,-92.36244169483652,22.427583319444413,49.0,46.84800000000002,45.51444169483651,20.0
-1,-85.13990756883913,18.865228342592573,47.0,46.46400000000002,38.67590756883912,18.0
-1,-88.23605117116998,20.94977491203701,53.0,54.33600000000003,33.90005117116995,15.0
-1,-105.51045962068429,15.498884861111115,40.0,46.08000000000001,59.43045962068426,23.0
-1,-115.46992664750492,19.1447075092592,47.0,55.68000000000002,59.789926647504906,23.0
-1,-119.82913099588124,15.797708476851842,50.0,58.36800000000002,61.46113099588122,22.0
-1,-97.4456951473521,13.62906252777778,37.0,39.84000000000001,57.60569514735208,23.0
-1,-80.3248837322557,18.971911967592547,44.0,48.86400000000002,31.46088373225568,18.0
-1,-154.31718896783144,16.401215106481448,70.0,89.95200000000006,64.36518896783137,26.0
-1,-100.31836781638025,20.16175706481476,55.0,55.87200000000002,44.4463678163802,18.0
-1,-98.12861147254512,18.22663779629626,46.0,42.432000000000016,55.69661147254512,23.0
-1,-115.1182248558703,15.29293888888888,52.0,62.88000000000003,52.23822485587026,22.0
-1,-106.55086900008224,13.953604185185188,46.0,50.01600000000001,56.53486900008222,22.0
-1,-95.25259085617174,20.762267124999937,53.0,49.152000000000015,46.10059085617173,20.0
-1,-79.68101388774004,20.83066678240734,42.0,47.13600000000001,32.545013887740026,18.0
-1,-96.15574414035974,24.17241914814805,56.0,56.544000000000025,39.61174414035972,17.0
-1,-121.12943607218348,18.196004212962904,65.0,71.52000000000004,49.60943607218343,23.0
-1,-101.59381773220932,15.2676060972222,40.0,42.52800000000001,59.0658177322093,24.0
-1,-133.48103899525907,17.704684555555477,67.0,73.72800000000004,59.75303899525904,22.0
-1,-101.43640544594815,24.222477115740727,60.0,71.61600000000003,29.820405445948143,15.0
-1,-93.9259344779944,16.751569249999953,41.0,47.32800000000002,46.59793447799438,21.0
-1,-75.2794615358731,14.298500796296269,34.0,36.38400000000001,38.89546153587309,22.0
-1,-92.19833490559743,9.220862675925932,45.0,60.09600000000002,32.102334905597424,21.0
-1,-78.99612205042672,17.14168418055552,42.0,49.44000000000002,29.556122050426705,18.0
-1,-92.86181083127042,19.050648490740723,50.0,53.56800000000001,39.29381083127041,20.0
-1,-91.54010322218858,14.096730138888873,31.0,44.25600000000001,47.28410322218857,23.0
-1,-100.16993262787852,16.895942324074056,43.0,43.96800000000001,56.20193262787851,24.0
-1,-84.47508054611674,12.904975921296286,34.0,40.416,44.05908054611674,24.0
-1,-99.10794823945912,16.532002032407387,50.0,60.19200000000003,38.91594823945909,23.0
-1,-86.64431664427732,13.68788921759258,41.0,52.41600000000002,34.22831664427731,22.0
-1,-114.81385492526962,24.48307576851845,63.0,68.35200000000003,46.461854925269584,20.0
-1,-76.98664240715857,21.33803805092585,49.0,43.392,33.59464240715856,17.0
-1,-90.47299018314436,21.399062916666608,50.0,46.36800000000001,44.104990183144345,21.0
-1,-97.16157606085132,16.318155374999964,36.0,45.31200000000001,51.84957606085132,22.0
-1,-107.2384695495306,21.615434356481398,54.0,63.16800000000002,44.070469549530586,20.0
-1,-92.3966797856431,26.6671340879629,60.0,60.19200000000003,32.20467978564307,15.0
-1,-91.12322791726962,16.633104652777753,45.0,51.168000000000006,39.9552279172696,23.0
-1,-80.21964268166454,12.751923004629605,35.0,44.92800000000001,35.29164268166453,21.0
-1,-108.75642969655593,19.903637356481457,57.0,59.42400000000003,49.33242969655589,21.0
-1,-89.19240677273822,20.08643650925917,51.0,54.52800000000003,34.664406772738204,18.0
-1,-105.48935142665592,21.329741296296216,59.0,57.50400000000001,47.98535142665591,22.0
-1,-91.72444234777662,14.642412384259211,51.0,57.98400000000002,33.74044234777659,18.0
-1,-107.35253298570652,15.15603774999998,48.0,48.28800000000002,59.064532985706514,24.0
-1,-79.7731137424652,9.763334481481476,32.0,38.304,41.46911374246519,23.0
-1,-121.1403868112273,22.1219807592592,80.0,76.12800000000004,45.01238681122726,21.0
-1,-102.25007880872326,19.02946374537036,50.0,45.024000000000015,57.22607880872325,21.0
-1,-90.14525271403116,17.379177259259247,38.0,40.12800000000001,50.017252714031166,23.0
-1,-89.38349669662975,19.860013157407344,54.0,45.02400000000001,44.35949669662973,20.0
-1,-97.68323350191756,21.3988935092592,54.0,53.18400000000002,44.49923350191754,20.0
-1,-111.7979868582636,19.560253916666607,51.0,61.53600000000002,50.26198685826359,21.0
-1,-90.51865963719573,20.656786509259195,57.0,62.97600000000002,27.54265963719571,15.0
-1,-100.77134655348269,21.295198810185127,55.0,50.59200000000001,50.17934655348266,22.0
-1,-101.02853350098664,22.073620796296225,50.0,58.75200000000002,42.2765335009866,18.0
-1,-115.00051150003368,16.606697120370335,45.0,57.88800000000002,57.112511500033655,25.0
-1,-98.99571892713504,20.213282962962957,51.0,43.96800000000001,55.02771892713502,20.0
-1,-111.7215253889676,22.1328007592592,62.0,72.00000000000004,39.72152538896757,18.0
-1,-82.40133457469942,14.088788958333328,44.0,47.71200000000002,34.6893345746994,21.0
-1,-81.70299642980822,17.313926291666665,49.0,43.96800000000001,37.73499642980821,22.0
-1,-81.09831224777824,18.25762520370366,44.0,44.35200000000001,36.74631224777823,17.0
-1,-122.66049034584782,15.368525583333328,55.0,72.09600000000003,50.56449034584778,21.0
-1,-86.70516881583832,12.463649791666674,43.0,46.56000000000001,40.14516881583831,23.0
-1,-95.3905270193954,17.84939658796291,45.0,52.99200000000002,42.39852701939537,20.0
-1,-89.42052663871858,20.398688027777744,58.0,55.00800000000003,34.41252663871855,18.0
-1,-114.0783140398391,14.142281157407409,44.0,48.384000000000015,65.69431403983909,25.0
-1,-78.15379375508354,21.050089694444388,44.0,43.58400000000001,34.56979375508352,17.0
-1,-86.89857707232903,11.818298439814813,34.0,47.23200000000001,39.66657707232901,20.0
-1,-78.7355099670235,17.893857208333294,39.0,43.39200000000001,35.34350996702349,18.0
-1,-99.2741424133865,17.399675671296276,44.0,46.46400000000001,52.810142413386494,22.0
-1,-110.9776859624157,20.05430303240736,48.0,56.736000000000026,54.24168596241567,22.0
-1,-114.6442467887097,21.32089528703696,60.0,64.32000000000004,50.32424678870966,21.0
-1,-101.77686280180924,18.60571777777775,45.0,49.920000000000016,51.85686280180923,22.0
-1,-81.8842100096794,10.62596085185186,46.0,47.52,34.364210009679404,21.0
-1,-103.85243511221296,20.361118550925877,50.0,47.616000000000014,56.23643511221296,23.0
-1,-118.02227939356436,14.16320617592591,41.0,58.36800000000002,59.65427939356433,26.0
-1,-87.54480058577107,20.34020323148142,48.0,50.20800000000002,37.33680058577106,18.0
-1,-89.94226591860783,14.285486629629638,37.0,39.36,50.582265918607824,23.0
-1,-76.4515312035178,24.24132368981476,50.0,47.23200000000001,29.21953120351779,16.0
-1,-104.02056165044164,24.67933784722213,61.0,58.08000000000003,45.9405616504416,20.0
-1,-95.62299668268128,23.018405708333223,50.0,52.51200000000003,43.11099668268126,21.0
-1,-135.5916265166038,22.869697263888806,65.0,68.83200000000004,66.75962651660376,23.0
-1,-103.4281691634976,22.787217032407376,57.0,54.72000000000002,48.70816916349756,20.0
-1,-92.4748432852742,16.365465106481444,43.0,55.10400000000002,37.37084328527419,19.0
-1,-98.30608795357578,18.93752896296293,45.0,51.16800000000001,47.13808795357577,21.0
-1,-111.31028137888656,20.33345335185176,56.0,62.97600000000003,48.334281378886544,21.0
-1,-105.71094867208308,18.89005626388886,46.0,48.384000000000015,57.32694867208306,22.0
-1,-85.12566860070132,12.091279523148152,36.0,45.792000000000016,39.3336686007013,25.0
-1,-88.99303530584386,25.51119731944441,58.0,57.98400000000002,31.00903530584384,15.0
-1,-94.67359615255,9.54376462037038,39.0,46.65600000000001,48.017596152549984,25.0
-1,-106.35021102585384,20.9172111342592,57.0,55.20000000000002,51.15021102585383,19.0
-1,-85.59134295243825,20.708515657407364,48.0,41.08800000000001,44.50334295243825,21.0
-1,-100.00108209595292,20.21706779629623,55.0,56.352000000000025,43.64908209595288,21.0
-1,-84.86947451393874,22.147519810185123,51.0,53.56800000000002,31.30147451393872,16.0
-1,-108.65807851645538,14.511205092592595,53.0,56.160000000000025,52.49807851645535,23.0
-1,-104.39697666670898,21.93713252314808,70.0,58.656000000000034,45.74097666670895,22.0
-1,-94.08443275131252,22.81353436111105,59.0,61.632000000000026,32.45243275131251,19.0
-1,-105.1749166729733,17.64724421296292,44.0,45.21600000000001,59.95891667297328,22.0
-1,-76.17127480425718,19.21840461574069,42.0,45.024000000000015,31.147274804257165,20.0
-1,-94.51998392287288,13.93392819907407,45.0,50.59200000000002,43.92798392287286,25.0
-1,-99.76033370907145,18.349997796296247,54.0,51.84000000000002,47.92033370907141,22.0
-1,-122.7799073426776,13.698291300925913,54.0,75.36000000000004,47.41990734267755,22.0
-1,-93.225593913203,13.546820555555543,44.0,47.61600000000002,45.60959391320299,23.0
-1,-104.27890567681702,16.516382736111076,55.0,48.288000000000025,55.99090567681699,23.0
-1,-98.38140907997104,21.53348340740737,66.0,54.720000000000034,43.661409079971016,21.0
-1,-74.40275991304242,13.355012615740746,34.0,39.168000000000006,35.23475991304241,19.0
-1,-91.67576687516149,19.069223689814777,52.0,54.04800000000003,37.62776687516144,20.0
-1,-103.4907898356338,18.841652939814765,52.0,53.18400000000002,50.306789835633786,21.0
-1,-119.97840312352868,20.74594067592589,67.0,76.12800000000004,43.85040312352864,21.0
-1,-76.99361705855847,14.4219044212963,29.0,33.21600000000001,43.777617058558455,19.0
-1,-100.34635489568936,17.034263949074045,45.0,51.84000000000002,48.50635489568933,20.0
-1,-95.62905875804908,22.976302171296243,56.0,56.06400000000002,39.56505875804904,17.0
-1,-117.10870699174714,21.75973898611105,59.0,61.440000000000026,55.66870699174711,19.0
-1,-132.4120805786069,22.32764109722212,70.0,69.60000000000004,62.81208057860684,24.0
-1,-102.29604380868466,16.72736450925924,47.0,48.86400000000002,53.43204380868464,24.0
-1,-98.24574084732753,14.190024203703707,40.0,46.27200000000001,51.97374084732751,24.0
-1,-86.99961250412983,11.517829208333342,39.0,47.32800000000002,39.67161250412981,21.0
-1,-89.10217740235385,17.93937178703702,55.0,52.80000000000001,36.30217740235383,20.0
-1,-102.34022800811282,18.67690254629625,56.0,67.96800000000002,34.3722280081128,16.0
-1,-110.61327301397527,17.418853907407385,53.0,55.10400000000002,55.50927301397525,21.0
-1,-97.15572336448096,15.959696180555536,39.0,48.48000000000002,48.67572336448094,22.0
-1,-93.3465564046826,17.27734802777776,41.0,41.760000000000005,51.5865564046826,22.0
-1,-87.64959269334028,13.820359763888888,38.0,43.39200000000002,44.25759269334026,24.0
-1,-103.98809433013147,14.970512291666656,42.0,47.71200000000002,56.27609433013147,24.0
-1,-77.2380595331481,12.035427546296294,41.0,50.59200000000001,26.64605953314809,19.0
-1,-88.28604671512164,21.18042320833331,58.0,50.88000000000001,37.40604671512164,16.0
-1,-107.81166166564827,18.57368539351848,48.0,52.12800000000003,55.683661665648245,23.0
-1,-100.65593023930796,16.7669508009259,53.0,62.40000000000003,38.25593023930792,22.0
-1,-88.79027702862722,22.729426958333256,51.0,50.11200000000002,38.67827702862719,19.0
-1,-89.26736133303717,12.828551768518508,38.0,40.608,48.659361333037175,25.0
-1,-95.36734029732123,12.99224338888888,40.0,47.13600000000002,48.23134029732124,24.0
-1,-80.8188372376006,19.87186818518514,50.0,53.76000000000003,27.05883723760057,16.0
-1,-84.0708037245653,16.042129208333314,40.0,44.16000000000002,39.91080372456528,21.0
-1,-119.72460464454332,14.680128231481469,50.0,59.13600000000002,60.588604644543295,25.0
-1,-104.97903180353327,15.326777680555548,42.0,51.26400000000002,53.71503180353325,25.0
-1,-97.71374063728052,22.998915152777723,60.0,60.48000000000003,37.23374063728049,19.0
-1,-78.71780948422835,21.567483726851812,52.0,40.89600000000001,37.82180948422834,20.0
-1,-82.54371274580079,13.57313374537037,40.0,41.856,40.68771274580079,21.0
-1,-106.02512223416916,18.503771407407356,43.0,54.81600000000002,51.209122234169136,22.0
-1,-109.9639846724388,18.833560624999933,50.0,53.47200000000002,56.49198467243878,24.0
-1,-97.80117977688718,18.3386233842592,52.0,57.31200000000002,40.48917977688716,21.0
-1,-86.0191081788698,18.09623704166663,49.0,49.15200000000002,36.867108178869785,18.0
-1,-91.535571487291,12.442674972222218,41.0,48.67200000000002,42.863571487291,24.0
-1,-88.608801567884,18.052049074074016,48.0,47.424000000000014,41.18480156788398,21.0
-1,-98.92183558702884,19.56734633333332,54.0,60.480000000000025,38.44183558702882,19.0
-1,-106.95383068187668,18.511844060185137,53.0,54.33600000000003,52.617830681876654,22.0
-1,-106.46031255380124,13.466620708333323,49.0,56.832000000000015,49.62831255380121,26.0
-1,-100.34926066081432,15.506498634259254,51.0,50.78400000000003,49.56526066081428,24.0
-1,-127.45177879838828,19.16709576851845,61.0,68.64000000000004,58.81177879838823,22.0
-1,-95.96604297783696,11.938414106481488,40.0,47.52000000000002,48.44604297783695,25.0
-1,-102.0743755881515,19.263646967592532,53.0,58.56000000000003,43.514375588151466,21.0
-1,-87.11855518033354,14.52119521296294,42.0,54.81600000000002,32.302555180333535,16.0
-1,-103.36058746006944,18.005741787036975,52.0,59.52000000000002,43.840587460069415,21.0
-1,-87.68598320245748,24.565287694444407,51.0,62.49600000000002,25.18998320245745,13.0
-1,-117.69874818220912,20.698262199074,55.0,69.40800000000003,48.290748182209086,21.0
-1,-112.7071914125211,25.58734056018509,60.0,61.82400000000003,50.88319141252106,21.0
-1,-115.8063814429884,15.53530818981477,48.0,66.33600000000003,49.47038144298837,23.0
-1,-93.89022995058195,13.730357189814791,43.0,50.112000000000016,43.77822995058194,23.0
-1,-81.82786572259673,11.53192402777777,47.0,50.01600000000002,31.811865722596718,19.0
-1,-129.38551193259002,14.844305370370376,55.0,71.32800000000003,58.05751193258998,22.0
-1,-75.91441671336872,15.14303783796295,41.0,42.336000000000006,33.578416713368725,20.0
-1,-86.79563599310075,13.941639569444432,39.0,47.04000000000001,39.75563599310074,19.0
-1,-100.06810404175198,13.90832812037036,40.0,50.59200000000001,49.47610404175196,24.0
-1,-103.79758384418726,19.62439551851847,50.0,60.96000000000003,42.83758384418723,20.0
-1,-78.48117999665541,18.99879177314812,47.0,47.52000000000001,30.961179996655403,18.0
-1,-102.4909595262306,13.695913333333326,38.0,43.39200000000001,59.0989595262306,26.0
-1,-97.43706580442893,17.095575199074016,45.0,54.43200000000001,43.00506580442891,21.0
-1,-97.84512299244966,25.324338472222102,59.0,64.51200000000003,33.33312299244963,18.0
-1,-103.1260377105166,13.68405739814814,41.0,51.84000000000002,51.2860377105166,25.0
-1,-103.0842761021965,14.641721972222216,47.0,48.96000000000002,54.12427610219648,25.0
-1,-113.40271153611242,20.993240124999936,55.0,62.30400000000003,51.09871153611239,21.0
-1,-92.09227121963316,18.108953249999963,43.0,48.768000000000015,43.32427121963315,20.0
-1,-118.15844909422113,19.376987416666623,51.0,57.696000000000026,60.46244909422109,24.0
-1,-102.94191065562936,23.52200408333325,55.0,58.84800000000003,44.09391065562934,18.0
-1,-78.72174745798678,16.622219791666648,41.0,44.92800000000001,33.79374745798677,20.0
-1,-107.91017016496392,18.049602564814798,46.0,59.808000000000014,48.10217016496392,21.0
-1,-77.51957620635807,14.227718407407377,37.0,50.59200000000002,26.92757620635805,16.0
-1,-85.12182032499899,17.932012300925887,37.0,39.74400000000001,45.37782032499899,21.0
-1,-96.11174042604942,16.398447810185168,41.0,50.11200000000001,45.99974042604941,23.0
-1,-76.78524122338095,15.793426087962963,40.0,38.976000000000006,37.809241223380944,21.0
-1,-143.53283675278527,18.285910050925843,66.0,82.27200000000005,61.26083675278521,25.0
-1,-115.86303000381162,16.037274453703674,47.0,52.99200000000002,62.87103000381159,24.0
-1,-73.81645690735822,17.2596224212963,39.0,42.720000000000006,31.09645690735821,15.0
-1,-87.98320976538784,16.861820828703692,45.0,47.040000000000006,40.94320976538784,22.0
-1,-109.23061403723216,23.357326453703667,55.0,58.46400000000003,50.76661403723213,18.0
-1,-93.53135972488298,21.96413283333327,49.0,51.26400000000002,42.267359724882944,18.0
-1,-92.0859834710176,21.06683630092586,48.0,49.63200000000002,42.45398347101759,20.0
-1,-76.4494068738278,20.075580837962917,46.0,46.368000000000016,30.081406873827788,16.0
-1,-95.70735419853943,19.05870869907402,52.0,49.15200000000002,46.55535419853941,19.0
-1,-115.0155574925005,16.138318995370348,53.0,57.312000000000026,57.70355749250047,24.0
-1,-103.8408867632705,17.421399888888853,55.0,57.98400000000003,45.85688676327048,21.0
-1,-104.97808104442753,18.55375664814809,41.0,48.86400000000002,56.114081044427486,23.0
-1,-98.274146389881,10.62507575462965,39.0,50.496000000000016,47.77814638988097,25.0
-1,-94.81495019558056,13.427503300925922,40.0,46.75200000000002,48.06295019558053,23.0
-1,-101.62904914879071,14.701579851851845,40.0,50.68800000000002,50.94104914879071,21.0
-1,-97.70937405618034,13.49420621296296,45.0,51.16800000000001,46.54137405618033,25.0
-1,-94.28056482405438,24.159372532407332,59.0,62.20800000000003,32.07256482405436,17.0
-1,-89.89387894573198,15.131621231481471,35.0,42.72000000000001,47.17387894573197,23.0
-1,-77.70252934018554,18.807452930555545,40.0,44.44800000000002,33.25452934018551,16.0
-1,-117.2246021501144,20.936181287036963,69.0,71.04000000000003,46.18460215011436,21.0
-1,-85.90301691592325,19.383955967592563,49.0,51.36000000000002,34.54301691592323,19.0
-1,-81.61987191927912,13.913639837962949,35.0,40.03200000000001,41.58787191927911,24.0
-1,-131.7506227637586,25.71300853240733,73.0,79.96800000000005,51.78262276375854,19.0
-1,-92.90426477508106,17.663074263888866,38.0,41.184000000000005,51.72026477508106,21.0
-1,-92.4810719680266,11.195445555555551,41.0,40.89600000000001,51.58507196802661,27.0
-1,-106.83690189860638,17.58735887962956,51.0,57.88800000000002,48.94890189860636,23.0
-1,-80.9600272997563,16.186260962962955,41.0,49.728000000000016,31.23202729975629,18.0
-1,-117.93304011446244,13.716478162037031,48.0,56.44800000000004,61.485040114462414,27.0
-1,-103.48224940453166,19.736600319444367,58.0,71.71200000000003,31.770249404531626,17.0
-1,-97.94738566847128,20.69606993518513,52.0,57.40800000000003,40.53938566847124,19.0
-1,-85.65891581755548,19.558333574074044,46.0,45.88800000000002,39.77091581755546,21.0
-1,-89.06778992355893,16.67195996296295,41.0,50.97600000000001,38.09178992355893,23.0
-1,-107.5360912356156,15.10210203703702,43.0,61.34400000000002,46.19209123561559,22.0
-1,-93.0137531047479,14.46686374999998,43.0,45.88800000000001,47.1257531047479,25.0
-1,-93.76654634952573,13.234180939814811,41.0,42.24000000000001,51.52654634952572,25.0
-1,-88.30808049052602,21.283948356481417,51.0,59.42400000000002,28.884080490526003,14.0
-1,-81.47611897312203,16.388926902777765,35.0,42.24000000000001,39.23611897312202,18.0
-1,-104.51793342640732,14.782752800925891,50.0,63.16800000000003,41.3499334264073,18.0
-1,-82.51417510269694,11.512629550925936,33.0,41.18400000000001,41.33017510269693,21.0
-1,-114.3926300683744,18.30656036574069,63.0,77.56800000000004,36.82463006837436,21.0
-1,-88.18065759353638,11.357301893518512,37.0,48.19200000000002,39.98865759353636,24.0
-1,-85.34389693889437,14.222358430555586,47.0,47.13600000000002,38.207896938894365,24.0
-1,-101.8391695824644,24.659653944444404,52.0,52.608000000000025,49.231169582464375,17.0
-1,-91.5485521016618,13.797212041666649,42.0,50.20800000000002,41.3405521016618,22.0
-1,-73.90415630479363,18.12624274999998,46.0,44.44800000000001,29.456156304793627,19.0
-1,-98.34987584438464,16.533193902777754,50.0,56.928000000000026,41.42187584438461,20.0
-1,-88.63880281290945,16.951945962962938,35.0,40.32000000000001,48.31880281290944,21.0
-1,-80.34273212659505,13.178053111111112,36.0,38.97600000000001,41.36673212659503,23.0
-1,-78.96054148374174,17.27266421759259,41.0,45.024000000000015,33.93654148374171,20.0
-1,-117.85446193808568,19.480426226851804,62.0,67.77600000000004,50.07846193808564,23.0
-1,-87.71348903492651,25.977909620370312,51.0,48.28800000000002,39.4254890349265,16.0
-1,-120.0799261908732,20.05784739351844,59.0,63.55200000000004,56.52792619087316,23.0
-1,-66.5711257924335,12.264387972222204,31.0,35.52,31.051125792433503,22.0
-1,-86.0425821290385,17.730144847222217,35.0,42.048000000000016,43.99458212903848,21.0
-1,-103.75214075575272,23.19511548611105,66.0,65.18400000000003,38.5681407557527,18.0
-1,-116.6583159174859,18.35805188888885,69.0,58.656000000000034,58.00231591748586,25.0
-1,-91.02313813845572,19.737661013888875,57.0,57.31200000000002,33.711138138455695,17.0
-1,-93.94309497349984,26.065201652777706,53.0,53.568000000000026,40.37509497349982,17.0
-1,-87.84281880319777,15.716317259259243,44.0,52.60800000000002,35.234818803197754,19.0
-1,-79.42790286780415,13.860318365740756,36.0,42.720000000000006,36.707902867804144,21.0
-1,-85.92049375811303,11.858972231481468,40.0,51.552000000000014,34.36849375811302,19.0
-1,-89.492981125688,17.299524787037026,40.0,47.424000000000014,42.06898112568798,19.0
-1,-78.84290598247244,21.583881310185163,47.0,51.648000000000025,27.194905982472417,16.0
-1,-94.81043146581747,16.35299061111109,48.0,55.39200000000003,39.418431465817456,22.0
-1,-92.09426411955096,16.75884581018517,45.0,51.26400000000002,40.83026411955093,21.0
-1,-99.43431195573706,15.303829041666663,37.0,44.06400000000001,55.37031195573705,21.0
-1,-101.28159230187256,16.409019712962934,45.0,46.94400000000001,54.33759230187254,23.0
-1,-78.62256180321107,22.94803777777779,48.0,45.69600000000001,32.92656180321106,16.0
-1,-112.8392260922118,14.645977166666666,52.0,59.32800000000003,53.51122609221176,25.0
-1,-92.30765547877802,16.016319300925907,42.0,48.09600000000001,44.211655478778006,23.0
-1,-79.66309935766486,14.891557124999997,40.0,40.12800000000001,39.53509935766485,22.0
-1,-94.96830033453377,13.285672226851846,40.0,40.22400000000001,54.74430033453373,25.0
-1,-106.16027528188644,19.8107747592592,54.0,59.904000000000025,46.25627528188642,21.0
-1,-91.37179682953744,20.847562921296262,59.0,54.71999999999999,36.651796829537446,16.0
-1,-97.64475693877488,17.77342398611107,48.0,54.52800000000003,43.11675693877486,22.0
-1,-104.46488559556092,18.69463406018512,46.0,52.99200000000002,51.4728855955609,23.0
-1,-118.27958677964286,24.067063856481436,71.0,75.64800000000004,42.63158677964282,18.0
-1,-94.33878190842076,18.78850618055553,48.0,45.024000000000015,49.31478190842075,24.0
-1,-94.47485612640637,21.99352594444436,50.0,59.13600000000002,35.33885612640635,20.0
-1,-86.95767030376392,20.733792106481456,59.0,56.160000000000025,30.79767030376389,16.0
-1,-100.87129071909033,16.78835212962958,49.0,59.32800000000003,41.5432907190903,21.0
-1,-112.67568130030406,20.143812671296235,58.0,55.20000000000002,57.47568130030403,22.0
-1,-87.33119556076815,22.771496527777717,50.0,50.496000000000016,36.83519556076813,16.0
-1,-80.71958468008887,14.897513203703689,43.0,47.71200000000002,33.00758468008886,19.0
-1,-100.70778680671224,20.543544074074003,48.0,52.60800000000001,48.09978680671224,22.0
-1,-94.38255819743225,20.721299310185117,53.0,52.32000000000002,42.062558197432224,21.0
-1,-110.42141317011522,15.300124861111057,51.0,64.22400000000003,46.197413170115176,25.0
-1,-99.7519611068466,14.020856027777777,53.0,58.27200000000003,41.479961106846574,23.0
-1,-94.68691746735465,17.19774753240739,50.0,49.15200000000002,45.53491746735462,23.0
-1,-75.98665010944009,9.541027953703711,39.0,42.52800000000001,33.458650109440086,23.0
-1,-107.08951803614836,13.420266611111122,44.0,48.86400000000003,58.22551803614832,24.0
-1,-104.21185551240649,18.25604037499996,46.0,60.96000000000003,43.25185551240644,19.0
-1,-100.83127145301928,15.106098268518506,43.0,51.74400000000003,49.08727145301925,24.0
-1,-102.47425214398062,21.7854327175925,54.0,60.86400000000003,41.61025214398059,20.0
-1,-95.46455674554556,14.576860356481466,45.0,45.216000000000015,50.24855674554554,25.0
-1,-88.92515062364825,18.751766759259247,45.0,38.59200000000001,50.33315062364824,21.0
-1,-102.12387461558616,16.84684024074071,42.0,50.496000000000016,51.627874615586165,23.0
-1,-114.58474670115922,25.07278389814805,62.0,62.01600000000003,52.5687467011592,20.0
-1,-76.18227845349719,15.20764721296294,45.0,39.26400000000001,36.91827845349718,22.0
-1,-86.63858602741195,20.98272756018517,52.0,53.95200000000003,32.68658602741192,19.0
-1,-86.11484523903692,20.334287435185157,47.0,46.08000000000002,40.034845239036905,22.0
-1,-64.9239213381613,16.865374402777764,38.0,32.736000000000004,32.187921338161296,21.0
-1,-121.18355560244784,16.717675675925914,61.0,63.55200000000003,57.63155560244783,22.0
-1,-106.83863164470752,12.246321925925942,38.0,44.35200000000001,62.48663164470751,27.0
-1,-93.29295110156338,22.56463633333327,58.0,54.33600000000002,38.95695110156336,19.0
-1,-123.11166152079907,15.664453467592574,47.0,58.46400000000003,64.64766152079906,26.0
-1,-121.16025166025422,16.5835354259259,46.0,55.29600000000002,65.8642516602542,22.0
-1,-96.25080903169072,13.341700824074064,36.0,46.176000000000016,50.07480903169071,25.0
-1,-109.60018503887036,15.01036658796295,50.0,57.60000000000002,52.00018503887033,24.0
-1,-103.42542501746502,16.36938814351851,50.0,53.184000000000026,50.241425017465,23.0
-1,-80.67252517096252,16.3830792546296,42.0,46.27200000000001,34.4005251709625,18.0
-1,-103.51277584862464,22.740961337962883,55.0,57.21600000000003,46.2967758486246,20.0
-1,-101.0551812723814,18.62472656018514,48.0,56.352000000000025,44.70318127238136,21.0
-1,-85.67590398115496,13.584347560185169,41.0,51.26400000000001,34.41190398115494,20.0
-1,-101.71911793838692,13.620836518518509,49.0,61.056000000000026,40.6631179383869,22.0
-1,-82.82534212903413,25.20881202314808,57.0,52.60800000000001,30.21734212903412,16.0
-1,-65.31914571049441,20.38129792129629,42.0,41.184000000000005,24.1351457104944,11.0
-1,-89.95360733664627,21.116991537036988,53.0,55.48800000000003,34.465607336646244,19.0
-1,-101.08562075061218,21.059439958333265,56.0,62.78400000000004,38.30162075061213,20.0
-1,-98.52350645770564,21.887761259259197,50.0,57.40800000000002,41.11550645770562,18.0
-1,-98.98996560488416,13.03022598611111,44.0,53.56800000000002,45.42196560488413,20.0
-1,-90.5167606743302,12.373064467592584,39.0,50.59200000000003,39.92476067433017,20.0
-1,-211.46784724687808,22.110911162036956,104.0,157.6320000000001,53.835847246877975,24.0
-1,-89.36603187290956,20.971718148148103,44.0,52.416000000000025,36.950031872909534,17.0
-1,-98.20829940400012,20.379126185185157,53.0,59.23200000000003,38.976299404000095,22.0
-1,-85.88084259374641,29.828273009259192,57.0,57.02400000000003,28.85684259374638,14.0
-1,-95.21833626419468,16.12485596296294,48.0,56.64000000000002,38.578336264194654,22.0
-1,-68.36695172780568,12.786947481481478,37.0,41.376000000000005,26.990951727805687,17.0
-1,-105.25158641014788,17.75722780092589,40.0,48.960000000000015,56.291586410147865,22.0
-1,-101.61663089085076,16.502364402777733,44.0,53.95200000000002,47.66463089085074,25.0
-1,-109.45688711315285,15.202206689814798,47.0,53.66400000000002,55.79288711315282,24.0
-1,-88.97183184364206,20.014545162036978,53.0,52.22400000000002,36.74783184364204,19.0
-1,-69.6139511398958,14.425140069444431,31.0,41.28,28.33395113989581,18.0
-1,-107.44394244087596,17.68871238888886,49.0,59.80800000000003,47.63594244087593,23.0
-1,-99.20444897057553,16.198674782407398,45.0,46.46400000000001,52.7404489705755,22.0
-1,-105.17306199944764,18.84081661111105,66.0,62.40000000000004,42.7730619994476,21.0
-1,-109.21556117778802,20.574129319444392,59.0,70.75200000000004,38.46356117778798,16.0
-1,-86.77145361099828,19.25704680555551,51.0,56.448000000000015,30.323453610998268,16.0
-1,-95.0693221350368,20.946177009259227,48.0,48.86400000000002,46.20532213503678,16.0
-1,-110.80903393964375,16.670591236111072,53.0,59.42400000000004,51.385033939643726,24.0
-1,-118.04968294703195,16.163065958333284,62.0,68.35200000000003,49.69768294703192,25.0
-1,-89.87829388142407,14.869607916666665,43.0,47.13600000000002,42.74229388142405,24.0
-1,-78.40963377831665,15.496098939814807,35.0,40.896000000000015,37.51363377831664,22.0
-1,-117.4044420614824,20.203031532407344,54.0,65.56800000000003,51.83644206148237,20.0
-1,-82.47644111674748,15.16163883333332,40.0,45.50400000000001,36.97244111674748,22.0
-1,-96.10591846131229,15.615898166666664,38.0,45.88800000000001,50.21791846131228,21.0
-1,-92.7867311093638,12.812628763888885,37.0,46.17600000000001,46.61073110936378,23.0
-1,-86.07872975752244,16.743366759259242,44.0,48.96000000000002,37.11872975752241,21.0
-1,-120.65800833003227,17.2119368842592,62.0,63.93600000000003,56.72200833003225,24.0
-1,-94.02399315418128,13.352196004629617,48.0,57.12000000000002,36.90399315418125,22.0
-1,-94.1504835225665,13.938147277777777,43.0,49.15200000000002,44.99848352256648,24.0
-1,-95.42321091104634,18.99583959722217,42.0,49.92000000000002,45.50321091104631,21.0
-1,-83.55205643297427,15.487636671296285,38.0,40.8,42.75205643297427,22.0
-1,-95.54476445706548,15.279811851851848,51.0,59.13600000000002,36.40876445706546,23.0
-1,-117.026313290959,18.80017569907401,50.0,60.48000000000003,56.54631329095896,24.0
-1,-84.09538938882362,13.4911223935185,38.0,42.33600000000001,41.75938938882361,23.0
-1,-91.0726013072588,16.62924668981478,50.0,47.13600000000002,43.93660130725877,23.0
-1,-97.87627974487484,23.667792833333277,51.0,52.416000000000025,45.46027974487482,16.0
-1,-91.1414376988892,21.56723442592588,54.0,54.33600000000002,36.80543769888919,18.0
-1,-93.44949967406268,18.455391828703625,54.0,51.648000000000025,41.80149967406265,17.0
-1,-110.4865975308456,21.085292814814736,59.0,68.83200000000004,41.65459753084557,17.0
-1,-104.50589202819556,12.248276731481452,40.0,60.19200000000002,44.313892028195525,25.0
-1,-143.71218475710342,20.355686916666563,67.0,83.23200000000004,60.48018475710337,24.0
-1,-92.2893656706969,12.69436103240739,42.0,51.744000000000014,40.54536567069689,21.0
-1,-93.63898163889851,11.48644508333333,38.0,45.88800000000001,47.750981638898494,25.0
-1,-106.87793855786644,18.970377106481425,52.0,59.04000000000004,47.8379385578664,19.0
-1,-126.64251849694664,12.859171995370366,64.0,81.12000000000002,45.52251849694663,22.0
-1,-108.30669381866996,24.425198226851755,56.0,59.32800000000003,48.97869381866994,18.0
-1,-89.88731239975935,19.179378439814787,46.0,45.984000000000016,43.903312399759336,22.0
-1,-93.30154606723696,20.231190990740675,53.0,55.58400000000003,37.71754606723694,18.0
-1,-76.18737375656639,12.111571967592583,32.0,34.080000000000005,42.107373756566375,25.0
-1,-113.10127275892216,18.136892365740703,50.0,56.16000000000002,56.94127275892213,21.0
-1,-97.19650502224228,15.188435990740723,44.0,59.80800000000003,37.38850502224226,18.0
-1,-91.4073728117388,22.526220226851795,52.0,48.48000000000002,42.92737281173879,17.0
-1,-92.1255224789996,16.831792375000006,40.0,38.208000000000006,53.917522478999615,24.0
-1,-180.2686346121866,23.120420504629557,91.0,109.92000000000009,70.34863461218653,23.0
-1,-92.63366783402068,26.16159271759251,50.0,49.728000000000016,42.90566783402067,16.0
-1,-105.36460546514157,26.249964638888805,60.0,66.04800000000003,39.31660546514152,18.0
-1,-91.6241297029339,21.321959856481403,51.0,53.95200000000003,37.67212970293387,17.0
-1,-118.2890107648151,16.865876662037003,54.0,64.41600000000003,53.87301076481508,22.0
-1,-96.68990094503631,19.47701025925921,46.0,49.15200000000002,47.53790094503631,20.0
-1,-99.68921419819624,17.851776287036987,46.0,54.14400000000002,45.54521419819622,22.0
-1,-114.18971554712827,24.3662877268518,65.0,66.04800000000003,48.14171554712824,19.0
-1,-77.55218552863595,13.39051950925925,41.0,41.85600000000001,35.69618552863594,21.0
-1,-95.38142141792274,17.377286611111085,58.0,63.45600000000002,31.925421417922717,18.0
-1,-102.44683665247015,15.433209749999987,43.0,50.40000000000002,52.04683665247013,22.0
-1,-91.63932502196172,16.52885294444442,37.0,41.184000000000005,50.45532502196173,23.0
-1,-111.39592495702688,20.268132615740665,53.0,62.016000000000034,49.37992495702685,20.0
-1,-109.42649556934349,18.875557694444364,51.0,51.07200000000002,58.354495569343456,25.0
-1,-77.64917534971059,14.806319486111091,33.0,37.248,40.40117534971058,22.0
-1,-113.87225532133132,16.78551009722216,55.0,60.48000000000003,53.3922553213313,26.0
-1,-96.53949067553594,19.927668837962923,45.0,50.78400000000002,45.75549067553593,20.0
-1,-81.73432017998164,13.235602648148136,42.0,41.85600000000001,39.87832017998162,24.0
-1,-80.93668314167006,18.112454398148103,51.0,52.224000000000025,28.712683141670038,17.0
-1,-115.29340638045406,17.465886342592555,58.0,66.33600000000003,48.95740638045402,22.0
-1,-100.0197925719846,19.41381272685179,55.0,57.40800000000003,42.61179257198456,23.0
-1,-101.97293628972596,16.851687004629607,60.0,66.52800000000003,35.44493628972592,17.0
-1,-179.38266231932084,21.1456784675925,94.0,112.70400000000006,66.67866231932078,23.0
-1,-105.97116979573424,14.103093689814797,47.0,54.91200000000002,51.059169795734206,23.0
-1,-104.81507512360308,18.042068726851817,43.0,52.70400000000002,52.11107512360304,23.0
-1,-99.66879665630846,14.043755166666651,41.0,50.40000000000001,49.268796656308446,26.0
-1,-82.84951689091629,18.85491367129626,36.0,43.68000000000001,39.169516890916285,18.0
-1,-99.81066719447222,17.618812499999986,50.0,56.16000000000002,43.65066719447219,20.0
-1,-92.6451344227204,14.392080101851848,40.0,43.58400000000001,49.06113442272038,23.0
-1,-116.68571524805844,20.48106093981477,56.0,72.38400000000003,44.30171524805842,17.0
-1,-84.31184134464792,19.37452756481477,49.0,45.984000000000016,38.32784134464789,19.0
-1,-105.74014754782304,17.824522328703644,53.0,56.736000000000026,49.004147547823,23.0
-1,-90.32298584579829,16.285038310185158,44.0,46.94400000000002,43.37898584579827,21.0
-1,-87.58710583900401,16.284083953703686,36.0,44.44800000000001,43.139105839004,21.0
-1,-93.75398038122503,22.9793820092592,52.0,60.288000000000025,33.465980381225,17.0
-1,-92.4551561241244,17.00159931481475,46.0,44.73600000000001,47.7191561241244,23.0
-1,-90.07588316251176,19.8509097083333,46.0,50.97600000000002,39.09988316251175,19.0
-1,-85.2001549547968,16.310832837962952,37.0,39.93600000000001,45.26415495479679,19.0
-1,-89.60625114007118,23.220335222222158,50.0,50.11200000000003,39.49425114007116,16.0
-1,-108.36263227769052,14.671095921296263,49.0,66.62400000000002,41.738632277690485,23.0
-1,-96.47373318967416,24.8727294768518,58.0,55.96800000000002,40.50573318967415,17.0
-1,-98.4713734825126,16.276728675925924,51.0,54.52800000000003,43.94337348251256,21.0
-1,-80.47271799794655,14.422181310185165,33.0,40.89600000000001,39.57671799794653,21.0
-1,-81.61959042646112,11.834395236111106,32.0,38.304,43.31559042646112,19.0
-1,-100.5210035988736,18.19108390740736,49.0,56.35200000000002,44.16900359887359,20.0
-1,-98.26403024728992,19.10851490740734,46.0,55.00800000000002,43.2560302472899,20.0
-1,-110.9478405790039,19.9403197638888,50.0,56.928000000000026,54.01984057900387,21.0
-1,-99.12956956416608,12.720869250000003,35.0,39.648,59.48156956416608,25.0
-1,-86.80382421902243,17.653641824074057,43.0,46.27200000000001,40.531824219022425,19.0
-1,-88.96431925492432,12.544179851851837,37.0,54.52800000000002,34.4363192549243,22.0
-1,-81.44426638803913,21.074585055555524,43.0,40.80000000000001,40.64426638803911,19.0
-1,-79.9508013848824,11.947700638888897,32.0,33.408,46.5428013848824,25.0
-1,-112.18490437126924,17.400461680555516,59.0,60.38400000000002,51.80090437126921,23.0
-1,-85.95367385484775,17.833724013888865,44.0,53.28000000000001,32.673673854847735,18.0
-1,-90.94855237016768,18.9659801481481,44.0,51.16800000000002,39.78055237016765,20.0
-1,-110.35068520631282,16.81922596759255,50.0,60.19200000000002,50.1586852063128,25.0
-1,-90.36183350137637,19.72245032407401,50.0,51.36000000000002,39.00183350137635,20.0
-1,-88.32672018573322,15.701899689814809,38.0,45.408000000000015,42.91872018573321,22.0
-1,-83.64511348014229,18.076972717592568,45.0,46.368000000000016,37.27711348014227,20.0
-1,-84.9101631437278,16.721913004629613,47.0,54.04800000000002,30.862163143727773,18.0
-1,-81.90669570052208,15.894658694444429,37.0,46.368000000000016,35.53869570052207,19.0
-1,-118.12736039231392,23.11844262499991,56.0,60.76800000000004,57.3593603923139,23.0
-1,-96.2681553057329,24.84451386574065,61.0,63.45600000000003,32.81215530573287,15.0
-1,-98.60571092101598,18.030146578703675,42.0,48.09600000000001,50.50971092101597,19.0
-1,-108.78137836613384,16.792213069444415,48.0,54.33600000000003,54.44537836613383,22.0
-1,-75.500940765872,11.110324851851848,29.0,39.168000000000006,36.33294076587199,18.0
-1,-82.96293614552339,17.6363519305555,44.0,47.23200000000002,35.730936145523366,21.0
-1,-244.54511693414685,17.920458185185122,119.0,179.32800000000012,65.21711693414674,26.0
-1,-100.6002991664361,15.002661856481463,52.0,65.08800000000004,35.512299166436065,20.0
-1,-96.58029829949774,20.865831287036983,52.0,54.33600000000003,42.24429829949772,18.0
-1,-119.19665330386168,19.89489678240732,62.0,66.72000000000003,52.476653303861646,24.0
-1,-84.44913088858364,22.81578031481481,51.0,63.07200000000003,21.377130888583604,11.0
-1,-89.82637316636955,15.850717708333317,35.0,43.00800000000001,46.81837316636954,19.0
-1,-83.62025995286052,21.22664352314808,38.0,39.74400000000001,43.87625995286051,19.0
-1,-114.76978814600044,21.810251435185112,62.0,63.93600000000003,50.833788146000416,21.0
-1,-108.68668154794202,15.0548067222222,44.0,50.496000000000016,58.19068154794199,24.0
-1,-105.43794321188378,15.053678078703708,48.0,52.03200000000002,53.405943211883766,25.0
-1,-89.46971496422293,17.34051815740738,48.0,51.26400000000002,38.2057149642229,19.0
-1,-95.44882508809366,24.768817833333284,57.0,65.47200000000004,29.976825088093616,16.0
-1,-122.02854655416968,18.50455520370365,54.0,63.36000000000004,58.668546554169644,22.0
-1,-84.7818195724335,16.39287572222221,43.0,49.53600000000001,35.2458195724335,16.0
-1,-101.54299764794877,17.79915474537031,52.0,61.056000000000026,40.486997647948726,22.0
-1,-89.30928031731904,22.44256191203696,52.0,60.864000000000026,28.445280317319007,16.0
-1,-100.0201904270812,14.918397629629617,45.0,50.59200000000002,49.42819042708116,24.0
-1,-82.04967544496711,11.058752819444438,35.0,40.03200000000001,42.01767544496709,26.0
-1,-115.56588944022874,15.229966462962926,48.0,64.60800000000002,50.957889440228726,23.0
-1,-99.77880085399384,21.78778063888881,59.0,59.80800000000003,39.970800853993815,21.0
-1,-148.14044255702694,14.769137578703685,48.0,65.66400000000002,82.47644255702693,25.0
-1,-128.50701644652088,14.9406120833333,50.0,71.42400000000004,57.08301644652083,25.0
-1,-91.48088514576034,17.6982168657407,44.0,50.112000000000016,41.36888514576033,22.0
-1,-70.68338629516747,17.447793898148124,42.0,42.432,28.251386295167467,15.0
-1,-97.32667715010328,22.591109291666623,60.0,57.12000000000003,40.206677150103246,17.0
-1,-116.88863999995164,23.549930249999957,64.0,70.56000000000004,46.328639999951584,20.0
-1,-80.46398403683051,13.05103023611112,42.0,37.728,42.7359840368305,22.0
-1,-99.43749327176556,16.98671854166665,46.0,55.58400000000002,43.85349327176552,20.0
-1,-85.0557467987114,20.34874131018512,50.0,55.29600000000003,29.759746798711365,16.0
-1,-83.69369960471099,20.54290874074071,49.0,50.97600000000003,32.717699604710965,17.0
-1,-87.91597511587611,25.99889984259254,63.0,53.95200000000003,33.96397511587608,15.0
-1,-91.438558339204,21.815958995370288,44.0,52.12800000000002,39.31055833920399,18.0
-1,-98.37411844537964,11.291511361111109,41.0,53.28000000000002,45.09411844537962,24.0
-1,-91.41316525526015,16.81586428240737,56.0,55.68000000000002,35.73316525526013,20.0
-1,-133.4082738280768,14.8399380185185,57.0,76.22400000000003,57.184273828076776,27.0
-1,-102.16168298249484,19.360346597222176,57.0,63.93600000000004,38.22568298249481,22.0
-1,-93.45235818659576,22.020955555555503,48.0,52.70400000000003,40.74835818659571,18.0
-1,-77.90611073569977,12.442016023148144,44.0,53.76000000000002,24.146110735699757,15.0
-1,-107.6450874786604,17.825461958333285,54.0,58.656000000000034,48.98908747866038,24.0
-1,-85.52677993128685,24.338090194444337,56.0,56.064000000000014,29.46277993128684,17.0
-1,-93.75310324200709,22.18646431481477,51.0,54.04800000000002,39.705103242007056,19.0
-1,-92.30162843722162,15.195377981481467,43.0,51.07200000000002,41.2296284372216,21.0
-1,-91.941394268093,14.851834356481463,52.0,57.600000000000016,34.34139426809299,19.0
-1,-101.09933734802198,14.90936801851852,39.0,40.80000000000001,60.29933734802196,25.0
-1,-103.27955922886376,20.267625527777728,50.0,51.744000000000014,51.53555922886374,23.0
-1,-106.2242150121634,21.119699074074024,52.0,62.49600000000003,43.72821501216337,21.0
-1,-98.20167970050149,11.431819087962962,37.0,43.104000000000006,55.09767970050147,27.0
-1,-101.51993727207092,17.325804421296255,50.0,55.29600000000002,46.22393727207091,24.0
-1,-96.35425858339528,19.971481907407345,63.0,68.44800000000004,27.90625858339524,14.0
-1,-70.46068040956769,15.429430532407398,45.0,43.20000000000002,27.26068040956767,17.0
-1,-106.33434367879622,16.099255949074063,43.0,52.89600000000002,53.4383436787962,23.0
-1,-102.5951934237919,19.73163086574069,65.0,60.864000000000026,41.73119342379188,23.0
-1,-111.90392881220627,18.114988166666627,60.0,58.75200000000002,53.15192881220626,24.0
-1,-85.64585070266838,21.642124425925843,53.0,53.376000000000026,32.269850702668364,17.0
-1,-98.35931149465056,21.95704831018515,59.0,57.02400000000003,41.33531149465055,17.0
-1,-85.0734467536258,17.842314916666634,47.0,50.40000000000001,34.67344675362579,20.0
-1,-65.36151308177055,15.423716518518514,35.0,40.512000000000015,24.84951308177054,13.0
-1,-88.00200964033016,10.510746768518532,33.0,33.984,54.01800964033015,27.0
-1,-100.07938242774344,14.168234277777758,40.0,52.51200000000002,47.56738242774342,23.0
-1,-104.52731201165967,18.841487796296263,49.0,57.50400000000002,47.02331201165967,23.0
-1,-72.2971829751678,17.724250499999975,43.0,44.25600000000002,28.04118297516777,18.0
-1,-111.40779817978536,20.57478949999992,62.0,64.99200000000002,46.41579817978534,22.0
-1,-113.72623759538652,13.301476319444427,48.0,62.01600000000003,51.71023759538648,24.0
-1,-90.10461846359084,12.784964699074074,42.0,48.384000000000015,41.72061846359083,21.0
-1,-102.76109287306876,25.848158476851797,58.0,61.440000000000026,41.32109287306872,20.0
-1,-94.71703201656447,16.83073757407404,49.0,48.576000000000015,46.14103201656447,22.0
-1,-112.77267408212106,17.797804435185135,56.0,61.92000000000003,50.85267408212103,22.0
-1,-85.748151371772,7.95863985185186,24.0,39.264,46.48415137177199,26.0
-1,-76.18764677069746,14.449689550925932,44.0,43.29600000000001,32.89164677069745,20.0
-1,-71.59042150627931,17.23892628703702,45.0,45.79200000000001,25.7984215062793,15.0
-1,-104.27894219322076,14.92462437499998,47.0,52.70400000000002,51.57494219322073,25.0
-1,-92.2530152794954,15.402998087962938,53.0,60.00000000000002,32.25301527949537,18.0
-1,-86.06195920287945,17.367082499999967,54.0,52.51200000000003,33.54995920287943,21.0
-1,-80.56431385122704,15.352916824074068,39.0,43.96800000000002,36.59631385122702,18.0
-1,-106.84644678147896,16.95625736111109,48.0,52.32000000000002,54.52644678147893,21.0
-1,-94.47707623316214,16.84389917129628,47.0,52.22400000000002,42.253076233162126,22.0
-1,-90.97432845241772,15.961147314814792,46.0,50.59200000000001,40.38232845241771,18.0
-1,-103.82176728004244,16.932163273148124,52.0,55.29600000000003,48.52576728004241,21.0
-1,-84.35339724529791,16.57160620370368,45.0,56.25600000000003,28.097397245297884,15.0
-1,-98.14487939542906,16.651450157407382,52.0,63.45600000000002,34.688879395429026,18.0
-1,-79.2331418847647,17.302045425925904,48.0,45.12000000000002,34.113141884764694,20.0
-1,-100.50955244967858,21.848415152777715,61.0,64.89600000000002,35.61355244967856,18.0
-1,-101.36752577095513,8.031261703703708,34.0,45.21600000000001,56.151525770955125,29.0
-1,-87.52539178143252,18.622020388888885,44.0,43.488000000000014,44.0373917814325,20.0
-1,-83.469597714976,22.943246486111075,53.0,50.97600000000002,32.49359771497598,18.0
-1,-102.00031770477682,16.26986766666664,51.0,58.17600000000003,43.8243177047768,21.0
-1,-78.22086845556785,17.828583851851832,48.0,49.72800000000003,28.492868455567816,16.0
-1,-104.4407270064084,17.233787342592525,52.0,57.120000000000026,47.320727006408376,24.0
-1,-91.35791974639562,15.28303927314813,39.0,43.872000000000014,47.48591974639561,23.0
-1,-97.11356878567766,15.349428134259249,64.0,72.38400000000003,24.72956878567763,15.0
-1,-99.30488825277214,19.39453273148144,45.0,54.04800000000002,45.25688825277213,20.0
-1,-89.72979506891542,22.9340866018518,53.0,59.42400000000002,30.3057950689154,17.0
-1,-85.99875773638169,12.818624726851834,37.0,45.31200000000001,40.68675773638168,24.0
-1,-88.81142418530959,18.270118763888856,53.0,55.68000000000003,33.13142418530956,18.0
-1,-83.38236259588695,15.991840824074073,44.0,55.87200000000002,27.51036259588693,19.0
-1,-78.81457490057144,10.672770055555567,38.0,35.32800000000001,43.48657490057144,24.0
-1,-91.50185212852487,21.222932111111025,48.0,62.20800000000002,29.293852128524872,19.0
-1,-106.63560561700405,23.103405898148083,58.0,67.96800000000003,38.667605617004,19.0
-1,-90.55909620980744,18.200448662037,43.0,51.07200000000002,39.48709620980744,17.0
-1,-84.45898022504412,15.283586486111098,40.0,46.08000000000002,38.3789802250441,19.0
-1,-96.6940092603007,21.735126333333262,54.0,61.056000000000026,35.638009260300684,15.0
-1,-70.13423387854368,18.341129069444424,46.0,46.56000000000002,23.574233878543662,14.0
-1,-80.82300003724103,18.917931055555535,46.0,45.216000000000015,35.60700003724102,17.0
-1,-94.8248042539826,17.805069523148138,49.0,49.152000000000015,45.67280425398257,17.0
-1,-99.1787312831174,17.45996757870369,48.0,46.94400000000002,52.23473128311738,21.0
-1,-87.50135250442995,15.814713430555546,50.0,49.05600000000002,38.44535250442992,23.0
-1,-103.74415481576924,18.132681990740675,49.0,56.25600000000003,47.48815481576922,22.0
-1,-92.1271274120866,19.256326620370352,51.0,56.35200000000002,35.77512741208658,19.0
-1,-77.65753407070986,8.988015587962964,33.0,39.07200000000001,38.58553407070984,21.0
-1,-108.39542019985706,14.233181425925917,42.0,49.44000000000002,58.95542019985704,25.0
-1,-80.68366113608087,12.60470478240741,33.0,42.72000000000001,37.96366113608087,21.0
-1,-107.54784653955818,22.241702416666605,65.0,54.04800000000002,53.49984653955816,21.0
-1,-90.5423406344288,20.440238513888843,51.0,50.88000000000002,39.66234063442877,21.0
-1,-76.97824935562355,19.920900745370357,49.0,47.71200000000002,29.26624935562352,16.0
-1,-96.08974016730798,19.02062730555551,49.0,48.86400000000001,47.22574016730797,21.0
-1,-95.02511695262989,13.879176587962956,41.0,44.73600000000001,50.289116952629854,25.0
-1,-89.27313957621504,18.92304357407404,44.0,53.85600000000002,35.41713957621502,17.0
-1,-92.67916558749188,12.303983874999997,41.0,49.63200000000001,43.04716558749185,24.0
-1,-110.2771276498743,15.79604025925925,40.0,43.488000000000014,66.78912764987429,24.0
-1,-83.92664457107466,16.642152393518483,41.0,48.000000000000014,35.92664457107464,16.0
-1,-80.00829507971066,13.652176101851854,38.0,43.77600000000002,36.232295079710646,20.0
-1,-93.42435154880104,12.376267481481458,41.0,55.68000000000002,37.744351548801006,20.0
-1,-101.7280119736831,20.706883689814774,51.0,50.11200000000003,51.616011973683065,23.0
-1,-97.7408112043538,11.197191888888884,37.0,48.960000000000015,48.78081120435378,26.0
-1,-103.49508221539064,16.5360297824074,53.0,57.60000000000002,45.89508221539062,23.0
-1,-119.08357025300366,21.957270643518463,59.0,61.82400000000004,57.259570253003616,21.0
-1,-98.87021604795464,24.43206894907401,53.0,59.23200000000003,39.63821604795462,14.0
-1,-111.6500157851943,24.498161041666563,53.0,65.47200000000002,46.17801578519428,19.0
-1,-94.54129163985266,14.12690456018517,48.0,61.05600000000002,33.48529163985265,20.0
-1,-96.52313446820298,22.95197206944441,51.0,53.18400000000003,43.33913446820296,18.0
-1,-124.34516345196936,18.70867374999994,48.0,58.84800000000003,65.49716345196933,23.0
-1,-87.28806197524996,16.706555287037038,42.0,39.744,47.54406197524996,21.0
-1,-95.33267201984091,19.909493060185174,47.0,49.05600000000002,46.27667201984089,21.0
-1,-87.82924067988246,16.071430412037028,45.0,47.23200000000002,40.59724067988244,19.0
-1,-110.89134190769208,20.480261009259223,49.0,66.72000000000003,44.17134190769205,20.0
-1,-82.85363916798752,22.921727462962924,47.0,57.312000000000026,25.54163916798749,13.0
-1,-106.79333759581944,18.011312180555503,42.0,53.280000000000015,53.51333759581944,22.0
-1,-118.29601293793807,18.93845325462956,54.0,67.29600000000003,51.000012937938045,21.0
-1,-93.8926580625366,25.48833672222215,66.0,62.400000000000034,31.492658062536567,13.0
-1,-94.48843894076688,16.493013787037007,42.0,41.85600000000001,52.63243894076688,22.0
-1,-116.15643574042772,23.374827115740626,61.0,65.76000000000002,50.39643574042771,20.0
-1,-81.82325567602558,13.983850712962958,40.0,45.792000000000016,36.031255676025566,22.0
-1,-133.36901477834613,22.82127732870359,69.0,76.89600000000004,56.47301477834608,20.0
-1,-91.53868431167471,14.60660978703704,42.0,48.38400000000002,43.1546843116747,23.0
-1,-119.3913075887358,11.942090041666662,49.0,69.40800000000003,49.98330758873577,24.0
-1,-101.68748445974754,20.69783234722213,52.0,60.38400000000003,41.30348445974751,19.0
-1,-94.3726137623648,16.94024933333327,37.0,44.44800000000001,49.9246137623648,21.0
-1,-75.40772141066415,10.837685708333344,29.0,31.680000000000003,43.72772141066415,25.0
-1,-95.03297107841767,16.080215180555538,45.0,48.384000000000015,46.64897107841768,22.0
-1,-139.46121976685143,18.01573606944436,56.0,79.58400000000005,59.87721976685138,22.0
-1,-111.9607734466299,22.34814036574067,52.0,52.89600000000002,59.064773446629886,19.0
-1,-78.35840298148608,11.900157731481498,34.0,39.648,38.71040298148608,21.0
-1,-88.86854284116083,12.38642942592595,36.0,36.96000000000001,51.908542841160816,25.0
-1,-91.7552684500065,11.141201120370386,39.0,46.17600000000001,45.579268450006495,23.0
-1,-68.28526406003843,16.750928740740715,39.0,36.096,32.18926406003842,19.0
-1,-88.65205316320808,7.975067203703715,31.0,37.344,51.30805316320808,29.0
-1,-101.123900878016,17.521824249999973,58.0,58.94400000000002,42.17990087801597,22.0
-1,-78.40816625721061,16.683786124999994,36.0,37.248,41.160166257210605,22.0
-1,-123.93725969415893,14.591087055555532,46.0,60.96000000000003,62.977259694158896,23.0
-1,-86.3201077380759,13.25155281481483,45.0,40.89600000000001,45.4241077380759,22.0
-1,-86.18849114561752,23.35864830092588,48.0,47.616000000000014,38.5724911456175,20.0
-1,-154.14415033159236,16.751088143518462,67.0,97.44000000000004,56.70415033159232,25.0
-1,-91.02673809285815,12.529873222222228,43.0,43.77600000000001,47.25073809285816,24.0
-1,-96.27325074007956,15.109120601851844,46.0,49.34400000000002,46.92925074007954,22.0
-1,-89.61480714532865,19.67465892129623,50.0,55.968000000000025,33.64680714532863,17.0
-1,-99.53665869544182,19.800924814814767,50.0,49.63200000000002,49.90465869544179,21.0
-1,-105.98805586470452,14.165523328703678,45.0,51.648000000000025,54.34005586470452,24.0
-1,-86.8051105609681,12.11110281018516,27.0,41.184000000000005,45.621110560968106,21.0
-1,-105.8246166759078,16.745617828703672,56.0,69.12000000000003,36.704616675907765,21.0
-1,-110.6758397408404,16.71569314351848,45.0,54.240000000000016,56.435839740840365,21.0
-1,-75.56472096321897,16.566117787037044,43.0,36.768,38.796720963218974,24.0
-1,-78.89335437010052,11.055893032407404,36.0,41.664000000000016,37.2293543701005,21.0
-1,-92.08213841751468,18.88638279629621,45.0,46.84800000000001,45.23413841751466,21.0
-1,-76.34974685224142,18.76859399537032,44.0,38.88000000000001,37.46974685224141,20.0
-1,-105.11430570850544,31.871146199074023,63.0,61.63200000000003,43.482305708505415,15.0
-1,-79.40329415727729,21.455033916666626,53.0,53.856000000000016,25.54729415727727,16.0
-1,-86.64912876915001,15.74180887499999,46.0,44.16000000000002,42.48912876914999,22.0
-1,-80.03453534734578,14.602584430555542,35.0,42.432,37.602535347345786,23.0
-1,-97.9270048906882,22.21818840277771,58.0,58.65600000000001,39.27100489068819,16.0
-1,-103.00337531374444,11.938789532407402,39.0,47.23200000000001,55.771375313744414,26.0
-1,-93.03406462510992,17.785271324074046,51.0,54.81600000000002,38.21806462510989,20.0
-1,-114.01304715558368,18.02387548611102,47.0,53.95200000000002,60.06104715558366,23.0
-1,-83.19673279070813,19.584497499999998,47.0,50.112000000000016,33.08473279070812,16.0
-1,-105.8943443719931,21.71487705555547,56.0,61.24800000000002,44.646344371993074,22.0
-1,-109.3303842184526,18.652037662037,46.0,53.95200000000003,55.37838421845256,24.0
-1,-98.93822838410674,19.723963407407386,54.0,51.64800000000002,47.290228384106726,19.0
-1,-93.0231668900283,14.71254703703702,43.0,49.152000000000015,43.871166890028285,26.0
-1,-77.00875458350828,18.69212799537033,50.0,46.75200000000002,30.256754583508258,18.0
-1,-93.57962733190496,16.551448199074056,42.0,46.27200000000001,47.30762733190495,22.0
-1,-99.07393714288132,13.897681958333338,45.0,45.69600000000001,53.37793714288132,27.0
-1,-103.10541786609632,22.75833787499995,56.0,53.280000000000015,49.8254178660963,21.0
-1,-87.87422105943944,17.394968175925907,49.0,45.024000000000015,42.85022105943943,22.0
-1,-101.135920387461,16.849379287037017,51.0,48.76800000000002,52.36792038746098,24.0
-1,-77.32830071615828,15.98308865277774,33.0,42.144000000000005,35.18430071615828,20.0
-1,-100.77917615012544,19.41396448611108,47.0,52.51200000000002,48.26717615012542,19.0
-1,-96.30001489777116,16.524028138888855,48.0,55.29600000000003,41.004014897771135,21.0
-1,-94.92423394578104,18.80005236574068,51.0,57.120000000000026,37.80423394578102,20.0
-1,-87.83522869719695,17.592124407407375,44.0,54.72000000000002,33.115228697196926,16.0
-1,-88.64998972189133,23.8735473981481,56.0,56.736000000000026,31.913989721891312,14.0
-1,-103.6136538521236,20.797234537036992,45.0,43.96800000000001,59.6456538521236,23.0
-1,-96.9138291932917,16.393750166666653,43.0,47.13600000000002,49.77782919329168,23.0
-1,-81.17966815157286,15.152482444444423,38.0,37.920000000000016,43.25966815157283,21.0
-1,-105.95274594009118,14.781707472222203,43.0,52.41600000000002,53.53674594009115,23.0
-1,-124.76115523400912,14.709810175925906,58.0,76.89600000000004,47.86515523400909,27.0
-1,-99.74772454754188,19.052110763888816,50.0,53.66400000000003,46.08372454754185,23.0
-1,-93.11135531695292,17.127113828703674,38.0,48.768000000000015,44.3433553169529,21.0
-1,-137.02679891749767,20.15864251388884,85.0,102.04800000000006,34.97879891749761,17.0
-1,-87.4505479905209,12.213325879629624,39.0,45.79200000000002,41.65854799052087,22.0
-1,-72.78951228366567,12.285180032407403,34.0,29.56800000000001,43.22151228366567,23.0
-1,-102.74892477690142,23.372205162036973,58.0,65.08800000000002,37.6609247769014,16.0
-1,-91.11592443748798,17.8902806435185,45.0,43.39200000000002,47.72392443748796,22.0
-1,-88.94341381538652,18.955672203703628,49.0,46.08000000000001,42.8634138153865,22.0
-1,-84.39363912956676,14.53673335648148,37.0,41.18400000000001,43.20963912956676,20.0
-1,-79.2043068585735,18.714871800925888,43.0,50.11200000000002,29.09230685857348,18.0
-1,-113.30423192168982,14.551911731481477,51.0,62.40000000000002,50.90423192168979,21.0
-1,-90.2799412192129,11.875675541666654,40.0,46.84800000000001,43.431941219212895,23.0
-1,-103.7081577929252,14.543556337962949,48.0,64.70400000000002,39.00415779292517,22.0
-1,-114.03136359943514,12.93044588425924,42.0,53.76000000000002,60.271363599435126,23.0
-1,-87.74900389555188,22.92771067129625,46.0,44.832000000000015,42.917003895551865,21.0
-1,-93.17768136094053,22.975145624999964,58.0,58.17600000000002,35.0016813609405,18.0
-1,-97.29985487724316,13.667180462962952,60.0,59.04000000000001,38.259854877243136,21.0
-1,-80.48728655337418,18.78841322222218,49.0,46.56000000000002,33.92728655337415,21.0
-1,-63.27396211560497,11.22829884722224,31.0,31.488,31.785962115604967,21.0
-1,-87.1300928742418,18.829825782407354,46.0,47.80800000000002,39.32209287424177,20.0
-1,-98.28990247070315,21.090024430555456,49.0,59.61600000000003,38.67390247070314,17.0
-1,-97.41767356318933,26.5635659444444,50.0,51.26400000000002,46.15367356318928,17.0
-1,-121.63888281123712,19.456788287036986,59.0,66.81600000000003,54.82288281123709,25.0
-1,-98.30760312239433,19.78040313888884,51.0,53.184000000000026,45.1236031223943,21.0
-1,-109.20623543309974,13.86160204166665,45.0,51.648000000000025,57.55823543309971,24.0
-1,-120.1363940581568,18.04874750925926,58.0,60.57600000000002,59.56039405815679,24.0
-1,-89.95112748057805,23.8870724814814,55.0,58.36800000000003,31.583127480578018,16.0
-1,-90.10715783197912,14.125726314814791,39.0,40.41600000000001,49.69115783197911,23.0
-1,-94.31168496042844,20.84584153703699,52.0,50.78400000000002,43.52768496042842,20.0
-1,-91.4652172846408,17.138512208333307,40.0,51.26400000000001,40.2012172846408,21.0
-1,-91.38930319055464,24.77588282870363,49.0,48.00000000000002,43.38930319055463,19.0
-1,-101.2036745632094,17.418860347222218,50.0,51.45600000000002,49.74767456320939,23.0
-1,-101.47120864714675,19.64680307407403,49.0,51.55200000000002,49.91920864714673,21.0
-1,-88.51335580361399,17.822273226851834,44.0,52.03200000000001,36.48135580361399,18.0
-1,-88.16439749588679,19.946347425925893,48.0,44.54400000000001,43.62039749588679,19.0
-1,-114.03394169510834,21.9961764999999,59.0,62.400000000000034,51.63394169510831,22.0
-1,-114.85663206387385,24.68715681481473,75.0,73.92000000000003,40.9366320638738,18.0
-1,-89.72793061631367,15.523715740740704,41.0,57.696000000000026,32.031930616313645,17.0
-1,-105.59653547198111,17.36781724999997,41.0,46.36800000000001,59.228535471981104,22.0
-1,-91.36931773062186,16.072525736111114,32.0,36.288,55.081317730621855,21.0
-1,-113.3513484019461,20.02915692129622,58.0,66.62400000000002,46.72734840194608,20.0
-1,-97.1837475914006,16.232971731481445,44.0,47.808000000000014,49.37574759140057,21.0
-1,-129.9458021522532,19.30825270370361,60.0,67.68000000000004,62.265802152253166,23.0
-1,-77.95335101785832,16.910275287037013,43.0,43.58400000000001,34.369351017858314,17.0
-1,-101.27436414777743,16.06068350925923,47.0,44.256000000000014,57.01836414777743,24.0
-1,-86.87021156621434,22.51084405092587,51.0,54.52800000000002,32.34221156621432,17.0
-1,-100.90984499992592,13.002221319444455,41.0,49.15200000000001,51.75784499992592,25.0
-1,-104.41413550449197,17.410353421296264,47.0,49.34400000000002,55.07013550449193,23.0
-1,-103.42628233103304,15.723501907407403,46.0,47.61600000000001,55.81028233103302,23.0
-1,-88.81978850263835,13.181481189814816,37.0,36.48000000000001,52.33978850263834,25.0
-1,-95.31700630253631,20.494576361111047,50.0,52.89600000000003,42.4210063025363,20.0
-1,-108.0307425513759,16.431911902777756,57.0,55.776000000000025,52.25474255137587,23.0
-1,-94.38242440337204,18.120897962962943,48.0,46.56000000000002,47.822424403372,23.0
-1,-82.34918963777594,21.884629898148116,54.0,49.536000000000016,32.81318963777591,19.0
-1,-88.69990359101223,20.986699819444368,47.0,50.11200000000002,38.58790359101221,21.0
-1,-98.8144055537287,18.80508191203701,48.0,54.14400000000003,44.670405553728685,20.0
-1,-118.808630828355,15.021031481481469,60.0,79.00800000000004,39.800630828354976,20.0
-1,-124.09214653545672,17.57804497685181,63.0,71.13600000000004,52.95614653545668,22.0
-1,-84.85041002247624,23.754039092592564,56.0,48.19200000000002,36.65841002247622,16.0
-1,-89.28137133964616,16.782331967592565,46.0,54.52800000000002,34.75337133964614,16.0
-1,-94.39681887962789,15.130887092592564,41.0,49.82400000000002,44.57281887962785,25.0
-1,-117.13937666148826,18.29315754166662,54.0,63.74400000000004,53.39537666148823,23.0
-1,-131.2762622650689,18.266422115740664,53.0,69.12000000000003,62.15626226506886,25.0
-1,-114.70289927247816,17.344647939814763,57.0,58.46400000000003,56.23889927247812,24.0
-1,-101.99662284121138,18.32715262037034,45.0,47.42400000000002,54.57262284121136,22.0
-1,-75.26931106281678,10.986754513888904,29.0,27.552000000000003,47.71731106281678,25.0
-1,-88.944215982411,17.48653774537034,41.0,43.29600000000001,45.64821598241099,25.0
-1,-83.12593481275258,23.6852475092592,50.0,47.90400000000002,35.22193481275256,18.0
-1,-81.95582941639574,14.68790700462963,39.0,37.344,44.611829416395736,23.0
-1,-103.67039147469244,15.317926129629626,52.0,60.86400000000001,42.80639147469245,19.0
-1,-106.92328973964034,23.688081069444365,70.0,67.39200000000004,39.5312897396403,18.0
-1,-97.49621030167904,17.69721270370368,48.0,45.216000000000015,52.28021030167901,23.0
-1,-113.54932130555774,23.704044106481412,56.0,62.49600000000004,51.0533213055577,19.0
-1,-83.93445235848415,16.437484550925912,43.0,45.88800000000001,38.04645235848414,19.0
-1,-103.2816026656221,24.02712847222211,55.0,57.02400000000002,46.25760266562208,19.0
-1,-89.25414570746196,17.11120764814812,35.0,37.536,51.71814570746196,21.0
-1,-111.5912894857249,13.60548131944444,45.0,58.94400000000003,52.64728948572487,24.0
-1,-126.1679366542986,17.627335717592537,52.0,61.44000000000003,64.72793665429856,25.0
-1,-93.21034295998084,18.102730587962935,42.0,50.40000000000001,42.81034295998083,22.0
-1,-101.29665084696823,27.136516546296217,56.0,55.58400000000003,45.712650846968224,18.0
-1,-135.1846187544857,18.59252364814808,68.0,80.16000000000004,55.02461875448567,24.0
-1,-100.95973452036056,21.00321776388883,58.0,62.01600000000003,38.94373452036054,19.0
-1,-100.81668024906332,13.907367537037016,44.0,52.99200000000002,47.8246802490633,24.0
-1,-96.3582457252547,15.764887333333329,47.0,47.13600000000002,49.22224572525468,23.0
-1,-93.46117556711576,21.226382347222184,57.0,56.44800000000003,37.01317556711573,19.0
-1,-101.915577015428,12.874750597222212,40.0,52.992000000000026,48.92357701542799,22.0
-1,-92.10508717314454,24.469090925925897,54.0,60.57600000000003,31.52908717314452,18.0
-1,-99.5432843790364,18.52302342592588,46.0,60.096000000000025,39.44728437903639,20.0
-1,-103.3697679584864,17.565319379629567,55.0,64.22400000000002,39.14576795848637,24.0
-1,-104.90309252689909,20.414461986111064,51.0,54.33600000000002,50.56709252689907,20.0
-1,-96.5551132033886,25.433509314814746,62.0,59.04000000000004,37.51511320338857,18.0
-1,-97.7711834865924,21.225166532407364,45.0,52.03200000000002,45.73918348659239,22.0
-1,-91.93622460342698,18.47287755555552,44.0,45.984000000000016,45.95222460342697,22.0
-1,-88.5087358747011,21.331908180555462,52.0,59.04000000000003,29.468735874701075,19.0
-1,-99.8945871343998,20.73348767592584,54.0,60.096000000000025,39.79858713439977,17.0
-1,-102.81801624972624,24.01893627777773,66.0,63.07200000000004,39.7460162497262,17.0
-1,-104.84340848104168,18.8553280092592,69.0,69.69600000000003,35.14740848104165,21.0
-1,-91.31535467001636,13.309742430555549,40.0,50.40000000000001,40.91535467001635,22.0
-1,-88.22681244973042,18.21681620833329,51.0,52.99200000000002,35.2348124497304,18.0
-1,-99.27470513637442,18.283110046296287,49.0,50.11200000000002,49.162705136374406,22.0
-1,-89.9472174210517,23.04810702314809,55.0,50.68800000000003,39.25921742105167,20.0
-1,-87.08180740126251,12.547472504629642,36.0,43.680000000000014,43.401807401262495,21.0
-1,-85.95619387152959,16.03669540740739,50.0,52.800000000000026,33.156193871529574,20.0
-1,-82.22786245989896,18.50355364351853,51.0,50.68800000000002,31.539862459898945,18.0
-1,-82.34580379140148,11.96515280555556,36.0,34.464000000000006,47.881803791401474,24.0
-1,-96.43640522896814,17.02918543981476,49.0,55.58400000000002,40.85240522896813,20.0
