-1,-1344.135985199408,224.27304737037085,682.0,653.3759999999976,690.7599851994104,27.0
-1,-512.8514002331738,47.45220202314817,368.0,388.7999999999993,124.05140023317448,16.0
-1,-422.48334710869534,41.970659398148165,291.0,273.408,149.07534710869538,19.0
-1,-533.5326235931442,36.18738042592596,414.0,424.9919999999991,108.54062359314511,18.0
-1,-452.8578989596557,25.7053648148148,395.0,427.3919999999986,25.46589895965701,11.0
-1,-550.6201501878639,34.81217074537041,417.0,458.8799999999986,91.7401501878654,17.0
-1,-522.0797871702339,37.1198380277778,416.0,419.5199999999992,102.55978717023466,15.0
-1,-426.2277544779807,40.626845847222256,362.0,381.8879999999993,44.339754477981366,16.0
-1,-508.07079284487503,25.355786865740725,423.0,476.6399999999984,31.430792844876617,13.0
-1,-498.62891857252646,23.107229050925906,428.0,474.8159999999985,23.812918572527952,14.0
-1,-522.8259634266274,42.9003455787038,431.0,445.15199999999896,77.67396342662838,14.0
-1,-588.0692503180741,37.2220653055556,468.0,530.207999999998,57.86125031807605,10.0
-1,-399.3254229428792,29.43249145833332,337.0,364.1279999999994,35.19742294287985,13.0
-1,-479.0208811126525,20.33804119907408,433.0,458.4959999999986,20.52488111265389,12.0
-1,-495.8409684717323,28.1699236851852,471.0,473.85599999999846,21.984968471733865,11.0
-1,-453.2221088611488,30.98966187962959,410.0,425.18399999999855,28.038108861150217,11.0
-1,-447.0225837902769,34.06448377777776,392.0,416.4479999999989,30.574583790277984,12.0
-1,-390.7790282360103,40.10900635185181,346.0,330.0479999999996,60.73102823601069,18.0
-1,-516.0837950617959,31.655812120370364,480.0,481.3439999999985,34.73979506179729,13.0
-1,-453.3941048993461,26.83611143518513,403.0,439.1999999999989,14.194104899347243,7.0
-1,-390.0521209339401,25.08262659259258,373.0,372.2879999999993,17.764120933940816,11.0
-1,-403.3678814110026,31.07725772222221,323.0,355.77599999999927,47.59188141100331,15.0
-1,-299.6102718753992,24.774040499999984,245.0,261.6,38.01027187539914,19.0
-1,-429.3216975568827,29.28304849537038,385.0,407.5199999999989,21.8016975568839,12.0
-1,-301.6475293067969,23.44058454166665,268.0,268.2240000000001,33.4235293067968,16.0
-1,-377.3068379649504,33.36071034722221,350.0,358.27199999999937,19.03483796495107,9.0
-1,-348.26730680999634,27.70045388888888,324.0,316.51199999999955,31.75530680999682,16.0
-1,-473.51144940889225,27.67938969907408,412.0,450.1439999999984,23.36744940889389,12.0
-1,-315.0537001882878,26.58473075462964,267.0,278.2079999999999,36.84570018828788,16.0
-1,-356.8611644283027,26.679841898148148,312.0,335.1359999999994,21.72516442830327,12.0
-1,-286.1810560405197,36.06382332407406,212.0,219.1680000000001,67.01305604051964,23.0
-1,-345.30325370196,22.58774594907408,293.0,312.6719999999995,32.631253701960446,15.0
-1,-298.1105256008427,26.72139875462962,264.0,265.34399999999994,32.76652560084281,15.0
-1,-398.38200496145294,21.375653046296307,344.0,379.39199999999886,18.990004961454048,10.0
-1,-283.4512850897861,24.994855185185173,232.0,253.72800000000004,29.72328508978612,15.0
-1,-298.0611622879238,26.67898357407406,235.0,260.256,37.80516228792384,16.0
-1,-261.38180797497847,26.61674774999997,229.0,221.56800000000013,39.81380797497834,17.0
-1,-252.6798672227657,26.35472328240741,223.0,208.89600000000016,43.78386722276556,16.0
-1,-283.512008142877,41.78761885185187,231.0,210.72,72.79200814287701,20.0
-1,-295.2252049982108,27.4543171203704,239.0,260.44799999999987,34.77720499821097,15.0
-1,-206.3167350634401,19.765030981481495,170.0,163.00799999999995,43.30873506344014,19.0
-1,-293.2600908906181,41.95612346759256,241.0,230.0160000000002,63.24409089061788,16.0
-1,-216.9247958497708,25.45534707870373,182.0,172.99199999999993,43.932795849770855,18.0
-1,-290.9388422019426,36.29067141203708,242.0,254.88,36.05884220194263,14.0
-1,-248.97360938376423,32.80092436574075,181.0,169.92000000000004,79.05360938376418,20.0
-1,-273.8137610743092,27.862368287036997,227.0,227.04,46.77376107430917,20.0
-1,-271.8041914557053,39.25326644907416,219.0,205.4400000000001,66.36419145570514,21.0
-1,-226.4878194234373,33.04197103703705,202.0,190.368,36.11981942343733,14.0
-1,-255.13957574814816,23.253714046296288,176.0,191.808,63.331575748148126,23.0
-1,-262.7920100899519,40.799296824074105,198.0,193.824,68.96801008995189,22.0
-1,-236.83537663648423,30.57082718981483,187.0,189.7920000000001,47.04337663648415,16.0
-1,-227.37595463532165,23.621934222222222,153.0,168.768,58.60795463532163,22.0
-1,-281.7427929005735,34.744216064814864,246.0,246.0480000000001,35.694792900573354,15.0
-1,-308.0151544856931,32.58275411111108,238.0,259.39200000000005,48.62315448569304,15.0
-1,-256.05662424721123,40.01680260185192,195.0,184.22400000000016,71.83262424721106,19.0
-1,-297.6483038507926,38.648088162037006,206.0,221.3760000000001,76.27230385079257,21.0
-1,-253.9953883211418,41.815207916666616,205.0,188.92800000000005,65.06738832114178,21.0
-1,-224.4913257019181,30.6887070925926,174.0,170.6880000000001,53.80332570191799,19.0
-1,-242.277962356976,37.641967138888965,180.0,184.3200000000001,57.95796235697588,18.0
-1,-243.2416070619616,25.76961575,183.0,191.8080000000001,51.43360706196143,19.0
-1,-197.31767004768776,33.31726962037041,184.0,159.07200000000006,38.2456700476877,14.0
-1,-214.0560758033488,35.5752738101852,162.0,143.616,70.44007580334876,17.0
-1,-205.35689683303465,36.44626559722223,159.0,151.10399999999998,54.25289683303463,17.0
-1,-223.2442054123188,29.446155277777773,153.0,162.72000000000003,60.524205412318736,19.0
-1,-281.567714840583,46.99483802314816,240.0,223.6800000000001,57.88771484058292,16.0
-1,-227.9231836787396,32.03615600462966,154.0,154.46400000000017,73.4591836787394,16.0
-1,-203.54529726128067,29.681589986111096,159.0,144.67200000000005,58.87329726128064,21.0
-1,-218.74534839304036,28.792783671296284,182.0,178.17600000000002,40.56934839304033,17.0
-1,-168.32389638348596,24.17021586574078,116.0,114.33600000000004,53.987896383485925,20.0
-1,-197.72441673704424,27.121017277777774,134.0,124.512,73.21241673704424,21.0
-1,-208.26015972405,42.268206087962966,154.0,130.65600000000006,77.60415972404991,20.0
-1,-192.7071275080404,43.341279995370414,140.0,102.72,89.9871275080404,20.0
-1,-278.0221415505606,38.67405268055555,208.0,213.12000000000012,64.90214155056047,18.0
-1,-243.3500631328373,31.310675592592588,192.0,205.344,38.00606313283734,16.0
-1,-224.9949212452656,28.71733257870372,159.0,176.25600000000009,48.7389212452655,17.0
-1,-199.44319385984653,33.512434277777785,121.0,112.99200000000006,86.45119385984648,21.0
-1,-183.1978544934958,44.80961831944447,133.0,91.87200000000006,91.32585449349575,21.0
-1,-240.04838120349984,44.148874689814825,164.0,151.0080000000001,89.04038120349973,22.0
-1,-193.30047529603823,36.72497021296303,161.0,130.46399999999997,62.83647529603827,16.0
-1,-174.112974135298,24.84285371296297,88.0,84.00000000000003,90.11297413529796,26.0
-1,-201.44829610146496,38.43170234259257,142.0,125.47200000000004,75.97629610146491,16.0
-1,-210.8095977826873,29.60785392129632,144.0,142.272,68.53759778268731,25.0
-1,-233.5764226164285,49.497370763888895,144.0,121.15200000000002,112.42442261642849,23.0
-1,-239.7180210360685,29.189917513888894,176.0,195.26400000000007,44.454021036068426,18.0
-1,-220.93614421116496,40.634817824074126,154.0,139.10400000000007,81.83214421116487,20.0
-1,-234.95815424097597,48.95934982407404,130.0,102.62399999999997,132.33415424097598,26.0
-1,-197.27326520190272,34.8371716111111,143.0,139.00800000000004,58.26526520190268,21.0
-1,-184.4875832864804,35.4051091388889,114.0,95.61600000000006,88.87158328648032,21.0
-1,-191.9727706728077,26.784673907407395,135.0,137.1840000000001,54.788770672807615,20.0
-1,-189.76117027660257,31.97693193981483,160.0,151.68000000000004,38.08117027660252,15.0
-1,-214.71652287781,33.92679121759261,158.0,153.69600000000003,61.020522877809945,21.0
-1,-208.2879824762258,28.30225785185184,153.0,158.20800000000006,50.079982476225744,19.0
-1,-205.147697499422,37.88169159259254,163.0,144.19200000000004,60.95569749942196,17.0
-1,-237.51637922817972,38.18254554166665,144.0,119.03999999999998,118.47637922817977,22.0
-1,-206.74879569899556,29.99866299999996,150.0,146.7840000000001,59.96479569899544,21.0
-1,-213.73484442490005,37.95733875925925,121.0,109.24800000000003,104.4868444249,24.0
-1,-163.89579544213746,24.911840046296284,96.0,86.592,77.30379544213747,21.0
-1,-226.8948291519872,50.72838071296297,112.0,72.38400000000001,154.5108291519872,25.0
-1,-186.2489283970624,35.980531412037024,137.0,124.03200000000004,62.21692839706233,20.0
-1,-194.22885267278517,30.578449370370333,109.0,92.544,101.68485267278513,22.0
-1,-211.5767752052236,41.47709817592595,127.0,108.19200000000004,103.38477520522352,20.0
-1,-205.30004713069948,56.67047540277785,141.0,93.59999999999997,111.70004713069952,23.0
-1,-165.48392537498776,37.83953192129633,118.0,103.20000000000005,62.28392537498772,17.0
-1,-269.514681257608,64.10047259722226,155.0,100.99200000000005,168.52268125760796,21.0
-1,-187.20447619194044,26.048840083333328,100.0,111.84000000000007,75.36447619194035,24.0
-1,-251.4456190212789,43.850181657407454,172.0,173.28000000000014,78.16561902127874,20.0
-1,-211.58166954459384,52.18151485185192,142.0,108.76800000000004,102.8136695445938,21.0
-1,-241.23281258416756,52.887517291666654,118.0,74.112,167.12081258416754,27.0
-1,-201.54313510470124,35.64338741666676,99.0,63.84000000000001,137.70313510470123,23.0
-1,-214.7218963559964,35.385508578703664,139.0,147.26400000000007,67.45789635599634,22.0
-1,-204.96221677821876,30.0433726064815,124.0,126.528,78.43421677821874,23.0
-1,-189.9927745596012,36.659151962962966,112.0,93.21600000000004,96.77677455960114,23.0
-1,-241.208198760072,55.92734568981484,141.0,97.72800000000008,143.48019876007194,20.0
-1,-360.1372264745362,60.63214471759257,149.0,110.68800000000002,249.44922647453615,22.0
-1,-195.48760685942307,42.9065088425926,126.0,111.07200000000005,84.41560685942304,22.0
-1,-221.75265301197297,33.81410188888891,115.0,120.57600000000002,101.17665301197296,24.0
-1,-174.03070368587612,19.93508718981482,90.0,104.256,69.77470368587612,23.0
-1,-208.5281195083919,29.606210662037057,136.0,143.2320000000001,65.2961195083918,20.0
-1,-233.79849841378115,36.5100878287037,182.0,191.2320000000001,42.56649841378099,18.0
-1,-289.7165056306556,51.343116199074124,136.0,129.79200000000003,159.92450563065557,26.0
-1,-244.0256055047213,42.17251254629627,139.0,131.136,112.88960550472132,23.0
-1,-187.5325051191101,32.65185968055554,128.0,112.51200000000009,75.02050511911006,23.0
-1,-190.57750751535653,38.069454092592586,115.0,95.13599999999998,95.44150751535656,25.0
-1,-239.3496796814095,44.74227431944446,137.0,126.04800000000004,113.30167968140944,18.0
-1,-215.34252587219856,48.04443789814813,122.0,83.61599999999997,131.7265258721986,25.0
-1,-181.01370492966905,31.542722995370355,106.0,92.44800000000004,88.56570492966897,20.0
-1,-176.6754491648459,36.567376416666704,101.0,72.768,103.9074491648459,26.0
-1,-177.88514323668429,39.138065236111125,103.0,75.744,102.14114323668429,22.0
-1,-225.81918573679167,43.91675249999999,135.0,115.87200000000004,109.94718573679168,25.0
-1,-181.98558629119728,48.99217327314821,126.0,84.672,97.31358629119728,24.0
-1,-167.91694716723373,27.383862347222266,98.0,93.12000000000003,74.7969471672337,24.0
-1,-190.4348920306793,44.81424969907408,137.0,94.08,96.35489203067932,21.0
-1,-167.69864250428904,29.25850255555556,111.0,95.90400000000002,71.79464250428902,21.0
-1,-185.5120440683613,46.24253590277783,129.0,110.01600000000003,75.49604406836121,19.0
-1,-296.0725441687847,58.90337803703709,133.0,114.91200000000006,181.16054416878464,26.0
-1,-178.67578101660774,31.63731436111111,92.0,81.98400000000004,96.69178101660772,23.0
-1,-207.39059755172616,48.44940584259264,130.0,92.92800000000004,114.46259755172612,22.0
-1,-209.16190201257763,47.217136138888925,126.0,91.776,117.38590201257765,21.0
-1,-204.0668771074193,31.81096906481484,124.0,133.15200000000007,70.91487710741922,22.0
-1,-167.20017968937745,24.55684948148146,120.0,111.36000000000004,55.840179689377415,18.0
-1,-180.4743925767021,27.81280462499997,102.0,91.2,89.27439257670213,24.0
-1,-199.8399352777444,49.09826287500001,113.0,74.01599999999995,125.82393527774448,27.0
-1,-213.0143207121956,47.327386333333365,139.0,108.48,104.53432071219557,19.0
-1,-217.80960156007652,45.12853829166665,99.0,68.63999999999994,149.1696015600766,26.0
-1,-274.4467606201736,59.45669649074086,124.0,81.79200000000003,192.6547606201736,25.0
-1,-186.9674848602364,46.712641819444535,129.0,104.35200000000002,82.61548486023635,20.0
-1,-145.61652469189653,24.842824379629647,80.0,70.56000000000003,75.05652469189651,25.0
-1,-205.61833575693373,37.261919805555536,91.0,66.71999999999998,138.89833575693373,23.0
-1,-170.3825804545158,37.07099391203709,102.0,87.16799999999999,83.21458045451581,23.0
-1,-201.50803341447656,39.83307297685186,115.0,100.99200000000005,100.51603341447654,25.0
-1,-148.1419408934634,34.918276648148144,101.0,91.48800000000004,56.65394089346339,16.0
-1,-218.3636105176697,52.01640739351853,122.0,79.29600000000003,139.06761051766966,26.0
-1,-214.50098012591397,45.88425217592594,111.0,77.376,137.12498012591394,22.0
-1,-161.96054300591254,28.44465657407408,86.0,71.71199999999999,90.24854300591257,22.0
-1,-187.15147632885413,34.59238390740741,97.0,84.67200000000003,102.47947632885412,24.0
-1,-164.7853292812095,26.732588189814805,108.0,88.608,76.17732928120948,23.0
-1,-205.00248022065773,31.209338564814782,116.0,108.0,97.00248022065772,24.0
-1,-194.19496769082224,37.53991404629633,118.0,101.08800000000004,93.1069676908222,23.0
-1,-221.56095848169448,44.61489465277781,114.0,83.904,137.65695848169446,22.0
-1,-170.82967667768514,40.282177828703695,105.0,74.11200000000001,96.71767667768512,21.0
-1,-175.10755661894592,33.55974193981487,94.0,78.43199999999999,96.67555661894592,22.0
-1,-215.0308754063179,35.610700245370374,113.0,109.63200000000003,105.39887540631786,24.0
-1,-202.37374517728057,43.02134570833337,131.0,117.69600000000004,84.67774517728053,22.0
-1,-198.81650815222804,38.60852302314819,134.0,122.78400000000003,76.032508152228,21.0
-1,-174.5760852471522,38.15882693055556,117.0,93.792,80.78408524715223,21.0
-1,-205.0542930936013,33.1412448379629,111.0,97.53600000000004,107.51829309360129,20.0
-1,-193.83243520973792,52.47698246296298,113.0,80.44799999999996,113.38443520973794,21.0
-1,-188.8494255899329,31.64097894907408,118.0,107.32800000000006,81.52142558993285,20.0
-1,-175.0633185682766,47.83665077777785,125.0,90.14400000000003,84.91931856827658,20.0
-1,-190.7618130152319,46.30477165277777,106.0,69.21600000000001,121.54581301523189,24.0
-1,-192.93175799037425,34.98091795370369,97.0,90.816,102.11575799037422,21.0
-1,-182.68297037743315,40.66341934259268,108.0,94.27200000000002,88.41097037743313,21.0
-1,-283.44204004266464,62.7888503425926,126.0,80.35200000000003,203.09004004266464,24.0
-1,-185.84822359160347,34.2317925740741,120.0,106.27200000000003,79.57622359160344,18.0
-1,-179.25654621409018,40.95242118981479,105.0,68.16,111.09654621409018,23.0
-1,-175.44670111154988,38.83695502314817,100.0,83.42400000000005,92.02270111154984,20.0
-1,-243.542825141162,55.93705698148157,114.0,77.18399999999998,166.358825141162,24.0
-1,-189.50079421918295,32.06873445370369,89.0,74.688,114.81279421918296,23.0
-1,-167.1104547344553,37.760587833333375,97.0,68.25600000000001,98.85445473445527,23.0
-1,-216.86799379791228,53.92508318981493,146.0,114.04800000000004,102.81999379791222,17.0
-1,-228.0184795757208,49.84877233333341,119.0,79.00800000000001,149.0104795757208,24.0
-1,-197.29904986983456,35.89947439351854,91.0,72.86400000000002,124.43504986983451,23.0
-1,-189.04075116495315,49.285418490740746,100.0,63.168,125.87275116495316,24.0
-1,-171.3148149937913,44.25865047222223,132.0,99.26400000000008,72.05081499379122,18.0
-1,-212.1892496022003,41.87887189814818,95.0,71.61599999999999,140.57324960220032,25.0
-1,-150.6046352753484,24.33484788888889,81.0,71.42400000000002,79.18063527534838,23.0
-1,-191.2124079072232,33.30872477314818,112.0,97.056,94.15640790722318,20.0
-1,-137.10915894265077,31.30370100462962,94.0,62.97600000000002,74.13315894265074,21.0
-1,-175.60163546106585,29.304942199074056,102.0,101.18400000000004,74.41763546106577,25.0
-1,-181.31007795094013,33.23817647222226,120.0,107.61600000000004,73.6940779509401,18.0
-1,-196.55403408965697,34.02922391203705,95.0,83.52000000000007,113.03403408965691,22.0
-1,-152.1120940055635,22.16386296759258,81.0,72.38400000000001,79.72809400556349,24.0
-1,-226.80389948396748,51.173893384259294,113.0,80.54400000000001,146.25989948396747,24.0
-1,-196.9398591083814,42.36941831944439,92.0,61.823999999999984,135.1158591083814,24.0
-1,-177.57860780863547,31.595158958333347,79.0,60.57600000000002,117.00260780863545,24.0
-1,-193.1019242488913,42.72245723611116,109.0,74.40000000000002,118.70192424889125,22.0
-1,-215.1391874300017,31.843208847222197,110.0,101.18400000000008,113.95518743000162,22.0
-1,-177.64395095177355,18.813477601851844,118.0,138.04800000000006,39.595950951773496,18.0
-1,-190.8338217423871,41.53513395370366,104.0,79.29600000000002,111.53782174238708,21.0
-1,-180.4906967618018,37.32911975,131.0,112.22400000000002,68.26669676180177,16.0
-1,-191.8625918049268,43.30180178703703,90.0,50.87999999999998,140.9825918049268,23.0
-1,-242.5921116271984,60.75211021759267,117.0,78.43199999999996,164.16011162719843,24.0
-1,-191.6334259569863,43.5929904953704,115.0,82.27200000000003,109.36142595698628,21.0
-1,-200.75429604379144,35.669197083333344,93.0,66.81600000000002,133.93829604379144,23.0
-1,-187.9510032311493,36.58596113888892,110.0,97.24800000000003,90.7030032311492,20.0
-1,-223.10871668165777,51.86451082407414,106.0,75.264,147.8447166816578,22.0
-1,-157.42128471567747,35.01662372222223,96.0,69.792,87.62928471567747,20.0
-1,-193.05598379635205,43.345960018518575,108.0,96.768,96.28798379635204,20.0
-1,-175.60020013219054,31.851042726851848,101.0,86.11200000000004,89.48820013219049,20.0
-1,-225.48378822373468,42.33126487962964,93.0,66.81599999999997,158.6677882237347,25.0
-1,-186.7969897362848,40.87554324074081,110.0,101.37600000000008,85.42098973628468,20.0
-1,-195.44837710744497,34.2782272824074,101.0,102.72000000000004,92.72837710744491,23.0
-1,-204.65071323687437,33.47887568055556,93.0,81.79199999999997,122.85871323687437,27.0
-1,-192.2394290828532,32.07023001388886,84.0,69.21600000000001,123.0234290828532,24.0
-1,-165.2229212898612,37.781102240740736,104.0,81.21600000000004,84.00692128986117,20.0
-1,-181.7324680319313,45.08905952314817,110.0,73.92,107.81246803193132,25.0
-1,-210.1657221338101,35.64492358796297,113.0,95.808,114.35772213381011,21.0
-1,-183.93223200113488,30.113789518518495,101.0,106.65600000000003,77.27623200113484,22.0
-1,-220.0543377780853,51.72021600462976,128.0,96.28799999999998,123.76633777808532,22.0
-1,-176.35737809666054,34.506252171296325,105.0,84.57600000000004,91.7813780966605,22.0
-1,-161.27084127899357,30.188301472222168,80.0,60.960000000000015,100.31084127899356,23.0
-1,-239.10009451003756,43.76297218055551,86.0,52.60800000000001,186.49209451003756,27.0
-1,-161.65025724836272,28.479683282407414,100.0,91.29600000000003,70.35425724836267,20.0
-1,-221.2765201188101,44.04533102314815,122.0,112.80000000000004,108.4765201188101,24.0
-1,-166.02590159482563,31.7316142222222,80.0,67.392,98.63390159482564,25.0
-1,-201.90681653740572,38.03890752314813,123.0,113.472,88.43481653740575,22.0
-1,-196.81216266780885,35.99577286574076,78.0,52.03200000000001,144.78016266780884,26.0
-1,-160.59341339506315,27.085922763888885,69.0,57.696000000000005,102.89741339506314,25.0
-1,-174.69811387205243,28.6715542962963,112.0,108.19200000000008,66.50611387205237,21.0
-1,-187.49945927452413,40.98087178240742,94.0,70.08,117.41945927452412,22.0
-1,-190.97697817300048,30.016662018518545,96.0,95.04,95.93697817300048,23.0
-1,-204.20457779844972,40.56232480092589,82.0,63.74400000000002,140.46057779844972,26.0
-1,-180.9984575725518,30.441893773148134,81.0,72.67200000000001,108.3264575725518,23.0
-1,-148.79954793054404,27.26648835648149,88.0,74.976,73.82354793054404,21.0
-1,-184.77746453586929,39.39971054166668,108.0,81.408,103.3694645358693,22.0
-1,-159.96786592378544,34.37668934259262,81.0,67.48800000000001,92.4798659237854,22.0
-1,-169.60397054283465,36.08509266203704,88.0,63.36000000000002,106.24397054283462,23.0
-1,-175.49194042624958,34.551917291666705,115.0,108.48000000000005,67.01194042624957,20.0
-1,-188.1623149842025,27.999973361111124,90.0,93.40800000000004,94.75431498420248,24.0
-1,-171.8269169343709,29.63946190740744,98.0,85.44000000000005,86.38691693437084,21.0
-1,-166.5829305851992,28.337517865740743,99.0,116.35200000000005,50.230930585199154,20.0
-1,-169.8588617772681,43.22866150462965,106.0,76.12800000000001,93.73086177726807,22.0
-1,-151.61997001003562,38.84112023611114,112.0,74.39999999999999,77.21997001003564,21.0
-1,-218.9781666665164,54.98838081481483,107.0,69.02399999999997,149.95416666651644,22.0
-1,-233.09135179303584,51.287962185185215,111.0,79.48800000000003,153.6033517930358,26.0
-1,-147.50894905606285,25.65109743518515,74.0,85.63200000000005,61.87694905606279,21.0
-1,-160.4926913311233,28.0940945601852,71.0,67.68,92.81269133112328,23.0
-1,-174.74112532124803,26.59778775462958,78.0,68.256,106.48512532124802,24.0
-1,-161.08899346905758,32.685533097222184,91.0,76.03200000000001,85.05699346905757,24.0
-1,-164.0427706245415,26.35375711574074,82.0,71.904,92.13877062454152,23.0
-1,-168.0859108636268,40.7721557453704,104.0,73.05600000000004,95.02991086362675,22.0
-1,-136.0098198712046,25.792979986111103,95.0,73.82400000000001,62.18581987120458,22.0
-1,-168.25350168327034,27.13034312037038,107.0,105.88800000000002,62.36550168327033,22.0
-1,-178.0161399360127,35.39264068518513,99.0,92.92800000000004,85.08813993601265,25.0
-1,-169.16313084669142,46.33739411574078,118.0,88.12800000000001,81.0351308466914,18.0
-1,-206.80419254845825,40.833855129629605,111.0,97.82400000000008,108.98019254845812,25.0
-1,-185.4121852337472,34.87534940740741,91.0,82.65600000000002,102.7561852337472,22.0
-1,-124.30658348340386,22.435803745370357,65.0,49.82400000000001,74.48258348340384,26.0
-1,-255.9520708702078,57.84345335185194,102.0,50.68799999999996,205.26407087020783,28.0
-1,-169.45215537997927,38.1767363287037,105.0,76.608,92.84415537997928,22.0
-1,-190.66452700418145,23.988508305555527,117.0,123.93600000000004,66.72852700418139,23.0
-1,-209.7622946323549,37.09704528240732,113.0,105.98400000000002,103.77829463235489,21.0
-1,-204.1917302116053,39.65109238425926,101.0,79.20000000000002,124.99173021160524,22.0
-1,-177.39516665521276,36.82317089351856,88.0,69.60000000000002,107.79516665521274,22.0
-1,-167.56290499460886,32.69192151851855,105.0,103.29600000000003,64.26690499460881,22.0
-1,-137.52532208332602,28.42119566666665,78.0,63.45600000000002,74.06932208332599,22.0
-1,-233.02954423459775,55.20850494444449,122.0,98.88000000000004,134.14954423459773,21.0
-1,-172.89039378913935,40.56991791666666,137.0,129.79200000000003,43.09839378913934,13.0
-1,-159.4871505698065,28.1311905972222,83.0,84.96000000000004,74.52715056980645,25.0
-1,-169.41570700307034,29.86622500462962,90.0,82.17600000000003,87.23970700307031,22.0
-1,-177.0537027220879,33.75763280555558,110.0,92.06400000000006,84.98970272208786,23.0
-1,-146.2248365113319,34.0870328518519,87.0,70.176,76.04883651133188,22.0
-1,-183.47830257824137,36.63390506481485,115.0,101.76000000000002,81.71830257824136,24.0
-1,-174.28628263445967,26.8317151111111,99.0,104.35200000000006,69.93428263445962,20.0
-1,-151.98775949161686,43.41962829166677,112.0,91.77600000000004,60.21175949161682,16.0
-1,-182.48312345716977,39.84919449074074,93.0,69.024,113.45912345716977,25.0
-1,-211.5268377321915,40.90188873611111,123.0,108.86400000000005,102.66283773219146,21.0
-1,-172.96584929267934,35.08464676851852,108.0,100.03200000000004,72.93384929267928,23.0
-1,-189.41525823199183,40.60784202777779,99.0,92.83200000000002,96.58325823199183,20.0
-1,-140.2394575040978,22.038334865740744,77.0,76.03200000000004,64.20745750409775,23.0
-1,-235.66646051990315,44.47619953703703,97.0,64.128,171.53846051990314,23.0
-1,-154.82665232491786,29.93151425462968,73.0,52.99200000000001,101.83465232491784,24.0
-1,-174.36061189145406,33.72129562499999,82.0,65.28,109.08061189145404,24.0
-1,-196.5871010422373,29.72377578240737,87.0,96.09600000000005,100.49110104223725,26.0
-1,-186.54985293575623,25.824125685185194,120.0,122.68800000000007,63.86185293575616,22.0
-1,-139.22146003699535,26.87505816666665,72.0,50.68800000000002,88.53346003699534,23.0
-1,-153.37019294985055,33.01375737500003,112.0,99.16800000000003,54.2021929498505,21.0
-1,-159.97928067770556,41.61190660185185,118.0,86.976,73.00328067770556,19.0
-1,-149.44221610913854,29.339362560185187,77.0,68.35200000000002,81.09021610913854,23.0
-1,-149.5749078109531,34.96263471296301,90.0,73.34400000000005,76.23090781095306,20.0
-1,-147.13558247542247,33.36528406018519,75.0,44.92799999999999,102.20758247542248,21.0
-1,-138.13807058329616,34.561001726851885,93.0,64.70400000000001,73.43407058329615,19.0
-1,-170.72518092531013,31.92512640277776,99.0,82.27200000000002,88.45318092531011,20.0
-1,-186.60639772337976,43.39478400925931,98.0,75.26400000000001,111.34239772337976,23.0
-1,-161.78865160065104,30.238143847222226,86.0,84.57600000000004,77.212651600651,21.0
-1,-160.83483785338288,27.433837740740746,94.0,89.376,71.45883785338287,24.0
-1,-186.98493243124176,41.27600156018522,101.0,70.656,116.32893243124174,23.0
-1,-168.96572324556035,26.660239310185144,105.0,100.0320000000001,68.93372324556027,26.0
-1,-139.48751217097342,33.213092277777776,94.0,79.20000000000002,60.2875121709734,19.0
-1,-147.0820441598002,27.20043993981481,84.0,85.82400000000004,61.25804415980016,21.0
-1,-154.25885728791275,23.2513633148148,76.0,84.28800000000001,69.97085728791272,22.0
-1,-161.24472611540085,32.555911851851825,94.0,71.23200000000003,90.01272611540084,22.0
-1,-156.63735454921482,35.825663537037045,96.0,86.49600000000002,70.1413545492148,20.0
-1,-148.8337647380878,26.53820643518515,90.0,88.32000000000004,60.51376473808777,20.0
-1,-144.79377085514514,32.23650876388891,82.0,69.12000000000003,75.67377085514511,20.0
-1,-179.67495034017426,45.67026090740743,114.0,78.81600000000003,100.85895034017425,23.0
-1,-167.67079176237684,22.313361944444416,104.0,118.36800000000008,49.30279176237679,20.0
-1,-154.89829680375374,33.81859666666658,96.0,93.02400000000004,61.874296803753694,21.0
-1,-170.2742722651084,36.941470453703765,104.0,84.96000000000006,85.31427226510834,20.0
-1,-150.38019300828,22.147803412037035,75.0,68.64000000000003,81.74019300827996,21.0
-1,-168.78758067270337,32.169231097222216,102.0,92.352,76.43558067270335,22.0
-1,-170.64603216128828,30.609297402777766,108.0,121.15200000000009,49.49403216128819,17.0
-1,-186.87556484766364,29.26545929629631,152.0,153.50400000000005,33.3715648476636,17.0
-1,-144.1328407099841,31.454784388888918,105.0,86.68799999999999,57.44484070998411,21.0
-1,-131.8576384765198,33.97313772685191,87.0,64.80000000000003,67.05763847651977,19.0
-1,-173.77258824728196,32.40343427777777,98.0,82.36800000000004,91.40458824728192,20.0
-1,-136.8887582388689,26.29979439351853,80.0,81.12000000000002,55.768758238868855,16.0
-1,-162.34303302665063,28.90287147685184,84.0,67.00800000000002,95.3350330266506,21.0
-1,-138.19537011831233,38.85246415277782,96.0,68.73600000000002,69.4593701183123,20.0
-1,-138.80731014173924,29.71938771759261,70.0,55.00800000000003,83.79931014173921,23.0
-1,-171.06307315630562,28.36502344907405,111.0,114.62400000000004,56.439073156305554,17.0
-1,-174.7409103428149,39.10978460185184,89.0,68.736,106.00491034281492,22.0
-1,-242.3381926033427,30.62120068981484,96.0,91.48800000000004,150.85019260334266,24.0
-1,-180.50966206292568,25.384386120370355,113.0,110.30400000000004,70.20566206292564,23.0
-1,-169.5960078524601,40.51875604166671,110.0,85.44000000000003,84.15600785246008,20.0
-1,-144.4015629615595,25.96103922685184,82.0,82.75200000000002,61.649562961559525,20.0
-1,-131.44277845322532,30.492577347222216,69.0,40.51199999999999,90.93077845322532,25.0
-1,-153.93531389142652,36.29493979166663,100.0,81.98400000000001,71.9513138914265,21.0
-1,-156.3337543739364,36.22305155555557,101.0,75.07200000000003,81.26175437393636,24.0
-1,-170.25312164933365,24.54262586111108,114.0,110.88000000000004,59.37312164933362,22.0
-1,-181.3262803432234,29.39932064351847,103.0,110.59200000000006,70.73428034322336,22.0
-1,-163.16664393891182,35.403796375000056,83.0,60.28800000000003,102.8786439389118,24.0
-1,-153.67733187084312,34.481260277777785,87.0,72.67200000000004,81.00533187084308,21.0
-1,-131.45166391393883,27.148076583333346,73.0,68.35200000000005,63.09966391393877,19.0
-1,-150.8008952510748,41.0780525324074,129.0,87.26400000000001,63.53689525107479,19.0
-1,-171.49645814696987,29.596160597222223,96.0,94.176,77.32045814696987,20.0
-1,-189.02961919876415,26.087958601851764,122.0,137.18400000000003,51.84561919876413,22.0
-1,-167.99940802612096,33.385440143518544,76.0,60.76800000000002,107.23140802612096,24.0
-1,-168.7731859086199,30.339252921296264,95.0,103.68000000000004,65.09318590861982,21.0
-1,-150.49124891689672,35.83448727314815,95.0,65.28000000000003,85.21124891689668,21.0
-1,-148.7818285614449,35.287677462962975,92.0,73.34400000000002,75.43782856144489,19.0
-1,-141.1629377146228,25.59846567129626,83.0,73.05600000000003,68.10693771462277,23.0
-1,-162.48157607741746,42.13484285185184,89.0,64.03200000000002,98.44957607741742,22.0
-1,-167.82756408131053,28.851508143518515,95.0,97.15200000000006,70.67556408131047,17.0
-1,-178.31553117167016,36.90215033796295,85.0,63.93600000000003,114.37953117167014,25.0
-1,-156.81850045881407,29.434222513888837,99.0,98.496,58.32250045881409,22.0
-1,-135.49480141010338,19.62901654166667,83.0,85.44000000000005,50.05480141010332,22.0
-1,-154.52196365386368,27.024841986111085,103.0,94.27200000000006,60.24996365386361,23.0
-1,-185.4431130790823,21.840051236111105,117.0,148.7040000000001,36.73911307908223,19.0
-1,-147.14593421262123,23.21123967592593,73.0,71.13600000000002,76.00993421262119,21.0
-1,-201.48147670736464,28.24908140740732,136.0,153.6000000000001,47.88147670736456,18.0
-1,-159.05406435363648,28.691488185185182,109.0,92.44800000000004,66.60606435363644,19.0
-1,-138.19453994009217,21.18850871296292,69.0,79.00800000000004,59.18653994009214,23.0
-1,-158.61427919560822,29.12676987499997,124.0,110.68800000000006,47.926279195608174,20.0
-1,-138.6897999452423,35.91817017129627,92.0,64.12800000000003,74.56179994524227,21.0
-1,-149.2592485453698,31.57502482870371,124.0,103.96800000000007,45.29124854536971,18.0
-1,-144.86622828413817,26.47332359259257,106.0,98.20800000000006,46.6582282841381,21.0
-1,-146.3853391828768,29.99348015740738,100.0,91.58400000000005,54.80133918287677,22.0
-1,-176.42151458232365,25.32480114814811,114.0,127.96800000000006,48.45351458232359,18.0
-1,-166.55992199335793,26.40447668981477,123.0,118.46400000000008,48.09592199335788,21.0
-1,-129.35550173320777,33.42628623611118,76.0,55.10400000000001,74.25150173320773,21.0
-1,-135.33832641247943,33.96853392129626,92.0,58.65600000000003,76.6823264124794,24.0
-1,-127.21047455375113,32.73660113425922,81.0,59.52000000000002,67.69047455375109,18.0
-1,-135.266157343671,18.555805328703705,83.0,83.71200000000002,51.55415734367099,24.0
-1,-170.94986881412797,41.44216412962965,111.0,66.14400000000002,104.80586881412796,23.0
-1,-170.14114003796848,46.32881288888896,86.0,43.104,127.03714003796848,23.0
-1,-133.94763065437945,30.491751319444408,83.0,72.76800000000004,61.1796306543794,17.0
-1,-169.6543036975254,19.286509171296267,91.0,112.03200000000008,57.62230369752531,22.0
-1,-126.7829587107138,34.077557685185226,89.0,77.08800000000002,49.69495871071377,19.0
-1,-146.90295726128784,27.366466624999944,97.0,100.60800000000006,46.29495726128776,19.0
-1,-138.47107019093076,28.5113564166666,90.0,86.97600000000003,51.49507019093074,20.0
-1,-190.620031461754,33.353808129629634,132.0,136.03200000000007,54.5880314617539,20.0
-1,-148.6477218108968,28.880125231481447,88.0,92.73600000000006,55.91172181089674,19.0
-1,-148.43634476141295,26.42088329166669,100.0,90.528,57.90834476141293,19.0
-1,-133.4625608498816,23.443669249999967,78.0,72.48000000000003,60.98256084988159,22.0
-1,-156.36796369461143,31.88931901851849,94.0,82.65600000000003,73.7119636946114,21.0
-1,-137.3599219740765,29.049717884259223,92.0,81.31200000000005,56.04792197407645,22.0
-1,-124.25240686280476,16.438847537037024,66.0,70.27200000000003,53.98040686280471,22.0
-1,-137.04523208100778,34.4969510925926,86.0,69.12000000000005,67.92523208100775,18.0
-1,-151.80072917719426,21.456616601851863,112.0,115.00800000000004,36.7927291771942,18.0
-1,-170.72376459406348,36.4361028472222,87.0,67.584,103.13976459406348,21.0
-1,-153.74792316326187,19.366338921296254,56.0,66.62400000000002,87.12392316326184,25.0
-1,-123.2786684968538,21.551126819444438,82.0,82.65600000000005,40.62266849685376,19.0
-1,-117.49573360133216,30.392370240740775,72.0,60.28800000000004,57.20773360133211,18.0
-1,-145.4884485679261,27.804246069444428,85.0,66.52800000000002,78.96044856792608,25.0
-1,-134.93046035068406,19.720012027777752,96.0,97.05600000000004,37.874460350684,16.0
-1,-151.02547150253213,28.53150315740742,75.0,72.28800000000003,78.7374715025321,23.0
-1,-155.4048229228026,24.845074324074048,104.0,110.97600000000008,44.42882292280252,18.0
-1,-136.16008635679682,27.013592000000017,82.0,89.85600000000002,46.30408635679681,16.0
-1,-146.96386647735363,25.128481865740717,77.0,82.65600000000006,64.30786647735356,19.0
-1,-146.21341479794637,29.11245458333329,84.0,86.20800000000004,60.00541479794632,18.0
-1,-123.68263336700076,34.70333397685185,96.0,73.15200000000002,50.53063336700075,18.0
-1,-122.65966137483665,24.93016779166665,90.0,79.77600000000005,42.883661374836585,18.0
-1,-134.78072549919244,23.38527124999997,69.0,64.70400000000001,70.07672549919243,24.0
-1,-157.65655483322013,36.24933418981489,97.0,82.27200000000002,75.38455483322011,19.0
-1,-132.530788108741,23.42833924074072,65.0,59.61600000000003,72.91478810874098,21.0
-1,-156.73783347462964,22.865567365740723,83.0,95.32800000000007,61.40983347462957,18.0
-1,-128.1334614191754,28.073063787037004,87.0,76.80000000000001,51.33346141917539,22.0
-1,-148.99570236077926,24.54246194907403,100.0,99.64800000000004,49.34770236077923,22.0
-1,-150.55541372729346,24.240826282407365,75.0,92.25600000000004,58.2994137272934,21.0
-1,-139.71631204747257,30.344356032407305,86.0,80.35200000000003,59.36431204747253,22.0
-1,-132.21490123315587,23.36313436574072,69.0,71.90400000000002,60.310901233155846,20.0
-1,-144.6622225946199,23.441552773148143,103.0,112.70400000000006,31.95822259461981,15.0
-1,-128.1354026143366,24.42884550925924,90.0,83.13600000000004,44.99940261433656,18.0
-1,-133.24230042074873,36.2049108657408,102.0,78.04800000000004,55.194300420748704,19.0
-1,-127.60283220838517,22.61664727314808,77.0,76.032,51.57083220838516,23.0
-1,-118.8439614158241,21.744296546296248,86.0,74.59200000000001,44.25196141582408,19.0
-1,-119.06750914815711,26.186506097222143,96.0,84.09600000000003,34.97150914815708,19.0
-1,-128.39071203238942,20.12674062037033,68.0,73.44000000000004,54.950712032389376,20.0
-1,-119.55706575855272,24.50121352777776,78.0,65.95200000000003,53.60506575855269,20.0
-1,-130.8338601345643,14.530978365740722,66.0,80.06400000000002,50.76986013456427,23.0
-1,-113.83460334997736,26.721704824074028,84.0,64.51200000000003,49.32260334997732,19.0
-1,-135.1116405683546,19.151433962962923,86.0,93.40800000000004,41.70364056835456,20.0
-1,-167.72522491859203,22.36407148611108,117.0,123.55200000000008,44.17322491859195,20.0
-1,-143.49288136231064,22.30320824074076,85.0,85.82400000000001,57.66888136231062,19.0
-1,-131.24960702471918,21.286188796296283,57.0,53.28000000000002,77.96960702471917,22.0
-1,-114.9759840914842,23.59923532407399,62.0,61.34400000000003,53.63198409148416,22.0
-1,-133.42936813559658,24.00485064351847,64.0,55.58400000000002,77.84536813559656,23.0
-1,-116.46332876976462,24.44864517129623,60.0,55.58400000000002,60.879328769764605,20.0
-1,-124.21655897418636,24.833494907407417,87.0,77.85600000000002,46.36055897418635,18.0
-1,-120.26100559830547,30.43259785185184,92.0,63.55200000000003,56.709005598305446,20.0
-1,-135.16374311902214,16.751760736111123,97.0,102.43200000000004,32.73174311902212,18.0
-1,-149.91987341525726,22.655752574074032,62.0,68.92800000000004,80.99187341525723,24.0
-1,-103.99909678706894,22.451946009259224,60.0,43.10400000000001,60.89509678706892,21.0
-1,-117.17709068891438,21.386773888888857,60.0,55.20000000000003,61.977090688914345,22.0
-1,-117.72453809874888,19.551162939814777,65.0,71.90400000000004,45.82053809874884,20.0
-1,-120.25932258982608,23.21782362962959,75.0,64.80000000000003,55.45932258982606,22.0
-1,-120.04128347023456,33.72365767129632,86.0,70.46400000000001,49.57728347023454,17.0
-1,-161.69656279253735,20.789603203703678,124.0,126.04800000000006,35.64856279253728,17.0
-1,-130.73204811721104,24.94703837962957,75.0,79.10400000000004,51.62804811721101,19.0
-1,-194.7775927548672,20.78838437499997,189.0,176.4479999999999,18.329592754867303,11.0
-1,-140.6133637041235,23.440992699074044,74.0,72.96000000000002,67.65336370412346,19.0
-1,-126.55388366855628,20.547172314814777,94.0,86.30400000000004,40.24988366855623,19.0
-1,-130.4503241536804,25.304775087962938,81.0,60.48000000000002,69.9703241536804,21.0
-1,-133.64766945945985,30.85713906481473,76.0,64.80000000000004,68.8476694594598,20.0
-1,-110.36745480335496,16.450209870370344,66.0,69.98400000000002,40.38345480335496,18.0
-1,-120.14847140229136,19.14933230555556,61.0,59.23200000000004,60.91647140229132,22.0
-1,-107.99002313913172,22.11498677777775,68.0,50.97600000000002,57.01402313913171,20.0
-1,-139.3138013558622,19.70034468518515,61.0,67.58400000000003,71.7298013558622,21.0
-1,-109.97200213866029,16.179954199074096,51.0,43.96800000000001,66.00400213866027,26.0
-1,-118.83971945052356,19.602925731481445,92.0,79.87200000000001,38.967719450523546,19.0
-1,-123.03933775901292,33.217956328703686,93.0,67.96800000000003,55.07133775901288,18.0
-1,-142.78689770755557,23.1167937777777,73.0,74.78400000000003,68.00289770755555,23.0
-1,-125.88992457441388,20.49712306944436,71.0,78.62400000000002,47.26592457441384,19.0
-1,-118.40069928788492,20.52792559259252,65.0,70.46400000000003,47.936699287884885,17.0
-1,-125.71690579676952,16.44787292592593,52.0,58.17600000000002,67.5409057967695,24.0
-1,-112.15315986223236,16.807978185185114,62.0,68.54400000000003,43.60915986223233,21.0
-1,-145.0943461815639,40.32682764351858,70.0,41.76000000000002,103.33434618156387,19.0
-1,-140.07867329327547,22.231593361111067,99.0,95.61600000000004,44.46267329327543,20.0
-1,-108.70836383760556,22.466228500000003,49.0,43.77600000000002,64.93236383760555,17.0
-1,-127.879411454291,29.198662046296214,92.0,85.53600000000003,42.34341145429095,15.0
-1,-143.84110469961226,22.720556611111103,97.0,84.76800000000004,59.07310469961222,22.0
-1,-157.72400895237368,31.72226483333332,108.0,81.21600000000004,76.50800895237364,22.0
-1,-138.4527523119497,18.207940643518462,57.0,63.74400000000002,74.70875231194967,23.0
-1,-143.49559701470474,31.442551731481387,89.0,82.17600000000004,61.31959701470471,21.0
-1,-121.57429213964996,21.432806953703658,73.0,74.30400000000003,47.270292139649925,17.0
-1,-119.68600508232188,24.78343539814811,89.0,70.46400000000003,49.22200508232186,20.0
-1,-125.04644703064088,25.61026081944445,86.0,82.56,42.48644703064087,16.0
-1,-117.90527499313347,20.19729516666665,76.0,82.65600000000002,35.249274993133454,17.0
-1,-146.22359474393352,25.80271695370364,88.0,86.59200000000006,59.63159474393345,22.0
-1,-148.90705121760303,27.61487581944444,89.0,79.39200000000002,69.51505121760304,22.0
-1,-116.3393786457955,15.757056023148143,60.0,52.800000000000026,63.53937864579549,24.0
-1,-322.0514692727527,69.64265240740741,101.0,59.32799999999989,262.7234692727528,24.0
-1,-192.21253693984573,56.1012426712964,85.0,37.824,154.38853693984572,26.0
-1,-161.5260120994432,25.701950453703684,112.0,124.41600000000008,37.11001209944313,14.0
-1,-117.97387136180755,22.435112574074047,65.0,48.19200000000002,69.78187136180753,22.0
-1,-99.8719201202975,18.606598810185183,43.0,41.664000000000016,58.20792012029749,21.0
-1,-107.30173854716952,24.61821684259259,55.0,52.12800000000002,55.1737385471695,19.0
-1,-142.7695572462593,27.12617628703699,73.0,77.76000000000005,65.00955724625926,22.0
-1,-141.54150299886243,18.59292315740733,70.0,73.92000000000004,67.62150299886237,26.0
-1,-186.01253997210563,24.518694754629596,155.0,158.112,27.900539972105648,16.0
-1,-121.37891863013766,15.658885847222214,50.0,61.440000000000026,59.93891863013764,24.0
-1,-149.10442576851966,19.76609283333334,68.0,78.62400000000004,70.48042576851962,24.0
-1,-123.64252264400407,19.85320574999996,58.0,67.10400000000003,56.53852264400405,21.0
-1,-134.22355334551025,20.45930212499998,61.0,69.69600000000003,64.5275533455102,22.0
-1,-110.82350233879734,21.550467560185133,63.0,49.92000000000002,60.90350233879732,24.0
-1,-194.88382696109772,30.037547527777704,95.0,115.58400000000007,79.29982696109768,21.0
-1,-159.0163714623342,21.445087504629548,80.0,99.93600000000006,59.080371462334135,17.0
-1,-145.63358671871885,18.990236009259213,71.0,94.17600000000004,51.45758671871881,18.0
-1,-123.5536140593406,21.85963494907404,51.0,67.77600000000004,55.77761405934055,18.0
-1,-144.37927597972592,17.507503472222194,67.0,89.18400000000004,55.195275979725885,21.0
-1,-153.04208267086574,19.175440115740688,61.0,69.31200000000003,83.73008267086573,25.0
-1,-132.3488620857527,19.89147913888884,102.0,100.41600000000004,31.93286208575266,16.0
-1,-99.296428560461,20.755277226851856,46.0,37.920000000000016,61.37642856046099,22.0
-1,-134.1954071020996,32.286172430555524,91.0,73.44000000000004,60.755407102099575,19.0
-1,-171.86559384042198,21.74758799999991,98.0,116.92800000000008,54.93759384042192,21.0
-1,-144.57558345704112,23.300221708333307,103.0,97.72800000000004,46.84758345704108,21.0
-1,-104.05109562421126,23.896586356481446,54.0,47.616000000000014,56.43509562421125,20.0
-1,-108.30068553532097,20.41535821759256,48.0,48.192000000000014,60.10868553532093,20.0
-1,-109.45853509277056,28.382590745370344,83.0,56.16000000000002,53.29853509277052,19.0
-1,-100.4974723879982,18.71729830555557,57.0,56.73600000000002,43.761472387998175,21.0
-1,-152.824766900709,19.108898143518505,76.0,98.59200000000006,54.23276690070895,20.0
-1,-118.49571428646917,23.98082973611108,50.0,55.00800000000002,63.48771428646913,19.0
-1,-156.7509645097596,23.054346083333275,95.0,94.94400000000005,61.80696450975957,20.0
-1,-146.71241153538492,22.58505569907403,90.0,102.24000000000004,44.47241153538487,19.0
-1,-123.1737332085488,13.17020601851851,62.0,70.56000000000002,52.6137332085488,22.0
-1,-133.468184798403,19.479344824074005,67.0,69.60000000000001,63.86818479840299,25.0
-1,-107.414369512676,21.44144844907402,52.0,50.304000000000016,57.11036951267599,20.0
-1,-126.61688084364644,14.157350976851877,51.0,68.35200000000003,58.2648808436464,23.0
-1,-128.88430663001225,23.36213360648141,72.0,64.12800000000003,64.7563066300122,21.0
-1,-149.05095158350025,21.719181092592542,93.0,112.99200000000006,36.05895158350019,17.0
-1,-150.49806588963742,24.052548078703637,99.0,106.36800000000004,44.13006588963737,18.0
-1,-100.5326489843883,16.52126997685183,52.0,43.584,56.9486489843883,25.0
-1,-137.91576229665463,14.30310915277779,45.0,51.26400000000002,86.65176229665462,26.0
-1,-98.47802919539576,21.71882107407403,53.0,52.224000000000025,46.25402919539574,20.0
-1,-141.1531046512717,19.96765221296293,61.0,65.85600000000002,75.29710465127168,24.0
-1,-185.3488799312956,23.96685191666664,81.0,108.00000000000009,77.3488799312955,23.0
-1,-128.48172273159915,18.256376185185182,97.0,107.71200000000005,20.76972273159912,12.0
-1,-102.87253944068,15.509464384259264,54.0,59.32800000000003,43.54453944067996,17.0
-1,-161.99272251093248,24.47266211111108,72.0,84.28800000000005,77.70472251093243,23.0
-1,-114.81688050598156,18.579342865740717,64.0,59.32800000000003,55.48888050598154,24.0
-1,-109.9547397612208,21.555096726851826,58.0,51.93600000000002,58.01873976122079,19.0
-1,-150.1652422539987,26.13874627314808,106.0,106.65600000000006,43.50924225399866,19.0
-1,-139.12723953177226,26.7513082175926,87.0,79.77600000000001,59.351239531772265,20.0
-1,-157.8430437604975,22.159078407407332,64.0,84.19200000000005,73.65104376049743,22.0
-1,-136.3074257755599,23.03765950925919,63.0,62.68800000000003,73.61942577555986,21.0
-1,-149.91995009867622,33.100939893518515,76.0,67.20000000000003,82.71995009867618,20.0
-1,-111.87557926346976,15.36486305555555,63.0,61.15200000000002,50.72357926346973,20.0
-1,-109.94778216902452,21.82844299999995,66.0,64.80000000000004,45.14778216902448,19.0
-1,-122.49130509967588,17.115545888888867,49.0,53.37600000000002,69.11530509967587,22.0
-1,-122.21380698998678,21.70951001851849,75.0,68.25600000000004,53.95780698998674,22.0
-1,-99.18144156724452,17.98513520833331,43.0,41.95200000000001,57.229441567244514,21.0
-1,-128.9191837657946,27.05115409722219,93.0,86.88000000000002,42.03918376579458,16.0
-1,-118.60079941362338,21.79308035648147,66.0,67.00800000000002,51.59279941362336,18.0
-1,-139.23319268003573,24.785878615740675,75.0,83.04000000000005,56.19319268003568,18.0
-1,-143.4956362191458,23.95670448611104,64.0,67.58400000000002,75.91163621914578,24.0
-1,-136.41393216648925,31.58685050462963,90.0,68.44800000000002,67.96593216648924,22.0
-1,-161.3165149745626,21.208380467592537,82.0,95.23200000000006,66.08451497456255,25.0
-1,-116.4234148999248,25.15630625462962,56.0,54.04800000000003,62.37541489992478,20.0
-1,-137.79551108278298,15.71951806944444,133.0,122.97599999999994,14.819511082783048,10.0
-1,-136.79905920932458,16.77816455555554,73.0,65.95200000000004,70.84705920932454,25.0
-1,-136.29083378115814,25.860074476851796,81.0,71.52000000000004,64.77083378115812,23.0
-1,-243.59359278656936,26.5915381481481,109.0,167.0400000000001,76.55359278656925,21.0
-1,-88.34298267194667,25.269085277777744,61.0,42.72000000000001,45.62298267194666,19.0
-1,-126.58660849713638,20.966166111111075,86.0,77.66400000000002,48.92260849713636,20.0
-1,-121.4266123190859,22.24142537037033,65.0,63.64800000000003,57.778612319085866,20.0
-1,-164.88888299679837,29.45515110185173,84.0,95.71200000000006,69.1768829967983,21.0
-1,-116.63634531208724,20.1798320972222,86.0,86.11200000000005,30.52434531208719,15.0
-1,-125.52645895730456,20.24833199999993,88.0,79.58400000000003,45.94245895730454,22.0
-1,-107.9772385019148,25.716823189814747,72.0,53.47200000000003,54.50523850191476,22.0
-1,-110.61234234580596,22.930218152777776,59.0,47.23200000000002,63.38034234580595,22.0
-1,-125.4773282718846,22.691304916666574,59.0,70.46400000000003,55.01332827188458,22.0
-1,-169.35059589571253,24.49720341666661,106.0,111.36000000000004,57.990595895712495,23.0
-1,-131.16589893235846,26.11164562499995,102.0,87.64800000000002,43.51789893235842,20.0
-1,-119.8448442139225,13.294259495370367,79.0,86.40000000000005,33.444844213922444,19.0
-1,-156.96698827266178,25.84496848148145,102.0,96.384,60.582988272661765,24.0
-1,-131.62574901331553,21.71333374537029,67.0,77.08800000000004,54.53774901331549,18.0
-1,-126.7166393721666,24.782653078703657,69.0,68.64000000000004,58.07663937216656,24.0
-1,-105.55394036614588,18.11063199074073,73.0,60.67200000000002,44.88194036614584,22.0
-1,-128.88414925533252,17.601098231481462,69.0,67.39200000000004,61.49214925533248,25.0
-1,-98.44245554221853,16.550023615740717,46.0,46.36800000000002,52.07445554221849,21.0
-1,-132.48723498409555,24.806893435185096,82.0,69.60000000000004,62.88723498409553,26.0
-1,-158.77824074485318,24.404336564814844,45.0,35.423999999999985,123.3542407448532,25.0
-1,-125.77156052475392,29.07709336574072,106.0,95.23200000000004,30.53956052475388,15.0
-1,-159.39470220080543,20.25170401851844,64.0,82.75200000000005,76.64270220080542,25.0
-1,-120.77708168168576,24.42177767129622,69.0,57.98400000000002,62.79308168168573,24.0
-1,-121.08221798384788,31.079760037037,95.0,65.85600000000002,55.22621798384786,21.0
-1,-121.10926237612732,21.51992956944436,65.0,67.68000000000004,53.42926237612728,20.0
-1,-107.26858573849124,18.587746416666647,52.0,53.08800000000002,54.1805857384912,22.0
-1,-151.9152447604522,17.72379661574073,64.0,82.27200000000005,69.64324476045216,24.0
-1,-145.85151253712974,24.292847879629573,86.0,93.60000000000004,52.2515125371297,18.0
-1,-102.43170709188136,19.914477009259247,48.0,38.49600000000001,63.93570709188134,21.0
-1,-126.24240545574402,19.401663787037013,47.0,56.35200000000002,69.890405455744,22.0
-1,-135.5805093307568,19.779477638888874,111.0,102.81600000000002,32.76450933075679,16.0
-1,-112.70578410880198,25.43101586111107,64.0,63.26400000000004,49.44178410880194,19.0
-1,-134.48712770321038,19.602188620370352,80.0,90.62400000000004,43.86312770321035,21.0
-1,-114.33912598416518,17.20981620833334,63.0,61.344000000000015,52.99512598416516,21.0
-1,-112.36257817969864,26.995410018518506,65.0,58.94400000000003,53.41857817969859,17.0
-1,-114.76407937572522,19.964084986111093,62.0,59.52000000000003,55.24407937572519,21.0
-1,-121.02250078087567,20.60153248611104,60.0,56.83200000000003,64.19050078087564,24.0
-1,-109.6355059969326,16.84415122222224,51.0,44.16000000000001,65.47550599693258,23.0
-1,-151.0894254825248,36.998397023148215,128.0,102.81600000000005,48.27342548252474,20.0
-1,-136.89089703821452,20.968520481481463,100.0,99.74400000000004,37.14689703821449,16.0
-1,-97.4295413559394,18.44582649074072,51.0,45.79200000000001,51.637541355939376,22.0
-1,-135.38767206613716,21.037907152777745,59.0,73.05600000000004,62.33167206613712,20.0
-1,-145.63159820220568,21.08515433333333,60.0,67.39200000000004,78.23959820220564,24.0
-1,-125.84986626673518,18.237735851851827,58.0,65.37600000000003,60.47386626673515,20.0
-1,-278.4935224914807,80.62848126851861,128.0,67.19999999999989,211.2935224914808,23.0
-1,-101.44811445806415,32.06078962962961,69.0,57.98400000000003,43.46411445806415,17.0
-1,-125.5163896648815,23.39005593055549,90.0,74.59200000000003,50.924389664881474,23.0
-1,-104.89549036564186,18.225524537037032,63.0,59.23200000000001,45.66349036564185,20.0
-1,-131.04448016502474,18.381080847222204,54.0,56.92800000000002,74.11648016502471,25.0
-1,-147.40003886070133,16.783513291666633,89.0,110.78400000000003,36.61603886070128,21.0
-1,-126.3496958021473,21.224359518518497,75.0,60.19200000000004,66.15769580214726,23.0
-1,-116.32254659172725,24.48906727777776,64.0,78.81600000000003,37.506546591727215,14.0
-1,-95.61961704566866,24.834725129629653,61.0,49.34400000000002,46.27561704566863,19.0
-1,-111.0628337990625,23.18189541666668,69.0,56.928000000000026,54.13483379906248,19.0
-1,-154.26168865170138,22.81171685648141,65.0,81.98400000000005,72.27768865170134,22.0
-1,-119.85106478527274,23.320461101851865,73.0,82.56000000000004,37.291064785272695,14.0
-1,-126.73878926611285,24.93128765277772,90.0,74.4,52.338789266112826,22.0
-1,-124.28152786711976,28.17271318055549,77.0,68.83200000000002,55.44952786711975,23.0
-1,-120.95342569872808,20.902210999999955,62.0,67.87200000000001,53.08142569872805,19.0
-1,-104.39902745471517,17.94809115740741,76.0,65.18400000000001,39.21502745471516,21.0
-1,-90.8634836418978,21.67636261111106,50.0,45.50400000000001,45.359483641897775,21.0
-1,-133.395784656469,29.819050194444426,86.0,69.79199999999999,63.60378465646901,17.0
-1,-121.20180497528123,22.61562532870366,67.0,71.52000000000002,49.68180497528121,22.0
-1,-117.52408569065278,20.57879818981479,67.0,49.05600000000002,68.46808569065277,25.0
-1,-116.86053414076004,20.905812300925888,70.0,64.80000000000003,52.06053414076002,24.0
-1,-134.58569825829102,21.22828329629622,60.0,66.91200000000002,67.67369825829098,22.0
-1,-97.13606975057176,25.224948342592494,83.0,61.44000000000002,35.696069750571745,18.0
-1,-119.34619031779496,21.58271747685185,83.0,83.13600000000002,36.210190317794925,15.0
-1,-100.49364481047418,21.70639514351846,63.0,56.92800000000001,43.56564481047417,19.0
-1,-101.43104573014614,35.13217588888885,94.0,63.55200000000004,37.879045730146096,16.0
-1,-214.8739676080521,41.31619354166669,69.0,48.38399999999997,166.48996760805215,23.0
-1,-107.48314150984172,23.91243514814814,62.0,57.12000000000003,50.3631415098417,20.0
-1,-141.1727418818225,21.226412078703675,117.0,101.568,39.6047418818225,15.0
-1,-115.60793552999596,20.582825884259226,78.0,70.84800000000001,44.75993552999595,20.0
-1,-142.04548663058847,15.426656481481468,69.0,71.90400000000001,70.14148663058845,27.0
-1,-126.83444053686594,31.42821524074072,78.0,46.752,80.08244053686593,22.0
-1,-140.03295914340657,25.11107370833331,94.0,94.65600000000002,45.37695914340655,20.0
-1,-118.25848928753597,19.47017334722219,49.0,58.08000000000002,60.17848928753593,23.0
-1,-94.99612081420815,18.89561851851849,66.0,57.98400000000003,37.01212081420814,19.0
-1,-111.35093342864376,19.45361434259254,61.0,65.66400000000004,45.68693342864372,23.0
-1,-112.13006560620256,20.032946949074024,52.0,54.33600000000001,57.79406560620254,24.0
-1,-149.6450058437304,16.443522435185155,92.0,112.41600000000004,37.22900584373033,15.0
-1,-112.46796769477088,18.106994995370343,52.0,62.40000000000002,50.067967694770864,20.0
-1,-130.80161426951454,23.79053759259254,67.0,68.73600000000003,62.06561426951451,22.0
-1,-123.57449109799586,20.900099856481454,83.0,81.98400000000004,41.59049109799582,19.0
-1,-98.64595392309336,18.274287060185188,56.0,55.58400000000002,43.06195392309336,19.0
-1,-130.95446258622027,27.325054861111045,93.0,79.68000000000005,51.274462586220224,21.0
-1,-92.35608356076224,17.232149000000007,56.0,49.248000000000026,43.10808356076222,23.0
-1,-117.21246527160748,19.2697747592592,43.0,53.56800000000001,63.644465271607466,22.0
-1,-184.5862414724784,26.03945274537032,89.0,117.50400000000008,67.08224147247832,25.0
-1,-120.2661247669596,35.45940169444437,84.0,70.46400000000003,49.80212476695956,18.0
-1,-135.49726542979164,20.6174141944444,71.0,73.34400000000004,62.1532654297916,25.0
-1,-117.61051478499306,22.15096918518514,65.0,51.74400000000002,65.86651478499303,23.0
-1,-109.57619876495632,24.448338898148076,62.0,47.61600000000001,61.96019876495631,22.0
-1,-121.29167170646524,19.86261403240739,66.0,75.84000000000002,45.45167170646524,22.0
-1,-112.09229935810656,21.88393842592589,61.0,62.49600000000002,49.596299358106535,19.0
-1,-84.10095110282032,15.355192018518524,35.0,36.48,47.62095110282032,23.0
-1,-166.5275419641713,27.55808671759254,94.0,114.81600000000005,51.71154196417123,19.0
-1,-122.01521331968982,29.80582268055551,83.0,84.19200000000002,37.823213319689806,14.0
-1,-107.4709891816336,22.457650833333265,62.0,60.67200000000003,46.798989181633566,21.0
-1,-112.78480226649548,17.541223439814786,80.0,74.30400000000002,38.48080226649547,18.0
-1,-136.9357975283025,24.22435554629625,76.0,75.93600000000004,60.999797528302445,21.0
-1,-147.28507573806016,23.269551175925912,138.0,121.72800000000004,25.557075738060117,15.0
-1,-129.24746625260795,24.30203904629624,82.0,79.00800000000005,50.2394662526079,20.0
-1,-229.1246151885922,77.61312031481481,121.0,47.80799999999993,181.31661518859227,25.0
-1,-116.65419566560064,16.01529542129629,77.0,85.24800000000003,31.406195665600624,13.0
-1,-104.94957531132818,28.10986720833332,89.0,65.95200000000003,38.99757531132816,16.0
-1,-96.92894023058628,20.51925812499996,60.0,42.62400000000001,54.30494023058626,20.0
-1,-119.2155834851149,23.718579662037,55.0,53.76000000000002,65.45558348511489,20.0
-1,-99.3933966088414,9.586867425925936,67.0,69.504,29.889396608841395,17.0
-1,-99.18953796732052,19.012665472222192,58.0,52.60800000000001,46.581537967320514,21.0
-1,-107.44877123545058,19.163236481481466,62.0,69.88800000000002,37.56077123545056,19.0
-1,-115.5129178649194,24.5910683888889,85.0,76.99200000000002,38.52091786491938,15.0
-1,-122.54296657073432,22.18191855555553,72.0,63.55200000000004,58.990966570734265,23.0
-1,-88.69442755388762,15.537749939814825,47.0,49.344000000000015,39.350427553887606,20.0
-1,-109.0303486779229,12.372946351851873,33.0,40.80000000000001,68.23034867792289,23.0
-1,-121.87291739531682,23.29713797685181,66.0,63.74400000000004,58.12891739531679,21.0
-1,-110.40444001653584,10.611449180555578,66.0,72.00000000000003,38.404440016535794,22.0
-1,-114.32354442838928,21.54392347222221,74.0,71.52000000000001,42.80354442838927,19.0
-1,-146.51817775264453,18.381733263888872,56.0,76.51200000000004,70.0061777526445,22.0
-1,-147.73533806585692,19.411199379629583,59.0,77.47200000000004,70.26333806585689,22.0
-1,-107.27203194978888,20.316824388888826,65.0,52.70400000000002,54.56803194978885,24.0
-1,-132.1376108304053,23.10019361111107,58.0,72.76800000000003,59.36961083040523,18.0
-1,-104.7133745794344,25.691946958333265,78.0,63.55200000000003,41.16137457943436,19.0
-1,-123.71792382765892,24.3961365416666,63.0,59.42400000000003,64.29392382765889,21.0
-1,-147.47995389332058,22.613930611111076,97.0,107.52000000000008,39.95995389332051,18.0
-1,-117.4568092666677,31.55846636111108,76.0,58.94400000000003,58.51280926666767,21.0
-1,-125.51958303523276,20.77512437962953,47.0,55.77600000000002,69.74358303523273,23.0
-1,-154.3156927285826,24.45138193981471,94.0,102.72000000000006,51.59569272858254,23.0
-1,-129.50052805795326,19.018301273148104,62.0,67.39200000000002,62.10852805795324,22.0
-1,-123.85461615187504,21.54707062037033,67.0,75.26400000000004,48.59061615187499,20.0
-1,-115.7414833172708,20.88010095370364,54.0,56.928000000000026,58.81348331727077,22.0
-1,-135.22067427339817,26.073185236111044,64.0,73.05600000000004,62.16467427339812,22.0
-1,-127.42791999085507,17.436593009259227,49.0,53.184000000000026,74.24391999085505,26.0
-1,-144.7021339466511,20.66630206944441,62.0,78.24000000000004,66.46213394665105,21.0
-1,-264.83487074730385,68.69752809722222,123.0,75.07199999999996,189.7628707473039,19.0
-1,-111.54762949570902,15.725929277777755,43.0,55.20000000000002,56.347629495709,20.0
-1,-84.46033420252874,22.29074165277776,46.0,36.76800000000001,47.69233420252873,20.0
-1,-168.37913099336325,29.871303097222206,96.0,119.32800000000007,49.05113099336315,17.0
-1,-119.01662115265408,13.960772481481474,66.0,83.80800000000004,35.20862115265404,18.0
-1,-103.37431325418288,14.835890953703734,43.0,48.86400000000002,54.51031325418286,20.0
-1,-103.68943784219776,18.778072893518512,61.0,57.312000000000026,46.37743784219773,19.0
-1,-107.92941339181796,20.342666023148112,70.0,78.52800000000003,29.401413391817925,16.0
-1,-101.02866090847591,22.205724027777727,46.0,41.664000000000016,59.36466090847592,20.0
-1,-118.18327151181076,21.774005407407355,61.0,59.04000000000002,59.14327151181074,19.0
-1,-98.48433453788284,30.334468675925866,93.0,69.31200000000003,29.1723345378828,14.0
-1,-94.33164398009768,18.42382141203704,52.0,58.17600000000002,36.15564398009764,16.0
-1,-125.63832630333864,24.518548240740685,70.0,59.32800000000004,66.3103263033386,22.0
-1,-111.51945136201223,26.4694711759259,61.0,55.39200000000002,56.1274513620122,18.0
-1,-103.69340519088117,21.1661437361111,49.0,60.672000000000025,43.021405190881126,18.0
-1,-113.27627914915864,15.823255337962957,44.0,63.64800000000002,49.62827914915864,22.0
-1,-142.62844910683432,15.436962624999998,87.0,103.48800000000004,39.14044910683429,16.0
-1,-107.4216115331854,20.407728060185125,51.0,55.29600000000003,52.125611533185385,22.0
-1,-91.46858774828398,22.27572648611111,54.0,50.59200000000003,40.87658774828395,17.0
-1,-132.08505097911677,22.476548412036983,62.0,73.72800000000004,58.357050979116735,19.0
-1,-106.09075273916145,24.6984267453703,65.0,57.79200000000003,48.29875273916142,16.0
-1,-142.94608598395504,20.3492739027777,63.0,83.42400000000004,59.522085983955,21.0
-1,-104.38348105230791,22.433337805555517,54.0,60.57600000000004,43.807481052307885,16.0
-1,-113.7301536270363,22.44846730555552,52.0,53.47200000000003,60.25815362703627,20.0
-1,-131.7134465896384,16.673301240740713,47.0,59.61600000000003,72.09744658963837,22.0
-1,-117.47532227490976,22.432756314814785,70.0,61.34400000000003,56.131322274909735,25.0
-1,-101.74081613719224,18.49493885185184,57.0,60.096000000000025,41.64481613719222,18.0
-1,-108.18106288068878,23.9314372731481,57.0,52.800000000000026,55.38106288068875,19.0
-1,-101.14019630210974,16.47239222685185,40.0,44.73600000000001,56.40419630210973,22.0
-1,-122.4008961390189,18.66829860648144,58.0,66.04800000000003,56.35289613901887,24.0
-1,-116.28025239539464,21.189747532407377,71.0,85.34400000000004,30.93625239539461,14.0
-1,-109.40511645827053,14.470455268518515,49.0,61.15200000000003,48.253116458270505,20.0
-1,-108.77992167285844,17.45102203703701,45.0,46.176000000000016,62.60392167285843,24.0
-1,-138.89341583886247,22.41430254166662,57.0,74.97600000000004,63.917415838862425,20.0
-1,-144.27097414812908,29.244131657407326,84.0,79.58400000000005,64.68697414812905,22.0
-1,-95.97828226371732,19.279874023148125,39.0,42.91200000000001,53.0662822637173,18.0
-1,-107.9521292778326,22.337679953703656,68.0,73.24800000000002,34.70412927783258,18.0
-1,-105.21945446145128,17.54213504166664,47.0,60.57600000000001,44.64345446145126,18.0
-1,-108.11733317823746,24.468590574073996,57.0,56.35200000000003,51.76533317823744,19.0
-1,-113.11318667831648,26.102567745370266,57.0,60.38400000000002,52.729186678316445,19.0
-1,-115.7388165996829,19.16248221296295,73.0,76.89600000000004,38.842816599682855,17.0
-1,-108.70511955164544,17.23855029166664,49.0,62.01600000000003,46.68911955164543,21.0
-1,-132.22728856099354,16.364444888888887,62.0,75.45600000000003,56.7712885609935,21.0
-1,-113.9665738911745,23.30610206018514,64.0,61.056000000000026,52.91057389117448,23.0
-1,-132.94425200123652,20.381890662036977,80.0,99.36,33.5842520012365,18.0
-1,-274.1043849606877,50.82382457870376,86.0,62.39999999999994,211.70438496068775,22.0
-1,-100.49294933007036,21.414753569444414,61.0,59.04000000000004,41.45294933007033,19.0
-1,-101.7839700024927,22.4916277731481,60.0,46.08000000000003,55.70397000249267,22.0
-1,-120.54332577058156,18.228026986111065,62.0,69.98400000000002,50.55932577058154,19.0
-1,-89.55016607511041,15.808689254629654,56.0,64.51200000000001,25.0381660751104,14.0
-1,-168.5001359043723,22.11042908333327,88.0,102.14400000000008,66.35613590437222,24.0
-1,-103.49874710293273,14.431214884259258,40.0,55.29600000000001,48.202747102932726,21.0
-1,-114.55468240022836,25.676566282407357,71.0,58.17600000000002,56.37868240022833,20.0
-1,-99.91937975575132,21.358328666666623,59.0,57.79200000000003,42.1273797557513,19.0
-1,-138.56028033279483,20.8181799907407,85.0,90.43200000000004,48.12828033279479,22.0
-1,-136.4630493144329,15.62024504166665,55.0,81.79200000000004,54.67104931443286,22.0
-1,-115.20398380804906,23.731571402777742,63.0,59.23200000000003,55.97198380804903,22.0
-1,-144.13094529974978,21.501273083333302,72.0,81.21600000000005,62.91494529974973,23.0
-1,-106.57704259541114,30.59723191666666,79.0,62.11200000000003,44.46504259541111,16.0
-1,-90.52731240852016,18.71122413888886,41.0,52.60800000000002,37.91931240852016,17.0
-1,-166.11235706428306,24.01632798148144,76.0,107.71200000000007,58.400357064283,19.0
-1,-115.47567672202943,26.134563861111083,62.0,64.60800000000003,50.867676722029415,17.0
-1,-130.25161217993215,19.117209263888853,50.0,70.94400000000003,59.30761217993213,23.0
-1,-101.61146424770332,15.289264138888887,60.0,61.82400000000003,39.7874642477033,19.0
-1,-96.67450860596992,13.982542393518504,46.0,56.25600000000003,40.41850860596991,22.0
-1,-116.61356328790724,23.68228599074069,64.0,72.28800000000004,44.32556328790718,18.0
-1,-98.76935312087292,21.290055513888834,62.0,54.81600000000002,43.9533531208729,23.0
-1,-115.21227250087566,15.843766361111111,49.0,49.056000000000026,66.15627250087563,26.0
-1,-110.89239095337298,20.28442699999996,48.0,55.77600000000003,55.11639095337295,19.0
-1,-124.41317792222198,20.51534051851849,56.0,56.83200000000002,67.58117792222195,22.0
-1,-117.22940378926836,13.475336481481484,51.0,67.39200000000002,49.83740378926835,22.0
-1,-138.0245575383313,25.734984435185144,78.0,74.88000000000004,63.14455753833124,22.0
-1,-111.14016823368364,15.58524490277778,49.0,51.16800000000002,59.97216823368363,22.0
-1,-108.23614450885258,11.720419967592584,54.0,63.93600000000004,44.30014450885254,24.0
-1,-122.644885787546,17.330940944444393,47.0,68.73600000000003,53.90888578754598,18.0
-1,-122.84767393074333,17.06190250462959,56.0,69.60000000000004,53.2476739307433,20.0
-1,-111.74324651288032,18.59319110185181,51.0,63.840000000000025,47.9032465128803,20.0
-1,-102.60640647163594,18.338209856481445,57.0,65.28000000000003,37.32640647163591,20.0
-1,-113.45217818849504,21.46411561111109,66.0,71.04000000000002,42.41217818849502,20.0
-1,-92.85795404413616,19.46050297685184,62.0,55.39200000000002,37.46595404413615,17.0
-1,-112.59049551876797,15.782647013888909,62.0,77.85600000000004,34.73449551876793,16.0
-1,-102.67501468688576,17.55267799074072,61.0,64.89600000000002,37.77901468688573,19.0
-1,-113.07477130923154,17.168110893518545,60.0,60.67200000000003,52.402771309231504,21.0
-1,-109.63235723725089,19.051173587962893,56.0,61.05600000000003,48.576357237250846,23.0
-1,-105.94910323475015,25.367661712962924,65.0,72.86400000000003,33.08510323475012,16.0
-1,-115.0182976435574,13.159186634259267,47.0,51.36000000000002,63.658297643557376,26.0
-1,-99.36635075518468,21.50146205555553,55.0,51.16800000000001,48.19835075518465,21.0
-1,-103.94624646331408,20.48013993055552,52.0,62.40000000000002,41.546246463314056,19.0
-1,-95.45465594253156,21.188444847222165,47.0,48.48000000000002,46.974655942531534,21.0
-1,-120.26736854176256,22.2632660694444,57.0,54.43200000000002,65.83536854176252,22.0
-1,-117.10306552633708,15.177086888888908,52.0,59.42400000000003,57.67906552633704,24.0
-1,-102.77580689811256,17.977823467592582,67.0,67.96800000000003,34.80780689811254,19.0
-1,-85.29482925569083,19.22147325462963,48.0,45.120000000000005,40.17482925569082,18.0
-1,-100.5380517052068,21.249909134259227,54.0,60.672000000000025,39.86605170520677,17.0
-1,-101.72406745778125,18.699846819444424,53.0,53.95200000000002,47.772067457781226,22.0
-1,-113.10538447861576,20.50404266666661,67.0,69.50400000000003,43.60138447861572,22.0
-1,-95.28218997321844,14.750169986111128,50.0,52.896000000000015,42.386189973218414,21.0
-1,-139.47199788197392,20.323687884259183,76.0,75.64800000000002,63.823997881973895,25.0
-1,-86.07670328130185,9.355959657407398,48.0,64.03200000000002,22.044703281301825,15.0
-1,-105.8172459438721,24.097914365740696,67.0,66.43200000000003,39.385245943872064,17.0
-1,-104.2069882489512,18.651784407407384,56.0,62.11200000000003,42.09498824895117,20.0
-1,-114.30034711157867,19.132319388888835,53.0,56.83200000000002,57.468347111578666,23.0
-1,-100.83770040447642,18.64129518518516,53.0,60.48000000000001,40.35770040447641,20.0
-1,-106.69111329556368,22.27755551388883,49.0,54.72000000000002,51.97111329556364,20.0
-1,-104.3151289469412,20.71885862499998,64.0,53.08800000000002,51.22712894694118,20.0
-1,-93.09477655935952,13.93317618055556,37.0,40.41600000000001,52.67877655935952,20.0
-1,-111.08100606176492,16.127931231481444,47.0,65.85600000000002,45.2250060617649,19.0
-1,-161.85075025563185,28.10542473148139,107.0,105.12000000000003,56.73075025563183,22.0
-1,-120.59611938996494,24.84402179166666,77.0,75.45600000000005,45.140119389964894,19.0
-1,-108.36709416429292,16.091048407407413,57.0,56.736000000000026,51.6310941642929,22.0
-1,-115.07243637629772,16.325976763888868,47.0,54.52800000000001,60.5444363762977,23.0
-1,-107.89256885210492,21.062770185185105,49.0,57.312000000000026,50.5805688521049,22.0
-1,-89.72306069097202,14.359627486111096,48.0,68.06400000000002,21.659060690972,12.0
-1,-109.662931548006,17.898323962962937,48.0,53.18400000000002,56.47893154800598,21.0
-1,-117.07471070489484,17.726464666666644,58.0,56.25600000000003,60.818710704894805,25.0
-1,-105.11300871992772,17.922164060185153,54.0,59.712000000000025,45.401008719927695,21.0
-1,-123.66062363348917,21.13948331018516,71.0,60.19200000000004,63.46862363348912,23.0
-1,-112.91410982665418,17.092030287037034,51.0,58.94400000000002,53.97010982665416,21.0
-1,-122.9263796807631,19.09327319907403,56.0,73.15200000000004,49.77437968076306,20.0
-1,-109.2640748852752,23.375399518518503,57.0,52.60800000000001,56.65607488527517,18.0
-1,-185.1876987100105,20.428026356481396,71.0,108.38400000000009,76.80369871001042,23.0
-1,-118.26839923802466,18.777902000000008,63.0,68.35200000000003,49.916399238024624,20.0
-1,-97.71559147129015,17.615497916666662,55.0,48.09600000000001,49.61959147129016,23.0
-1,-125.5899081081543,24.869285675925912,57.0,61.82400000000003,63.765908108154285,21.0
-1,-94.72633696644355,18.582055356481447,45.0,44.256000000000014,50.470336966443554,20.0
-1,-128.85929098264484,20.538911162036968,58.0,68.64000000000003,60.21929098264482,20.0
-1,-139.19013496764754,20.21695211574066,62.0,86.30400000000004,52.886134967647486,23.0
-1,-128.06767217078755,16.167415064814797,53.0,68.25600000000003,59.81167217078752,25.0
-1,-106.41431068519812,17.48922187962959,51.0,54.81600000000002,51.5983106851981,21.0
-1,-118.43927258005044,20.877851337962927,57.0,66.91200000000003,51.52727258005039,21.0
-1,-114.82689107020018,17.933052069444404,50.0,62.40000000000003,52.42689107020015,22.0
-1,-150.75280443884515,22.479979166666595,65.0,75.36000000000004,75.39280443884512,24.0
-1,-116.4691981535516,16.730857074074045,41.0,53.08800000000002,63.381198153551566,22.0
-1,-123.30698155254528,19.285406157407348,58.0,70.17600000000002,53.13098155254525,22.0
-1,-198.0758657477273,22.141068083333284,87.0,123.55200000000008,74.52386574772724,23.0
-1,-117.457473085387,17.23891266203701,56.0,68.06400000000004,49.39347308538697,24.0
-1,-115.99675984830976,16.794332513888858,68.0,82.84800000000004,33.14875984830972,17.0
-1,-154.01590692732162,25.75117284722215,71.0,94.17600000000006,59.83990692732157,20.0
-1,-108.83590676705182,23.18044416666664,60.0,56.92800000000002,51.9079067670518,19.0
-1,-109.73697282744982,18.10610708796292,52.0,59.13600000000002,50.6009728274498,22.0
-1,-112.78072795333716,27.3247450972222,76.0,53.08800000000003,59.69272795333714,21.0
-1,-95.3741830138043,16.32129003703704,43.0,55.968000000000025,39.406183013804274,16.0
-1,-94.1003346183353,21.723748472222177,57.0,52.032000000000025,42.06833461833527,18.0
-1,-108.2221474038934,19.126686412036985,55.0,63.84000000000003,44.38214740389336,22.0
-1,-121.77990320504468,24.87427556944437,82.0,84.28800000000001,37.49190320504468,18.0
-1,-99.55387464773978,19.597981291666624,51.0,52.512000000000015,47.04187464773976,19.0
-1,-101.33754247686262,15.569101615740744,57.0,55.68000000000003,45.6575424768626,22.0
-1,-98.83302523323046,21.919088708333323,52.0,52.22400000000002,46.60902523323044,18.0
-1,-132.03162281135013,14.88710349537036,52.0,69.98400000000004,62.04762281135011,24.0
-1,-141.2617881435324,20.764010120370354,60.0,79.96800000000005,61.29378814353236,21.0
-1,-126.05837108774354,26.58825468055549,95.0,85.63200000000003,40.42637108774351,18.0
-1,-109.41335711053358,18.1904271527778,62.0,69.60000000000002,39.813357110533566,16.0
-1,-104.12178023362532,21.50203786574068,55.0,59.04000000000003,45.08178023362528,20.0
-1,-130.3552457342778,23.6097092453703,57.0,60.28800000000002,70.06724573427776,21.0
-1,-103.29448377002709,17.156224592592576,65.0,64.41600000000003,38.878483770027046,22.0
-1,-97.94539315715562,19.670335546296272,58.0,57.120000000000026,40.82539315715559,20.0
-1,-98.67592134991136,15.498611277777783,43.0,54.81600000000002,43.85992134991135,20.0
-1,-99.52800017923312,21.6871676296296,63.0,57.98400000000003,41.54400017923308,18.0
-1,-95.44117715130083,17.05123815277778,49.0,52.70400000000002,42.737177151300834,23.0
-1,-141.25922474284815,24.86746371296288,64.0,71.80800000000002,69.45122474284813,22.0
-1,-101.9960865574594,18.10924597222222,73.0,74.30400000000002,27.692086557459376,15.0
-1,-118.77386937317635,19.74105351851848,64.0,67.48800000000003,51.28586937317632,22.0
-1,-102.01008531634012,18.342882888888862,49.0,58.75200000000002,43.258085316340086,20.0
-1,-107.63568173314464,21.54660122222223,53.0,62.30400000000003,45.331681733144606,18.0
-1,-100.0397406279002,24.32810768518516,56.0,55.58400000000003,44.45574062790017,18.0
-1,-97.44421035915386,16.18791779166666,54.0,57.21600000000002,40.22821035915384,19.0
-1,-120.83996760108394,21.04927165277777,76.0,77.66400000000004,43.1759676010839,18.0
-1,-91.29131671828192,15.14556343518517,47.0,46.75200000000002,44.53931671828192,22.0
-1,-96.93257481620944,15.7567400462963,58.0,56.640000000000015,40.292574816209424,22.0
-1,-118.68775794052108,23.784244041666604,60.0,57.50400000000002,61.18375794052105,21.0
-1,-138.1565660697754,17.537736018518473,67.0,78.52800000000005,59.62856606977536,24.0
-1,-119.7185708092734,18.65583917592588,49.0,53.184000000000026,66.53457080927336,24.0
-1,-106.0813832823779,16.703760425925918,53.0,56.352000000000025,49.729383282377874,23.0
-1,-93.58381747064948,24.110231305555512,49.0,47.13600000000002,46.447817470649454,20.0
-1,-111.01497982903386,19.87043696296292,64.0,63.74400000000003,47.27097982903384,24.0
-1,-97.97493538476708,23.184699157407373,59.0,55.29600000000003,42.67893538476705,21.0
-1,-96.6675776222155,13.729185555555544,50.0,60.48000000000003,36.18757762221547,17.0
-1,-113.03919473178684,16.678088222222183,55.0,73.53600000000004,39.5031947317868,21.0
-1,-99.37493219526608,17.53121331481482,56.0,58.656000000000034,40.71893219526604,21.0
-1,-123.32147239084333,16.368897532407416,50.0,65.56800000000003,57.753472390843285,21.0
-1,-89.04544704630032,19.08054807407408,46.0,46.94400000000002,42.10144704630032,17.0
-1,-99.7183905738594,24.39879501851845,55.0,53.376000000000026,46.34239057385937,21.0
-1,-135.35527955364773,20.63001807870365,54.0,61.72800000000003,73.6272795536477,22.0
-1,-105.17617124395278,12.293982379629645,42.0,54.81600000000002,50.36017124395277,22.0
-1,-117.95409826247582,17.23866779629625,56.0,70.36800000000004,47.58609826247579,21.0
-1,-106.9820980295595,24.923343111111063,66.0,72.19200000000004,34.79009802955945,18.0
-1,-103.41574340614643,18.301903874999976,54.0,58.46400000000002,44.951743406146434,20.0
-1,-186.2974213366688,21.32701459722216,80.0,113.66400000000009,72.6334213366687,22.0
-1,-90.74392439521134,13.217405476851862,52.0,61.248000000000026,29.495924395211315,16.0
-1,-119.85266385112584,18.23681563425921,69.0,66.72000000000003,53.132663851125805,23.0
-1,-102.11678705640936,25.09263466666667,53.0,55.58400000000002,46.53278705640935,16.0
-1,-81.5510766875003,14.677960166666656,44.0,52.22400000000002,29.32707668750028,14.0
-1,-116.37939546218291,20.3489019444444,70.0,68.64000000000003,47.73939546218289,22.0
-1,-127.22048276785068,18.54773300925924,61.0,79.58400000000005,47.63648276785064,20.0
-1,-153.0588006312388,26.217290990740715,82.0,105.69600000000008,47.362800631238734,18.0
-1,-120.44413729926464,18.043255699074056,68.0,78.91200000000003,41.53213729926459,18.0
-1,-117.80117895123574,17.47481668055553,51.0,52.99200000000002,64.80917895123572,22.0
-1,-104.87835108402447,13.367460768518503,39.0,56.832000000000015,48.04635108402446,22.0
-1,-146.36389859929642,27.36441574537033,81.0,88.80000000000005,57.56389859929635,20.0
-1,-144.91552878230812,27.324118597222142,77.0,91.58400000000005,53.33152878230806,18.0
-1,-135.12902925241946,17.067770064814784,60.0,79.48800000000004,55.64102925241943,23.0
-1,-91.48483469862728,18.18369612962965,53.0,53.280000000000015,38.20483469862727,19.0
-1,-95.55605897088654,17.373312240740734,44.0,48.48000000000002,47.07605897088652,18.0
-1,-100.21029514745102,12.699711967592604,49.0,62.11200000000002,38.098295147451,22.0
-1,-125.75648221294703,20.69805198611104,52.0,62.78400000000002,62.97248221294704,21.0
-1,-98.40210661123244,11.865809388888891,36.0,49.82400000000001,48.57810661123245,23.0
-1,-88.40024752423295,18.40431486111108,46.0,43.20000000000001,45.200247524232935,21.0
-1,-89.10281521805291,12.677885129629647,44.0,44.44800000000001,44.65481521805291,21.0
-1,-100.03498391404167,15.02602531944446,54.0,59.04000000000004,40.99498391404164,20.0
-1,-107.33938851159014,21.039898916666644,58.0,60.96000000000003,46.37938851159012,22.0
-1,-114.85484709232205,15.395839328703694,41.0,58.17600000000003,56.67884709232201,23.0
-1,-123.97166364585294,18.33503960648145,64.0,68.16000000000004,55.811663645852896,22.0
-1,-119.39094085767688,21.532238300925886,64.0,70.84800000000003,48.54294085767684,19.0
-1,-99.85521614453997,11.990801615740754,50.0,52.32000000000002,47.535216144539945,23.0
-1,-138.46277904144665,15.746500944444415,58.0,73.05600000000004,65.4067790414466,26.0
-1,-92.46319411897709,17.17367161111114,45.0,47.32800000000002,45.13519411897706,21.0
-1,-101.020871084212,17.117590578703723,52.0,58.27200000000003,42.74887108421196,20.0
-1,-86.81304691446748,14.459274638888886,47.0,52.60800000000002,34.20504691446746,18.0
-1,-171.95603482078894,18.89739522222217,69.0,102.72000000000006,69.2360348207889,24.0
-1,-102.46962185354106,12.626646504629626,46.0,56.160000000000025,46.30962185354103,21.0
-1,-91.53381872123052,20.14453327777773,46.0,46.94400000000002,44.5898187212305,21.0
-1,-114.8860854492848,20.22698124999997,57.0,60.00000000000004,54.88608544928477,24.0
-1,-103.149277180795,18.36866197222221,53.0,61.05600000000002,42.09327718079497,18.0
-1,-205.1084635799926,44.86790375925927,81.0,51.26399999999995,153.84446357999263,26.0
-1,-87.3285556545413,13.670874134259254,50.0,55.87200000000002,31.45655565454129,19.0
-1,-131.26040569100354,18.689467874999966,62.0,69.69600000000003,61.56440569100353,24.0
-1,-117.84051052685288,21.590925361111044,65.0,61.92000000000003,55.92051052685286,21.0
-1,-108.70487793794408,15.746266513888886,44.0,52.224000000000025,56.48087793794405,22.0
-1,-226.84954913486743,27.80744906944438,118.0,177.02400000000011,49.825549134867344,21.0
-1,-144.8158932493043,30.6624041574074,79.0,89.08800000000005,55.727893249304266,16.0
-1,-118.00274090991692,20.10080799537031,55.0,67.00800000000004,50.994740909916885,21.0
-1,-101.32249227423044,21.01484708333331,57.0,54.14400000000003,47.178492274230415,20.0
-1,-97.15923880429033,22.83188027777775,54.0,58.08000000000003,39.0792388042903,18.0
-1,-109.82613421480164,15.4691789675926,56.0,56.25600000000002,53.57013421480161,23.0
-1,-93.88345751769418,22.92463823148149,62.0,52.608000000000025,41.27545751769416,19.0
-1,-107.40690881036684,24.29950171296293,59.0,57.79200000000002,49.614908810366806,20.0
-1,-104.22550119926927,24.699732638888875,60.0,59.52000000000002,44.70550119926927,18.0
-1,-93.2266212456423,15.612773625000012,48.0,57.31200000000002,35.91462124564229,19.0
-1,-123.23718308768328,13.477059310185211,58.0,69.79200000000003,53.44518308768327,24.0
-1,-102.3224985802204,20.43144740740737,54.0,57.504000000000026,44.81849858022038,18.0
-1,-112.57255455784994,20.361691643518483,54.0,60.00000000000003,52.57255455784992,23.0
-1,-115.05672444496196,26.960310171296253,77.0,67.96800000000003,47.088724444961926,19.0
-1,-169.8078062213949,20.50754487037031,70.0,97.24800000000006,72.55980622139485,23.0
-1,-104.9392671614635,15.72119802777779,58.0,60.86400000000003,44.07526716146348,21.0
-1,-194.0681173489242,24.01909789814806,85.0,128.64000000000007,65.42811734892415,22.0
-1,-243.24149813046404,26.881860481481382,101.0,157.5360000000001,85.70549813046395,26.0
-1,-151.07555832500714,26.26848016203694,79.0,96.19200000000006,54.88355832500709,20.0
-1,-84.71008545810318,14.842017120370366,48.0,51.36000000000002,33.350085458103166,18.0
-1,-104.00801803541732,17.822632189814833,54.0,61.056000000000026,42.9520180354173,19.0
-1,-93.6822353510013,18.08869846296296,53.0,52.22400000000002,41.45823535100128,23.0
-1,-132.335520263544,16.01362207870368,66.0,72.28800000000004,60.04752026354396,25.0
-1,-99.78312845709333,20.919062666666637,57.0,54.048000000000016,45.7351284570933,22.0
-1,-104.08231023381023,20.52671397222218,47.0,54.24000000000002,49.842310233810224,19.0
-1,-102.33666964621182,11.417107004629637,53.0,61.92000000000003,40.41666964621179,19.0
-1,-90.80463170976888,16.251685773148143,49.0,60.960000000000015,29.84463170976885,16.0
-1,-132.77620073514294,25.00948887499998,61.0,53.08800000000002,79.68820073514293,23.0
-1,-131.50995741999083,18.65934373611108,67.0,77.95200000000004,53.55795741999079,25.0
-1,-104.05995122799726,21.472724800925896,62.0,58.08000000000002,45.97995122799725,20.0
-1,-125.390457992044,18.045002930555505,62.0,74.40000000000003,50.99045799204397,23.0
-1,-106.83512958417867,16.758467444444406,51.0,56.73600000000003,50.09912958417864,22.0
-1,-111.65923859229277,15.258060638888908,49.0,62.59200000000002,49.067238592292725,23.0
-1,-95.95681523003071,16.86753064814815,57.0,56.92800000000001,39.0288152300307,17.0
-1,-118.80057576679094,20.797304222222213,61.0,65.08800000000004,53.712575766790906,21.0
-1,-148.37155784078035,17.95839569907404,61.0,79.48800000000004,68.88355784078031,23.0
-1,-123.09377060166472,14.851528907407417,50.0,53.95200000000002,69.14177060166469,24.0
-1,-100.53277500783446,11.80706033796296,48.0,67.96800000000003,32.56477500783442,16.0
-1,-111.10433081638324,15.573938805555564,56.0,58.848000000000006,52.25633081638321,22.0
-1,-102.6688525639232,23.146868106481477,66.0,68.92800000000003,33.74085256392316,16.0
-1,-119.85578383123963,18.69746949074072,55.0,73.44000000000003,46.415783831239615,19.0
-1,-107.02222909438584,15.481015472222222,58.0,63.07200000000004,43.95022909438581,21.0
-1,-96.59267376205328,19.281294592592545,49.0,54.432000000000016,42.160673762053264,20.0
-1,-116.4070723123221,17.865964319444416,51.0,58.56000000000003,57.84707231232206,21.0
-1,-93.61745942278375,12.356586342592609,43.0,54.816,38.801459422783765,20.0
-1,-110.69336925416776,11.292315745370356,53.0,70.84800000000003,39.84536925416772,22.0
-1,-99.2306028687304,20.937233805555557,55.0,52.22400000000002,47.00660286873036,21.0
-1,-114.54061964120557,15.866927472222203,54.0,65.47200000000004,49.06861964120551,25.0
-1,-99.53090080250772,11.79588406481485,46.0,61.152000000000015,38.3789008025077,19.0
-1,-118.91559615180964,23.221907374999937,62.0,59.04000000000004,59.87559615180962,25.0
-1,-128.9064057754664,17.70632049074072,52.0,70.36800000000002,58.53840577546636,23.0
-1,-95.51101004143656,20.69566670833336,54.0,53.56800000000002,41.94301004143653,17.0
-1,-112.05276183754694,19.617229453703672,52.0,61.056000000000026,50.99676183754691,18.0
-1,-125.71615623830664,15.760579115740724,51.0,61.05600000000003,64.66015623830661,25.0
-1,-127.0283130332387,21.926932763888814,62.0,83.71200000000005,43.31631303323866,20.0
-1,-115.0790798751794,17.188675046296243,53.0,60.96000000000003,54.119079875179374,24.0
-1,-109.50594907856193,15.953806847222216,44.0,54.43200000000002,55.073949078561895,21.0
-1,-102.88594406747524,21.598996583333307,49.0,53.66400000000001,49.22194406747524,20.0
-1,-105.11489137818891,23.576968773148096,63.0,62.11200000000003,43.002891378188885,21.0
-1,-245.17719155839225,26.796202240740644,111.0,173.37600000000012,71.80119155839212,21.0
-1,-104.15783447611231,21.68587941666665,52.0,60.576000000000015,43.58183447611231,17.0
-1,-113.21666301705928,21.98385606944439,55.0,58.46400000000003,54.75266301705925,22.0
-1,-123.48071717730238,12.914085967592587,53.0,70.27200000000003,53.208717177302354,25.0
-1,-101.86574902094156,17.674233009259243,57.0,62.20800000000002,39.65774902094155,20.0
-1,-99.3281442416158,14.213890574074073,44.0,51.840000000000025,47.488144241615785,22.0
-1,-111.00330585069504,21.995594060185145,49.0,49.82400000000002,61.179305850695,20.0
-1,-108.28239822482676,20.27937872222221,58.0,64.60800000000002,43.67439822482673,21.0
-1,-145.89783483381615,25.822172615740687,68.0,90.91200000000003,54.98583483381611,18.0
-1,-121.11630214030616,14.290117847222223,59.0,74.78400000000003,46.33230214030613,23.0
-1,-97.0587488618752,21.403418902777773,53.0,55.29600000000003,41.76274886187517,17.0
-1,-114.43022416741825,19.12978107407404,53.0,62.49600000000003,51.93422416741821,21.0
-1,-101.31317573410864,18.394551092592565,50.0,60.67200000000002,40.64117573410862,19.0
-1,-109.21906900126255,16.188862680555534,47.0,69.79200000000002,39.42706900126256,19.0
-1,-83.79420917875767,19.99815419444443,46.0,52.12800000000002,31.666209178757647,17.0
-1,-110.17492640282391,15.509814157407414,47.0,58.36800000000003,51.80692640282391,24.0
-1,-95.97421278473448,21.63463343518512,54.0,52.22400000000001,43.75021278473447,20.0
-1,-129.59401086101312,15.197797791666671,66.0,77.66400000000002,51.9300108610131,24.0
-1,-93.04556210408684,14.727869898148164,47.0,57.408000000000015,35.63756210408681,20.0
-1,-91.1398074478668,22.19329389814811,55.0,54.81600000000002,36.32380744786677,17.0
-1,-125.13056306913674,14.13982641203706,61.0,65.28000000000002,59.85056306913673,23.0
-1,-91.7688678401123,17.261120402777777,49.0,50.49600000000002,41.27286784011228,18.0
-1,-125.20285753547938,19.860683615740705,52.0,57.31200000000003,67.89085753547934,22.0
-1,-104.58597517819352,15.86245546296298,57.0,60.57600000000002,44.0099751781935,22.0
-1,-106.31988749631546,21.105565175925825,48.0,57.31200000000001,49.00788749631544,21.0
-1,-128.9549302812033,19.500242893518465,62.0,68.25600000000003,60.69893028120326,24.0
-1,-107.08295504055684,15.170982939814811,59.0,54.14400000000002,52.93895504055683,24.0
-1,-120.86344946342508,18.82359724999993,51.0,71.61600000000003,49.24744946342505,18.0
-1,-115.02064837362384,13.852271384259252,44.0,57.31200000000002,57.708648373623824,24.0
-1,-78.72737580008562,15.53320038425923,44.0,49.72800000000002,28.999375800085605,16.0
-1,-89.71986005284339,27.48343550462961,58.0,52.512000000000015,37.207860052843365,16.0
-1,-88.5113610936036,24.513168208333305,55.0,50.11200000000002,38.39936109360357,16.0
-1,-131.6100347480263,23.06471987037028,70.0,66.91200000000003,64.69803474802626,22.0
-1,-109.7386835709077,12.304785180555568,50.0,60.48000000000003,49.258683570907664,26.0
-1,-87.44689041201596,21.852684513888875,48.0,45.21600000000002,42.230890412015945,19.0
-1,-99.11086297829772,17.265533490740737,50.0,54.24000000000002,44.8708629782977,18.0
-1,-111.34732042905654,24.228358361111077,59.0,64.22400000000003,47.1233204290565,17.0
-1,-119.96439651701868,18.32539288888885,52.0,60.864000000000026,59.100396517018666,21.0
-1,-116.04581308045388,18.34035976388884,55.0,64.51200000000001,51.533813080453854,22.0
-1,-109.96443977661636,20.41852840740737,54.0,64.32000000000004,45.64443977661631,21.0
-1,-109.32615324518,20.83474752777773,68.0,65.08800000000004,44.23815324517996,21.0
-1,-125.82940922329716,20.59686674537032,53.0,69.12000000000003,56.70940922329712,22.0
-1,-113.12712419658416,14.221270328703708,56.0,61.63200000000002,51.49512419658413,22.0
-1,-122.49471485752584,23.10865616666662,60.0,73.24800000000003,49.2467148575258,20.0
-1,-122.96065054396338,23.68356513425921,67.0,69.88800000000003,53.07265054396335,20.0
-1,-132.453591898092,16.9172468657407,57.0,70.46400000000004,61.98959189809198,24.0
-1,-111.07065075391084,12.787778666666686,53.0,59.23200000000004,51.83865075391082,23.0
-1,-128.40947412689235,19.11936143981477,61.0,69.21600000000004,59.19347412689231,22.0
-1,-139.81914937661452,25.20706868518513,69.0,87.55200000000005,52.26714937661448,18.0
-1,-97.47858044647452,16.212920736111123,48.0,62.97600000000003,34.5025804464745,17.0
-1,-114.19113115759444,25.584931675925866,61.0,65.56800000000003,48.6231311575944,23.0
-1,-97.27596319998644,20.50847393518517,59.0,60.96000000000004,36.315963199986406,20.0
-1,-88.67382024064474,22.58560806944445,50.0,49.248,39.425820240644754,17.0
-1,-107.98641839636235,20.808401624999973,53.0,53.95200000000003,54.034418396362334,21.0
-1,-121.7182255158273,18.6028549166666,56.0,67.00800000000004,54.71022551582726,23.0
-1,-111.51060203186844,15.963492944444438,52.0,62.97600000000004,48.53460203186842,22.0
-1,-128.13936846674645,20.319349870370317,57.0,71.61600000000004,56.523368466746405,22.0
-1,-163.32123468634768,20.190522671296257,66.0,76.89600000000006,86.42523468634764,26.0
-1,-128.80538576824125,23.85701793981474,63.0,77.66400000000004,51.1413857682412,19.0
-1,-145.98828274928613,22.752520004629577,74.0,96.76800000000006,49.22028274928606,21.0
-1,-92.71843436044054,16.70257781018517,48.0,57.40800000000002,35.310434360440524,19.0
-1,-114.85777623073037,16.70205552777774,44.0,59.42400000000003,55.43377623073033,23.0
-1,-108.1944736390768,18.69286250462957,50.0,57.88800000000002,50.30647363907679,21.0
-1,-147.12033685406465,21.24716156481473,66.0,87.93600000000005,59.18433685406461,21.0
-1,-116.72837309802097,17.756748925925905,58.0,69.40800000000003,47.32037309802094,22.0
-1,-111.33079123419762,23.533638467592525,55.0,57.69600000000002,53.63479123419761,20.0
-1,-97.37975348899334,13.607474138888891,44.0,56.54400000000002,40.83575348899333,20.0
-1,-85.28867304545669,15.617130027777804,44.0,50.400000000000006,34.888673045456684,18.0
-1,-104.95977423192016,15.330811953703709,47.0,52.32000000000002,52.63977423192013,24.0
-1,-109.82113932286669,14.727371083333328,50.0,58.176000000000016,51.64513932286666,23.0
-1,-93.30577769745688,15.791398981481477,49.0,53.47200000000002,39.83377769745685,19.0
-1,-123.25652783908228,21.363717999999967,63.0,75.45600000000005,47.80052783908224,21.0
-1,-118.23523941553734,17.484274958333273,52.0,72.96000000000002,45.275239415537314,22.0
-1,-107.90814515590674,23.713378162037063,55.0,51.07200000000002,56.83614515590671,21.0
-1,-105.0863282002864,14.461459060185208,47.0,51.648000000000025,53.43832820028638,23.0
-1,-105.4818789182683,11.703850847222231,53.0,66.62400000000002,38.85787891826827,20.0
-1,-126.61650449013266,18.965457055555515,52.0,72.76800000000004,53.84850449013262,19.0
-1,-134.4271756737192,17.313380759259214,58.0,76.70400000000004,57.72317567371918,24.0
-1,-94.00842278069084,24.715725402777785,64.0,56.73600000000002,37.27242278069083,15.0
-1,-103.97761612069394,20.50129336574074,53.0,57.60000000000003,46.37761612069392,19.0
-1,-137.40685958053703,23.78859867592588,61.0,75.64800000000004,61.75885958053699,20.0
-1,-100.6611618446299,23.83345301388886,62.0,61.632000000000026,39.02916184462988,17.0
-1,-164.6702977189065,21.28705829166662,70.0,98.49600000000004,66.17429771890647,23.0
-1,-100.66945663669138,17.41173281944445,58.0,60.38400000000003,40.28545663669135,19.0
-1,-83.67429384383811,22.699295162037,56.0,45.98400000000001,37.690293843838106,18.0
-1,-104.4087511468833,12.25949287500001,50.0,63.648000000000025,40.76075114688327,23.0
-1,-114.30127183906596,23.8569048379629,56.0,63.16800000000003,51.13327183906591,19.0
-1,-113.36258187396255,17.799613388888826,44.0,55.58400000000001,57.778581873962544,23.0
-1,-153.6489810314108,24.731200467592487,72.0,92.83200000000004,60.81698103141076,20.0
-1,-105.98778454742504,20.365984236111093,51.0,55.00800000000002,50.97978454742501,19.0
-1,-109.92819012326292,19.43590346759258,58.0,56.25600000000004,53.67219012326287,20.0
-1,-284.562984582628,62.5622935185186,93.0,43.48799999999993,241.074984582628,25.0
-1,-127.45497912562703,18.31062177314808,72.0,72.28800000000004,55.16697912562701,24.0
-1,-98.60498406324216,13.91626749537038,53.0,54.43200000000002,44.17298406324216,23.0
-1,-87.05955727693232,22.43008514351849,46.0,44.83200000000001,42.22755727693232,17.0
-1,-94.74733393024955,13.424483055555562,49.0,58.65600000000002,36.091333930249554,21.0
-1,-113.6574132400376,20.232063189814777,59.0,62.400000000000034,51.257413240037565,19.0
-1,-102.97450034100152,22.263018462962943,50.0,56.160000000000025,46.81450034100149,19.0
-1,-123.91071620160037,20.737893282407345,50.0,54.43200000000002,69.47871620160035,22.0
-1,-119.8966667267373,22.20366877777772,55.0,66.72000000000003,53.17666672673726,20.0
-1,-100.15529456398414,15.604968333333336,51.0,57.21600000000002,42.93929456398413,18.0
-1,-90.70344548128732,21.332809476851843,50.0,56.35200000000001,34.35144548128733,18.0
-1,-108.25763219407747,18.734642018518485,53.0,63.84000000000003,44.41763219407744,19.0
-1,-112.82247855318462,22.13276068518516,59.0,60.672000000000025,52.1504785531846,20.0
-1,-113.07458907185614,18.42234409259253,57.0,61.15200000000003,51.92258907185612,21.0
-1,-131.9304968048457,17.543379476851776,60.0,80.92800000000004,51.002496804845656,20.0
-1,-94.33599134486856,17.932859458333294,51.0,58.17600000000002,36.15999134486854,21.0
-1,-105.98983388785142,24.730937953703627,56.0,57.120000000000026,48.86983388785139,20.0
-1,-102.68679707115284,21.368544694444417,62.0,68.83200000000002,33.85479707115283,17.0
-1,-100.49118622413748,20.14420173148146,44.0,48.86400000000001,51.62718622413747,20.0
-1,-99.5340932157506,27.802256166666677,61.0,58.46400000000002,41.070093215750575,14.0
-1,-116.62846155029322,20.74161468981476,58.0,69.40800000000003,47.2204615502932,21.0
-1,-94.4729574001253,13.850052833333327,46.0,55.87200000000003,38.60095740012526,18.0
-1,-101.46384181489285,9.938236513888905,42.0,57.69600000000001,43.76784181489282,22.0
-1,-114.15742515672927,24.96079270833329,53.0,62.11200000000003,52.045425156729245,17.0
-1,-110.36699889141256,18.490597416666628,56.0,55.776000000000025,54.59099889141253,22.0
-1,-99.0806121782352,16.692485143518503,55.0,61.632000000000026,37.448612178235166,20.0
-1,-117.66905542450355,16.298542689814788,47.0,59.71200000000003,57.95705542450353,23.0
-1,-117.42455234752872,11.495487578703708,61.0,76.22400000000003,41.20055234752869,22.0
-1,-109.02221084675486,14.26645105555554,49.0,56.44800000000003,52.57421084675483,24.0
-1,-98.30995961678651,15.463416851851864,51.0,55.20000000000002,43.10995961678649,23.0
-1,-100.10039396860302,19.123784560185147,65.0,57.98400000000004,42.11639396860298,20.0
-1,-132.11493807122042,15.792617148148128,58.0,68.73600000000003,63.37893807122039,24.0
-1,-119.0491725930914,24.520387597222182,67.0,70.36800000000004,48.68117259309137,19.0
-1,-97.4488332587224,13.524513597222224,42.0,54.240000000000016,43.20883325872239,23.0
-1,-85.24754586753855,25.66834607407403,48.0,49.05600000000001,36.19154586753854,15.0
-1,-99.54335603171768,17.50632400925923,48.0,51.072,48.47135603171767,22.0
-1,-118.6668510355252,19.35023531481476,46.0,53.95200000000003,64.71485103552519,22.0
-1,-108.92887231691756,15.69501077314815,45.0,54.52800000000002,54.40087231691753,20.0
-1,-101.7269191341521,15.961434430555569,54.0,56.64000000000002,45.08691913415208,22.0
-1,-103.89616812378785,14.96766298148147,47.0,56.64000000000003,47.256168123787816,23.0
-1,-162.16378156211667,27.77473385185177,75.0,98.30400000000004,63.859781562116616,21.0
-1,-92.8152105063528,12.009752134259267,35.0,46.75200000000001,46.0632105063528,20.0
-1,-100.70685402779222,9.362166560185187,42.0,52.992,47.71485402779221,24.0
-1,-107.02011833776038,18.645758490740704,45.0,58.84800000000004,48.17211833776035,19.0
-1,-101.85941951732184,14.5048519861111,50.0,59.71200000000003,42.14741951732181,23.0
-1,-99.60190249769435,12.393517416666676,44.0,56.73600000000002,42.865902497694336,22.0
-1,-179.48296086821762,25.032795624999917,78.0,118.56000000000007,60.92296086821753,19.0
-1,-102.45449774442024,19.94476579629628,51.0,52.89600000000002,49.558497744420215,22.0
-1,-98.26135124353112,17.303244824074017,47.0,61.056000000000026,37.2053512435311,20.0
-1,-122.52562340313202,21.17461791203696,62.0,66.81600000000003,55.70962340313198,22.0
-1,-100.79767684746425,20.168525060185114,45.0,50.97600000000002,49.82167684746423,21.0
-1,-85.1569815001524,13.189412916666663,39.0,46.65600000000001,38.50098150015239,22.0
-1,-113.16405774405249,21.688237319444397,56.0,57.504000000000026,55.66005774405247,20.0
-1,-157.3088679105353,16.597459703703667,67.0,103.10400000000008,54.20486791053523,24.0
-1,-100.77279215019404,20.428059916666616,56.0,55.96800000000003,44.804792150194025,20.0
-1,-99.82080631103152,18.90352276851851,52.0,54.14400000000003,45.67680631103149,20.0
-1,-99.3764505345274,16.671743587962954,44.0,58.46400000000002,40.91245053452737,21.0
-1,-85.63630806689864,10.96854745833334,46.0,60.00000000000002,25.636308066898607,17.0
-1,-146.010337782317,35.50946522685184,51.0,37.44000000000001,108.570337782317,22.0
-1,-124.04714411746208,18.068047870370325,52.0,78.04800000000003,45.999144117462045,21.0
-1,-94.44863081130477,21.932772180555496,47.0,53.568000000000026,40.880630811304734,19.0
-1,-93.26401780864605,17.351633935185163,44.0,54.52800000000001,38.73601780864602,16.0
-1,-96.61845614712944,17.170957652777776,49.0,58.84800000000003,37.770456147129416,18.0
-1,-138.6928814788751,27.12776745370364,72.0,92.73600000000006,45.95688147887504,16.0
-1,-96.97641782919273,12.30117839814814,44.0,55.10400000000002,41.8724178291927,22.0
-1,-153.5583363994241,23.30801278240737,71.0,100.22400000000006,53.33433639942402,19.0
-1,-102.82307520957232,21.10819130555553,58.0,59.61600000000002,43.20707520957231,19.0
-1,-98.46971619078109,14.29000616666668,49.0,55.680000000000014,42.78971619078105,22.0
-1,-91.77154147044808,13.972306333333332,49.0,57.12000000000002,34.651541470448066,19.0
-1,-122.07508225087004,28.84558722222216,65.0,80.64000000000004,41.43508225087,17.0
-1,-112.85635324402098,16.89808894907405,50.0,62.400000000000034,50.45635324402095,22.0
-1,-103.60885452468796,14.83919183796294,46.0,62.68800000000002,40.92085452468795,23.0
-1,-98.7552649167762,19.505605615740738,55.0,59.80800000000003,38.94726491677618,18.0
-1,-93.61369048880884,16.530943666666662,48.0,51.07200000000002,42.541690488808825,16.0
-1,-94.38910040413516,18.72907885648144,44.0,59.13600000000002,35.253100404135125,17.0
-1,-112.17366774970516,20.92701851851849,59.0,65.85600000000002,46.31766774970513,18.0
-1,-124.88037893496823,14.441922092592582,42.0,57.79200000000002,67.08837893496822,22.0
-1,-98.81760012915194,14.669243953703708,44.0,55.20000000000001,43.61760012915194,22.0
-1,-97.34411692133676,12.689009624999985,43.0,53.280000000000015,44.06411692133673,22.0
-1,-91.98416487937136,11.167213157407398,36.0,50.40000000000001,41.584164879371336,20.0
-1,-99.6949389996505,17.249933967592586,47.0,53.47200000000002,46.22293899965048,22.0
-1,-119.47091400611832,17.386776300925884,52.0,58.65600000000003,60.81491400611832,22.0
-1,-94.2880053154706,16.998695935185197,49.0,45.98400000000001,48.3040053154706,24.0
-1,-86.41023492744515,13.9584706574074,42.0,49.15200000000002,37.25823492744513,21.0
-1,-114.35962324418776,17.08478978240741,48.0,56.73600000000002,57.62362324418774,22.0
-1,-113.26230004187522,16.91556125,54.0,60.76800000000003,52.49430004187519,23.0
-1,-100.87261162581098,17.302558643518513,55.0,58.36800000000003,42.50461162581094,21.0
-1,-114.78433408352932,19.19616754166659,45.0,56.06400000000002,58.7203340835293,25.0
-1,-108.46901562647156,19.91528376851844,46.0,58.27200000000002,50.19701562647155,22.0
-1,-131.46935079814412,36.111943662037085,65.0,47.32800000000001,84.1413507981441,22.0
-1,-101.7914479402481,18.21706873611108,42.0,47.808000000000014,53.98344794024808,21.0
-1,-96.03593514565776,14.763581277777757,44.0,53.18400000000001,42.85193514565776,21.0
-1,-104.47992999207835,21.025050046296244,56.0,52.70400000000002,51.77592999207833,22.0
-1,-98.37359993059133,18.230001902777765,42.0,49.92000000000001,48.4535999305913,19.0
-1,-100.33161295022838,12.98479138425928,44.0,52.12800000000002,48.203612950228354,23.0
-1,-98.63162927226122,24.404078111111048,51.0,46.75200000000002,51.879629272261205,19.0
-1,-101.84993625474831,17.944837212962955,46.0,51.648000000000025,50.20193625474829,21.0
-1,-97.83529434021348,18.31678539814812,52.0,57.792000000000016,40.04329434021344,19.0
-1,-123.39616204163214,17.63679691203702,62.0,67.87200000000003,55.52416204163211,25.0
-1,-147.7845535106124,19.69276939351846,65.0,84.86400000000005,62.920553510612365,22.0
-1,-96.9346993886368,13.604869194444433,40.0,51.07200000000002,45.86269938863677,21.0
-1,-107.19350263965292,21.320803416666617,46.0,49.24800000000002,57.94550263965291,22.0
-1,-115.7281920279516,19.276794763888844,56.0,66.14400000000003,49.58419202795155,22.0
-1,-124.62738156007276,21.49497810185182,67.0,67.00800000000004,57.619381560072725,22.0
-1,-128.795060079016,25.534280120370298,66.0,79.77600000000005,49.01906007901594,19.0
-1,-100.34137338307096,20.12664764814814,49.0,48.768000000000015,51.57337338307095,20.0
-1,-96.41212907027015,16.371357578703694,54.0,66.72000000000003,29.692129070270145,19.0
-1,-76.3851953307083,10.579634601851849,36.0,47.52000000000002,28.86519533070828,16.0
-1,-91.9559747939103,19.473040796296274,54.0,54.62400000000002,37.33197479391029,19.0
-1,-116.22076034666472,15.461971402777774,58.0,71.52000000000002,44.7007603466647,22.0
-1,-109.93835116413962,16.25399198148146,49.0,64.32000000000004,45.61835116413958,21.0
-1,-117.47368808460352,29.13606843518517,69.0,76.03200000000002,41.44168808460348,14.0
-1,-121.29052309259384,16.19052925462961,55.0,70.08000000000004,51.21052309259379,20.0
-1,-129.9859101464272,19.01010776388885,55.0,74.20800000000003,55.77791014642717,19.0
-1,-95.16763038966091,25.840417157407398,61.0,57.40800000000002,37.75963038966091,17.0
-1,-103.37427826798316,18.28838363888886,49.0,57.216000000000015,46.15827826798314,22.0
-1,-86.18770530979849,15.966625449074067,43.0,45.024000000000015,41.16370530979847,19.0
-1,-117.50789560284592,24.39869438425919,77.0,71.13600000000002,46.37189560284592,19.0
-1,-117.43524579390788,14.51738314814814,59.0,69.02400000000003,48.41124579390784,24.0
-1,-117.8104734425462,22.46558240277776,62.0,65.47200000000002,52.33847344254619,19.0
-1,-136.58113199172587,17.82689293981476,61.0,72.19200000000004,64.38913199172583,23.0
-1,-97.93098502616432,15.223832657407389,43.0,61.72800000000003,36.20298502616428,19.0
-1,-132.89771837449555,20.99566142592588,71.0,84.00000000000004,48.89771837449552,22.0
-1,-110.23660974905567,20.536132365740663,58.0,58.36800000000002,51.86860974905565,21.0
-1,-99.4188369401362,23.98923172222217,53.0,58.08000000000003,41.33883694013617,18.0
-1,-106.4681517260388,9.66011119444445,41.0,59.13600000000002,47.33215172603878,23.0
-1,-106.71986717995044,15.833169925925905,49.0,59.04000000000003,47.679867179950406,22.0
-1,-80.20289638881214,24.3572411064815,51.0,53.95200000000002,26.25089638881212,13.0
-1,-93.35721039921262,21.062621439814784,57.0,54.72000000000002,38.637210399212606,18.0
-1,-102.64735916937012,19.88866539351849,50.0,57.02400000000002,45.62335916937011,19.0
-1,-91.6672835184608,22.17676067129629,55.0,59.04000000000002,32.627283518460786,16.0
-1,-115.08802860136896,17.522285305555528,48.0,63.64800000000003,51.44002860136892,20.0
-1,-96.38508175276225,20.53693001851849,61.0,62.784000000000034,33.601081752762205,18.0
-1,-91.60723373840212,14.543939990740723,46.0,62.01600000000003,29.59123373840209,17.0
-1,-95.77823814181971,21.836467337962915,60.0,57.21600000000003,38.56223814181968,20.0
-1,-151.51101964491323,17.498376717592542,74.0,82.84800000000004,68.66301964491318,27.0
-1,-90.11004637155622,20.41739343981478,47.0,50.59200000000001,39.51804637155621,17.0
-1,-128.49585104345255,21.936430328703644,81.0,74.01600000000005,54.479851043452506,22.0
-1,-103.89515602198134,18.91581978703702,52.0,59.52000000000003,44.3751560219813,20.0
-1,-102.71615834309485,24.25521420833329,56.0,57.02400000000002,45.6921583430948,20.0
-1,-108.80376115201808,18.843257361111093,60.0,62.11200000000003,46.69176115201803,20.0
-1,-104.61640317305158,18.626384004629596,55.0,54.14400000000002,50.47240317305156,21.0
-1,-107.50359301897991,17.271830300925917,58.0,61.72800000000003,45.77559301897988,23.0
-1,-93.131350128611,20.811571277777777,60.0,56.44800000000002,36.68335012861096,17.0
-1,-92.99246347920004,13.736670680555555,50.0,61.82400000000003,31.1684634792,17.0
-1,-98.32592179763024,19.64771356018515,55.0,62.20800000000003,36.1179217976302,19.0
-1,-123.25467760834758,17.948057060185135,55.0,69.79200000000003,53.46267760834754,23.0
-1,-81.94196855969786,14.26601635185184,41.0,48.192000000000014,33.74996855969784,20.0
-1,-117.869140866378,21.092664342592577,63.0,60.00000000000003,57.869140866377975,24.0
-1,-99.66234145088885,13.482578254629626,48.0,56.160000000000025,43.50234145088883,22.0
-1,-98.42977587783912,21.072159620370364,60.0,57.98400000000003,40.44577587783908,19.0
-1,-112.28856962785886,24.50702213425921,61.0,71.13600000000004,41.15256962785882,18.0
-1,-104.61886360897525,16.08957192592591,44.0,59.32800000000002,45.290863608975215,21.0
-1,-96.45475247549837,16.10792624074073,52.0,54.14400000000002,42.31075247549833,23.0
-1,-100.52050360107226,13.452555712962962,43.0,57.12000000000003,43.40050360107223,22.0
-1,-80.65336295586235,13.484741666666649,39.0,51.744000000000014,28.90936295586234,17.0
-1,-103.62533575739356,13.840138509259267,58.0,63.45600000000003,40.16933575739354,20.0
-1,-93.1604507217485,13.978887958333322,51.0,53.18400000000002,39.97645072174849,19.0
-1,-102.03053354422975,22.062018254629603,50.0,58.94400000000003,43.08653354422974,18.0
-1,-128.19019878673944,24.98964827777776,54.0,51.264,76.92619878673945,23.0
-1,-86.55983699211362,18.33018143981482,49.0,53.56800000000002,32.991836992113605,16.0
-1,-97.00971506575576,22.244741962962955,62.0,59.71200000000002,37.29771506575575,18.0
-1,-91.04710467734652,21.29790997222218,49.0,51.36000000000003,39.68710467734648,18.0
-1,-88.17126718644901,19.7179254583333,53.0,59.23200000000003,28.93926718644899,14.0
-1,-91.4922516270106,11.739256629629631,38.0,50.68800000000002,40.804251627010565,20.0
-1,-152.6461383358808,19.81340047685175,79.0,81.60000000000005,71.04613833588076,26.0
-1,-99.59103160880596,22.53009208333329,56.0,60.672000000000025,38.919031608805945,18.0
-1,-92.9429197152583,20.204951287037023,50.0,55.680000000000014,37.262919715258285,20.0
-1,-147.22829082606194,20.648344046296263,77.0,83.61600000000004,63.61229082606189,21.0
-1,-110.66174977218652,17.8156525,62.0,78.24000000000004,32.42174977218647,17.0
-1,-77.77733365817986,14.031300532407409,43.0,51.16800000000001,26.609333658179843,15.0
-1,-95.4587390775894,18.8456941157407,47.0,55.39200000000002,40.06673907758938,17.0
-1,-106.1597336226898,23.19550296296292,61.0,55.58400000000002,50.57573362268977,19.0
-1,-135.67093639763868,20.400991870370333,68.0,79.77600000000004,55.89493639763864,21.0
-1,-91.70152995224166,20.663652435185167,45.0,48.192000000000014,43.50952995224164,18.0
-1,-100.45137459658874,20.43851657407403,63.0,63.45600000000003,36.995374596588704,17.0
-1,-78.64295200926053,13.935794185185182,47.0,54.72000000000003,23.922952009260506,16.0
-1,-99.25819692479304,16.755184143518516,45.0,53.95200000000002,45.30619692479301,22.0
-1,-92.79443067577203,17.966137041666652,46.0,51.648000000000025,41.14643067577203,16.0
-1,-104.97782186214728,15.877585634259248,50.0,57.98400000000002,46.99382186214724,22.0
-1,-97.72195738466873,14.629789837962988,47.0,56.16000000000002,41.56195738466871,21.0
-1,-112.1959055595578,19.732205587962905,56.0,68.73600000000003,43.45990555955777,21.0
-1,-106.7761631578948,20.911098365740717,64.0,63.16800000000003,43.60816315789478,20.0
-1,-125.08231760862276,24.85579760185179,73.0,76.22400000000005,48.85831760862273,19.0
-1,-125.89737682509974,21.38653834259256,67.0,69.21600000000004,56.6813768250997,19.0
-1,-121.99241192496838,13.692456694444434,66.0,69.79200000000004,52.200411924968336,23.0
-1,-94.42573543747164,13.807618277777772,48.0,55.10400000000001,39.32173543747162,20.0
-1,-113.70980508675856,15.013951680555536,60.0,66.33600000000003,47.37380508675854,24.0
-1,-103.05256081245064,15.321936731481475,46.0,62.01600000000002,41.03656081245063,21.0
-1,-99.96894503070538,17.11883296759257,47.0,61.34400000000002,38.62494503070536,19.0
-1,-98.236932493209,18.003298273148122,50.0,55.87200000000003,42.36493249320897,22.0
-1,-108.96699255814568,17.896252333333333,55.0,55.20000000000003,53.766992558145645,22.0
-1,-108.42970343057388,20.521414870370315,64.0,57.600000000000016,50.82970343057387,22.0
-1,-102.65772566005344,18.75456431018517,62.0,72.38400000000003,30.273725660053422,18.0
-1,-103.93517282305672,19.99194646296293,54.0,56.35200000000002,47.5831728230567,20.0
-1,-105.56984921303308,17.21360040740738,53.0,63.74400000000003,41.825849213033045,20.0
-1,-98.06235513632647,19.515992763888875,50.0,60.00000000000002,38.06235513632646,18.0
-1,-97.15763448780233,17.319479027777767,50.0,61.34400000000003,35.81363448780228,18.0
-1,-109.00800951422856,19.102429185185144,54.0,56.736000000000026,52.27200951422853,23.0
-1,-89.2654478751891,16.447903356481472,47.0,57.50400000000001,31.76144787518909,15.0
-1,-98.1932356872301,22.469473662037014,63.0,58.65600000000001,39.53723568723008,19.0
-1,-111.97656451982218,19.523917976851823,58.0,64.99200000000002,46.98456451982216,21.0
-1,-109.5831317737103,16.632436217592574,58.0,59.42400000000003,50.159131773710286,23.0
-1,-110.6331105962122,11.261076245370376,52.0,59.904000000000025,50.72911059621218,24.0
-1,-115.85471490366308,15.451819712962944,59.0,71.71200000000003,44.142714903663055,24.0
-1,-100.67006311170502,14.15395641203702,59.0,72.67200000000003,27.998063111704987,17.0
-1,-95.3997368033946,10.871433810185192,46.0,59.42400000000003,35.975736803394575,23.0
-1,-127.69955260830064,16.329359518518487,61.0,76.51200000000004,51.18755260830061,25.0
-1,-113.34901424206669,17.142949888888833,57.0,65.28000000000002,48.069014242066665,24.0
-1,-100.38587362273142,13.389527703703717,47.0,61.15200000000003,39.23387362273139,22.0
-1,-96.15978745928656,16.428103222222212,46.0,57.60000000000002,38.55978745928653,18.0
-1,-92.57000157320256,15.525120074074051,45.0,54.432000000000016,38.13800157320253,21.0
-1,-94.72812960700831,20.940486638888867,57.0,61.15200000000003,33.5761296070083,17.0
-1,-96.06772234883218,12.95184255555556,54.0,67.00800000000002,29.05972234883216,18.0
-1,-104.37997561946264,20.299720884259223,56.0,59.712000000000025,44.66797561946262,21.0
-1,-101.76713537544268,18.21603564814811,52.0,57.408000000000015,44.35913537544267,20.0
-1,-112.445623995336,20.49310839351848,54.0,59.13600000000002,53.30962399533597,23.0
-1,-97.51823534168108,15.511910722222217,54.0,56.928000000000026,40.590235341681066,22.0
-1,-121.1704100673683,20.56124655555549,83.0,86.49600000000005,34.674410067368235,20.0
-1,-101.25429463466926,19.92582459259255,57.0,58.36800000000003,42.88629463466923,21.0
-1,-117.43760477339522,18.64061368981476,58.0,60.288000000000025,57.1496047733952,22.0
-1,-102.08065901296732,17.715139259259267,56.0,60.96000000000002,41.12065901296729,19.0
-1,-122.14348862188132,20.01170419444441,73.0,74.40000000000003,47.74348862188128,20.0
-1,-95.39469456036916,28.69287384259256,65.0,64.89600000000003,30.498694560369124,14.0
-1,-91.02728234639712,17.50358269907403,54.0,60.28800000000002,30.739282346397104,18.0
-1,-87.1498262391304,14.155475287037037,46.0,57.60000000000002,29.549826239130383,19.0
-1,-87.07571745683993,11.668626689814822,48.0,56.16000000000002,30.9157174568399,17.0
-1,-84.37535099215815,15.54271430555554,41.0,52.128000000000014,32.24735099215813,16.0
-1,-104.9553027761282,16.624358680555527,46.0,54.43200000000002,50.52330277612818,21.0
-1,-114.29651222785893,23.714550212962905,79.0,69.69600000000003,44.60051222785891,19.0
-1,-101.45375288167725,15.075511416666654,44.0,57.02400000000002,44.42975288167722,22.0
-1,-109.21286113641273,23.735545921296264,69.0,69.79200000000003,39.4208611364127,17.0
-1,-126.6392577397772,13.5023530787037,58.0,74.11200000000004,52.52725773977716,25.0
-1,-116.82206961952532,15.073644305555549,62.0,73.72800000000004,43.094069619525264,23.0
-1,-119.77552325578452,17.557502685185167,63.0,62.11200000000003,57.66352325578448,23.0
-1,-97.02859956854924,18.150638912037,57.0,62.01600000000003,35.0125995685492,18.0
-1,-96.01924617502138,15.212154032407389,61.0,63.36000000000004,32.65924617502135,19.0
-1,-93.0874475839856,17.29036939351852,49.0,56.06400000000003,37.02344758398559,18.0
-1,-105.49772363754832,11.788338648148166,51.0,59.90400000000003,45.59372363754829,23.0
-1,-121.96547451830068,23.69477519444441,75.0,84.67200000000005,37.29347451830064,19.0
-1,-126.32748672390346,18.725431240740697,55.0,69.12000000000003,57.20748672390342,21.0
-1,-97.3552619836477,19.339878999999947,59.0,63.84000000000003,33.51526198364767,20.0
-1,-87.96297744764537,17.523718268518536,45.0,53.280000000000015,34.68297744764536,17.0
-1,-93.90930735950366,14.78263645833333,45.0,62.20800000000003,31.70130735950363,17.0
-1,-112.04413802211884,19.394446425925917,53.0,66.81600000000003,45.228138022118806,19.0
-1,-96.4051178574842,20.879595787037,54.0,56.64000000000002,39.76511785748418,19.0
-1,-96.139497637253,19.756315606481447,58.0,70.65600000000002,25.483497637252977,14.0
-1,-97.72173640259663,17.501649930555544,55.0,60.00000000000002,37.72173640259662,21.0
-1,-100.80577205561488,14.359084490740749,53.0,65.37600000000003,35.42977205561485,19.0
-1,-113.33300942932078,14.277644694444431,52.0,62.01600000000003,51.31700942932076,21.0
-1,-113.06702433774804,15.157089745370376,49.0,57.312000000000026,55.75502433774801,22.0
-1,-122.6986089530278,20.720403791666605,74.0,77.08800000000004,45.61060895302774,23.0
-1,-95.72549692370916,16.226137662037015,45.0,53.664000000000016,42.06149692370916,21.0
-1,-108.5620694936208,18.664019587962915,74.0,69.88800000000003,38.67406949362078,22.0
-1,-84.31897322386818,7.915742148148139,44.0,54.33600000000003,29.98297322386816,15.0
-1,-91.46159696093667,18.947138578703683,55.0,60.288000000000025,31.173596960936653,17.0
-1,-115.12755215880702,18.006086587962937,54.0,59.904000000000025,55.223552158807,22.0
-1,-112.15549487570615,18.27634414814811,66.0,69.21600000000004,42.93949487570612,22.0
-1,-115.03751512456176,17.26533083796293,59.0,66.52800000000003,48.50951512456172,25.0
-1,-88.73599357528292,15.316798953703689,49.0,53.184000000000026,35.551993575282886,18.0
-1,-97.89932756378649,21.201048194444414,56.0,62.88000000000003,35.01932756378643,18.0
-1,-107.13266986409909,16.48597534722222,59.0,72.67200000000001,34.460669864099074,16.0
-1,-92.21930958876902,12.397545449074062,50.0,69.60000000000004,22.619309588768985,18.0
-1,-113.41833819406511,18.28596677314811,53.0,56.352000000000025,57.066338194065096,21.0
-1,-103.81272116728258,19.20344319907406,58.0,64.03200000000002,39.78072116728254,21.0
-1,-89.61736866657016,15.303836208333308,45.0,55.87200000000003,33.74536866657013,18.0
-1,-104.91793360932353,14.457688078703692,65.0,76.03200000000004,28.885933609323462,16.0
-1,-93.19678898534306,11.487014541666666,45.0,59.52000000000002,33.67678898534304,17.0
-1,-90.18361867754088,14.79455160185184,49.0,53.280000000000015,36.90361867754088,20.0
-1,-88.25002775357835,19.535102657407368,49.0,55.29600000000003,32.95402775357832,18.0
-1,-112.586464977302,21.12238085185181,61.0,68.06400000000004,44.52246497730198,20.0
-1,-104.2768904000897,15.247190675925918,45.0,56.16000000000002,48.11689040008968,22.0
-1,-85.61386253192055,21.395344162037,54.0,58.84800000000003,26.76586253192053,15.0
-1,-103.04652928941825,7.801115717592584,51.0,70.56000000000004,32.4865292894182,21.0
-1,-84.86281595493946,15.492918773148167,57.0,58.94400000000002,25.91881595493945,18.0
-1,-138.41124692044554,19.33090056018511,81.0,88.03200000000004,50.37924692044549,23.0
-1,-87.92708249173123,24.976611791666656,55.0,49.24800000000002,38.67908249173121,16.0
-1,-115.5216873473324,22.186913425925876,72.0,70.56000000000003,44.96168734733236,21.0
-1,-88.549734240146,12.97290624537038,40.0,51.744000000000014,36.80573424014597,20.0
-1,-132.55937686241967,21.59109512962952,69.0,90.72000000000004,41.83937686241963,20.0
-1,-93.39005646142324,9.451154342592597,48.0,59.712000000000025,33.67805646142321,20.0
-1,-118.74090193704824,17.18120812962963,71.0,81.98400000000005,36.75690193704818,20.0
-1,-86.95628802814478,26.441115347222173,57.0,61.34400000000002,25.61228802814476,15.0
-1,-101.86184718049574,15.00063096296294,44.0,63.26400000000002,38.59784718049571,20.0
-1,-109.560524540265,17.04737669444442,50.0,54.144000000000034,55.41652454026497,23.0
-1,-96.00783984020694,16.649736953703687,56.0,67.68000000000004,28.327839840206916,15.0
-1,-110.22156580112208,24.017476379629606,81.0,76.32000000000004,33.901565801122025,16.0
-1,-87.65406364492229,12.223096685185196,40.0,49.056,38.59806364492229,20.0
-1,-91.33664478013075,23.18765771296294,65.0,56.35200000000002,34.98464478013075,16.0
-1,-91.214395448401,18.694459236111108,54.0,58.17600000000003,33.03839544840096,19.0
-1,-106.17782087196773,15.977093865740718,48.0,67.00800000000002,39.16982087196771,21.0
-1,-122.36803700923512,19.266679555555516,69.0,82.17600000000004,40.19203700923507,22.0
-1,-97.49377213381304,14.682185648148158,60.0,64.12800000000003,33.365772133813024,18.0
-1,-92.923583418299,11.83951476851852,45.0,55.20000000000002,37.723583418298986,23.0
-1,-100.56488237325216,11.120753819444456,45.0,54.81600000000002,45.74888237325212,23.0
-1,-127.82835701100126,21.240376578703646,68.0,70.84800000000003,56.98035701100124,22.0
-1,-96.14761458889424,16.932250037037026,48.0,54.52800000000002,41.61961458889422,21.0
-1,-86.33305193330274,15.964438592592566,53.0,62.49600000000003,23.837051933302718,15.0
-1,-103.75333371179102,16.378840143518534,72.0,72.96000000000004,30.793333711790986,18.0
-1,-89.92103978770342,17.036236462962968,56.0,45.216000000000015,44.70503978770341,24.0
-1,-109.5756482969849,25.51001632407402,66.0,62.208000000000034,47.36764829698487,19.0
-1,-103.29930730151442,15.18619825925926,51.0,64.41600000000003,38.88330730151439,21.0
-1,-86.95530877196278,16.137541912037026,47.0,52.70400000000002,34.251308771962755,17.0
-1,-94.81286334819758,15.634515981481494,57.0,63.55200000000003,31.260863348197557,18.0
-1,-90.41825063038776,18.115310930555538,53.0,53.95200000000001,36.46625063038775,20.0
-1,-93.5918819081526,24.03121672222221,57.0,60.00000000000004,33.59188190815256,17.0
-1,-113.8693094605451,16.225693828703694,60.0,70.75200000000002,43.11730946054507,22.0
-1,-88.66248365014042,10.793181555555574,48.0,55.968000000000025,32.694483650140384,19.0
-1,-88.7584734587101,20.210693578703683,63.0,61.440000000000026,27.318473458710077,14.0
-1,-104.18104603777093,19.09462040740737,48.0,55.68000000000003,48.501046037770905,19.0
-1,-118.03695573828948,18.064202861111088,59.0,67.29600000000003,50.74095573828946,22.0
-1,-94.85581216194916,15.356732620370371,64.0,60.672000000000025,34.183812161949135,20.0
-1,-98.8221172902584,15.127707111111102,58.0,68.16000000000004,30.66211729025837,19.0
-1,-92.8353398213827,17.177223601851846,55.0,63.55200000000004,29.28333982138267,17.0
-1,-97.77129340373202,26.846519925925907,62.0,59.71200000000004,38.05929340373197,16.0
-1,-109.71610651582893,19.9711763981481,63.0,60.76800000000003,48.94810651582889,21.0
-1,-101.8079314893454,24.9234751481481,65.0,66.33600000000004,35.47193148934535,17.0
-1,-90.8326027809794,16.88666427777776,47.0,55.29600000000003,35.53660278097939,18.0
-1,-136.22112970736026,18.348364430555502,60.0,88.70400000000005,47.51712970736023,22.0
-1,-95.65390974364075,23.21508005092585,62.0,56.06400000000003,39.58990974364073,19.0
-1,-107.76423422469588,16.88787895370368,50.0,53.76000000000003,54.00423422469584,23.0
-1,-101.9215215906082,14.276756490740745,51.0,58.84800000000004,43.073521590608166,23.0
-1,-111.7602899131659,18.819376874999943,71.0,79.10400000000003,32.656289913165885,19.0
-1,-97.03336130352773,14.912972916666671,51.0,58.84800000000003,38.1853613035277,20.0
-1,-95.8897245808223,15.623590097222197,42.0,56.44800000000002,39.44172458082228,19.0
-1,-92.29094748179884,15.732972458333323,44.0,57.312000000000026,34.97894748179882,18.0
-1,-101.57683652654978,15.980425143518517,56.0,67.48800000000003,34.08883652654976,20.0
-1,-100.69983322751004,15.50868190277778,49.0,55.776000000000025,44.92383322751,21.0
-1,-96.34501237607049,17.786042120370364,59.0,67.29600000000002,29.049012376070472,16.0
-1,-87.99836934168135,14.423567847222198,47.0,58.36800000000002,29.63036934168133,19.0
-1,-104.4263290150684,20.126701009259204,58.0,66.04800000000003,38.37832901506837,20.0
-1,-86.2519160388695,19.170281171296303,50.0,56.44800000000003,29.803916038869477,15.0
-1,-93.99040177220952,13.840160902777756,47.0,67.68,26.31040177220949,15.0
-1,-100.5863703579893,13.86309547685184,58.0,74.11200000000002,26.474370357989272,16.0
-1,-92.843314532808,12.4421732175926,53.0,57.40800000000003,35.43531453280798,20.0
-1,-92.15758983827484,17.005743842592597,61.0,66.62400000000002,25.53358983827481,15.0
-1,-98.5497802609078,20.28902501388888,59.0,64.60800000000002,33.941780260907784,19.0
-1,-108.80606191717077,14.580260310185176,49.0,69.50400000000002,39.30206191717073,19.0
-1,-153.68276562352398,18.297436314814764,80.0,104.35200000000006,49.33076562352392,22.0
-1,-88.65146869156071,27.23456171759256,60.0,58.46400000000003,30.18746869156068,14.0
-1,-86.00279116240723,13.89750706944444,41.0,48.960000000000015,37.04279116240722,19.0
-1,-111.04546336866008,17.31940571759256,48.0,52.70400000000003,58.34146336866005,21.0
-1,-107.4589682621934,13.611857291666658,49.0,68.35200000000003,39.10696826219336,21.0
-1,-84.93707252071519,19.746844587962958,50.0,51.45600000000001,33.48107252071519,18.0
-1,-103.54583131172988,15.830843097222203,60.0,72.76800000000003,30.77783131172986,16.0
-1,-98.01598669087424,19.080556435185155,62.0,64.51200000000003,33.503986690874214,19.0
-1,-95.76918184483044,16.867360782407406,54.0,54.62400000000002,41.14518184483042,19.0
-1,-81.8764603457403,14.652986199074082,44.0,53.568000000000026,28.308460345740272,16.0
-1,-98.65873501542944,21.70483477777775,60.0,66.52800000000003,32.1307350154294,16.0
-1,-87.03809179451606,14.685737444444438,49.0,60.864000000000026,26.174091794516038,16.0
-1,-91.93881044338104,10.243762324074074,47.0,57.98400000000003,33.95481044338101,19.0
-1,-97.7618555967918,17.684300439814802,41.0,50.30400000000002,47.45785559679179,18.0
-1,-95.26417560370156,14.680353634259276,51.0,55.39200000000002,39.87217560370152,22.0
-1,-83.43744621309794,10.425894273148154,41.0,53.56800000000002,29.869446213097923,18.0
-1,-90.20397475931787,15.160205745370376,48.0,55.48800000000003,34.71597475931786,20.0
-1,-131.33690672487114,20.282755902777748,69.0,80.35200000000005,50.98490672487109,20.0
-1,-99.16419813665188,13.879372689814788,57.0,63.93600000000003,35.228198136651855,24.0
-1,-98.51059999829457,16.983407925925906,55.0,68.16000000000004,30.35059999829453,17.0
-1,-98.90044614413596,18.835300685185157,56.0,65.37600000000002,33.52444614413596,18.0
-1,-103.82506680307412,25.43374708796294,47.0,50.59200000000002,53.23306680307411,19.0
-1,-99.28469677218206,21.6237770648148,63.0,70.84800000000004,28.436696772182025,17.0
-1,-95.05101446588202,19.581541907407384,60.0,59.13600000000002,35.91501446588199,16.0
-1,-118.34252577210476,17.518008791666652,69.0,74.68800000000002,43.65452577210473,21.0
-1,-90.22142989155282,15.82362666203704,45.0,53.95200000000003,36.2694298915528,20.0
-1,-97.12195221924956,14.579192379629628,42.0,51.45600000000002,45.66595221924952,17.0
-1,-103.06298270027337,13.9954852361111,63.0,69.79200000000002,33.270982700273336,17.0
-1,-86.94405126112328,14.08016690277777,52.0,63.93600000000004,23.00805126112325,15.0
-1,-113.30178754168928,23.26676106018514,65.0,64.70400000000004,48.59778754168924,20.0
-1,-94.00476825242504,18.44904421296297,58.0,59.52000000000002,34.48476825242501,16.0
-1,-100.9302349182717,12.475020064814816,57.0,72.96000000000004,27.97023491827165,18.0
-1,-107.12043630699088,19.04633022222217,53.0,61.15200000000003,45.96843630699084,24.0
-1,-101.79885415511124,14.59917525925926,56.0,66.04800000000002,35.75085415511121,20.0
-1,-105.16829684980137,22.111748162037014,65.0,64.41600000000003,40.75229684980132,19.0
-1,-91.09714187391978,16.773576333333335,49.0,55.39200000000002,35.70514187391977,16.0
-1,-95.95136091962556,16.644604625000014,58.0,57.98400000000002,37.96736091962553,20.0
-1,-86.44547316355266,16.80674731944443,48.0,51.64800000000002,34.79747316355265,17.0
-1,-84.97576288407635,14.004715166666667,42.0,49.92000000000001,35.05576288407634,20.0
-1,-83.5207849883497,20.630834782407383,36.0,40.22400000000001,43.29678498834969,16.0
-1,-94.66953338157236,15.053494439814807,42.0,51.45600000000001,43.213533381572354,18.0
-1,-108.95154797287124,27.95822912037034,61.0,59.13600000000002,49.815547972871215,19.0
-1,-95.90960065089511,21.150885773148115,54.0,60.288000000000025,35.62160065089509,16.0
-1,-77.74519576485505,10.904051546296309,37.0,50.88000000000001,26.86519576485504,17.0
-1,-92.56418285849914,20.59761490277777,57.0,59.80800000000003,32.75618285849911,16.0
-1,-90.59277900018444,15.753726583333332,47.0,54.91200000000002,35.680779000184415,17.0
-1,-91.94640757282438,25.60122823611113,73.0,67.10400000000004,24.842407572824342,13.0
-1,-94.68588327608488,12.29599996296296,52.0,61.15200000000003,33.53388327608484,19.0
-1,-87.0487502259556,21.595669337962928,56.0,56.73600000000002,30.31275022595558,14.0
-1,-82.30694315299807,12.669849374999991,40.0,53.56800000000002,28.73894315299805,17.0
-1,-100.858395152837,20.33816676388889,71.0,67.48800000000003,33.37039515283696,16.0
-1,-76.46350984485346,27.83621115740743,52.0,49.15200000000001,27.311509844853457,13.0
-1,-94.4900571793028,11.768376342592598,44.0,55.776000000000025,38.71405717930279,21.0
-1,-100.09302226387324,21.06693679629628,63.0,66.24000000000002,33.85302226387323,18.0
-1,-83.16844747001336,18.40832964351848,52.0,54.72000000000003,28.44844747001334,17.0
-1,-86.28596200115321,18.23585876851851,57.0,57.79200000000003,28.49396200115317,16.0
-1,-95.80470459324208,21.49364110648143,64.0,65.18400000000003,30.62070459324207,17.0
-1,-89.13587152040756,17.264176754629602,56.0,59.80800000000003,29.327871520407527,15.0
-1,-91.20571093893992,21.328827851851816,55.0,54.91200000000002,36.293710938939896,15.0
-1,-91.9124258152939,14.247726004629628,51.0,55.68000000000003,36.23242581529387,22.0
-1,-159.46960605363637,20.336969611111048,76.0,99.26400000000008,60.20560605363629,23.0
-1,-95.14481411910944,17.611014333333312,49.0,56.25600000000003,38.88881411910943,19.0
-1,-129.41892032279873,19.50457030555552,64.0,77.76000000000005,51.65892032279867,23.0
-1,-88.02960808797401,17.48288515740739,42.0,50.20800000000001,37.821608087974,17.0
-1,-93.67769531071988,13.798504189814818,42.0,53.18400000000001,40.49369531071986,19.0
-1,-111.03782007330088,24.02513862037032,72.0,73.44000000000003,37.597820073300845,18.0
-1,-76.71564818254845,18.751375819444437,42.0,44.64000000000001,32.07564818254845,14.0
-1,-97.09176854866966,16.88604404629627,58.0,70.75200000000002,26.33976854866964,17.0
-1,-82.54067271556914,13.825118828703705,39.0,54.62400000000002,27.916672715569128,17.0
-1,-103.35509422025945,13.32962185648149,56.0,64.51200000000003,38.8430942202594,22.0
-1,-93.6951505461916,19.47454180092591,58.0,61.440000000000026,32.25515054619158,17.0
-1,-92.99385796729588,13.796811361111136,55.0,61.34400000000003,31.649857967295837,16.0
-1,-96.54367854574224,13.9066885462963,53.0,61.248000000000026,35.295678545742206,18.0
-1,-97.267879588547,21.010207124999983,57.0,60.960000000000015,36.307879588546975,18.0
-1,-120.31632889861916,15.081685282407385,61.0,76.60800000000003,43.70832889861912,24.0
-1,-104.46195511124242,15.256889875000011,59.0,68.06400000000004,36.397955111242375,21.0
-1,-79.3222633239557,20.10030905555553,47.0,48.576000000000015,30.746263323955688,15.0
-1,-94.47462364770706,12.125578754629627,47.0,59.80800000000002,34.66662364770704,18.0
-1,-93.61582748230568,17.19267416666666,57.0,61.82400000000002,31.79182748230567,17.0
-1,-105.91118809795438,19.925732560185143,69.0,76.60800000000002,29.30318809795436,18.0
-1,-95.6318722858228,20.47032607407404,53.0,57.600000000000016,38.03187228582279,16.0
-1,-92.12450634516073,20.021033245370344,55.0,49.82400000000001,42.3005063451607,22.0
-1,-85.30166340426754,19.156933888888847,53.0,58.368000000000016,26.933663404267524,16.0
-1,-95.5464283676933,15.460575388888897,52.0,68.64000000000004,26.90642836769325,18.0
-1,-96.50801953305088,13.17494844907409,44.0,55.968000000000025,40.54001953305085,20.0
-1,-92.15508513473144,15.333243861111107,56.0,64.70400000000002,27.45108513473141,17.0
-1,-89.76305997540123,16.67653381481481,55.0,56.64000000000002,33.123059975401205,17.0
-1,-100.43379314865896,17.945977282407394,54.0,59.04000000000002,41.39379314865894,17.0
-1,-87.27266986982698,17.825976912037028,46.0,54.91200000000002,32.360669869826964,15.0
-1,-97.80056861755344,20.596994527777746,65.0,60.864000000000026,36.93656861755342,19.0
-1,-90.60233868098476,19.27750408796293,57.0,59.32800000000001,31.274338680984755,17.0
-1,-96.08636992284896,20.88429294907405,50.0,55.58400000000002,40.50236992284896,19.0
-1,-109.13007438133698,12.404162282407407,54.0,66.24000000000002,42.89007438133696,22.0
-1,-100.99800711566284,21.53563477314813,63.0,69.88800000000002,31.11000711566281,18.0
-1,-98.9530963997744,20.808052527777743,59.0,58.94400000000002,40.00909639977439,20.0
-1,-98.19476013791834,15.59781035648146,61.0,71.80800000000004,26.38676013791831,15.0
-1,-79.88098007393282,20.911891291666656,52.0,54.62400000000002,25.2569800739328,15.0
-1,-78.8925022698387,14.383470782407397,39.0,52.41600000000001,26.476502269838697,14.0
-1,-125.65437158972472,15.312254652777767,63.0,70.46400000000004,55.19037158972468,25.0
-1,-99.28416655444036,17.417316023148143,65.0,71.328,27.956166554440355,17.0
-1,-86.02698592168598,15.099527833333328,51.0,58.08000000000002,27.946985921685958,18.0
-1,-97.62808607127371,15.787906814814775,58.0,65.66400000000002,31.96408607127369,21.0
-1,-90.78553907273584,15.028326189814813,57.0,65.18400000000004,25.601539072735807,17.0
-1,-120.31102371995942,16.850313787036992,70.0,72.76800000000001,47.54302371995941,25.0
-1,-99.94067954239028,21.76213573611111,79.0,77.85600000000005,22.084679542390237,13.0
-1,-90.0397117800346,17.88921167129629,56.0,58.36800000000003,31.671711780034567,16.0
-1,-108.9406822685918,18.91325675462959,72.0,73.34400000000004,35.59668226859177,16.0
-1,-89.8740855424642,12.25500221759259,55.0,57.40800000000003,32.466085542464164,21.0
-1,-108.05856896880384,19.767901537037,65.0,75.93600000000004,32.12256896880379,19.0
-1,-93.10478398708555,14.183662884259254,48.0,59.32800000000002,33.77678398708555,20.0
-1,-90.87124694379963,14.22522215740741,55.0,64.32000000000004,26.551246943799597,15.0
-1,-112.3629902897479,16.010795810185176,75.0,83.42400000000005,28.93899028974785,19.0
-1,-105.20476117604684,18.58445470370365,72.0,69.60000000000002,35.60476117604683,20.0
-1,-96.38260140409082,17.043755074074028,44.0,57.02400000000002,39.3586014040908,19.0
-1,-95.26088573997292,19.723267074074062,67.0,71.13600000000002,24.124885739972918,14.0
-1,-94.56393140151802,19.925087874999942,55.0,64.89600000000003,29.667931401517983,15.0
-1,-84.86097081888485,10.747083273148148,43.0,57.50400000000001,27.356970818884847,17.0
-1,-99.77699755825128,21.20050429629621,61.0,62.68800000000002,37.08899755825127,21.0
-1,-84.5526452916852,14.792263249999989,49.0,65.95200000000003,18.60064529168517,12.0
-1,-105.64143667706723,22.685078768518476,66.0,72.86400000000002,32.77743667706722,18.0
-1,-111.89168181672936,21.29725527777774,56.0,68.73600000000005,43.15568181672932,18.0
-1,-99.50980032866308,16.30954104166667,49.0,54.24000000000002,45.26980032866306,22.0
-1,-108.1926935664926,19.850208499999987,84.0,84.28800000000005,23.904693566492547,15.0
-1,-83.68081980667337,18.069445078703698,45.0,46.94400000000002,36.73681980667335,17.0
-1,-93.92917286666447,25.29049274074076,62.0,58.94400000000002,34.98517286666445,17.0
-1,-108.74576613908732,14.920722587962974,73.0,74.30400000000003,34.44176613908729,20.0
-1,-107.63812548961076,16.935696986111104,55.0,61.15200000000002,46.48612548961074,22.0
-1,-97.05024748500404,18.406898754629577,53.0,60.67200000000003,36.37824748500401,19.0
-1,-100.4655902453846,15.844490023148138,53.0,67.77600000000004,32.68959024538456,18.0
-1,-98.4173989012424,9.667941754629638,59.0,71.61600000000003,26.80139890124236,19.0
-1,-134.4049735997032,22.69573592129621,67.0,85.34400000000005,49.06097359970314,20.0
-1,-95.62269700370264,19.61103414814811,54.0,58.46400000000003,37.15869700370263,19.0
-1,-99.15780530875789,15.924995930555564,53.0,59.52000000000002,39.63780530875784,20.0
-1,-91.85279669603192,18.01445989351849,66.0,65.85600000000002,25.996796696031897,15.0
-1,-88.00106902273203,14.356213074074056,45.0,58.368000000000016,29.633069022732,18.0
-1,-101.31913059766394,19.34027762962957,56.0,69.40800000000003,31.91113059766391,18.0
-1,-97.4839277586282,17.448999046296272,51.0,60.48000000000004,37.00392775862815,20.0
-1,-94.93498534334134,19.29162797222218,60.0,62.68800000000004,32.2469853433413,18.0
-1,-112.445964408683,18.775497925925887,61.0,66.81600000000003,45.62996440868299,21.0
-1,-88.3851926117147,19.288139722222198,56.0,59.52000000000002,28.86519261171468,13.0
-1,-93.2350823462105,20.764388319444397,56.0,55.00800000000002,38.22708234621049,20.0
-1,-94.13129620773458,18.484724208333304,69.0,69.40800000000003,24.723296207734546,15.0
-1,-96.5436274678083,8.039254629629626,50.0,58.656000000000034,37.887627467808265,24.0
-1,-121.6463266582334,19.063618092592545,58.0,75.93600000000005,45.71032665823336,20.0
-1,-93.3368651144624,16.260810263888896,52.0,61.82400000000003,31.512865114462382,19.0
-1,-90.5287914277904,11.491289250000014,41.0,47.71200000000001,42.81679142779038,20.0
-1,-94.4250199122175,14.55241318981479,62.0,70.08000000000003,24.34501991221747,16.0
-1,-95.9694867752794,21.024190342592583,51.0,50.59200000000001,45.377486775279394,20.0
-1,-113.49877918200518,21.126319703703665,64.0,73.53600000000003,39.96277918200515,19.0
-1,-96.24867429112028,17.718326175925913,53.0,62.40000000000002,33.848674291120254,18.0
-1,-137.6456519154563,16.668878824074028,67.0,79.68000000000002,57.9656519154563,25.0
-1,-88.69903666384724,14.116770662037016,52.0,57.98400000000002,30.71503666384721,19.0
-1,-93.4874967618384,11.747419652777772,48.0,66.43200000000003,27.055496761838373,16.0
-1,-90.8132485276071,14.738857342592588,47.0,55.29600000000003,35.517248527607066,16.0
-1,-78.73446512164811,14.150441138888873,43.0,50.20800000000001,28.526465121648105,19.0
-1,-102.54212740655842,9.065548981481497,43.0,58.36800000000002,44.174127406558405,26.0
-1,-94.19390148087837,17.15878617592592,42.0,53.56800000000002,40.62590148087835,18.0
-1,-81.6573192522513,14.411793495370382,50.0,62.59200000000003,19.065319252251268,13.0
-1,-90.78351064700402,12.734304916666671,48.0,57.88800000000002,32.895510647004,18.0
-1,-102.6035875334258,22.413177851851827,69.0,64.03200000000002,38.57158753342578,20.0
-1,-109.02426195194442,19.6315914583333,51.0,61.63200000000004,47.39226195194439,21.0
-1,-94.63052541309838,20.613819300925915,70.0,72.09600000000002,22.534525413098365,14.0
-1,-105.43165468266253,14.549063115740736,56.0,67.00800000000002,38.423654682662495,20.0
-1,-91.27980378135334,17.96886057870368,50.0,53.28000000000002,37.99980378135331,21.0
-1,-89.98767538889861,23.431697462962948,62.0,67.10400000000003,22.883675388898585,11.0
-1,-99.58839946690648,15.061272467592584,58.0,66.24000000000002,33.34839946690646,19.0
-1,-113.99497481676887,17.30806277777775,60.0,72.09600000000003,41.898974816768856,24.0
-1,-84.9781779209311,26.09989369907405,66.0,59.61600000000004,25.36217792093106,14.0
-1,-85.90545050026175,13.44140685185183,52.0,63.07200000000002,22.833450500261726,15.0
-1,-99.17743284720206,13.641959875000005,55.0,64.99200000000002,34.18543284720203,20.0
-1,-86.6577213044911,13.378928300925926,49.0,55.20000000000002,31.45772130449108,18.0
-1,-75.96339153424373,15.796896879629635,52.0,53.28000000000002,22.683391534243707,14.0
-1,-76.2192738279858,19.78065314814812,50.0,55.39200000000002,20.827273827985792,12.0
-1,-118.42278272132263,19.3806163657407,72.0,77.28000000000003,41.14278272132261,21.0
-1,-94.3629290542713,14.369725212962976,58.0,66.33600000000003,28.02692905427128,17.0
-1,-108.38132900658552,15.784006217592577,52.0,59.52000000000004,48.861329006585486,21.0
-1,-95.9021245843024,18.2260631342592,53.0,65.76000000000002,30.1421245843024,17.0
-1,-93.97382910734248,13.79099387962962,43.0,49.72800000000003,44.24582910734245,22.0
-1,-91.45507807641876,17.91769105092593,62.0,66.81600000000003,24.63907807641875,16.0
-1,-97.4453404443268,17.50633743981479,46.0,55.96800000000002,41.47734044432678,18.0
-1,-94.03784237104,17.928396995370363,60.0,69.21600000000004,24.821842371039963,14.0
-1,-106.95656686878156,18.823284546296268,43.0,53.760000000000026,53.19656686878153,19.0
-1,-89.35370777461011,15.695843930555531,43.0,50.68800000000002,38.6657077746101,19.0
-1,-95.15669242757356,17.60686171759256,49.0,51.55200000000002,43.60469242757353,21.0
-1,-81.98764312259419,9.720825787037043,48.0,59.42400000000002,22.563643122594176,16.0
-1,-100.9005153916176,16.06298691203701,50.0,55.96800000000003,44.93251539161758,24.0
-1,-90.75956576355338,24.79255314814811,51.0,54.43200000000002,36.32756576355336,16.0
-1,-89.81961743635205,20.369799893518486,55.0,60.76800000000003,29.05161743635201,17.0
-1,-99.76675438625723,15.943814351851838,44.0,57.024000000000015,42.742754386257225,22.0
-1,-82.27732284338084,15.541590564814806,52.0,62.400000000000034,19.87732284338081,12.0
-1,-118.5648349240494,23.62312620833327,56.0,70.84800000000004,47.71683492404936,18.0
-1,-100.72843513927276,18.78486386574069,68.0,70.27200000000002,30.45643513927275,17.0
-1,-91.74474973958034,16.740229120370362,49.0,57.696000000000026,34.04874973958032,20.0
-1,-88.8926316904024,20.119656833333323,59.0,61.056000000000026,27.836631690402378,15.0
-1,-86.14455230980616,18.45293181018517,54.0,52.51200000000002,33.63255230980614,17.0
-1,-115.70385687504084,19.52133831944442,60.0,72.19200000000004,43.51185687504079,19.0
-1,-102.38376710771954,18.667378874999965,59.0,68.92800000000003,33.45576710771952,21.0
-1,-109.50393761605994,20.904601504629568,71.0,67.87200000000004,41.63193761605991,22.0
-1,-108.14074955064146,18.57766017592586,60.0,62.88000000000004,45.26074955064142,22.0
-1,-106.81706061733064,11.496817550925922,59.0,68.92800000000004,37.88906061733061,23.0
-1,-97.12998406105363,17.762128282407385,42.0,51.36000000000002,45.76998406105361,19.0
-1,-100.35044107764072,14.67084481944446,62.0,71.52000000000002,28.8304410776407,19.0
-1,-110.35127893315324,13.21999850000001,58.0,77.37600000000003,32.97527893315323,17.0
-1,-115.55768771814448,23.40005850925921,69.0,76.99200000000005,38.565687718144446,20.0
-1,-90.73295882792964,17.27959592592589,52.0,63.26400000000002,27.46895882792964,14.0
-1,-102.00728591527192,12.623066435185184,58.0,78.52800000000003,23.479285915271877,15.0
-1,-96.71557709930562,20.741884777777734,64.0,62.49600000000003,34.21957709930559,17.0
-1,-98.51502631150925,20.121078486111088,64.0,70.84800000000001,27.667026311509225,18.0
-1,-88.45752991299699,19.474152810185156,49.0,54.81600000000002,33.64152991299697,15.0
-1,-112.47567872703192,16.568838810185152,56.0,66.91200000000003,45.563678727031885,21.0
-1,-98.52920980443132,13.936720972222222,68.0,67.68000000000002,30.8492098044313,18.0
-1,-100.26917637587324,21.49471538888885,65.0,69.31200000000004,30.957176375873185,17.0
-1,-88.59227686588136,14.966085870370346,48.0,52.89600000000002,35.696276865881345,19.0
-1,-88.1802425961605,15.311485300925904,56.0,62.68800000000003,25.492242596160462,17.0
-1,-97.2395897209601,20.920113842592563,67.0,70.56000000000003,26.67958972096007,14.0
-1,-96.19177399752968,18.140125240740744,65.0,69.69600000000003,26.495773997529643,19.0
-1,-113.38775295236049,21.09172123148143,83.0,87.45600000000005,25.931752952360444,15.0
-1,-103.04354985310016,22.751547962962885,67.0,73.82400000000004,29.219549853100137,18.0
-1,-94.5313685035645,17.41677943981482,55.0,66.33600000000003,28.19536850356446,19.0
-1,-98.16591557794334,15.71490774999997,60.0,70.56000000000003,27.605915577943307,12.0
-1,-116.18236995103712,19.29674892129627,93.0,87.93600000000005,28.24636995103706,17.0
-1,-107.4797352001687,16.178248300925887,63.0,72.57600000000002,34.90373520016868,22.0
-1,-109.92185320199768,24.882268601851788,85.0,75.552,34.36985320199769,17.0
-1,-80.53788376038733,15.95674080555555,50.0,62.01600000000003,18.52188376038731,13.0
-1,-106.79643319157816,21.65183515277775,67.0,72.28800000000003,34.50843319157813,19.0
-1,-91.50038584226184,17.245700189814787,54.0,62.01600000000002,29.48438584226181,17.0
-1,-91.96325553235374,18.381786361111068,53.0,55.96800000000002,35.995255532353724,20.0
-1,-76.66295959076594,10.90092048611111,45.0,53.66400000000003,22.998959590765907,15.0
-1,-99.45814527710424,18.83961143055553,56.0,65.47200000000002,33.986145277104235,19.0
-1,-90.18139106478476,16.47809285185184,48.0,58.176000000000016,32.005391064784725,17.0
-1,-115.34282919719716,14.1802838611111,61.0,68.16000000000004,47.18282919719712,27.0
-1,-93.11708270480555,24.46486967129627,68.0,65.08800000000002,28.029082704805543,15.0
-1,-103.82904765808767,20.15284139814814,62.0,73.34400000000004,30.48504765808765,19.0
-1,-88.92935547939605,13.594761662037032,51.0,60.48000000000003,28.449355479396026,19.0
-1,-109.03908566617112,16.388956796296277,61.0,65.95200000000004,43.087085666171085,23.0
-1,-89.29010872232082,14.647061129629613,50.0,57.600000000000016,31.69010872232081,22.0
-1,-99.24752683214572,14.695872421296272,48.0,56.736000000000026,42.511526832145705,23.0
-1,-84.81760597556325,16.503885657407384,66.0,65.08800000000004,19.729605975563214,13.0
-1,-94.59654284134236,26.7890934907407,60.0,67.48800000000003,27.10854284134235,12.0
-1,-80.910251517668,13.584886810185196,38.0,45.21600000000001,35.694251517668,19.0
-1,-97.98383024420144,23.05507417129623,58.0,63.26400000000003,34.71983024420141,18.0
-1,-88.15850243136643,15.488724875,50.0,53.47200000000002,34.6865024313664,20.0
-1,-106.34657733788566,17.4923692685185,61.0,80.35200000000003,25.99457733788564,16.0
-1,-94.23696824884198,21.69090422222221,67.0,59.13600000000003,35.100968248841944,17.0
-1,-93.70971644113096,18.584670416666647,56.0,59.42400000000004,34.28571644113092,21.0
-1,-100.2770214152056,19.322054523148108,59.0,64.89600000000003,35.38102141520558,19.0
-1,-106.57118730389202,19.54545882407406,66.0,70.36800000000005,36.203187303891966,18.0
-1,-99.3537682074531,18.27019009259255,57.0,63.07200000000002,36.28176820745308,20.0
-1,-90.70410393438203,18.90891212037033,52.0,60.38400000000002,30.320103934382008,15.0
-1,-94.26784895405984,14.007762912037029,59.0,63.64800000000003,30.619848954059805,17.0
-1,-90.91737056991556,18.09128356018514,59.0,66.72000000000003,24.197370569915527,14.0
-1,-87.23520862705462,15.28927350925925,57.0,65.66400000000003,21.571208627054585,17.0
-1,-92.45641437012196,15.030356851851831,48.0,68.16000000000004,24.296414370121923,16.0
-1,-101.37788660667324,18.330764995370316,56.0,63.84000000000004,37.5378866066732,16.0
-1,-102.60826241183244,17.88652402314814,60.0,62.97600000000003,39.63226241183242,21.0
-1,-124.23513134053005,16.74151264351847,60.0,74.49600000000004,49.73913134053,25.0
-1,-106.83428993732448,19.70987121296294,60.0,69.31200000000004,37.522289937324445,20.0
-1,-90.63276453430764,20.163863851851836,57.0,63.64800000000003,26.98476453430761,15.0
-1,-95.62294560644789,17.23476411111108,60.0,64.99200000000003,30.63094560644783,17.0
-1,-86.56503892185918,14.956689458333322,47.0,55.776000000000025,30.789038921859166,20.0
-1,-90.93936610896992,23.67864866203699,62.0,63.93600000000004,27.00336610896988,15.0
-1,-102.20903813921244,23.418328731481463,75.0,68.64000000000004,33.5690381392124,20.0
-1,-95.52857217929284,15.717149439814806,55.0,62.400000000000034,33.1285721792928,19.0
-1,-84.29390578370314,22.737129930555533,66.0,61.82400000000003,22.469905783703105,13.0
-1,-89.22544947986219,16.26444804166665,57.0,57.792000000000016,31.433449479862173,17.0
-1,-105.72223269445834,22.22628248148145,72.0,66.04800000000004,39.6742326944583,20.0
-1,-137.0627366289844,24.991069337962912,85.0,95.13600000000008,41.92673662898432,18.0
-1,-104.16839275843408,19.552601888888837,56.0,60.96000000000002,43.20839275843406,22.0
-1,-105.910110304751,22.546620865740664,63.0,67.39200000000002,38.51811030475098,23.0
-1,-94.04330947196893,16.2868597222222,54.0,62.59200000000002,31.451309471968905,17.0
-1,-96.49272705453372,16.482025782407398,64.0,61.15200000000003,35.34072705453369,21.0
-1,-97.6713210754716,13.309631430555571,45.0,55.488000000000014,42.18332107547159,21.0
-1,-93.66831382710645,17.42961953240737,59.0,69.12000000000002,24.548313827106416,18.0
-1,-94.43354173336454,12.80782278240742,46.0,60.28800000000002,34.14554173336452,21.0
-1,-124.98082257748092,21.96123238888884,82.0,86.88000000000004,38.10082257748088,20.0
-1,-92.78695705935326,21.546557541666623,58.0,58.94400000000004,33.84295705935322,17.0
-1,-102.68159833908034,17.96592620370367,64.0,72.86400000000005,29.817598339080288,18.0
-1,-111.68060974499706,21.18357496759252,72.0,82.17600000000004,29.50460974499701,19.0
-1,-105.02698218922848,20.67079586574075,80.0,81.21600000000005,23.810982189228422,15.0
-1,-100.18165179986718,21.096035592592557,69.0,71.71200000000003,28.46965179986716,15.0
-1,-91.009923485071,21.40219608796293,57.0,58.08000000000003,32.929923485070965,19.0
-1,-106.38445196403713,13.320629800925904,47.0,64.60800000000003,41.77645196403708,24.0
-1,-95.57542567652962,14.097704916666656,58.0,63.55200000000002,32.023425676529605,21.0
-1,-98.63086391163633,20.91059085185181,69.0,70.84800000000003,27.7828639116363,17.0
-1,-74.21196578019018,13.72701789351853,43.0,49.536000000000016,24.67596578019017,13.0
-1,-96.84101781131967,11.887982222222217,54.0,62.40000000000003,34.441017811319654,18.0
-1,-84.90015347970609,18.232494083333307,53.0,55.87200000000001,29.028153479706088,17.0
-1,-85.15141031630068,18.61324768055558,57.0,61.72800000000004,23.423410316300654,16.0
-1,-90.90769011900072,18.871985134259244,64.0,66.91200000000002,23.99569011900071,15.0
-1,-94.6468452958962,20.96880251851851,64.0,66.91200000000003,27.73484529589617,14.0
-1,-114.81672748452984,18.605761939814784,57.0,70.84800000000004,43.96872748452981,20.0
-1,-79.01049040351442,7.762925680555555,50.0,62.97600000000001,16.03449040351441,12.0
-1,-101.74796114743349,21.11984260648145,56.0,53.95200000000003,47.795961147433445,21.0
-1,-93.75990330528111,21.680058439814776,61.0,66.62400000000004,27.13590330528108,17.0
-1,-99.5119072169912,16.042618851851838,54.0,57.888000000000034,41.62390721699117,21.0
-1,-86.67948216357267,13.075163759259272,45.0,57.40800000000002,29.271482163572653,16.0
-1,-98.4388315322122,21.128440907407366,64.0,65.08800000000004,33.35083153221217,19.0
-1,-82.06842072199176,13.359002101851852,51.0,57.98400000000003,24.08442072199173,15.0
-1,-92.69190894970546,12.370643796296308,64.0,75.26400000000004,17.427908949705422,13.0
-1,-106.92170776059568,18.80827006018517,65.0,75.36000000000003,31.56170776059564,18.0
-1,-99.23777551774634,22.022724990740716,73.0,65.37600000000003,33.8617755177463,19.0
-1,-99.15577661247444,14.510837157407412,46.0,62.20800000000003,36.94777661247444,22.0
-1,-95.89607604312022,17.662608555555554,59.0,68.16000000000004,27.73607604312017,16.0
-1,-94.43174544962392,16.974928652777745,57.0,61.72800000000002,32.70374544962391,20.0
-1,-88.6034062529833,14.032973865740752,45.0,52.512,36.091406252983305,19.0
-1,-84.41024407402203,16.993723925925902,51.0,54.52800000000003,29.882244074022005,15.0
-1,-86.73304504462466,15.99942253703704,38.0,50.49600000000001,36.23704504462465,16.0
-1,-88.01057054977926,17.573765856481437,52.0,60.864000000000026,27.14657054977924,18.0
-1,-88.54884888447077,20.311248009259216,60.0,54.33600000000003,34.21284888447074,18.0
-1,-90.68583408713408,17.46325418981479,44.0,50.68800000000002,39.99783408713406,19.0
-1,-100.18961206643164,15.43616990740741,57.0,65.85600000000002,34.33361206643161,18.0
-1,-98.51869932050424,15.95374021296294,63.0,76.03200000000002,22.486699320504208,15.0
-1,-91.7631015073954,12.68036631481482,44.0,61.34400000000002,30.41910150739538,17.0
-1,-107.68521332261729,22.52653030092585,58.0,63.55200000000004,44.13321332261725,20.0
-1,-88.10052336762166,14.096196379629646,54.0,60.000000000000014,28.10052336762165,19.0
-1,-95.18253668834636,16.74698406944438,51.0,60.86400000000002,34.31853668834633,19.0
-1,-97.8519439726998,19.954725722222157,61.0,61.92000000000004,35.93194397269975,19.0
-1,-91.84183734698408,13.38166666666667,53.0,55.68000000000003,36.16183734698404,20.0
-1,-79.82026786222323,17.14676340277778,50.0,56.73600000000002,23.08426786222321,11.0
-1,-98.21765172847088,14.859838518518506,62.0,71.80800000000004,26.40965172847084,16.0
-1,-87.9642381493868,15.486228356481472,46.0,58.65600000000002,29.30823814938679,16.0
-1,-81.29371348237085,15.621060249999992,49.0,54.72000000000001,26.57371348237083,16.0
-1,-79.61827129634415,20.1659568796296,49.0,49.82400000000002,29.79427129634413,12.0
-1,-87.77531809187921,15.730769750000016,49.0,57.21600000000003,30.55931809187918,17.0
-1,-86.94571301725409,13.939732930555566,51.0,66.91200000000003,20.03371301725405,11.0
-1,-102.45895216866296,16.61061051851849,59.0,73.82400000000003,28.63495216866294,17.0
-1,-94.10235323442951,18.934541222222222,50.0,60.960000000000015,33.14235323442951,19.0
-1,-103.75013225572906,17.668400861111067,72.0,64.03200000000002,39.718132255729024,24.0
-1,-81.1994306242677,17.209618550925907,52.0,59.52000000000002,21.679430624267685,12.0
-1,-104.51405013396555,19.34048671759258,65.0,69.40800000000003,35.10605013396554,19.0
-1,-92.07315153178187,15.219110847222202,51.0,55.10400000000002,36.969151531781854,22.0
-1,-93.55843457853028,17.07475129629627,57.0,65.18400000000004,28.37443457853024,16.0
-1,-87.70292069953248,15.38235947685183,54.0,58.08000000000002,29.622920699532468,18.0
-1,-99.33018788738266,21.31046246759251,62.0,69.02400000000003,30.30618788738263,18.0
-1,-111.60134166481862,21.8059648703703,70.0,72.09600000000005,39.50534166481857,23.0
-1,-105.360735605986,16.767625745370335,54.0,59.42400000000003,45.93673560598598,22.0
-1,-72.27151831966019,18.888531162037044,52.0,52.224000000000025,20.047518319660163,13.0
-1,-93.37225919024952,17.091049388888887,48.0,64.32000000000004,29.052259190249465,14.0
-1,-96.11467117868088,19.228034861111087,47.0,64.12800000000001,31.986671178680865,18.0
-1,-89.43946431096786,14.147256138888876,47.0,63.74400000000003,25.69546431096784,17.0
-1,-79.75170129591561,15.505716652777796,49.0,56.352000000000025,23.399701295915587,16.0
-1,-91.22480480526774,14.726953518518512,51.0,53.376000000000026,37.84880480526771,22.0
-1,-93.83569702565772,31.790546657407408,83.0,66.04800000000002,27.787697025657696,14.0
-1,-102.47446508806622,18.55932028703704,75.0,83.52000000000004,18.954465088066183,10.0
-1,-81.40537233512242,21.181517157407367,50.0,46.56000000000002,34.84537233512241,17.0
-1,-103.00711725307418,15.912732324074067,66.0,77.47200000000005,25.535117253074134,16.0
-1,-85.09545224027568,15.04770513888887,51.0,55.58400000000002,29.511452240275645,18.0
-1,-97.77129333082166,25.274499907407364,66.0,60.67200000000003,37.09929333082164,18.0
-1,-101.7981439825882,13.65147557870371,59.0,71.90400000000002,29.89414398258817,20.0
-1,-92.32415612625437,15.479781847222188,52.0,58.94400000000002,33.38015612625434,20.0
-1,-101.76727478693051,22.42902173611105,63.0,64.80000000000003,36.96727478693049,18.0
-1,-84.94754449968906,13.385202041666645,42.0,51.84000000000001,33.10754449968904,17.0
-1,-92.41053338959468,20.840581087962946,57.0,58.65600000000003,33.754533389594656,19.0
-1,-108.993718495694,15.291496143518494,68.0,76.51200000000004,32.48171849569395,22.0
-1,-92.32774772706978,19.767165069444395,60.0,66.62400000000001,25.703747727069768,15.0
-1,-107.4241409924696,20.664241606481447,63.0,67.39200000000004,40.03214099246956,19.0
-1,-100.45057497470717,21.604363129629608,64.0,69.98400000000004,30.46657497470712,19.0
-1,-92.51654587942475,23.567809629629583,68.0,70.75200000000004,21.76454587942472,15.0
-1,-86.8010369045436,21.866452050925908,58.0,64.22400000000003,22.57703690454357,12.0
-1,-97.60908600963975,16.102033305555544,54.0,67.87200000000003,29.73708600963974,19.0
-1,-94.01157306386813,23.78360143518514,62.0,64.03200000000002,29.97957306386811,16.0
-1,-87.56468161632715,20.602034379629597,61.0,65.47200000000002,22.092681616327127,13.0
-1,-105.54981250392277,17.44680561111107,59.0,72.96000000000002,32.58981250392273,19.0
-1,-98.18334150090888,10.12189723148148,55.0,71.90400000000002,26.279341500908853,17.0
-1,-105.10656484674342,19.49584588888888,77.0,70.56000000000003,34.546564846743394,20.0
-1,-88.12318367449865,17.856002449074076,53.0,62.78400000000003,25.33918367449862,17.0
-1,-100.77056208243602,15.239944953703672,56.0,67.00800000000002,33.762562082435984,19.0
-1,-103.86288398168526,21.703065023148103,56.0,59.80800000000003,44.05488398168522,22.0
-1,-104.35292954920756,18.899261240740717,59.0,69.69600000000003,34.65692954920753,16.0
-1,-86.5022249980359,18.40128019444441,56.0,65.08800000000002,21.414224998035884,13.0
-1,-86.26021224590403,18.836387023148117,53.0,60.38400000000002,25.876212245904007,15.0
-1,-111.04447838809244,22.02810685185179,72.0,73.92000000000003,37.12447838809241,22.0
-1,-108.8534550856192,12.499237453703692,61.0,78.91200000000005,29.941455085619143,19.0
-1,-88.33779439919824,17.092154930555527,57.0,57.98400000000003,30.35379439919821,19.0
-1,-82.07755369562872,19.080321152777756,50.0,54.52800000000003,27.549553695628692,15.0
-1,-92.6747738305844,11.077319574074068,55.0,66.62400000000002,26.05077383058437,17.0
-1,-91.9057445726975,23.7024255092592,59.0,54.52800000000003,37.37774457269747,21.0
-1,-78.3746559534138,12.16579569444443,52.0,66.91200000000002,11.462655953413767,9.0
-1,-93.70954261086057,25.67640822685181,67.0,58.65600000000003,35.05354261086054,19.0
-1,-95.01810483190542,16.631374537037008,57.0,68.16000000000003,26.85810483190539,17.0
-1,-116.7082991202997,19.198918162036986,70.0,76.70400000000004,40.00429912029967,22.0
-1,-95.76100831925976,16.09918830092593,45.0,52.128000000000014,43.63300831925976,22.0
-1,-98.87139352522266,17.320369699074075,62.0,62.784000000000034,36.08739352522263,20.0
-1,-105.86997216291492,22.01443791203701,69.0,66.04800000000003,39.82197216291491,20.0
-1,-95.17097641866658,17.399174712962935,53.0,63.55200000000003,31.618976418666552,18.0
-1,-97.720675773719,17.947314949074084,75.0,66.52800000000003,31.192675773718964,18.0
-1,-95.98649544115229,19.371786837962915,64.0,70.36800000000001,25.618495441152263,15.0
-1,-102.02567162521343,24.86084410185181,66.0,64.41600000000004,37.60967162521341,18.0
-1,-87.01627234432227,18.81105099074073,52.0,57.792000000000016,29.22427234432225,18.0
-1,-115.19996109367293,19.964390925925883,73.0,78.62400000000004,36.57596109367288,20.0
-1,-99.35869676026252,15.826926310185174,62.0,65.66400000000003,33.6946967602625,18.0
-1,-99.76297836535724,17.159700611111084,52.0,58.08000000000003,41.68297836535721,21.0
-1,-78.34664211168747,20.26582225462956,45.0,56.928000000000026,21.418642111687447,16.0
-1,-97.91777035935934,14.54977531944444,56.0,64.12800000000003,33.7897703593593,19.0
-1,-123.46777506498668,18.53975928240733,83.0,81.88800000000003,41.57977506498665,23.0
-1,-109.50890890206644,20.50502863888887,66.0,78.33600000000004,31.172908902066418,17.0
-1,-86.13911307116567,14.10711176388888,49.0,63.93600000000003,22.20311307116564,14.0
-1,-102.43255369525284,15.287732425925912,55.0,63.840000000000025,38.59255369525282,21.0
-1,-80.25643528172732,11.084669703703703,43.0,60.67200000000002,19.5844352817273,13.0
-1,-93.64053968486968,14.149324560185178,51.0,65.28000000000002,28.360539684869654,19.0
-1,-99.18155495702726,20.160297374999946,56.0,66.14400000000003,33.03755495702723,18.0
-1,-85.67759519298838,16.719773833333317,47.0,60.57600000000002,25.10159519298836,17.0
-1,-73.10305222305892,22.25893392129624,57.0,49.82400000000002,23.2790522230589,14.0
-1,-109.30079978434608,14.422255236111098,64.0,73.53600000000003,35.76479978434604,21.0
-1,-93.60349840091668,19.954285365740663,54.0,55.68000000000003,37.92349840091666,21.0
-1,-103.92490341136576,16.689280106481448,47.0,56.160000000000025,47.764903411365744,22.0
-1,-96.96718942845676,12.27932923611111,59.0,64.41600000000003,32.55118942845674,22.0
-1,-81.99882224279787,22.61155689814813,60.0,63.16800000000003,18.83082224279784,11.0
-1,-99.23590096992096,16.63864229166665,56.0,64.22400000000002,35.011900969920944,18.0
-1,-91.09887142796904,15.935980949074054,53.0,54.91200000000002,36.18687142796903,20.0
-1,-91.2895575687464,17.963222314814807,68.0,67.10400000000003,24.18555756874636,15.0
-1,-96.85150822021625,14.177534449074072,46.0,56.64000000000002,40.2115082202162,21.0
-1,-89.13958248172678,20.906717064814845,46.0,53.08800000000002,36.051582481726754,14.0
-1,-99.20663905758454,25.09360109722217,70.0,70.84800000000004,28.35863905758449,18.0
-1,-93.48344592841076,17.58079850925926,49.0,56.256000000000014,37.22744592841076,19.0
-1,-78.3940724148591,21.791933782407423,57.0,53.18400000000002,25.210072414859077,17.0
-1,-93.14635197837914,16.451143754629623,45.0,51.648000000000025,41.49835197837912,23.0
-1,-84.75488503255451,14.096294634259266,58.0,60.38400000000002,24.37088503255449,17.0
-1,-95.71302509105216,12.948390379629638,53.0,57.98400000000002,37.72902509105216,21.0
-1,-93.9053468315122,19.523592314814767,58.0,61.824000000000034,32.08134683151217,18.0
-1,-95.42517982552516,14.980888374999989,49.0,69.12000000000002,26.30517982552515,16.0
-1,-97.54705310292206,16.446445027777756,48.0,59.61600000000002,37.93105310292204,21.0
-1,-82.22230108363053,12.484037833333316,50.0,60.288000000000025,21.934301083630498,15.0
-1,-86.88871969003279,15.440206175925915,54.0,59.71200000000003,27.17671969003276,14.0
-1,-90.95631033228564,25.37072869444445,54.0,62.400000000000034,28.55631033228561,13.0
-1,-95.67857738997388,15.258934990740723,54.0,56.92800000000003,38.75057738997384,22.0
-1,-96.57062626147972,16.874556027777754,59.0,60.76800000000003,35.80262626147971,19.0
-1,-95.67324428988071,13.525365055555554,50.0,64.99200000000003,30.681244289880684,17.0
-1,-101.5942915867681,15.077953782407391,46.0,54.24000000000002,47.35429158676806,24.0
-1,-94.28987191580808,18.096487564814765,56.0,62.01600000000002,32.27387191580807,17.0
-1,-75.88119990452748,17.63462494444441,46.0,54.91200000000003,20.969199904527454,15.0
-1,-90.57729741446886,21.891380416666625,60.0,56.92800000000002,33.64929741446883,19.0
-1,-87.44565252166103,17.970609481481443,52.0,53.664000000000016,33.78165252166101,15.0
-1,-88.18262398412702,14.73991635185185,43.0,46.94400000000002,41.238623984127,24.0
-1,-127.53497904968128,18.49358635185181,66.0,67.68000000000002,59.85497904968127,23.0
-1,-93.5726106499208,16.697405449074054,57.0,64.51200000000003,29.060610649920765,17.0
-1,-89.21175163450337,23.054567703703697,48.0,44.256000000000014,44.95575163450335,19.0
-1,-88.33791758455496,18.204914578703697,57.0,60.19200000000003,28.14591758455493,19.0
-1,-90.46348675451588,15.216702564814804,48.0,56.54400000000002,33.91948675451586,19.0
-1,-80.53035194234,10.89510612037036,40.0,56.640000000000015,23.89035194233999,17.0
-1,-82.73488827851538,15.499454759259256,49.0,60.960000000000015,21.774888278515373,14.0
-1,-91.16641145191517,16.61684840277776,51.0,54.048000000000016,37.11841145191514,19.0
-1,-103.46736929699976,13.61004851388888,53.0,65.47200000000002,37.99536929699973,20.0
-1,-93.6678679499734,19.7706909444444,66.0,62.88000000000002,30.78786794997339,17.0
-1,-101.9738753143798,14.120715824074058,67.0,59.61600000000004,42.35787531437976,25.0
-1,-87.39320329718612,17.979977310185188,52.0,58.75200000000002,28.641203297186102,17.0
-1,-107.71989959242596,16.021046069444427,52.0,61.24800000000004,46.47189959242591,25.0
-1,-109.01956771853791,18.262616004629592,68.0,69.79200000000003,39.22756771853791,23.0
-1,-81.09100971250163,16.164923472222217,57.0,61.15200000000002,19.9390097125016,14.0
-1,-83.11912797507094,16.347144023148136,51.0,57.60000000000002,25.51912797507092,15.0
-1,-104.44984777970971,17.21286254629627,63.0,71.71200000000003,32.737847779709696,19.0
-1,-99.45293256797376,22.094344050925915,71.0,73.34400000000002,26.10893256797372,15.0
-1,-87.24020235131891,18.403840078703677,50.0,57.792000000000016,29.448202351318905,17.0
-1,-95.6560193880114,15.84389614814812,62.0,61.53600000000003,34.12001938801138,21.0
-1,-114.9189119057879,19.355015249999923,51.0,74.78400000000003,40.13491190578786,20.0
-1,-81.97345304568017,22.52421858333333,53.0,54.81600000000002,27.157453045680143,16.0
-1,-83.8937842030676,21.10176812499999,61.0,62.49600000000003,21.39778420306757,15.0
-1,-97.10685011649308,17.38748125462962,58.0,65.76000000000002,31.34685011649308,18.0
-1,-85.69454490688288,18.252805120370365,62.0,71.13600000000002,14.558544906882853,10.0
-1,-97.38984976253246,17.940003703703677,67.0,73.24800000000002,24.14184976253245,12.0
-1,-71.70833158376888,9.438411217592604,39.0,54.52800000000001,17.180331583768876,12.0
-1,-78.18348231477276,14.28045493981479,53.0,53.18400000000002,24.99948231477275,18.0
-1,-110.73865231944882,17.88116502777773,57.0,69.31200000000003,41.4266523194488,18.0
-1,-115.40152676445176,22.48588362037036,57.0,66.14400000000003,49.2575267644517,19.0
-1,-88.36151267892231,8.703780138888886,36.0,43.29600000000001,45.06551267892231,27.0
-1,-96.71537381145578,18.22932906944441,62.0,70.46400000000003,26.25137381145576,17.0
-1,-93.05899936850544,18.75081602314811,60.0,63.07200000000002,29.986999368505423,19.0
-1,-98.47006336799885,22.218271041666647,73.0,74.68800000000005,23.78206336799881,14.0
-1,-95.02690225744864,13.376239800925916,58.0,69.60000000000004,25.4269022574486,16.0
-1,-93.24514704383805,18.69694023148145,62.0,63.07200000000003,30.173147043838014,18.0
-1,-119.66944307150824,19.957714791666596,63.0,75.74400000000004,43.92544307150818,21.0
-1,-88.19929073230014,18.243825296296244,60.0,67.87200000000003,20.32729073230011,11.0
-1,-112.45460694499528,19.19184801388883,71.0,72.28800000000003,40.16660694499527,22.0
-1,-90.0393035589115,24.194442314814776,62.0,64.89600000000003,25.143303558911477,14.0
-1,-91.11667210109552,12.696036995370372,49.0,62.88000000000002,28.23667210109551,19.0
-1,-85.95965001460756,21.4058027546296,58.0,58.46400000000003,27.495650014607538,14.0
-1,-97.58312925760086,23.42197309259255,80.0,69.02400000000004,28.55912925760081,17.0
-1,-81.1496413324666,19.48564608333328,57.0,66.33600000000003,14.81364133246658,10.0
-1,-115.57384070500471,14.561753925925904,49.0,55.00800000000002,60.56584070500471,26.0
-1,-83.1949745748917,16.938319814814797,58.0,59.23200000000003,23.96297457489167,16.0
-1,-77.74502038254744,12.620580314814813,43.0,53.18400000000001,24.56102038254742,17.0
-1,-108.0160760766694,18.76244359259258,59.0,59.23200000000004,48.78407607666936,22.0
-1,-90.35871207063651,18.749032472222204,54.0,53.85600000000002,36.502712070636505,20.0
-1,-101.84462744427384,21.54031423148141,69.0,65.85600000000002,35.9886274442738,21.0
-1,-96.43755044183258,17.262024962962947,56.0,66.33600000000004,30.101550441832543,17.0
-1,-86.43720480120577,16.452717337962948,61.0,56.160000000000025,30.277204801205738,19.0
-1,-100.01444693613703,17.28965839351853,63.0,63.74400000000002,36.27044693613703,19.0
-1,-96.33150200452503,15.786835416666657,59.0,60.19200000000004,36.13950200452502,21.0
-1,-82.84784979196122,17.769415787037,45.0,52.89600000000002,29.9518497919612,18.0
-1,-99.77084425914424,15.466991930555528,62.0,71.04000000000003,28.73084425914421,19.0
-1,-103.55096740601591,17.05354439814815,67.0,72.67200000000003,30.878967406015885,21.0
-1,-98.09485591686888,12.166275791666656,49.0,64.51200000000003,33.58285591686886,21.0
-1,-96.0118001729105,20.94897821759257,50.0,63.36000000000003,32.65180017291047,18.0
-1,-85.36556358636142,15.5834618009259,42.0,50.40000000000003,34.96556358636139,22.0
-1,-85.55291720614179,16.019191666666654,49.0,61.15200000000002,24.40091720614176,15.0
-1,-109.79676188192296,19.92125563888882,60.0,63.16800000000004,46.6287618819229,23.0
-1,-85.56289701161792,22.318415444444422,70.0,62.97600000000004,22.58689701161788,16.0
-1,-86.25862515115678,18.31541143518518,43.0,52.70400000000003,33.55462515115675,17.0
-1,-93.73022348462294,24.93285608796294,60.0,57.21600000000003,36.5142234846229,19.0
-1,-88.72095977474336,13.37284775462961,51.0,58.94400000000002,29.776959774743347,19.0
-1,-100.77318068326387,23.07083301851844,63.0,69.50400000000003,31.26918068326384,18.0
-1,-67.82066750786483,11.018258611111117,44.0,52.03200000000002,15.788667507864814,11.0
-1,-93.01460405263138,17.243935310185197,43.0,52.512000000000015,40.50260405263137,17.0
-1,-89.3133567529998,15.384685351851855,56.0,67.77600000000002,21.537356752999774,14.0
-1,-86.4274871925304,12.523479685185178,41.0,51.16800000000001,35.259487192530386,23.0
-1,-88.17109505198465,18.63904581018514,46.0,51.64800000000002,36.52309505198464,18.0
-1,-89.62455564721483,16.57937688888886,68.0,64.51200000000003,25.11255564721481,16.0
-1,-114.94074342500193,19.11255812962952,61.0,66.91200000000003,48.02874342500189,27.0
-1,-92.53561413228684,17.68762338425926,51.0,56.92800000000003,35.607614132286805,20.0
-1,-101.36671624441983,21.74501471296293,68.0,65.47200000000002,35.89471624441983,19.0
-1,-87.78826837387555,14.95789567129632,51.0,58.94400000000003,28.84426837387552,16.0
-1,-88.6024656330238,18.16924582870369,54.0,60.288000000000025,28.314465633023765,16.0
-1,-88.93854918234763,19.814359662037013,70.0,66.14400000000002,22.794549182347616,13.0
-1,-86.32196814754096,14.206422499999992,46.0,62.88000000000003,23.441968147540923,13.0
-1,-91.34980620483672,19.195667263888858,67.0,67.48800000000003,23.86180620483668,16.0
-1,-85.0868865013953,18.596400990740744,56.0,54.048000000000016,31.03888650139529,17.0
-1,-87.6206876829724,18.72257006481482,56.0,69.21600000000004,18.40468768297236,14.0
-1,-96.6424890594048,17.8642569675926,55.0,67.39200000000002,29.25048905940479,14.0
-1,-105.2142964134086,21.883879509259195,54.0,59.52000000000002,45.69429641340858,20.0
-1,-104.39733926164942,11.662153736111122,68.0,82.36800000000005,22.029339261649376,17.0
-1,-107.74296592744014,17.152124662037004,67.0,78.04800000000002,29.694965927440126,19.0
-1,-82.19973986485067,14.881238069444452,45.0,54.33600000000001,27.863739864850658,16.0
-1,-106.42519863440802,15.717802759259266,78.0,73.53600000000003,32.88919863440798,23.0
-1,-98.61440690548014,17.856297814814813,54.0,62.97600000000004,35.6384069054801,20.0
-1,-88.25836900127898,21.91989889351848,58.0,58.65600000000003,29.60236900127895,16.0
-1,-133.43484030604262,17.43765624074068,81.0,77.56800000000004,55.866840306042576,26.0
-1,-109.5443854504295,17.144476629629594,72.0,76.12800000000004,33.41638545042946,20.0
-1,-99.26055307182136,17.186474805555545,59.0,65.37600000000003,33.88455307182132,17.0
-1,-96.29353159419482,18.28310174074069,48.0,51.93600000000002,44.3575315941948,22.0
-1,-88.93259598408066,15.985016870370368,55.0,61.44000000000003,27.492595984080623,18.0
-1,-95.84784787741803,21.42707753240737,61.0,61.05600000000003,34.791847877418014,17.0
-1,-79.02567927627271,16.250140402777774,51.0,64.32000000000004,14.70567927627268,11.0
-1,-94.89346837336056,18.96096189814813,64.0,70.84800000000003,24.04546837336053,16.0
-1,-85.77850935773715,21.2843128842592,61.0,62.49600000000004,23.28250935773712,15.0
-1,-87.7116513101092,19.233713995370326,46.0,56.06400000000003,31.647651310109172,20.0
-1,-94.85167482672914,22.942330523148087,53.0,57.21600000000003,37.63567482672911,16.0
-1,-92.1887488490876,14.182782087962956,50.0,61.824000000000034,30.364748849087565,18.0
-1,-101.56949275019495,21.161142583333294,62.0,58.17600000000002,43.39349275019495,21.0
-1,-85.88096234206839,22.86740606018518,58.0,60.09600000000001,25.78496234206838,14.0
-1,-94.25492517177696,16.18989433333334,53.0,54.43200000000002,39.82292517177693,22.0
-1,-101.57289582824932,21.077710930555515,62.0,66.52800000000002,35.044895828249295,18.0
-1,-83.76652054714948,18.72298458333332,52.0,56.06400000000002,27.70252054714946,15.0
-1,-79.19119974864302,12.689494870370364,35.0,40.320000000000014,38.871199748643,21.0
-1,-117.1516977536557,15.385193351851852,58.0,66.52800000000003,50.623697753655655,24.0
-1,-103.26652409345348,19.76474498148141,64.0,65.56800000000003,37.69852409345346,21.0
-1,-78.22064044239362,15.765905055555557,44.0,55.87200000000002,22.3486404423936,14.0
-1,-88.9083295156531,15.703779865740746,51.0,60.288000000000025,28.62032951565306,20.0
-1,-107.26783862055412,19.324340046296214,54.0,64.03200000000002,43.23583862055411,20.0
-1,-95.88258680157122,13.567553324074073,57.0,67.29600000000002,28.5865868015712,19.0
-1,-98.69727465123106,19.64643808796293,55.0,64.51200000000003,34.18527465123102,20.0
-1,-95.08544232590336,15.376840606481489,51.0,61.056000000000026,34.029442325903325,19.0
-1,-85.25406380457214,16.658262263888865,57.0,59.32800000000002,25.92606380457212,13.0
-1,-85.15538871168009,15.12503957870371,48.0,57.02400000000002,28.131388711680067,19.0
-1,-98.34865706850252,20.123467124999976,63.0,63.45600000000003,34.8926570685025,21.0
-1,-90.31786223927256,13.683457972222202,55.0,57.21600000000002,33.10186223927254,18.0
-1,-111.11978906782484,20.514951379629576,68.0,69.79200000000002,41.3277890678248,18.0
-1,-76.10891789147198,17.3542918564815,51.0,54.81600000000003,21.292917891471937,16.0
-1,-86.29486798213685,15.064436675925894,40.0,51.26400000000002,35.03086798213683,19.0
-1,-93.64133911079249,18.640460722222173,60.0,68.64000000000003,25.00133911079245,17.0
-1,-85.19805681043192,23.39574373611112,56.0,48.96000000000002,36.23805681043191,17.0
-1,-104.39889987878205,11.917186703703708,61.0,70.84800000000003,33.550899878782005,22.0
-1,-90.1630776031095,17.394284606481484,50.0,70.27200000000003,19.891077603109466,11.0
-1,-87.5431097681834,17.636266935185144,54.0,61.24800000000003,26.29510976818336,19.0
-1,-105.40778696214254,18.97684837037034,63.0,74.68800000000003,30.719786962142503,19.0
-1,-100.63900195262278,18.52786222222221,66.0,66.52800000000002,34.111001952622765,19.0
-1,-99.85833595943625,13.368513481481472,48.0,55.68000000000003,44.17833595943621,23.0
-1,-95.28213932366552,14.182294509259249,55.0,71.80800000000004,23.47413932366548,15.0
-1,-86.83576130542966,15.02219385185185,50.0,58.46400000000003,28.371761305429622,17.0
-1,-90.51266185708243,15.760653319444453,53.0,62.592000000000034,27.920661857082397,17.0
-1,-100.84285189688212,15.460133814814789,64.0,60.38400000000004,40.45885189688207,23.0
-1,-92.23882442998496,20.251970560185168,57.0,66.52800000000003,25.71082442998494,16.0
-1,-83.32847591234518,19.22362350462962,62.0,65.85600000000002,17.472475912345157,11.0
-1,-107.65607301954265,16.19508352777776,66.0,75.07200000000002,32.58407301954263,17.0
-1,-71.09772303305286,17.08686044444444,53.0,51.64800000000002,19.449723033052845,14.0
-1,-74.13500073880265,14.099695240740717,48.0,59.42400000000003,14.711000738802612,11.0
-1,-93.2113410776698,16.601686694444442,59.0,70.27200000000002,22.939341077669795,16.0
-1,-78.01335296206716,13.21509185648149,44.0,50.59200000000001,27.42135296206714,19.0
-1,-92.76099478172095,13.977216805555557,50.0,55.87200000000002,36.88899478172095,19.0
-1,-107.0078267305339,21.47246274999993,53.0,61.63200000000003,45.37582673053387,20.0
-1,-108.82203068386256,25.353553870370312,52.0,63.64800000000004,45.174030683862505,18.0
-1,-80.82603729700634,15.963282291666673,46.0,55.776000000000025,25.05003729700632,16.0
-1,-85.34542768790436,17.186626166666642,62.0,67.96800000000003,17.37742768790433,12.0
-1,-98.57665782302496,15.530150861111103,55.0,66.72000000000003,31.85665782302493,20.0
-1,-103.5107231165136,24.971903444444425,86.0,76.12800000000004,27.382723116513564,17.0
-1,-97.3955188563891,14.694193805555567,53.0,58.17600000000002,39.21951885638908,21.0
-1,-96.19079460175364,13.80795743981482,55.0,61.44000000000002,34.75079460175362,20.0
-1,-80.50728475929697,16.0914359722222,50.0,58.56000000000002,21.94728475929693,16.0
-1,-79.14668424507951,14.754976162037025,56.0,63.16800000000004,15.978684245079478,11.0
-1,-101.2658438064744,27.33146388888885,68.0,66.91200000000003,34.353843806474366,16.0
-1,-92.5543991554109,14.907270009259248,58.0,63.36000000000003,29.19439915541088,18.0
-1,-87.79270797368733,16.37136893981481,48.0,56.736000000000026,31.05670797368731,18.0
-1,-103.56921877821536,21.567429245370363,58.0,63.26400000000002,40.30521877821536,18.0
-1,-99.42144855943658,17.072559564814753,44.0,61.82400000000002,37.59744855943656,18.0
-1,-106.35895355852716,13.929839254629638,53.0,70.08000000000003,36.278953558527135,19.0
-1,-99.8003008686884,20.939541129629568,66.0,77.08800000000004,22.71230086868836,14.0
-1,-71.29828307190708,16.098797231481477,44.0,47.71200000000002,23.586283071907054,17.0
-1,-89.46287822182084,13.029665634259263,57.0,56.06400000000002,33.39887822182082,20.0
-1,-107.04134809096357,17.62323878703696,72.0,69.40800000000003,37.63334809096354,21.0
-1,-79.34564262136294,20.26251022685184,51.0,57.88800000000003,21.45764262136292,14.0
-1,-99.45254751559196,16.916879398148136,58.0,67.29600000000003,32.156547515591924,17.0
-1,-88.30155457937268,22.39379307407404,58.0,61.92000000000003,26.381554579372647,18.0
-1,-74.54963985973342,12.61059481944444,48.0,58.08000000000003,16.469639859733398,13.0
-1,-87.8555453094238,20.12561546759253,68.0,60.96000000000003,26.89554530942378,18.0
-1,-103.2259380308289,19.6396303333333,72.0,65.08800000000002,38.13793803082888,21.0
-1,-94.33629661450236,16.251443263888895,62.0,68.64000000000004,25.696296614502337,16.0
-1,-107.10181042854114,20.72395168518512,83.0,82.27200000000003,24.829810428541105,15.0
-1,-118.5612236320552,20.617330990740683,67.0,84.67200000000004,33.88922363205515,20.0
-1,-101.02679899631472,18.557515912036997,59.0,70.65600000000002,30.370798996314704,19.0
-1,-86.0258569071003,20.83905616666663,50.0,53.760000000000026,32.26585690710028,17.0
-1,-104.69033338366602,16.24037654166666,58.0,72.19200000000004,32.49833338366598,18.0
-1,-87.55448188537852,16.7691186898148,56.0,53.76000000000002,33.794481885378495,20.0
-1,-123.35549212022975,15.775708370370351,48.0,56.06400000000003,67.29149212022975,23.0
-1,-97.04573865391012,14.071796930555534,61.0,69.50400000000005,27.541738653910063,19.0
-1,-87.1012472339956,13.608895898148146,54.0,63.45600000000002,23.645247233995565,16.0
-1,-84.93250269830385,10.854193671296294,44.0,51.16800000000002,33.76450269830383,22.0
-1,-116.52943908739194,21.75050106481476,69.0,72.57600000000004,43.9534390873919,21.0
-1,-88.56686883229881,19.619249425925894,57.0,54.24000000000003,34.32686883229878,21.0
