-1,-1260.7183600486262,50.05406441666673,572.0,1067.2319999999931,193.48636004863312,17.0
-1,-787.3955298607934,112.53592342129636,374.0,338.7839999999994,448.611529860794,30.0
-1,-788.769043384699,133.88978305555565,361.0,275.3279999999999,513.441043384699,30.0
-1,-740.9927555101433,110.40399538425925,308.0,187.0079999999999,553.9847555101434,30.0
-1,-727.0407521064647,114.62718683796284,308.0,226.55999999999997,500.4807521064647,30.0
-1,-576.4796800316003,54.31863606018516,250.0,197.37599999999992,379.1036800316004,30.0
-1,-547.2051710410414,72.52050012037043,261.0,192.09599999999992,355.1091710410414,30.0
-1,-899.1892671015848,122.50746922222218,319.0,233.76000000000013,665.4292671015847,30.0
-1,-1100.534323052209,131.61935428240744,338.0,241.4400000000001,859.0943230522089,30.0
-1,-613.5107541682515,120.44796386574072,297.0,179.99999999999997,433.51075416825154,30.0
-1,-712.7070994110986,83.31315441203711,334.0,277.15200000000004,435.5550994110985,30.0
-1,-878.322069450413,106.66034733333332,302.0,251.2320000000001,627.0900694504129,30.0
-1,-752.2974376427928,95.46417493981475,322.0,247.87200000000004,504.4254376427928,30.0
-1,-509.77359385500336,91.06944258333338,272.0,199.2,310.57359385500337,30.0
-1,-804.4632871802258,112.56589610185183,340.0,262.08000000000004,542.3832871802258,30.0
-1,-475.0586373959089,86.36317157407403,253.0,170.78400000000008,304.2746373959088,30.0
-1,-689.8589472778032,99.24439636574058,332.0,281.4719999999997,408.3869472778034,30.0
-1,-462.8903425471242,66.1060113703704,258.0,187.48800000000008,275.40234254712414,30.0
-1,-733.7316780807046,107.68689641666654,349.0,273.3120000000001,460.4196780807045,30.0
-1,-555.7158971970256,97.27237260185191,288.0,198.5280000000001,357.1878971970255,29.0
-1,-617.8178723036197,80.95808762037042,271.0,217.6320000000001,400.18587230361953,30.0
-1,-500.5582789224156,100.63068103703708,300.0,218.5920000000002,281.96627892241537,30.0
-1,-665.0175796468966,71.6131130416668,327.0,319.1999999999996,345.81757964689706,30.0
-1,-588.6486835736982,79.16123834722231,269.0,211.87199999999996,376.7766835736983,30.0
-1,-281.7569181876589,56.46576035648152,221.0,152.8320000000001,128.92491818765882,30.0
-1,-435.5450131639956,63.06545502777784,266.0,208.51200000000009,227.03301316399552,30.0
-1,-465.108511299622,62.64757311111114,235.0,196.89600000000004,268.21251129962195,30.0
-1,-429.8347099036515,60.98514278240744,270.0,207.16800000000003,222.6667099036515,30.0
-1,-676.4111062482198,79.3654146527778,288.0,188.4480000000001,487.9631062482197,30.0
-1,-413.3685929375446,66.87411418055565,291.0,219.0720000000001,194.2965929375445,30.0
-1,-524.2924290255214,70.31914364351861,298.0,242.4000000000001,281.8924290255214,30.0
-1,-446.7540352746123,49.6216858425927,296.0,267.74399999999974,179.01003527461253,29.0
-1,-486.25839923634425,61.25183865277792,293.0,308.4479999999996,177.8103992363447,30.0
-1,-318.9837362046538,41.8895186944445,214.0,198.91199999999995,120.07173620465385,30.0
-1,-381.6071188265842,65.76765406481492,243.0,200.9280000000002,180.67911882658407,30.0
-1,-578.4072078383978,81.82821423148154,301.0,232.8000000000001,345.6072078383977,30.0
-1,-383.460474367358,65.23540090277793,255.0,208.512,174.948474367358,30.0
-1,-422.65277651457535,60.39628716203705,240.0,180.9599999999999,241.69277651457543,30.0
-1,-335.4912236795439,44.47392208796301,252.0,194.784,140.70722367954394,27.0
-1,-477.6311460820831,81.16866675000009,270.0,171.84,305.7911460820831,30.0
-1,-396.3137470536418,52.791348902777926,272.0,229.44,166.8737470536418,29.0
-1,-428.9632424547947,72.47463363425923,267.0,233.47200000000015,195.49124245479453,30.0
-1,-407.5079279026744,63.13860082870379,267.0,198.33599999999987,209.1719279026745,30.0
-1,-305.0473104322504,43.180386328703634,214.0,159.74400000000006,145.30331043225033,30.0
-1,-309.2076961087495,65.15127929166674,213.0,151.10399999999998,158.10369610874952,30.0
-1,-510.3956533810394,64.8776368935186,276.0,226.65600000000012,283.7396533810393,29.0
-1,-273.00474349264584,39.993698018518536,218.0,180.192,92.81274349264584,27.0
-1,-372.2010192901617,50.69438472685199,270.0,195.26400000000007,176.93701929016157,30.0
-1,-423.046262358911,47.74996546759257,269.0,226.27200000000008,196.77426235891093,30.0
-1,-460.7736284200328,49.53020828240746,283.0,309.9839999999996,150.78962842003315,29.0
-1,-310.83364247330087,49.38969823611117,242.0,193.344,117.48964247330082,27.0
-1,-383.9388531445524,45.4635663333334,237.0,225.6,158.33885314455236,30.0
-1,-427.8994525657327,65.91328325462969,258.0,192.38400000000007,235.51545256573263,30.0
-1,-266.16023631915874,37.32511906481495,206.0,153.79199999999994,112.36823631915878,29.0
-1,-419.6015641386947,74.53966982407412,277.0,195.8400000000001,223.7615641386946,29.0
-1,-398.40391609253294,51.61574929166667,254.0,204.0,194.40391609253297,30.0
-1,-342.9110493643585,52.80324386574072,256.0,225.40800000000004,117.5030493643585,30.0
-1,-342.1117204024846,48.92447538425929,247.0,217.152,124.95972040248458,27.0
-1,-387.5533520755205,43.39076459722234,260.0,207.26399999999995,180.28935207552055,30.0
-1,-278.57004565675305,42.36319031481487,216.0,165.11999999999995,113.45004565675308,30.0
-1,-432.61337447653045,52.27613002777774,254.0,202.752,229.86137447653044,30.0
-1,-317.3518441243135,47.71007452777775,218.0,168.76800000000006,148.58384412431346,30.0
-1,-241.44547245395745,40.00699393981483,197.0,156.28799999999998,85.15747245395744,25.0
-1,-390.23864725833096,42.52051468981489,217.0,192.1920000000001,198.0466472583309,26.0
-1,-298.51556121852246,41.72127960185187,220.0,180.8640000000001,117.65156121852236,30.0
-1,-440.18541201076175,56.071290379629765,244.0,199.6800000000001,240.5054120107617,29.0
-1,-276.0856862755148,45.61168813425931,205.0,176.44800000000004,99.63768627551474,27.0
-1,-279.4904494944967,44.10351909259262,190.0,173.37599999999998,106.11444949449674,29.0
-1,-274.15162147017566,49.74188790277782,205.0,176.35199999999998,97.79962147017572,25.0
-1,-408.6297770049193,53.17719475000006,224.0,191.616,217.0137770049194,29.0
-1,-289.99813163778856,36.187730268518536,205.0,173.85600000000005,116.14213163778854,29.0
-1,-468.15565649289607,55.80309665277788,294.0,258.528,209.6276564928961,30.0
-1,-412.24178541204617,52.38959125925929,256.0,212.44800000000004,199.79378541204616,29.0
-1,-205.97910959005637,30.68470219444443,182.0,154.27200000000002,51.70710959005633,22.0
-1,-323.6406070145958,33.35545934722221,222.0,216.096,107.5446070145958,28.0
-1,-313.8355429749158,36.30926918981476,210.0,167.42399999999998,146.41154297491587,30.0
-1,-377.13063714639424,35.79298113425933,248.0,212.83200000000008,164.29863714639416,29.0
-1,-279.4989020721352,36.28609028703706,223.0,186.33600000000004,93.16290207213514,28.0
-1,-314.5195905529258,44.51475503240748,209.0,176.63999999999993,137.8795905529259,30.0
-1,-196.47986646345163,36.434764513888894,180.0,152.64,43.839866463451656,18.0
-1,-413.1058634373725,34.613145078703766,189.0,163.77599999999993,249.32986343737255,28.0
-1,-254.99357721551723,34.28697856018522,172.0,143.42400000000004,111.5695772155172,28.0
-1,-373.0725344837032,61.09629613425943,213.0,162.91199999999998,210.1605344837033,30.0
-1,-345.5119692008019,43.84733108796296,224.0,170.88000000000014,174.6319692008018,30.0
-1,-317.66211677548426,44.411916087962965,192.0,180.00000000000006,137.66211677548418,29.0
-1,-420.72597193534136,42.8608624398149,216.0,182.592,238.13397193534135,29.0
-1,-425.7926255469874,50.57304222222226,202.0,175.20000000000002,250.59262554698745,30.0
-1,-281.56182055047145,46.93071790277784,193.0,142.65600000000003,138.90582055047142,27.0
-1,-314.9297427542663,38.03052681944451,201.0,175.48799999999994,139.44174275426636,28.0
-1,-261.7019140277402,42.9388696388889,167.0,132.67199999999994,129.02991402774026,29.0
-1,-262.3673117703504,40.88719343981485,160.0,144.096,118.2713117703504,29.0
-1,-361.2475025159415,42.36887468055563,210.0,193.0560000000001,168.19150251594138,29.0
-1,-296.26092348807265,27.02728636111109,167.0,166.65599999999995,129.6049234880727,27.0
-1,-285.5668265247451,35.7751742037037,165.0,139.10400000000007,146.46282652474503,28.0
-1,-240.7045539840985,36.6222281342593,158.0,140.35200000000003,100.35255398409848,26.0
-1,-236.6128851117741,46.03537547222224,174.0,125.47199999999992,111.14088511177418,28.0
-1,-257.20430540045464,32.35477824537036,169.0,144.67200000000005,112.5323054004546,30.0
-1,-237.6006133483424,50.01806634259263,169.0,111.83999999999996,125.76061334834242,28.0
-1,-191.53700382919703,32.59164160648147,151.0,122.39999999999996,69.13700382919708,25.0
-1,-361.3160189961118,45.26181558796303,188.0,149.28000000000003,212.03601899611172,30.0
-1,-516.6727336511302,41.73784955555552,205.0,261.31200000000007,255.3607336511301,30.0
-1,-179.06641508862322,29.64272760648146,137.0,116.256,62.81041508862323,23.0
-1,-215.95203707381623,33.34346649999997,149.0,133.056,82.89603707381626,25.0
-1,-291.3137004638062,44.04434682870378,160.0,142.65600000000006,148.65770046380612,30.0
-1,-218.2088366141316,22.878072412037078,144.0,138.33599999999996,79.87283661413161,27.0
-1,-225.64826136511985,32.23088574537039,130.0,115.29599999999998,110.35226136511984,25.0
-1,-227.5186659367069,37.32721605555559,149.0,136.80000000000004,90.71866593670686,27.0
-1,-196.75257314908217,31.34312256018518,153.0,131.90400000000002,64.84857314908214,21.0
-1,-256.26776503450697,32.50235131944445,155.0,119.71199999999996,136.555765034507,29.0
-1,-267.5013989724396,40.96260985648147,159.0,140.92800000000005,126.57339897243956,27.0
-1,-186.317023207626,25.42004679629628,138.0,130.36800000000002,55.94902320762596,22.0
-1,-235.00713840373533,41.5081421944445,142.0,117.408,117.59913840373537,26.0
-1,-239.08610516262468,33.85149049074076,140.0,135.26400000000007,103.82210516262462,26.0
-1,-164.1107915491721,19.081598875000005,123.0,119.71200000000002,44.39879154917208,23.0
-1,-193.80180314449157,35.495351439814804,142.0,120.288,73.51380314449152,23.0
-1,-163.3908589104335,22.368715939814837,111.0,114.81600000000005,48.57485891043345,22.0
-1,-184.094610998984,29.65578395370371,133.0,114.912,69.182610998984,28.0
-1,-266.59751651460226,31.123108254629624,144.0,135.264,131.33351651460228,29.0
-1,-187.76543661792385,30.256277722222176,131.0,137.3760000000001,50.38943661792378,19.0
-1,-219.6298187041656,33.26573185648148,146.0,141.31199999999998,78.3178187041656,24.0
-1,-215.449599387206,27.472449587962952,126.0,126.33600000000004,89.11359938720595,23.0
-1,-181.62520677469257,27.861626601851857,123.0,116.44800000000004,65.17720677469254,25.0
-1,-174.41665809993663,23.781270111111144,114.0,117.12000000000008,57.296658099936565,23.0
-1,-254.2706770230641,33.541316912037054,136.0,125.56800000000008,128.70267702306407,29.0
-1,-227.9546634817114,30.06356697222221,121.0,111.64800000000002,116.30666348171135,28.0
-1,-217.05509358798705,33.98598859722223,143.0,140.83199999999997,76.22309358798704,24.0
-1,-321.1038832559583,27.90081655092593,155.0,155.13599999999997,165.9678832559583,29.0
-1,-254.5026774489566,36.555039930555566,150.0,131.80800000000005,122.69467744895655,30.0
-1,-223.68926380319323,31.96345110185187,128.0,121.248,102.44126380319324,29.0
-1,-164.3575897321532,29.486691967592613,129.0,132.96000000000004,31.39758973215317,18.0
-1,-185.2410139894952,37.11476707870373,133.0,100.89600000000004,84.34501398949513,24.0
-1,-172.43651170482875,29.126942791666643,121.0,117.312,55.12451170482876,21.0
-1,-185.38889850991757,24.786062703703674,106.0,109.63200000000008,75.75689850991746,22.0
-1,-183.1002026140488,24.372307578703712,121.0,126.336,56.76420261404881,20.0
-1,-190.2441889467234,37.21719625925927,131.0,105.504,84.74018894672342,28.0
-1,-219.81881918243107,31.7309341064815,121.0,131.42400000000004,88.39481918243104,24.0
-1,-225.63358577606533,36.72768375925924,122.0,103.96800000000005,121.6655857760653,30.0
-1,-195.825695032715,35.03236722685187,118.0,123.072,72.75369503271502,25.0
-1,-171.36885836496546,34.43270631481487,110.0,104.54400000000004,66.82485836496544,25.0
-1,-183.78999887928163,30.651517523148197,120.0,105.312,78.47799887928164,23.0
-1,-166.1434767224684,26.200636541666665,124.0,111.55200000000004,54.591476722468336,23.0
-1,-222.30485165489077,37.04326977777787,125.0,133.72800000000004,88.5768516548907,23.0
-1,-210.8323180974591,37.95338337037042,136.0,115.968,94.86431809745912,24.0
-1,-186.44245050280648,29.3397090462963,117.0,109.92000000000004,76.52245050280644,24.0
-1,-172.99785027604537,24.446088398148152,111.0,112.51200000000004,60.48585027604534,24.0
-1,-210.50553195541775,37.55340429629635,113.0,100.70400000000004,109.80153195541772,26.0
-1,-172.69629962081643,34.74804418055556,124.0,114.91200000000003,57.7842996208164,20.0
-1,-198.1125119566176,28.746176546296315,111.0,119.80800000000004,78.30451195661757,26.0
-1,-207.8315694250966,40.64062064351851,121.0,106.08,101.7515694250966,23.0
-1,-185.2498157202752,37.08681166666665,115.0,109.82400000000004,75.42581572027517,25.0
-1,-197.0523822041088,27.367202976851825,109.0,119.52000000000002,77.53238220410876,26.0
-1,-183.4557365539542,23.537374430555506,108.0,101.856,81.59973655395422,27.0
-1,-189.621582881366,25.368441842592567,122.0,137.47200000000004,52.14958288136598,25.0
-1,-185.69692847884568,30.240283319444448,112.0,116.64000000000004,69.05692847884562,22.0
-1,-198.2865795983105,31.141379601851813,117.0,110.592,87.69457959831054,27.0
-1,-181.39484911341827,31.88888220370371,112.0,102.62399999999992,78.77084911341836,28.0
-1,-219.84845947834657,30.74168755555557,123.0,119.61600000000008,100.2324594783465,30.0
-1,-187.1530192104976,25.43411393518515,101.0,105.40800000000004,81.74501921049757,27.0
-1,-205.83835330414797,37.40850773148146,123.0,115.58400000000005,90.25435330414793,27.0
-1,-231.22431169537268,45.13208493981488,127.0,115.10399999999998,116.12031169537268,27.0
-1,-170.2932218649747,23.505301518518504,120.0,108.096,62.19722186497469,28.0
-1,-181.6129488851369,33.6532229259259,108.0,90.43199999999996,91.18094888513689,26.0
-1,-142.8359889212104,29.13078852314814,106.0,98.208,44.62798892121039,17.0
-1,-196.31708792056224,35.705609407407415,115.0,90.336,105.98108792056225,28.0
-1,-167.34523181944903,38.67597744907408,104.0,82.08000000000004,85.265231819449,25.0
-1,-139.373306231351,29.43644288425927,100.0,92.64000000000004,46.73330623135096,17.0
-1,-202.16060059000975,38.607005601851846,116.0,111.93599999999998,90.2246005900098,23.0
-1,-176.76607675276804,35.056282379629664,91.0,86.78400000000002,89.98207675276802,22.0
-1,-139.37630224318653,22.88655412962968,83.0,85.24800000000003,54.12830224318649,20.0
-1,-175.16000305665494,26.395883231481527,103.0,109.152,66.00800305665493,25.0
-1,-156.38946351205226,35.84854651851857,106.0,92.64000000000004,63.74946351205223,20.0
-1,-165.00675120005502,29.15182175462967,92.0,90.624,74.38275120005503,23.0
-1,-143.9201983796122,21.588586069444464,91.0,91.39200000000008,52.52819837961213,22.0
-1,-196.57255652446963,35.53310154629628,103.0,94.17599999999996,102.39655652446964,25.0
-1,-185.98945651280795,28.989100162037,120.0,118.84799999999998,67.14145651280796,24.0
-1,-166.9734084796357,26.211962212962955,96.0,111.552,55.4214084796357,21.0
-1,-188.6405583721376,29.4937164212963,109.0,115.296,73.34455837213761,22.0
-1,-217.45417715898287,43.84086830092592,124.0,113.28,104.17417715898289,24.0
-1,-154.7121112456279,24.96700217129631,96.0,88.79999999999998,65.91211124562791,22.0
-1,-159.53075757594553,31.517313212962947,130.0,103.488,56.04275757594552,21.0
-1,-132.9833365294066,19.632333240740756,81.0,86.88000000000004,46.10333652940655,24.0
-1,-159.37761719752933,20.981184643518496,99.0,126.14400000000008,33.233617197529256,20.0
-1,-162.45468221717152,18.4437590138889,96.0,105.216,57.23868221717153,22.0
-1,-168.86305594730388,21.97736213425924,101.0,110.97600000000006,57.88705594730381,19.0
-1,-158.64441611086312,30.4996637916666,94.0,86.78400000000003,71.86041611086308,22.0
-1,-144.27787162299762,24.447302837962948,89.0,85.82400000000001,58.45387162299761,23.0
-1,-148.80012780401688,23.006364921296285,97.0,95.61600000000004,53.18412780401684,20.0
-1,-157.45249768975117,21.75189603703705,93.0,93.98400000000002,63.46849768975116,22.0
-1,-159.92167473802522,29.341128305555543,96.0,82.944,76.97767473802523,25.0
-1,-174.79092229977255,24.64193863888887,91.0,88.89600000000002,85.89492229977253,27.0
-1,-171.96397709193425,28.16945808333335,101.0,93.88799999999992,78.0759770919343,23.0
-1,-163.42786143044202,27.538269203703702,94.0,89.56800000000001,73.85986143044201,21.0
-1,-144.54176391606407,28.27194192129628,118.0,98.49600000000002,46.04576391606405,20.0
-1,-171.57235853500913,30.476266078703738,110.0,105.504,66.06835853500915,23.0
-1,-164.80826705113267,22.26982829166664,88.0,97.82400000000004,66.98426705113265,26.0
-1,-202.62783948994436,37.66172948148151,105.0,95.232,107.39583948994432,28.0
-1,-166.41578261376674,32.24416108333332,106.0,92.92800000000004,73.48778261376673,23.0
-1,-227.1586935306061,32.50577452777778,103.0,113.568,113.59069353060607,29.0
-1,-138.85974838268888,20.162032629629618,95.0,96.96000000000004,41.899748382688834,20.0
-1,-162.97906546777253,34.0141648148148,103.0,90.816,72.16306546777253,23.0
-1,-173.7211246541478,20.88826136111112,124.0,120.864,52.85712465414778,26.0
-1,-171.63450794979406,23.578780041666683,92.0,91.104,80.53050794979406,28.0
-1,-183.10320917772623,26.087031175925908,104.0,105.696,77.4072091777262,26.0
-1,-154.38583270229935,33.64199804629631,97.0,87.16799999999999,67.21783270229936,22.0
-1,-163.2950693165953,26.15753207870366,86.0,96.28800000000004,67.00706931659526,25.0
-1,-162.82882209812036,25.04299243518518,98.0,101.56800000000004,61.260822098120336,23.0
-1,-168.8255717037297,17.85914602777779,108.0,130.84800000000007,37.97757170372964,19.0
-1,-235.67831796627277,25.43945094444442,102.0,104.64000000000004,131.0383179662727,29.0
-1,-152.82084743120566,26.34363264814811,79.0,80.92800000000004,71.89284743120564,21.0
-1,-137.43580061366018,24.26341100462961,78.0,70.36800000000004,67.06780061366014,24.0
-1,-141.35638337179512,24.936693388888862,82.0,84.672,56.68438337179513,21.0
-1,-189.20442732917547,21.712693949074097,85.0,83.616,105.58842732917546,27.0
-1,-155.97616851331242,25.028177731481527,94.0,97.632,58.34416851331242,25.0
-1,-160.558321590452,27.46956153240739,73.0,74.208,86.350321590452,25.0
-1,-150.91150806177234,22.63781348611111,76.0,81.60000000000002,69.31150806177232,25.0
-1,-147.63699134716444,24.88628114814816,101.0,103.96800000000005,43.66899134716439,18.0
-1,-211.9934856636025,48.80065177314816,108.0,88.70399999999997,123.2894856636026,28.0
-1,-153.18296675323944,31.041738925925905,89.0,86.592,66.59096675323946,19.0
-1,-185.7790352904522,26.25171180555554,95.0,101.76000000000003,84.01903529045218,28.0
-1,-139.0586896678215,29.738094787037024,76.0,77.08800000000002,61.97068966782148,21.0
-1,-133.5407721802027,25.73093374537036,81.0,78.52799999999999,55.01277218020272,22.0
-1,-145.3014001406562,25.17399887037037,98.0,99.74400000000006,45.557400140656135,22.0
-1,-156.8444654019592,28.218300310185185,102.0,95.904,60.94046540195919,20.0
-1,-138.84013474294497,26.54479150925927,94.0,89.184,49.65613474294497,21.0
-1,-147.913591232751,26.736482435185177,95.0,85.15200000000006,62.76159123275095,25.0
-1,-218.2043348294392,45.88695342129626,106.0,77.37599999999998,140.82833482943923,27.0
-1,-159.55620333824595,18.0178697175926,91.0,90.14400000000002,69.41220333824593,27.0
-1,-168.9547539289964,31.714626671296276,93.0,85.63200000000002,83.32275392899638,28.0
-1,-161.2525429835528,23.76615159259258,81.0,83.04000000000002,78.21254298355278,23.0
-1,-148.75448011520712,16.30080124537037,88.0,100.80000000000004,47.95448011520708,25.0
-1,-202.9442183399139,35.730596671296304,92.0,75.74400000000006,127.20021833991385,28.0
-1,-158.06181808608682,25.265444083333307,79.0,86.97600000000003,71.0858180860868,26.0
-1,-152.7721604001685,29.083953782407413,88.0,95.52000000000002,57.25216040016849,22.0
-1,-196.81067869891447,37.46882424074073,102.0,91.29599999999996,105.51467869891452,27.0
-1,-157.53578642503567,23.47306959259256,85.0,84.86400000000005,72.6717864250356,24.0
-1,-155.9420492949387,29.677630657407374,89.0,90.048,65.8940492949387,26.0
-1,-141.9352559379778,23.75203210185189,91.0,86.68800000000002,55.2472559379778,23.0
-1,-188.6706171972691,26.626804263888918,85.0,89.37600000000003,99.29461719726908,25.0
-1,-148.9202065971085,22.40701276851856,80.0,97.63200000000003,51.28820659710845,18.0
-1,-157.95734949500195,26.63599602777778,98.0,95.328,62.629349495001975,24.0
-1,-150.1916863850481,26.90477946296294,88.0,100.32000000000002,49.87168638504806,20.0
-1,-164.02337241842125,28.546394749999983,89.0,85.24799999999998,78.77537241842127,23.0
-1,-192.37514488081237,28.1801889583333,88.0,97.15200000000004,95.22314488081231,28.0
-1,-148.25636421061046,30.928882407407425,108.0,105.50400000000003,42.752364210610416,19.0
-1,-181.12449978293145,23.84124045833333,119.0,134.30400000000012,46.8204997829313,19.0
-1,-185.04700019115097,28.658175870370368,102.0,115.87200000000006,69.17500019115093,22.0
-1,-159.96898559495352,25.94750530555552,105.0,105.40800000000002,54.56098559495351,20.0
-1,-146.4847775761187,28.229680828703724,98.0,99.16800000000003,47.31677757611863,17.0
-1,-174.50171881747588,26.73615661574073,92.0,88.99199999999999,85.5097188174759,26.0
-1,-237.4655711639836,42.289550675925874,96.0,97.72799999999998,139.73757116398363,27.0
-1,-156.1245490931762,28.520732509259265,85.0,89.47200000000002,66.65254909317618,22.0
-1,-158.53357161960608,27.555692092592547,84.0,82.08000000000003,76.45357161960605,23.0
-1,-153.03142639927677,24.11566761574072,112.0,105.69600000000004,47.33542639927674,25.0
-1,-139.88786419115732,14.71406253240741,89.0,105.69600000000004,34.19186419115727,20.0
-1,-165.25670166727622,16.786513995370367,100.0,116.35200000000005,48.90470166727617,24.0
-1,-174.6892276342632,21.3697812222222,110.0,127.96800000000006,46.72122763426314,24.0
-1,-177.59810199403054,29.736909754629615,112.0,116.83200000000002,60.76610199403052,25.0
-1,-168.7895629317734,32.85055160185186,100.0,89.37599999999999,79.4135629317734,25.0
-1,-156.3530649037267,29.800719837962973,88.0,87.168,69.18506490372671,27.0
-1,-161.98785528672676,24.62057922685184,116.0,102.62400000000004,59.363855286726704,23.0
-1,-157.11133672604325,32.35887589351855,99.0,97.536,59.57533672604323,21.0
-1,-140.3495093125723,33.37858676388893,86.0,81.02399999999999,59.32550931257233,20.0
-1,-147.02424995847625,30.2919821851852,87.0,82.27200000000003,64.75224995847621,21.0
-1,-164.3871702344053,30.01043038425924,99.0,100.512,63.87517023440529,23.0
-1,-171.0032721860432,31.139092240740723,102.0,103.10400000000004,67.89927218604316,24.0
-1,-157.85185580188715,24.603449958333325,120.0,115.104,42.74785580188714,22.0
-1,-168.29017411981727,25.01827310648146,108.0,121.15200000000009,47.138174119817165,21.0
-1,-138.4452682171839,24.35799295370368,95.0,100.32000000000004,38.12526821718385,18.0
-1,-166.63348997624269,17.37880556018518,110.0,132.86400000000003,33.76948997624264,18.0
-1,-180.89453127306416,26.34855108796294,101.0,105.31200000000004,75.5825312730641,23.0
-1,-156.02716372602077,18.03140074074072,100.0,109.92,46.10716372602078,21.0
-1,-166.1517420851949,16.810341597222216,112.0,130.17600000000004,35.975742085194874,22.0
-1,-134.73572820425017,25.121869708333328,88.0,88.80000000000001,45.93572820425014,20.0
-1,-150.90383008251746,17.639516217592593,97.0,105.69600000000004,45.20783008251742,23.0
-1,-148.84996229682076,21.0942566574074,93.0,85.24800000000002,63.60196229682076,23.0
-1,-150.4123674589431,25.182682421296303,100.0,93.69600000000004,56.71636745894307,24.0
-1,-145.814557105914,20.910039208333338,95.0,108.67200000000004,37.14255710591393,21.0
-1,-128.80647127802365,28.4071522731482,84.0,82.36800000000001,46.43847127802365,20.0
-1,-179.24882241606264,34.36101616666663,86.0,88.70400000000004,90.54482241606262,25.0
-1,-145.28861549062287,23.74667837037034,97.0,85.44000000000004,59.84861549062284,23.0
-1,-139.69357908290445,27.72122755092592,100.0,90.43200000000004,49.26157908290442,22.0
-1,-140.46593667121812,29.184771458333348,94.0,94.27200000000006,46.19393667121807,17.0
-1,-160.17450149192317,23.08371420833334,113.0,112.89600000000002,47.27850149192314,22.0
-1,-157.94884130823388,25.863883175925917,101.0,105.98400000000002,51.964841308233865,22.0
-1,-150.93426954969038,30.092657629629603,98.0,104.54400000000004,46.39026954969033,20.0
-1,-150.83660460184896,20.527378060185228,102.0,106.17600000000004,44.66060460184891,22.0
-1,-182.7689909113407,17.266839620370373,98.0,123.16800000000003,59.60099091134063,28.0
-1,-143.36398945916702,26.612383171296283,88.0,95.42400000000004,47.93998945916697,19.0
-1,-160.38927855316737,36.141320208333305,109.0,91.68000000000002,68.70927855316735,21.0
-1,-173.48614720626233,23.22349930092589,129.0,143.32800000000006,30.15814720626228,18.0
-1,-161.10177593078163,18.18452559722221,117.0,118.75200000000004,42.34977593078157,19.0
-1,-158.9652560439485,19.560380185185164,96.0,110.11200000000004,48.85325604394846,27.0
-1,-166.8628675120113,21.8517536712963,115.0,115.20000000000005,51.66286751201127,22.0
-1,-160.39715682807162,19.86297630092592,92.0,103.77600000000004,56.62115682807156,25.0
-1,-152.2916303100958,24.631833282407417,106.0,107.80800000000004,44.48363031009574,21.0
-1,-144.93527122283297,25.31388646296296,83.0,88.89600000000003,56.03927122283292,19.0
-1,-149.0705549578787,24.965692115740744,94.0,103.00800000000002,46.06255495787867,20.0
-1,-174.1389606012397,24.32485071759257,120.0,129.31200000000007,44.82696060123961,20.0
-1,-126.7217841371597,26.168808800925923,98.0,95.42400000000004,31.297784137159653,16.0
-1,-149.21373153176015,21.954133430555533,110.0,116.16000000000004,33.053731531760114,20.0
-1,-146.4196033755466,20.920543125,95.0,97.63200000000006,48.78760337554653,22.0
-1,-132.1350732353372,20.53351372222225,80.0,85.72800000000002,46.40707323533716,20.0
-1,-139.52244381704992,18.97913366666665,91.0,100.41600000000004,39.10644381704991,20.0
-1,-133.40941465274875,17.747958569444418,81.0,96.00000000000004,37.40941465274873,22.0
-1,-139.43471752933272,17.84494584722222,99.0,101.85600000000008,37.57871752933262,20.0
-1,-151.96601339745004,19.56505889351848,103.0,110.78400000000003,41.18201339745,21.0
-1,-132.86428467202853,20.679819717592608,91.0,92.25600000000004,40.60828467202852,22.0
-1,-140.72098540968665,25.897216541666666,91.0,94.46400000000004,46.25698540968659,20.0
-1,-148.957583345442,28.872351787036976,85.0,76.99200000000005,71.96558334544194,20.0
-1,-147.89546003036995,25.59236621759257,91.0,96.48000000000002,51.415460030369935,21.0
-1,-143.0566700518656,19.37458436574073,86.0,85.44000000000004,57.61667005186556,26.0
-1,-151.70256811265295,20.17468386574075,86.0,92.06400000000004,59.638568112652926,22.0
-1,-154.02355641760568,26.180559875,97.0,99.36000000000004,54.663556417605626,22.0
-1,-140.83034345333644,29.37205162500001,103.0,92.544,48.28634345333643,18.0
-1,-140.6586293380565,16.13520645833334,80.0,93.60000000000002,47.05862933805648,22.0
-1,-147.61717315857305,16.766187921296282,86.0,98.01600000000003,49.60117315857303,22.0
-1,-150.0390826449947,25.95510574999996,104.0,106.17600000000002,43.86308264499469,21.0
-1,-132.9410504878701,21.138122092592575,92.0,85.152,47.78905048787008,22.0
-1,-136.83883262957303,18.580674875,90.0,96.38400000000004,40.454832629573,20.0
-1,-161.03915456241404,28.489879439814803,103.0,106.65599999999998,54.38315456241407,23.0
-1,-127.26596464885776,21.460119856481448,87.0,79.58400000000002,47.68196464885775,24.0
-1,-110.77644317582808,11.874707120370385,65.0,72.288,38.48844317582808,21.0
-1,-138.08633149556795,20.1965008935185,93.0,98.40000000000003,39.68633149556791,20.0
-1,-164.46404081254704,28.89347458333328,90.0,85.34400000000007,79.12004081254697,26.0
-1,-126.57169818014184,17.821541888888895,86.0,97.82400000000004,28.7476981801418,16.0
-1,-140.1043151951695,26.847964499999996,89.0,84.96000000000004,55.14431519516947,21.0
-1,-132.28471384180585,28.282359962963,83.0,77.47200000000001,54.81271384180582,21.0
-1,-161.75452976157874,31.84440948148143,93.0,89.08800000000002,72.6665297615787,23.0
-1,-136.4450502723998,20.91608416203702,94.0,100.32000000000004,36.125050272399776,20.0
-1,-121.5512155773608,20.012500819444416,87.0,89.28000000000003,32.27121557736077,16.0
-1,-121.28163192869155,22.710127444444453,74.0,75.744,45.53763192869155,21.0
-1,-127.53961313368713,23.410588935185157,87.0,83.13600000000002,44.40361313368709,19.0
-1,-137.43349588305145,19.900715782407406,90.0,104.54400000000004,32.8894958830514,17.0
-1,-129.3797645501666,22.345259324074046,87.0,85.15200000000004,44.227764550166576,22.0
-1,-128.0489931780066,15.685021046296288,102.0,104.736,23.312993178006604,16.0
-1,-122.89342106915647,13.403064134259257,87.0,95.61600000000004,27.27742106915645,17.0
-1,-121.59832437149277,16.683525837962954,73.0,85.63200000000003,35.96632437149274,22.0
-1,-145.7554547944324,26.273612296296285,78.0,71.04,74.71545479443239,26.0
-1,-166.10126300447632,29.16291318518516,95.0,86.68800000000002,79.41326300447629,26.0
-1,-146.3666163378462,16.15505158333332,100.0,107.42400000000002,38.94261633784618,21.0
-1,-138.2404908332531,16.80667419907407,90.0,106.08000000000006,32.16049083325304,20.0
-1,-144.71383103661395,16.38439860185186,84.0,101.37600000000003,43.3378310366139,22.0
-1,-151.98259914201947,24.399625861111065,87.0,100.12800000000006,51.8545991420194,19.0
-1,-134.7766499462259,19.75267822222222,88.0,90.81600000000005,43.96064994622585,22.0
-1,-146.0341391867344,26.87174259722222,75.0,67.39200000000002,78.64213918673437,26.0
-1,-148.49854213979478,26.219773388888843,99.0,102.14400000000006,46.3545421397947,21.0
-1,-118.78921632900416,17.412229370370376,80.0,86.016,32.77321632900416,17.0
-1,-138.7619294617629,22.94520207407401,89.0,98.78400000000003,39.97792946176285,18.0
-1,-121.14684335408089,17.829110453703684,78.0,85.72800000000002,35.418843354080856,22.0
-1,-136.83488671020825,23.063688055555524,94.0,97.24800000000006,39.586886710208205,19.0
-1,-151.64251195799042,25.88737214814809,87.0,93.50400000000003,58.13851195799037,22.0
-1,-126.8166002346048,21.968972365740736,73.0,79.87200000000003,46.94460023460478,21.0
-1,-126.79975952442835,22.320308402777748,84.0,82.17600000000003,44.62375952442833,20.0
-1,-141.85767058239833,22.51717137499995,87.0,95.80800000000002,46.04967058239832,20.0
-1,-147.398105275652,16.27348802777777,117.0,119.71200000000005,27.68610527565196,20.0
-1,-119.09015665363538,24.16084027314813,92.0,81.21600000000002,37.87415665363535,20.0
-1,-113.8749720528234,18.3944585,73.0,78.62400000000004,35.25097205282336,18.0
-1,-137.4412012029843,17.81812031944442,93.0,100.03200000000002,37.40920120298426,21.0
-1,-121.25523043207612,16.269491384259243,83.0,81.98400000000002,39.27123043207611,25.0
-1,-115.028657315094,14.444891115740749,68.0,73.24800000000002,41.78065731509399,21.0
-1,-115.74949995601712,13.729303537037056,71.0,77.76000000000002,37.98949995601711,20.0
-1,-122.69038453085498,19.293626962962914,66.0,71.23200000000003,51.45838453085496,24.0
-1,-116.02243556971116,20.42670261111112,68.0,72.57600000000002,43.44643556971112,17.0
-1,-110.6055792311279,11.906872324074072,74.0,78.81600000000003,31.78957923112788,20.0
-1,-124.97130895655128,20.363252101851813,86.0,87.26400000000005,37.70730895655122,19.0
-1,-148.42512190736028,23.40876551851847,82.0,78.816,69.60912190736028,23.0
-1,-126.0190190623346,20.90183905092588,77.0,82.75200000000004,43.26701906233456,22.0
-1,-140.6912760956202,19.399166282407403,84.0,102.81600000000006,37.875276095620144,15.0
-1,-115.49529887532913,16.08457391666666,72.0,78.52799999999999,36.967298875329135,20.0
-1,-121.70728590687231,18.953211712962933,66.0,72.48000000000002,49.22728590687231,21.0
-1,-108.13901254340618,16.602953129629636,82.0,79.00800000000002,29.131012543406165,17.0
-1,-131.72734055226246,26.534682861111097,78.0,74.20800000000003,57.51934055226243,20.0
-1,-111.90055064789442,16.119302916666662,76.0,81.21600000000004,30.684550647894376,20.0
-1,-114.70908677486972,18.56037126851852,66.0,68.16000000000003,46.54908677486969,20.0
-1,-135.1992414128895,17.6194496574074,62.0,60.57600000000002,74.6232414128895,25.0
-1,-125.00576442734804,17.722617736111097,64.0,74.59200000000004,50.41376442734799,23.0
-1,-108.6743924477021,16.3486675185185,76.0,73.92000000000002,34.754392447702095,19.0
-1,-123.1931741895362,13.080518425925918,78.0,89.56800000000005,33.62517418953613,18.0
-1,-103.27039157860696,20.62837057407405,57.0,57.31200000000001,45.958391578606935,22.0
-1,-120.3694937982208,23.672654277777728,68.0,67.10400000000001,53.26549379822079,22.0
-1,-122.72130710486115,17.72305490277779,68.0,85.44000000000004,37.28130710486111,21.0
-1,-110.71561521782968,15.599452861111104,74.0,76.60800000000003,34.107615217829654,19.0
-1,-129.32911127254008,20.839481060185104,82.0,89.66400000000003,39.66511127254004,21.0
-1,-112.85636014708098,17.24229271759258,67.0,75.93600000000004,36.920360147080935,21.0
-1,-100.76770809115293,15.845937754629624,61.0,66.14400000000003,34.62370809115288,20.0
-1,-104.62189518545,15.657746208333313,54.0,62.88000000000002,41.74189518544998,20.0
-1,-122.24400268921892,18.557375986111072,75.0,74.11200000000002,48.1320026892189,22.0
-1,-128.25619515218665,27.597996574073992,75.0,82.36800000000002,45.88819515218663,19.0
-1,-123.66352900773896,20.876425740740704,90.0,96.28800000000004,27.37552900773892,16.0
-1,-98.74652438995987,13.19756981944444,51.0,59.616,39.130524389959895,21.0
-1,-117.65141483317372,16.799554351851842,73.0,77.28000000000002,40.37141483317372,22.0
-1,-100.07366964339316,16.23915311574074,54.0,57.50400000000002,42.56966964339315,21.0
-1,-120.95357520637712,19.71816977777773,59.0,67.29600000000002,53.65757520637709,25.0
-1,-111.61562686674202,17.380278435185158,62.0,71.52000000000001,40.095626866742,20.0
-1,-129.96789382883924,17.129252749999978,82.0,84.19200000000004,45.77589382883921,21.0
-1,-105.63832491058366,19.887957134259253,68.0,70.08000000000003,35.55832491058363,18.0
-1,-116.59598068131358,18.04599938888888,65.0,74.49600000000004,42.09998068131354,19.0
-1,-103.39673324285386,13.377657898148149,58.0,66.04800000000003,37.34873324285382,19.0
-1,-137.5260705443874,22.021691837962894,63.0,62.68800000000002,74.83807054438738,25.0
-1,-142.97933563797432,21.25569146759253,76.0,93.69600000000004,49.28333563797428,23.0
-1,-108.9256665186021,17.79112848148143,70.0,77.47200000000004,31.45366651860206,19.0
-1,-116.3215633906106,14.551759972222229,67.0,69.98400000000002,46.33756339061059,24.0
-1,-114.33773672984822,16.521566888888884,65.0,72.09600000000003,42.24173672984819,20.0
-1,-109.84978513533142,16.25874438888885,68.0,75.45600000000002,34.393785135331406,18.0
-1,-107.88859674979362,19.64082482407406,70.0,77.18400000000004,30.704596749793584,18.0
-1,-118.23786568174796,20.88903458796292,78.0,80.35200000000002,37.88586568174794,18.0
-1,-111.2227866018075,11.54129034722223,73.0,86.40000000000003,24.82278660180747,16.0
-1,-110.83764382771584,16.71875453703705,63.0,70.36800000000002,40.46964382771584,22.0
-1,-102.8096798251896,15.433272888888878,68.0,76.51200000000003,26.29767982518956,15.0
-1,-103.93312611561976,17.467750129629618,59.0,67.96800000000003,35.965126115619725,20.0
-1,-123.60482090895354,15.177594032407391,59.0,71.32800000000002,52.27682090895352,23.0
-1,-128.53600586462326,14.819444694444442,73.0,96.00000000000004,32.53600586462322,19.0
-1,-111.45329021231754,19.53580005555556,55.0,58.272000000000006,53.18129021231754,21.0
-1,-105.5461302599798,12.246877615740736,58.0,77.37600000000003,28.170130259979768,15.0
-1,-115.05684113542766,15.358127064814807,60.0,67.68000000000002,47.37684113542764,19.0
-1,-106.82142248493363,19.08232969444444,56.0,63.93600000000004,42.8854224849336,18.0
-1,-115.7075031156374,16.420650472222206,67.0,74.49600000000004,41.21150311563735,23.0
-1,-100.68011392610586,13.41148828240741,56.0,61.152000000000015,39.52811392610585,21.0
-1,-114.13596435007972,17.783087902777748,69.0,72.96000000000002,41.17596435007971,22.0
-1,-106.5197354631085,21.540980013888905,67.0,76.03200000000004,30.48773546310846,14.0
-1,-117.81082794913186,20.609758972222167,64.0,72.00000000000003,45.81082794913184,21.0
-1,-114.50405823810527,17.89002703240736,63.0,67.39200000000002,47.11205823810526,20.0
-1,-109.78256746395152,23.378656499999963,71.0,68.64000000000003,41.14256746395149,17.0
-1,-135.43274294455432,18.28394113425924,90.0,96.00000000000004,39.43274294455428,20.0
-1,-127.97160504549392,16.117324990740745,72.0,84.76800000000003,43.20360504549391,24.0
-1,-88.2807836046185,16.35411903703703,40.0,44.35200000000002,43.928783604618495,22.0
-1,-108.30243623808968,16.66399931018518,68.0,74.97600000000003,33.326436238089656,16.0
-1,-121.069531395933,17.470735874999995,74.0,83.90400000000002,37.16553139593298,20.0
-1,-126.07763052724148,15.115796152777776,62.0,78.81600000000003,47.26163052724144,24.0
-1,-121.26031559824602,16.101466643518503,44.0,47.32800000000002,73.932315598246,24.0
-1,-126.96416094306986,15.415528634259244,63.0,74.88000000000004,52.08416094306982,24.0
-1,-121.5129596260564,19.614075953703697,90.0,79.96800000000003,41.54495962605638,23.0
-1,-117.15625774213544,21.23757879166661,71.0,75.45600000000003,41.70025774213541,20.0
-1,-133.01701604817953,19.229387495370293,82.0,93.40800000000006,39.60901604817948,22.0
-1,-104.36956374089024,14.300689870370364,56.0,61.152000000000015,43.21756374089023,24.0
-1,-112.69234643568612,20.524900467592527,74.0,73.15200000000003,39.5403464356861,20.0
-1,-119.6705502761651,25.021797837962914,79.0,79.10400000000003,40.566550276165074,17.0
-1,-90.25532936871672,16.057386782407406,62.0,61.632000000000026,28.623329368716703,18.0
-1,-111.81903694177942,19.931210986111054,67.0,74.88000000000004,36.93903694177937,17.0
-1,-110.77848919474413,16.590368537037026,55.0,58.27200000000003,52.5064891947441,23.0
-1,-111.70318533749496,18.42249294444442,67.0,67.39200000000002,44.31118533749495,21.0
-1,-109.73015415999969,12.439075782407398,66.0,77.47200000000004,32.25815415999964,21.0
-1,-112.2979062331471,15.186717925925928,70.0,77.76000000000003,34.53790623314706,19.0
-1,-89.59571810388566,18.48083026851851,55.0,63.55200000000003,26.04371810388563,17.0
-1,-114.0885321597585,14.186310708333322,52.0,62.78400000000002,51.30453215975847,25.0
-1,-120.72525143724708,17.46493672222217,62.0,66.91200000000003,53.81325143724703,25.0
-1,-122.53761158502776,19.67599141666661,57.0,62.59200000000001,59.94561158502775,23.0
-1,-124.85091555742616,15.660146180555536,81.0,96.96000000000004,27.890915557426105,16.0
-1,-92.51721110042116,17.320529930555548,61.0,59.04000000000003,33.47721110042114,17.0
-1,-95.28737380244915,12.30140562962964,51.0,63.64800000000002,31.63937380244915,19.0
-1,-99.62493032315903,16.248305625000004,53.0,59.32800000000002,40.29693032315901,20.0
-1,-114.60850848558626,16.33296317129626,60.0,68.35200000000002,46.25650848558624,23.0
-1,-108.01992444823529,14.487097907407406,61.0,73.53600000000002,34.48392444823528,22.0
-1,-122.78567311264402,17.401702662037025,67.0,76.99200000000003,45.793673112644,19.0
-1,-98.18252379907722,14.09441500925924,56.0,77.08800000000002,21.09452379907719,12.0
-1,-127.22470701683169,16.94435471759256,53.0,71.32800000000003,55.89670701683164,24.0
-1,-98.47446837843812,18.885121333333345,56.0,59.13600000000002,39.33846837843812,18.0
-1,-101.33858137513852,10.922805773148154,47.0,59.52000000000002,41.81858137513849,23.0
-1,-116.21757641459408,21.00150177314809,62.0,71.32800000000003,44.88957641459406,20.0
-1,-84.0159007700943,16.460190504629626,50.0,57.60000000000002,26.41590077009428,16.0
-1,-117.42243436712934,18.90074316203697,58.0,61.92000000000002,55.50243436712931,21.0
-1,-113.69738225470807,17.869426347222177,48.0,57.98400000000002,55.71338225470807,21.0
-1,-122.2726168996841,17.691298624999934,63.0,77.37600000000003,44.89661689968407,22.0
-1,-117.44491717601116,18.426934467592574,71.0,81.69600000000004,35.748917176011126,18.0
-1,-104.64913556025444,18.431561643518485,67.0,77.47200000000001,27.17713556025444,17.0
-1,-116.0994983651536,21.01977948611107,66.0,73.92000000000003,42.17949836515356,19.0
-1,-120.68423429904529,16.337127273148123,65.0,72.19200000000002,48.49223429904526,23.0
-1,-108.45098989605444,8.459557518518519,50.0,74.49600000000004,33.95498989605441,19.0
-1,-116.62769870317597,12.774430092592567,57.0,77.18400000000003,39.443698703175926,23.0
-1,-114.93376319378018,13.804729541666662,80.0,84.19200000000005,30.74176319378013,18.0
-1,-116.53068213020693,16.526120851851815,77.0,72.09600000000002,44.43468213020689,23.0
-1,-113.67509976910014,14.990791791666664,53.0,72.76800000000003,40.90709976910012,21.0
-1,-96.29037128811488,13.76846858333333,48.0,59.52000000000002,36.77037128811486,18.0
-1,-94.87272129285888,11.309020032407393,61.0,76.22400000000003,18.64872129285884,14.0
-1,-127.41605745106152,18.387339564814763,68.0,85.34400000000004,42.07205745106149,23.0
-1,-101.54955697879248,13.788406893518516,59.0,66.43200000000002,35.11755697879246,20.0
-1,-107.2277613775454,19.222780115740655,58.0,64.99200000000002,42.23576137754538,21.0
-1,-100.8660570522307,16.94531702777775,60.0,68.16000000000003,32.70605705223067,17.0
-1,-107.569381263206,16.21977739351851,53.0,69.02400000000003,38.545381263205975,19.0
-1,-107.7246873884185,13.29514768518517,47.0,59.23200000000002,48.49268738841848,21.0
-1,-109.15973263170808,16.825468819444403,59.0,66.91200000000002,42.24773263170805,19.0
-1,-112.523295485255,17.74496394907404,56.0,75.84000000000003,36.68329548525497,19.0
-1,-110.44611294238936,16.443528717592564,57.0,74.30400000000003,36.14211294238934,18.0
-1,-139.06203574449472,16.013518333333316,65.0,87.16800000000005,51.89403574449466,24.0
-1,-94.50057957993936,10.735153583333334,43.0,58.65600000000002,35.84457957993934,22.0
-1,-95.04441864481588,15.62731480555556,47.0,48.768000000000015,46.27641864481587,23.0
-1,-98.89132080959052,20.090415004629588,59.0,54.43200000000002,44.45932080959051,20.0
-1,-81.32865850682475,16.61227648148145,49.0,51.07200000000002,30.25665850682473,19.0
-1,-87.46846537647247,12.40122698148149,43.0,55.39200000000002,32.076465376472434,18.0
-1,-118.53906543192164,14.536358606481476,46.0,59.424000000000014,59.115065431921614,21.0
-1,-107.73037645497551,21.21655941203698,59.0,60.38400000000002,47.3463764549755,19.0
-1,-101.86598842462044,17.889971481481467,48.0,60.00000000000002,41.865988424620426,21.0
-1,-99.55793447944872,23.00426214814808,58.0,63.55200000000004,36.005934479448705,15.0
-1,-103.10962212544716,21.703538402777717,57.0,55.96800000000002,47.14162212544716,20.0
-1,-132.7048877931912,19.44961101851846,64.0,83.52000000000005,49.18488779319115,21.0
-1,-125.04283341695476,19.485770435185135,64.0,74.59200000000004,50.45083341695472,22.0
-1,-89.97104452718905,13.12314402314814,42.0,51.360000000000014,38.61104452718904,20.0
-1,-106.84687638852928,17.03323044444442,52.0,70.46400000000003,36.38287638852925,14.0
-1,-102.22578202807992,18.86913727777779,55.0,59.90400000000002,42.321782028079895,20.0
-1,-115.8176464734814,19.33679338888889,51.0,57.312000000000026,58.50564647348136,18.0
-1,-95.41620545974632,13.333336189814794,44.0,54.43200000000002,40.98420545974629,23.0
-1,-75.45419495271477,14.264882601851836,43.0,50.20800000000002,25.246194952714752,14.0
-1,-109.62486171624089,18.14346192592587,55.0,70.56000000000003,39.06486171624084,20.0
-1,-89.52295247765908,15.29512899537034,46.0,59.32800000000002,30.19495247765905,15.0
-1,-98.67816754195874,14.39691766666664,45.0,52.80000000000002,45.87816754195872,23.0
-1,-122.5301659006393,22.50332891666657,77.0,81.79200000000003,40.73816590063928,19.0
-1,-121.667296556148,18.34242277777771,73.0,83.52000000000002,38.14729655614797,18.0
-1,-104.96053041301252,11.159966175925936,37.0,48.00000000000001,56.96053041301252,25.0
-1,-93.50445801465249,14.966170291666634,48.0,52.800000000000026,40.70445801465244,24.0
-1,-83.02133002917982,17.738869268518528,48.0,53.66400000000001,29.357330029179817,17.0
-1,-107.7095388542648,19.31925206018517,50.0,58.75200000000002,48.957538854264776,24.0
-1,-105.19325217495,16.512212287037027,56.0,61.920000000000016,43.27325217494999,20.0
-1,-99.84813681191896,14.47933963425922,43.0,50.40000000000001,49.44813681191895,22.0
-1,-108.51401049860118,13.088660689814816,53.0,62.30400000000002,46.21001049860117,23.0
-1,-105.24712363843898,16.483894236111073,48.0,58.84800000000003,46.39912363843896,22.0
-1,-101.18217623607478,22.08466092129626,61.0,64.60800000000002,36.57417623607476,18.0
-1,-120.5067270791643,17.355254851851832,54.0,62.01600000000002,58.49072707916429,22.0
-1,-140.22237815097782,19.37794807870361,68.0,93.40800000000006,46.814378150977774,21.0
-1,-92.99842573520424,9.16043077314815,55.0,60.57600000000003,32.42242573520422,21.0
-1,-76.54113759263387,12.968415648148143,40.0,46.75200000000002,29.789137592633857,16.0
-1,-98.20827660808976,14.34152449999999,46.0,55.48800000000002,42.72027660808973,24.0
-1,-156.67192059749812,22.477871060185063,75.0,94.08000000000006,62.59192059749807,20.0
-1,-128.43956894609244,18.72724983333329,64.0,71.61600000000003,56.8235689460924,21.0
-1,-99.38503103709236,14.869015592592604,57.0,59.61600000000003,39.769031037092326,19.0
-1,-106.0023458433991,23.725675101851778,66.0,67.00800000000004,38.99434584339907,15.0
-1,-103.09043912361832,20.02673694444444,44.0,53.95200000000002,49.13843912361831,18.0
-1,-103.40447895267312,11.600221421296286,61.0,72.48000000000002,30.9244789526731,19.0
-1,-108.4295202129952,11.452601620370366,51.0,75.45600000000003,32.973520212995176,18.0
-1,-99.19988770635236,10.5373503240741,44.0,48.960000000000015,50.23988770635234,22.0
-1,-98.2930972183298,16.680501736111086,49.0,63.55200000000003,34.74109721832978,18.0
-1,-102.20798352876788,18.2525256111111,52.0,63.26400000000002,38.94398352876786,17.0
-1,-105.37466536550365,10.176235787037038,53.0,62.30400000000004,43.0706653655036,24.0
-1,-97.26312321513888,15.447765027777765,49.0,52.22400000000002,45.03912321513885,20.0
-1,-97.4814904228172,22.36802578240739,62.0,61.44000000000003,36.04149042281716,15.0
-1,-106.71084182552426,21.33033104166661,53.0,62.11200000000003,44.59884182552422,19.0
-1,-138.53145995520592,15.88877845833331,58.0,66.24000000000002,72.2914599552059,25.0
-1,-118.47340395653228,11.853849143518518,46.0,55.58400000000002,62.88940395653224,27.0
-1,-92.30427576874084,9.30251493518521,44.0,53.760000000000026,38.54427576874081,22.0
-1,-106.51374767420656,18.752027537036977,50.0,60.19200000000003,46.32174767420653,18.0
-1,-102.520963675103,16.80750627314813,49.0,57.98400000000002,44.53696367510297,20.0
-1,-99.5333168502137,15.550420240740747,54.0,53.66400000000001,45.869316850213686,23.0
-1,-111.98437691799307,12.16136306018518,39.0,58.17600000000002,53.80837691799305,27.0
-1,-111.6720621415321,18.96999436111104,50.0,63.45600000000003,48.21606214153206,19.0
-1,-105.00348678138454,15.615971412037002,47.0,61.34400000000003,43.6594867813845,22.0
-1,-150.70507385362475,20.549684351851766,62.0,83.23200000000004,67.47307385362471,22.0
-1,-93.8709005946001,12.38717826851853,45.0,54.52800000000001,39.342900594600096,22.0
-1,-111.0705006115156,20.142443643518483,65.0,80.54400000000004,30.52650061151557,16.0
-1,-88.71554577266801,17.161778055555533,42.0,52.608000000000025,36.10754577266798,19.0
-1,-108.80191771739322,14.90447943518516,56.0,59.904000000000025,48.897917717393206,22.0
-1,-113.7880175046908,12.90500106481482,43.0,48.960000000000015,64.82801750469078,26.0
-1,-107.21848057374388,19.142494509259222,50.0,60.67200000000002,46.54648057374386,19.0
-1,-112.39716882010885,15.696145879629622,52.0,57.79200000000002,54.60516882010881,22.0
-1,-97.6967913441256,16.097116736111083,46.0,57.12000000000002,40.57679134412557,20.0
-1,-92.18793228587106,9.09934009722223,38.0,44.448000000000015,47.73993228587104,27.0
-1,-93.80033899260864,17.132105055555524,58.0,66.81600000000003,26.98433899260861,13.0
-1,-85.07187699903879,12.199754250000003,54.0,62.59200000000003,22.47987699903877,14.0
-1,-102.02014651466592,17.030795898148153,51.0,60.672000000000025,41.34814651466589,16.0
-1,-114.77385132999682,21.631755856481394,50.0,56.64000000000002,58.1338513299968,24.0
-1,-101.29878825444584,11.388393060185177,50.0,62.88000000000002,38.41878825444583,19.0
-1,-187.58991917503997,21.52718231018509,84.0,130.36800000000008,57.22191917503984,22.0
-1,-143.654025768272,19.4674661712962,72.0,77.66400000000003,65.99002576827195,25.0
-1,-97.43929944443325,13.896475115740726,51.0,65.28000000000003,32.159299444433195,19.0
-1,-111.22571959618486,14.916083620370344,55.0,62.784000000000034,48.44171959618482,24.0
-1,-104.40730560045162,20.5218959768518,56.0,63.64800000000003,40.7593056004516,18.0
-1,-103.66724201738542,17.773966097222196,47.0,53.472000000000016,50.19524201738541,21.0
-1,-149.9939011643895,12.235393300925926,59.0,89.08800000000005,60.90590116438947,24.0
-1,-104.41017691735593,21.344322972222145,53.0,59.32800000000003,45.08217691735588,20.0
-1,-155.58436587706353,23.144230532407317,74.0,102.52800000000006,53.05636587706348,20.0
-1,-111.70751059092044,19.94200893518515,56.0,64.51200000000001,47.19551059092044,21.0
-1,-143.7387090918972,16.737795537037016,54.0,73.24800000000003,70.49070909189714,24.0
-1,-117.01099909954928,14.13908465740739,43.0,56.73600000000002,60.27499909954925,27.0
-1,-115.88098271970456,20.092154449074048,57.0,61.34400000000003,54.53698271970451,20.0
-1,-114.18611789824888,16.01312851388888,59.0,81.98400000000002,32.202117898248844,15.0
-1,-88.79209261358866,15.962101634259254,50.0,55.29600000000003,33.49609261358863,16.0
-1,-97.59600394717516,13.37957653703704,41.0,50.49600000000002,47.10000394717512,22.0
-1,-102.40204193429844,19.9615576481481,54.0,55.87200000000002,46.53004193429842,19.0
-1,-94.96185939678006,13.155936759259257,46.0,55.968000000000025,38.99385939678003,20.0
-1,-110.19166354020032,21.46558211574066,59.0,60.864000000000026,49.32766354020029,20.0
-1,-134.18065262706915,17.220198499999956,62.0,86.97600000000004,47.20465262706912,20.0
-1,-100.9263726630486,22.724900550925856,61.0,70.27200000000003,30.65437266304857,16.0
-1,-129.27345086660995,15.77943209259258,46.0,57.69600000000003,71.57745086660991,25.0
-1,-116.88000369745458,13.235494120370364,58.0,76.22400000000003,40.656003697454544,22.0
-1,-129.12209525790604,19.353669634259195,58.0,79.20000000000003,49.922095257906,17.0
-1,-109.0237131338074,19.178417856481435,50.0,55.20000000000002,53.82371313380738,21.0
-1,-112.4615176674038,17.083311787037008,60.0,74.01600000000003,38.44551766740376,19.0
-1,-88.93372432445548,18.3018127546296,51.0,49.92000000000002,39.01372432445545,18.0
-1,-108.98596704968227,16.423988555555514,46.0,52.41600000000002,56.56996704968225,22.0
-1,-98.49997405083728,20.24701714351849,55.0,63.84000000000003,34.65997405083725,19.0
-1,-95.60377776244678,16.30641617129627,52.0,63.26400000000003,32.339777762446744,16.0
-1,-105.8980568848626,14.88230041203703,51.0,63.93600000000003,41.96205688486258,20.0
-1,-109.33580739595334,13.61346230092594,46.0,59.52000000000002,49.815807395953314,21.0
-1,-107.31498202417148,20.097589907407347,55.0,65.37600000000003,41.93898202417145,19.0
-1,-96.20012594913791,15.278022865740718,47.0,51.840000000000025,44.360125949137895,23.0
-1,-108.86159167661484,12.54749856944444,57.0,75.55200000000004,33.309591676614794,22.0
-1,-96.50241005473777,15.504356055555531,47.0,57.024000000000015,39.47841005473776,18.0
-1,-124.2654859986616,18.95408932407399,54.0,65.28000000000003,58.98548599866157,22.0
-1,-94.4886937236504,20.103970611111063,66.0,65.56800000000003,28.92069372365039,16.0
-1,-88.7309387869818,15.316420865740715,45.0,57.984000000000016,30.746938786981787,15.0
-1,-104.5925747636232,18.52631915740739,57.0,71.61600000000003,32.97657476362317,17.0
-1,-110.7080445838612,11.513275143518513,55.0,67.00800000000004,43.70004458386117,23.0
-1,-107.00789813357969,16.910742300925904,50.0,60.09600000000003,46.91189813357964,20.0
-1,-93.37247054092302,13.94088162962963,40.0,55.68000000000002,37.692470540923,20.0
-1,-122.97025533484972,19.59417834722213,63.0,72.48000000000003,50.49025533484968,20.0
-1,-102.12926955363824,15.834480976851836,47.0,57.98400000000002,44.145269553638215,19.0
-1,-95.61175303229616,14.797852212962932,46.0,53.47200000000002,42.13975303229613,22.0
-1,-83.34075171659215,12.281084578703702,41.0,56.16000000000002,27.18075171659213,19.0
-1,-119.68017284248896,13.393958499999975,46.0,58.46400000000003,61.21617284248894,25.0
-1,-123.1239374086414,18.46105674537029,68.0,80.54400000000004,42.57993740864136,20.0
-1,-86.4585195267462,15.78161631944441,42.0,51.64800000000002,34.810519526746184,18.0
-1,-129.96053063450293,23.12024974537025,75.0,90.43200000000004,39.528530634502886,18.0
-1,-103.54087865108433,16.38174489814815,52.0,61.15200000000003,42.3888786510843,21.0
-1,-97.67275391185004,18.896246754629583,51.0,56.25600000000002,41.41675391185001,18.0
-1,-80.09602423365399,12.87024479166666,39.0,53.856000000000016,26.240024233653983,17.0
-1,-108.76718389585386,16.05487681018517,47.0,56.54400000000002,52.22318389585384,23.0
-1,-78.60509954927525,12.251410342592596,47.0,52.416000000000025,26.18909954927523,18.0
-1,-127.65922294853874,18.80309718055549,54.0,72.57600000000002,55.08322294853871,23.0
-1,-87.87487100207466,18.18520947685182,41.0,53.08800000000002,34.78687100207464,19.0
-1,-128.655993885057,12.626835930555565,48.0,53.47200000000002,75.18399388505698,27.0
-1,-98.10588458848692,13.380334657407415,45.0,57.69600000000002,40.40988458848691,19.0
-1,-104.71267601482148,17.32955561574069,44.0,59.904000000000025,44.80867601482144,23.0
-1,-109.72071202618862,17.13665048148146,46.0,47.32800000000001,62.39271202618861,24.0
-1,-120.64590886843266,20.2609993287036,58.0,65.47200000000002,55.17390886843264,22.0
-1,-105.19287370683014,11.611271069444442,44.0,57.88800000000003,47.30487370683011,25.0
-1,-116.4027032922736,16.902656504629547,44.0,54.62400000000002,61.77870329227359,25.0
-1,-77.70857176910289,20.285832314814797,52.0,50.88000000000001,26.828571769102883,10.0
-1,-87.42702955176703,19.20826939351847,51.0,54.72000000000002,32.707029551767015,16.0
-1,-107.27756200000655,17.853683912037,51.0,57.79200000000002,49.48556200000653,21.0
-1,-89.44608105020211,16.380124907407392,39.0,41.28000000000001,48.1660810502021,22.0
-1,-99.42404393498876,11.851240333333344,36.0,48.28800000000002,51.13604393498875,23.0
-1,-97.55812102822117,16.35561603240739,43.0,48.000000000000014,49.55812102822115,23.0
-1,-137.45558174162562,17.11326633333328,54.0,78.43200000000002,59.0235817416256,23.0
-1,-113.68600608580884,16.12432236111111,42.0,55.20000000000002,58.4860060858088,20.0
-1,-128.13649351277414,16.822914078703644,53.0,68.54400000000004,59.59249351277409,23.0
-1,-126.25106262364996,12.498164310185173,48.0,69.21600000000004,57.03506262364992,22.0
-1,-102.35124603629195,16.559686157407373,46.0,51.84000000000001,50.511246036291965,23.0
-1,-87.55530956659402,14.259705087962947,41.0,44.92800000000002,42.627309566594,21.0
-1,-125.55364457731451,19.53946438425922,65.0,76.22400000000003,49.32964457731449,20.0
-1,-116.78051690831776,17.10551133333329,50.0,61.92000000000002,54.86051690831773,24.0
-1,-93.26232455162882,19.648071749999968,62.0,60.00000000000002,33.2623245516288,18.0
-1,-86.21512901275044,21.36063296296292,60.0,57.69600000000003,28.51912901275041,12.0
-1,-106.5793604436505,19.296195018518468,52.0,59.32800000000002,47.25136044365048,18.0
-1,-98.81893227923194,11.706222324074076,49.0,52.12800000000002,46.69093227923192,24.0
-1,-104.25448291272257,15.86971313888886,46.0,59.42400000000003,44.83048291272253,23.0
-1,-96.12738362945817,19.86314427777772,47.0,55.10400000000001,41.02338362945816,20.0
-1,-87.37135392017055,10.925885185185194,43.0,51.552000000000014,35.81935392017054,19.0
-1,-95.3956169109774,16.45416501851849,59.0,62.30400000000004,33.091616910977365,17.0
-1,-112.8316085166647,16.10034412499997,60.0,71.04000000000003,41.79160851666467,21.0
-1,-153.60341951617784,22.32680192592581,75.0,102.04800000000006,51.55541951617778,22.0
-1,-85.95490987739655,19.71192545370367,47.0,51.26400000000002,34.690909877396535,16.0
-1,-100.45054431128467,15.128163319444424,52.0,60.09600000000003,40.35454431128466,21.0
-1,-119.77129864842192,13.79604395833332,52.0,62.30400000000003,57.4672986484219,25.0
-1,-90.20925606629676,16.752075444444436,49.0,55.00800000000002,35.20125606629673,16.0
-1,-86.76850404725761,13.188020453703697,51.0,60.384000000000015,26.384504047257582,17.0
-1,-87.82371695278835,9.734294921296293,30.0,36.576,51.24771695278835,24.0
-1,-124.38710340089838,13.896533245370362,53.0,65.76000000000003,58.62710340089834,22.0
-1,-113.8672739092686,15.363772273148138,51.0,60.19200000000002,53.67527390926856,25.0
-1,-135.0879125235432,18.2736420694444,58.0,77.28000000000003,57.80791252354317,20.0
-1,-103.83853455731328,14.73738223611108,44.0,59.90400000000003,43.93453455731325,21.0
-1,-120.72586969702137,15.954440546296292,48.0,60.76800000000003,59.95786969702132,25.0
-1,-116.1290294786004,15.967281069444423,49.0,59.13600000000004,56.99302947860035,22.0
-1,-109.09831459809013,17.64514339351847,46.0,49.82400000000003,59.27431459809011,23.0
-1,-126.41947593073408,19.22994087499993,56.0,71.32800000000003,55.091475930734056,21.0
-1,-85.83147100974261,12.057973282407405,42.0,51.74400000000002,34.0874710097426,20.0
-1,-111.1686023425055,16.76153349537034,56.0,58.94400000000003,52.22460234250546,21.0
-1,-103.04416065508296,17.42215947685184,54.0,63.26400000000001,39.78016065508295,20.0
-1,-105.91634022015728,15.377649847222226,46.0,56.736000000000026,49.18034022015725,22.0
-1,-105.86534762856007,14.540888324074052,45.0,60.480000000000025,45.38534762856006,22.0
-1,-88.62555696543978,9.1652278564815,40.0,53.37600000000002,35.249556965439766,20.0
-1,-105.53824696103908,25.07081703703699,64.0,74.11200000000004,31.426246961039038,15.0
-1,-108.0855847424366,17.885024893518473,49.0,60.96000000000003,47.12558474243657,19.0
-1,-112.97445645675757,18.652251092592508,50.0,62.68800000000002,50.28645645675753,19.0
-1,-102.2293633770002,16.067293902777763,43.0,53.85600000000002,48.37336337700017,21.0
-1,-111.134815808388,23.170284902777706,55.0,71.71200000000003,39.42281580838798,14.0
-1,-89.81308045294838,17.88645599074071,50.0,56.25600000000002,33.557080452948355,16.0
-1,-64.37078760711694,15.941693379629616,37.0,36.096,28.274787607116934,17.0
-1,-86.45278880212066,21.25135368518515,48.0,48.76800000000003,37.68478880212063,20.0
-1,-100.47713924351125,14.969670263888878,52.0,56.736000000000026,43.74113924351122,21.0
-1,-91.71031433601756,17.726209606481483,47.0,51.55200000000002,40.15831433601752,19.0
-1,-107.28455046154176,11.634549874999994,41.0,52.99200000000002,54.29255046154175,24.0
-1,-180.73891858105165,14.429333263888871,69.0,129.02400000000006,51.71491858105159,23.0
-1,-120.1291601339716,13.292341305555546,54.0,69.50400000000003,50.62516013397156,23.0
-1,-97.06214621243537,15.43102714814814,51.0,54.24000000000002,42.82214621243533,21.0
-1,-120.93525169377943,12.75260557407407,50.0,59.61600000000003,61.31925169377941,26.0
-1,-124.82525815467926,19.75804543981476,53.0,62.59200000000003,62.233258154679234,21.0
-1,-103.8884428050653,18.98770414351847,47.0,59.13600000000003,44.75244280506527,18.0
-1,-117.62153220381585,13.047844930555556,40.0,49.72800000000002,67.89353220381581,23.0
-1,-88.67544247279406,14.038592287037032,43.0,50.40000000000002,38.27544247279405,17.0
-1,-77.98442846150294,19.094957962962926,39.0,46.56000000000001,31.42442846150294,16.0
-1,-88.81785666724852,18.289631624999963,50.0,58.08000000000001,30.737856667248515,16.0
-1,-82.10384813179107,9.476335999999996,36.0,43.39200000000002,38.71184813179104,23.0
-1,-108.89148496364214,21.853032856481423,56.0,57.79200000000003,51.09948496364212,21.0
-1,-80.50954180165083,19.954792689814795,59.0,54.240000000000016,26.269541801650806,15.0
-1,-100.08647534206187,14.8645949351852,40.0,40.60800000000001,59.478475342061856,23.0
-1,-93.725663548748,15.182641217592566,42.0,55.48800000000002,38.237663548747975,20.0
-1,-149.6599336071004,16.849804462962926,53.0,70.94400000000003,78.7159336071004,25.0
-1,-95.5283863323231,16.52449074999998,43.0,52.22400000000002,43.30438633232309,21.0
-1,-88.10771407011848,25.23555893518514,55.0,51.64800000000002,36.45971407011847,16.0
-1,-80.59405324170399,12.979971037037023,42.0,46.176000000000016,34.41805324170397,21.0
-1,-169.39303349961952,11.807578055555553,69.0,108.38400000000006,61.00903349961946,28.0
-1,-114.1407065179762,13.0773825925926,42.0,51.36000000000002,62.78070651797619,22.0
-1,-75.86498128606533,12.378082342592576,36.0,45.12000000000001,30.744981286065325,19.0
-1,-102.78396158884988,15.249125699074066,38.0,48.576000000000015,54.207961588849855,22.0
-1,-103.07379708323192,19.43693820370368,46.0,54.04800000000002,49.02579708323188,21.0
-1,-113.31461319029124,22.781558953703648,51.0,62.78400000000003,50.5306131902912,18.0
-1,-95.71860907179662,10.538295532407412,35.0,44.064000000000014,51.65460907179661,24.0
-1,-110.94309679379984,19.292469384259224,52.0,59.61600000000003,51.32709679379981,20.0
-1,-111.75488913685952,23.135023629629547,52.0,63.36000000000004,48.39488913685949,17.0
-1,-86.07685975992068,16.309026129629604,39.0,45.79200000000001,40.28485975992067,22.0
-1,-104.69485495344122,20.963006351851817,52.0,59.23200000000004,45.46285495344119,17.0
-1,-87.39213122716697,16.637850550925908,44.0,46.56000000000001,40.83213122716696,21.0
-1,-100.72363245772384,13.246887717592584,48.0,64.60800000000003,36.11563245772382,21.0
-1,-88.94102428388487,13.264883490740733,42.0,45.12000000000001,43.82102428388485,23.0
-1,-88.71375881346958,16.976152694444444,42.0,47.712,41.00175881346958,21.0
-1,-102.90767539590104,17.155763703703688,46.0,50.400000000000006,52.50767539590103,24.0
-1,-87.37083776797316,13.930612953703712,33.0,38.11200000000001,49.25883776797315,23.0
-1,-75.10414679864716,10.348770097222229,31.0,40.12800000000001,34.97614679864716,23.0
-1,-106.96933872284993,15.512493106481472,58.0,71.71200000000002,35.25733872284991,17.0
-1,-116.72341618551272,13.449038115740732,42.0,48.384000000000015,68.33941618551272,23.0
-1,-78.27868553979901,14.62641087962962,40.0,48.09600000000001,30.182685539799,16.0
-1,-114.24006976903893,10.777933675925937,37.0,50.88000000000002,63.360069769038894,27.0
-1,-107.30946256778743,16.57085872222219,45.0,61.34400000000003,45.96546256778742,22.0
-1,-108.39148924597691,19.994641037037,63.0,68.83200000000004,39.55948924597689,18.0
-1,-107.22103782555776,13.699608384259257,44.0,53.18400000000002,54.03703782555774,24.0
-1,-98.33084507836438,17.32802169907407,44.0,50.97600000000001,47.35484507836436,19.0
-1,-119.3006938299236,22.451079421296207,53.0,66.91200000000002,52.38869382992357,20.0
-1,-168.99011173243264,20.87565187037024,74.0,102.72000000000008,66.27011173243257,22.0
-1,-130.3001391443021,13.116724416666656,47.0,68.35200000000002,61.94813914430209,27.0
-1,-319.4205750773751,15.363709837962936,124.0,230.88000000000017,88.5405750773749,25.0
-1,-83.8360822626057,13.979328356481457,42.0,49.536000000000016,34.300082262605684,17.0
-1,-128.6799978608205,20.47677181481471,61.0,70.94400000000005,57.73599786082043,22.0
-1,-101.4794794418163,17.025066995370327,46.0,53.18400000000001,48.29547944181628,22.0
-1,-123.31128975226116,9.877957518518528,40.0,54.52800000000003,68.78328975226113,25.0
-1,-110.97555467051504,11.18256928240741,47.0,60.86400000000002,50.11155467051501,24.0
-1,-102.22984611013987,16.53956112037036,49.0,60.19200000000002,42.03784611013985,20.0
-1,-100.22332288498184,15.723860245370362,46.0,53.08800000000003,47.13532288498182,23.0
-1,-116.42078184338266,21.321848245370283,62.0,65.18400000000003,51.23678184338262,21.0
-1,-115.59215601796102,19.44821437499995,56.0,64.12800000000003,51.46415601796099,20.0
-1,-98.23173357091044,14.432532370370348,38.0,45.600000000000016,52.631733570910434,21.0
-1,-109.0525376319369,14.082170874999992,44.0,52.12800000000002,56.92453763193687,22.0
-1,-85.92284184010256,26.353581212962904,52.0,60.76800000000002,25.154841840102534,12.0
-1,-123.6226491074648,14.99075649999999,55.0,64.03200000000002,59.59064910746479,23.0
-1,-118.6474369296862,15.151946949074045,45.0,54.33600000000002,64.31143692968617,26.0
-1,-96.27904148055568,20.910133041666604,49.0,54.04800000000002,42.23104148055568,20.0
-1,-108.36370836809688,15.85220425462961,59.0,69.88800000000003,38.47570836809684,19.0
-1,-105.15746266671805,19.694558935185157,47.0,52.51200000000002,52.645462666718,19.0
-1,-108.09555435633382,13.363116986111102,46.0,62.30400000000003,45.7915543563338,20.0
-1,-112.50898141163016,19.149657444444404,53.0,62.97600000000004,49.53298141163015,21.0
-1,-82.71429246502963,12.057836555555555,37.0,45.88800000000002,36.82629246502961,22.0
-1,-101.30562749982026,16.970137398148122,55.0,53.664000000000016,47.641627499820245,20.0
-1,-96.4091031880216,17.428745995370342,42.0,46.46400000000001,49.94510318802159,21.0
-1,-103.1709422491401,16.195559819444433,46.0,61.15200000000002,42.01894224914007,19.0
-1,-125.8405548534443,22.07904345370364,58.0,69.21600000000004,56.624554853444266,20.0
-1,-87.55319958078638,12.30700961574073,51.0,63.07200000000003,24.48119958078635,14.0
-1,-112.09079792671376,16.494963407407393,53.0,54.81600000000002,57.27479792671373,22.0
-1,-105.2018839215605,17.62133598611109,51.0,57.98400000000002,47.21788392156047,17.0
-1,-95.06934120249318,11.07192749537036,47.0,59.52000000000003,35.549341202493146,21.0
-1,-98.62693673316252,18.45504394907404,51.0,60.76800000000003,37.85893673316249,18.0
-1,-114.23247586628474,18.73603261574071,51.0,62.59200000000003,51.64047586628471,21.0
-1,-113.8143633743268,14.702550337962943,46.0,59.13600000000002,54.67836337432678,23.0
-1,-92.45346058748244,15.85797777314814,50.0,57.98400000000002,34.46946058748243,18.0
-1,-134.61597125735858,19.35014318518513,62.0,74.01600000000002,60.59997125735856,22.0
-1,-92.94319526085536,21.14321893518516,48.0,51.936000000000014,41.00719526085536,17.0
-1,-100.56202737197296,17.29624599074071,50.0,60.480000000000025,40.08202737197293,21.0
-1,-107.93856320440612,14.174232523148133,44.0,53.18400000000002,54.7545632044061,26.0
-1,-77.1788305299076,13.409567828703704,37.0,37.82400000000001,39.3548305299076,18.0
-1,-156.33772926626062,12.76778996296295,70.0,112.32000000000006,44.01772926626056,21.0
-1,-118.13868752786072,18.97931830555549,53.0,63.07200000000002,55.06668752786071,21.0
-1,-115.562877699552,17.748149268518503,55.0,56.92800000000002,58.63487769955198,22.0
-1,-77.33370841420658,15.736234055555522,39.0,48.768000000000015,28.56570841420657,16.0
-1,-89.75110770702423,13.404556365740731,41.0,51.84000000000002,37.911107707024215,20.0
-1,-83.59551850767433,20.931187115740748,46.0,49.24800000000002,34.34751850767431,16.0
-1,-100.88170078812462,15.855452652777798,48.0,56.544000000000025,44.3377007881246,20.0
-1,-125.42234863777333,17.006252782407362,66.0,84.00000000000004,41.42234863777328,19.0
-1,-99.63223069782372,17.15515688888886,41.0,53.08800000000002,46.5442306978237,20.0
-1,-94.82011767223912,10.59542603240739,49.0,61.15200000000003,33.66811767223909,21.0
-1,-100.15136181563985,16.73423458333333,50.0,59.52000000000003,40.631361815639806,20.0
-1,-108.23427226957392,15.948225365740722,45.0,60.096000000000025,48.138272269573896,24.0
-1,-108.2244542227784,13.838360574074066,38.0,48.19200000000001,60.03245422277839,25.0
-1,-111.65313236461478,18.29843040740735,41.0,51.936000000000014,59.71713236461476,22.0
-1,-96.82023643916467,14.38922805092592,40.0,49.72800000000002,47.09223643916465,23.0
-1,-103.93179756304482,16.20567288888888,40.0,49.152000000000015,54.77979756304481,21.0
-1,-111.66436724034516,16.3802981296296,43.0,58.080000000000034,53.58436724034513,21.0
-1,-119.83142122546322,15.1623600324074,46.0,58.27200000000002,61.5594212254632,24.0
-1,-97.14928496407,15.76126250462963,42.0,51.36000000000002,45.78928496406999,19.0
-1,-109.55680236364006,20.69771168518512,55.0,63.74400000000004,45.81280236364003,18.0
-1,-120.08915436038365,20.693476699074,57.0,69.02400000000003,51.06515436038362,19.0
-1,-99.186503657289,15.043692856481478,49.0,57.12000000000003,42.066503657288976,20.0
-1,-79.9081238344274,15.768986486111084,46.0,50.304000000000016,29.604123834427387,16.0
-1,-94.51105863165988,27.590885736111037,56.0,59.61600000000003,34.89505863165986,12.0
-1,-99.66004845131522,18.96041233796291,47.0,58.56000000000003,41.10004845131519,18.0
-1,-134.81002431060045,19.861398856481436,57.0,76.60800000000003,58.20202431060044,20.0
-1,-134.35942299555654,22.04442719444436,56.0,75.55200000000004,58.80742299555651,22.0
-1,-149.60455603159252,20.6327576249999,60.0,88.12800000000004,61.47655603159247,22.0
-1,-108.62902293912104,19.68785842592591,48.0,52.32000000000002,56.30902293912102,20.0
-1,-83.15330465804944,11.964816032407416,34.0,38.784000000000006,44.36930465804943,25.0
-1,-104.20353785384016,21.812478949074,53.0,57.31200000000003,46.89153785384013,20.0
-1,-70.88333714421233,20.411721527777765,50.0,51.16800000000003,19.715337144212317,8.0
-1,-140.26038541209238,16.99780380092587,60.0,83.42400000000004,56.83638541209233,23.0
-1,-112.60025393606502,19.33043099537033,48.0,64.70400000000001,47.89625393606501,17.0
-1,-113.29987289882855,14.027855810185182,49.0,63.93600000000003,49.36387289882855,23.0
-1,-91.9380692368784,16.385365180555517,44.0,58.27200000000002,33.666069236878386,18.0
-1,-82.73969283729221,24.96661378240737,51.0,51.07200000000002,31.66769283729218,17.0
-1,-127.99348564524963,15.042299249999983,47.0,56.256000000000014,71.73748564524962,25.0
-1,-108.60690744198246,18.839823699074028,43.0,49.152000000000015,59.45490744198244,23.0
-1,-97.96063713024944,22.409791199074043,56.0,52.70400000000002,45.25663713024943,19.0
-1,-103.84374857566218,18.0252310555555,48.0,66.24000000000002,37.60374857566215,16.0
-1,-98.87452225035324,18.26523872685179,38.0,50.68800000000002,48.18652225035324,18.0
-1,-102.89983019909548,15.51713239814813,51.0,64.89600000000003,38.00383019909545,19.0
-1,-85.93977705865385,16.928143134259255,45.0,47.61600000000002,38.32377705865383,20.0
-1,-106.75159990841372,12.898562055555544,44.0,52.12800000000002,54.62359990841368,24.0
-1,-138.36001206572905,21.70252987037027,58.0,72.76800000000003,65.59201206572901,22.0
-1,-100.7974580962932,19.81207423611109,51.0,58.46400000000003,42.33345809629319,19.0
-1,-94.21151972743208,21.305679648148107,46.0,55.10400000000003,39.10751972743207,17.0
-1,-92.96629208174572,15.154017254629656,48.0,55.00800000000001,37.95829208174573,18.0
-1,-99.77716345189366,17.977746782407372,49.0,54.432000000000016,45.34516345189364,22.0
-1,-92.44281381709057,16.317037856481466,42.0,45.024000000000015,47.41881381709053,20.0
-1,-88.00337073825875,24.36699744907404,50.0,52.99200000000002,35.011370738258734,16.0
-1,-86.48341506839199,15.196882972222204,45.0,50.68800000000002,35.79541506839197,18.0
-1,-110.03796122733596,16.40505300462959,50.0,64.80000000000003,45.23796122733592,24.0
-1,-115.26451421633058,19.860000365740657,56.0,65.18400000000003,50.08051421633056,20.0
-1,-97.33725855105467,18.716751967592558,53.0,56.83200000000003,40.50525855105465,18.0
-1,-111.51144341799537,14.976570856481464,48.0,59.61600000000002,51.89544341799535,22.0
-1,-97.72650743729218,17.4292305462963,49.0,58.27200000000003,39.45450743729215,22.0
-1,-81.47440547871835,16.090650847222225,54.0,48.768000000000015,32.706405478718345,21.0
-1,-91.70169099449352,13.0240006435185,52.0,58.94400000000002,32.757690994493515,21.0
-1,-93.6164529030734,20.677331472222185,50.0,62.01600000000003,31.60045290307337,16.0
-1,-83.46405993137368,23.43194125925922,57.0,55.29600000000003,28.16805993137365,13.0
-1,-85.3218196711472,13.72571913888888,44.0,44.448000000000015,40.87381967114718,20.0
-1,-82.13657150233462,19.599385888888868,40.0,41.760000000000005,40.37657150233462,21.0
-1,-102.69055106700336,18.93951269907405,57.0,62.49600000000004,40.19455106700333,20.0
-1,-86.23874098801872,18.43149429166662,45.0,56.44800000000002,29.79074098801869,17.0
-1,-119.77648896756838,14.351418736111125,41.0,48.67200000000002,71.10448896756836,26.0
-1,-88.86061025301449,16.86494411111111,42.0,45.12000000000002,43.74061025301447,19.0
-1,-95.66706684188011,15.632718407407372,49.0,66.81600000000002,28.851066841880105,16.0
-1,-94.7065874849556,15.5868903611111,51.0,51.36000000000002,43.34658748495558,24.0
-1,-110.02189561174671,18.68307825925924,55.0,57.02400000000003,52.99789561174668,20.0
-1,-84.89481516072667,15.630491231481477,46.0,50.68800000000002,34.206815160726634,16.0
-1,-94.47076295011551,11.068955023148147,41.0,53.56800000000001,40.90276295011551,17.0
-1,-74.88899900740472,15.792621083333342,43.0,48.192000000000014,26.6969990074047,18.0
-1,-111.20683262578248,19.34372177314809,44.0,54.43200000000002,56.774832625782444,22.0
-1,-85.62317139307025,16.92780418055555,53.0,58.27200000000002,27.35117139307023,16.0
-1,-104.9797495045594,12.766108986111108,46.0,58.27200000000003,46.70774950455938,21.0
-1,-91.53694877853142,17.197475152777724,48.0,52.32000000000002,39.2169487785314,21.0
-1,-96.28377936487504,11.24693181481481,38.0,45.40800000000001,50.87577936487504,23.0
-1,-92.8703158460456,15.718013606481456,38.0,45.408000000000015,47.46231584604558,23.0
-1,-98.71710463240603,20.725472023148114,52.0,61.15200000000003,37.56510463240601,18.0
-1,-103.8357035801317,20.411692736111064,52.0,55.77600000000003,48.05970358013168,20.0
-1,-109.19604214873416,14.910910138888887,41.0,52.80000000000002,56.39604214873415,22.0
-1,-79.33558521818566,19.799660800925903,38.0,38.01600000000001,41.31958521818565,21.0
-1,-89.74239248692132,19.315607032407375,45.0,53.76000000000001,35.9823924869213,18.0
-1,-184.93214867704864,19.10683505092585,70.0,118.27200000000008,66.66014867704854,23.0
-1,-91.42408468723738,16.468565592592565,32.0,47.904,43.52008468723737,20.0
-1,-79.24214921152455,18.27530142129627,38.0,39.264,39.97814921152455,22.0
-1,-99.39781238507152,11.89533332407408,41.0,50.20800000000001,49.18981238507151,23.0
-1,-148.38071293587842,18.69910672685179,75.0,105.31200000000008,43.06871293587834,18.0
-1,-109.79318375853818,24.52686374074069,51.0,48.09600000000002,61.69718375853816,21.0
-1,-112.14166799318158,19.10656145370368,52.0,59.32800000000003,52.81366799318156,20.0
-1,-96.6773479016572,21.42746660648144,42.0,41.760000000000005,54.91734790165719,20.0
-1,-84.65295653860892,21.33601580092589,49.0,50.11200000000002,34.5409565386089,16.0
-1,-90.36813439207435,13.50068398611112,37.0,45.50400000000001,44.86413439207436,23.0
-1,-118.14680050532982,12.924994319444442,43.0,55.68000000000003,62.46680050532979,24.0
-1,-96.9202164912458,15.454056467592572,43.0,52.32000000000002,44.60021649124579,22.0
-1,-75.79667797690465,11.564122856481466,34.0,42.43200000000001,33.36467797690464,17.0
-1,-105.29771425813378,16.599828078703684,42.0,51.26400000000002,54.03371425813376,23.0
-1,-88.31151859838745,20.66669961574069,53.0,61.24800000000002,27.06351859838744,15.0
-1,-80.10229263721067,25.77289524537029,54.0,57.02400000000003,23.078292637210637,14.0
-1,-81.69204471992995,20.22823661111113,51.0,46.176000000000016,35.516044719929944,21.0
-1,-116.67886591143592,21.593520287036963,57.0,66.14400000000003,50.53486591143589,17.0
-1,-106.59929729138248,19.16322032870365,58.0,69.50400000000002,37.09529729138246,18.0
-1,-93.8517604666877,12.892239120370371,40.0,51.16800000000002,42.68376046668767,21.0
-1,-95.2477073089478,14.43904025,50.0,51.16800000000002,44.079707308947775,23.0
-1,-82.15107577409773,14.575114898148136,46.0,56.256000000000014,25.895075774097727,15.0
-1,-91.97772600721608,14.190251925925894,49.0,65.56800000000003,26.409726007216065,19.0
-1,-97.20929105701896,13.685510416666665,41.0,55.87200000000002,41.33729105701893,19.0
-1,-131.06730493310653,25.264313083333278,84.0,103.10400000000006,27.96330493310646,13.0
-1,-95.3563585446847,23.45560149999993,54.0,57.02400000000003,38.33235854468466,19.0
-1,-95.53352001542792,18.253380499999924,42.0,52.224000000000025,43.30952001542788,20.0
-1,-100.74245840140772,15.17371756018516,45.0,56.92800000000002,43.814458401407705,19.0
-1,-164.3488220007995,13.65281711574074,59.0,78.91200000000003,85.43682200079945,27.0
-1,-94.58409127598284,16.23065631944441,48.0,58.08000000000003,36.504091275982816,17.0
-1,-119.45390675727091,12.073596805555557,52.0,63.07200000000004,56.38190675727088,25.0
-1,-85.59490890494874,11.85546886574074,36.0,48.768000000000015,36.82690890494873,23.0
-1,-112.75203227563982,14.250724768518497,49.0,57.31200000000003,55.44003227563979,26.0
-1,-75.35591564055464,18.27933974074072,46.0,47.712000000000025,27.643915640554614,12.0
-1,-122.82492692720749,20.257007064814776,55.0,61.63200000000003,61.19292692720746,21.0
-1,-95.63057891988296,12.827493490740746,48.0,66.04800000000003,29.58257891988292,18.0
-1,-145.82804454169963,18.23745451851844,55.0,71.42400000000002,74.40404454169962,23.0
-1,-85.35326466956731,20.484357791666607,42.0,46.94400000000002,38.40926466956729,20.0
-1,-102.0089042549886,22.6358469814814,51.0,62.68800000000003,39.32090425498857,17.0
-1,-119.56584857029212,17.866061254629596,53.0,63.45600000000002,56.109848570292094,23.0
-1,-84.63332783102594,17.176429907407407,43.0,51.648000000000025,32.98532783102591,18.0
-1,-94.30657178657978,13.18999262962962,43.0,54.72000000000003,39.58657178657975,17.0
-1,-208.81303106849472,20.91405766203695,92.0,144.67200000000008,64.14103106849464,23.0
-1,-102.4087639921531,15.957041819444427,37.0,48.38400000000001,54.0247639921531,21.0
-1,-119.24241247400772,19.30773787037032,57.0,66.33600000000001,52.90641247400771,21.0
-1,-85.08768941858152,12.081689157407409,31.0,37.05600000000001,48.03168941858151,25.0
-1,-88.54614924188385,16.375237981481476,53.0,58.56000000000003,29.986149241883822,18.0
-1,-122.93147159019632,16.82701628703698,45.0,62.40000000000003,60.53147159019628,24.0
-1,-101.4360690725808,19.254540481481424,62.0,76.32000000000004,25.11606907258078,15.0
-1,-113.87220715101992,17.414402120370305,48.0,61.92000000000002,51.9522071510199,23.0
-1,-84.65939395787177,20.887226314814797,45.0,46.84800000000002,37.81139395787176,17.0
-1,-127.29757139415692,21.818186703703606,68.0,84.48000000000003,42.817571394156886,22.0
-1,-89.06196823151117,19.514162620370318,52.0,48.09600000000002,40.96596823151115,21.0
-1,-74.54220624469255,13.032682787037048,38.0,44.16000000000001,30.382206244692547,20.0
-1,-100.10700916788196,17.887402462962946,47.0,57.50400000000002,42.603009167881936,20.0
-1,-78.170424432738,13.024729351851846,30.0,41.85600000000001,36.314424432738,18.0
-1,-108.24147136564818,20.13814929629623,42.0,49.920000000000016,58.32147136564817,21.0
-1,-111.22871229632008,18.822605490740717,50.0,62.97600000000002,48.252712296320055,21.0
-1,-94.64035285801836,18.072915064814783,52.0,60.48000000000003,34.16035285801832,16.0
-1,-112.17853697693695,22.670789148148085,69.0,79.48800000000001,32.69053697693694,14.0
-1,-97.2159655159374,17.981678680555536,66.0,60.67200000000002,36.543965515937394,18.0
-1,-89.53402029416769,25.571633722222145,44.0,45.50400000000002,44.03002029416767,17.0
-1,-90.3447978975752,20.852204995370347,55.0,52.032000000000025,38.31279789757517,19.0
-1,-91.29454885639775,17.910530097222203,36.0,41.85600000000001,49.43854885639775,23.0
-1,-91.7500315036476,20.40741449074073,50.0,58.08000000000002,33.670031503647564,16.0
-1,-90.9688510465775,16.151081171296283,42.0,49.82400000000002,41.144851046577486,20.0
-1,-104.47623514069866,15.724463124999964,58.0,71.71200000000003,32.76423514069863,15.0
-1,-118.78711712478568,18.934794449074005,51.0,58.65600000000002,60.13111712478566,19.0
-1,-84.72492770490297,13.231128425925906,45.0,55.87200000000002,28.852927704902957,14.0
-1,-140.5678438796831,17.315972629629556,58.0,76.22400000000003,64.34384387968308,23.0
-1,-90.06019393281088,14.581156592592588,43.0,48.57600000000002,41.48419393281085,17.0
-1,-107.00754918000348,19.507862245370312,45.0,52.80000000000002,54.20754918000347,20.0
-1,-95.41550603238292,18.22927487037035,42.0,49.728000000000016,45.6875060323829,21.0
-1,-87.43090600516663,14.123118175925915,46.0,54.62400000000003,32.8069060051666,17.0
-1,-103.0817184632541,13.515033018518514,43.0,56.640000000000015,46.44171846325408,22.0
-1,-73.09079947160018,17.434381689814803,44.0,43.10400000000001,29.98679947160016,14.0
-1,-97.54343119402918,15.552041583333311,40.0,49.728000000000016,47.81543119402917,20.0
-1,-102.77722141542516,13.503140037037022,45.0,62.88000000000002,39.89722141542515,18.0
-1,-115.36621520067276,13.072198583333332,40.0,57.40800000000002,57.95821520067273,25.0
-1,-99.25350193421409,19.55421945833328,45.0,56.54400000000002,42.70950193421408,19.0
-1,-98.04766096319712,19.73689211111104,44.0,48.48000000000002,49.5676609631971,20.0
-1,-88.03597100031789,20.12951815740738,42.0,46.94400000000002,41.09197100031786,18.0
-1,-90.13036706110304,14.372303847222216,41.0,54.33600000000003,35.794367061103024,17.0
-1,-101.53434875187456,25.87328794444437,50.0,55.29600000000002,46.23834875187454,18.0
-1,-94.16591589708152,19.912051703703646,47.0,51.93600000000002,42.22991589708152,18.0
-1,-106.51905790293642,16.041612166666656,51.0,63.45600000000003,43.0630579029364,19.0
-1,-111.95016973627196,13.074766055555564,46.0,61.34400000000003,50.60616973627194,23.0
-1,-85.14163269272063,14.841494037037004,32.0,46.46400000000001,38.67763269272063,20.0
-1,-330.895340558073,17.543104962962897,119.0,234.04800000000017,96.8473405580728,26.0
-1,-86.07805761280011,16.147777379629602,40.0,51.93600000000002,34.142057612800095,18.0
-1,-71.00468155609599,17.855737888888882,35.0,39.16800000000001,31.83668155609597,18.0
-1,-87.14190149047522,20.320193694444395,43.0,49.82400000000002,37.3179014904752,17.0
-1,-87.86512053634081,22.55104373611104,45.0,55.20000000000002,32.66512053634079,15.0
-1,-198.637231091426,20.569881124999917,83.0,132.9600000000001,65.67723109142587,23.0
-1,-79.68595668049156,19.143478319444405,35.0,44.640000000000015,35.045956680491535,16.0
-1,-102.52316480663856,19.215783666666617,49.0,60.76800000000002,41.75516480663853,19.0
-1,-93.56848423946371,17.81612395370367,43.0,50.88000000000002,42.68848423946371,16.0
-1,-141.31301798890405,18.57844776851846,68.0,108.57600000000006,32.73701798890397,18.0
-1,-88.2659723977543,12.037980023148132,38.0,44.832000000000015,43.43397239775429,22.0
-1,-82.08907299290233,15.279723407407396,38.0,48.38400000000001,33.70507299290232,18.0
-1,-83.09241753228798,22.337878370370344,46.0,47.80800000000002,35.28441753228797,17.0
-1,-141.90296311995448,16.799244333333277,55.0,88.80000000000004,53.10296311995444,22.0
-1,-82.32657232467878,10.808585458333326,35.0,49.92000000000002,32.40657232467876,20.0
-1,-157.6173646080814,13.687781143518508,60.0,83.23200000000004,74.38536460808137,23.0
-1,-149.96993069144813,14.736170092592571,61.0,93.02400000000006,56.94593069144806,22.0
-1,-102.04423399946126,18.69538089814811,46.0,53.95200000000002,48.09223399946124,20.0
-1,-87.56018740572298,20.22831088888885,38.0,48.86400000000002,38.69618740572297,17.0
-1,-85.65510275650647,17.04290024999996,34.0,45.12000000000001,40.53510275650645,21.0
-1,-98.4782916270414,16.15883559722218,42.0,55.58400000000002,42.89429162704137,20.0
-1,-88.53767806194834,18.087091046296266,53.0,63.07200000000003,25.465678061948307,14.0
-1,-108.69403822543616,12.33125613888889,38.0,53.85600000000002,54.83803822543612,24.0
-1,-158.03424631454004,17.656486671296232,61.0,91.20000000000005,66.83424631453998,23.0
-1,-98.19411659080876,16.555458217592573,46.0,54.91200000000002,43.28211659080874,19.0
-1,-91.4761378483451,22.615020287037016,44.0,46.46400000000001,45.01213784834509,17.0
-1,-138.30386951490055,21.90513408796291,64.0,83.32800000000005,54.97586951490051,20.0
-1,-142.12012171029232,22.06816807407398,67.0,76.12800000000004,65.9921217102923,21.0
-1,-91.92361901802742,14.807493962962972,44.0,47.23200000000002,44.6916190180274,23.0
-1,-79.39372466339903,19.100784069444423,42.0,48.192000000000014,31.201724663399016,16.0
-1,-106.6828121128056,19.094244564814776,53.0,60.38400000000003,46.29881211280559,20.0
-1,-87.63587850313945,13.574944569444437,39.0,43.87200000000001,43.76387850313945,20.0
-1,-106.77760466265964,16.927414782407357,49.0,58.56000000000002,48.21760466265962,22.0
-1,-91.08906631989892,15.165098231481467,41.0,51.45600000000001,39.63306631989893,20.0
-1,-95.00579899103572,15.927123648148129,61.0,59.42400000000003,35.58179899103569,20.0
-1,-88.52763500898962,17.04237690740739,37.0,47.616000000000014,40.9116350089896,17.0
-1,-116.96184972336344,14.666087236111084,38.0,51.26400000000002,65.69784972336342,23.0
-1,-137.18719929686128,15.917502518518498,59.0,82.36800000000004,54.81919929686125,23.0
-1,-94.67047985145716,18.365719870370317,39.0,48.768000000000015,45.90247985145716,19.0
-1,-133.6880584803858,16.833489064814792,55.0,61.824000000000034,71.86405848038576,23.0
-1,-94.93110800100092,25.580677537036976,51.0,54.14400000000002,40.78710800100091,19.0
-1,-92.4119851537762,11.984635763888882,37.0,51.936000000000014,40.475985153776165,19.0
-1,-111.8470410274976,17.692200643518486,51.0,61.82400000000002,50.023041027497584,18.0
-1,-93.318290779883,16.029994736111124,45.0,43.968,49.35029077988299,21.0
-1,-82.95785505212861,20.696589759259226,47.0,52.99200000000002,29.96585505212859,16.0
-1,-112.35425343649784,13.842184675925903,48.0,57.79200000000002,54.56225343649781,24.0
-1,-116.20179687586791,23.54052087499992,50.0,53.568000000000026,62.63379687586789,19.0
-1,-89.63709846723148,15.93349459259258,46.0,52.12800000000002,37.50909846723146,17.0
-1,-118.76349857670988,16.306773999999994,56.0,59.61600000000003,59.14749857670985,23.0
-1,-102.0681116322717,15.056671388888883,43.0,49.344000000000015,52.72411163227168,21.0
-1,-122.24482617033476,17.014161254629595,50.0,62.01600000000003,60.228826170334735,22.0
-1,-113.27959703813818,9.740947949074092,43.0,50.97600000000002,62.30359703813815,24.0
-1,-96.1862566499187,19.024279717592545,44.0,45.98400000000001,50.2022566499187,21.0
-1,-84.83534355664847,16.486481152777774,40.0,43.10400000000001,41.73134355664846,21.0
-1,-89.28463036975563,9.646277726851848,40.0,59.52000000000002,29.76463036975561,18.0
-1,-105.87660608878883,16.863694791666607,42.0,54.14400000000001,51.73260608878884,24.0
-1,-88.04579111410466,16.737278606481453,47.0,55.48800000000002,32.55779111410464,18.0
-1,-96.85513789974551,15.2799849537037,42.0,54.62400000000002,42.23113789974551,21.0
-1,-76.62099244298842,21.840031249999956,51.0,51.93600000000002,24.684992442988403,13.0
-1,-85.30963276283339,14.243316111111104,43.0,49.53600000000002,35.773632762833365,19.0
-1,-81.64665998811864,15.682516430555546,34.0,42.81600000000001,38.83065998811863,21.0
-1,-102.208977127384,10.625940685185196,30.0,39.456,62.75297712738401,27.0
-1,-110.86859065270896,16.62677305092589,45.0,58.94400000000003,51.924590652708936,21.0
-1,-107.52409390704268,22.988578226851804,50.0,54.24000000000002,53.28409390704265,18.0
-1,-101.69222201728496,23.15709952314809,48.0,51.648000000000025,50.04422201728492,18.0
-1,-119.94127861230498,17.56136731481478,55.0,69.79200000000004,50.14927861230493,21.0
-1,-86.1496102779553,15.566040518518502,45.0,52.70400000000002,33.44561027795528,17.0
-1,-92.32924464693242,24.545818870370297,52.0,56.160000000000025,36.1692446469324,16.0
-1,-172.65530018045683,21.562717157407334,83.0,122.11200000000008,50.54330018045674,20.0
-1,-87.75213878250024,18.58520925925926,47.0,50.88000000000002,36.87213878250022,19.0
-1,-102.72694262796588,18.208132810185187,46.0,57.12000000000002,45.60694262796587,16.0
-1,-97.5719952819832,18.31019809259253,47.0,59.32800000000003,38.24399528198317,19.0
-1,-114.8468441642429,17.590213629629577,40.0,50.20800000000002,64.63884416424288,24.0
-1,-86.67788210669553,20.549842865740725,50.0,51.55200000000002,35.12588210669552,17.0
-1,-108.93068066427368,16.502587476851804,51.0,69.21600000000004,39.71468066427364,19.0
-1,-79.76675530864914,17.1370062083333,43.0,49.05600000000002,30.71075530864912,17.0
-1,-97.4175885143536,19.607639356481457,43.0,49.536000000000016,47.8815885143536,21.0
-1,-82.67732481206694,15.938667078703702,36.0,42.144000000000005,40.53332481206694,19.0
-1,-130.85961213545687,16.462918504629577,38.0,55.488000000000014,75.37161213545686,23.0
-1,-94.11999109218128,18.077490708333315,41.0,44.16000000000001,49.95999109218125,20.0
-1,-106.00308840489024,21.073796611111064,56.0,59.04000000000003,46.96308840489022,19.0
-1,-97.61436309413524,15.005311634259243,50.0,58.65600000000002,38.9583630941352,18.0
-1,-84.60769605090289,20.609227212962928,39.0,44.73600000000001,39.87169605090287,16.0
-1,-136.95847603296218,11.986307847222234,42.0,59.32800000000002,77.63047603296215,25.0
-1,-107.72631481866114,19.030903393518468,50.0,66.04800000000003,41.6783148186611,16.0
-1,-117.37103370337454,18.742727569444373,42.0,55.776000000000025,61.59503370337451,21.0
-1,-100.04091859140196,16.98719421296293,43.0,51.26400000000002,48.77691859140194,23.0
-1,-110.13013351713892,17.511036856481475,42.0,55.10400000000002,55.02613351713889,21.0
-1,-102.54004971583772,15.272158124999988,44.0,52.41600000000002,50.12404971583771,22.0
-1,-81.91502792551529,18.46498567129626,40.0,47.04000000000001,34.87502792551528,17.0
-1,-104.69307377923454,13.946531078703677,39.0,56.64000000000002,48.05307377923451,23.0
-1,-97.49684257380672,17.28655898611107,44.0,57.02400000000003,40.4728425738067,21.0
-1,-129.8170734674265,17.808495518518466,52.0,74.01600000000003,55.80107346742648,25.0
-1,-114.22357507079208,15.163591282407385,50.0,56.06400000000003,58.15957507079205,24.0
-1,-106.7559219144303,14.27481690277775,39.0,55.58400000000002,51.17192191443028,22.0
-1,-111.26395694619208,15.775657171296258,44.0,63.648000000000025,47.61595694619205,24.0
-1,-98.3363722311881,18.358056453703657,41.0,45.50400000000002,52.83237223118808,21.0
-1,-94.8437223705019,13.826069976851848,54.0,53.85600000000003,40.98772237050186,20.0
-1,-120.71196631733088,22.499983226851807,54.0,64.89600000000003,55.81596631733085,19.0
-1,-101.59529201699264,18.21120015277774,47.0,57.02400000000002,44.571292016992615,18.0
-1,-98.06728602289076,11.395088671296309,32.0,40.60800000000001,57.45928602289074,27.0
-1,-87.0984998403674,13.727716120370363,40.0,44.73600000000001,42.36249984036738,21.0
-1,-98.88978950906024,16.397199750000002,44.0,45.31200000000002,53.57778950906023,23.0
-1,-110.12089055178166,17.43325232870365,41.0,53.76000000000002,56.36089055178164,24.0
-1,-92.95929505561594,20.39481328240735,50.0,60.48000000000003,32.47929505561591,16.0
-1,-97.74978685588592,19.470273300925893,58.0,69.02400000000003,28.72578685588589,15.0
-1,-95.4210109673804,20.2333976018518,44.0,52.51200000000002,42.90901096738037,21.0
-1,-104.20035658885652,16.233110189814813,38.0,40.320000000000014,63.8803565888565,24.0
-1,-93.40405888596362,18.207236407407347,48.0,57.984000000000016,35.42005888596361,17.0
-1,-119.79318440053126,19.72426767592585,59.0,72.19200000000004,47.60118440053123,20.0
-1,-101.82747991635298,18.111072287036983,42.0,49.72800000000002,52.09947991635296,20.0
-1,-106.7447899976182,16.71843581481478,53.0,62.88000000000003,43.86478999761817,21.0
-1,-80.50178376621318,14.629301249999996,41.0,48.09600000000001,32.40578376621316,19.0
-1,-100.88495762739264,15.995134587962951,41.0,53.088000000000015,47.79695762739262,21.0
-1,-90.94155072089868,13.398667958333334,45.0,51.55200000000002,39.38955072089867,17.0
-1,-93.57487538613734,15.803543046296276,44.0,56.06400000000002,37.51087538613731,20.0
-1,-98.25460866740816,20.7360288796296,56.0,63.84000000000003,34.41460866740811,18.0
-1,-91.08543684498044,17.557148865740736,40.0,51.648000000000025,39.43743684498042,18.0
-1,-91.1069333930956,17.36148594444438,41.0,49.24800000000002,41.85893339309559,19.0
-1,-114.41179664732132,17.596587032407363,50.0,66.52800000000002,47.88379664732129,22.0
-1,-101.40305432891338,18.714900087962903,47.0,52.41600000000002,48.987054328913366,23.0
-1,-75.66535241022936,13.787252814814794,36.0,44.35200000000001,31.31335241022935,20.0
-1,-110.97908677923618,15.030758518518496,37.0,51.26400000000001,59.71508677923617,25.0
-1,-103.7347969327546,17.9235293981481,41.0,48.09600000000001,55.63879693275457,22.0
-1,-110.6922397949048,22.563487134259194,57.0,72.09600000000003,38.596239794904754,17.0
-1,-98.00543554104748,9.852606064814813,40.0,58.27200000000002,39.73343554104748,22.0
-1,-106.37065745537136,21.38110050925918,50.0,56.44800000000002,49.92265745537135,20.0
-1,-111.7390997781163,17.99767788888884,44.0,52.992000000000026,58.747099778116265,23.0
-1,-88.16205949859956,21.120959787037,51.0,52.800000000000026,35.362059498599535,17.0
-1,-117.04352802454626,19.037798416666607,48.0,63.74400000000003,53.29952802454624,22.0
-1,-103.37559189502991,21.345927263888843,57.0,70.94400000000003,32.43159189502988,17.0
-1,-110.35265122821724,14.607072509259249,40.0,53.664000000000016,56.68865122821721,26.0
-1,-89.52199363393069,17.05485263425923,42.0,49.05600000000002,40.46599363393068,18.0
-1,-92.1993786340398,17.248641921296255,44.0,56.06400000000002,36.13537863403978,19.0
-1,-95.295154841178,8.841970587962967,31.0,48.000000000000014,47.295154841178,25.0
-1,-83.64722410255226,16.686677375000034,51.0,47.712000000000025,35.93522410255223,18.0
-1,-108.44419956001856,22.16055393981477,46.0,52.22400000000002,56.22019956001856,20.0
-1,-87.10292491085113,19.724188384259204,41.0,49.63200000000002,37.47092491085111,19.0
-1,-81.16434692923245,21.94671314351847,48.0,52.608000000000025,28.556346929232426,14.0
-1,-121.55290099993078,20.297008305555494,60.0,71.71200000000005,49.84090099993074,18.0
-1,-93.54037115426922,13.404560092592588,39.0,45.88800000000002,47.6523711542692,24.0
-1,-97.38894987875892,11.67082087500001,38.0,48.96000000000002,48.4289498787589,21.0
-1,-96.55474434368688,14.925226717592574,38.0,50.496000000000016,46.05874434368685,21.0
-1,-117.36933101202062,14.83713126388886,44.0,64.03200000000002,53.3373310120206,22.0
-1,-130.79281234107685,19.28502716666659,74.0,101.08800000000004,29.704812341076803,16.0
-1,-86.69863566087193,15.573683231481466,45.0,57.312000000000026,29.386635660871896,17.0
-1,-90.5243941223461,14.76554975925924,44.0,52.99200000000002,37.53239412234608,21.0
-1,-100.31826329239766,16.100189310185158,48.0,62.68800000000003,37.63026329239763,21.0
-1,-99.99943865397526,15.818019078703704,47.0,54.336000000000006,45.66343865397526,22.0
-1,-106.26961888177853,14.878036861111084,43.0,54.91200000000003,51.3576188817785,23.0
-1,-95.36145083712668,14.934634337962953,40.0,45.792000000000016,49.56945083712666,22.0
-1,-85.3686234623942,10.204907912037044,33.0,39.74400000000001,45.6246234623942,24.0
-1,-87.04448431903648,13.327330833333347,37.0,46.27200000000002,40.77248431903646,21.0
-1,-95.25433056883872,13.898384879629637,49.0,61.92000000000003,33.3343305688387,21.0
-1,-89.03508402710833,16.32580180555553,45.0,50.78400000000003,38.2510840271083,17.0
-1,-129.0116892290152,20.663215388888805,52.0,70.94400000000003,58.06768922901516,21.0
-1,-127.80227299911104,12.458645685185171,60.0,81.21600000000004,46.586272999111,23.0
-1,-64.5590474192084,7.602540004629633,35.0,49.63200000000002,14.927047419208378,11.0
-1,-91.42279067720791,20.22264232870364,44.0,48.28800000000002,43.134790677207896,18.0
-1,-103.4028501985296,14.854691874999975,47.0,65.47200000000002,37.930850198529576,19.0
-1,-109.16322335965496,19.60546771296289,53.0,62.30400000000003,46.85922335965492,22.0
-1,-99.9780941394996,15.89423113425926,44.0,53.95200000000003,46.02609413949956,21.0
-1,-101.14823046574836,16.7904335092592,48.0,60.096000000000025,41.05223046574832,19.0
-1,-111.99039246352208,16.91238192129625,50.0,74.68800000000003,37.30239246352204,19.0
-1,-92.7488476289232,24.183900157407376,59.0,64.99200000000003,27.756847628923165,13.0
-1,-101.8139249141012,12.779831259259264,42.0,58.08000000000003,43.733924914101166,24.0
-1,-149.76008731091218,22.813227620370267,63.0,91.39200000000004,58.36808731091215,21.0
-1,-93.56304393905712,14.25288148148146,45.0,54.72000000000003,38.84304393905709,22.0
-1,-91.00544479912888,16.492878629629608,48.0,57.120000000000026,33.885444799128855,15.0
-1,-101.9776755957252,14.410855009259237,47.0,58.08000000000003,43.897675595725175,20.0
-1,-144.5007415450594,20.25561936574065,56.0,79.39200000000004,65.10874154505937,24.0
-1,-103.92759923796342,19.1739197592592,52.0,55.00800000000002,48.9195992379634,22.0
-1,-97.29709211858368,16.683036708333294,47.0,52.992000000000026,44.30509211858367,20.0
-1,-86.48445048864383,12.208141694444448,43.0,51.07200000000002,35.41245048864381,20.0
-1,-71.667542331253,18.470732134259247,46.0,49.63200000000002,22.035542331252987,13.0
-1,-137.7861845993696,13.830771685185178,48.0,61.82400000000003,75.96218459936956,25.0
-1,-111.69747991703976,21.877255685185084,52.0,63.648000000000025,48.04947991703973,19.0
-1,-80.22533320276993,21.272938634259223,50.0,53.76000000000001,26.46533320276992,15.0
-1,-115.77441666585196,22.857648634259167,63.0,71.71200000000003,44.06241666585194,17.0
-1,-87.25516529196621,13.082545990740734,45.0,52.12800000000002,35.127165291966186,22.0
-1,-106.26205807346298,19.397280736111053,53.0,64.12800000000003,42.13405807346296,20.0
-1,-127.74588422963508,20.98332151388883,71.0,82.36800000000005,45.377884229635015,22.0
-1,-119.0128450495614,21.319594680555483,59.0,71.71200000000003,47.30084504956137,19.0
-1,-73.94334274761033,15.56865507407406,46.0,55.00800000000002,18.9353427476103,11.0
-1,-99.9997185162187,22.43502401851845,48.0,53.664000000000016,46.33571851621869,20.0
-1,-117.44873490230944,18.514262486111058,55.0,68.16000000000003,49.28873490230942,21.0
-1,-96.70840849689117,13.647220611111113,41.0,50.496000000000016,46.21240849689115,24.0
-1,-80.40928607683816,15.151757259259256,43.0,51.55200000000003,28.85728607683812,16.0
-1,-101.80482229074016,17.710543648148104,45.0,53.95200000000002,47.85282229074013,22.0
-1,-99.35896593070206,13.177743703703715,48.0,53.76000000000002,45.59896593070204,23.0
-1,-79.49659924577443,14.00689230555556,48.0,52.51200000000002,26.98459924577441,12.0
-1,-112.4083150568282,17.44883518518516,51.0,66.81600000000003,45.59231505682817,17.0
-1,-122.22858954677312,16.66726384722217,57.0,75.26400000000004,46.96458954677309,19.0
-1,-101.8543833919123,14.002123277777764,36.0,49.44000000000002,52.414383391912274,23.0
-1,-103.38128733530888,13.16746267592591,54.0,63.26400000000003,40.11728733530886,18.0
-1,-95.88333188451652,22.06878186111105,52.0,56.92800000000002,38.95533188451648,18.0
-1,-84.91647759853824,23.096566898148097,49.0,57.02400000000002,27.89247759853821,15.0
-1,-84.41496154953941,17.993435171296262,44.0,54.14400000000002,30.27096154953939,17.0
-1,-103.26437098414176,13.343978439814824,49.0,58.94400000000002,44.320370984141725,19.0
-1,-89.43613701812407,16.54350325925922,47.0,57.60000000000002,31.836137018124056,15.0
-1,-92.59999905375771,10.247547504629647,45.0,58.94400000000002,33.655999053757704,21.0
-1,-103.07591744199456,18.57667806018514,53.0,60.76800000000003,42.30791744199452,18.0
-1,-120.51972181438376,15.875704935185167,52.0,68.73600000000003,51.783721814383725,22.0
-1,-92.39568948830104,13.347134495370362,36.0,48.768000000000015,43.62768948830101,19.0
-1,-108.98018412881234,15.846746254629595,45.0,58.080000000000034,50.90018412881231,22.0
-1,-117.57212308427764,23.901324185185132,57.0,62.30400000000003,55.26812308427762,19.0
-1,-88.82306218281187,16.899420805555508,43.0,51.55200000000002,37.27106218281184,21.0
-1,-103.31691294912532,18.12509756018515,50.0,59.61600000000003,43.70091294912528,21.0
-1,-57.24508513405008,10.95577146759259,38.0,43.488000000000014,13.757085134050069,9.0
-1,-122.6012337754226,19.408826236111032,58.0,70.84800000000003,51.753233775422565,19.0
-1,-102.3848581393244,12.613332273148163,38.0,47.808000000000014,54.57685813932439,23.0
-1,-106.3505892689432,16.211115143518494,49.0,53.47200000000002,52.878589268943166,24.0
-1,-110.21807191932145,18.07259011111105,54.0,69.12000000000005,41.0980719193214,18.0
-1,-114.13032681549332,18.992314893518436,51.0,62.59200000000003,51.53832681549329,22.0
-1,-105.7754737309937,24.694137898148075,56.0,61.05600000000002,44.71947373099367,22.0
-1,-101.38510708763984,15.442783782407378,45.0,64.89600000000003,36.48910708763982,19.0
-1,-86.73110471819963,21.447750898148083,47.0,55.87200000000003,30.859104718199607,12.0
-1,-92.47035270492282,23.89373041666664,49.0,49.63200000000002,42.8383527049228,17.0
-1,-105.51248833964324,19.60806485185179,46.0,55.68000000000002,49.83248833964322,22.0
-1,-92.60451917622927,15.384562217592576,46.0,50.20800000000002,42.39651917622926,21.0
-1,-106.61131909323956,16.412428671296293,42.0,52.22400000000002,54.38731909323953,25.0
-1,-95.925160113391,12.22013468981482,53.0,56.83200000000003,39.09316011339096,21.0
-1,-96.88223027723691,18.781852476851803,50.0,59.80800000000002,37.07423027723691,19.0
-1,-81.94325904632224,15.652880499999997,44.0,49.92000000000002,32.02325904632222,17.0
-1,-115.78026510166218,25.167329092592517,52.0,61.72800000000003,54.05226510166215,18.0
-1,-99.78645436328902,15.028843777777784,38.0,48.48000000000002,51.306454363289006,20.0
-1,-84.65355519374788,20.565260777777745,48.0,54.33600000000002,30.31755519374785,16.0
-1,-86.39169021738215,17.174889986111097,44.0,47.42400000000002,38.967690217382135,19.0
-1,-99.4188475906789,14.134722787037015,49.0,59.23200000000003,40.18684759067887,17.0
-1,-113.17172790054092,14.34132024999999,48.0,55.39200000000002,57.7797279005409,24.0
-1,-76.23091990212558,23.90952372685182,55.0,52.22400000000002,24.006919902125563,13.0
-1,-109.87898753190836,16.841290328703654,47.0,65.37600000000003,44.50298753190832,19.0
-1,-80.85110628616627,17.76865071296292,37.0,48.768000000000015,32.083106286166256,19.0
-1,-108.4034853557786,20.90418545833324,49.0,59.42400000000003,48.97948535577857,19.0
-1,-96.9815673034398,13.79227399537038,43.0,49.63200000000001,47.34956730343977,21.0
-1,-82.00315537702627,21.315571634259243,41.0,45.79200000000001,36.211155377026266,16.0
-1,-86.67756572750997,20.98116106018516,43.0,43.48800000000002,43.18956572750994,19.0
-1,-103.96225023860634,16.728860277777738,50.0,64.32000000000004,39.64225023860631,19.0
-1,-150.60445267993404,21.37643469444438,75.0,103.68000000000006,46.92445267993399,18.0
-1,-117.56887538543889,15.979624444444436,55.0,61.92000000000002,55.64887538543885,25.0
-1,-135.2356663259868,18.302511245370283,61.0,78.81600000000005,56.41966632598678,21.0
-1,-75.79150979096917,16.729575009259243,40.0,43.96800000000001,31.823509790969155,18.0
-1,-96.21951776489412,8.720841217592593,50.0,61.824000000000034,34.39551776489409,21.0
-1,-133.12879035786466,19.888740912036955,59.0,73.63200000000003,59.49679035786461,23.0
-1,-85.14641470233519,13.986965893518503,46.0,50.30400000000002,34.84241470233518,19.0
-1,-76.07152456837957,22.30518282870369,47.0,50.30400000000002,25.767524568379542,13.0
-1,-77.20620104395316,9.212748805555568,43.0,53.08800000000002,24.118201043953132,15.0
-1,-98.0600031234265,12.658025643518531,46.0,55.48800000000003,42.57200312342647,20.0
-1,-114.81261861251434,15.495284027777789,49.0,64.89600000000003,49.91661861251431,22.0
-1,-76.99786106786675,14.117284476851848,41.0,45.50400000000002,31.493861067866728,16.0
-1,-88.80553399734362,20.95645118981477,44.0,57.02400000000002,31.781533997343598,16.0
-1,-120.37640859467189,19.56681188888883,54.0,72.67200000000003,47.70440859467186,19.0
-1,-102.2127607166535,17.75833271296293,47.0,56.64000000000003,45.57276071665348,20.0
-1,-96.90560473856294,15.560485560185189,41.0,50.59200000000001,46.31360473856293,22.0
-1,-95.72176661683204,14.343271384259245,37.0,42.91200000000001,52.809766616832015,23.0
-1,-96.60162363819364,14.7691742222222,40.0,48.768000000000015,47.83362363819363,23.0
-1,-93.137591637469,18.891672555555537,39.0,46.65600000000001,46.48159163746897,21.0
-1,-88.96453421619854,19.026059129629576,46.0,52.89600000000003,36.06853421619852,15.0
-1,-81.05611695490964,12.266616023148131,45.0,57.984000000000016,23.07211695490963,13.0
-1,-107.52872008186154,15.192639060185169,46.0,60.86400000000003,46.6647200818615,23.0
-1,-95.94116901894913,15.64392070833332,42.0,57.50400000000002,38.4371690189491,19.0
-1,-92.84319499102985,15.434601486111095,45.0,58.080000000000005,34.763194991029835,20.0
-1,-118.28059613293264,16.96198668518516,58.0,66.62400000000002,51.65659613293262,22.0
-1,-84.90285104564772,14.457203374999992,39.0,52.99200000000002,31.910851045647703,16.0
-1,-91.44738184158118,16.732779671296285,45.0,52.22400000000001,39.223381841581165,20.0
-1,-88.99153564328708,13.73606222685184,37.0,51.64800000000002,37.343535643287055,18.0
-1,-161.70977466330453,19.833829555555443,67.0,114.91200000000008,46.79777466330444,19.0
-1,-98.0585241206247,16.391139319444438,38.0,41.76000000000001,56.29852412062469,23.0
-1,-95.62836560957668,15.194966249999986,41.0,53.95200000000002,41.67636560957668,19.0
-1,-103.00979691121309,14.875218680555523,50.0,59.90400000000003,43.10579691121304,21.0
-1,-94.21000823634316,13.570868277777784,47.0,54.52800000000002,39.68200823634313,20.0
-1,-131.55833936022097,15.842385305555538,62.0,88.80000000000004,42.75833936022093,20.0
-1,-88.79820244172075,19.079239773148107,48.0,54.62400000000002,34.17420244172073,20.0
-1,-80.46292456101769,18.415771754629624,47.0,50.20800000000002,30.25492456101767,18.0
-1,-111.59924651942713,19.0571854074074,51.0,60.672000000000025,50.92724651942709,21.0
-1,-103.24767806902148,16.981412462962926,42.0,48.67200000000002,54.57567806902146,22.0
-1,-94.79130285586515,16.25325069444442,49.0,59.13600000000003,35.65530285586514,21.0
-1,-148.3903297960536,17.46416666203698,61.0,92.64000000000006,55.75032979605354,22.0
-1,-98.20072927360413,24.444794999999942,60.0,62.400000000000034,35.80072927360408,15.0
-1,-96.01801411323532,19.5481129444444,45.0,52.60800000000002,43.41001411323531,19.0
-1,-146.6158128048813,13.914173180555537,61.0,97.44000000000004,49.17581280488124,21.0
-1,-102.97417136072484,15.4272687546296,43.0,56.06400000000002,46.91017136072482,23.0
-1,-116.73723870248904,19.97475027777772,52.0,63.36000000000004,53.377238702489,19.0
-1,-158.27975432282344,20.67656618055548,59.0,88.99200000000005,69.28775432282339,24.0
-1,-89.43683539608287,18.12056438888885,46.0,54.24000000000002,35.19683539608285,19.0
-1,-82.73232227705958,9.526642203703704,32.0,43.96800000000001,38.76432227705956,22.0
-1,-91.8429418566206,24.708073199074,48.0,53.088000000000015,38.7549418566206,17.0
-1,-85.47003547834703,16.417829467592597,45.0,53.376000000000005,32.094035478347024,15.0
-1,-100.60819099802367,15.095637407407382,50.0,63.07200000000002,37.536190998023656,20.0
-1,-98.58044004608774,19.00076655555551,41.0,51.55200000000002,47.02844004608772,20.0
-1,-81.89633114593546,13.289853393518529,43.0,47.71200000000002,34.184331145935445,19.0
-1,-121.72193368243371,27.72289292592582,75.0,80.44800000000004,41.27393368243368,17.0
-1,-114.84496501884816,20.591044777777697,56.0,66.52800000000002,48.31696501884816,19.0
-1,-91.6486827778597,11.194941810185188,42.0,55.10400000000003,36.54468277785967,20.0
-1,-93.4768623154611,16.769606736111072,42.0,53.76000000000002,39.716862315461086,21.0
-1,-99.05436390125053,15.321766976851826,37.0,47.04000000000001,52.01436390125052,23.0
-1,-106.1534995469434,18.510799611111075,62.0,72.09600000000003,34.05749954694338,17.0
-1,-115.9302175898764,19.388306990740677,50.0,64.80000000000003,51.13021758987637,22.0
-1,-125.44950449520556,17.455878351851794,59.0,79.29600000000003,46.15350449520552,20.0
-1,-105.19775588767052,16.903807310185154,41.0,49.24800000000002,55.949755887670506,22.0
-1,-88.8625898406392,19.058487208333297,64.0,67.29600000000002,21.56658984063917,11.0
-1,-100.31737258823652,19.54223507870367,60.0,69.40800000000003,30.909372588236486,17.0
-1,-100.24565691266729,16.766164523148138,40.0,50.68800000000002,49.557656912667255,23.0
-1,-93.74470294474716,21.16274658796292,51.0,59.712000000000025,34.032702944747136,17.0
-1,-95.64856283179336,16.1148406898148,44.0,57.60000000000003,38.04856283179332,18.0
-1,-88.74518473265842,14.77358864814813,35.0,44.16000000000001,44.585184732658405,22.0
-1,-119.5319187314787,20.43432284259251,57.0,73.72800000000004,45.80391873147865,21.0
-1,-103.33115724881137,17.826441805555504,41.0,58.56000000000002,44.77115724881136,22.0
-1,-100.72952890495073,20.719919263888848,47.0,51.07200000000002,49.6575289049507,21.0
-1,-83.18828313843264,17.752475805555502,43.0,47.23200000000001,35.956283138432624,18.0
-1,-132.505586243384,16.84219870833327,48.0,66.52800000000002,65.97758624338397,27.0
-1,-119.21663077250436,16.946675254629586,49.0,59.904000000000025,59.31263077250432,24.0
-1,-97.68771353922112,15.8461518009259,48.0,60.96000000000002,36.7277135392211,17.0
-1,-71.87109423412079,19.572029449074023,35.0,39.84000000000001,32.031094234120786,15.0
-1,-95.62790526418962,21.671917462962888,51.0,56.44800000000003,39.17990526418959,19.0
-1,-95.66974871279768,19.70523173148146,48.0,59.71200000000003,35.957748712797645,20.0
-1,-84.41925930880262,12.077538523148142,40.0,53.76000000000002,30.6592593088026,19.0
-1,-154.57186201739796,16.233986347222178,60.0,88.12800000000006,66.4438620173979,24.0
-1,-109.0337816433119,22.3753029444444,52.0,55.10400000000002,53.92978164331188,19.0
-1,-90.34103413557652,17.66325558796296,54.0,58.656000000000034,31.685034135576487,21.0
-1,-79.81988836224903,14.574862245370358,44.0,53.95200000000003,25.86788836224901,17.0
-1,-99.808072284516,18.41494511574068,52.0,60.48000000000003,39.32807228451596,20.0
-1,-100.61644629691224,17.29153153240741,52.0,57.60000000000003,43.0164462969122,22.0
-1,-89.44792844564729,21.471512305555528,53.0,58.17600000000003,31.271928445647266,15.0
-1,-95.8417812357194,16.656800027777752,51.0,56.83200000000002,39.009781235719366,20.0
-1,-93.40673527797108,23.18325788888886,66.0,66.52800000000003,26.878735277971053,17.0
-1,-77.6525502943506,19.461158800925883,48.0,47.04000000000001,30.61255029435059,18.0
-1,-111.42309778189754,22.29202328240731,64.0,77.85600000000004,33.5670977818975,19.0
-1,-111.47991109430627,15.716684425925893,43.0,58.36800000000002,53.11191109430625,24.0
-1,-103.16082684753346,20.37108910185178,50.0,58.65600000000002,44.50482684753344,18.0
-1,-113.89591163656152,18.239753546296274,50.0,61.24800000000003,52.647911636561474,22.0
-1,-108.71549817171768,19.566651296296254,57.0,71.90400000000002,36.81149817171767,17.0
-1,-107.03017559127032,23.047531606481403,60.0,68.64000000000003,38.39017559127029,20.0
-1,-115.48503465567656,25.152499787036977,63.0,73.24800000000005,42.23703465567653,19.0
-1,-93.33275015857396,23.06113835185182,55.0,57.60000000000002,35.73275015857393,17.0
-1,-75.44340137935478,17.49075909722222,58.0,63.07200000000002,12.371401379354753,9.0
-1,-109.22283084005052,15.82261932870368,49.0,56.44800000000003,52.77483084005049,23.0
-1,-81.88123812002084,16.573847597222205,49.0,49.72800000000002,32.153238120020816,22.0
-1,-113.26451185144816,17.05360744444443,60.0,71.71200000000003,41.55251185144812,20.0
-1,-71.70844246217932,8.151159671296291,38.0,55.77600000000002,15.932442462179305,11.0
-1,-106.02705593292724,22.147856773148085,50.0,62.49600000000002,43.5310559329272,16.0
-1,-104.4467789587505,20.967377120370323,59.0,62.20800000000004,42.23877895875046,19.0
-1,-111.12872465651505,14.395915699074065,45.0,59.23200000000003,51.89672465651501,20.0
-1,-107.29080997126682,18.79924059722217,52.0,64.03200000000002,43.2588099712668,20.0
-1,-84.13678914916878,11.89686874999999,45.0,51.07200000000002,33.064789149168746,20.0
-1,-103.3543493973684,23.405556712962888,53.0,59.23200000000003,44.12234939736838,18.0
-1,-85.013641680942,21.869089416666625,52.0,64.89600000000003,20.117641680941976,13.0
-1,-79.93070350281644,14.893981601851834,53.0,60.672000000000025,19.25870350281641,10.0
-1,-117.78741999458316,15.723010231481474,48.0,59.90400000000003,57.883419994583136,25.0
-1,-108.7316549625557,23.742221393518445,49.0,55.29600000000003,53.43565496255566,20.0
-1,-91.40606247688598,17.825653226851813,44.0,48.48000000000001,42.92606247688597,23.0
-1,-113.39238517978995,16.6896956435185,55.0,72.19200000000004,41.20038517978991,21.0
-1,-106.95405931667474,14.225392453703698,43.0,53.664000000000016,53.29005931667472,23.0
-1,-89.66585825204702,14.357039388888888,43.0,55.58400000000002,34.08185825204699,18.0
-1,-113.1314930368724,22.731798245370303,56.0,68.06400000000002,45.06749303687237,18.0
-1,-95.52459516638604,20.344886898148104,49.0,56.736000000000026,38.78859516638601,20.0
-1,-84.61846656909633,17.490629986111085,47.0,54.04800000000003,30.570466569096297,18.0
-1,-76.91154289777691,13.371505050925917,44.0,45.600000000000016,31.3115428977769,20.0
-1,-91.49558940837734,17.75319079166667,51.0,60.096000000000025,31.39958940837732,19.0
-1,-84.92656835849755,17.43862036111109,50.0,61.53600000000002,23.390568358497525,15.0
-1,-86.97816037399863,24.59523353703699,55.0,63.16800000000003,23.810160373998603,13.0
-1,-97.32340873345228,17.235469555555515,37.0,47.90400000000001,49.41940873345226,19.0
-1,-77.07226487553734,18.927881504629603,42.0,50.30400000000001,26.768264875537326,13.0
-1,-80.20580782514702,16.432690731481458,44.0,51.360000000000014,28.845807825147,15.0
-1,-89.58621419922358,17.040655615740707,51.0,52.512000000000015,37.07421419922356,21.0
-1,-82.7835306900476,14.080564342592584,47.0,58.65600000000001,24.127530690047596,12.0
-1,-92.65828639013608,14.513797287037011,48.0,53.85600000000002,38.80228639013607,23.0
-1,-110.03854605904236,16.796071425925902,49.0,51.648000000000025,58.39054605904235,24.0
-1,-104.33786326734968,14.494314087962968,59.0,72.09600000000003,32.241863267349665,20.0
-1,-101.816421547343,23.13627150925923,63.0,62.784000000000034,39.03242154734298,17.0
-1,-97.45390425822876,12.539662865740745,37.0,54.33600000000002,43.11790425822874,22.0
-1,-89.65477120516576,19.937264819444398,43.0,49.53600000000002,40.118771205165736,18.0
-1,-97.22315761238262,19.245751138888863,57.0,55.39200000000002,41.83115761238261,25.0
-1,-89.67175889360537,16.864790722222203,52.0,60.28800000000003,29.383758893605343,15.0
-1,-148.52738515185857,16.6700849768518,69.0,91.68000000000004,56.84738515185851,24.0
-1,-94.46661419931766,16.910431532407404,44.0,49.248000000000026,45.21861419931763,20.0
-1,-97.66211262812524,16.974760504629618,48.0,55.68000000000003,41.98211262812521,21.0
-1,-96.13847617579192,18.10048884722221,44.0,57.60000000000002,38.53847617579188,21.0
-1,-91.49506726980005,13.438544106481466,51.0,68.54400000000003,22.951067269800006,13.0
-1,-119.5753309507448,16.41865497685184,50.0,72.28800000000003,47.28733095074478,21.0
-1,-100.94553350551278,16.117692472222213,54.0,67.58400000000003,33.36153350551275,17.0
-1,-95.80676655703571,11.691649810185188,43.0,57.98400000000002,37.822766557035706,22.0
-1,-85.37798083113617,12.835446953703704,39.0,47.52000000000001,37.85798083113615,19.0
-1,-102.18086618976938,22.349513574074027,55.0,63.16800000000003,39.01286618976934,17.0
-1,-73.46829669468724,14.11828069444443,42.0,44.92800000000002,28.54029669468721,18.0
-1,-107.7544090916974,20.30082073611105,53.0,59.80800000000003,47.94640909169736,21.0
-1,-83.90591297684554,18.72902050925924,51.0,56.25600000000002,27.64991297684552,15.0
-1,-108.73813108827017,17.811231379629596,53.0,65.08800000000002,43.650131088270136,21.0
-1,-265.8078001520451,19.579747703703585,108.0,191.32800000000012,74.47980015204496,25.0
-1,-103.17366989232464,21.97508191666661,46.0,51.45600000000002,51.71766989232462,21.0
-1,-98.24626140636737,12.764911583333308,42.0,55.68000000000003,42.56626140636733,22.0
-1,-89.78435988576086,15.909684412037011,43.0,57.60000000000002,32.184359885760834,16.0
-1,-92.77396913045295,19.84635840277771,53.0,58.75200000000003,34.021969130452945,15.0
-1,-119.55482961396044,18.564504097222144,50.0,67.20000000000003,52.3548296139604,22.0
-1,-85.75887889964753,13.555716064814812,44.0,50.01600000000002,35.74287889964751,21.0
-1,-114.01635299477776,18.06556353703698,50.0,60.19200000000003,53.82435299477771,21.0
-1,-90.7718465682036,18.841424986111065,51.0,66.04800000000003,24.723846568203577,13.0
-1,-91.8432021629312,15.397391976851866,52.0,58.56000000000002,33.283202162931175,20.0
-1,-83.10278012398037,11.347334254629615,39.0,53.28000000000003,29.822780123980337,15.0
-1,-91.5522227639752,16.05528070370372,52.0,58.75200000000002,32.800222763975185,18.0
-1,-106.80841909155632,20.05065641666661,50.0,59.32800000000004,47.480419091556286,18.0
-1,-95.33125525878232,16.048122398148156,40.0,49.34400000000002,45.98725525878231,19.0
-1,-89.61687530103316,17.22641169444442,44.0,52.41600000000002,37.200875301033136,16.0
-1,-110.00387807719255,15.65339315277775,46.0,57.98400000000002,52.01987807719253,24.0
-1,-89.57725138815232,14.448450347222218,47.0,49.82400000000002,39.75325138815229,22.0
-1,-111.95935327708048,15.651208509259249,44.0,62.49600000000002,49.46335327708045,21.0
-1,-151.84371400134063,13.95270609722223,63.0,92.83200000000004,59.011714001340565,23.0
-1,-107.30060398336576,18.15162842129625,49.0,60.38400000000002,46.91660398336573,21.0
-1,-109.02495499899776,14.586730282407384,46.0,60.19200000000003,48.832954998997735,20.0
-1,-83.05747644123092,21.363848046296248,54.0,59.23200000000004,23.825476441230883,13.0
-1,-79.76478670251835,19.400714157407386,40.0,47.42400000000001,32.34078670251834,18.0
-1,-77.56699565395284,18.279609958333303,47.0,55.48800000000003,22.078995653952816,13.0
-1,-88.99564983804379,17.87113831018516,39.0,51.07200000000002,37.92364983804377,17.0
-1,-90.91998356937438,17.265539078703696,41.0,49.53600000000001,41.38398356937437,19.0
-1,-125.48516201354144,17.531348893518455,52.0,77.56800000000004,47.91716201354139,22.0
-1,-95.11739036485852,15.823631449074034,37.0,51.84000000000002,43.27739036485849,24.0
-1,-101.71009871289014,15.809171282407403,45.0,57.98400000000002,43.72609871289012,20.0
-1,-94.7403517699739,13.78582594444444,43.0,52.80000000000002,41.94035176997389,24.0
-1,-78.63642527187446,11.11917528703704,44.0,50.20800000000001,28.428425271874453,19.0
-1,-112.05842232807026,15.797731074074056,56.0,64.60800000000003,47.45042232807023,21.0
-1,-134.41467066675588,16.544950476851806,48.0,64.89600000000003,69.51867066675585,23.0
-1,-129.36963163434564,19.59902356944438,58.0,75.84000000000005,53.5296316343456,23.0
-1,-82.05507685256507,16.673808185185184,44.0,52.32000000000002,29.73507685256504,17.0
-1,-132.04761388092226,25.430573930555457,65.0,77.85600000000002,54.19161388092223,18.0
-1,-104.10966320027504,15.33709920833332,52.0,61.72800000000002,42.38166320027503,21.0
-1,-107.5029332313104,19.357057597222173,62.0,70.94400000000003,36.558933231310384,19.0
-1,-100.19471166577034,23.99994722685181,52.0,56.736000000000026,43.45871166577031,19.0
-1,-90.3503665708748,16.567626333333326,63.0,61.15200000000004,29.19836657087477,14.0
-1,-102.02865755079088,17.9306503333333,51.0,65.76000000000002,36.268657550790856,20.0
-1,-116.18753993472664,22.161139749999897,48.0,55.58400000000002,60.603539934726605,23.0
-1,-101.03030560375612,14.555710111111075,39.0,51.552000000000014,49.478305603756105,25.0
-1,-133.26053874476997,19.124969930555448,56.0,72.48000000000005,60.7805387447699,23.0
-1,-88.01757686904773,13.994801574074057,49.0,65.47200000000002,22.545576869047704,12.0
-1,-100.90460369021484,18.55938807870365,51.0,64.70400000000001,36.20060369021482,20.0
-1,-82.42681958357235,15.981131893518503,52.0,58.27200000000003,24.15481958357232,15.0
-1,-89.96601346334558,21.83873502314812,52.0,54.62400000000002,35.34201346334556,15.0
-1,-94.32109162127762,19.293254069444387,45.0,47.616000000000014,46.7050916212776,24.0
-1,-80.2731287554642,15.35727507870369,48.0,56.06400000000002,24.20912875546418,12.0
-1,-93.90694358518144,16.55816577777778,46.0,48.192000000000014,45.71494358518143,21.0
-1,-87.58159981319511,9.975426953703712,42.0,56.928000000000026,30.65359981319508,18.0
-1,-95.99796607249814,20.45215398611105,47.0,53.376000000000026,42.62196607249811,19.0
-1,-83.72904088005632,16.652147407407416,58.0,67.77600000000002,15.953040880056289,9.0
-1,-109.72525490376611,12.757993601851846,55.0,62.400000000000034,47.325254903766094,23.0
-1,-72.00722862780368,15.195313611111098,36.0,41.760000000000005,30.247228627803683,19.0
-1,-86.38298817874923,12.918816087962965,50.0,59.61600000000002,26.766988178749216,16.0
-1,-89.1904090137354,22.681981509259227,57.0,63.07200000000002,26.11840901373538,13.0
-1,-169.08903462074286,23.994366185185036,65.0,94.08000000000006,75.00903462074281,24.0
-1,-97.73684183562295,15.48307828703703,46.0,53.08800000000002,44.64884183562293,23.0
-1,-89.79466855972298,23.511370842592555,52.0,53.95200000000003,35.84266855972295,17.0
-1,-88.57058978092522,15.119770074074063,44.0,54.91200000000003,33.65858978092518,19.0
-1,-117.85263141410668,20.135154416666584,55.0,75.93600000000004,41.91663141410663,21.0
-1,-145.58356205798327,21.614553199074027,70.0,94.94400000000006,50.63956205798323,19.0
-1,-130.3583019018153,20.989536722222176,55.0,71.90400000000004,58.45430190181526,22.0
-1,-94.88994705208916,14.186629171296302,42.0,50.59200000000003,44.29794705208913,21.0
-1,-96.10061060149324,24.469567037037,52.0,55.29600000000002,40.80461060149322,17.0
-1,-105.68411201416734,20.864108324073968,41.0,51.26400000000002,54.42011201416732,22.0
-1,-88.27066505774772,11.41508835185184,35.0,48.09600000000002,40.1746650577477,24.0
-1,-102.74277587607126,20.66661485185177,57.0,58.36800000000002,44.37477587607124,22.0
-1,-94.94734746240373,15.593768180555545,48.0,56.352000000000025,38.59534746240368,22.0
-1,-88.58463545530564,14.622183972222222,48.0,56.64000000000003,31.94463545530561,15.0
-1,-101.44905627958782,22.538465925925863,52.0,57.40800000000003,44.04105627958779,20.0
-1,-101.74916749817736,19.35219066203697,45.0,57.60000000000003,44.14916749817733,18.0
-1,-93.39104856522113,18.961519277777725,52.0,58.36800000000002,35.0230485652211,18.0
-1,-109.2630612764724,19.721912898148094,52.0,60.38400000000003,48.87906127647237,22.0
-1,-93.12558686694054,20.52946756944439,52.0,64.32000000000002,28.80558686694052,18.0
-1,-91.49419649231768,18.824747944444404,57.0,57.69600000000001,33.79819649231768,18.0
-1,-108.16008433845724,14.634833217592572,52.0,69.88800000000003,38.272084338457205,21.0
-1,-97.4511622799878,15.338669875,49.0,63.45600000000003,33.99516227998778,20.0
-1,-78.86798809139285,18.29217957870369,47.0,48.000000000000014,30.86798809139283,16.0
-1,-86.78349915777079,14.848781870370356,47.0,54.62400000000003,32.15949915777077,18.0
-1,-95.96583774605811,15.415108814814795,38.0,52.032000000000025,43.93383774605809,21.0
-1,-92.2456931508748,21.87660240740736,56.0,69.02400000000003,23.221693150874756,11.0
-1,-112.58934490137378,19.897077282407327,56.0,64.80000000000003,47.78934490137375,19.0
-1,-93.1914407755812,15.804172194444432,36.0,46.84800000000001,46.34344077558121,22.0
-1,-89.45742616034153,15.382133532407384,50.0,52.70400000000003,36.75342616034149,21.0
-1,-88.42868109264599,17.47626706481479,44.0,56.64000000000002,31.78868109264597,17.0
-1,-79.47356483166209,13.301685097222236,36.0,44.92800000000002,34.54556483166206,20.0
-1,-86.41665321412663,15.607691935185176,47.0,53.95200000000001,32.46465321412662,19.0
-1,-109.22644528937316,20.3898835231481,49.0,64.60800000000003,44.61844528937311,19.0
-1,-102.07860652101462,14.826594513888882,50.0,68.06400000000004,34.014606521014585,17.0
-1,-68.47643593791426,19.00547672222223,43.0,45.504000000000005,22.972435937914263,12.0
-1,-90.42817386902836,17.717061791666634,44.0,49.72800000000001,40.70017386902836,20.0
-1,-80.38325524366411,18.07708827314811,46.0,53.56800000000002,26.815255243664097,16.0
-1,-116.18085326047805,19.456299675925862,57.0,72.28800000000004,43.892853260478,20.0
-1,-76.07547515196099,14.079611009259262,40.0,47.61600000000002,28.45947515196097,12.0
-1,-109.55418710308868,16.345290226851823,59.0,82.65600000000003,26.89818710308863,16.0
-1,-140.10250471971787,18.851186263888827,65.0,79.39200000000004,60.71050471971783,24.0
-1,-96.14055920949096,19.18829653240737,46.0,59.04000000000002,37.10055920949094,17.0
-1,-84.0643551306193,19.95700742129628,49.0,50.496000000000016,33.56835513061928,17.0
-1,-107.52408736152871,17.86034291666661,44.0,60.57600000000002,46.94808736152869,23.0
-1,-98.13126369319087,19.22314563888885,47.0,54.43200000000002,43.69926369319087,18.0
-1,-66.89337894929949,14.650448365740733,39.0,47.80800000000002,19.085378949299468,10.0
-1,-95.93890271303658,16.651813148148104,50.0,58.56000000000002,37.37890271303657,20.0
-1,-89.97342684392751,16.760217287037,43.0,55.39200000000002,34.58142684392749,17.0
-1,-70.01912663823445,16.007687064814807,35.0,40.32,29.699126638234453,17.0
-1,-116.20940363351112,19.92987806481473,52.0,66.72000000000003,49.48940363351111,21.0
-1,-119.1897797262178,20.13885787499993,59.0,72.19200000000002,46.997779726217786,19.0
-1,-96.62015820368782,13.4381209675926,46.0,51.45600000000002,45.164158203687805,24.0
-1,-78.30760652046081,19.05103757870369,48.0,47.32800000000002,30.9796065204608,17.0
-1,-93.65493829337989,15.7434186898148,49.0,51.93600000000002,41.71893829337985,20.0
-1,-93.71358199989967,16.484154560185168,44.0,49.44000000000002,44.27358199989966,21.0
-1,-97.23263117425556,17.662485208333276,48.0,54.62400000000002,42.60863117425556,21.0
-1,-83.85067081684585,22.46243311574072,58.0,63.07200000000002,20.778670816845832,11.0
-1,-71.48069910829072,16.20261451851851,43.0,53.08800000000001,18.392699108290717,12.0
-1,-102.46605946408346,21.307817166666613,57.0,65.47200000000002,36.99405946408344,19.0
-1,-101.0186398188649,21.645000023148107,55.0,54.91200000000003,46.10663981886486,18.0
-1,-96.5347770967262,13.833059097222216,44.0,57.50400000000001,39.03077709672619,21.0
-1,-108.3088168570278,13.110792361111123,55.0,53.66400000000003,54.64481685702777,25.0
-1,-103.26031856861589,24.720351930555488,58.0,58.65600000000002,44.60431856861585,19.0
-1,-93.35401292220848,10.82376219444446,46.0,50.01600000000002,43.33801292220845,24.0
-1,-87.53641826181119,18.12684281018516,41.0,54.240000000000016,33.296418261811176,17.0
-1,-94.004533645897,17.616350314814774,47.0,52.51200000000002,41.49253364589699,21.0
-1,-93.43001586249927,19.722599935185144,44.0,51.168000000000006,42.26201586249927,22.0
-1,-117.67858030625317,19.33336856944436,52.0,63.36000000000003,54.318580306253125,22.0
-1,-107.49777281019728,13.716687129629612,38.0,57.79200000000002,49.70577281019727,24.0
-1,-92.44951572981552,20.70474809259257,48.0,56.06400000000003,36.38551572981548,17.0
-1,-109.83198932963958,16.847321828703695,51.0,61.05600000000003,48.77598932963954,23.0
-1,-107.28121254873938,22.16249698611104,52.0,63.84000000000003,43.44121254873934,19.0
-1,-94.36332119524492,23.306553675925866,50.0,67.96800000000003,26.395321195244875,10.0
-1,-96.5874714410408,10.062937837962965,54.0,73.05600000000003,23.531471441040765,14.0
-1,-94.97944738499478,17.910835393518486,45.0,47.90400000000001,47.07544738499477,19.0
-1,-87.7465283522488,19.577151351851832,53.0,61.05600000000002,26.690528352248784,15.0
-1,-89.72807060109642,17.704321708333286,43.0,48.76800000000002,40.9600706010964,21.0
-1,-85.20654794101168,12.53410856481482,35.0,44.73600000000001,40.47054794101166,20.0
-1,-98.01436640559815,13.491935152777756,49.0,64.32000000000002,33.69436640559813,16.0
-1,-76.05178306929442,12.79556262037037,42.0,48.86400000000002,27.1877830692944,18.0
-1,-113.35831779688344,21.82503912499993,53.0,68.16000000000003,45.198317796883416,15.0
-1,-98.33261755992392,16.888444583333314,43.0,56.06400000000002,42.26861755992391,21.0
-1,-101.93130022517522,16.445004041666664,51.0,62.59200000000003,39.3393002251752,20.0
-1,-127.5507071923109,15.766968874999982,53.0,69.88800000000003,57.66270719231086,24.0
-1,-99.15225460730925,20.812399930555507,51.0,55.680000000000014,43.47225460730921,20.0
-1,-95.6236075221473,15.598963152777763,41.0,48.09600000000002,47.52760752214728,20.0
-1,-103.96233863358871,15.588914708333329,49.0,58.56000000000002,45.40233863358869,20.0
-1,-85.47531199518775,21.43670774537033,54.0,55.10400000000002,30.37131199518774,17.0
-1,-83.98088701170269,20.930479745370345,53.0,51.07200000000002,32.908887011702674,16.0
-1,-77.5402826892373,14.302319749999992,43.0,54.81600000000002,22.72428268923729,12.0
-1,-92.25542478796906,14.145924648148148,45.0,46.94400000000002,45.311424787969045,22.0
-1,-105.95886934277736,20.614539851851784,54.0,54.91200000000002,51.04686934277734,21.0
-1,-74.41370950859044,20.497377115740687,44.0,43.20000000000002,31.21370950859042,16.0
-1,-101.73761607192012,14.3841373287037,44.0,57.40800000000002,44.32961607192009,23.0
-1,-93.372184086925,21.89058949537034,57.0,62.01600000000003,31.356184086924976,17.0
-1,-93.2853846856892,18.67591302314809,47.0,55.29600000000003,37.98938468568916,19.0
-1,-83.54571057568732,18.283499527777742,51.0,64.12800000000003,19.41771057568729,13.0
-1,-84.51600122855808,14.395432712962956,47.0,53.568000000000026,30.948001228558056,20.0
-1,-92.69369546336002,14.491998995370372,43.0,57.312000000000026,35.38169546335999,21.0
-1,-91.35640457795948,19.257298379629617,48.0,57.21600000000002,34.140404577959444,19.0
-1,-117.17070331937822,18.55537893518511,48.0,56.736000000000026,60.4347033193782,25.0
-1,-79.80412590320542,8.322362958333338,42.0,58.94400000000002,20.860125903205397,16.0
-1,-190.5967043020641,15.637827152777758,89.0,118.94400000000007,71.65270430206402,26.0
-1,-123.88956735951064,16.50596605092589,45.0,64.80000000000003,59.08956735951061,23.0
-1,-87.62564387761469,13.61448459259258,42.0,51.552000000000014,36.07364387761468,15.0
-1,-97.3612522242362,19.62823686111106,45.0,54.432000000000016,42.92925222423618,19.0
-1,-104.08592220211128,19.90956363888883,48.0,64.12800000000003,39.95792220211126,20.0
-1,-94.10492914809548,21.684065481481387,47.0,57.69600000000002,36.408929148095446,16.0
-1,-171.9911347222465,18.374661861110997,64.0,99.74400000000006,72.24713472224646,24.0
-1,-98.14846681939824,15.504514050925923,46.0,58.08000000000003,40.0684668193982,19.0
-1,-73.28623491585792,19.35299125462959,41.0,42.43200000000001,30.85423491585791,14.0
-1,-93.12168161407013,14.924866629629596,43.0,56.83200000000002,36.289681614070105,16.0
-1,-97.90089091244752,20.919476365740696,48.0,55.20000000000002,42.7008909124475,19.0
-1,-99.56058242007344,9.721847273148134,51.0,71.42400000000004,28.1365824200734,20.0
-1,-123.7453668541807,20.75583397685177,53.0,64.51200000000003,59.23336685418068,22.0
-1,-85.24825386079353,15.439520064814792,44.0,58.36800000000002,26.8802538607935,13.0
-1,-87.37869847636841,18.494652078703663,38.0,43.20000000000001,44.17869847636841,20.0
-1,-89.9422292001304,16.695331763888873,42.0,55.87200000000002,34.07022920013038,19.0
-1,-104.24365956695976,22.52286742129622,48.0,56.06400000000003,48.17965956695974,19.0
-1,-85.74444526911452,17.893005995370352,47.0,59.32800000000002,26.4164452691145,16.0
-1,-95.00778801195536,19.188975981481427,40.0,47.04000000000001,47.96778801195534,22.0
-1,-82.67736342731905,15.083933662037028,39.0,45.60000000000001,37.07736342731905,20.0
-1,-97.36411260620528,13.611385699074084,44.0,60.19200000000002,37.17211260620526,20.0
-1,-90.72147857345158,17.287245768518474,44.0,51.64800000000002,39.07347857345155,21.0
-1,-104.85096079137774,17.47966843518515,43.0,60.86400000000002,43.986960791377726,26.0
-1,-93.44627063923976,17.56959979629627,41.0,46.75200000000002,46.69427063923976,18.0
-1,-78.56001138307712,18.955852462962973,44.0,43.488000000000014,35.07201138307711,16.0
-1,-106.39374296662608,15.715510310185197,41.0,57.98400000000002,48.40974296662606,22.0
-1,-81.06889761322182,19.5113920648148,53.0,57.98400000000003,23.084897613221788,16.0
-1,-115.84312795625672,12.473920430555568,39.0,52.03200000000002,63.8111279562567,26.0
-1,-108.41724840658644,14.464716537037017,42.0,50.68800000000002,57.72924840658644,25.0
-1,-97.71085558208796,22.96471187962958,45.0,54.62400000000002,43.08685558208795,16.0
-1,-76.90291132687382,16.18500046296296,38.0,44.92800000000001,31.97491132687381,16.0
-1,-110.10936793415397,23.150222361111048,46.0,56.544000000000025,53.565367934153926,21.0
-1,-104.73008689096548,16.722556717592592,42.0,50.68800000000002,54.04208689096546,22.0
-1,-99.37990174563625,20.61129094907401,44.0,49.44000000000002,49.939901745636206,20.0
-1,-100.79290588910644,21.872134175925886,55.0,61.44000000000003,39.3529058891064,18.0
-1,-102.07159697075052,18.499136004629587,43.0,56.83200000000002,45.239596970750505,20.0
-1,-82.91531981367035,17.48838862037033,43.0,47.13600000000002,35.77931981367034,17.0
-1,-73.42485850498124,8.911630648148138,26.0,34.176,39.24885850498124,22.0
-1,-107.938977852527,17.66142629166663,53.0,66.04800000000003,41.89097785252696,21.0
-1,-144.92757063195737,20.09019356944434,66.0,82.27200000000003,62.65557063195734,22.0
-1,-90.30701761051364,12.764575847222208,32.0,44.35200000000001,45.95501761051363,21.0
-1,-101.591040472383,11.740688879629642,36.0,46.84800000000001,54.743040472383,26.0
-1,-100.0706524595656,19.29076899537036,51.0,61.15200000000003,38.91865245956557,19.0
-1,-98.44424058822716,14.468156064814814,44.0,50.112000000000016,48.33224058822713,24.0
-1,-93.47445980682213,18.212692083333327,42.0,48.76800000000001,44.70645980682213,17.0
-1,-107.66726639097212,17.406473564814767,45.0,54.91200000000001,52.75526639097211,24.0
-1,-105.5023719489063,12.442122736111102,36.0,50.68800000000002,54.814371948906285,25.0
-1,-132.49103921688732,16.465339069444397,55.0,74.20800000000004,58.28303921688727,23.0
-1,-167.82939964587146,19.24178401851845,70.0,103.68000000000006,64.1493996458714,21.0
-1,-106.47718486445976,16.213596041666648,45.0,56.35200000000002,50.12518486445974,25.0
-1,-86.69633275412089,13.72684880555556,45.0,54.528000000000006,32.16833275412088,16.0
-1,-92.42086625999748,12.18750874074074,44.0,59.61600000000002,32.80486625999745,17.0
-1,-120.89228376185996,14.423204162037006,52.0,75.64800000000004,45.24428376185993,19.0
-1,-104.21883567594054,20.02049286574068,53.0,65.66400000000003,38.55483567594051,16.0
-1,-101.8622117113945,20.45817055555553,45.0,48.28800000000002,53.57421171139448,20.0
-1,-87.59029409392289,13.535566925925918,45.0,55.58400000000002,32.00629409392287,18.0
-1,-92.1449028203999,22.33135370370364,52.0,59.52000000000003,32.624902820399875,14.0
-1,-86.62660374078507,13.732422361111086,42.0,52.89600000000002,33.73060374078504,20.0
-1,-94.02457927371825,20.66716221759256,52.0,64.32000000000004,29.70457927371821,16.0
-1,-97.84099207690154,15.258525958333315,46.0,61.632000000000026,36.20899207690152,18.0
-1,-76.17357182486262,17.252911287036994,41.0,47.32800000000002,28.8455718248626,17.0
-1,-96.5296699784185,15.923621208333309,39.0,46.08000000000001,50.44966997841848,24.0
-1,-95.7761792714656,19.69600939351848,48.0,53.66400000000002,42.11217927146559,18.0
-1,-94.10794546478662,13.48652505555554,37.0,50.40000000000002,43.70794546478661,26.0
-1,-80.14142749509881,21.62253030555552,47.0,50.88000000000002,29.26142749509878,15.0
-1,-93.90768759690954,17.113089166666644,51.0,59.32800000000002,34.57968759690952,16.0
-1,-98.09258835306996,20.410902513888825,50.0,58.36800000000002,39.72458835306994,20.0
-1,-111.73600288734336,16.441670555555508,45.0,56.44800000000002,55.28800288734335,25.0
-1,-113.73204718030522,17.511041675925906,49.0,54.91200000000003,58.82004718030519,22.0
-1,-113.39633137970674,15.516095282407388,59.0,80.73600000000005,32.66033137970668,19.0
-1,-99.61703228716432,16.73708338425922,51.0,62.016000000000034,37.60103228716429,20.0
-1,-89.41371040969747,13.520635907407396,48.0,55.87200000000002,33.54171040969745,20.0
-1,-73.31916802335948,15.788308768518515,40.0,48.576000000000015,24.743168023359463,15.0
-1,-75.07386060486195,16.69004591203702,55.0,55.87200000000004,19.20186060486192,11.0
-1,-81.74409627723212,10.585110796296306,38.0,48.19200000000002,33.552096277232096,20.0
-1,-88.94317947911013,25.055799833333296,47.0,45.60000000000002,43.343179479110105,15.0
-1,-88.93601436673808,16.429911740740735,36.0,42.528000000000006,46.40801436673808,20.0
-1,-90.69084459445624,22.39107778240736,49.0,52.32000000000003,38.37084459445623,16.0
-1,-102.0613161027411,16.897129995370335,43.0,53.66400000000002,48.39731610274107,20.0
-1,-126.80793026348934,21.69695369907398,54.0,64.70400000000004,62.103930263489296,23.0
-1,-112.36088207073384,16.24498836111107,54.0,56.352000000000025,56.00888207073383,22.0
-1,-75.85912435184558,13.830482583333318,39.0,51.74400000000002,24.11512435184556,18.0
-1,-136.2106616740665,26.359662083333227,69.0,88.51200000000006,47.69866167406646,19.0
-1,-88.17245430025324,18.23907439351849,46.0,50.20800000000001,37.964454300253216,16.0
-1,-103.73712512795566,17.540441097222185,54.0,61.24800000000003,42.48912512795563,19.0
-1,-108.10860259598394,14.598394240740715,41.0,58.08000000000002,50.02860259598391,24.0
-1,-94.35529327630468,11.675551624999995,43.0,55.96800000000002,38.38729327630465,21.0
-1,-90.35802027580463,14.307023518518532,45.0,55.10400000000002,35.254020275804635,18.0
-1,-94.88210694872107,16.128441703703675,44.0,50.01600000000002,44.86610694872106,23.0
-1,-97.48475580799568,13.67040744907406,48.0,56.736000000000026,40.74875580799565,23.0
-1,-95.1693980800315,15.708028472222212,54.0,60.19200000000003,34.97739808003147,18.0
-1,-98.782172103887,23.134721805555483,58.0,66.81600000000003,31.966172103886965,15.0
-1,-117.55161902983303,15.28646616666664,48.0,70.46400000000003,47.087619029833,19.0
-1,-113.87442382627012,16.443377199074042,62.0,74.40000000000003,39.47442382627009,22.0
-1,-93.74348710142286,21.813950893518484,56.0,64.89600000000002,28.84748710142285,13.0
-1,-93.14912804526222,20.62486883796289,52.0,52.89600000000002,40.253128045262194,17.0
-1,-88.7808347552548,13.915528439814825,46.0,47.71200000000002,41.06883475525478,21.0
-1,-92.86651050535784,12.346601884259249,48.0,60.38400000000003,32.4825105053578,21.0
-1,-91.4779805256502,14.98776050925926,42.0,50.78400000000002,40.69398052565018,22.0
-1,-122.56869227514906,22.98803761111103,62.0,71.90400000000004,50.66469227514903,21.0
-1,-76.77493012876458,12.978997712962968,42.0,54.048000000000016,22.72693012876456,14.0
-1,-111.38516504245337,19.47734207407401,54.0,63.16800000000004,48.21716504245333,22.0
-1,-101.2586580118614,17.022841194444418,47.0,56.64000000000003,44.618658011861385,20.0
-1,-97.62888351997664,26.495000995370347,57.0,60.38400000000003,37.24488351997661,16.0
-1,-97.54265311122836,16.823916939814772,46.0,50.496000000000016,47.04665311122835,20.0
-1,-104.04829203003,16.795527074074034,39.0,52.60800000000002,51.44029203002998,23.0
-1,-97.27100338230002,20.115503685185185,49.0,56.64000000000002,40.6310033823,19.0
-1,-99.64307861574376,14.432307740740722,51.0,59.71200000000003,39.93107861574373,21.0
-1,-86.34326425875219,14.700966935185182,50.0,58.17600000000002,28.16726425875217,16.0
-1,-97.99781353344066,16.43614853703699,57.0,65.28000000000003,32.71781353344063,14.0
-1,-95.7803417414693,13.227037523148129,57.0,71.61600000000003,24.16434174146928,14.0
-1,-82.43465804725672,15.824707425925906,48.0,49.05600000000002,33.3786580472567,17.0
-1,-87.72340599065409,16.027022569444444,45.0,50.496000000000016,37.22740599065407,18.0
-1,-98.41683970395565,15.33593697685182,58.0,71.71200000000003,26.70483970395561,16.0
-1,-78.55833469473605,18.44969546759258,50.0,58.75200000000002,19.80633469473602,11.0
-1,-99.10031485950236,14.483344837962964,39.0,48.48000000000001,50.62031485950234,23.0
-1,-83.41712306571978,12.2641941574074,49.0,58.368000000000016,25.049123065719755,15.0
-1,-70.33996935405574,13.078050138888898,35.0,40.416,29.92396935405573,19.0
-1,-120.69408766129912,24.025343101851785,62.0,74.11200000000005,46.58208766129906,20.0
-1,-80.16445260327096,12.482890814814814,49.0,55.00800000000001,25.156452603270957,15.0
-1,-96.13938801017468,17.591451675925875,44.0,50.78400000000002,45.35538801017465,22.0
-1,-116.52408601842362,21.18343344444434,60.0,77.47200000000004,39.05208601842359,19.0
-1,-79.33222989394328,18.545160222222187,57.0,60.288000000000025,19.044229893943257,14.0
-1,-91.74299312338314,15.456523087962951,51.0,56.736000000000026,35.00699312338311,20.0
-1,-93.8338875214964,9.269533796296312,51.0,55.968000000000025,37.86588752149637,22.0
-1,-101.62877093999288,18.77887089351844,48.0,55.20000000000002,46.42877093999285,20.0
-1,-101.95042467774525,16.434316374999966,50.0,57.792000000000016,44.15842467774522,21.0
-1,-131.39642008637165,22.356305310185107,59.0,69.31200000000003,62.084420086371615,22.0
-1,-91.26189908826991,18.000517180555494,45.0,50.78400000000001,40.47789908826991,19.0
-1,-84.9016339287326,18.01523701388885,39.0,47.32800000000001,37.573633928732576,19.0
-1,-81.86831166025497,19.70952907870368,46.0,50.97600000000002,30.89231166025495,17.0
-1,-131.18443306552928,19.977600629629585,63.0,78.14400000000005,53.04043306552924,20.0
-1,-103.2288262544599,18.704715675925847,41.0,56.73600000000002,46.492826254459885,17.0
-1,-83.01025228716017,23.034837824074064,51.0,56.06400000000002,26.946252287160156,15.0
-1,-99.22607425797584,19.89178949537032,53.0,63.36000000000003,35.86607425797581,20.0
-1,-107.41880339454168,19.392798148148096,46.0,60.864000000000026,46.55480339454165,21.0
-1,-87.52029640563757,13.710952416666665,58.0,61.72800000000004,25.79229640563752,19.0
-1,-89.29896470680211,14.10935892592592,47.0,51.936000000000014,37.3629647068021,21.0
-1,-85.33332435141688,16.291812009259253,44.0,53.664000000000016,31.66932435141687,19.0
-1,-92.32780271114795,18.343400124999995,56.0,62.59200000000003,29.73580271114794,15.0
-1,-80.02476675914592,14.93932830555554,46.0,57.02400000000002,23.0007667591459,15.0
-1,-72.4690453099654,9.907855782407411,39.0,47.04000000000002,25.42904530996537,17.0
-1,-109.22332104713335,14.440641972222204,47.0,68.44800000000002,40.77532104713334,22.0
-1,-108.6548973975296,19.52151710185177,42.0,52.80000000000002,55.85489739752958,22.0
-1,-100.6636316826993,17.21700207870367,46.0,53.37600000000002,47.28763168269928,20.0
-1,-83.49627274769765,17.56921074537032,43.0,52.32000000000002,31.176272747697624,15.0
-1,-83.56737600347847,19.31743430555554,48.0,53.66400000000002,29.903376003478456,15.0
-1,-95.54162796770922,17.962748129629595,48.0,50.88000000000001,44.6616279677092,22.0
-1,-93.6470443401771,19.09285424537034,52.0,62.68800000000003,30.959044340177076,15.0
-1,-78.55555364265038,14.790573134259263,51.0,58.080000000000034,20.475553642650357,12.0
-1,-78.77548346296416,18.383219666666648,43.0,47.13600000000002,31.63948346296415,16.0
-1,-141.41050884568267,18.17762781944437,59.0,79.87200000000004,61.53850884568264,22.0
-1,-110.9518284054986,13.562063194444454,56.0,71.80800000000004,39.14382840549855,20.0
-1,-80.79149037297057,16.573641069444403,36.0,45.40800000000001,35.38349037297056,19.0
-1,-81.19495051839962,13.398854046296274,49.0,55.968000000000025,25.22695051839959,15.0
-1,-80.10195773918957,20.116925129629617,49.0,51.84000000000002,28.261957739189548,16.0
-1,-76.72752547250525,12.582034055555583,40.0,41.76000000000001,34.967525472505244,20.0
-1,-91.0061309408906,15.460984847222209,56.0,65.95200000000003,25.054130940890584,13.0
-1,-102.50866635048465,19.770297356481414,54.0,65.37600000000005,37.13266635048458,17.0
-1,-90.5845449333095,11.171452018518517,51.0,62.11200000000003,28.472544933309464,19.0
-1,-123.32117613906556,18.165075833333265,55.0,68.54400000000003,54.77717613906553,22.0
-1,-89.41875642341236,19.40903092129626,44.0,48.28800000000002,41.13075642341235,20.0
-1,-120.8418689103154,22.832272212962916,70.0,76.32000000000005,44.52186891031536,18.0
-1,-114.83398547879813,22.27293728240736,54.0,63.26400000000003,51.56998547879809,20.0
-1,-82.81158497397834,11.664735712962944,41.0,55.488000000000014,27.32358497397833,17.0
-1,-85.66341053729836,21.58298552314807,46.0,52.32000000000002,33.34341053729834,18.0
-1,-77.16906807727638,24.80446480092587,45.0,50.88000000000002,26.28906807727636,13.0
-1,-87.63524142663402,18.8762234398148,53.0,63.26400000000003,24.371241426634,14.0
-1,-93.21799925219096,15.006670004629612,49.0,60.19200000000003,33.02599925219093,19.0
-1,-91.54863788851335,14.276051824074068,57.0,58.56000000000002,32.98863788851334,21.0
-1,-151.7502830184617,15.56954321759256,70.0,99.16800000000006,52.58228301846161,22.0
-1,-123.3874305732507,22.6951656481481,63.0,69.40800000000003,53.97943057325067,20.0
-1,-91.06201717334824,21.072557222222176,55.0,51.55200000000003,39.51001717334822,18.0
-1,-98.83442796275514,14.676965879629622,46.0,50.59200000000002,48.24242796275512,22.0
-1,-161.92267299514407,16.673011564814775,56.0,88.22400000000005,73.69867299514401,22.0
-1,-103.39856807918594,18.51513668981481,50.0,57.50400000000003,45.894568079185895,20.0
-1,-111.15286664038526,20.75560736574073,49.0,50.11200000000002,61.04086664038523,21.0
-1,-83.61753143326732,17.524230916666653,43.0,45.600000000000016,38.01753143326731,17.0
-1,-82.9354942645388,12.0874387824074,41.0,45.40800000000001,37.5274942645388,21.0
-1,-92.95357442701832,18.08232892129628,55.0,54.72000000000002,38.23357442701828,19.0
-1,-98.37171664668944,14.546360615740737,42.0,53.760000000000026,44.6117166466894,23.0
-1,-90.08350462248826,16.325250550925936,46.0,59.52000000000002,30.56350462248824,19.0
-1,-78.85009721979164,13.630114365740717,42.0,49.63200000000001,29.218097219791627,17.0
-1,-97.48754065842726,16.340218805555516,41.0,53.18400000000001,44.303540658427245,22.0
-1,-98.65118540611476,15.602309458333313,40.0,49.82400000000001,48.82718540611474,23.0
-1,-96.07913495949596,20.90421121296289,48.0,50.78400000000002,45.29513495949592,20.0
-1,-133.53747171656488,18.20907157870366,59.0,73.92000000000004,59.61747171656483,23.0
-1,-93.79958328241976,17.16760237499999,47.0,51.45600000000002,42.343583282419736,20.0
-1,-100.72158201286474,19.8417681759259,48.0,56.25600000000002,44.46558201286472,21.0
-1,-78.80946530723006,16.866216305555557,42.0,45.50400000000001,33.30546530723004,17.0
-1,-91.36766297821175,13.335726870370337,55.0,73.92000000000004,17.44766297821173,10.0
-1,-90.17174451204932,17.971968435185165,46.0,56.06400000000002,34.107744512049294,17.0
-1,-98.96493855527606,16.859763606481483,45.0,50.01600000000001,48.94893855527605,21.0
-1,-93.3462857305824,22.28345390740737,54.0,60.38400000000004,32.96228573058235,15.0
-1,-105.04640322326432,16.07348410185184,54.0,66.62400000000004,38.42240322326428,20.0
-1,-87.30364571325808,12.513252879629627,37.0,47.71200000000002,39.59164571325807,22.0
-1,-95.44909540238488,21.377487689814757,47.0,57.50400000000002,37.94509540238485,18.0
-1,-93.11270985546496,15.45526394907404,50.0,52.32000000000003,40.79270985546495,24.0
-1,-82.82735513417151,15.740018407407426,47.0,52.80000000000001,30.027355134171497,17.0
-1,-108.9428818444624,19.22110278240736,53.0,58.17600000000002,50.76688184446236,21.0
-1,-95.15021810937333,23.520175569444387,52.0,55.00800000000002,40.14221810937331,17.0
-1,-116.4636319181532,18.260514222222128,58.0,75.16800000000002,41.295631918153184,20.0
-1,-86.53304362737225,15.611195166666649,45.0,55.10400000000003,31.429043627372216,18.0
-1,-100.51096854827723,14.759225435185176,54.0,69.69600000000003,30.814968548277204,15.0
-1,-110.51160666715552,21.13953250462957,51.0,56.54400000000003,53.967606667155486,20.0
-1,-89.35019518058192,18.39852080092592,54.0,54.04800000000003,35.30219518058189,18.0
-1,-82.1206991719387,16.669046425925927,48.0,53.472000000000016,28.64869917193868,16.0
-1,-97.90854165042909,14.574655939814807,49.0,57.31200000000003,40.596541650429046,21.0
-1,-108.85294833712456,13.393089412037025,54.0,69.21600000000004,39.63694833712454,21.0
-1,-85.41741348479178,16.9939549444444,49.0,55.10400000000003,30.31341348479176,16.0
-1,-94.15094038205552,13.926012347222231,36.0,43.58400000000001,50.56694038205552,23.0
-1,-92.05254027859834,16.581568333333305,47.0,50.01600000000002,42.03654027859832,18.0
-1,-132.5141340968894,17.17581673148145,67.0,73.72800000000004,58.78613409688936,25.0
-1,-101.6304716858596,18.063214472222203,42.0,48.96000000000003,52.67047168585955,22.0
-1,-88.21513148748457,17.5717040324074,50.0,51.55200000000002,36.66313148748454,17.0
-1,-88.03467816722454,18.16039652314813,50.0,41.088000000000015,46.94667816722452,20.0
-1,-110.1279212658367,18.2770109166666,53.0,59.904000000000025,50.22392126583668,22.0
-1,-79.67406329558104,13.73986395833335,42.0,51.45600000000002,28.21806329558101,17.0
-1,-85.45785378534264,11.47136611111111,38.0,54.14400000000001,31.313853785342623,18.0
-1,-77.28028353467693,13.880827240740729,37.0,44.06400000000001,33.21628353467691,18.0
-1,-77.59759344225131,14.840011509259242,44.0,55.87200000000002,21.72559344225129,12.0
-1,-109.44574809598484,18.230322388888865,53.0,54.91200000000003,54.533748095984826,22.0
-1,-74.33105868600161,11.314946574074074,40.0,52.22400000000002,22.1070586860016,14.0
-1,-85.98767646566729,13.787165662037031,41.0,48.48000000000001,37.50767646566728,23.0
-1,-92.0436122112646,19.41124031481477,52.0,66.72000000000001,25.323612211264592,13.0
-1,-87.23923673050079,19.299685949074053,47.0,56.44800000000002,30.79123673050077,18.0
-1,-108.3279808487306,21.389969027777692,44.0,56.25600000000003,52.071980848730576,18.0
-1,-86.93929927756281,14.518161430555557,49.0,62.40000000000003,24.53929927756279,13.0
-1,-121.322354205247,20.30285404629623,56.0,73.53600000000004,47.78635420524695,21.0
-1,-91.27987676411196,14.83840575462962,41.0,58.56000000000002,32.719876764111945,19.0
-1,-72.99970190339388,15.536252078703695,42.0,48.000000000000014,24.99970190339387,16.0
-1,-113.487790782055,22.666384898148088,54.0,59.23200000000002,54.255790782055,20.0
-1,-146.91552187978135,18.15444206481475,70.0,94.75200000000004,52.16352187978129,22.0
-1,-100.13599445632369,17.820997018518504,52.0,58.56000000000002,41.57599445632367,19.0
-1,-90.66565508091271,19.038795379629608,61.0,61.24800000000003,29.41765508091269,17.0
-1,-86.40825671088913,14.197148967592607,41.0,48.86400000000002,37.54425671088912,20.0
-1,-91.89920864754453,18.77217703240741,50.0,56.352000000000025,35.54720864754449,19.0
-1,-96.31763490395672,17.57355632407407,53.0,59.80800000000003,36.50963490395669,18.0
-1,-100.30041467788188,20.50203684259252,46.0,56.06400000000002,44.23641467788187,21.0
-1,-89.92872507362058,15.54888219444445,57.0,63.84000000000004,26.088725073620544,15.0
-1,-84.5176475550611,13.01253064814814,44.0,52.89600000000003,31.621647555061077,22.0
-1,-112.42322041411974,19.028337856481425,58.0,75.64800000000004,36.7752204141197,16.0
-1,-139.84663268487094,15.895257912037014,64.0,84.86400000000005,54.98263268487091,23.0
-1,-99.79710868378058,15.516526699074069,48.0,62.01600000000003,37.78110868378055,19.0
-1,-108.99520328756452,16.89956300925921,59.0,69.12000000000003,39.875203287564496,17.0
-1,-122.61466644605386,19.796588120370316,47.0,62.59200000000004,60.02266644605382,22.0
-1,-97.1408222840824,22.78595573611104,49.0,61.248000000000026,35.892822284082364,16.0
-1,-100.6986875049222,16.839704546296286,59.0,62.30400000000003,38.39468750492217,20.0
-1,-97.63528124449772,15.431915699074064,55.0,58.75200000000002,38.8832812444977,20.0
-1,-98.0753925620291,18.47684651851847,48.0,62.40000000000003,35.67539256202906,20.0
-1,-101.03432187642028,11.60144336111111,46.0,62.97600000000002,38.058321876420266,23.0
-1,-130.41899997624304,24.134645120370276,68.0,83.42400000000005,46.994999976242994,17.0
-1,-85.96081321514406,16.174098347222202,40.0,56.35200000000002,29.608813215144043,17.0
-1,-99.04870332385308,19.894716643518453,49.0,63.45600000000003,35.592703323853065,19.0
-1,-94.54622141206312,17.174345814814767,48.0,56.160000000000025,38.38622141206309,21.0
-1,-134.63533519774205,17.994725773148108,67.0,84.67200000000004,49.96333519774201,23.0
-1,-91.72843903809328,20.883446263888843,47.0,51.93600000000003,39.79243903809326,19.0
-1,-79.42721805556918,13.40360008796296,41.0,50.40000000000001,29.027218055569172,15.0
-1,-99.08673223480336,16.75562966666667,55.0,55.872000000000014,43.214732234803336,22.0
-1,-89.9581113972086,15.61993980555553,56.0,65.56800000000004,24.39011139720856,16.0
-1,-100.80757744623978,15.883727495370335,47.0,58.08000000000003,42.72757744623974,24.0
-1,-86.26878088726069,17.39427592129628,48.0,53.856000000000016,32.41278088726067,17.0
-1,-99.94328249608606,15.019641819444445,50.0,61.34400000000004,38.59928249608601,20.0
-1,-126.75632904433184,17.220100458333285,49.0,67.87200000000003,58.88432904433182,23.0
-1,-89.6296399674379,12.492800083333334,39.0,51.45600000000002,38.17363996743788,22.0
-1,-82.27934755529475,15.671008962962972,40.0,48.768000000000015,33.51134755529473,15.0
-1,-93.04630440415542,14.005031175925916,42.0,56.064000000000014,36.98230440415541,19.0
-1,-72.89868923186657,12.499136634259274,44.0,53.088000000000015,19.81068923186656,13.0
-1,-147.8627236783548,17.224383185185108,68.0,91.68000000000004,56.18272367835476,22.0
-1,-94.80913829970464,16.90756307407406,43.0,51.55200000000002,43.25713829970463,19.0
-1,-87.28451978530165,12.332911736111116,32.0,43.29600000000001,43.988519785301655,25.0
-1,-68.82141461991431,13.954629949074077,36.0,42.33600000000001,26.485414619914295,15.0
-1,-95.97457760891706,20.383955171296257,46.0,60.096000000000025,35.878577608917034,16.0
-1,-103.03008261624568,18.37074426388886,47.0,61.53600000000002,41.49408261624568,20.0
-1,-104.1907612607474,20.5204491805555,47.0,62.78400000000003,41.40676126074737,18.0
-1,-91.74575755197066,14.691419384259252,60.0,68.54400000000004,23.20175755197061,11.0
-1,-70.1741440720492,11.055495671296278,43.0,51.26400000000002,18.91014407204919,16.0
-1,-93.58492638119743,26.32911127314808,50.0,52.99200000000002,40.59292638119744,16.0
-1,-82.71229204694941,19.08725405092594,49.0,52.032000000000025,30.6802920469494,17.0
-1,-101.2937140643981,20.363367287036983,51.0,56.64000000000002,44.65371406439809,20.0
-1,-93.28132533986276,14.990200550925906,44.0,56.352000000000025,36.929325339862736,20.0
-1,-85.44528154635307,20.95848828703701,50.0,54.14400000000002,31.301281546353053,16.0
-1,-94.70798603862124,25.737918152777677,58.0,61.056000000000026,33.651986038621224,17.0
-1,-106.92588584222634,19.50457392129623,56.0,64.51200000000003,42.41388584222631,20.0
-1,-101.0240785318932,20.155389365740685,58.0,64.51200000000003,36.51207853189316,18.0
-1,-93.90595607897058,15.233081916666649,55.0,68.35200000000003,25.553956078970543,16.0
-1,-149.13705855850702,17.454400435185114,59.0,88.70400000000005,60.43305855850696,25.0
-1,-119.1118467294536,15.670376865740714,62.0,72.76800000000004,46.343846729453546,21.0
-1,-106.54630692719635,16.494393430555533,47.0,62.20800000000003,44.338306927196335,19.0
-1,-142.02822906824233,18.495001379629603,65.0,87.36000000000004,54.66822906824228,23.0
-1,-97.18409186099788,13.576643689814814,48.0,54.33600000000003,42.84809186099784,24.0
-1,-117.06975413275558,23.440652606481425,63.0,76.51200000000004,40.55775413275554,19.0
-1,-96.26438924308763,17.22229043981481,56.0,57.98400000000003,38.280389243087605,21.0
-1,-78.41055412619451,17.18508993518518,39.0,48.768000000000015,29.642554126194504,14.0
-1,-80.30219566405822,17.256261939814785,42.0,52.03200000000001,28.27019566405821,14.0
-1,-95.27115216605613,23.248396532407348,46.0,48.960000000000015,46.31115216605611,18.0
-1,-127.85272928736865,17.091644662037005,59.0,80.73600000000003,47.1167292873686,22.0
-1,-79.5442842437012,15.616101800925929,50.0,55.68000000000002,23.86428424370118,16.0
-1,-84.59634760543848,15.41797655092592,47.0,60.76800000000002,23.828347605438456,14.0
-1,-99.13956484024663,14.343048009259244,45.0,52.60800000000001,46.53156484024662,21.0
-1,-97.12952647520754,12.833307837962945,45.0,57.40800000000002,39.721526475207526,22.0
-1,-97.8144211028501,14.713915518518514,38.0,45.79200000000001,52.02242110285009,25.0
-1,-106.46459518821568,18.244518745370268,57.0,74.20800000000003,32.256595188215634,18.0
-1,-87.971870361188,25.252689504629565,51.0,57.69600000000002,30.275870361187977,14.0
-1,-72.047912073858,16.099743888888877,40.0,46.27200000000001,25.77591207385799,14.0
-1,-90.34844153685404,21.502717708333304,43.0,46.84800000000002,43.500441536854034,18.0
-1,-114.17541462658473,16.93119855092587,45.0,59.712000000000025,54.46341462658468,23.0
-1,-126.41043630203352,15.489863851851847,46.0,56.736000000000026,69.6744363020335,25.0
-1,-92.68960415988496,17.815909412036973,37.0,51.16800000000002,41.521604159884944,21.0
-1,-98.7485499710368,18.12611449537034,50.0,55.39200000000002,43.35654997103679,20.0
-1,-82.90242650272756,19.804819384259243,54.0,63.07200000000003,19.830426502727526,12.0
-1,-96.30488708319264,14.020839337962952,48.0,61.056000000000026,35.24888708319259,20.0
-1,-95.86131868647864,17.30705537499994,54.0,57.79200000000003,38.069318686478624,20.0
-1,-108.62133654665156,16.918965180555542,56.0,58.46400000000003,50.157336546651536,19.0
-1,-88.74147272167407,17.96595184722219,47.0,61.920000000000016,26.821472721674056,14.0
-1,-100.49347785591488,16.108011643518505,46.0,64.22400000000002,36.26947785591487,19.0
-1,-101.34018652669076,21.57991880555553,58.0,61.24800000000002,40.092186526690746,18.0
-1,-89.06388037820582,13.809295074074072,47.0,56.92800000000002,32.135880378205805,16.0
-1,-102.80331744315674,21.94733970370364,66.0,77.47200000000005,25.33131744315669,12.0
-1,-97.87406567144532,15.05346680555554,41.0,55.00800000000002,42.8660656714453,21.0
-1,-98.34405765686702,17.457555861111043,51.0,64.99200000000002,33.352057656867004,18.0
-1,-89.82801297299888,17.834979287037008,50.0,53.568000000000026,36.26001297299885,20.0
-1,-80.97057644511605,8.271658902777773,41.0,56.44800000000003,24.52257644511603,17.0
-1,-84.46109995031887,12.097450273148151,44.0,60.288000000000025,24.17309995031884,16.0
-1,-101.49612254416746,22.109375157407403,62.0,69.21600000000004,32.28012254416743,17.0
-1,-113.411492182859,16.333344527777747,71.0,75.07200000000003,38.339492182858976,18.0
-1,-95.96529835248371,17.026810310185155,47.0,55.10400000000002,40.86129835248372,19.0
-1,-106.33977762375122,17.504219453703655,50.0,62.20800000000003,44.13177762375119,19.0
-1,-89.74042988332712,15.876160263888874,45.0,61.440000000000026,28.30042988332709,16.0
-1,-89.20187536786355,14.931854708333349,50.0,56.44800000000003,32.753875367863515,16.0
-1,-83.46530954822121,16.92939071759256,47.0,56.44800000000002,27.017309548221192,15.0
-1,-100.15092825100577,17.51514708796293,50.0,57.02400000000003,43.12692825100573,18.0
-1,-87.47307087343393,18.005179129629592,48.0,55.20000000000002,32.27307087343391,19.0
-1,-80.31706956997824,12.860313078703696,44.0,50.78400000000002,29.533069569978228,14.0
-1,-94.22534514826124,26.99829727777773,49.0,49.44000000000002,44.78534514826123,17.0
-1,-88.29619397753095,14.463555638888876,45.0,59.04000000000002,29.25619397753093,18.0
-1,-101.0419667285685,14.263235648148148,50.0,53.952000000000034,47.089966728568456,25.0
-1,-87.98692638434562,22.639585578703667,55.0,57.98400000000003,30.0029263843456,15.0
-1,-78.32550294177162,14.450527861111118,46.0,51.45600000000001,26.8695029417716,14.0
-1,-93.69067708960002,19.15830181018514,50.0,54.81600000000002,38.87467708959999,20.0
-1,-75.15686299922925,18.874414083333303,47.0,52.032000000000025,23.124862999229222,15.0
-1,-115.3571233235149,20.333721439814745,57.0,62.016000000000034,53.341123323514864,22.0
-1,-101.53476546626386,21.13553734722219,54.0,49.24800000000002,52.28676546626384,22.0
-1,-88.0603310547024,14.374764583333324,45.0,57.21600000000002,30.844331054702373,15.0
-1,-115.74446431084408,18.009072990740687,58.0,75.07200000000005,40.67246431084403,18.0
-1,-96.90605790847484,10.287698967592592,48.0,57.50400000000003,39.4020579084748,21.0
-1,-108.0488644933229,16.682674018518497,52.0,60.67200000000003,47.37686449332286,22.0
-1,-87.94426262991303,16.32041078703701,44.0,53.56800000000002,34.37626262991301,16.0
-1,-98.34346549401468,22.791021222222152,51.0,56.928000000000026,41.41546549401466,18.0
-1,-110.83926992820491,17.648435578703673,48.0,59.61600000000003,51.2232699282049,23.0
-1,-99.26294348910318,19.65656252314812,57.0,65.76000000000003,33.50294348910315,16.0
-1,-116.97564640788424,22.356554962962896,56.0,70.17600000000003,46.79964640788421,19.0
-1,-117.38755351820184,19.125648611111043,50.0,64.89600000000003,52.491553518201805,21.0
-1,-87.80167556264274,25.291008874999932,51.0,55.58400000000002,32.21767556264271,13.0
-1,-112.90078737120868,17.96529780555551,51.0,60.480000000000025,52.42078737120865,21.0
-1,-84.22823366964192,15.93191867592589,47.0,64.60800000000003,19.620233669641884,12.0
-1,-127.76011998256892,20.916982537036947,67.0,84.57600000000005,43.18411998256886,20.0
-1,-94.6551987560926,14.0682213148148,53.0,65.85600000000002,28.799198756092565,14.0
-1,-92.60604970654452,23.083595129629547,49.0,50.78400000000001,41.8220497065445,20.0
-1,-92.46288978023604,16.934083810185143,49.0,56.83200000000003,35.63088978023602,16.0
-1,-86.04438537316926,13.81444180092591,42.0,55.680000000000014,30.36438537316924,19.0
-1,-58.06779779561656,10.53529487962962,40.0,44.92800000000002,13.139797795616534,11.0
-1,-105.3435615190708,21.21707986111108,65.0,78.52800000000005,26.81556151907075,15.0
-1,-107.23144710401536,18.95042196759256,51.0,49.44000000000002,57.79144710401533,22.0
-1,-74.20368227285022,13.512151097222205,45.0,50.304000000000016,23.8996822728502,15.0
-1,-91.3810703413184,16.456307101851838,41.0,47.32800000000002,44.05307034131837,21.0
-1,-114.90386810761936,16.503998699074035,60.0,74.88000000000004,40.02386810761932,20.0
-1,-89.7466188607113,15.012616018518523,43.0,53.95200000000002,35.79461886071128,17.0
-1,-88.69500462766584,18.36879723611107,46.0,52.70400000000002,35.991004627665816,19.0
-1,-111.49846297104916,22.73698535648141,55.0,66.43200000000003,45.06646297104913,19.0
-1,-82.83615872877812,14.514402351851835,46.0,49.152000000000015,33.6841587287781,17.0
-1,-89.67754826397102,16.85578642129626,57.0,62.68800000000003,26.989548263970985,16.0
-1,-98.22959119676744,15.982175773148125,40.0,51.55200000000002,46.67759119676742,22.0
-1,-83.115934516039,15.367530800925929,44.0,49.72800000000002,33.38793451603898,20.0
-1,-121.16011117556197,22.78532793518507,68.0,86.30400000000006,34.85611117556189,18.0
-1,-93.21807654685044,14.561026601851852,42.0,48.672,44.54607654685044,23.0
-1,-82.73494356259519,15.04914332407407,49.0,54.528000000000034,28.20694356259516,15.0
-1,-101.7741003999515,11.976926194444443,34.0,47.32800000000001,54.44610039995148,24.0
-1,-98.11210276604132,16.069157504629626,35.0,45.50400000000001,52.60810276604132,20.0
-1,-91.6855154348964,20.300353111111043,48.0,51.45600000000002,40.22951543489638,20.0
-1,-96.10975628420744,14.462517763888862,45.0,54.72000000000002,41.38975628420742,23.0
-1,-98.83909359607958,19.63993964814808,51.0,60.28800000000003,38.551093596079546,15.0
-1,-136.04532800461322,23.563157046296205,58.0,75.07200000000003,60.97332800461318,23.0
-1,-75.21296056438507,14.187011814814818,46.0,48.28800000000001,26.924960564385053,18.0
-1,-87.23354725976048,14.226016310185202,43.0,50.97600000000002,36.25754725976046,18.0
-1,-77.47305438247983,16.923470351851826,42.0,45.216000000000015,32.257054382479815,16.0
-1,-96.8748154020731,18.24176324999995,51.0,55.10400000000003,41.77081540207306,21.0
-1,-96.30515548423185,19.88814763888885,56.0,59.23200000000003,37.07315548423182,17.0
-1,-105.25572027570357,19.617560499999968,60.0,68.73600000000003,36.519720275703534,18.0
-1,-107.33434471949612,16.028879953703687,50.0,68.25600000000003,39.078344719496094,20.0
-1,-84.38797703110103,15.685730555555551,42.0,44.64000000000001,39.74797703110103,22.0
-1,-114.16199479839788,18.492688532407357,44.0,55.39200000000002,58.76999479839786,24.0
-1,-107.3268357968031,19.242445648148088,48.0,56.06400000000003,51.262835796803074,20.0
-1,-89.61838242843257,15.69754631481482,39.0,47.04000000000001,42.57838242843255,19.0
-1,-85.59680344002116,22.1298514583333,51.0,49.05600000000002,36.54080344002114,16.0
-1,-154.30046573900955,16.162759180555536,55.0,77.18400000000004,77.11646573900953,25.0
-1,-102.36230206349134,18.181439245370346,46.0,61.53600000000002,40.826302063491326,20.0
-1,-82.01617870513115,13.74153241666665,44.0,54.52800000000002,27.48817870513114,15.0
-1,-91.00779816148416,14.0744694861111,48.0,51.360000000000014,39.647798161484126,22.0
-1,-107.92058025815504,19.58754818518513,60.0,68.73600000000003,39.184580258155016,21.0
-1,-109.95905474292158,15.49233983796294,46.0,64.70400000000002,45.255054742921565,20.0
-1,-90.95977052598587,17.652017222222188,48.0,55.29600000000003,35.663770525985846,19.0
-1,-87.76648823071879,17.815637106481446,53.0,54.33600000000001,33.43048823071878,21.0
-1,-84.57983294636935,14.358707421296304,37.0,48.38400000000002,36.195832946369336,17.0
-1,-98.47063782563444,22.707587624999995,59.0,69.79200000000003,28.678637825634414,15.0
-1,-93.05091731643282,15.87536112499999,40.0,39.36000000000001,53.6909173164328,24.0
-1,-108.87888832184902,10.937026967592615,36.0,45.024000000000015,63.854888321849,28.0
-1,-97.1297335742238,16.258239083333308,55.0,63.16800000000003,33.96173357422376,17.0
-1,-130.1243651216453,21.88957590740729,57.0,79.10400000000004,51.020365121645256,18.0
-1,-90.27164509319886,16.65015052314814,45.0,45.50400000000001,44.76764509319884,20.0
-1,-84.1589277304048,14.243755060185183,43.0,52.032000000000025,32.12692773040478,15.0
-1,-98.00140709306032,13.195493328703696,52.0,57.40800000000002,40.59340709306031,20.0
-1,-100.63164210623914,21.027794476851817,53.0,58.56000000000003,42.07164210623911,18.0
-1,-70.90236306062283,11.666715740740736,42.0,45.12000000000002,25.782363060622814,18.0
-1,-99.5388218017763,15.910164986111104,41.0,54.33600000000003,45.20282180177627,21.0
-1,-76.44585273823856,15.59941569444444,45.0,53.85600000000002,22.589852738238537,13.0
-1,-383.1537352485423,24.171293518518425,167.0,313.9199999999995,69.23373524854274,21.0
-1,-92.89905185447518,14.132263032407408,43.0,51.26400000000002,41.63505185447515,19.0
-1,-128.48356074083986,27.032857972222164,65.0,69.31200000000004,59.17156074083983,19.0
-1,-82.77914676847581,12.68762396759258,40.0,49.63200000000002,33.14714676847579,17.0
-1,-80.10316194639375,16.044501967592595,43.0,49.44000000000002,30.66316194639373,19.0
-1,-96.92065066396144,18.639893314814746,49.0,60.096000000000025,36.82465066396143,21.0
-1,-100.76949830573278,17.323302351851826,50.0,63.84000000000003,36.92949830573275,20.0
-1,-107.53128835940385,24.107000430555463,56.0,55.39200000000003,52.13928835940382,21.0
-1,-87.47465839020114,17.807411162037013,47.0,51.45600000000002,36.01865839020112,17.0
-1,-92.36079403918632,21.158476199074062,46.0,54.33600000000002,38.024794039186304,18.0
-1,-80.60274434245433,15.851633949074063,57.0,61.15200000000002,19.45074434245431,15.0
-1,-99.96039534557634,15.062916699074057,54.0,59.23200000000003,40.72839534557632,22.0
-1,-78.25794142197282,10.183787847222211,39.0,53.18400000000002,25.07394142197279,15.0
-1,-127.54161288604897,20.67317324537029,57.0,70.94400000000003,56.59761288604892,23.0
-1,-110.3830725950926,14.363185685185163,54.0,70.65600000000002,39.727072595092594,19.0
-1,-74.94690259768748,11.178468842592608,38.0,44.73600000000002,30.21090259768746,17.0
-1,-74.9158870763293,15.430195398148111,39.0,48.86400000000001,26.05188707632929,15.0
-1,-76.05409637705509,22.74376518055555,49.0,49.728000000000016,26.326096377055077,13.0
-1,-84.73378003582485,17.144634583333314,39.0,48.28800000000001,36.44578003582484,16.0
-1,-88.99928999687015,15.604663611111096,41.0,48.48000000000002,40.51928999687012,20.0
-1,-101.385697003108,18.698765402777703,49.0,56.83200000000003,44.55369700310796,20.0
-1,-89.03779564364154,16.91268060185186,57.0,56.352000000000025,32.68579564364153,15.0
-1,-97.27697465574109,15.897486587962948,36.0,48.76800000000001,48.50897465574107,25.0
-1,-87.66087617682768,12.676155708333338,45.0,54.14400000000003,33.516876176827665,20.0
-1,-86.35183970041591,14.223800347222213,54.0,60.19200000000003,26.15983970041588,15.0
-1,-104.6113653956417,19.073551481481463,45.0,55.87200000000002,48.73936539564168,21.0
-1,-107.07851832791783,19.305603439814757,44.0,48.67200000000001,58.406518327917816,22.0
-1,-82.039695962376,23.83575258333326,45.0,57.024000000000015,25.015695962375982,14.0
-1,-88.08897123370198,18.186296282407348,43.0,48.192000000000014,39.896971233701976,19.0
-1,-104.66869822568364,20.120573888888835,47.0,61.05600000000003,43.6126982256836,21.0
-1,-102.74363834339258,16.27916849999999,50.0,58.94400000000003,43.79963834339255,23.0
-1,-99.18207643402184,14.326858055555556,43.0,45.216000000000015,53.96607643402182,25.0
-1,-89.44871268386765,15.530825500000004,40.0,51.16800000000001,38.28071268386764,21.0
-1,-87.22814611082076,15.354285134259236,51.0,54.91200000000002,32.31614611082074,18.0
-1,-80.12927226681735,17.443793981481445,44.0,54.62400000000002,25.505272266817325,14.0
-1,-83.58289384335781,17.313663736111092,44.0,45.40800000000001,38.1748938433578,19.0
-1,-88.48408240592255,12.71608883796297,48.0,52.03200000000002,36.45208240592253,20.0
-1,-83.43217405822999,14.639724944444431,46.0,59.712000000000025,23.720174058229965,14.0
-1,-80.7764897058747,17.334286537037006,47.0,53.376000000000026,27.400489705874676,16.0
-1,-70.59477876739143,13.359325620370385,39.0,42.81600000000002,27.778778767391408,16.0
-1,-94.58628631162536,16.577110541666663,53.0,53.472000000000016,41.11428631162535,22.0
-1,-99.89692311817768,23.21403701388885,73.0,77.95200000000003,21.944923118177652,13.0
-1,-89.6220627609149,19.982790865740697,50.0,53.76000000000002,35.86206276091489,18.0
-1,-99.44168614816688,14.573510648148146,46.0,56.44800000000003,42.99368614816685,18.0
-1,-93.91606164328212,17.176490990740714,47.0,60.288000000000025,33.62806164328209,16.0
-1,-88.9940677509945,17.406753189814776,40.0,47.23200000000001,41.76206775099448,18.0
-1,-92.40002756470356,18.06177475925926,41.0,43.58400000000001,48.81602756470353,22.0
-1,-94.35836750654948,27.88211444907403,55.0,58.46400000000003,35.89436750654945,15.0
-1,-87.91848560788603,15.514610268518522,44.0,47.904000000000025,40.014485607886,22.0
-1,-90.05938949784797,12.712937907407404,41.0,52.12800000000002,37.93138949784796,21.0
-1,-90.15081902536336,17.067422499999985,42.0,39.45600000000001,50.69481902536333,24.0
-1,-128.66685921967462,21.58454859722211,60.0,78.62400000000005,50.042859219674575,18.0
-1,-117.04857663290602,24.60503374999993,55.0,57.120000000000026,59.928576632906,22.0
-1,-91.40019535810625,18.231219921296265,44.0,55.68000000000002,35.72019535810621,19.0
-1,-78.12981446551947,19.957546532407385,48.0,48.192000000000014,29.937814465519452,16.0
-1,-91.67306662816785,18.06557318518515,50.0,55.776000000000025,35.89706662816781,19.0
-1,-94.4026359528662,21.56680373611108,53.0,54.04800000000002,40.35463595286617,21.0
-1,-73.30197061715708,15.094790717592584,43.0,51.93600000000003,21.36597061715705,16.0
-1,-93.73588457934773,23.913447111111065,51.0,56.352000000000025,37.3838845793477,17.0
-1,-93.35807109368524,16.908503578703648,46.0,56.544000000000025,36.8140710936852,20.0
-1,-81.52083929190579,16.657163629629604,49.0,54.432000000000016,27.088839291905774,14.0
-1,-106.76384958100064,13.788863249999984,43.0,57.120000000000026,49.6438495810006,24.0
-1,-86.29616521414582,17.687126388888842,45.0,50.01600000000002,36.28016521414579,16.0
-1,-83.5060063200041,20.426898953703624,53.0,59.904000000000025,23.602006320004083,13.0
-1,-85.94578868860282,17.077120837962905,50.0,57.88800000000002,28.0577886886028,17.0
-1,-87.42043578780095,22.76145386574065,46.0,53.76000000000002,33.660435787800935,18.0
-1,-93.91681646729512,11.849106962962974,56.0,59.71200000000003,34.204816467295096,19.0
-1,-105.83028869445278,20.34905684259253,60.0,67.96800000000002,37.86228869445276,18.0
-1,-77.19482036621763,12.99258833333335,40.0,45.98400000000001,31.21082036621762,17.0
-1,-96.6975143190139,19.880637185185087,43.0,54.04800000000002,42.64951431901388,21.0
-1,-79.80026788970945,18.297303847222214,55.0,65.66400000000003,14.136267889709416,9.0
-1,-83.33905524291362,16.015558555555558,37.0,46.944,36.39505524291361,19.0
-1,-80.20080574562144,12.0237563425926,41.0,48.384000000000015,31.816805745621416,19.0
-1,-104.61302930477342,11.381000592592615,42.0,49.44000000000002,55.173029304773394,27.0
-1,-100.79035480750406,17.448214175925898,55.0,64.41600000000003,36.37435480750404,17.0
-1,-91.40240048715503,18.31323114351848,43.0,53.280000000000015,38.12240048715502,20.0
-1,-101.59643934705258,18.17341294444437,51.0,57.120000000000026,44.47643934705256,20.0
-1,-109.01287093122517,13.028018962962964,53.0,52.03200000000003,56.980870931225134,26.0
-1,-98.34393074586846,18.893322226851808,63.0,66.81600000000002,31.52793074586845,18.0
-1,-101.4406907589647,15.84082865740738,44.0,56.83200000000002,44.60869075896468,19.0
-1,-122.98293468290882,22.268599495370303,64.0,69.21600000000004,53.766934682908776,22.0
-1,-82.82686976472579,19.54448858796295,52.0,59.61600000000003,23.210869764725757,13.0
-1,-106.5054006262566,17.946956999999976,55.0,56.640000000000015,49.86540062625658,24.0
-1,-76.86192496829956,23.202811083333323,44.0,45.792000000000016,31.069924968299546,16.0
-1,-78.2501411435185,21.37897747685178,51.0,52.60800000000002,25.64214114351848,13.0
-1,-113.19220259495074,23.667050398148017,53.0,69.88800000000003,43.30420259495071,18.0
-1,-78.69827942637994,17.976252124999984,47.0,48.09600000000002,30.60227942637993,16.0
-1,-104.48906771764833,15.090634893518498,45.0,58.94400000000002,45.54506771764829,21.0
-1,-93.6820556278618,18.076889564814763,53.0,63.36000000000003,30.32205562786177,17.0
-1,-79.03729076504524,9.943828152777774,42.0,44.256000000000014,34.78129076504522,21.0
-1,-115.29258228821637,25.69360468981477,68.0,77.85600000000004,37.43658228821631,19.0
-1,-90.86292658098532,16.995274162037028,40.0,48.960000000000015,41.902926580985294,22.0
-1,-84.95907543925793,19.85636149537032,41.0,49.44000000000002,35.51907543925792,17.0
-1,-82.71986564771139,14.014767768518524,40.0,51.64800000000002,31.07186564771137,18.0
-1,-87.14014418848814,18.350548560185143,41.0,47.04000000000002,40.10014418848811,19.0
-1,-75.77199150433958,14.805193680555549,47.0,53.37600000000002,22.39599150433957,15.0
-1,-102.37715474374166,19.33305549074069,53.0,55.58400000000002,46.79315474374163,20.0
-1,-349.076484935755,20.815123439814688,151.0,273.6,75.47648493575498,24.0
-1,-82.97921744650442,15.71943813888887,44.0,55.29600000000002,27.6832174465044,15.0
