-1,-1219.9117105356547,134.9740270231482,329.0,237.50400000000002,982.4077105356547,30.0
-1,-282.17174545636504,45.42958922222223,229.0,222.24000000000004,59.93174545636502,17.0
-1,-219.0569010711739,22.89908955092594,165.0,182.4000000000001,36.65690107117384,17.0
-1,-261.28097847114464,39.05948663888894,171.0,136.99199999999993,124.28897847114472,23.0
-1,-232.33718754968208,44.51191612500004,186.0,153.40800000000002,78.92918754968207,22.0
-1,-285.6820560715107,58.06249009722219,219.0,176.3520000000001,109.33005607151064,23.0
-1,-208.27745000976896,30.58248237962965,159.0,156.38400000000007,51.8934500097689,20.0
-1,-210.8389106076422,27.021141111111127,187.0,181.5360000000001,29.30291060764211,15.0
-1,-276.56611463867057,36.38831933796296,248.0,234.33599999999996,42.23011463867065,17.0
-1,-218.93550670715123,28.89852749999998,185.0,175.8719999999999,43.06350670715133,19.0
-1,-218.0317727359194,36.55597577777778,175.0,158.78399999999996,59.24777273591943,20.0
-1,-277.9964103011274,42.63147999074079,240.0,226.6560000000001,51.34041030112733,16.0
-1,-237.7571047577038,30.45775040277775,201.0,194.30400000000003,43.45310475770376,21.0
-1,-208.4253040272972,18.945685314814817,181.0,181.5360000000001,26.88930402729708,18.0
-1,-240.6163058178713,23.972066925925933,213.0,207.744,32.87230581787132,17.0
-1,-243.09859905894103,18.315491402777777,205.0,217.7280000000001,25.37059905894097,16.0
-1,-266.2408007515242,43.776744837963,224.0,202.08000000000007,64.16080075152414,19.0
-1,-272.5802898448777,28.956689759259277,229.0,239.5200000000001,33.06028984487763,16.0
-1,-239.03965713969225,34.8925565324074,232.0,203.04,35.999657139692204,16.0
-1,-243.42344683234575,36.65162218055556,215.0,192.38400000000004,51.03944683234573,19.0
-1,-257.79038179200245,33.841497398148164,221.0,222.52800000000008,35.26238179200235,15.0
-1,-323.7459596263099,26.75163158796292,279.0,288.67199999999985,35.07395962631007,17.0
-1,-311.6829678725632,22.31490289814813,256.0,302.7839999999997,8.8989678725635,6.0
-1,-237.51869893434431,34.67056144444443,237.0,208.22400000000007,29.29469893434424,15.0
-1,-284.7491084449186,29.469909870370355,227.0,256.51200000000006,28.23710844491854,15.0
-1,-278.1856172630856,34.38231972222222,261.0,239.90400000000005,38.28161726308552,18.0
-1,-286.0074192776613,30.04935299074073,244.0,246.24000000000012,39.76741927766117,18.0
-1,-289.9097169141394,24.765383203703703,222.0,261.696,28.213716914139404,16.0
-1,-266.1069719709973,20.57980451851853,226.0,235.0080000000001,31.098971970997187,18.0
-1,-302.8524890196153,15.96000047685186,257.0,287.32799999999963,15.524489019615675,12.0
-1,-276.1494690812207,23.603562662037024,233.0,255.26400000000007,20.885469081220613,15.0
-1,-276.1492597382497,26.075194518518536,240.0,255.648,20.50125973824972,11.0
-1,-282.4171573226416,37.75098344444446,260.0,226.08000000000007,56.33715732264152,21.0
-1,-252.0881183395073,21.84857723611107,211.0,237.216,14.872118339507317,10.0
-1,-287.21226509880194,20.168914949074047,241.0,268.7999999999999,18.41226509880205,12.0
-1,-278.2748103981551,39.4938496527778,227.0,228.19199999999992,50.0828103981552,16.0
-1,-253.6151251944345,21.3299739537037,228.0,225.31199999999987,28.30312519443467,17.0
-1,-198.7177891717888,29.836630907407432,196.0,170.30400000000006,28.41378917178875,13.0
-1,-231.16776190953652,35.90087678240739,208.0,178.65599999999992,52.511761909536624,20.0
-1,-253.6918767051783,17.2555541111111,233.0,235.96800000000005,17.723876705178235,15.0
-1,-334.65219195835726,17.633311324074075,298.0,322.0799999999995,12.572191958357775,9.0
-1,-266.2100170317727,21.35630505092594,227.0,247.2000000000002,19.0100170317725,13.0
-1,-285.3971717796899,33.92048991203699,271.0,259.7760000000001,25.621171779689792,13.0
-1,-278.3697879490646,21.499290912037008,229.0,257.66400000000004,20.70578794906453,15.0
-1,-334.4359356571736,20.251092995370364,296.0,318.5279999999994,15.907935657174244,12.0
-1,-272.3822542231259,21.46139074537037,244.0,251.90399999999997,20.47825422312598,14.0
-1,-267.21620225021235,26.88912463888885,240.0,238.55999999999983,28.65620225021249,15.0
-1,-254.94012847132575,15.48403726388887,223.0,237.408,17.532128471325752,13.0
-1,-241.39569708994017,32.61163725925925,199.0,199.10400000000004,42.29169708994013,18.0
-1,-329.729776876877,21.989881935185185,295.0,313.6319999999997,16.097776876877287,11.0
-1,-351.38097544781965,22.964967111111108,318.0,343.5839999999996,7.796975447820051,6.0
-1,-186.40963430710417,21.61712733796297,169.0,166.94400000000002,19.46563430710415,13.0
-1,-215.731690387707,26.124590879629608,209.0,193.1519999999999,22.579690387707096,15.0
-1,-235.3033407424408,20.43029496759262,207.0,207.168,28.1353407424408,18.0
-1,-248.37313548953745,19.16926012037038,212.0,233.2800000000001,15.093135489537367,12.0
-1,-345.85545868546586,18.61824212037037,299.0,325.7279999999995,20.127458685466344,15.0
-1,-225.97424565338247,24.531089407407404,206.0,207.84,18.13424565338248,12.0
-1,-433.2869481937724,14.56669542592592,361.0,415.87199999999865,17.41494819377374,15.0
-1,-230.20493231543472,23.482038597222196,203.0,212.544,17.660932315434717,13.0
-1,-261.1342501523723,17.77048562500001,218.0,248.25600000000003,12.878250152372292,9.0
-1,-269.48329802408074,21.5715723287037,221.0,254.304,15.179298024080726,10.0
-1,-250.02698785991944,24.561987337962943,209.0,227.3280000000001,22.698987859919352,13.0
-1,-291.38235847376814,21.013499861111097,244.0,273.31199999999995,18.07035847376818,13.0
-1,-301.364855731118,29.42403575462961,262.0,284.1599999999999,17.204855731118055,11.0
-1,-223.0147034963162,20.1758113148148,189.0,198.72000000000008,24.294703496316107,15.0
-1,-257.7999633487444,32.59402406481482,224.0,225.02400000000011,32.775963348744305,14.0
-1,-291.81555152066653,33.994999467592606,239.0,261.98400000000004,29.831551520666498,13.0
-1,-217.34800923293668,19.94240435185187,194.0,204.28800000000004,13.06000923293663,11.0
-1,-228.9932398554537,26.85392260648152,199.0,205.7280000000001,23.265239855453668,13.0
-1,-200.542112806617,19.532198694444435,183.0,172.416,28.12611280661701,17.0
-1,-261.24317615624176,21.48819062962964,205.0,240.86399999999995,20.37917615624183,14.0
-1,-218.8791182587156,34.29812030092595,171.0,161.28000000000006,57.59911825871556,19.0
-1,-198.30962108584157,24.62221406018517,171.0,176.736,21.57362108584156,13.0
-1,-200.9172507067121,27.565395787037065,181.0,180.48,20.43725070671208,12.0
-1,-242.08391877786823,14.70086781481484,200.0,232.03200000000007,10.05191877786812,8.0
-1,-237.7281217650299,25.003095467592605,193.0,199.296,38.43212176502988,17.0
-1,-222.390103725015,19.982450291666677,193.0,197.18400000000008,25.20610372501491,16.0
-1,-246.8104673638453,18.10908441666665,215.0,228.672,18.13846736384533,13.0
-1,-231.79549643601035,23.661881731481472,219.0,213.21599999999995,18.5794964360104,12.0
-1,-293.6033736460473,14.05989945370372,238.0,283.104,10.49937364604732,8.0
-1,-211.7526726203571,21.94391946296297,175.0,182.49600000000004,29.25667262035705,16.0
-1,-201.39098881225985,27.458030004629663,182.0,182.8800000000001,18.510988812259715,10.0
-1,-220.52862482108165,22.255669624999985,173.0,173.95200000000006,46.5766248210816,22.0
-1,-285.2052211755497,17.05322193981481,247.0,273.408,11.797221175549808,10.0
-1,-262.44571899932976,28.43523309722221,226.0,242.20800000000003,20.237718999329743,13.0
-1,-223.83015273338395,28.782834745370348,205.0,197.4720000000001,26.35815273338381,14.0
-1,-200.0322260643097,18.426617847222207,162.0,182.112,17.920226064309666,12.0
-1,-167.56218282630624,21.07004426851851,140.0,147.07199999999995,20.490182826306267,11.0
-1,-249.7219207999273,20.35536670370368,216.0,226.944,22.777920799927237,17.0
-1,-226.89396537520864,18.56021934259257,182.0,199.29600000000008,27.59796537520857,17.0
-1,-212.814189809544,22.10459206944446,204.0,191.13600000000008,21.67818980954392,12.0
-1,-222.41038493657803,23.00318266203705,207.0,202.848,19.562384936578045,13.0
-1,-249.16837181522823,20.82595136111111,234.0,226.56000000000003,22.60837181522821,16.0
-1,-234.4104849079258,28.8794926111111,201.0,215.13600000000005,19.274484907925743,11.0
-1,-223.96715760956303,32.94741483333336,214.0,199.39200000000005,24.57515760956301,12.0
-1,-198.3159586800841,27.945132800925908,181.0,165.02400000000011,33.291958680083994,19.0
-1,-196.6625158630273,23.009515847222197,178.0,167.71199999999993,28.95051586302737,17.0
-1,-216.58093118515575,31.09112248611112,199.0,185.28,31.300931185155772,18.0
-1,-251.82794945689403,25.976143879629635,214.0,207.168,44.65994945689403,16.0
-1,-177.99982409660072,25.08615891666668,156.0,145.53600000000006,32.463824096600675,17.0
-1,-217.22678927655167,18.16571929166665,177.0,197.3760000000001,19.850789276551588,13.0
-1,-180.6660843347237,22.45204357407408,153.0,157.8240000000001,22.8420843347236,15.0
-1,-233.6039490294463,18.79206187962965,194.0,210.7200000000001,22.8839490294462,14.0
-1,-213.8800454752239,23.06724468981481,173.0,191.04000000000005,22.84004547522385,15.0
-1,-265.61862597844475,25.6069528842592,226.0,240.1919999999999,25.42662597844486,12.0
-1,-200.3488431385207,25.510922175925952,194.0,180.28800000000004,20.06084313852064,13.0
-1,-184.98788772388093,23.660377986111104,163.0,154.27200000000005,30.715887723880886,17.0
-1,-215.49563385051243,23.481152759259288,189.0,190.08000000000007,25.41563385051238,16.0
-1,-236.02761389223872,27.471968162037044,210.0,202.46400000000003,33.5636138922387,18.0
-1,-210.55869005411603,23.04264317129629,178.0,192.67200000000008,17.886690054115935,12.0
-1,-209.18537022030864,27.249530685185142,186.0,192.384,16.801370220308634,11.0
-1,-171.13184982352342,23.494058893518503,153.0,138.528,32.603849823523426,18.0
-1,-162.62499171477253,24.852010814814832,156.0,139.48799999999997,23.13699171477255,16.0
-1,-203.679362292798,14.358269888888872,175.0,179.136,24.543362292797998,17.0
-1,-189.81553144466895,22.96363412962962,168.0,155.90400000000005,33.911531444668924,17.0
-1,-200.0957187599355,15.66252343981482,181.0,187.48800000000008,12.607718759935398,10.0
-1,-194.38866323237585,32.89698515740745,183.0,171.93600000000006,22.45266323237575,13.0
-1,-189.8985909526662,18.035088134259254,166.0,173.5680000000001,16.330590952666128,13.0
-1,-149.14568085374285,18.12412881018516,139.0,116.63999999999996,32.50568085374288,20.0
-1,-192.00300458609797,20.265373324074066,182.0,172.22399999999996,19.77900458609797,14.0
-1,-171.14208043596534,25.46982546296293,148.0,140.64,30.502080435965336,17.0
-1,-244.64448836146065,17.50567617129629,198.0,228.0,16.64448836146065,11.0
-1,-190.91616343621112,19.45603251388886,154.0,173.184,17.732163436211117,12.0
-1,-190.8521862438251,22.9314558611111,154.0,174.14400000000003,16.70818624382506,10.0
-1,-191.06702505158376,24.03024058333333,167.0,174.528,16.539025051583767,12.0
-1,-148.67554907861262,21.114754249999983,143.0,127.68000000000004,20.99554907861259,16.0
-1,-189.88268272934775,26.09148757407404,184.0,175.7760000000001,14.106682729347687,9.0
-1,-206.78186822091783,20.483384268518524,171.0,188.4480000000001,18.3338682209178,11.0
-1,-185.4847726444648,26.410201324074063,146.0,159.84,25.64477264446477,12.0
-1,-161.23407415994205,28.65054346759258,158.0,138.04800000000006,23.186074159941985,14.0
-1,-171.43832700203455,23.308249328703724,146.0,135.84000000000017,35.5983270020344,17.0
-1,-174.25311196833056,15.27431796296296,173.0,158.11199999999997,16.141111968330595,13.0
-1,-156.98971531205515,20.840171824074044,129.0,140.06400000000005,16.925715312055097,11.0
-1,-175.1802364887984,15.761321115740744,160.0,159.26400000000007,15.916236488798347,12.0
-1,-155.7938874238654,21.10736890277776,139.0,136.51200000000006,19.281887423865317,11.0
-1,-206.13655861296928,20.30540604629631,191.0,180.0,26.136558612969285,17.0
-1,-151.76657675050046,17.24283249074074,127.0,125.37600000000003,26.39057675050041,16.0
-1,-179.7912859163964,19.262031921296288,154.0,154.56000000000006,25.231285916396335,17.0
-1,-176.02642224994656,24.31674405092588,152.0,155.04,20.98642224994656,12.0
-1,-180.2256600625957,18.286063347222225,164.0,158.6880000000001,21.5376600625956,14.0
-1,-151.9669816106353,15.18971151388888,120.0,134.976,16.990981610635295,13.0
-1,-176.06455897357588,21.876421222222216,144.0,153.02400000000003,23.04055897357585,14.0
-1,-166.52366572887496,18.15897561574073,130.0,137.85600000000005,28.6676657288749,17.0
-1,-155.8156906756261,21.13882468055552,139.0,140.5440000000001,15.271690675625983,11.0
-1,-155.04460578477494,19.522166435185188,133.0,123.26400000000004,31.78060578477489,20.0
-1,-179.9724763799068,18.6733516944444,140.0,163.20000000000007,16.772476379906717,10.0
-1,-152.57119290661325,26.63326377777774,132.0,127.10400000000008,25.467192906613167,12.0
-1,-137.72838314546183,16.48171702777778,111.0,109.92000000000004,27.808383145461796,18.0
-1,-136.8428732466838,22.766261097222195,114.0,110.40000000000003,26.44287324668377,13.0
-1,-163.07859271394076,26.8356997685185,133.0,129.02400000000006,34.0545927139407,14.0
-1,-132.01248848930064,25.517220027777757,119.0,111.55200000000004,20.460488489300577,11.0
-1,-196.37133120044177,24.2986164444444,168.0,174.72000000000006,21.651331200441724,14.0
-1,-175.77793553117192,18.31619702777777,138.0,156.2880000000001,19.48993553117181,13.0
-1,-152.4014355676841,20.10495070833329,125.0,123.45600000000005,28.945435567684065,18.0
-1,-146.9731176805259,18.328535527777756,123.0,127.00800000000004,19.96511768052585,12.0
-1,-141.54878721618087,24.15521105092589,124.0,109.24799999999998,32.3007872161809,17.0
-1,-144.98261093819198,21.603212249999967,117.0,118.46400000000004,26.51861093819194,13.0
-1,-124.50201171567392,16.526708726851865,89.0,101.37600000000002,23.126011715673915,16.0
-1,-152.89994744730873,25.013940939814844,141.0,113.376,39.52394744730872,21.0
-1,-129.2962055954221,18.254223097222223,108.0,108.00000000000006,21.296205595422027,15.0
-1,-147.77243605353678,22.476050388888893,124.0,125.952,21.82043605353679,13.0
-1,-137.90780272124664,24.79617421759255,98.0,85.63200000000005,52.275802721246606,21.0
-1,-160.81314610745207,25.235635888888865,129.0,129.79199999999997,31.02114610745209,15.0
-1,-134.75848266275634,19.72490531481478,109.0,104.92800000000004,29.830482662756317,16.0
-1,-150.00406471690394,18.113368564814795,110.0,114.04800000000004,35.956064716903924,20.0
-1,-126.14650130740726,20.123553342592547,95.0,94.08000000000004,32.06650130740722,17.0
-1,-124.18945573873587,19.13870577314812,103.0,99.936,24.253455738735887,14.0
-1,-144.00791314801597,28.47478192129626,116.0,105.98400000000004,38.023913148015936,20.0
-1,-123.86187810258292,16.511637273148125,98.0,98.78400000000002,25.077878102582915,16.0
-1,-137.98347071817017,19.30229787962956,94.0,88.32000000000004,49.663470718170124,23.0
-1,-118.78270400046718,11.251667564814802,91.0,97.92000000000004,20.862704000467133,17.0
-1,-117.7106905019987,13.151177444444455,77.0,88.99200000000002,28.718690501998683,18.0
-1,-122.26031289696895,18.31167420833332,88.0,81.21599999999997,41.04431289696899,19.0
-1,-148.62878493347387,21.785461773148132,102.0,103.29600000000002,45.33278493347383,16.0
-1,-114.9845283197308,20.04208458333328,84.0,93.02400000000002,21.96052831973079,14.0
-1,-122.47334606705208,15.294799124999985,76.0,85.82400000000003,36.64934606705205,22.0
-1,-125.23856826531326,23.37218340277776,92.0,91.68000000000004,33.55856826531321,17.0
-1,-130.86186083005177,16.125996995370347,95.0,112.60800000000006,18.25386083005172,11.0
-1,-120.87945211599626,19.30326138888886,86.0,86.78400000000003,34.095452115996224,18.0
-1,-133.72594455655283,19.856203967592545,103.0,106.27200000000006,27.45394455655277,12.0
-1,-118.79665141264934,16.3626025185185,84.0,89.18400000000004,29.612651412649303,18.0
-1,-142.5876431147176,17.910980300925896,108.0,109.44000000000004,33.14764311471755,20.0
-1,-119.89790191201364,17.252295699074065,75.0,80.92800000000004,38.96990191201361,19.0
-1,-100.67366102019687,13.214198078703726,80.0,83.90400000000002,16.769661020196843,12.0
-1,-125.79242528237972,13.842394115740738,90.0,100.99200000000002,24.8004252823797,13.0
-1,-130.76515499054,23.993970453703675,102.0,101.28,29.485154990540003,16.0
-1,-135.11550131878874,22.16522495370364,94.0,83.80800000000002,51.30750131878872,21.0
-1,-127.73135424509265,16.592189157407397,98.0,100.03200000000004,27.6993542450926,16.0
-1,-117.49985502106438,20.87331971296293,91.0,95.616,21.88385502106436,13.0
-1,-117.0650168075936,22.71854992592587,89.0,78.04799999999999,39.0170168075936,18.0
-1,-115.8829032249194,20.596878518518505,105.0,104.83200000000008,11.05090322491932,9.0
-1,-122.89404270409142,20.055229226851814,92.0,82.464,40.43004270409143,19.0
-1,-105.54197393549724,14.041124791666672,63.0,67.68,37.861973935497225,19.0
-1,-139.1965208985045,22.407582898148124,89.0,104.54400000000004,34.65252089850447,17.0
-1,-113.3340388774526,16.370461810185173,67.0,77.28000000000003,36.05403887745258,16.0
-1,-120.8399710206789,21.843427037036943,86.0,82.46400000000001,38.37597102067889,21.0
-1,-136.52937906942924,19.61126369907404,94.0,93.21600000000002,43.3133790694292,18.0
-1,-126.63089318465728,20.279236541666616,68.0,77.28000000000003,49.35089318465724,21.0
-1,-155.00806070160715,23.87619738425924,139.0,132.28799999999998,22.72006070160717,14.0
-1,-110.157518375924,24.3823105231481,93.0,79.00800000000004,31.14951837592397,15.0
-1,-116.18375406294231,24.90852058333329,93.0,77.95200000000003,38.2317540629423,18.0
-1,-121.3764084328486,23.91451831018512,86.0,90.04800000000003,31.32840843284856,16.0
-1,-132.76952058506131,23.774084560185123,109.0,100.22400000000002,32.54552058506129,16.0
-1,-142.14907872048195,21.883812481481453,100.0,102.52800000000003,39.621078720481925,18.0
-1,-137.9152826331822,26.529964856481413,95.0,94.94400000000002,42.97128263318217,17.0
-1,-124.60131222422552,18.76284115740741,88.0,96.67200000000004,27.9293122242255,17.0
-1,-109.09592237143389,21.227090111111096,86.0,82.75200000000002,26.34392237143385,17.0
-1,-132.12917571561414,14.191333754629609,82.0,94.75200000000002,37.37717571561411,18.0
-1,-124.8195211348966,15.228871305555543,76.0,88.80000000000005,36.01952113489655,18.0
-1,-124.06103083131607,17.689570347222187,72.0,70.84800000000003,53.21303083131605,25.0
-1,-106.51890879473171,19.52776106944445,88.0,73.15200000000002,33.36690879473171,17.0
-1,-112.22300229685248,17.138325861111085,77.0,81.024,31.199002296852488,18.0
-1,-111.20922216449031,18.51613073611105,76.0,72.57600000000002,38.6332221644903,19.0
-1,-105.14456127792772,18.15165108333329,70.0,68.16000000000003,36.984561277927696,19.0
-1,-121.38456420293056,16.231017013888863,69.0,76.70400000000002,44.68056420293053,21.0
-1,-112.94890422422144,17.70848001388885,70.0,75.16800000000003,37.78090422422142,17.0
-1,-115.4449013458271,17.233286439814773,63.0,68.92800000000003,46.51690134582707,21.0
-1,-110.3086601056557,16.338488708333315,76.0,75.84000000000002,34.46866010565569,19.0
-1,-126.79896032948756,19.718380606481432,79.0,85.53600000000002,41.26296032948755,19.0
-1,-107.04892765826584,13.852660740740728,70.0,73.92000000000004,33.128927658265816,19.0
-1,-123.93065059709038,18.42993388888888,73.0,89.18400000000005,34.74665059709032,17.0
-1,-99.95381404229286,19.06558577777772,65.0,61.056000000000026,38.89781404229283,19.0
-1,-141.73007197202247,25.13610409259251,88.0,81.02400000000004,60.706071972022414,21.0
-1,-121.24341613176252,20.34766248148141,75.0,78.62400000000002,42.6194161317625,18.0
-1,-102.62470985004532,13.672997347222225,70.0,76.22400000000002,26.400709850045303,15.0
-1,-124.5625495839419,14.616309425925904,76.0,92.54400000000004,32.01854958394186,18.0
-1,-105.37051274903028,15.965511226851856,67.0,75.55200000000002,29.81851274903026,18.0
-1,-114.0533230853737,16.19623010648148,72.0,73.91999999999997,40.133323085373725,21.0
-1,-116.47569382668806,21.296929333333274,65.0,65.18400000000003,51.29169382668803,22.0
-1,-116.51910382424128,18.554070430555505,72.0,77.76000000000002,38.75910382424126,19.0
-1,-115.25750094062462,17.85016570370368,74.0,74.40000000000002,40.85750094062461,21.0
-1,-120.77837643651928,18.188123124999944,72.0,90.52800000000006,30.25037643651922,15.0
-1,-134.5525954209771,23.44380671296298,78.0,63.64800000000003,70.90459542097707,20.0
-1,-104.2211216389613,23.04817557407404,78.0,60.48,43.74112163896131,19.0
-1,-140.1028438983981,17.840419231481455,95.0,112.12800000000006,27.97484389839808,14.0
-1,-105.42362616045205,20.127751972222235,66.0,70.46400000000001,34.95962616045202,18.0
-1,-107.6629976588208,21.81679190277772,67.0,72.00000000000003,35.66299765882077,17.0
-1,-128.33745859412525,18.140721388888892,75.0,86.97600000000006,41.36145859412519,18.0
-1,-115.78461734265832,12.946543055555528,75.0,87.64800000000004,28.136617342658266,16.0
-1,-142.76177351079932,36.47311850925932,91.0,70.08000000000003,72.68177351079929,20.0
-1,-101.17541058054898,15.47990574537038,78.0,78.43200000000002,22.74341058054897,15.0
-1,-118.83921382519176,20.865874694444425,85.0,84.96000000000004,33.87921382519173,17.0
-1,-117.40379784664708,20.71682413888881,68.0,63.45600000000002,53.947797846647056,21.0
-1,-100.44213115736802,18.718330814814777,62.0,63.93600000000002,36.506131157368,22.0
-1,-119.62880775696098,18.98690948611105,62.0,55.00800000000002,64.62080775696096,22.0
-1,-93.43074528546134,17.785525574074075,58.0,50.97600000000002,42.45474528546133,21.0
-1,-124.57319773534604,29.63530748611106,86.0,81.98400000000002,42.589197735346005,16.0
-1,-95.04705417772333,18.36775356944443,71.0,66.528,28.519054177723312,17.0
-1,-96.63390962618116,18.547815699074047,58.0,68.73600000000003,27.89790962618112,14.0
-1,-133.27770765488805,16.10896501388888,60.0,66.04800000000002,67.22970765488805,25.0
-1,-131.02521019981342,28.65248513425925,86.0,61.631999999999984,69.39321019981344,23.0
-1,-127.84771160614903,20.017825222222164,63.0,63.45600000000002,64.391711606149,21.0
-1,-117.73739157242304,21.40330506944442,77.0,84.57600000000004,33.16139157242299,17.0
-1,-89.94749930537316,15.909838171296297,54.0,55.392,34.555499305373154,19.0
-1,-97.15919214582486,19.95213148148148,71.0,69.792,27.367192145824863,14.0
-1,-119.33934027493396,19.161392166666637,82.0,84.09600000000005,35.243340274933914,18.0
-1,-116.93988170573228,20.226216337962907,73.0,73.82400000000003,43.11588170573226,18.0
-1,-117.52873266676178,17.99358265740737,64.0,74.78400000000002,42.74473266676177,19.0
-1,-97.25683785995118,17.58269166203704,68.0,70.84800000000001,26.408837859951166,16.0
-1,-121.523508653334,11.20412506944444,71.0,90.72000000000004,30.80350865333397,19.0
-1,-97.0098526387152,16.017477388888892,65.0,64.70400000000001,32.30585263871517,19.0
-1,-99.64183964781216,14.991790787037036,66.0,72.96000000000001,26.681839647812144,15.0
-1,-119.91768446189025,21.23337022222219,73.0,74.40000000000003,45.5176844618902,17.0
-1,-122.04246512388404,15.76450083796296,59.0,73.72800000000001,48.31446512388402,21.0
-1,-113.45391685511444,20.00493074074072,70.0,71.23200000000001,42.22191685511444,19.0
-1,-98.38513043047942,18.112936629629623,71.0,61.53600000000001,36.84913043047941,19.0
-1,-104.98694080383189,17.71184576388887,66.0,64.70400000000001,40.28294080383186,19.0
-1,-116.98339956430829,17.780841212962933,66.0,78.04800000000002,38.93539956430826,19.0
-1,-100.25664532382967,14.395726976851869,56.0,66.528,33.72864532382966,18.0
-1,-145.18976623399075,24.08080112962955,84.0,94.17600000000004,51.01376623399071,21.0
-1,-120.01090110781752,23.95058685648143,72.0,67.96800000000002,52.04290110781749,19.0
-1,-122.3020166445046,16.856476824074022,73.0,76.89600000000002,45.40601664450457,21.0
-1,-105.4740633069212,17.757179606481436,65.0,69.50400000000003,35.970063306921176,19.0
-1,-111.51642443689845,21.37581172222221,65.0,59.13600000000002,52.38042443689841,20.0
-1,-92.18668483294783,20.999210601851797,64.0,58.65600000000003,33.530684832947806,17.0
-1,-132.06941274170612,17.995720541666625,63.0,71.61600000000003,60.45341274170608,21.0
-1,-108.82377447316564,16.640770837962933,61.0,65.85600000000002,42.96777447316562,22.0
-1,-110.58916770863104,16.909945745370386,77.0,74.784,35.80516770863104,17.0
-1,-126.18664320450677,15.583548041666662,67.0,74.01600000000003,52.170643204506725,22.0
-1,-126.80774472587372,24.98521065277776,82.0,92.25600000000006,34.551744725873675,15.0
-1,-140.12504685263636,15.838996675925912,71.0,88.32000000000002,51.80504685263633,22.0
-1,-100.6616507750676,21.59515890740736,63.0,57.02400000000003,43.63765077506759,22.0
-1,-125.063861278662,25.9536770648148,74.0,63.84000000000001,61.22386127866199,20.0
-1,-125.15090971080646,12.126577990740747,66.0,101.66400000000006,23.486909710806405,15.0
-1,-113.438035071751,21.32160250925921,61.0,68.64000000000003,44.79803507175096,18.0
-1,-129.95424681644744,18.152997962962896,67.0,83.32800000000003,46.62624681644739,20.0
-1,-109.4321808782191,19.4553932222222,56.0,59.328,50.10418087821909,23.0
-1,-104.59923456732406,17.048837861111107,55.0,61.24800000000001,43.35123456732405,20.0
-1,-118.75430979156216,17.621395402777715,76.0,76.032,42.72230979156216,19.0
-1,-112.4174487732517,17.635442583333308,70.0,79.96800000000003,32.449448773251675,15.0
-1,-110.85922417522968,20.57574957870365,69.0,63.07200000000003,47.78722417522966,22.0
-1,-102.57998098747342,19.97662847685184,64.0,71.42400000000004,31.155980987473388,17.0
-1,-108.760039961077,15.53659709259259,64.0,73.24800000000002,35.51203996107698,18.0
-1,-116.44582774155644,19.353704277777748,74.0,86.20800000000003,30.23782774155641,15.0
-1,-106.53024871349942,13.253127643518525,52.0,58.75200000000002,47.7782487134994,24.0
-1,-106.15719986482496,19.837738847222205,64.0,67.58400000000003,38.57319986482494,17.0
-1,-98.40080898715306,16.043487643518514,55.0,61.92000000000002,36.48080898715303,21.0
-1,-100.5713745510484,20.43232022222222,61.0,63.45600000000002,37.11537455104838,19.0
-1,-122.9521550239773,19.156830189814773,64.0,79.39200000000004,43.56015502397726,18.0
-1,-121.34049577097228,17.213701796296263,68.0,73.05600000000004,48.28449577097224,19.0
-1,-105.48418747947,17.637068236111112,55.0,57.60000000000002,47.88418747946997,19.0
-1,-121.88657013331895,23.07635724999991,58.0,60.864000000000026,61.02257013331893,20.0
-1,-137.72273482722932,15.890523254629622,67.0,86.59200000000004,51.13073482722929,23.0
-1,-100.33893847544044,21.348638166666635,73.0,69.12000000000005,31.218938475440385,16.0
-1,-91.89947940088278,11.38548733333333,46.0,47.808000000000014,44.09147940088277,23.0
-1,-87.72455081665044,26.72383792129628,68.0,65.76,21.964550816650423,12.0
-1,-113.01377230837296,15.383566634259232,55.0,65.66400000000002,47.34977230837294,21.0
-1,-108.88060995035292,22.56459121296293,60.0,63.07200000000004,45.80860995035289,18.0
-1,-80.95041371981593,12.930690902777789,54.0,53.85600000000003,27.094413719815897,18.0
-1,-108.95155016003706,14.178847740740729,53.0,59.13600000000002,49.81555016003704,24.0
-1,-91.69655511228312,19.031543180555516,55.0,56.44800000000002,35.2485551122831,15.0
-1,-101.43510296575994,19.80090937962962,65.0,50.88000000000001,50.55510296575992,22.0
-1,-102.57544976995857,13.80943142592592,56.0,64.51200000000003,38.06344976995855,19.0
-1,-97.1731029013221,20.108360023148133,56.0,43.68000000000001,53.493102901322096,20.0
-1,-127.10805332780436,25.08696493518514,75.0,73.82400000000003,53.28405332780434,18.0
-1,-111.13353507087707,12.76914407407406,49.0,66.33600000000003,44.79753507087707,22.0
-1,-110.429641605694,15.058146425925894,57.0,62.11200000000003,48.31764160569398,23.0
-1,-111.69453189073393,17.96425660648146,56.0,62.68800000000002,49.006531890733896,22.0
-1,-116.35613541715364,23.039883550925847,61.0,65.95200000000003,50.4041354171536,19.0
-1,-97.573594395782,16.465108560185197,48.0,46.272000000000006,51.30159439578201,22.0
-1,-99.62604370156816,17.353283541666656,57.0,63.55200000000002,36.07404370156813,19.0
-1,-106.33766542701044,17.093741888888847,52.0,57.02400000000003,49.31366542701041,20.0
-1,-92.81931871624327,17.544390194444432,64.0,71.42400000000004,21.39531871624324,13.0
-1,-132.5116417378362,18.47762292592589,59.0,67.68000000000004,64.83164173783615,23.0
-1,-170.5402624013934,24.685245032407344,85.0,103.96800000000007,66.57226240139332,21.0
-1,-122.30839871076368,18.387226273148105,70.0,72.28800000000003,50.02039871076366,23.0
-1,-100.1141165845308,15.366034212962957,66.0,79.00800000000002,21.10611658453078,12.0
-1,-84.75136994104965,17.909104560185163,55.0,58.27200000000003,26.47936994104961,15.0
-1,-101.1203638450865,19.40016717592591,58.0,58.84800000000002,42.27236384508649,19.0
-1,-95.54768044849752,19.94119810185181,54.0,53.664,41.88368044849751,18.0
-1,-96.62898240961664,17.569156893518493,56.0,58.08000000000003,38.54898240961663,17.0
-1,-119.68241543354618,19.55773253703697,68.0,80.64000000000003,39.04241543354616,20.0
-1,-121.791861015842,18.626304217592526,65.0,70.84800000000003,50.943861015841954,20.0
-1,-101.50583290203852,11.29158941203704,54.0,70.84800000000001,30.6578329020385,19.0
-1,-127.73422548735827,15.777466435185184,55.0,59.42400000000003,68.31022548735825,24.0
-1,-112.76353506716052,15.678690953703686,59.0,66.62400000000002,46.1395350671605,20.0
-1,-111.2862855555112,16.497328384259237,53.0,57.504000000000026,53.78228555551118,23.0
-1,-100.74252983235743,17.755947439814815,57.0,60.96000000000002,39.78252983235743,16.0
-1,-97.86729081689026,19.93616488888886,60.0,67.68,30.187290816890247,13.0
-1,-96.64524687278563,17.987725986111073,53.0,56.83200000000002,39.81324687278561,19.0
-1,-92.57049686778755,14.127896416666664,60.0,56.73600000000002,35.83449686778756,19.0
-1,-133.61105949743998,22.03157546296285,62.0,69.31200000000001,64.29905949743997,24.0
-1,-122.65230879130716,19.19115166666662,58.0,60.76800000000002,61.88430879130712,22.0
-1,-92.38486308391958,13.981996347222235,53.0,59.808000000000014,32.57686308391956,17.0
-1,-84.51247718971734,18.328879439814816,55.0,49.920000000000016,34.592477189717336,18.0
-1,-116.44692474240816,15.765386092592596,57.0,68.16000000000003,48.28692474240813,21.0
-1,-129.3159017820268,14.179906342592565,61.0,76.70400000000004,52.61190178202677,22.0
-1,-93.0587029913325,21.60645240277774,57.0,46.176000000000016,46.88270299133248,20.0
-1,-103.94384752583174,25.80752676388888,70.0,61.536000000000016,42.40784752583173,17.0
-1,-114.90042032826996,17.41646011574071,54.0,62.49600000000003,52.40442032826991,20.0
-1,-116.21562889426738,17.841202074074,61.0,65.18400000000003,51.03162889426736,22.0
-1,-90.251191132246,17.708564726851815,50.0,63.93600000000004,26.31519113224596,13.0
-1,-122.26823451559214,16.830609023148146,60.0,67.77600000000001,54.49223451559213,21.0
-1,-100.15145684498373,17.616730796296277,60.0,64.32000000000002,35.831456844983705,20.0
-1,-89.97959551188619,13.792525643518513,53.0,59.80800000000002,30.171595511886164,18.0
-1,-96.81669653395718,18.76233410185185,59.0,53.37600000000002,43.44069653395717,19.0
-1,-120.78525719977225,18.145162777777745,61.0,74.40000000000002,46.38525719977223,20.0
-1,-115.47491477322868,12.514008657407404,59.0,69.88800000000003,45.58691477322864,21.0
-1,-126.47238361434266,13.275895689814805,62.0,86.78400000000003,39.68838361434263,17.0
-1,-96.3280265531164,21.782962069444388,61.0,55.10400000000001,41.22402655311638,21.0
-1,-99.51913505596494,19.85889196759257,59.0,66.14400000000003,33.37513505596491,16.0
-1,-107.48879188735636,12.448585648148132,53.0,67.87200000000003,39.61679188735635,16.0
-1,-112.8763762840334,23.50897774074068,67.0,70.56000000000003,42.31637628403338,19.0
-1,-89.89929727094179,15.1992071527778,53.0,60.672000000000025,29.22729727094176,15.0
-1,-83.73537506870409,10.429158453703687,61.0,68.64000000000003,15.095375068704056,11.0
-1,-101.89273121515578,20.000407416666626,63.0,66.62400000000002,35.268731215155746,16.0
-1,-100.92100857630264,18.89967394444441,59.0,57.31200000000001,43.60900857630264,22.0
-1,-110.29884038522414,13.504476939814811,55.0,68.16000000000003,42.138840385224114,18.0
-1,-125.18548262317536,25.887423592592537,68.0,72.96000000000002,52.22548262317533,18.0
-1,-177.6646966002233,16.59791017129628,95.0,118.46400000000008,59.20069660022322,21.0
-1,-112.513355939535,24.12656568055553,69.0,71.71200000000005,40.80135593953494,17.0
-1,-99.22298409710052,20.195209416666653,63.0,60.864000000000026,38.35898409710049,16.0
-1,-112.7325590669851,19.494905037037,57.0,56.64000000000002,56.09255906698508,21.0
-1,-102.65599257321855,19.488667439814797,66.0,62.68800000000002,39.96799257321853,20.0
-1,-95.5766003042271,15.190442814814812,58.0,64.03200000000001,31.54460030422709,19.0
-1,-101.27697392601132,19.50364822685179,56.0,67.00800000000004,34.268973926011284,16.0
-1,-148.70123115678282,22.120752550925843,68.0,95.04000000000003,53.661231156782776,19.0
-1,-102.2699862110243,23.48881578240733,55.0,55.29600000000002,46.97398621102428,19.0
-1,-130.14153004225236,16.68293688425924,65.0,75.16800000000003,54.97353004225233,23.0
-1,-164.4399406864535,21.99709983796289,80.0,98.68800000000006,65.75194068645344,23.0
-1,-126.99582461070914,18.51616095833329,65.0,78.33600000000003,48.65982461070911,17.0
-1,-104.69199452175432,17.504429703703646,51.0,60.00000000000002,44.69199452175429,21.0
-1,-149.51365850765464,19.49927305555553,70.0,83.71200000000005,65.8016585076546,24.0
-1,-123.5077990934644,18.360279124999927,57.0,62.40000000000002,61.10779909346439,24.0
-1,-145.20822496487867,18.49642305555552,71.0,96.00000000000004,49.20822496487863,20.0
-1,-99.95391831430926,20.4704539398148,62.0,61.72800000000002,38.22591831430924,20.0
-1,-133.0416737832806,16.100961740740726,69.0,96.09600000000005,36.94567378328056,18.0
-1,-112.18469105024846,16.918836879629612,50.0,54.24000000000001,57.94469105024845,21.0
-1,-104.97482023759328,14.654820347222207,58.0,58.84800000000002,46.12682023759328,22.0
-1,-128.82658509054698,19.488722773148123,58.0,69.69600000000003,59.130585090546944,24.0
-1,-134.18474713641868,17.12682770833329,60.0,77.76000000000003,56.424747136418645,23.0
-1,-102.24651398070849,22.657333074074064,67.0,67.48800000000003,34.75851398070845,15.0
-1,-127.20579528435766,15.914429944444429,62.0,70.84800000000003,56.35779528435764,24.0
-1,-203.3059571559824,15.647495407407355,90.0,136.22400000000007,67.08195715598227,26.0
-1,-103.8707835722548,17.639607953703663,50.0,53.47200000000001,50.39878357225478,21.0
-1,-146.35350354589747,22.008933032407317,82.0,99.84000000000006,46.5135035458974,20.0
-1,-93.2671339685428,20.454720560185173,61.0,54.52800000000001,38.73913396854277,19.0
-1,-144.61601306235357,19.99415545833325,72.0,90.81600000000005,53.80001306235349,22.0
-1,-103.38028868445356,15.428850953703687,56.0,57.21600000000002,46.16428868445356,23.0
-1,-94.3169314475144,17.288018296296254,51.0,57.40800000000002,36.90893144751438,18.0
-1,-123.88843857018286,23.236440615740666,68.0,66.24000000000004,57.64843857018282,19.0
-1,-173.02242062583286,24.91696134259254,88.0,121.34400000000008,51.6784206258328,18.0
-1,-106.03524646098988,21.88423454629628,59.0,60.19200000000003,45.84324646098983,17.0
-1,-122.99707232970236,17.758347249999943,55.0,63.07200000000001,59.92507232970233,18.0
-1,-142.7972889486707,12.442009796296292,76.0,106.27200000000003,36.52528894867065,20.0
-1,-179.2115384790074,22.37518516203696,86.0,125.47200000000008,53.73953847900732,19.0
-1,-98.89052251176685,15.485894865740704,55.0,62.30400000000002,36.58652251176683,21.0
-1,-97.76632430141308,14.682867287037032,54.0,68.64000000000001,29.12632430141308,17.0
-1,-112.52598096695132,17.147148115740727,58.0,60.768000000000015,51.7579809669513,21.0
-1,-94.02941409090448,11.933330740740743,49.0,56.92800000000002,37.101414090904456,18.0
-1,-102.90893452458106,17.98458980555554,55.0,66.14400000000002,36.76493452458104,18.0
-1,-126.79699862975376,18.65580779166661,63.0,68.83200000000002,57.964998629753744,21.0
-1,-101.6152758605179,14.372451282407404,60.0,63.93600000000003,37.67927586051787,19.0
-1,-100.2799366224784,15.002634458333327,60.0,70.46400000000001,29.8159366224784,21.0
-1,-115.89143703261756,22.136242231481443,64.0,65.08800000000004,50.80343703261752,20.0
-1,-93.01210203107664,16.860933745370378,48.0,57.98400000000003,35.0281020310766,19.0
-1,-97.73478436864826,16.36957191666666,56.0,62.59200000000003,35.14278436864824,19.0
-1,-105.53127657205634,13.564733796296292,53.0,63.64800000000002,41.88327657205632,22.0
-1,-79.36717581840446,19.44660212499997,53.0,47.04000000000002,32.327175818404434,18.0
-1,-107.51431570673851,15.420136921296285,53.0,64.51200000000001,43.002315706738514,23.0
-1,-129.37087157920135,20.855736537036982,75.0,88.22400000000005,41.1468715792013,20.0
-1,-111.4227077175836,14.583422009259268,66.0,88.22400000000005,23.19870771758355,15.0
-1,-98.82420886457916,17.220721791666644,62.0,67.96800000000002,30.856208864579138,17.0
-1,-111.63411130103742,12.13907928703704,53.0,66.14400000000003,45.4901113010374,21.0
-1,-98.86796121358763,14.086245129629628,62.0,63.36000000000003,35.50796121358762,18.0
-1,-179.60938927490457,26.72854075925919,92.0,109.82400000000008,69.78538927490452,22.0
-1,-87.76907011224475,13.8282380185185,48.0,60.384000000000015,27.38507011224473,17.0
-1,-101.2571155562508,15.493268694444447,50.0,57.024000000000015,44.2331155562508,21.0
-1,-94.91841964217312,13.372897828703708,50.0,62.01600000000002,32.902419642173115,15.0
-1,-126.69519554758703,11.56888137037037,55.0,69.21600000000002,57.47919554758703,23.0
-1,-100.7372465136876,14.089521837962955,58.0,72.38400000000004,28.353246513687573,17.0
-1,-92.77200739561012,15.349334458333315,55.0,62.40000000000003,30.372007395610108,15.0
-1,-85.53429502888494,10.398953972222236,46.0,60.19200000000003,25.34229502888491,17.0
-1,-133.96859323329758,18.971521527777732,65.0,82.56000000000004,51.40859323329753,23.0
-1,-131.69980953551516,14.777711231481469,66.0,91.20000000000005,40.499809535515126,20.0
-1,-96.94828708168058,13.60591225925927,51.0,60.96000000000003,35.98828708168054,22.0
-1,-133.8931930709278,21.975540027777708,71.0,73.92000000000003,59.97319307092776,23.0
-1,-111.43543160085277,16.1014197824074,56.0,61.53600000000003,49.89943160085272,23.0
-1,-107.8034416972944,15.961039888888878,56.0,74.97600000000001,32.827441697294375,16.0
-1,-117.4035908497698,20.66333638888881,65.0,78.62400000000002,38.77959084976979,16.0
-1,-126.83227640362496,13.602493800925908,61.0,82.46400000000004,44.36827640362493,21.0
-1,-90.68035726747972,19.278573745370316,48.0,57.88800000000003,32.792357267479694,14.0
-1,-101.93436702240656,19.499185472222205,54.0,71.04000000000002,30.89436702240653,13.0
-1,-106.84266889081896,14.93058664814813,59.0,66.62400000000002,40.21866889081893,19.0
-1,-117.9743332628034,15.452513129629622,65.0,91.20000000000005,26.77433326280336,17.0
-1,-105.93028110148006,12.209353898148173,51.0,72.28800000000003,33.64228110148003,17.0
-1,-98.28517941955728,13.414169870370364,49.0,56.54400000000002,41.74117941955726,21.0
-1,-121.25877286350814,15.615619550925912,54.0,62.68800000000003,58.57077286350811,25.0
-1,-121.6802394524516,19.254849444444364,55.0,71.52000000000004,50.16023945245156,20.0
-1,-126.60008840635858,18.03487819907401,55.0,60.288000000000025,66.31208840635855,26.0
-1,-100.99459830980776,17.104745439814828,60.0,61.82400000000003,39.17059830980773,17.0
-1,-98.00557867478778,13.958975101851856,51.0,55.20000000000002,42.80557867478776,18.0
-1,-92.33118809992747,15.14121336574075,52.0,56.544000000000025,35.787188099927455,19.0
-1,-109.19775526168377,14.656807060185182,54.0,60.96000000000004,48.23775526168373,21.0
-1,-103.50904247931658,13.671974861111098,50.0,63.55200000000003,39.95704247931655,21.0
-1,-90.37377560697678,16.564796921296292,48.0,49.536000000000016,40.83777560697677,19.0
-1,-99.46139271986208,21.935914837962937,60.0,54.43200000000001,45.02939271986208,20.0
-1,-66.12052320342248,16.428391995370376,45.0,50.88000000000002,15.24052320342246,11.0
-1,-94.46173300409104,13.178442310185194,45.0,45.60000000000001,48.86173300409102,24.0
-1,-99.0504840809873,12.480772518518505,54.0,72.19200000000002,26.85848408098728,17.0
-1,-140.09647985406897,21.259459032407403,74.0,86.49600000000005,53.600479854068894,18.0
-1,-110.27995395888584,25.56874419907405,67.0,76.51200000000004,33.767953958885805,15.0
-1,-126.15322488427611,17.095182055555515,58.0,77.08800000000004,49.06522488427609,22.0
-1,-107.78179285819922,20.822703106481416,64.0,75.26400000000004,32.51779285819918,18.0
-1,-86.7262950323994,13.534911907407396,44.0,53.280000000000015,33.44629503239939,16.0
-1,-102.19243239111478,17.8531021296296,50.0,55.10400000000003,47.08843239111475,20.0
-1,-110.61055126231958,15.528831787037046,55.0,64.70400000000002,45.906551262319546,21.0
-1,-113.24963159574548,19.00401446759253,58.0,71.13600000000002,42.11363159574546,20.0
-1,-108.96796879461368,15.775127541666656,57.0,63.26400000000004,45.70396879461364,19.0
-1,-110.58217660731236,16.187385458333345,50.0,55.48800000000002,55.09417660731233,23.0
-1,-99.06029387740116,16.14501683333331,53.0,54.432000000000016,44.62829387740115,21.0
-1,-102.70043241100942,19.43687792592586,50.0,61.92000000000003,40.78043241100938,18.0
-1,-95.21365277650432,15.56439226388888,51.0,58.75200000000002,36.46165277650431,21.0
-1,-100.48078423628436,17.706453476851806,55.0,54.81600000000002,45.66478423628433,22.0
-1,-116.45632199526663,13.473726578703705,52.0,64.60800000000003,51.84832199526661,24.0
-1,-107.04036943155214,18.096147106481457,56.0,58.75200000000003,48.288369431552105,24.0
-1,-77.91370630643046,12.25696443518518,49.0,59.52000000000002,18.39370630643043,11.0
-1,-96.72407237125142,16.35010333796293,52.0,63.16800000000002,33.5560723712514,15.0
-1,-103.7564168600838,15.693696884259246,56.0,62.68800000000002,41.068416860083786,22.0
-1,-115.59076547073252,14.85198270370369,48.0,58.17600000000001,57.41476547073252,23.0
-1,-89.26114849129698,16.862230254629605,46.0,50.59200000000002,38.66914849129696,20.0
-1,-117.7520459452125,18.083696143518463,63.0,76.22400000000005,41.52804594521245,19.0
-1,-117.67301004510512,19.099945717592536,65.0,75.07200000000005,42.60101004510507,16.0
-1,-108.85026576229716,18.876793199074037,53.0,60.57600000000003,48.27426576229715,21.0
-1,-67.7467192196262,17.250676828703703,57.0,51.55200000000001,16.194719219626194,11.0
-1,-94.9988660622923,12.469394351851834,44.0,51.74400000000002,43.25486606229227,26.0
-1,-105.80173083532372,18.29091126851847,53.0,63.07200000000003,42.72973083532369,20.0
-1,-99.50422429360304,15.348765962962952,55.0,62.59200000000001,36.91222429360304,18.0
-1,-97.44691940284626,8.73076304629631,44.0,51.93600000000002,45.51091940284624,25.0
-1,-90.05476548352772,15.544558629629602,49.0,59.32800000000002,30.726765483527693,18.0
-1,-92.98233664499504,14.965345657407388,50.0,58.84800000000002,34.134336644995,17.0
-1,-88.96629183710108,10.820930550925931,51.0,59.42400000000002,29.542291837101065,19.0
-1,-90.00539937565318,21.48665620370368,52.0,54.14400000000002,35.861399375653164,17.0
-1,-89.73926236717278,18.005877763888883,54.0,68.35200000000002,21.38726236717276,13.0
-1,-99.80077722628911,11.083786736111117,46.0,58.94400000000002,40.856777226289104,20.0
-1,-112.11568502197488,18.1162017824074,57.0,56.16000000000002,55.95568502197487,21.0
-1,-82.93760309527396,13.277562518518518,55.0,61.05600000000001,21.88160309527395,12.0
-1,-111.07149990439044,17.903369277777735,57.0,62.88000000000004,48.19149990439039,21.0
-1,-141.24514620292464,21.150988518518435,66.0,76.89600000000004,64.3491462029246,24.0
-1,-95.20186637866767,16.832537162037,54.0,64.32000000000002,30.88186637866766,18.0
-1,-138.92793072745,22.200160777777672,70.0,78.04800000000004,60.87993072744995,23.0
-1,-102.79586771778555,19.793749527777763,63.0,60.96000000000003,41.83586771778554,21.0
-1,-116.69580596598064,18.881293898148133,56.0,61.24800000000002,55.447805965980606,21.0
-1,-133.1019384777183,17.531465629629615,63.0,71.80800000000004,61.29393847771826,25.0
-1,-123.10770398522484,20.23751011111105,61.0,76.60800000000005,46.49970398522479,19.0
-1,-111.3898549832463,12.50108032407408,45.0,54.24000000000002,57.14985498324628,26.0
-1,-96.31134012630947,15.375970949074064,55.0,60.67200000000003,35.63934012630946,18.0
-1,-120.68688546530876,16.86374382870368,60.0,71.52000000000004,49.16688546530872,21.0
-1,-100.64296332796673,24.62572204629622,54.0,59.23200000000003,41.41096332796669,17.0
-1,-99.84090302127048,13.621878976851836,55.0,64.51200000000001,35.32890302127047,20.0
-1,-113.17859699714278,19.52712872222216,56.0,69.98400000000002,43.19459699714275,20.0
-1,-90.08025169596584,17.311139490740754,53.0,48.76800000000001,41.31225169596582,19.0
-1,-76.04423459791916,13.47986412962965,48.0,49.63200000000001,26.412234597919145,17.0
-1,-98.54109741143608,13.661434777777757,49.0,59.42400000000002,39.11709741143606,18.0
-1,-88.91657564990439,17.698746874999976,62.0,59.32800000000003,29.58857564990435,16.0
-1,-92.82301981802422,19.148361657407364,55.0,59.71200000000004,33.11101981802419,18.0
-1,-91.25256213924736,16.33161917129627,51.0,54.91200000000003,36.34056213924733,17.0
-1,-94.0044660914621,14.838964092592605,49.0,55.29600000000002,38.708466091462086,21.0
-1,-101.7919464389291,15.827909361111116,53.0,55.58400000000002,46.20794643892907,22.0
-1,-99.33805128572416,19.33057798611108,55.0,53.56800000000002,45.77005128572415,19.0
-1,-75.91404423905519,11.653534861111115,44.0,51.93600000000002,23.97804423905517,16.0
-1,-88.18762277412816,17.95282975462959,44.0,48.76800000000001,39.41962277412816,19.0
-1,-109.06070919605853,16.399188425925917,51.0,58.08000000000003,50.98070919605849,22.0
-1,-110.84575757396038,15.700945962962937,51.0,62.68800000000002,48.15775757396035,20.0
-1,-111.86594368557093,15.607697625000004,49.0,63.36000000000003,48.50594368557088,21.0
-1,-104.01904598721046,17.977532935185128,53.0,57.504000000000026,46.51504598721044,20.0
-1,-117.24397209129692,18.284055907407343,54.0,74.11200000000004,43.13197209129689,21.0
-1,-85.94868723912907,13.202385759259236,45.0,55.48800000000002,30.46068723912905,19.0
-1,-158.41993755475028,15.930285759259252,73.0,102.52800000000006,55.89193755475021,23.0
-1,-84.5331065108063,13.52652436574074,48.0,59.32800000000002,25.20510651080628,15.0
-1,-196.14458767893396,23.15862206944434,91.0,128.4480000000001,67.69658767893385,19.0
-1,-101.011041406131,18.849309828703653,50.0,56.25600000000002,44.75504140613096,18.0
-1,-264.4309031850081,30.81130274074065,131.0,212.06400000000016,52.36690318500792,17.0
-1,-88.26616652436525,18.507576699074058,55.0,64.32000000000002,23.946166524365232,12.0
-1,-103.70323149584698,15.911375675925925,49.0,56.35200000000002,47.35123149584695,22.0
-1,-99.42632815264967,14.35749354629629,51.0,60.09600000000003,39.33032815264965,21.0
-1,-102.3963528227865,19.16271381018512,52.0,60.480000000000025,41.91635282278647,17.0
-1,-119.1388223710144,18.301744027777737,56.0,71.42400000000004,47.71482237101438,19.0
-1,-95.5543171882488,18.49429543055553,51.0,61.632000000000026,33.92231718824877,17.0
-1,-126.5215309534747,21.516918333333216,57.0,72.96000000000002,53.56153095347467,23.0
-1,-86.17500680612241,18.47818824537035,45.0,51.74400000000002,34.43100680612238,18.0
-1,-96.748535750092,17.59014527777777,50.0,55.68000000000002,41.06853575009199,20.0
-1,-125.68164625865111,13.185609060185184,50.0,66.24000000000004,59.44164625865108,24.0
-1,-123.11145263688007,22.018549796296224,54.0,64.41600000000001,58.69545263688006,21.0
-1,-92.82812745227412,19.89294235648147,56.0,52.80000000000002,40.02812745227409,19.0
-1,-101.15012574202572,19.39639835185184,55.0,56.83200000000004,44.318125742025686,19.0
-1,-87.92294694392636,11.204950916666665,44.0,47.23200000000001,40.69094694392635,22.0
-1,-99.5082211572092,17.20845406018516,55.0,62.01600000000003,37.49222115720917,21.0
-1,-97.43621983671932,12.604872805555566,41.0,43.872000000000014,53.564219836719296,21.0
-1,-114.24437337328597,17.119898925925913,52.0,58.36800000000002,55.87637337328594,23.0
-1,-109.10045518359576,12.747589828703704,49.0,60.864000000000026,48.236455183595744,23.0
-1,-93.38818294590604,12.621817847222252,47.0,53.56800000000001,39.82018294590603,19.0
-1,-91.51718363440504,19.82399838888888,56.0,53.856000000000016,37.66118363440502,18.0
-1,-123.46545630998982,13.809817273148113,56.0,86.59200000000004,36.87345630998978,18.0
-1,-126.56622631313344,13.53532230092592,55.0,76.03200000000002,50.5342263131334,22.0
-1,-75.65978418338894,12.637537986111113,43.0,58.27200000000002,17.387784183388913,12.0
-1,-81.15996554845367,12.247446013888908,39.0,46.080000000000005,35.079965548453664,21.0
-1,-103.02670652722402,19.272364476851784,53.0,63.93600000000002,39.090706527224,20.0
-1,-97.3545810185134,17.820217407407366,47.0,54.14400000000003,43.21058101851336,21.0
-1,-96.53025786989345,11.650173981481494,43.0,53.85600000000001,42.67425786989344,19.0
-1,-113.84393878938218,18.050604203703635,51.0,66.43200000000003,47.41193878938216,20.0
-1,-95.64851473717012,14.605455435185162,49.0,55.10400000000003,40.5445147371701,20.0
-1,-98.84395651895042,11.822944643518506,52.0,66.43200000000002,32.41195651895041,19.0
-1,-109.75175729628428,13.091828069444448,43.0,54.14400000000002,55.607757296284255,24.0
-1,-81.95048240772142,11.688874796296298,43.0,50.304000000000016,31.646482407721404,17.0
-1,-82.71156921980055,15.339047333333331,50.0,54.24000000000001,28.47156921980054,18.0
-1,-94.25506809352729,10.222616444444448,45.0,48.67200000000001,45.58306809352727,23.0
-1,-111.66002163136574,17.3653806342592,56.0,76.51200000000004,35.14802163136569,19.0
-1,-87.58157739654678,12.294972717592604,46.0,57.69600000000002,29.885577396546765,17.0
-1,-87.20359164681864,17.77571468981479,46.0,56.64000000000002,30.56359164681861,17.0
-1,-99.72684402031344,14.671483643518512,47.0,54.240000000000016,45.48684402031344,21.0
-1,-89.23365893946922,13.809553638888891,43.0,50.016000000000005,39.21765893946921,18.0
-1,-101.68216229909288,17.499530782407344,47.0,60.48000000000001,41.20216229909286,20.0
-1,-122.49706696219454,12.55541599537036,65.0,87.74400000000004,34.75306696219449,17.0
-1,-107.5319089415901,24.709621782407343,59.0,62.20800000000003,45.32390894159008,18.0
-1,-97.25142031665332,19.552624069444388,55.0,61.92000000000004,35.331420316653265,16.0
-1,-94.20576840132394,11.009491375000025,37.0,40.51200000000001,53.69376840132393,26.0
-1,-103.61724414579795,18.355586986111067,54.0,60.09600000000003,43.52124414579794,21.0
-1,-100.64594750099988,15.655795564814786,47.0,55.872000000000014,44.77394750099986,21.0
-1,-112.8646689782083,19.846958162036987,58.0,62.78400000000003,50.080668978208266,21.0
-1,-82.6728811327946,12.528952467592587,45.0,53.95200000000003,28.72088113279458,15.0
-1,-133.80905517558122,21.99826333333326,59.0,80.54400000000004,53.265055175581175,19.0
-1,-103.45243082717582,12.93191876388889,44.0,47.232000000000006,56.22043082717582,26.0
-1,-315.6061166627988,20.483441365740696,142.0,248.7360000000002,66.87011666279862,18.0
-1,-122.86207339290972,14.570484523148163,50.0,50.304000000000016,72.5580733929097,24.0
-1,-104.10810753833248,19.751720685185184,55.0,56.25600000000002,47.85210753833245,20.0
-1,-172.40474558323132,17.606356166666608,77.0,115.68000000000008,56.72474558323124,23.0
-1,-78.22723590673789,15.778921717592585,48.0,51.936000000000014,26.291235906737867,15.0
-1,-88.8866541541584,18.341488824074045,51.0,54.72000000000003,34.16665415415839,18.0
-1,-82.16776326583668,15.34219294907408,51.0,50.976,31.19176326583668,15.0
-1,-97.82066422419491,18.374719449074053,51.0,62.97600000000004,34.84466422419489,18.0
-1,-89.24389101644697,14.60781489814813,43.0,52.512000000000015,36.73189101644695,16.0
-1,-112.16792287314472,17.504614754629564,51.0,60.48000000000003,51.687922873144686,23.0
-1,-90.2315226714678,13.232986662037025,46.0,50.40000000000001,39.8315226714678,24.0
-1,-148.05698199385807,17.082494592592543,64.0,86.49600000000005,61.560981993858015,24.0
-1,-91.73303669694674,18.019538847222183,51.0,62.20800000000002,29.525036696946724,17.0
-1,-126.83577685025972,19.585050527777675,58.0,62.97600000000003,63.85977685025969,24.0
-1,-81.16739456265068,15.47007190740739,41.0,44.35200000000001,36.81539456265067,22.0
-1,-94.73650464024354,18.082150046296256,51.0,51.16800000000001,43.568504640243525,22.0
-1,-83.60278070130295,18.98551756481479,50.0,56.92800000000001,26.674780701302936,13.0
-1,-103.50713516277187,15.382817689814804,48.0,57.312000000000026,46.19513516277184,19.0
-1,-101.67438503040523,16.38407020833333,49.0,56.928000000000026,44.74638503040522,18.0
-1,-120.65674041283836,14.599729953703708,53.0,71.32800000000003,49.328740412838336,23.0
-1,-111.27004564860532,16.1270303657407,45.0,58.36800000000002,52.902045648605295,23.0
-1,-111.38441117902302,15.285624203703698,53.0,63.45600000000002,47.928411179022994,23.0
-1,-63.32468464976852,11.93493954629629,40.0,50.20800000000002,13.1166846497685,9.0
-1,-89.83123780151365,15.553557574074045,48.0,54.52800000000003,35.30323780151362,19.0
-1,-122.2335380775596,20.464166592592523,57.0,74.01600000000003,48.21753807755958,21.0
-1,-122.8524748405472,16.678797282407366,61.0,77.56800000000004,45.28447484054716,21.0
-1,-95.98314441228727,17.916016486111072,50.0,58.17600000000002,37.80714441228727,17.0
-1,-98.4586781303236,13.814856837962957,46.0,56.832000000000015,41.62667813032358,23.0
-1,-114.43275988552288,19.221651152777696,59.0,70.27200000000003,44.16075988552284,21.0
-1,-105.9307421699432,19.095737666666587,52.0,58.84800000000002,47.08274216994316,20.0
-1,-100.67653316620942,15.691919541666657,49.0,57.696000000000026,42.980533166209405,21.0
-1,-80.97408143333512,17.76338958333328,46.0,59.52000000000003,21.454081433335087,12.0
-1,-100.60205525047527,18.57527929166664,49.0,55.968000000000025,44.634055250475264,20.0
-1,-227.01089150643244,17.828826768518432,103.0,164.5440000000001,62.46689150643235,22.0
-1,-103.5179294077338,15.09998179166666,49.0,56.160000000000025,47.35792940773376,20.0
-1,-108.50807746555746,15.277053611111093,49.0,60.09600000000003,48.41207746555743,23.0
-1,-84.83176909274218,12.97114281944443,40.0,49.728000000000016,35.10376909274217,19.0
-1,-102.88212323644396,20.262626347222145,57.0,70.08000000000004,32.80212323644391,16.0
-1,-102.51201120976462,16.372740074074038,47.0,59.42400000000003,43.0880112097646,19.0
-1,-92.83650620312426,14.08059788425925,45.0,54.72000000000002,38.11650620312423,20.0
-1,-86.09335597620048,21.80119709259258,52.0,56.064000000000014,30.02935597620047,14.0
-1,-110.77949308983814,15.459877685185168,58.0,61.34400000000002,49.43549308983812,25.0
-1,-74.24485965446186,14.651559620370364,41.0,45.60000000000001,28.64485965446186,17.0
-1,-113.936836859537,18.45638188425921,65.0,77.76000000000005,36.17683685953697,18.0
-1,-74.23711314605718,9.339380657407403,39.0,47.424000000000014,26.813113146057173,18.0
-1,-93.88081793643534,20.5520383749999,48.0,56.35200000000002,37.52881793643532,19.0
-1,-104.46943983099176,22.7057043472222,59.0,59.712000000000025,44.757439830991736,17.0
-1,-181.9679075640874,20.997779990740664,84.0,125.66400000000009,56.303907564087325,21.0
-1,-119.24435400804067,20.71734004166658,60.0,79.10400000000004,40.14035400804063,18.0
-1,-85.42644400480111,15.005804041666664,42.0,51.45600000000002,33.970444004801095,20.0
-1,-120.3283210715039,15.877574949074049,54.0,62.78400000000003,57.54432107150386,22.0
-1,-114.37444338779828,22.85604345833329,57.0,65.95200000000003,48.42244338779824,16.0
-1,-86.47233690306771,14.379143486111102,43.0,53.760000000000005,32.7123369030677,17.0
-1,-136.92368272267834,15.859726592592578,66.0,74.20800000000004,62.71568272267829,22.0
-1,-98.15307815328823,12.060849185185193,46.0,44.92800000000001,53.22507815328822,24.0
-1,-140.0349870111298,17.864756453703638,61.0,76.32000000000004,63.71498701112976,25.0
-1,-84.11028465051565,23.442521287037017,54.0,55.872000000000014,28.23828465051564,15.0
-1,-89.21205242204869,14.793769763888855,47.0,57.984000000000016,31.228052422048677,18.0
-1,-109.43938421914878,16.520267291666652,51.0,60.864000000000026,48.57538421914875,22.0
-1,-93.34520347482008,14.552216199074063,50.0,55.968000000000025,37.37720347482004,21.0
-1,-82.47664812380727,15.203550162037052,43.0,47.23200000000002,35.244648123807245,19.0
-1,-110.86718748117232,17.753733874999963,49.0,58.56000000000002,52.307187481172285,22.0
-1,-87.39855444838685,21.299923351851813,54.0,56.83200000000002,30.566554448386817,16.0
-1,-91.1180550581268,18.88185361574073,55.0,58.94400000000002,32.17405505812677,19.0
-1,-99.62255620368607,18.35517439814811,51.0,60.00000000000003,39.622556203686045,15.0
-1,-130.96611295255553,21.66335527314805,61.0,72.86400000000005,58.10211295255548,21.0
-1,-93.20483453898116,15.074288689814848,41.0,45.02400000000001,48.18083453898115,20.0
-1,-90.5799087701072,10.657465587962957,49.0,65.85600000000002,24.723908770107176,14.0
-1,-83.95919987677722,16.182899879629634,39.0,44.06400000000001,39.89519987677721,22.0
-1,-96.53954004696378,16.513618925925908,45.0,52.60800000000002,43.93154004696376,18.0
-1,-111.1450940535027,15.59902434259258,54.0,62.97600000000003,48.16909405350267,20.0
-1,-96.2746882474722,15.423837453703689,45.0,52.99200000000001,43.28268824747219,22.0
-1,-79.43261189841874,13.65485908333332,41.0,48.09600000000001,31.336611898418735,15.0
-1,-91.85480065751456,14.16031950925927,46.0,55.488000000000014,36.36680065751455,18.0
-1,-117.69010295189122,16.316838356481423,44.0,61.82400000000003,55.86610295189119,23.0
-1,-96.47182902175852,19.102428430555555,47.0,58.17600000000002,38.29582902175848,17.0
-1,-129.58770456129923,19.77062233333326,62.0,79.00800000000004,50.5797045612992,19.0
-1,-75.00032318048736,14.274836782407393,40.0,45.408000000000015,29.59232318048734,14.0
-1,-105.87090461179515,15.06720990277775,48.0,63.64800000000003,42.22290461179514,21.0
-1,-107.41109857474758,14.778537537037032,40.0,51.07200000000002,56.33909857474757,23.0
-1,-117.97982244701694,18.454347495370303,52.0,61.824000000000034,56.15582244701692,21.0
-1,-93.31624245989607,9.73517701851852,38.0,46.17600000000001,47.14024245989607,23.0
-1,-82.69646398310461,12.385740453703692,44.0,50.78400000000001,31.912463983104598,19.0
-1,-129.69841942450412,18.102819189814788,63.0,75.36000000000004,54.33841942450408,19.0
-1,-90.12354856050152,13.609455981481467,39.0,42.91200000000001,47.21154856050151,23.0
-1,-85.65012967813661,15.47477839814812,44.0,51.93600000000003,33.71412967813659,20.0
-1,-120.20385220912917,17.295225861111074,54.0,60.38400000000003,59.81985220912913,24.0
-1,-97.5578447698458,15.318553675925909,41.0,54.43200000000002,43.12584476984577,21.0
-1,-90.50192962236176,14.972958837962969,43.0,44.44800000000001,46.05392962236175,20.0
-1,-116.6667086651872,15.058879504629616,53.0,57.312000000000026,59.354708665187175,25.0
-1,-75.44509140831306,12.059007490740749,38.0,47.90400000000001,27.54109140831305,15.0
-1,-113.89235180294416,17.92039343981475,50.0,64.51200000000003,49.38035180294411,22.0
-1,-104.63943342991033,12.649936949074078,41.0,51.552000000000014,53.08743342991032,25.0
-1,-124.65057868533106,12.747146439814802,50.0,63.64800000000003,61.00257868533102,28.0
-1,-68.45867128873086,15.244199259259249,44.0,50.01600000000002,18.442671288730832,9.0
-1,-292.51993691611113,22.97003687499987,129.0,227.52000000000015,64.99993691611095,22.0
-1,-96.5362143281304,17.92162420370366,43.0,45.888000000000005,50.64821432813039,21.0
-1,-153.97885677864417,18.01280351851848,68.0,93.60000000000004,60.378856778644106,21.0
-1,-152.64062993985823,11.659958379629623,64.0,96.28800000000004,56.35262993985818,25.0
-1,-80.17458987221691,15.82465559259258,39.0,47.13600000000001,33.0385898722169,15.0
-1,-90.94669438068368,15.401439504629604,49.0,57.50400000000002,33.44269438068366,16.0
-1,-123.73135981845496,20.15651787037032,60.0,73.82400000000003,49.907359818454935,18.0
-1,-113.9310343692626,19.06038494444442,55.0,57.98400000000002,55.94703436926256,20.0
-1,-83.22212804292643,16.201268777777774,48.0,56.06400000000002,27.158128042926403,15.0
-1,-90.98400206809784,14.151887458333333,44.0,46.75200000000002,44.23200206809784,22.0
-1,-93.11828280736115,14.16485473611112,47.0,47.616,45.502282807361176,21.0
-1,-104.19221334051474,15.567642148148137,46.0,54.14400000000002,50.04821334051472,23.0
-1,-108.27614981795163,14.305591944444412,43.0,60.96000000000003,47.31614981795161,21.0
-1,-100.73744916970983,14.615951162037028,48.0,59.61600000000003,41.121449169709805,20.0
-1,-86.3662731021328,16.93667853240739,47.0,49.920000000000016,36.44627310213279,19.0
-1,-83.26166020755322,16.562798462962956,41.0,45.21600000000001,38.04566020755321,20.0
-1,-97.02635112683944,15.072475287037015,41.0,48.768000000000015,48.25835112683943,23.0
-1,-74.09930958033972,14.40706701388888,46.0,51.648000000000025,22.451309580339696,11.0
-1,-115.16340902973133,16.08442431018517,55.0,61.248000000000026,53.91540902973129,23.0
-1,-99.36561981443,15.202255796296294,46.0,56.83200000000003,42.53361981442998,20.0
-1,-109.43490000362458,12.911053453703728,48.0,55.00800000000002,54.42690000362455,23.0
-1,-88.08670985109254,17.492091953703675,43.0,44.06400000000001,44.022709851092536,20.0
-1,-120.51453969197593,19.64868898148143,54.0,63.84000000000003,56.6745396919759,20.0
-1,-101.54260533612178,17.244290074074037,44.0,55.77600000000001,45.76660533612177,19.0
-1,-137.15433340545388,15.17871598148147,52.0,65.76000000000003,71.39433340545385,26.0
-1,-95.12622244342174,13.91239628703704,45.0,51.26400000000001,43.86222244342172,21.0
-1,-169.92198906753933,18.272334722222126,73.0,109.63200000000006,60.28998906753927,24.0
-1,-93.5387400215889,17.17175241666665,52.0,60.38400000000002,33.15474002158887,16.0
-1,-106.2274782169164,16.44058235648145,50.0,56.54400000000003,49.68347821691637,20.0
-1,-98.6220347188522,11.038559504629625,47.0,56.64000000000003,41.98203471885218,22.0
-1,-123.3962242381366,18.439899740740685,54.0,64.03200000000002,59.36422423813657,21.0
-1,-92.31695910101274,19.18546496759259,50.0,52.12800000000003,40.18895910101272,18.0
-1,-81.69182398466776,12.458426611111118,38.0,43.104000000000006,38.58782398466776,20.0
-1,-91.28602083989892,13.548196222222224,41.0,51.648000000000025,39.63802083989889,22.0
-1,-90.70370316938804,14.49223340740739,46.0,50.68800000000001,40.01570316938802,19.0
-1,-96.83997373288224,19.91703749537032,48.0,56.06400000000002,40.77597373288223,19.0
-1,-94.00733055247842,20.732249425925893,49.0,50.01600000000002,43.9913305524784,18.0
-1,-90.59921109857638,16.20699022685184,44.0,50.68800000000002,39.91121109857636,17.0
-1,-87.4334045723782,17.20702972685184,40.0,43.488,43.9454045723782,20.0
-1,-91.18598478769404,13.134137282407409,43.0,51.74400000000002,39.441984787694025,19.0
-1,-70.67593023655007,13.170079888888887,34.0,36.096,34.57993023655007,18.0
-1,-98.16152051055468,16.87601091666667,48.0,49.344000000000015,48.81752051055465,22.0
-1,-89.95800784711173,19.885442023148105,48.0,59.23200000000001,30.726007847111724,16.0
-1,-83.95934577588817,13.914067513888872,44.0,52.12800000000001,31.831345775888163,18.0
-1,-108.2481069597591,16.11986032407406,50.0,57.312000000000026,50.93610695975907,21.0
-1,-84.76136651210196,16.31750883796295,43.0,48.28800000000002,36.47336651210194,19.0
-1,-112.03425673906614,16.14762553703701,46.0,57.696000000000026,54.33825673906612,24.0
-1,-85.61546662155402,13.724880824074074,48.0,51.64800000000001,33.96746662155401,19.0
-1,-98.68294309381692,16.72897518981483,55.0,58.08000000000001,40.60294309381691,18.0
-1,-108.80707764387454,26.06779317592584,60.0,59.04000000000002,49.76707764387452,19.0
-1,-90.81897078345108,17.05551511111106,51.0,57.98400000000002,32.834970783451055,18.0
-1,-94.53031285598612,14.532983592592606,46.0,55.968000000000025,38.56231285598611,21.0
-1,-114.4466136550488,18.38090624074068,49.0,66.52800000000003,47.91861365504875,20.0
-1,-102.5459849331049,21.509298421296226,51.0,56.25600000000002,46.28998493310488,18.0
-1,-90.31103155220464,17.43431462037035,46.0,51.84000000000002,38.47103155220462,17.0
-1,-109.0283835766118,20.197902879629574,49.0,58.27200000000003,50.756383576611775,21.0
-1,-81.92251285248437,16.01205884722224,38.0,44.73600000000001,37.18651285248437,20.0
-1,-92.35543342213928,13.341154888888871,47.0,56.736000000000026,35.61943342213925,17.0
-1,-102.97473012603656,19.464279379629588,51.0,65.76000000000002,37.21473012603652,17.0
-1,-96.34765578661155,13.62357730555556,47.0,57.50400000000002,38.84365578661156,23.0
-1,-86.70187353710165,16.638099884259272,50.0,53.568000000000026,33.13387353710162,13.0
-1,-111.89520699126626,19.71850024537028,49.0,58.464000000000034,53.43120699126622,21.0
-1,-103.31816978884105,15.417164787037002,53.0,64.89600000000003,38.42216978884101,17.0
-1,-101.40689084205891,19.842704412036976,47.0,53.66400000000002,47.74289084205889,20.0
-1,-119.45011107619136,15.154652939814795,57.0,77.37600000000005,42.07411107619132,20.0
-1,-97.70986226928594,18.29616301851848,48.0,54.04800000000002,43.66186226928591,19.0
-1,-89.14053178797387,17.434408958333297,45.0,54.240000000000016,34.900531787973854,18.0
-1,-93.5744577418901,19.407687287036985,45.0,51.45600000000002,42.11845774189008,21.0
-1,-103.42296049512528,19.25033250925921,53.0,61.824000000000034,41.59896049512524,19.0
-1,-92.6480931934134,17.96618292592588,45.0,53.28000000000002,39.36809319341338,21.0
-1,-110.59588634737317,16.13729608796293,52.0,62.97600000000004,47.619886347373125,24.0
-1,-85.37084884792384,15.204179763888876,51.0,59.80800000000002,25.562848847923824,12.0
-1,-84.94613011969663,12.01876812962963,37.0,48.960000000000015,35.98613011969662,18.0
-1,-74.14290389594967,15.999251375,38.0,43.968,30.17490389594968,18.0
-1,-105.76918060692188,14.020143981481462,44.0,59.71200000000002,46.057180606921854,24.0
-1,-128.90812771828018,13.606739828703692,52.0,69.12000000000003,59.78812771828015,21.0
-1,-100.43930092048372,17.508339787036995,50.0,59.904000000000025,40.53530092048371,19.0
-1,-88.24004201863045,12.024601532407424,42.0,56.06400000000002,32.17604201863042,20.0
-1,-84.84194873146333,13.371816694444426,35.0,44.928,39.91394873146333,21.0
-1,-104.3659885444656,18.6136520833333,50.0,64.89600000000003,39.46998854446559,19.0
-1,-122.96368133454916,13.687459217592576,55.0,75.74400000000004,47.21968133454913,23.0
-1,-88.16510689142248,14.702106375000008,41.0,49.63200000000001,38.53310689142247,23.0
-1,-99.25666554939112,18.0073871435185,47.0,51.45600000000002,47.80066554939112,23.0
-1,-88.41017548252111,16.923322606481456,49.0,48.864,39.54617548252111,19.0
-1,-104.094430719243,16.110852560185144,44.0,56.06400000000002,48.03043071924298,24.0
-1,-92.15473417933434,10.62561690277777,47.0,56.16000000000001,35.99473417933433,18.0
-1,-164.25759997548647,15.600468972222206,72.0,106.27200000000006,57.9855999754864,22.0
-1,-130.8740250859481,12.37263849999997,57.0,74.40000000000003,56.474025085948064,22.0
-1,-177.2820030000023,17.193584509259193,75.0,120.86400000000008,56.418003000002216,23.0
-1,-128.78719006974717,17.106974365740722,50.0,64.22400000000003,64.56319006974712,24.0
-1,-93.45761033514606,20.882886736111026,46.0,52.32000000000002,41.13761033514604,19.0
-1,-118.120755032264,15.11402184722222,47.0,55.48800000000003,62.63275503226395,23.0
-1,-76.04841639683431,13.96870670833334,48.0,42.144000000000005,33.9044163968343,20.0
-1,-115.44823957851708,16.058405273148136,53.0,70.75200000000002,44.69623957851705,23.0
-1,-110.52993825762164,14.840978175925937,45.0,54.240000000000016,56.28993825762164,24.0
-1,-87.36084834489628,13.355023013888884,49.0,46.17600000000002,41.18484834489626,22.0
-1,-108.20856708664178,19.902664935185125,56.0,66.81600000000003,41.39256708664176,19.0
-1,-93.6255059572795,16.672412407407432,43.0,50.88000000000002,42.74550595727948,21.0
-1,-100.60725050120962,19.475148694444407,49.0,59.32800000000003,41.27925050120958,21.0
-1,-98.32128383410596,24.903660069444395,49.0,57.98400000000002,40.33728383410593,16.0
-1,-101.07773623540464,19.050450263888838,45.0,48.86400000000002,52.21373623540462,21.0
-1,-74.21778272643661,18.389564287037,46.0,52.224000000000025,21.993782726436592,14.0
-1,-100.07434729959256,16.772607037037012,44.0,52.896000000000015,47.17834729959254,22.0
-1,-87.27519354614088,17.07140687962962,46.0,42.624,44.65119354614088,21.0
-1,-85.40531324609069,24.69460724537032,51.0,53.856000000000016,31.549313246090662,17.0
-1,-105.58882695603282,21.360832412036952,53.0,56.544000000000025,49.0448269560328,22.0
-1,-95.42824067973784,19.85396451388885,45.0,44.54400000000001,50.88424067973783,20.0
-1,-112.66152137146128,17.036727180555506,51.0,57.40800000000002,55.25352137146125,22.0
-1,-131.31874632925536,19.39961884722212,62.0,84.76800000000004,46.55074632925533,20.0
-1,-109.45075486081566,18.639269564814764,49.0,56.544000000000025,52.90675486081563,22.0
-1,-143.4791602390683,18.31091936111104,58.0,70.65600000000003,72.82316023906827,23.0
-1,-90.14097099547013,20.1176443518518,52.0,48.67200000000002,41.46897099547012,18.0
-1,-101.53450123709663,16.275409768518514,58.0,56.16000000000002,45.374501237096624,22.0
-1,-110.44376251981632,16.293682115740708,50.0,53.95200000000002,56.49176251981631,24.0
-1,-127.7107196957176,18.545846171296212,55.0,72.00000000000003,55.71071969571757,22.0
-1,-78.50224979256306,16.152293972222218,46.0,48.960000000000015,29.54224979256305,17.0
-1,-115.02967800491402,15.812954749999983,53.0,56.25600000000002,58.773678004914,22.0
-1,-100.57997468171416,12.2908652962963,46.0,63.45600000000002,37.12397468171413,22.0
-1,-96.29673489588292,13.208405976851846,42.0,48.384000000000015,47.912734895882906,22.0
-1,-122.87729089600612,17.32336521759257,57.0,69.60000000000004,53.27729089600608,23.0
-1,-81.55185169595214,18.13919469907404,43.0,50.20800000000001,31.34385169595213,17.0
-1,-128.50185424177357,12.580284620370376,46.0,58.46400000000003,70.03785424177356,27.0
-1,-81.88555097752457,14.56892056944442,54.0,59.80800000000002,22.07755097752455,14.0
-1,-96.77049577600926,14.177511083333336,49.0,64.41600000000003,32.35449577600922,17.0
-1,-83.15150173452606,12.5083671388889,39.0,50.59200000000002,32.559501734526044,21.0
-1,-79.45081898756592,13.76283851388888,43.0,54.432000000000016,25.018818987565915,15.0
-1,-80.18921182474936,16.591623134259248,43.0,51.360000000000014,28.829211824749347,16.0
-1,-145.92518269140837,17.104650361111073,61.0,95.13600000000004,50.78918269140831,20.0
-1,-103.71721314093162,15.379849412037018,47.0,61.92000000000003,41.79721314093158,20.0
-1,-99.87556168779643,17.108865759259235,42.0,49.05600000000002,50.81956168779644,19.0
-1,-103.75636759203532,21.250384620370284,54.0,55.20000000000002,48.55636759203532,23.0
-1,-91.89849490216918,20.56189768055551,44.0,52.22400000000002,39.674494902169165,19.0
-1,-135.6755361110255,15.38641206944443,56.0,74.49600000000004,61.17953611102546,24.0
-1,-74.99155650343562,10.898521166666685,38.0,42.912000000000006,32.07955650343562,18.0
-1,-96.3696811847768,18.537844527777757,56.0,62.97600000000004,33.393681184776774,18.0
-1,-84.14423973217565,14.956442555555528,44.0,53.66400000000001,30.48023973217564,18.0
-1,-102.33016975577654,15.600655768518475,45.0,53.95200000000001,48.378169755776526,24.0
-1,-87.1498436077328,21.03621591666665,50.0,49.24800000000002,37.90184360773279,17.0
-1,-84.9636203000372,14.30241604166667,42.0,45.40800000000001,39.55562030003719,20.0
-1,-103.0162369054204,16.5778028472222,48.0,50.01600000000002,53.0002369054204,23.0
-1,-101.97612176394787,16.364450041666643,44.0,45.69600000000001,56.28012176394787,23.0
-1,-67.60469413689759,9.429133847222245,31.0,36.38400000000001,31.220694136897592,22.0
-1,-87.03644100152073,16.378615740740745,38.0,44.35200000000001,42.68444100152072,21.0
-1,-94.90363948848466,15.616181351851846,44.0,48.38400000000002,46.51963948848464,22.0
-1,-92.10620990857748,21.131654874999995,48.0,50.49600000000002,41.61020990857746,17.0
-1,-85.42743824212461,13.72602692129629,41.0,48.576000000000015,36.851438242124594,21.0
-1,-120.48600569762316,20.023279953703664,55.0,67.29600000000002,53.19000569762316,23.0
-1,-98.20161722716703,17.513848064814788,49.0,57.312000000000026,40.88961722716703,18.0
-1,-99.7455604788694,10.967261638888877,41.0,54.24000000000002,45.50556047886938,25.0
-1,-91.82360532537705,12.134106402777762,36.0,49.05600000000001,42.76760532537701,23.0
-1,-90.48486408433216,19.46676637037032,46.0,55.20000000000002,35.284864084332135,17.0
-1,-76.35480160229017,18.24308666666666,46.0,45.984000000000016,30.37080160229016,15.0
-1,-111.53985540098516,21.430139162036973,51.0,59.04000000000002,52.49985540098514,21.0
-1,-109.22238930784104,17.90821045370366,48.0,53.56800000000002,55.65438930784101,24.0
-1,-123.46130118405851,21.55151681481476,58.0,62.59200000000003,60.86930118405851,20.0
-1,-105.81293899518369,16.087457976851834,47.0,54.62400000000002,51.18893899518368,23.0
-1,-104.18887341125114,15.0192528009259,51.0,66.91200000000003,37.2768734112511,20.0
-1,-84.48892534456209,21.90705524537034,48.0,52.80000000000002,31.68892534456207,14.0
-1,-86.33893256222345,19.11362316666663,41.0,45.792000000000016,40.54693256222343,20.0
-1,-98.77959950980468,15.096962462962962,48.0,55.29600000000003,43.48359950980466,23.0
-1,-120.48593216789196,19.11598086574072,58.0,64.70400000000004,55.7819321678919,21.0
-1,-137.77602440359618,22.43077648611103,73.0,94.56000000000006,43.21602440359612,18.0
-1,-81.63111619824876,18.893390745370336,48.0,53.08800000000002,28.54311619824874,17.0
-1,-124.78981279772104,11.515589074074072,51.0,64.03200000000002,60.757812797721016,26.0
-1,-97.2128814540283,21.521242601851792,54.0,54.33600000000002,42.876881454028286,19.0
-1,-94.46192011166804,13.038337143518524,44.0,47.328,47.13392011166804,25.0
-1,-89.70919627759145,20.020446712962947,46.0,49.92000000000001,39.78919627759144,16.0
-1,-85.97573995968568,19.06599874074067,47.0,48.09600000000002,37.87973995968567,20.0
-1,-89.93270234055059,16.047899393518517,44.0,49.34400000000002,40.58870234055057,21.0
-1,-105.08227202166672,15.910776763888885,49.0,52.608000000000025,52.4742720216667,23.0
-1,-87.77458962858364,14.581637722222233,38.0,40.224,47.55058962858363,22.0
-1,-83.67423140055092,14.613076949074078,42.0,42.91200000000001,40.76223140055092,21.0
-1,-103.45345116917191,16.82642043518516,48.0,56.64000000000002,46.8134511691719,21.0
-1,-90.5784432460848,15.920452199074049,46.0,57.792000000000016,32.78644324608477,16.0
-1,-96.73363377821158,12.99025478703702,38.0,46.27200000000002,50.46163377821157,24.0
-1,-91.96195096435856,11.56313830092593,36.0,44.544,47.41795096435855,24.0
-1,-128.66189310705076,17.24072701851846,55.0,68.25600000000003,60.40589310705074,25.0
-1,-114.6344818083168,17.910177444444408,55.0,70.94400000000002,43.690481808316775,19.0
-1,-75.86471901472689,17.49248949537034,49.0,49.92000000000001,25.94471901472688,16.0
-1,-93.14632863820157,13.905466458333333,42.0,49.728000000000016,43.41832863820154,22.0
-1,-117.1924291148804,16.873968578703657,51.0,54.52800000000002,62.66442911488039,25.0
-1,-87.88149418985802,15.584875597222222,45.0,47.32800000000001,40.55349418985801,22.0
-1,-82.16447527144929,22.071555430555453,47.0,48.96000000000001,33.20447527144928,17.0
-1,-89.48298617836795,15.41297186111111,44.0,52.22400000000001,37.25898617836794,18.0
-1,-101.5874485503859,17.189113083333336,45.0,49.44000000000001,52.14744855038589,21.0
-1,-107.17645765199477,13.460041347222209,46.0,58.17600000000002,49.00045765199473,25.0
-1,-101.27753964225212,12.956529865740729,42.0,51.64800000000002,49.62953964225209,26.0
-1,-90.97199651855766,11.678777865740743,40.0,44.35200000000001,46.61999651855764,22.0
-1,-78.75722562544868,12.627592268518518,45.0,56.06400000000003,22.69322562544866,14.0
-1,-87.90213725556086,16.143606800925923,43.0,45.02400000000001,42.87813725556086,22.0
-1,-93.71315936045777,19.342879449074047,45.0,55.68000000000002,38.03315936045774,17.0
-1,-94.51792120015016,15.066644810185178,50.0,61.34400000000004,33.17392120015012,17.0
-1,-95.21194892972449,15.263464759259238,46.0,54.24000000000002,40.97194892972445,19.0
-1,-133.89812146762063,19.074851833333256,60.0,76.32000000000004,57.5781214676206,22.0
-1,-94.71098376697717,19.56862310648144,46.0,51.84000000000002,42.87098376697716,20.0
-1,-115.30310790645666,20.38213598148143,53.0,64.70400000000002,50.599107906456645,18.0
-1,-261.64771313264686,11.921084777777768,119.0,193.82400000000013,67.82371313264672,24.0
-1,-100.70777282520388,21.180298032407364,48.0,50.304000000000016,50.40377282520386,21.0
-1,-84.14401211464595,18.6816796759259,46.0,47.616000000000014,36.52801211464593,18.0
-1,-86.61596934262744,15.83632152314817,42.0,45.79200000000002,40.82396934262742,18.0
-1,-88.10940534989058,19.701102791666617,43.0,43.87200000000001,44.237405349890565,21.0
-1,-82.62872881427515,17.358871907407387,40.0,52.416,30.212728814275152,15.0
-1,-116.15045295323424,21.7582086712962,63.0,68.64000000000003,47.51045295323421,21.0
-1,-95.97649892442293,16.575822203703694,51.0,43.680000000000014,52.29649892442289,24.0
-1,-94.5961289108325,17.294690615740727,46.0,54.72000000000002,39.87612891083248,17.0
-1,-103.31148870583324,15.348762115740715,45.0,58.84800000000003,44.463488705833214,22.0
-1,-89.57777929192977,12.412622750000006,43.0,47.232000000000006,42.345779291929766,21.0
-1,-104.33900462307636,18.973173467592574,52.0,49.24800000000002,55.09100462307635,22.0
-1,-88.33191826735143,11.880860958333338,43.0,42.33600000000001,45.99591826735142,20.0
-1,-94.07049681599024,16.527194546296304,50.0,50.68800000000002,43.38249681599022,19.0
-1,-82.52776618494887,14.492534796296304,41.0,44.256000000000014,38.27176618494886,18.0
-1,-107.21408699448378,18.572856018518458,61.0,75.07200000000005,32.142086994483726,18.0
-1,-170.9132287012145,16.755800425925866,70.0,100.41600000000008,70.49722870121444,26.0
-1,-85.13942969288979,13.23578671759259,43.0,47.71200000000002,37.427429692889774,22.0
-1,-133.37047463915707,16.48911049537033,52.0,67.48800000000003,65.88247463915702,25.0
-1,-118.14883643685184,19.839947773148065,53.0,63.64800000000003,54.500836436851806,21.0
-1,-102.4317351095877,10.499004263888883,45.0,50.88000000000002,51.55173510958769,26.0
-1,-183.6924994464657,20.086168981481386,94.0,129.50400000000008,54.18849944646559,20.0
-1,-82.70624016838217,16.239279749999998,43.0,43.296000000000014,39.41024016838215,19.0
-1,-101.76489074864696,15.499375499999983,42.0,45.79200000000001,55.97289074864696,24.0
-1,-81.20492923558231,11.440327513888889,40.0,44.352,36.85292923558232,19.0
-1,-92.68436259160045,23.171302009259172,47.0,49.63200000000002,43.05236259160043,19.0
-1,-91.90067178480868,24.593746166666605,53.0,56.44800000000003,35.45267178480866,16.0
-1,-97.00211164872262,18.15909517592592,52.0,48.19200000000001,48.81011164872261,21.0
-1,-85.41867915162149,11.653992736111109,49.0,50.88000000000002,34.53867915162148,18.0
-1,-94.11580176575151,16.039913527777784,46.0,44.832,49.28380176575152,23.0
-1,-91.57397309737362,21.53404862499996,50.0,52.89600000000002,38.6779730973736,16.0
-1,-78.94885924043088,17.60970374999998,54.0,50.20800000000002,28.740859240430854,16.0
-1,-98.79613627667445,16.403414287037016,41.0,49.44000000000002,49.35613627667443,23.0
-1,-84.33794775575794,16.241868115740715,49.0,55.296000000000014,29.04194775575793,18.0
-1,-87.82753282444251,16.0903056574074,42.0,51.36000000000002,36.46753282444249,17.0
-1,-123.02883018120878,14.105899578703696,50.0,59.32800000000002,63.70083018120876,26.0
-1,-96.8783887858802,13.731012226851863,42.0,47.23200000000001,49.64638878588017,24.0
-1,-84.26244410985748,14.55038114351853,38.0,43.77600000000002,40.48644410985746,19.0
-1,-90.7743000486069,12.187865740740728,41.0,47.71200000000002,43.06230004860689,21.0
-1,-98.13718695276566,17.860433541666637,54.0,59.13600000000002,39.00118695276564,20.0
-1,-75.964122185188,10.645555009259258,36.0,45.31200000000001,30.652122185187988,15.0
-1,-142.9696946886353,18.729713476851767,61.0,81.98400000000004,60.98569468863525,24.0
-1,-83.97468774602687,14.20486487500002,41.0,46.27200000000001,37.70268774602686,19.0
-1,-74.6000353160743,10.840628601851876,37.0,39.84000000000001,34.76003531607428,21.0
-1,-94.60231023658952,17.07687366666662,50.0,59.80800000000002,34.7943102365895,19.0
-1,-103.8272039831328,14.04898719444445,41.0,45.69600000000001,58.13120398313277,25.0
-1,-97.6903595496416,15.684122476851853,56.0,66.52800000000002,31.1623595496416,15.0
-1,-91.59074451200324,16.736824333333335,47.0,52.12800000000002,39.46274451200322,20.0
-1,-151.64745108965678,13.725569166666665,54.0,77.76000000000003,73.88745108965676,26.0
-1,-113.56562817428252,16.973786689814773,46.0,57.50400000000002,56.06162817428249,25.0
-1,-102.56768510334784,11.951285074074075,35.0,47.23200000000002,55.33568510334781,26.0
-1,-113.53153892510704,13.436930120370336,49.0,64.89600000000003,48.63553892510701,23.0
-1,-84.76244977357393,10.897130402777798,50.0,53.18400000000002,31.578449773573908,18.0
-1,-85.5366795462412,18.55383749999998,45.0,52.60800000000001,32.9286795462412,18.0
-1,-99.31414454757495,16.80268094444442,43.0,45.504000000000005,53.81014454757495,23.0
-1,-140.39000372348778,18.2718972777777,57.0,70.27200000000003,70.11800372348776,25.0
-1,-100.81259005231897,15.690327749999993,48.0,56.06400000000002,44.74859005231895,24.0
-1,-126.96573732997096,13.605596523148169,50.0,56.44800000000002,70.51773732997093,24.0
-1,-87.48091691337625,17.107594314814794,45.0,50.59200000000002,36.88891691337623,16.0
-1,-90.8955494464248,16.77049795370368,44.0,58.46400000000003,32.431549446424775,18.0
-1,-110.52617306120138,14.666267254629618,49.0,59.616000000000014,50.91017306120136,22.0
-1,-107.94608157716594,13.309260986111097,44.0,53.472000000000016,54.474081577165926,24.0
-1,-97.0570621378715,15.684480759259252,44.0,49.632000000000005,47.425062137871485,23.0
-1,-87.87096365631115,15.74756423611108,38.0,44.25600000000001,43.61496365631115,24.0
-1,-84.7616227098604,18.07541844907404,46.0,52.89600000000002,31.86562270986039,15.0
-1,-97.57497829135716,19.63271282407404,46.0,52.32000000000002,45.25497829135714,20.0
-1,-77.08089496966082,13.487910671296284,41.0,52.03200000000002,25.048894969660804,15.0
-1,-88.91782931424534,15.558541837962968,39.0,42.720000000000006,46.19782931424533,21.0
-1,-88.8344911692497,20.673379893518497,48.0,54.04800000000002,34.786491169249686,14.0
-1,-101.97405565380063,18.967076916666645,47.0,51.74400000000003,50.230055653800605,18.0
-1,-78.68918881642718,11.690917365740738,38.0,50.112000000000016,28.577188816427164,18.0
-1,-83.58761741138251,17.70723033333331,50.0,57.12000000000002,26.46761741138249,13.0
-1,-108.00973587148084,15.093853143518496,41.0,57.02400000000002,50.98573587148082,21.0
-1,-88.6553110122741,13.998504083333346,38.0,42.24,46.4153110122741,19.0
-1,-92.12954478073245,14.806568324074076,43.0,52.608000000000025,39.52154478073241,23.0
-1,-85.18414000783875,11.369291097222222,39.0,45.60000000000001,39.58414000783874,21.0
-1,-116.7283057565012,14.97859016203704,46.0,58.46400000000002,58.2643057565012,23.0
-1,-101.41596252253748,12.15751124074075,47.0,47.808000000000014,53.607962522537456,25.0
-1,-105.22913585437595,21.889635810185105,50.0,57.60000000000002,47.62913585437593,20.0
-1,-94.91972148977548,13.260834513888874,40.0,51.07200000000002,43.84772148977545,23.0
-1,-86.8877609882584,14.853554944444436,42.0,46.08000000000002,40.80776098825838,21.0
-1,-91.99947304118707,19.80989864814811,48.0,54.91200000000001,37.087473041187074,17.0
-1,-104.58520335365948,18.768867407407377,43.0,56.44800000000002,48.13720335365946,18.0
-1,-170.8059301927991,18.11944397222215,65.0,102.52800000000006,68.27793019279906,24.0
-1,-97.27220445488754,15.696355208333312,39.0,46.75200000000001,50.52020445488753,23.0
-1,-79.18027604861324,16.760581675925938,43.0,43.968,35.212276048613234,15.0
-1,-102.01985159297531,13.66839668518517,41.0,51.84000000000002,50.17985159297531,22.0
-1,-103.8891411262528,15.784722874999986,40.0,52.60800000000002,51.281141126252784,24.0
-1,-95.04360513362494,12.317123513888886,45.0,56.73600000000002,38.307605133624925,23.0
-1,-96.26478134939184,17.988306347222192,44.0,51.552000000000014,44.71278134939185,20.0
-1,-102.48128634028495,19.48185133796291,53.0,62.97600000000004,39.50528634028491,14.0
-1,-98.95759121208178,18.337964638888856,46.0,51.45600000000002,47.50159121208177,23.0
-1,-149.1345440816313,16.71332914814811,63.0,80.25600000000004,68.87854408163126,24.0
-1,-103.66040584698436,15.276370592592574,41.0,54.048000000000016,49.612405846984345,22.0
-1,-89.85566447866327,11.325892837962964,41.0,48.09600000000002,41.75966447866326,22.0
-1,-91.5830605387502,17.769091787037006,43.0,52.51200000000002,39.07106053875019,20.0
-1,-73.09845442184661,15.427965824074066,40.0,43.77600000000001,29.322454421846597,18.0
-1,-96.25506475227292,12.63047550462962,32.0,48.960000000000015,47.295064752272914,23.0
-1,-92.4147112684306,20.47464545370365,44.0,50.88000000000002,41.53471126843058,16.0
-1,-147.17140682460058,18.64950831944436,59.0,83.04000000000005,64.13140682460053,20.0
-1,-90.81372818813622,18.386661046296265,44.0,51.26400000000002,39.54972818813621,19.0
-1,-99.38732028211282,18.691420851851817,47.0,55.77600000000002,43.61132028211281,19.0
-1,-99.87794590577938,16.29023995833331,38.0,43.968,55.90994590577938,23.0
-1,-93.1449551326372,13.487207226851844,40.0,48.09600000000002,45.048955132637175,23.0
-1,-91.31576145676874,16.399704074074066,47.0,47.52,43.79576145676874,19.0
-1,-119.68805534771217,16.485341740740697,49.0,61.82400000000002,57.86405534771213,24.0
-1,-75.70693131091724,11.85158314814815,40.0,49.92000000000002,25.786931310917225,17.0
-1,-116.99680472382931,18.70551821296293,55.0,59.80800000000003,57.1888047238293,20.0
-1,-85.22269255586366,14.09420024537035,40.0,52.41600000000002,32.80669255586364,18.0
-1,-124.88053476210948,16.539307708333286,50.0,68.06400000000004,56.81653476210944,24.0
-1,-143.25868192642278,17.959742138888807,59.0,90.72000000000006,52.538681926422726,20.0
-1,-102.8529217376174,20.52293677777772,54.0,58.46400000000002,44.3889217376174,19.0
-1,-105.49485487667448,15.23402525925924,46.0,65.56800000000003,39.92685487667446,19.0
-1,-83.68484506493148,18.25916579166663,49.0,56.54400000000001,27.140845064931472,15.0
-1,-101.46144116139772,17.204241833333306,50.0,56.64000000000003,44.82144116139769,21.0
-1,-118.4648698749742,14.465125046296276,47.0,59.13600000000002,59.32886987497419,23.0
-1,-126.32305291807828,16.526574708333293,53.0,66.04800000000003,60.275052918078245,22.0
-1,-92.12096705328707,17.804964671296286,40.0,45.98400000000001,46.13696705328706,21.0
-1,-93.1880151748526,16.00951557870371,46.0,48.576000000000015,44.6120151748526,22.0
-1,-79.27251013507947,15.141338310185176,37.0,43.10400000000001,36.16851013507945,16.0
-1,-105.30868789281276,22.70157815740737,54.0,56.44800000000002,48.86068789281276,18.0
-1,-89.8665692641097,8.062223634259272,33.0,40.416,49.45056926410969,26.0
-1,-79.32378446976757,15.379594041666676,45.0,44.64000000000001,34.683784469767566,17.0
-1,-105.69241650761346,15.946519328703689,50.0,52.12800000000002,53.56441650761344,22.0
-1,-96.78207591347751,15.165880421296263,40.0,51.64800000000002,45.13407591347749,22.0
-1,-108.95219183240444,14.662727615740748,45.0,49.53600000000001,59.41619183240444,25.0
-1,-85.84497498341585,13.782784379629636,41.0,47.32800000000002,38.51697498341584,20.0
-1,-138.71449466147806,17.65688719444437,56.0,73.15200000000003,65.56249466147803,22.0
-1,-81.16617462091715,11.729065750000013,32.0,39.55200000000001,41.61417462091714,21.0
-1,-106.48005958431644,19.2666423703703,45.0,52.41600000000002,54.06405958431643,22.0
-1,-113.12901397443744,18.6065168796296,55.0,57.31200000000002,55.81701397443741,20.0
-1,-72.23818113483166,18.65178297685181,38.0,42.62400000000001,29.614181134831654,16.0
-1,-136.59246442474475,17.765746611111027,58.0,79.68000000000005,56.91246442474471,23.0
-1,-87.7943951802045,17.366359893518524,46.0,50.40000000000001,37.3943951802045,17.0
-1,-107.85025599713488,13.470337356481467,50.0,59.52000000000002,48.33025599713484,23.0
-1,-92.40365168103656,19.119937083333344,44.0,48.28800000000002,44.11565168103654,20.0
-1,-111.68992027589556,11.298645615740744,42.0,50.304000000000016,61.38592027589556,26.0
-1,-96.04463372251888,20.35322971759252,47.0,52.800000000000026,43.24463372251886,19.0
-1,-70.4684694561216,14.662841925925914,40.0,36.19200000000001,34.27646945612158,19.0
-1,-115.3307609029266,15.09226271759256,48.0,56.44800000000002,58.88276090292658,24.0
-1,-75.19900747979875,14.925182412037037,37.0,32.83200000000001,42.36700747979874,22.0
-1,-91.53287560641212,23.25658224074066,53.0,55.968000000000025,35.564875606412095,17.0
-1,-140.76921574186298,22.385706791666557,61.0,69.12000000000003,71.64921574186296,22.0
-1,-92.36220790124668,15.218842689814776,43.0,52.70400000000002,39.65820790124665,21.0
-1,-106.73294143535848,20.50205743518509,54.0,70.17600000000003,36.55694143535845,19.0
-1,-101.7494687181205,19.905431550925865,54.0,62.97600000000003,38.77346871812047,17.0
-1,-96.51674524792097,13.86549260185184,36.0,45.79200000000001,50.72474524792094,24.0
-1,-88.28625060869219,14.884326009259231,41.0,50.59200000000001,37.69425060869217,22.0
-1,-89.91584626639892,14.265184129629628,44.0,49.34400000000001,40.571846266398914,21.0
-1,-96.09984628899522,14.010501782407411,41.0,43.96800000000001,52.13184628899521,21.0
-1,-93.54896648767922,18.88984239814814,48.0,54.14400000000002,39.4049664876792,19.0
-1,-79.35747407843219,17.029732902777745,43.0,51.93600000000002,27.42147407843217,16.0
-1,-121.82929062202508,19.56545914814809,64.0,81.12000000000003,40.70929062202505,17.0
-1,-111.72550710491952,15.34631278240742,49.0,54.52800000000002,57.19750710491952,23.0
-1,-144.66234929634345,19.80394537962957,58.0,81.69600000000004,62.9663492963434,21.0
-1,-93.47679062331756,19.789968273148094,54.0,62.784000000000034,30.692790623317524,14.0
-1,-88.21281860256437,15.348675245370378,36.0,41.47200000000001,46.74081860256436,20.0
-1,-119.26859266486709,18.91215709259252,53.0,65.28000000000003,53.98859266486704,21.0
-1,-97.03954011303787,13.044501365740718,41.0,48.28800000000001,48.751540113037855,24.0
-1,-77.80154694787879,13.24072586111109,34.0,43.392,34.40954694787878,19.0
-1,-100.95714951327676,23.49956951851846,50.0,51.64800000000002,49.309149513276736,20.0
-1,-113.54466242504506,16.57183441666664,48.0,58.65600000000001,54.888662425045055,20.0
-1,-91.60722743817551,19.48920094444438,44.0,50.40000000000001,41.2072274381755,20.0
-1,-86.47468650717711,17.82471719444443,44.0,46.176000000000016,40.298686507177095,21.0
-1,-112.046321087536,24.124197768518485,64.0,62.01600000000002,50.030321087536,18.0
-1,-110.61137197387794,16.601871712962954,43.0,54.91200000000002,55.69937197387791,21.0
-1,-84.49186928539075,12.91681334722224,37.0,37.056,47.43586928539075,24.0
-1,-93.06680334225676,19.223146810185124,42.0,48.960000000000015,44.106803342256725,23.0
-1,-97.52398200447522,14.830333976851849,50.0,60.96000000000002,36.56398200447519,22.0
-1,-95.18889972321826,15.08852345833334,48.0,53.856000000000016,41.33289972321824,20.0
-1,-115.83622047491896,19.011093912036955,44.0,52.512000000000015,63.32422047491893,21.0
-1,-155.86474563420228,20.03811632407398,69.0,107.90400000000008,47.96074563420223,18.0
-1,-73.05042261133136,12.41241918055556,35.0,40.70400000000001,32.34642261133136,20.0
-1,-118.15829140650423,18.512787939814743,56.0,65.76000000000002,52.39829140650423,20.0
-1,-70.60010102973123,20.1902850972222,48.0,43.48800000000001,27.11210102973122,14.0
-1,-101.33852277924156,15.930461967592588,46.0,58.75200000000003,42.58652277924154,19.0
-1,-89.40401895205802,17.33829487037036,38.0,43.96800000000001,45.436018952058014,20.0
-1,-128.4607245148094,16.892396800925866,54.0,59.80800000000002,68.65272451480935,26.0
-1,-97.58340711676894,20.71180100462956,47.0,53.47200000000002,44.11140711676892,20.0
-1,-128.3928643625996,17.1597503842592,53.0,73.15200000000003,55.24086436259958,22.0
-1,-164.40986064178497,13.112133407407413,66.0,90.43200000000004,73.9778606417849,26.0
-1,-100.98478702173205,15.47432448148147,42.0,51.45600000000002,49.52878702173203,24.0
-1,-124.32822125720038,18.599804925925884,56.0,66.33600000000003,57.99222125720036,24.0
-1,-97.03650006403922,17.301975467592566,43.0,51.84000000000002,45.196500064039206,21.0
-1,-66.99717622223677,16.073961749999985,35.0,39.36000000000001,27.637176222236768,15.0
-1,-120.57548158080564,17.1984003703703,48.0,66.62400000000002,53.95148158080561,24.0
-1,-90.8097282002968,15.731569467592555,42.0,52.896000000000015,37.91372820029678,18.0
-1,-82.7451372167317,14.20429435648146,35.0,40.032,42.713137216731695,22.0
-1,-147.62909385597817,17.750330203703662,65.0,94.17600000000006,53.45309385597812,22.0
-1,-105.8540634533378,16.60254000925923,51.0,53.18400000000002,52.67006345333777,20.0
-1,-134.67990335624415,15.72933980555555,54.0,70.27200000000003,64.40790335624412,25.0
-1,-132.1966332719061,21.1736212268518,60.0,83.04000000000005,49.15663327190607,18.0
-1,-85.87852244823887,12.734037004629617,37.0,50.97600000000001,34.902522448238855,20.0
-1,-99.01672912338849,15.655729800925917,53.0,56.83200000000003,42.18472912338844,17.0
-1,-119.3195688157623,18.49147902777773,56.0,69.02400000000003,50.295568815762266,20.0
-1,-110.5954389084896,16.252707833333304,50.0,57.31200000000002,53.28343890848958,21.0
-1,-82.70924948931446,19.517540175925912,43.0,41.664,41.04524948931446,21.0
-1,-154.4470586716635,22.087667398148074,66.0,90.81600000000005,63.63105867166348,20.0
-1,-107.5605114873454,18.994688884259183,51.0,59.80800000000003,47.75251148734536,18.0
-1,-96.1770490199022,16.740426004629587,43.0,48.09600000000001,48.081049019902174,21.0
-1,-116.1198236326764,19.712231842592534,48.0,62.59200000000003,53.52782363267639,19.0
-1,-160.72001023718826,19.446371921296198,63.0,92.06400000000004,68.65601023718821,23.0
-1,-140.91313083856124,20.023022337962917,63.0,84.48000000000005,56.433130838561205,19.0
-1,-102.53649496711436,18.008406601851842,47.0,51.55200000000002,50.98449496711433,22.0
-1,-91.3221993543915,23.52762975462957,55.0,53.56800000000002,37.75419935439148,15.0
-1,-105.03813942683044,14.603652722222224,49.0,53.76000000000001,51.278139426830414,23.0
-1,-93.39637519472244,17.33589958796292,49.0,55.68000000000002,37.71637519472242,19.0
-1,-96.98138629719313,16.364580013888883,44.0,49.920000000000016,47.0613862971931,20.0
-1,-114.97465024377156,18.44056684259251,48.0,64.03200000000002,50.94265024377154,21.0
-1,-98.42689140103457,19.777641032407377,46.0,52.320000000000014,46.10689140103455,16.0
-1,-112.20910578257708,14.691888837962932,47.0,54.72000000000002,57.48910578257704,24.0
-1,-94.5010302048676,17.578555412037016,44.0,51.07200000000002,43.42903020486758,19.0
-1,-89.05513479831555,16.510777027777745,42.0,52.03200000000002,37.02313479831553,20.0
-1,-91.35647427209416,19.23853316203701,50.0,47.61600000000001,43.74047427209416,19.0
-1,-136.0901514362889,18.73823864814809,60.0,71.80800000000004,64.28215143628886,24.0
-1,-90.483727316588,13.5298540648148,44.0,47.424000000000014,43.05972731658797,21.0
-1,-106.59285288036772,18.83054331018513,49.0,57.696000000000026,48.8968528803677,18.0
-1,-110.47530308929868,20.53511977777772,51.0,56.160000000000025,54.315303089298666,24.0
-1,-74.61353271721492,16.352767092592586,37.0,37.536,37.07753271721492,19.0
-1,-93.12889146228804,17.920752912037003,46.0,51.93600000000002,41.19289146228801,18.0
-1,-85.70928100253919,15.719452578703692,43.0,49.536000000000016,36.17328100253917,17.0
-1,-97.08730792412646,16.123749347222205,47.0,62.78400000000003,34.30330792412643,17.0
-1,-120.54603858297271,17.39631218518514,53.0,72.28800000000004,48.25803858297269,20.0
-1,-106.12615605844024,13.524255694444438,43.0,56.352000000000025,49.77415605844021,24.0
-1,-76.07050584936998,16.006351365740734,42.0,45.696000000000005,30.374505849369974,17.0
-1,-77.469474750156,21.96899213425925,41.0,41.280000000000015,36.18947475015598,14.0
-1,-107.74417956105972,14.319716148148132,49.0,59.04000000000003,48.70417956105968,22.0
-1,-71.70885699406229,14.061283611111104,44.0,50.59200000000001,21.116856994062275,16.0
-1,-100.92943113606842,15.984787828703707,44.0,58.75200000000002,42.1774311360684,19.0
-1,-122.2507652926876,18.55139996759252,46.0,57.60000000000002,64.65076529268758,22.0
-1,-79.3236980612462,17.050299134259223,43.0,50.30400000000002,29.01969806124617,17.0
-1,-99.7595702825175,14.57506018981479,48.0,57.98400000000002,41.775570282517485,21.0
-1,-146.04240287606052,19.045068481481422,65.0,92.06400000000004,53.978402876060464,21.0
-1,-79.36629601695083,15.72966854629628,35.0,42.144000000000005,37.22229601695082,20.0
-1,-113.98778820941556,19.31493159722218,48.0,48.960000000000015,65.02778820941555,22.0
-1,-92.62262033931763,12.069767171296323,33.0,43.29600000000001,49.32662033931764,22.0
-1,-92.6257737035371,14.841195222222236,44.0,50.97600000000002,41.64977370353709,21.0
-1,-79.8306138002443,20.04160338425921,43.0,53.472000000000016,26.35861380024428,14.0
-1,-73.8547426805534,12.313493416666669,38.0,45.50400000000001,28.35074268055339,17.0
-1,-88.79874777292815,19.930603009259197,48.0,53.18400000000002,35.61474777292813,18.0
-1,-103.97801592922788,17.717609236111098,47.0,56.064000000000014,47.91401592922784,19.0
-1,-74.92584888505883,11.280865495370374,38.0,42.04800000000001,32.877848885058825,19.0
-1,-151.03556701242488,14.469564124999977,63.0,98.88000000000004,52.155567012424825,21.0
-1,-86.82021543554143,15.293178300925916,44.0,41.472,45.34821543554142,22.0
-1,-97.45180265307424,15.483144842592584,34.0,44.16000000000001,53.29180265307425,23.0
-1,-226.5945511851752,20.825546532407326,103.0,160.8000000000001,65.79455118517507,20.0
-1,-163.4765831402107,13.798971662037022,56.0,80.83200000000005,82.64458314021064,28.0
-1,-102.07949324235835,17.07144190740739,45.0,55.680000000000014,46.39949324235835,22.0
-1,-87.04311424839787,18.423141458333284,43.0,43.96800000000001,43.07511424839785,20.0
-1,-125.1446725416198,24.29577478703695,67.0,81.02400000000003,44.120672541619776,15.0
-1,-93.17658546751456,14.17495461111111,44.0,49.63200000000002,43.54458546751456,22.0
-1,-125.88103755028573,17.743426828703647,50.0,61.34400000000002,64.53703755028569,24.0
-1,-90.65829770119058,18.27780823148145,45.0,46.94400000000001,43.71429770119057,19.0
-1,-90.99304797424216,14.228514856481477,37.0,42.048,48.945047974242144,24.0
-1,-109.7673048860533,10.971180078703709,41.0,53.47200000000002,56.29530488605327,25.0
-1,-79.44656398959489,15.186168652777775,40.0,46.272,33.174563989594894,16.0
-1,-87.7587078550575,18.344726074074025,42.0,51.168000000000006,36.59070785505749,16.0
-1,-83.3459876403931,17.881349291666634,42.0,43.296000000000014,40.04998764039309,21.0
-1,-97.52545460314144,15.431904458333316,56.0,58.56000000000003,38.9654546031414,17.0
-1,-92.92175103943464,9.655513495370371,41.0,47.90400000000002,45.01775103943464,25.0
-1,-136.21408748473135,15.265695490740734,58.0,76.41600000000004,59.79808748473131,23.0
-1,-80.1940232670403,16.16727974074072,35.0,39.648,40.54602326704029,19.0
-1,-101.41768525420326,11.644951125,41.0,50.304000000000016,51.11368525420324,24.0
-1,-83.44300310374885,16.940346171296305,42.0,39.93600000000001,43.50700310374885,19.0
-1,-116.5781485800198,15.551382884259253,53.0,62.88000000000004,53.69814858001978,23.0
-1,-92.32832247420184,15.776180745370358,39.0,44.448000000000015,47.88032247420182,21.0
-1,-85.63566774311586,17.91215820370368,43.0,49.152000000000015,36.483667743115845,19.0
-1,-190.8493408354316,19.51779850462957,92.0,137.6640000000001,53.18534083543146,21.0
-1,-68.55508184535891,12.512796481481482,33.0,37.34400000000001,31.21108184535891,17.0
-1,-108.10679042111138,14.005844861111086,50.0,68.64000000000003,39.46679042111136,22.0
-1,-110.55420903727402,18.95683144907403,51.0,59.04000000000003,51.51420903727399,20.0
-1,-112.44343204937596,14.477354490740725,42.0,51.55200000000002,60.89143204937595,25.0
-1,-126.1822244415242,13.019361023148155,50.0,57.40800000000002,68.77422444152417,26.0
-1,-128.85771994221568,15.63329307407404,52.0,71.61600000000003,57.24171994221567,23.0
-1,-124.50295027717556,15.540920708333337,40.0,56.16000000000002,68.34295027717555,22.0
-1,-155.4262111893471,20.620705564814727,67.0,91.00800000000004,64.41821118934706,21.0
-1,-104.97206765507067,18.13297734722216,46.0,50.88000000000002,54.09206765507065,22.0
-1,-112.42292487668068,11.331426935185192,39.0,50.30400000000002,62.11892487668064,26.0
-1,-173.46227707016837,15.419578319444446,70.0,103.68000000000004,69.78227707016832,24.0
-1,-97.74678193325316,16.064946120370372,44.0,48.09600000000002,49.65078193325315,24.0
-1,-170.74384849919693,19.873476611111062,74.0,112.80000000000008,57.94384849919686,21.0
-1,-102.93146189196052,17.267900620370344,44.0,52.80000000000002,50.13146189196049,22.0
-1,-83.56952181019406,14.370946805555551,53.0,54.33600000000003,29.23352181019403,16.0
-1,-94.72127452554082,10.03507728240741,38.0,44.92800000000001,49.79327452554081,24.0
-1,-70.93598640968592,15.86500438425925,36.0,36.96,33.97598640968592,18.0
-1,-109.8793748608511,14.861164884259228,52.0,61.72800000000003,48.15137486085108,23.0
-1,-79.20731579581386,15.417895763888882,42.0,47.61600000000001,31.591315795813845,21.0
-1,-89.69281293015128,12.011340569444426,34.0,42.24000000000001,47.45281293015127,24.0
-1,-119.61349432286244,14.74101306018517,51.0,66.14400000000003,53.4694943228624,21.0
-1,-75.09002761586743,14.782430564814812,37.0,38.496,36.59402761586742,17.0
-1,-123.716021445138,21.10826402777769,64.0,75.16800000000003,48.548021445137984,20.0
-1,-134.3863760630956,14.31515981944443,49.0,63.55200000000003,70.83437606309559,25.0
-1,-116.37472534999682,23.02142156481474,58.0,73.34400000000002,43.03072534999681,16.0
-1,-92.905501053657,19.58061699074068,41.0,45.600000000000016,47.305501053656975,20.0
-1,-116.42669207171582,12.461026032407394,51.0,70.36800000000004,46.058692071715775,25.0
-1,-123.2919441012024,13.447587300925951,48.0,58.84800000000002,64.44394410120238,25.0
-1,-84.29748044487712,16.56709283796296,39.0,49.44000000000001,34.85748044487711,20.0
-1,-69.35334966781903,15.228881768518498,39.0,43.296000000000014,26.05734966781902,15.0
-1,-82.95604764680388,13.069502884259256,45.0,48.384000000000015,34.57204764680386,20.0
-1,-120.02625262485276,17.229456814814757,50.0,65.18400000000001,54.84225262485276,25.0
-1,-62.90959624436401,15.196047032407384,37.0,42.43200000000001,20.477596244364005,16.0
-1,-91.83559254101247,14.20024236574073,43.0,56.44800000000002,35.387592541012474,18.0
-1,-118.35790260403856,19.423395407407337,52.0,63.84000000000003,54.51790260403854,20.0
-1,-87.73773210599919,12.883995875000018,33.0,39.36,48.37773210599919,23.0
-1,-158.0118555714119,15.52558506018515,64.0,97.44000000000004,60.57185557141185,24.0
-1,-105.04618786772323,16.178904435185174,43.0,51.45600000000002,53.59018786772322,24.0
-1,-113.3759642115704,18.4065590694444,51.0,62.59200000000003,50.78396421157038,20.0
-1,-88.32073115573614,14.51486047222221,39.0,46.56000000000001,41.76073115573613,18.0
-1,-202.7782753306981,18.78141535648137,84.0,133.63200000000006,69.14627533069805,24.0
-1,-93.76077299808064,18.101835518518435,47.0,54.14400000000002,39.61677299808062,20.0
-1,-102.99349589850428,15.512987226851823,42.0,51.84000000000001,51.15349589850428,25.0
-1,-159.51843701655696,17.42448393518513,64.0,101.85600000000008,57.6624370165569,23.0
-1,-108.7399038146082,15.154087495370346,59.0,80.16000000000003,28.57990381460817,16.0
-1,-75.63020626264083,19.281115999999976,41.0,45.504000000000005,30.126206262640824,16.0
-1,-152.221938228924,18.385763486111067,57.0,78.14400000000005,74.07793822892393,22.0
-1,-77.61151642381992,19.671444532407367,40.0,42.04800000000001,35.563516423819905,19.0
-1,-64.14311638334136,10.272685268518517,30.0,37.248000000000005,26.895116383341364,17.0
-1,-117.50661840851664,13.46781378703704,46.0,56.73600000000002,60.77061840851662,24.0
-1,-87.678271932189,12.951678916666662,43.0,49.728000000000016,37.950271932189,20.0
-1,-112.16739350375089,15.519852976851835,46.0,55.87200000000002,56.29539350375087,23.0
-1,-86.05456279227577,15.340166750000002,44.0,50.496000000000016,35.55856279227576,20.0
-1,-114.56610977740937,13.450176393518497,44.0,57.12000000000002,57.44610977740933,23.0
-1,-124.31479892217918,18.76263731944438,60.0,74.01600000000003,50.298798922179145,21.0
-1,-85.9435219488409,15.567868712962968,33.0,41.56800000000001,44.37552194884089,21.0
-1,-106.29617241950372,23.630369643518453,56.0,69.40800000000003,36.8881724195037,17.0
-1,-91.78631264123612,15.148850046296284,47.0,56.832000000000015,34.9543126412361,20.0
-1,-112.5053990482252,17.989262967592538,48.0,62.20800000000003,50.29739904822517,22.0
-1,-106.4159211908259,17.49355857870365,47.0,52.416000000000025,53.99992119082587,23.0
-1,-108.46136917100792,19.823483861111065,52.0,61.82400000000003,46.63736917100791,19.0
-1,-141.37918838674773,12.639442666666646,56.0,79.68000000000005,61.699188386747686,24.0
-1,-91.00848043814273,17.97403762037034,40.0,44.92800000000001,46.08048043814272,18.0
-1,-95.07857031242796,19.011089634259204,47.0,60.76800000000003,34.31057031242793,18.0
-1,-137.37815358240886,14.06209988425926,55.0,68.16000000000003,69.21815358240885,25.0
-1,-98.69490675366322,16.858441152777772,42.0,50.97600000000001,47.7189067536632,21.0
-1,-82.49565288150896,16.165129949074082,40.0,39.26400000000001,43.23165288150895,19.0
-1,-98.71498343121816,22.167525453703664,50.0,55.58400000000002,43.13098343121814,18.0
-1,-110.27543223782736,16.220478907407387,39.0,54.72000000000001,55.555432237827326,23.0
-1,-102.24293256484113,17.956005152777724,47.0,62.88000000000002,39.36293256484109,18.0
-1,-91.03244233688685,21.793852097222157,51.0,55.68000000000003,35.352442336886824,19.0
-1,-143.5387410195306,19.728225814814728,54.0,76.60800000000003,66.93074101953056,24.0
-1,-121.38360783910534,16.437766407407384,54.0,61.92000000000002,59.46360783910531,24.0
-1,-98.65117821911149,16.724400347222186,42.0,49.15200000000002,49.49917821911144,22.0
-1,-94.8961163468905,21.996938402777715,45.0,51.16800000000002,43.72811634689048,19.0
-1,-102.1665285228317,14.1276041388889,44.0,49.82400000000001,52.34252852283169,24.0
-1,-90.47431297691791,11.005611930555569,41.0,51.744000000000014,38.73031297691792,22.0
-1,-111.24304540960196,18.80404286111106,48.0,61.34400000000003,49.89904540960193,18.0
-1,-87.69272974571496,16.862600694444435,44.0,48.384000000000015,39.30872974571494,19.0
-1,-94.1581717366024,14.691807074074076,39.0,46.272,47.88617173660241,22.0
-1,-123.05090270421928,12.48527272222222,49.0,58.17600000000002,64.87490270421927,25.0
-1,-84.30380423823665,16.93783335185183,38.0,41.664,42.63980423823665,22.0
-1,-93.93647406294691,15.80929793518517,46.0,53.280000000000015,40.6564740629469,21.0
-1,-84.006742080992,19.11408480092589,43.0,45.408000000000015,38.59874208099198,19.0
-1,-108.92235339535488,17.880705458333274,52.0,59.80800000000002,49.11435339535485,21.0
-1,-77.08890498448815,12.190401787037027,32.0,43.104000000000006,33.98490498448814,17.0
-1,-119.77681525373642,14.1380594398148,45.0,51.45600000000002,68.3208152537364,25.0
-1,-101.53996923646476,17.138828467592553,41.0,49.82400000000001,51.71596923646476,22.0
-1,-114.2540762445554,17.428942745370332,49.0,54.33600000000001,59.91807624455537,23.0
-1,-95.30603674787557,19.843191203703665,43.0,47.04000000000001,48.26603674787554,20.0
-1,-83.47445997044792,17.0560647083333,42.0,44.448000000000015,39.02645997044792,21.0
-1,-109.4964032145081,13.618579694444454,48.0,52.51200000000001,56.9844032145081,24.0
-1,-117.6706200668606,19.535031537036964,59.0,65.85600000000002,51.81462006686058,22.0
-1,-93.28538424484248,14.566716907407406,41.0,46.84800000000001,46.437384244842455,20.0
-1,-139.03345697318565,19.305429009259186,63.0,86.30400000000004,52.72945697318561,18.0
-1,-89.33196457704716,17.90363702314812,42.0,47.71200000000002,41.619964577047135,17.0
-1,-63.223953141625415,11.853080624999992,38.0,44.54400000000001,18.679953141625404,11.0
-1,-100.15902101228193,12.430037379629626,48.0,58.56000000000003,41.59902101228188,23.0
-1,-77.43305901699526,19.26913058796293,47.0,48.96000000000002,28.473059016995236,14.0
-1,-94.81468336110942,15.487405291666647,42.0,45.792000000000016,49.022683361109394,23.0
-1,-114.19984458007625,19.234308652777724,49.0,60.096000000000025,54.10384458007622,24.0
-1,-117.36121938194948,10.86375005092594,45.0,60.864000000000026,56.49721938194944,26.0
-1,-113.80688469732246,16.827846574074048,49.0,56.16000000000002,57.64688469732245,22.0
-1,-123.81238839225443,16.426295523148113,53.0,71.61600000000003,52.19638839225442,21.0
-1,-92.16766913957076,20.9113606203703,46.0,50.68800000000001,41.47966913957075,20.0
-1,-86.77261459047573,15.704314402777769,39.0,45.504000000000005,41.26861459047572,21.0
-1,-132.7365163577011,11.407473592592591,50.0,76.51200000000003,56.22451635770112,21.0
-1,-100.67601902287063,17.01092491666662,47.0,53.856000000000016,46.82001902287062,22.0
-1,-89.46872995271548,17.57911103703703,47.0,50.01600000000002,39.45272995271546,19.0
-1,-102.75364016796422,18.048257208333247,40.0,54.240000000000016,48.51364016796421,22.0
-1,-78.24903990795535,19.88884574074067,39.0,43.58400000000002,34.66503990795533,19.0
-1,-143.62011992652106,17.15014972685177,57.0,78.14400000000003,65.47611992652104,24.0
-1,-95.848798388956,18.39415056481479,46.0,50.496000000000016,45.352798388956,21.0
-1,-102.8231181643053,19.85282019907399,51.0,53.66400000000001,49.15911816430529,21.0
-1,-93.21629243421748,17.01858769907403,42.0,49.82400000000002,43.39229243421746,21.0
-1,-108.10453029198383,12.696152101851844,49.0,53.08800000000002,55.01653029198384,23.0
-1,-180.7994801723582,16.200738592592533,72.0,101.66400000000006,79.13548017235813,26.0
-1,-89.74258599085177,14.621037907407416,41.0,47.52000000000002,42.22258599085175,21.0
-1,-111.14213697458972,16.072965624999977,54.0,61.056000000000026,50.08613697458971,22.0
-1,-97.30561662272764,13.2681802175926,38.0,38.59200000000001,58.71361662272763,25.0
-1,-124.23419884437178,18.908310092592505,57.0,68.54400000000004,55.69019884437174,21.0
-1,-89.06768041118261,16.173174749999994,46.0,56.06400000000003,33.00368041118258,17.0
-1,-80.40678956476697,16.515632412037004,37.0,44.16,36.24678956476696,18.0
-1,-84.89903812554417,15.914529120370371,43.0,46.27200000000002,38.62703812554414,18.0
-1,-158.07212359754243,17.693770606481397,59.0,86.59200000000006,71.48012359754239,25.0
-1,-112.15990725846945,13.868083976851846,48.0,58.75200000000003,53.4079072584694,22.0
-1,-85.85138661525174,17.867206652777732,44.0,52.22400000000001,33.62738661525173,18.0
-1,-106.84544994815984,16.408685986111088,48.0,61.53600000000002,45.30944994815982,22.0
-1,-81.66420026414448,16.799276976851832,38.0,49.152000000000015,32.51220026414446,20.0
-1,-84.60023727260102,17.647320134259264,37.0,36.672,47.92823727260102,22.0
-1,-301.2478880209125,18.93807023611105,136.0,228.76800000000011,72.47988802091238,23.0
-1,-87.59115589177254,12.16240352777777,40.0,49.44000000000001,38.15115589177253,18.0
-1,-111.66858981051908,13.88302534259259,39.0,50.68800000000002,60.98058981051906,24.0
-1,-120.6773700780318,18.93427295833324,49.0,63.93600000000003,56.74137007803176,22.0
-1,-101.481772247635,16.470242518518507,44.0,55.39200000000002,46.08977224763498,23.0
-1,-92.39833449962096,15.024748986111096,40.0,49.44000000000002,42.95833449962095,20.0
-1,-84.14688082543609,12.301215064814812,33.0,42.336000000000006,41.81088082543608,21.0
-1,-79.53641465066715,15.582588208333334,38.0,39.072,40.464414650667145,23.0
-1,-90.81279086989194,19.44436806944441,49.0,43.58400000000002,47.22879086989192,20.0
-1,-81.67790208559435,22.89852978703702,48.0,46.08000000000002,35.597902085594335,16.0
-1,-98.69372642114293,23.646010416666588,52.0,63.07200000000003,35.621726421142874,15.0
-1,-107.6068075200435,13.904719175925925,56.0,68.83200000000002,38.77480752004348,21.0
-1,-101.4173432708927,19.031343222222198,50.0,51.840000000000025,49.57734327089268,21.0
-1,-100.57116665761836,18.165034620370346,44.0,51.552000000000014,49.01916665761834,23.0
-1,-88.73659173055111,21.50470037499996,47.0,58.46400000000003,30.272591730551085,17.0
-1,-112.60541089354282,23.56731177314809,53.0,63.36000000000004,49.2454108935428,18.0
-1,-81.79562134931646,8.924075759259273,34.0,43.872000000000014,37.923621349316456,20.0
-1,-101.03740174366776,16.506164805555542,45.0,55.00800000000002,46.02940174366775,22.0
-1,-113.56993983759068,19.754062662036976,49.0,56.35200000000002,57.217939837590656,22.0
-1,-92.43833350874324,20.919314981481435,46.0,54.04800000000001,38.39033350874323,19.0
-1,-125.2420914045822,16.78698047222219,54.0,76.41600000000004,48.82609140458216,22.0
-1,-92.14699038281113,14.21682592592593,37.0,41.568000000000005,50.57899038281112,24.0
-1,-83.29989675794474,17.263366379629623,41.0,41.08800000000001,42.21189675794473,20.0
-1,-83.57473640800646,14.76107726851852,39.0,48.28800000000001,35.28673640800644,18.0
-1,-85.09409449699382,19.538893902777744,41.0,43.296000000000014,41.798094496993805,18.0
-1,-101.71594461416474,13.976626893518512,45.0,55.39200000000002,46.32394461416472,21.0
-1,-75.79311544098998,19.868870726851835,44.0,43.20000000000002,32.59311544098996,14.0
-1,-109.96739588354156,18.17980396296288,46.0,61.056000000000026,48.91139588354155,20.0
-1,-116.13270627211344,13.864176324074062,44.0,55.20000000000002,60.93270627211342,26.0
-1,-118.97742763443796,16.028227078703665,54.0,64.89600000000003,54.08142763443794,23.0
-1,-90.46583926544496,13.425995342592593,51.0,57.02400000000001,33.44183926544497,22.0
-1,-108.66148684674664,13.94693218518519,43.0,56.160000000000025,52.501486846746616,23.0
-1,-80.51771555132919,20.16218431018516,46.0,49.440000000000026,31.07771555132916,16.0
-1,-92.30961252163334,14.45852066666665,44.0,50.01600000000001,42.293612521633335,19.0
-1,-88.77106384819116,18.826939356481468,43.0,60.192000000000014,28.579063848191147,18.0
-1,-96.35382101806204,17.574936222222185,44.0,49.53600000000001,46.81782101806202,22.0
-1,-98.38774575433858,16.888666296296265,50.0,53.47200000000002,44.91574575433856,22.0
-1,-120.09140755956744,16.16952593981478,54.0,72.86400000000003,47.2274075595674,23.0
-1,-85.22242494734378,17.313255583333326,40.0,42.816,42.40642494734378,22.0
-1,-99.1151163976806,20.555304861111065,49.0,56.352000000000025,42.76311639768058,18.0
-1,-107.47763694030095,22.003753856481403,51.0,56.352000000000025,51.125636940300936,19.0
-1,-91.64510888712852,11.90864009722224,36.0,45.31200000000001,46.333108887128496,23.0
-1,-119.60276864634922,14.911533212962944,54.0,71.52000000000002,48.0827686463492,23.0
-1,-106.86730871996696,12.958404666666665,42.0,46.75200000000002,60.11530871996694,24.0
-1,-82.54828094322633,21.12257953703701,47.0,56.16000000000003,26.3882809432263,12.0
-1,-99.61714456491902,14.326532129629609,41.0,50.20800000000001,49.409144564919,23.0
-1,-75.82823075088099,19.185403046296276,45.0,46.75200000000002,29.07623075088097,16.0
-1,-99.5445533198724,15.016931518518527,54.0,62.496000000000016,37.04855331987237,20.0
-1,-99.97212289622306,10.358243060185204,38.0,42.14400000000001,57.82812289622304,26.0
-1,-88.89454238846216,15.589968675925908,38.0,42.528,46.366542388462165,22.0
-1,-72.91887516454055,12.245469601851832,32.0,37.152,35.76687516454056,20.0
-1,-79.89787974916304,12.94328729166666,33.0,44.54400000000001,35.35387974916303,22.0
-1,-90.87502863881846,15.95753748611109,44.0,57.984000000000016,32.891028638818455,18.0
-1,-82.48137669575222,18.69202489351849,41.0,42.912000000000006,39.56937669575221,20.0
-1,-72.36945998500451,13.3111401712963,45.0,46.272000000000006,26.097459985004505,17.0
-1,-96.5900369148239,15.400045749999991,43.0,56.160000000000025,40.43003691482387,19.0
-1,-120.2262997650515,19.15089395833328,51.0,59.52000000000003,60.70629976505147,23.0
-1,-89.9149022358314,14.904214958333323,44.0,52.896000000000015,37.01890223583139,19.0
-1,-134.71007418274098,17.132364532407344,56.0,79.39200000000004,55.31807418274096,21.0
-1,-97.5859570406254,21.255801486111046,46.0,49.92000000000001,47.66595704062539,19.0
-1,-96.50337780655217,15.803816148148153,47.0,52.320000000000014,44.183377806552144,21.0
-1,-85.0664216019986,15.79608269907408,43.0,44.16,40.9064216019986,20.0
-1,-104.87855564029392,15.92113733796294,41.0,55.68000000000002,49.1985556402939,19.0
-1,-86.4084870256296,18.659283000000016,44.0,42.04800000000001,44.36048702562959,17.0
-1,-88.77459075741757,13.77333884259257,34.0,39.072,49.70259075741757,23.0
-1,-101.49545557044796,14.99404308333332,44.0,51.360000000000014,50.13545557044796,20.0
-1,-97.40768120822398,14.969094648148127,42.0,56.25600000000002,41.15168120822395,21.0
-1,-96.24497936181872,16.30926000925924,44.0,50.20800000000001,46.03697936181869,20.0
-1,-133.60697829043482,14.415304199074043,56.0,82.56000000000004,51.04697829043478,22.0
-1,-95.69685832943036,15.229911819444458,39.0,43.39200000000002,52.30485832943035,21.0
-1,-90.5464065051648,20.0304823194444,42.0,47.424000000000014,43.1224065051648,18.0
-1,-100.64515602080454,15.917567657407387,46.0,51.26400000000002,49.38115602080451,23.0
-1,-118.12827700591156,15.840096106481475,50.0,60.76800000000003,57.36027700591154,22.0
-1,-89.84854402642212,13.505594046296288,45.0,55.68000000000002,34.1685440264221,19.0
-1,-94.62568638851576,16.219403902777778,41.0,42.336000000000006,52.28968638851574,22.0
-1,-98.56177385229476,15.714989912037018,42.0,47.61600000000002,50.945773852294735,22.0
-1,-107.866669910963,19.21721882407403,45.0,55.00800000000002,52.85866991096297,22.0
-1,-105.0138250016866,13.211498694444453,37.0,47.90400000000001,57.1098250016866,26.0
-1,-97.7951887667278,16.438581152777743,43.0,51.26400000000002,46.53118876672777,23.0
-1,-75.36733230015011,13.650041027777768,40.0,47.13600000000001,28.231332300150097,17.0
-1,-104.73973941156753,14.291564189814808,37.0,49.920000000000016,54.81973941156751,24.0
-1,-85.17210974570052,15.83665614814814,45.0,51.45600000000002,33.71610974570051,18.0
-1,-139.93814797698343,16.12349876388886,58.0,82.08000000000004,57.85814797698338,21.0
-1,-108.8776609912116,19.44503773148144,56.0,58.27200000000003,50.60566099121159,21.0
-1,-79.76748854574065,20.8608789444444,38.0,37.72800000000001,42.03948854574064,16.0
-1,-131.30882331210242,17.128334726851815,53.0,71.32800000000003,59.98082331210238,22.0
-1,-102.76350246476584,13.399839305555558,45.0,45.88800000000002,56.87550246476582,22.0
-1,-94.103153426864,16.781671412037003,42.0,48.28800000000002,45.81515342686397,21.0
-1,-92.07947263688706,15.363729888888878,44.0,52.60800000000002,39.47147263688705,21.0
-1,-98.1810674058052,19.32940335185177,49.0,55.20000000000002,42.98106740580519,19.0
-1,-74.00088145293432,16.11644724537035,35.0,42.43200000000001,31.568881452934303,17.0
-1,-79.47804976883594,17.25069252777774,42.0,50.97600000000001,28.502049768835928,17.0
-1,-94.28234797134392,14.456980819444446,50.0,52.80000000000002,41.48234797134391,24.0
-1,-86.88494979094037,10.722087782407405,40.0,49.24800000000001,37.63694979094035,22.0
-1,-145.45505985032537,15.961628912037034,55.0,72.96000000000004,72.49505985032532,24.0
-1,-102.14776178816484,16.7654332222222,50.0,62.30400000000003,39.84376178816481,20.0
-1,-81.30176007278651,16.621888476851833,45.0,55.39200000000002,25.909760072786487,15.0
-1,-75.40212061013217,13.279076208333334,40.0,45.504000000000005,29.898120610132167,21.0
-1,-85.39559970774042,13.415311458333337,38.0,42.048,43.34759970774042,21.0
-1,-78.94499195549064,13.153234416666674,41.0,44.54400000000001,34.400991955490625,17.0
-1,-72.60679441129521,13.991293699074046,35.0,45.60000000000001,27.006794411295203,18.0
-1,-73.27295529187444,16.37052988888888,34.0,35.13600000000001,38.13695529187443,19.0
-1,-107.1108464513626,18.668344541666624,50.0,60.096000000000025,47.014846451362565,20.0
-1,-100.88776050973188,19.778528620370302,45.0,55.296000000000014,45.59176050973189,20.0
-1,-111.01573960611644,17.266493907407394,49.0,52.320000000000014,58.695739606116426,22.0
-1,-92.94166166115276,16.187546425925884,44.0,51.93600000000001,41.00566166115276,18.0
-1,-103.86446172926466,19.022768805555486,49.0,59.04000000000002,44.82446172926465,21.0
-1,-93.52781162062804,13.344250898148143,38.0,49.344000000000015,44.183811620628006,21.0
-1,-109.9324418510592,15.62758828703704,45.0,55.20000000000001,54.73244185105918,25.0
-1,-89.69940368418233,17.50968332870368,46.0,47.32800000000002,42.37140368418232,21.0
-1,-111.8125156809786,16.21489568981482,47.0,55.10400000000001,56.70851568097858,25.0
-1,-83.50447360889115,13.055791032407402,44.0,52.320000000000014,31.18447360889113,17.0
-1,-110.07874228533,18.77908234259252,46.0,59.04000000000002,51.03874228532997,23.0
-1,-74.98185725614152,9.29705954166666,25.0,33.312,41.669857256141526,23.0
-1,-116.3015282348503,15.903932768518482,51.0,68.25600000000003,48.045528234850266,22.0
-1,-90.75831576757518,20.06150582870368,47.0,51.07200000000001,39.68631576757517,18.0
-1,-63.92626896257592,13.83764446296295,35.0,38.592000000000006,25.33426896257591,15.0
-1,-126.6103759634785,25.80925174074066,53.0,57.31200000000001,69.29837596347849,21.0
-1,-67.61183662663649,17.72366705555555,42.0,42.91200000000001,24.69983662663647,16.0
-1,-106.70056371285278,24.069171134259214,52.0,62.88000000000003,43.82056371285275,17.0
-1,-85.50033868964852,19.06309778703696,37.0,50.11200000000002,35.388338689648485,19.0
-1,-109.70196302546566,14.63416776851852,47.0,56.25600000000002,53.44596302546563,22.0
-1,-126.91530691375972,19.02997559722217,58.0,74.88000000000002,52.03530691375968,20.0
-1,-106.88508358666766,19.786134981481403,47.0,63.360000000000014,43.525083586667655,19.0
-1,-149.19720496218127,16.242779555555533,62.0,83.80800000000005,65.38920496218121,22.0
-1,-99.07295904031886,16.584951898148145,39.0,46.94400000000002,52.12895904031885,22.0
-1,-100.83058482650566,19.449248666666616,52.0,61.05600000000003,39.77458482650563,16.0
-1,-96.8013326417748,15.407865421296288,45.0,48.19200000000002,48.60933264177478,23.0
-1,-88.06967717985835,10.506927800925943,35.0,39.64800000000001,48.421677179858335,26.0
-1,-92.84285337779215,15.786966675925912,47.0,60.864000000000026,31.978853377792124,18.0
-1,-127.35605407575385,15.146180796296274,50.0,74.11200000000004,53.2440540757538,22.0
-1,-89.60526131435647,14.527606379629615,43.0,51.64800000000002,37.95726131435645,17.0
-1,-90.99734298498684,13.430909180555556,37.0,50.78400000000002,40.21334298498682,22.0
-1,-101.02177914068112,19.113415472222165,44.0,53.088000000000015,47.93377914068112,20.0
-1,-87.55245792201217,16.378770027777758,43.0,51.07200000000002,36.48045792201214,22.0
-1,-106.60194732023533,17.071646638888875,46.0,50.68800000000002,55.91394732023531,21.0
-1,-107.57798976483886,14.602623337962967,39.0,46.17600000000001,61.40198976483886,24.0
-1,-152.48397661101038,18.327054004629534,61.0,86.20800000000004,66.27597661101034,23.0
-1,-126.10854357638664,19.94023343981473,52.0,69.31200000000003,56.79654357638661,21.0
-1,-77.23384210685063,16.80216343055554,42.0,49.72800000000002,27.50584210685061,14.0
-1,-94.14295692086608,12.452439138888886,44.0,55.58400000000003,38.558956920866045,18.0
-1,-156.42286070324514,16.375601208333297,68.0,97.72800000000008,58.69486070324509,22.0
-1,-93.47947927217778,16.03653282870368,43.0,44.640000000000015,48.83947927217777,22.0
-1,-88.04490641776403,16.156486532407392,44.0,54.62400000000002,33.420906417763995,20.0
-1,-121.7083266633187,16.36012705092591,45.0,54.72000000000002,66.98832666331867,27.0
-1,-85.34919469444031,20.07776168518517,49.0,57.02400000000002,28.3251946944403,15.0
-1,-188.84879245782307,22.782481249999886,84.0,127.00800000000008,61.84079245782299,22.0
-1,-154.0476731204696,14.362352759259243,70.0,94.75200000000004,59.29567312046955,24.0
-1,-92.0311885943148,16.58647770833331,48.0,52.32000000000002,39.71118859431478,18.0
-1,-78.53013535852662,13.364198189814806,36.0,41.66400000000001,36.866135358526606,21.0
-1,-99.04505575270404,16.66275114351853,43.0,47.52000000000002,51.52505575270402,23.0
-1,-90.70605581564196,17.436895504629618,43.0,49.72800000000001,40.97805581564195,18.0
-1,-104.57305566187196,17.466047578703687,53.0,53.472000000000016,51.10105566187194,22.0
-1,-95.88432526366518,21.841552712962944,58.0,66.14400000000002,29.74032526366516,15.0
-1,-107.40504575360912,16.13029754166666,47.0,54.62400000000002,52.78104575360911,23.0
-1,-108.5941762361244,18.412059634259258,54.0,51.07200000000002,57.52217623612439,20.0
-1,-118.76896921779932,13.975173240740729,46.0,59.13600000000002,59.632969217799285,26.0
-1,-66.97280524164155,9.105504583333348,31.0,32.544,34.428805241641555,21.0
-1,-95.45175022262666,10.373029648148158,37.0,48.96000000000001,46.49175022262665,24.0
-1,-104.9534007768264,16.239426861111077,41.0,51.84000000000002,53.1134007768264,23.0
-1,-93.7432104055776,13.43236810185186,37.0,46.08000000000001,47.66321040557758,22.0
-1,-133.27361331528937,13.2857024074074,52.0,70.27200000000003,63.00161331528933,23.0
-1,-115.8143093513421,20.673621643518427,53.0,78.43200000000003,37.38230935134207,18.0
-1,-122.31144110053222,13.938096587962963,59.0,72.19200000000004,50.11944110053219,24.0
-1,-90.32769129476056,14.410769884259263,44.0,52.99200000000001,37.33569129476055,21.0
-1,-102.47000759833222,12.49104930555556,34.0,39.072,63.39800759833221,26.0
-1,-84.55517948618888,21.433419726851795,53.0,52.32000000000001,32.23517948618887,16.0
-1,-114.63304527294446,17.99846458333328,49.0,69.31200000000004,45.32104527294442,19.0
-1,-91.17097243052211,16.160679805555556,36.0,44.44800000000001,46.72297243052211,22.0
-1,-99.93723792783558,15.417734490740733,42.0,48.76800000000002,51.16923792783557,22.0
-1,-82.96361645318575,10.9293835925926,32.0,36.00000000000001,46.963616453185736,25.0
-1,-81.67650494205368,17.718848666666652,46.0,48.28800000000001,33.38850494205367,18.0
-1,-85.00339040955316,20.02606380092588,41.0,46.56000000000002,38.44339040955314,19.0
-1,-88.63589419334497,20.222601300925888,46.0,53.28000000000002,35.35589419334495,14.0
-1,-98.96340208486926,14.40300826388887,40.0,46.56000000000002,52.40340208486924,22.0
-1,-105.93979962650997,19.1623428009259,50.0,52.60800000000001,53.33179962650996,22.0
-1,-84.25974234853192,20.07581893518516,47.0,47.42400000000002,36.835742348531895,19.0
-1,-93.02597217863593,19.05566271759254,46.0,51.16800000000001,41.85797217863592,19.0
-1,-92.89584029496362,16.92911613425923,40.0,53.47200000000001,39.4238402949636,21.0
-1,-88.00986695874658,15.092850245370377,36.0,41.28,46.72986695874659,21.0
-1,-84.65926655982085,18.60737244907404,42.0,47.32800000000002,37.33126655982084,17.0
-1,-84.06636193400078,16.005443189814795,36.0,42.81600000000001,41.25036193400077,22.0
-1,-122.68279776153145,13.50770416666665,55.0,82.17600000000004,40.50679776153141,22.0
-1,-101.90931198137277,18.430414712962897,52.0,62.592000000000034,39.31731198137271,20.0
-1,-101.84281051183976,16.770671689814794,49.0,67.10400000000001,34.73881051183975,18.0
-1,-85.27872138905897,21.014945870370315,48.0,45.88800000000001,39.39072138905895,20.0
-1,-98.40068399466747,14.165995652777765,41.0,52.12800000000002,46.27268399466745,23.0
-1,-87.66120725494866,20.66382956944441,45.0,49.24800000000001,38.41320725494866,19.0
-1,-85.98330274970508,15.526922675925915,42.0,43.77600000000002,42.20730274970506,20.0
-1,-92.6897105587134,19.90758882407404,43.0,50.59200000000002,42.0977105587134,17.0
-1,-92.85197319352734,16.587983513888865,40.0,43.96800000000001,48.88397319352733,22.0
-1,-88.4788058174205,17.08671019444441,38.0,48.67200000000002,39.80680581742048,19.0
-1,-111.35411097937272,15.236076740740751,48.0,55.20000000000002,56.1541109793727,23.0
-1,-69.37677541429463,14.234071921296293,33.0,37.24800000000001,32.12877541429461,19.0
-1,-88.59741505833514,16.445598685185157,46.0,51.93600000000002,36.66141505833512,17.0
-1,-99.83259426546566,16.308860499999973,34.0,45.31200000000001,54.52059426546565,19.0
-1,-118.06538285075725,19.93925723148141,54.0,67.58400000000003,50.48138285075719,21.0
-1,-123.49045432609871,15.642926759259238,49.0,66.72000000000003,56.77045432609869,25.0
-1,-110.86376326972876,16.23827854166663,40.0,54.43200000000002,56.43176326972873,21.0
-1,-98.73621070755166,16.049364087962946,37.0,47.71200000000001,51.024210707551646,23.0
-1,-72.05486111884427,16.712780379629592,36.0,37.248000000000005,34.80686111884427,19.0
-1,-84.61522524342837,17.463326800925906,34.0,42.24000000000001,42.37522524342836,20.0
-1,-70.25771298375734,16.005345578703704,44.0,51.84000000000001,18.417712983757333,14.0
-1,-64.4096076397353,17.15813537962961,31.0,32.256,32.1536076397353,17.0
-1,-111.99097362437836,22.38229524999996,56.0,66.72000000000003,45.27097362437834,18.0
-1,-99.49035587377809,17.52013558333328,42.0,47.04000000000001,52.45035587377807,23.0
-1,-127.4667104313134,15.071222287037044,48.0,54.91200000000002,72.55471043131338,23.0
-1,-134.44653549587747,11.903780875,50.0,63.55200000000003,70.89453549587745,27.0
-1,-83.66730416909058,14.033819898148144,35.0,42.33600000000001,41.33130416909057,19.0
-1,-105.30486433177052,15.989659009259244,46.0,59.23200000000002,46.07286433177049,20.0
-1,-98.3734824407844,14.84138900462962,40.0,49.63200000000002,48.74148244078437,23.0
-1,-101.09807052194807,12.810715166666666,40.0,48.19200000000002,52.90607052194806,26.0
-1,-80.86547378178706,15.947204754629624,38.0,50.208000000000006,30.65747378178705,17.0
-1,-102.46534599726542,16.141558282407356,46.0,56.54400000000002,45.921345997265405,21.0
-1,-125.16349662601128,17.31649476851845,52.0,67.68000000000004,57.48349662601124,22.0
-1,-91.07732317413708,17.037095199074066,41.0,47.424000000000014,43.65332317413706,16.0
-1,-76.37344231838127,16.375744768518523,34.0,37.056,39.31744231838127,19.0
-1,-105.5859454140756,13.119171402777775,38.0,45.69600000000001,59.889945414075605,24.0
-1,-129.86706922076849,17.324407203703654,54.0,69.02400000000003,60.84306922076847,24.0
-1,-81.45321910469416,18.978133694444388,47.0,51.45600000000002,29.997219104694143,16.0
-1,-92.99031537828556,17.065514180555503,46.0,49.728000000000016,43.26231537828554,20.0
-1,-104.02060656566948,22.98426830092587,45.0,57.120000000000026,46.90060656566946,18.0
-1,-94.1505150779712,11.605894074074088,36.0,44.352,49.79851507797118,23.0
-1,-119.9936896313433,15.67144182407406,45.0,59.23200000000002,60.76168963134328,25.0
-1,-84.58872584236151,14.148454287037046,32.0,36.96000000000001,47.628725842361504,21.0
-1,-96.9775770462985,15.177374407407386,49.0,65.95200000000003,31.02557704629848,16.0
-1,-90.80072653339224,15.001254740740745,35.0,37.72800000000001,53.07272653339222,24.0
-1,-124.0310481472737,17.770329921296245,53.0,66.43200000000003,57.59904814727366,22.0
-1,-107.39593087218198,12.331385625000005,44.0,56.352000000000025,51.04393087218195,20.0
-1,-120.434724984029,16.21167529629625,56.0,85.53600000000004,34.89872498402896,18.0
-1,-94.9421801187046,13.440584717592603,42.0,51.74400000000002,43.19818011870458,21.0
-1,-115.76672461905252,16.83532133333327,45.0,60.76800000000002,54.99872461905249,23.0
-1,-110.11933730229045,13.442511129629606,47.0,63.36000000000004,46.75933730229041,20.0
-1,-117.90327369160173,18.29716089814809,57.0,74.78400000000003,43.11927369160169,20.0
-1,-120.95474541934726,13.407690060185166,46.0,62.97600000000004,57.97874541934722,27.0
-1,-91.63259304015968,20.870048518518495,44.0,43.776,47.856593040159694,19.0
-1,-98.68675067586813,18.81515188425922,42.0,49.344000000000015,49.34275067586812,22.0
-1,-106.77366357511772,15.331713652777788,47.0,58.56000000000003,48.213663575117685,22.0
-1,-82.91603083159734,14.413587018518529,41.0,40.992,41.92403083159734,22.0
-1,-106.3126210249753,17.233289259259195,47.0,57.696000000000026,48.61662102497528,23.0
-1,-108.18013450822043,17.155406949074035,48.0,56.928000000000026,51.25213450822041,22.0
-1,-136.6197223007524,14.45273402314814,50.0,63.74400000000003,72.8757223007524,25.0
-1,-94.37602615089062,16.804385462962927,49.0,55.776000000000025,38.6000261508906,19.0
-1,-122.98833845958362,18.4897828194444,56.0,85.63200000000005,37.35633845958357,14.0
-1,-88.24076444350132,13.041936995370367,39.0,44.448000000000015,43.7927644435013,20.0
-1,-87.5241632320221,16.697983300925877,44.0,55.968000000000025,31.55616323202208,18.0
-1,-130.3539229390884,18.663640902777693,58.0,76.80000000000004,53.55392293908835,20.0
-1,-131.6118861763365,15.291354958333336,49.0,66.04800000000003,65.56388617633645,23.0
-1,-110.45179382109696,20.359079097222168,52.0,71.61600000000003,38.83579382109694,16.0
-1,-79.77947638466415,16.60731916666666,37.0,39.93600000000001,39.84347638466415,23.0
-1,-82.61845052759108,17.61071659722219,43.0,46.176000000000016,36.44245052759106,17.0
-1,-87.21467450589414,15.538373777777752,34.0,42.04800000000001,45.16667450589413,22.0
-1,-110.99932324345572,13.66044169907407,43.0,57.79200000000002,53.20732324345571,22.0
-1,-107.6035204126607,19.202438703703645,47.0,57.88800000000002,49.71552041266068,23.0
-1,-121.62936714213065,17.60804010648142,55.0,76.41600000000004,45.213367142130586,21.0
-1,-96.9553757022456,11.816522083333348,32.0,42.624,54.33137570224558,24.0
-1,-86.83082263350616,17.112148953703656,48.0,58.27200000000003,28.55882263350613,17.0
-1,-91.99904715995012,19.873219888888837,50.0,55.48800000000003,36.51104715995008,17.0
-1,-119.41361154564902,18.19729625925921,58.0,72.86400000000002,46.54961154564901,20.0
-1,-100.5477796123233,17.46340067592589,53.0,63.26400000000003,37.28377961232327,18.0
-1,-91.45836246351617,17.71887837037031,44.0,55.00800000000002,36.45036246351614,19.0
-1,-117.9918115939889,17.978069351851797,70.0,93.21600000000008,24.775811593988838,14.0
-1,-92.41030901694106,11.743355476851848,40.0,43.96800000000001,48.442309016941046,24.0
-1,-100.4510392254609,19.959415379629583,49.0,50.01600000000002,50.43503922546089,21.0
-1,-91.97601464862402,17.669107162036962,37.0,42.72000000000001,49.25601464862401,18.0
-1,-77.92725277285004,18.21738933796295,41.0,49.152000000000015,28.775252772850024,17.0
-1,-263.35282787183337,16.46759502314812,111.0,188.5440000000001,74.80882787183326,24.0
-1,-95.2346693695528,17.13669151851849,43.0,44.25600000000001,50.97866936955278,22.0
-1,-91.67445055362312,14.193816958333342,40.0,52.22400000000002,39.45045055362312,19.0
-1,-81.83276375330351,16.812170212962968,38.0,42.52800000000001,39.304763753303504,16.0
-1,-75.81649200288399,15.634514731481472,40.0,45.888000000000005,29.92849200288399,18.0
-1,-111.08747151479211,17.35599888425924,44.0,53.85600000000002,57.23147151479211,19.0
-1,-113.77230879811664,23.00109593055548,55.0,57.69600000000002,56.07630879811662,22.0
-1,-106.60402007894577,16.5851702083333,41.0,47.04000000000002,59.56402007894573,23.0
-1,-117.902045372407,14.408074537037049,49.0,56.73600000000002,61.16604537240698,25.0
-1,-131.1112504934884,17.619642296296217,59.0,77.85600000000004,53.255250493488376,23.0
-1,-107.13449500407066,23.052981393518465,58.0,69.40800000000003,37.72649500407062,17.0
-1,-83.58487828686371,18.03458584259258,42.0,42.912,40.672878286863714,19.0
-1,-83.6992232755359,16.08834962037035,44.0,54.43200000000002,29.26722327553588,16.0
-1,-105.01071738927064,16.5358787407407,48.0,62.88000000000002,42.13071738927062,20.0
-1,-114.50691894093842,19.32366516203697,46.0,52.99200000000002,61.5149189409384,20.0
-1,-85.49364800825825,20.37331034722219,36.0,39.168000000000006,46.32564800825824,19.0
-1,-100.0462319747986,18.129046708333306,42.0,47.52000000000002,52.52623197479858,20.0
-1,-83.40276918925102,10.369871222222235,34.0,41.856,41.546769189251016,23.0
-1,-99.5758723322228,18.00238814351848,47.0,53.76000000000002,45.81587233222278,20.0
-1,-94.03729944349789,12.08916617592592,36.0,46.17600000000001,47.86129944349788,24.0
-1,-88.15026178918372,16.01303806944441,45.0,51.07200000000001,37.078261789183706,21.0
-1,-63.14994423683697,17.529774064814806,39.0,36.48,26.66994423683697,15.0
-1,-92.45880601570803,18.38408132870366,44.0,52.89600000000002,39.56280601570803,16.0
-1,-105.12421061652958,17.237515740740694,47.0,62.016000000000034,43.10821061652954,19.0
-1,-94.16014423286732,12.30673812962963,43.0,55.29600000000002,38.86414423286729,16.0
-1,-92.46704864244792,15.166863046296273,43.0,50.78400000000002,41.6830486424479,21.0
-1,-106.19133886642324,16.371550064814784,44.0,60.96000000000003,45.23133886642322,19.0
-1,-100.79975195303535,12.16325656944444,40.0,44.44800000000002,56.35175195303534,27.0
-1,-107.42525365961774,17.167035064814776,48.0,60.38400000000003,47.0412536596177,20.0
-1,-90.48941646766608,15.681130694444414,46.0,50.40000000000003,40.089416467666055,20.0
-1,-99.90007507251092,13.636265481481471,43.0,52.12800000000002,47.77207507251092,25.0
-1,-122.8098600285168,16.54122087037033,44.0,61.440000000000026,61.36986002851678,25.0
-1,-108.8100476117,12.921857962962962,46.0,59.13600000000002,49.674047611699976,25.0
-1,-106.7673195772248,13.904897921296271,42.0,50.016000000000005,56.75131957722481,25.0
-1,-104.90248127619532,19.622397402777715,47.0,51.84000000000001,53.06248127619532,22.0
-1,-88.33155999208626,12.417626148148129,39.0,52.320000000000014,36.01155999208625,22.0
-1,-96.61098060938576,18.297400212962916,44.0,50.78400000000001,45.82698060938574,22.0
-1,-77.83707510529266,15.84807230555554,38.0,41.95200000000001,35.88507510529264,20.0
-1,-79.73418152180224,16.59858307870369,36.0,41.760000000000005,37.97418152180223,21.0
-1,-89.66373417772725,15.425180245370363,38.0,45.50400000000001,44.15973417772724,18.0
-1,-99.72362368450985,16.710918527777725,45.0,55.29600000000002,44.42762368450983,21.0
-1,-111.20085131098858,19.365461291666577,50.0,63.45600000000003,47.74485131098855,17.0
-1,-102.96696324621514,17.022349120370354,42.0,47.90400000000002,55.062963246215126,24.0
-1,-89.37940563421881,16.711429912037023,41.0,42.04800000000001,47.3314056342188,23.0
-1,-101.65862985670368,16.277446124999994,51.0,66.72000000000003,34.938629856703656,18.0
-1,-114.57510169302871,15.42096581481482,50.0,56.54400000000002,58.0311016930287,23.0
-1,-83.85675387499195,16.14165880092591,34.0,41.56800000000001,42.28875387499194,23.0
-1,-102.51345850118948,16.2357174074074,44.0,49.920000000000016,52.593458501189474,22.0
-1,-99.16415068547056,19.59558391666662,48.0,60.57600000000003,38.58815068547053,19.0
-1,-96.46118989112637,7.017388990740743,46.0,50.97600000000002,45.485189891126346,25.0
-1,-84.7486042386171,20.67489438425921,44.0,49.63200000000002,35.11660423861708,19.0
-1,-83.20382373632845,22.858982601851835,52.0,51.36000000000001,31.84382373632844,16.0
-1,-154.56598216152068,16.512712245370345,63.0,79.48800000000004,75.07798216152064,24.0
-1,-102.92291449745436,18.08955688888883,46.0,56.35200000000002,46.57091449745435,23.0
-1,-82.14374524306291,21.33432826851845,47.0,45.40800000000001,36.7357452430629,16.0
-1,-107.50757437102456,17.794097166666642,44.0,53.76000000000001,53.74757437102456,20.0
-1,-112.32301954922158,20.4546029444444,63.0,77.28000000000004,35.04301954922154,18.0
-1,-91.2538788142508,10.604518800925922,45.0,55.680000000000014,35.57387881425078,21.0
-1,-104.63711130939706,17.07028624537035,48.0,54.048000000000016,50.58911130939704,22.0
-1,-69.80104768481733,12.872077782407402,35.0,44.640000000000015,25.161047684817323,15.0
-1,-85.73603280168606,18.46119802777777,40.0,42.24000000000001,43.49603280168605,16.0
-1,-68.60148728334988,13.84067068055554,35.0,35.90400000000001,32.697487283349865,19.0
-1,-66.82294889029083,13.089074333333327,37.0,36.86400000000001,29.958948890290817,12.0
-1,-87.12316734900236,12.99832097222222,40.0,46.08000000000002,41.04316734900233,23.0
-1,-97.66612883786188,18.405186189814764,46.0,51.64800000000001,46.018128837861866,21.0
-1,-95.06737441470936,14.435677333333327,43.0,51.84000000000002,43.22737441470934,21.0
-1,-122.70579283775888,16.60570234259255,45.0,55.29600000000002,67.40979283775887,24.0
-1,-77.61882567502738,13.450632412037034,40.0,50.40000000000002,27.218825675027364,16.0
-1,-109.72991219163347,18.036751541666607,44.0,53.95200000000003,55.77791219163346,23.0
-1,-102.95497904008076,15.06626484259256,44.0,56.83200000000002,46.122979040080736,23.0
-1,-105.86476753346082,17.127380916666638,44.0,56.54400000000003,49.32076753346078,21.0
-1,-84.37588830288905,14.554160578703698,44.0,44.16000000000001,40.21588830288905,20.0
-1,-79.362615473081,16.13998676851852,41.0,48.09600000000002,31.26661547308097,17.0
-1,-92.10169295150098,14.546885791666652,38.0,45.600000000000016,46.50169295150096,20.0
-1,-121.9762334072145,20.46216490740732,48.0,66.04800000000003,55.92823340721447,21.0
-1,-76.4185840192591,11.97870641666667,34.0,38.496,37.92258401925909,23.0
-1,-98.30582914792804,15.540179949074062,43.0,49.15200000000002,49.15382914792802,23.0
-1,-83.67989554236524,10.63712261111111,46.0,57.40800000000002,26.271895542365225,15.0
-1,-120.07978076492802,16.957511328703653,53.0,64.60800000000002,55.47178076492799,24.0
-1,-135.88870470656812,16.950902333333293,59.0,82.27200000000005,53.61670470656807,24.0
-1,-94.76622163796546,15.126583740740733,43.0,55.296000000000014,39.47022163796544,20.0
-1,-95.62612738419767,14.97206409259259,40.0,46.56000000000001,49.06612738419766,22.0
-1,-121.45508336250748,14.939215847222211,45.0,56.06400000000002,65.39108336250744,25.0
-1,-93.15502612210057,15.46057942592592,39.0,41.952000000000005,51.20302612210055,22.0
-1,-119.96700793099336,21.17296801388879,51.0,68.92800000000003,51.03900793099334,20.0
-1,-85.82841317952423,14.006948990740732,36.0,42.144000000000005,43.68441317952424,22.0
-1,-92.9102367312544,17.854314157407366,42.0,46.56000000000002,46.35023673125439,20.0
-1,-81.55220138162633,13.86442872685185,33.0,40.8,40.752201381626335,23.0
-1,-100.31503028981156,21.67031334722217,47.0,56.83200000000002,43.48303028981155,19.0
-1,-105.77814720912065,14.619697708333309,41.0,56.44800000000002,49.33014720912063,23.0
-1,-135.55229716125575,14.458686199074045,47.0,69.50400000000002,66.04829716125572,25.0
-1,-82.62224782731292,12.228241384259256,41.0,42.720000000000006,39.902247827312905,21.0
-1,-104.00769049286342,16.952658671296238,45.0,55.776000000000025,48.23169049286339,20.0
-1,-75.35292736215975,22.89497090277775,51.0,55.10400000000001,20.248927362159733,12.0
-1,-80.42777495150591,12.047182120370373,34.0,43.96800000000001,36.4597749515059,18.0
-1,-79.68962401299474,10.2128534027778,33.0,39.45600000000001,40.23362401299473,22.0
-1,-101.00662532040548,15.001296949074083,48.0,54.33600000000002,46.67062532040545,23.0
-1,-109.20420189114114,22.264606162036973,52.0,63.55200000000004,45.652201891141104,17.0
-1,-108.32736880687352,15.48930937037036,49.0,68.16000000000003,40.16736880687351,17.0
-1,-85.39586858638192,11.7058188425926,39.0,39.74400000000001,45.65186858638192,25.0
-1,-90.76233326298092,16.50031774999996,43.0,49.53600000000002,41.2263332629809,20.0
-1,-95.09088324337144,15.88864789814814,45.0,55.77600000000001,39.31488324337143,19.0
-1,-106.34069200952672,16.079136486111082,38.0,48.48000000000001,57.8606920095267,23.0
-1,-93.54480014233096,20.513851157407363,38.0,42.432,51.11280014233097,19.0
-1,-86.5132521829012,13.380305754629648,37.0,44.44800000000001,42.0652521829012,21.0
-1,-145.1064686888947,13.961837624999983,55.0,72.67200000000004,72.43446868889464,26.0
-1,-113.54154277586034,16.74023849537031,58.0,75.45600000000005,38.08554277586029,23.0
-1,-88.21071590516209,16.191481393518497,36.0,48.86400000000001,39.34671590516207,19.0
-1,-90.686248963164,16.73916218518517,38.0,45.69600000000001,44.99024896316399,20.0
-1,-123.84023104764424,21.392413287036995,64.0,70.75200000000004,53.0882310476442,19.0
-1,-107.21051173085536,15.243221518518496,36.0,44.44800000000001,62.76251173085535,25.0
-1,-311.4487860265989,17.54570681481475,135.0,241.63200000000015,69.81678602659879,23.0
-1,-129.3077607941025,20.45772651851845,60.0,72.57600000000005,56.73176079410245,18.0
-1,-78.58454979856907,14.105864865740733,37.0,52.51200000000002,26.072549798569057,16.0
-1,-105.01526479337826,16.281902203703694,51.0,60.96000000000002,44.05526479337824,20.0
-1,-89.06944615968456,18.468874245370323,42.0,54.72000000000003,34.34944615968453,14.0
-1,-110.32980561065996,15.0138339259259,43.0,54.720000000000006,55.609805610659976,25.0
-1,-89.07219570977135,17.331173657407405,39.0,47.424000000000014,41.648195709771336,22.0
-1,-79.39315187841981,13.855157657407416,37.0,41.85600000000001,37.537151878419806,19.0
-1,-69.90113211053212,9.92318265277779,31.0,41.760000000000005,28.14113211053211,15.0
-1,-83.38987850876276,13.971575027777774,34.0,42.62400000000002,40.76587850876275,22.0
-1,-103.5908289791377,20.023526249999943,51.0,66.33600000000003,37.25482897913767,18.0
-1,-96.83114912161524,12.815277435185193,34.0,42.048,54.78314912161522,24.0
-1,-90.48198346440688,15.904597009259255,37.0,46.17600000000001,44.30598346440688,21.0
-1,-110.81279804760764,15.27253978240738,46.0,59.904000000000025,50.9087980476076,23.0
-1,-98.61522008443318,12.934835453703704,41.0,45.120000000000005,53.49522008443317,24.0
-1,-124.36380813051316,13.221637013888902,46.0,59.52000000000002,64.84380813051312,25.0
-1,-77.3833525216755,20.185553958333312,42.0,40.416,36.96735252167551,18.0
-1,-92.46258076872448,21.45272522222216,41.0,50.01600000000001,42.44658076872447,17.0
-1,-130.7223274470479,16.25897268055553,44.0,62.68800000000002,68.03432744704786,24.0
-1,-95.23292525690545,13.911809467592589,39.0,40.12800000000001,55.10492525690543,24.0
-1,-99.80115667018288,17.846601148148128,46.0,62.88000000000003,36.92115667018285,16.0
-1,-95.12784788096344,22.524711412036964,51.0,57.88800000000003,37.2398478809634,16.0
-1,-101.23233210095955,14.0918044351852,39.0,52.99200000000002,48.24033210095953,21.0
-1,-84.9266767625329,19.56007452314809,45.0,53.568000000000026,31.35867676253288,17.0
-1,-82.68015315571651,15.566791777777777,41.0,44.928,37.75215315571651,20.0
-1,-124.50002131102322,18.001314986111044,48.0,64.99200000000003,59.50802131102319,21.0
-1,-165.4827531404744,20.587149365740583,66.0,100.70400000000006,64.77875314047434,23.0
-1,-90.41012353898604,13.259835949074054,39.0,46.36800000000002,44.04212353898602,22.0
-1,-90.54050474875066,14.277413023148132,41.0,49.728000000000016,40.81250474875065,21.0
-1,-86.57499989374026,10.238437833333318,50.0,62.49600000000003,24.07899989374023,18.0
-1,-79.59893542094353,14.991642342592607,41.0,44.64000000000001,34.958935420943526,16.0
-1,-98.85522601362264,19.357357046296272,40.0,51.84000000000002,47.01522601362262,18.0
-1,-81.18706493279063,12.845881578703688,41.0,46.27200000000002,34.915064932790614,22.0
-1,-265.65722351057576,14.180380287037032,133.0,223.58400000000012,42.07322351057564,18.0
-1,-81.32811636788503,16.04361812500001,38.0,42.72,38.60811636788503,19.0
-1,-140.49205953563006,15.110673999999976,56.0,83.71200000000005,56.780059535630016,22.0
-1,-109.60617474617874,15.693847430555548,51.0,63.07200000000003,46.53417474617872,18.0
-1,-98.06719413775949,11.389507620370363,44.0,58.94400000000003,39.12319413775945,18.0
-1,-122.0822051129179,15.529600078703682,50.0,67.48800000000003,54.59420511291788,22.0
-1,-105.5455537000584,16.95128106481478,44.0,53.76000000000002,51.78555370005839,22.0
-1,-98.90610914387226,11.423271749999987,45.0,56.928000000000026,41.97810914387223,23.0
-1,-85.80430995297385,19.209948060185116,43.0,51.744000000000014,34.060309952973846,17.0
-1,-94.88924373347412,16.98410533796293,46.0,57.120000000000026,37.7692437334741,19.0
-1,-92.36045756112796,17.78876743055553,44.0,51.36000000000002,41.00045756112795,19.0
-1,-127.31467241236176,17.141216629629557,65.0,89.18400000000005,38.13067241236172,17.0
-1,-93.12069318929576,14.034518597222227,38.0,45.312000000000005,47.80869318929575,22.0
-1,-85.85231732075854,10.700980273148142,36.0,50.59200000000002,35.26031732075853,20.0
-1,-110.72414945892288,17.641523708333274,48.0,62.01600000000003,48.70814945892286,22.0
-1,-85.41122130283085,17.833768120370355,45.0,50.20800000000001,35.20322130283085,20.0
-1,-111.11458158571476,22.49698931018514,54.0,68.54400000000003,42.57058158571473,18.0
-1,-97.48315007192105,12.89110817129629,58.0,67.96800000000003,29.515150071921017,14.0
-1,-99.68937638074648,16.122247717592586,49.0,51.07200000000002,48.61737638074645,23.0
-1,-101.4778475845636,13.511744055555567,45.0,50.59200000000002,50.88584758456357,25.0
-1,-108.65194648224686,16.38300955092589,45.0,47.42400000000001,61.22794648224685,23.0
-1,-107.98467292850027,15.760424425925908,45.0,51.07200000000002,56.91267292850027,23.0
-1,-114.63497482988068,15.917632999999965,48.0,65.76000000000002,48.87497482988067,23.0
-1,-92.43682947927272,15.521707152777749,41.0,48.19200000000002,44.2448294792727,24.0
-1,-137.620626234087,20.301074666666604,59.0,82.84800000000004,54.772626234086985,19.0
-1,-76.74855216547051,19.279483888888866,46.0,50.496,26.252552165470508,16.0
-1,-99.64041330549514,17.641811231481462,42.0,49.05600000000001,50.584413305495126,21.0
-1,-144.97321970677305,17.952542328703657,69.0,90.62400000000004,54.349219706773006,23.0
-1,-139.6710634390055,26.35283331944432,68.0,83.80800000000004,55.86306343900547,21.0
-1,-104.6357976233124,13.765146004629642,40.0,49.63200000000001,55.00379762331239,20.0
-1,-105.86312834827876,17.098880250000004,51.0,51.64800000000002,54.21512834827873,22.0
-1,-83.08755707288029,13.68936034259258,44.0,50.112,32.975557072880285,19.0
-1,-90.36409084408,14.419016388888863,35.0,43.680000000000014,46.68409084408,22.0
-1,-91.52037521314034,20.00984035185181,46.0,50.496000000000016,41.02437521314032,18.0
-1,-98.56495423264371,15.862530717592572,39.0,48.09600000000001,50.468954232643696,19.0
-1,-130.27256260028076,18.65018327777772,50.0,70.65600000000003,59.61656260028072,19.0
-1,-72.12344567629955,14.160298953703686,39.0,44.256000000000014,27.86744567629954,19.0
-1,-115.12904979482312,10.786677222222226,41.0,61.15200000000002,53.977049794823095,23.0
-1,-113.03074836008884,16.21986283333329,46.0,64.89600000000002,48.13474836008882,25.0
-1,-92.22712348425394,20.704215949074065,53.0,54.24000000000003,37.98712348425391,19.0
-1,-65.19453537899638,13.5634244675926,37.0,42.52800000000001,22.66653537899636,14.0
-1,-90.09840914237064,15.975688268518503,36.0,49.344000000000015,40.754409142370605,21.0
-1,-83.96108617492018,14.85623386574074,35.0,42.336000000000006,41.625086174920185,21.0
-1,-101.20780317864045,15.16765163425924,46.0,57.120000000000026,44.08780317864042,18.0
-1,-129.00300944722687,13.4352745972222,53.0,73.34400000000004,55.65900944722684,22.0
-1,-265.56529492548805,20.249387425925804,119.0,194.68800000000007,70.87729492548794,24.0
-1,-87.40180022104113,14.367451300925934,49.0,54.144000000000005,33.25780022104113,19.0
-1,-98.50864201563002,14.558807615740728,46.0,60.57600000000002,37.93264201562999,19.0
-1,-81.8784187405081,16.325255680555557,40.0,42.14400000000001,39.73441874050809,19.0
-1,-76.97620724319562,14.978515884259233,37.0,46.27200000000001,30.704207243195604,18.0
-1,-89.39210615719611,18.378805217592536,38.0,54.91200000000003,34.48010615719609,16.0
-1,-111.17846666478208,14.33541075462961,54.0,75.45600000000005,35.72246666478205,18.0
-1,-139.65564619355672,17.03388572222218,55.0,73.05600000000003,66.5996461935567,25.0
-1,-99.39122536431051,19.389478037037,45.0,52.60800000000002,46.78322536431051,17.0
-1,-71.68824985716375,16.866633291666652,38.0,47.23200000000001,24.456249857163737,16.0
-1,-100.3069415697114,17.826163189814793,42.0,48.576000000000015,51.73094156971139,18.0
-1,-95.99836542979216,18.62108717129624,43.0,49.15200000000001,46.84636542979215,20.0
-1,-119.5283991552552,18.987109129629555,50.0,65.28000000000003,54.24839915525515,21.0
-1,-67.78393990359197,14.996503648148163,35.0,39.936,27.847939903591964,18.0
-1,-73.0463742856611,18.09044907870368,39.0,39.84,33.20637428566109,15.0
-1,-88.94526143431065,13.907433324074075,33.0,42.81600000000001,46.12926143431064,21.0
-1,-103.63430959710496,15.313503787037034,46.0,55.10400000000001,48.53030959710494,22.0
-1,-91.7923219730269,19.95574848611108,43.0,55.58400000000002,36.20832197302688,17.0
-1,-115.1470507199976,14.670423509259264,57.0,79.10400000000004,36.04305071999755,18.0
-1,-99.52234808870998,12.277381462962971,38.0,51.36000000000002,48.16234808870996,23.0
-1,-138.2425402170868,20.41340900462955,64.0,86.78400000000005,51.45854021708676,19.0
-1,-103.38278144683804,12.495490305555544,45.0,48.768000000000015,54.61478144683802,25.0
-1,-163.3977180478894,18.03189274074064,64.0,99.07200000000006,64.32571804788935,20.0
-1,-98.62444175151228,14.132345481481464,41.0,55.96800000000001,42.65644175151228,20.0
-1,-78.3636132683272,15.9168097361111,38.0,45.600000000000016,32.763613268327184,17.0
-1,-90.6892419585997,18.57661591203702,35.0,42.43200000000001,48.25724195859969,21.0
-1,-98.76921151296114,13.081168009259263,32.0,39.84,58.92921151296113,24.0
-1,-104.39247609303236,15.879625236111114,52.0,62.68800000000002,41.70447609303233,19.0
-1,-95.16843288193434,18.26734955092589,39.0,47.42400000000001,47.74443288193434,17.0
-1,-118.84539671083988,18.90501675462957,49.0,55.87200000000002,62.97339671083985,22.0
-1,-74.5843254867206,15.759038050925929,38.0,43.58400000000002,31.00032548672058,15.0
-1,-95.7450737984387,16.336107944444404,52.0,64.32000000000002,31.425073798438675,18.0
-1,-83.15114622739847,13.838717245370368,37.0,46.27200000000001,36.87914622739847,20.0
-1,-107.49049067161928,16.39589225462962,47.0,58.46400000000003,49.02649067161924,20.0
-1,-112.59335770393008,12.708359916666677,46.0,53.856000000000016,58.73735770393006,24.0
-1,-76.67151337604378,12.389546375000007,35.0,36.864,39.80751337604378,23.0
-1,-112.79953603539823,19.060127995370348,45.0,60.19200000000003,52.60753603539821,21.0
-1,-111.19042688080236,19.458976736111016,49.0,60.28800000000003,50.90242688080234,23.0
-1,-95.45400322110348,16.40832705092589,46.0,56.64000000000002,38.81400322110347,20.0
-1,-81.29330740709605,15.655927773148134,37.0,44.064000000000014,37.22930740709604,18.0
-1,-85.42163746497741,17.940180768518506,44.0,51.264,34.157637464977405,16.0
-1,-79.48403140648163,12.89103706944445,40.0,47.04000000000001,32.44403140648162,18.0
-1,-84.79294741995909,13.387832981481491,39.0,44.54400000000002,40.248947419959066,22.0
-1,-105.17024580203994,15.360414143518522,41.0,50.112000000000016,55.05824580203992,23.0
-1,-77.89681311321858,15.580717064814785,35.0,48.67200000000001,29.22481311321857,16.0
-1,-104.0759148051065,13.821679745370368,46.0,53.472000000000016,50.60391480510649,23.0
-1,-110.22884898746294,17.095647078703635,45.0,56.54400000000002,53.68484898746292,24.0
-1,-141.19761614715418,16.010322953703664,52.0,73.15200000000003,68.04561614715416,23.0
-1,-87.07787341867078,13.475807638888895,35.0,37.056,50.021873418670765,23.0
-1,-93.85458295167626,15.837355245370354,41.0,52.41600000000002,41.43858295167624,19.0
-1,-98.1004154700062,18.974186050925912,46.0,51.07200000000002,47.0284154700062,17.0
-1,-85.38477083606895,17.253513476851843,37.0,39.264,46.12077083606894,21.0
-1,-85.44962256461565,14.901484499999988,37.0,45.408000000000015,40.04162256461564,21.0
-1,-81.54800968318932,16.008484537037027,32.0,38.496,43.05200968318931,18.0
-1,-91.28472481714826,15.521208189814788,39.0,44.25600000000001,47.028724817148245,21.0
-1,-91.34394708135144,18.067816055555525,42.0,50.20800000000002,41.13594708135143,20.0
-1,-94.8610207116009,21.275575907407333,47.0,52.41600000000002,42.44502071160089,18.0
-1,-80.6819159526662,15.255111717592596,42.0,46.08000000000001,34.60191595266619,16.0
-1,-81.07571476300201,14.204450800925946,38.0,43.00800000000001,38.067714763002,20.0
-1,-93.67760411083223,17.70926614814814,37.0,40.608,53.06960411083225,20.0
-1,-95.97362237745354,14.411848597222203,33.0,40.51200000000001,55.46162237745353,23.0
-1,-69.32002508284664,16.26212727777776,39.0,37.440000000000005,31.88002508284664,18.0
-1,-87.92886728055174,19.09181758796291,42.0,42.52800000000001,45.40086728055173,20.0
-1,-91.52385062706634,16.55831833333331,43.0,48.67200000000002,42.85185062706631,20.0
-1,-126.86276962150666,16.055717148148137,54.0,65.37600000000003,61.48676962150663,24.0
-1,-88.80374426740269,14.326113921296267,36.0,45.21600000000001,43.58774426740268,22.0
-1,-153.9959866918701,14.71088739351851,59.0,88.80000000000005,65.19598669187003,26.0
-1,-87.69148154379631,15.95646388425926,37.0,48.00000000000001,39.69148154379631,21.0
-1,-116.40558244042886,22.55245208796289,53.0,59.712000000000025,56.693582440428834,21.0
-1,-99.818181236637,17.86627624537034,45.0,51.648000000000025,48.17018123663698,23.0
-1,-87.66088540738488,11.69363084722223,36.0,45.60000000000001,42.06088540738487,20.0
-1,-88.44911755461986,13.482406962962964,43.0,44.92800000000001,43.52111755461985,25.0
-1,-92.03755661351208,19.89352996759256,45.0,44.73600000000002,47.301556613512055,18.0
-1,-99.72850930626852,16.93215107407405,44.0,55.10400000000002,44.624509306268514,19.0
-1,-111.87320105504322,19.166051865740677,49.0,63.55200000000003,48.3212010550432,21.0
-1,-108.45478517915475,17.204143208333313,51.0,55.48800000000002,52.96678517915473,22.0
-1,-75.31583415421056,14.762870587962947,35.0,38.496,36.81983415421057,21.0
-1,-110.22963667296276,17.265801486111062,49.0,55.20000000000002,55.02963667296272,20.0
-1,-88.4798343796405,19.073813185185116,45.0,55.68000000000004,32.79983437964045,16.0
-1,-81.5561417732192,12.228938328703686,39.0,43.48800000000001,38.0681417732192,24.0
-1,-112.54565590565898,13.962309199074076,41.0,47.80800000000001,64.73765590565897,25.0
-1,-132.57319390208397,14.95184031018518,64.0,90.62400000000004,41.94919390208392,23.0
-1,-101.62733791224568,18.014953912036976,51.0,57.79200000000002,43.83533791224565,20.0
-1,-121.95537863707416,15.859329287037024,46.0,57.69600000000002,64.25937863707414,21.0
-1,-136.0002633612841,24.750549462962848,61.0,89.95200000000006,46.04826336128407,18.0
-1,-208.51784559945983,16.38905732870366,88.0,141.2160000000001,67.30184559945977,22.0
-1,-87.73137926209581,13.967048074074077,34.0,45.02400000000001,42.707379262095806,20.0
-1,-95.3338036186936,12.255883333333342,47.0,59.32800000000002,36.00580361869356,20.0
-1,-90.5623572638305,14.797314731481473,38.0,43.58400000000001,46.97835726383049,22.0
-1,-92.70503236248668,14.404026379629618,37.0,47.04000000000001,45.66503236248666,22.0
-1,-119.4930381874048,15.728431564814802,47.0,61.72800000000003,57.76503818740477,24.0
-1,-87.03480181431352,14.385966018518506,36.0,45.98400000000001,41.05080181431352,22.0
-1,-119.61510235505811,16.411282495370358,57.0,65.66400000000003,53.9511023550581,21.0
-1,-76.38040670742643,15.391511717592564,45.0,48.672000000000025,27.7084067074264,16.0
-1,-110.62764566803172,10.571737990740733,44.0,52.80000000000002,57.82764566803171,26.0
-1,-74.37737449216463,10.958332250000016,37.0,40.51200000000001,33.86537449216463,20.0
-1,-97.9513215890512,15.157536069444426,50.0,61.056000000000026,36.89532158905116,21.0
-1,-90.01840826478451,15.591947032407408,37.0,41.08800000000001,48.93040826478451,24.0
-1,-124.86037018823968,21.94027748148138,52.0,69.60000000000002,55.260370188239655,19.0
-1,-79.69577653241737,16.325260981481478,38.0,43.58400000000001,36.11177653241735,19.0
-1,-93.70751867728735,18.59079872222221,43.0,40.8,52.90751867728737,21.0
-1,-100.57463109469607,18.53497766203696,47.0,58.46400000000002,42.11063109469606,22.0
-1,-95.64283698143788,18.13485432870363,45.0,61.72800000000002,33.914836981437865,13.0
-1,-86.12922306858414,16.569507347222206,45.0,50.68800000000001,35.44122306858412,16.0
-1,-106.15680602127348,13.80132482407408,43.0,52.12800000000002,54.02880602127344,24.0
-1,-128.19208665712006,16.49843849537034,63.0,88.80000000000004,39.39208665712001,19.0
-1,-94.39452490445244,17.457945287037003,44.0,49.92000000000001,44.47452490445245,22.0
-1,-99.52997263639486,17.451691245370313,48.0,52.60800000000002,46.92197263639485,20.0
-1,-105.2453200165723,15.815780055555548,45.0,54.62400000000002,50.62132001657226,25.0
-1,-86.05826432686047,19.439589231481413,48.0,55.87200000000003,30.18626432686044,15.0
-1,-137.46849387741543,17.821918981481435,52.0,71.90400000000004,65.56449387741542,23.0
-1,-109.84550815280636,16.100011388888852,44.0,49.728000000000016,60.11750815280633,24.0
-1,-81.94141526458705,15.97247926388886,39.0,46.080000000000005,35.86141526458704,20.0
-1,-90.87153697153536,15.196251782407414,43.0,55.20000000000002,35.67153697153535,18.0
-1,-82.6567583443819,14.068205324074068,39.0,46.46400000000001,36.192758344381886,21.0
-1,-100.65587518920708,16.21442418981479,54.0,66.33600000000003,34.31987518920704,19.0
-1,-86.19526273452097,18.30146121759258,56.0,52.128000000000014,34.06726273452095,19.0
-1,-77.74188142954793,15.835174208333346,45.0,51.45600000000002,26.285881429547917,14.0
-1,-89.56112950389559,14.467615472222231,47.0,48.76800000000001,40.79312950389557,19.0
-1,-105.0955324888218,16.249446638888905,46.0,57.88800000000002,47.20753248882177,22.0
-1,-95.48302448309852,19.9430666805555,50.0,62.01600000000002,33.4670244830985,17.0
-1,-70.41084832697535,13.795711578703695,42.0,52.60800000000002,17.80284832697533,13.0
-1,-103.37344850605515,15.558425129629642,37.0,41.85600000000001,61.517448506055146,23.0
-1,-98.43317182686792,16.134607138888875,42.0,46.848000000000006,51.58517182686792,22.0
-1,-82.24739943779574,16.35895499537037,39.0,52.032000000000025,30.21539943779571,18.0
-1,-109.442995686541,16.72375007407407,45.0,55.968000000000025,53.47499568654097,20.0
-1,-96.9012723116368,17.026095240740695,40.0,48.48000000000002,48.42127231163677,23.0
-1,-70.7595661397786,10.533603569444455,37.0,37.72800000000001,33.0315661397786,16.0
-1,-86.61669696076785,19.473012694444417,43.0,45.024000000000015,41.59269696076783,18.0
-1,-140.01782468686204,16.00904603703699,49.0,79.20000000000005,60.81782468686199,23.0
-1,-106.32880269714782,16.146578365740712,47.0,60.76800000000002,45.5608026971478,21.0
-1,-76.86557707971504,11.37189627314814,44.0,45.888000000000005,30.977577079715036,18.0
-1,-162.7098382682057,20.398500439814708,70.0,90.81600000000006,71.89383826820563,21.0
-1,-79.42248414028327,17.639498638888888,45.0,49.92000000000002,29.50248414028325,14.0
-1,-103.7331945873118,23.950451175925853,52.0,65.66400000000002,38.069194587311785,13.0
-1,-77.34749299596574,13.934969615740709,42.0,45.600000000000016,31.74749299596572,16.0
-1,-104.38889403429724,13.748519050925925,50.0,66.91200000000002,37.47689403429722,18.0
-1,-107.40401772580884,15.460878606481469,47.0,55.48800000000002,51.91601772580883,24.0
-1,-105.52314503009964,15.554117486111103,48.0,54.62400000000002,50.899145030099625,21.0
-1,-114.2221714573174,19.09415322685184,47.0,60.00000000000002,54.222171457317366,20.0
-1,-112.88211841503266,17.947966300925877,50.0,74.11200000000004,38.77011841503263,17.0
-1,-83.39100912953784,13.600762606481476,44.0,45.98400000000002,37.40700912953781,20.0
-1,-91.25294043265282,12.37515513888889,35.0,41.95200000000001,49.300940432652816,24.0
-1,-127.47628667274309,16.82902470833328,47.0,63.648000000000025,63.828286672743054,23.0
-1,-108.64313641916212,17.84969865740735,46.0,58.94400000000003,49.69913641916208,21.0
-1,-90.2592758890796,10.82864686574074,43.0,59.712000000000025,30.547275889079582,18.0
-1,-82.19637054104629,17.23305662962962,40.0,43.00800000000001,39.18837054104629,20.0
-1,-106.2467789456314,17.92474504166662,52.0,68.06400000000004,38.18277894563136,17.0
-1,-74.89576868999522,16.220300518518496,40.0,41.376000000000005,33.51976868999522,19.0
-1,-96.22749696445476,15.372154833333337,38.0,42.24,53.98749696445476,22.0
-1,-100.36167487323354,16.898646203703674,45.0,50.20800000000001,50.15367487323352,23.0
-1,-109.92458615693825,18.528777976851757,47.0,61.72800000000003,48.1965861569382,21.0
-1,-156.20565588431953,13.906343981481482,55.0,74.68800000000003,81.5176558843195,26.0
-1,-71.04393504531734,16.849055703703684,39.0,43.58400000000001,27.459935045317334,17.0
-1,-99.79677423448965,17.32507165740737,42.0,46.65600000000001,53.140774234489626,22.0
-1,-70.06791962363735,12.17672225925927,26.0,29.952,40.11591962363736,24.0
-1,-75.7171916559619,14.44347915277777,40.0,39.168000000000006,36.54919165596189,22.0
-1,-85.44857268625788,15.272266606481464,44.0,46.94400000000002,38.50457268625786,22.0
-1,-87.708743244372,16.407853064814795,41.0,48.384000000000015,39.32474324437199,21.0
-1,-136.40377731795428,18.682356814814742,56.0,78.72000000000004,57.68377731795423,21.0
-1,-99.4810682944105,14.196584685185185,39.0,44.16000000000002,55.32106829441048,24.0
-1,-108.72792575915096,15.682424902777788,51.0,62.68800000000002,46.03992575915093,18.0
-1,-113.1777736940213,15.164381828703688,44.0,56.44800000000002,56.72977369402128,23.0
-1,-117.3053038189094,16.409505513888877,56.0,72.09600000000003,45.209303818909376,19.0
-1,-93.39158553396648,18.1457392731481,47.0,52.032000000000025,41.35958553396646,19.0
-1,-104.32828993884056,18.69604549074068,38.0,52.22400000000002,52.10428993884055,20.0
-1,-90.13849342591854,13.457433296296294,38.0,43.58400000000001,46.55449342591852,24.0
-1,-88.79831449910633,15.708457726851837,51.0,49.24800000000002,39.55031449910631,21.0
-1,-92.87890466442072,12.865139504629624,31.0,39.936,52.94290466442072,25.0
-1,-70.07096222194221,12.813691750000013,45.0,43.20000000000001,26.870962221942207,18.0
-1,-98.50350764264196,18.675317050925862,51.0,68.16000000000003,30.34350764264193,16.0
-1,-91.63144708029546,14.007017902777768,47.0,54.33600000000003,37.29544708029544,22.0
-1,-89.7548119952049,16.487330282407367,41.0,44.92800000000001,44.8268119952049,22.0
-1,-114.25958769299844,17.752788351851795,54.0,67.77600000000002,46.48358769299841,19.0
-1,-112.26077345729612,19.143003962962908,45.0,53.76000000000001,58.50077345729612,22.0
-1,-91.51126290587708,21.897158203703714,57.0,63.07200000000003,28.439262905877047,13.0
-1,-74.06961872494423,16.87623545833332,39.0,45.50400000000002,28.565618724944216,15.0
-1,-94.6708757889005,12.486873439814811,38.0,46.848000000000006,47.8228757889005,26.0
-1,-96.83586739864263,15.417531800925907,43.0,44.928,51.90786739864263,25.0
-1,-109.9842673937594,15.124765287037023,48.0,62.78400000000002,47.2002673937594,20.0
-1,-93.5138895346918,13.779407319444434,42.0,47.61600000000001,45.89788953469179,22.0
-1,-172.5295081798885,18.05398272222215,76.0,121.53600000000009,50.99350817988842,21.0
-1,-89.91336372004847,20.21503167129628,53.0,54.33600000000002,35.57736372004845,18.0
-1,-129.564053591044,18.24221875462959,58.0,69.12000000000003,60.44405359104396,21.0
-1,-114.60075885275948,16.14214018055553,51.0,57.21600000000003,57.38475885275944,26.0
-1,-85.3286432537138,17.215761907407387,43.0,43.77600000000002,41.55264325371378,22.0
-1,-105.3509330280981,14.476130476851836,54.0,66.43200000000003,38.91893302809806,22.0
-1,-107.88236603850892,21.010243277777725,51.0,60.096000000000025,47.7863660385089,16.0
-1,-115.25345406375406,19.451525499999903,49.0,61.82400000000003,53.42945406375404,22.0
-1,-86.41215263709356,17.006141611111065,41.0,54.33600000000001,32.07615263709355,18.0
-1,-89.85999313982474,18.24293602314812,46.0,52.41600000000002,37.44399313982472,17.0
-1,-145.20548847309135,16.549088546296282,56.0,74.97600000000004,70.22948847309132,24.0
-1,-147.71346101048948,15.353704171296272,69.0,98.11200000000004,49.60146101048944,22.0
-1,-91.26059773936844,13.337609874999991,37.0,51.84000000000002,39.420597739368425,19.0
-1,-100.16279810505108,16.400216634259248,49.0,61.72800000000002,38.434798105051065,21.0
-1,-97.28436307336648,16.43476888425922,38.0,42.62400000000001,54.66036307336646,21.0
-1,-111.41639295483384,19.70268065740738,49.0,58.080000000000034,53.33639295483381,20.0
-1,-133.34839218894257,16.14690762499998,54.0,81.02400000000004,52.32439218894251,21.0
-1,-83.54085758001463,11.944986939814823,32.0,31.392000000000003,52.14885758001462,24.0
-1,-84.16556102991271,16.137008865740736,39.0,48.000000000000014,36.165561029912695,18.0
-1,-97.77088534698976,11.334138060185184,38.0,45.21600000000001,52.55488534698975,25.0
-1,-104.74566899578797,16.733046384259218,49.0,71.52000000000004,33.22566899578792,17.0
-1,-79.11926242048801,14.120090717592584,33.0,43.104000000000006,36.015262420488014,17.0
-1,-95.26551828587898,16.384580523148127,43.0,51.26400000000002,44.00151828587896,19.0
-1,-100.72305368340278,14.93725971296296,45.0,51.840000000000025,48.88305368340277,21.0
-1,-81.47749447508596,14.981336449074076,42.0,51.168000000000006,30.309494475085952,18.0
-1,-73.07846554137939,13.12942528703702,38.0,42.91200000000001,30.16646554137938,17.0
-1,-88.60479121492268,17.310122268518487,40.0,55.680000000000014,32.92479121492267,17.0
-1,-79.70026042641712,15.341066587962958,35.0,38.784,40.91626042641711,20.0
-1,-139.13378047360868,22.63674428703696,61.0,76.60800000000005,62.52578047360864,19.0
-1,-92.66130023656058,21.03675797222217,51.0,56.06400000000003,36.59730023656054,17.0
-1,-86.44025914948715,16.751676407407384,41.0,48.09600000000001,38.34425914948714,17.0
-1,-82.17467040880547,9.407480453703707,36.0,46.464000000000006,35.71067040880546,21.0
-1,-82.3066646574029,20.96531026851852,49.0,50.68800000000002,31.61866465740288,15.0
-1,-126.26851738758964,19.108140092592528,58.0,76.89600000000004,49.37251738758959,18.0
-1,-76.39205752875876,12.79261572222221,34.0,42.720000000000006,33.67205752875876,21.0
-1,-95.7991149721916,15.973850300925914,41.0,48.384000000000015,47.41511497219159,20.0
-1,-116.46937078782162,15.969690949074066,49.0,58.75200000000002,57.71737078782159,24.0
-1,-87.37399719617561,18.02827641666665,57.0,72.96000000000002,14.413997196175586,9.0
-1,-126.75162383753154,19.486557365740698,56.0,71.90400000000004,54.8476238375315,22.0
-1,-92.1453908939954,12.23581944444443,29.0,39.552,52.59339089399539,25.0
-1,-103.76366704550205,15.222451796296284,46.0,52.70400000000002,51.059667045502025,21.0
-1,-107.28591873601786,14.066640263888884,41.0,57.40800000000002,49.87791873601785,21.0
-1,-142.1509620220004,15.521215791666638,62.0,92.25600000000006,49.894962022000335,24.0
-1,-105.14189164860456,14.53732999074072,45.0,63.16800000000002,41.973891648604535,23.0
-1,-73.32897682635276,16.155667736111102,36.0,48.09600000000002,25.232976826352743,16.0
-1,-63.26940810545611,18.57592262037037,39.0,40.896,22.373408105456104,12.0
-1,-88.11796656820934,15.24456656944444,44.0,50.88000000000002,37.23796656820932,17.0
-1,-87.60569086520644,16.985906129629623,35.0,46.36800000000001,41.23769086520644,19.0
-1,-86.08135683283797,15.663864180555535,43.0,55.58400000000002,30.49735683283796,18.0
-1,-85.57801792147616,20.02753661574072,50.0,47.808000000000014,37.77001792147615,15.0
-1,-97.49259159622102,15.510496106481463,41.0,46.368000000000016,51.124591596221,21.0
-1,-72.01187226127897,13.315444027777769,42.0,45.02400000000001,26.98787226127896,14.0
-1,-100.10239416710826,15.532882421296296,44.0,49.92000000000002,50.18239416710824,21.0
-1,-95.51456277261713,17.960921902777716,46.0,57.02400000000004,38.49056277261708,22.0
-1,-89.64711506186039,21.09937618055553,45.0,50.88000000000002,38.76711506186037,17.0
-1,-84.24664918502191,13.41457576851852,41.0,45.408,38.83864918502192,21.0
-1,-77.54989221924811,14.659385037037014,37.0,48.19200000000002,29.35789221924808,19.0
-1,-103.10507384066383,16.921182495370356,50.0,64.99200000000002,38.11307384066381,20.0
-1,-83.67057541389735,12.501811032407392,39.0,51.26400000000002,32.406575413897336,16.0
-1,-90.0741507947286,14.184917703703716,38.0,44.54400000000001,45.5301507947286,21.0
-1,-76.41515001045123,11.161619365740751,36.0,44.832,31.58315001045123,21.0
-1,-82.21224201204396,12.882054430555543,35.0,46.46400000000001,35.748242012043946,21.0
-1,-80.4249902504439,15.814529722222211,35.0,42.91200000000001,37.51299025044388,20.0
-1,-97.7996858641688,16.82348306018514,45.0,55.58400000000002,42.21568586416878,18.0
-1,-114.55995214604656,15.887500037037045,44.0,59.04000000000003,55.519952146046535,21.0
-1,-74.25558186382561,15.709569435185175,40.0,45.792000000000016,28.4635818638256,18.0
-1,-116.83130111471166,18.60510409722221,56.0,76.03200000000004,40.79930111471163,20.0
-1,-111.9873344493393,18.03073239814808,53.0,72.76800000000003,39.21933444933927,15.0
-1,-89.238846008992,19.490380287037,41.0,50.59200000000002,38.64684600899199,14.0
-1,-106.99477571927687,13.252990361111106,41.0,50.78400000000002,56.21077571927686,23.0
-1,-117.60257628389748,15.72107078703702,38.0,52.704000000000015,64.89857628389748,24.0
-1,-97.38364673273976,15.113022328703693,44.0,57.88800000000002,39.49564673273973,19.0
-1,-94.7766408695846,14.145114004629637,37.0,45.21600000000001,49.56064086958459,22.0
-1,-89.09088089375379,16.159179407407414,42.0,57.50400000000001,31.586880893753783,15.0
-1,-105.81296373836594,20.346801134259184,50.0,63.74400000000004,42.068963738365895,19.0
-1,-71.7676328593468,13.880524708333327,34.0,40.8,30.9676328593468,19.0
-1,-109.29114294881192,20.34002795833327,56.0,62.30400000000003,46.98714294881189,19.0
-1,-113.71923527153442,12.114845856481478,46.0,59.13600000000002,54.583235271534384,25.0
-1,-90.95727607675518,16.513242634259264,43.0,43.872000000000014,47.08527607675517,20.0
-1,-85.33902705303929,8.618659055555572,31.0,34.944,50.395027053039286,24.0
-1,-97.61921382079451,11.253684356481468,43.0,59.52000000000002,38.099213820794496,19.0
-1,-86.40766169687328,15.621623013888868,37.0,51.64800000000002,34.75966169687326,17.0
-1,-105.99526706343988,16.9213835694444,48.0,66.72000000000003,39.275267063439856,19.0
-1,-112.8534585279864,17.747007263888836,48.0,61.53600000000003,51.31745852798635,20.0
-1,-100.8560271835209,15.299892486111084,36.0,51.360000000000014,49.49602718352087,25.0
-1,-98.24744031540456,18.135397319444408,42.0,45.98400000000001,52.26344031540456,19.0
-1,-97.32442736540416,17.777068847222203,49.0,56.928000000000026,40.39642736540412,15.0
-1,-91.67752190418008,16.963692773148097,48.0,61.44000000000002,30.237521904180063,18.0
-1,-90.8169627210983,17.330353921296272,45.0,55.68000000000001,35.1369627210983,18.0
-1,-102.9890624912342,9.55918033333334,43.0,48.96000000000002,54.02906249123416,26.0
-1,-108.41084280806882,16.063428962962938,49.0,63.74400000000004,44.66684280806879,20.0
-1,-96.83260033403896,14.103314162037034,37.0,42.432,54.40060033403898,23.0
-1,-91.61700432717303,18.45462437037031,38.0,50.304000000000016,41.31300432717303,20.0
