-1,-455.63548802664764,77.58446406944431,204.0,134.68800000000007,320.94748802664753,30.0
-1,-799.8198405759719,94.42379477777774,219.0,126.8159999999999,673.0038405759719,30.0
-1,-913.2712100013316,138.8831469444445,331.0,165.31199999999984,747.9592100013318,30.0
-1,-917.5768255649872,118.66774572222232,196.0,81.79199999999993,835.7848255649873,30.0
-1,-1000.4669395249424,90.32768196759255,202.0,149.37600000000006,851.0909395249423,30.0
-1,-773.4193057784278,107.46172016666658,210.0,107.04000000000002,666.3793057784278,30.0
-1,-1288.5602574762854,146.8644637685184,235.0,101.08800000000004,1187.4722574762854,30.0
-1,-773.5123575136632,100.60044661111114,204.0,113.2799999999999,660.2323575136634,30.0
-1,-669.7156868576853,99.75436238425924,196.0,101.75999999999988,567.9556868576855,29.0
-1,-987.4847015247084,127.22996012962965,239.0,131.13599999999994,856.3487015247083,30.0
-1,-496.92738288704254,76.61266341203708,201.0,126.04799999999996,370.87938288704254,30.0
-1,-983.0513215957438,122.13620775925926,240.0,131.90400000000002,851.1473215957438,30.0
-1,-568.9218428873085,63.51313668981499,192.0,201.60000000000016,367.32184288730826,30.0
-1,-521.115649450934,84.02619447685201,198.0,154.56000000000017,366.55564945093386,29.0
-1,-860.378674537408,127.10956286574056,286.0,193.1520000000002,667.2266745374077,30.0
-1,-735.0215835932618,82.24758174537037,234.0,245.47200000000024,489.5495835932616,30.0
-1,-608.67895185274,60.36854215277789,203.0,213.40800000000007,395.2709518527399,30.0
-1,-420.22867880582606,54.19654865277796,165.0,162.9120000000001,257.316678805826,29.0
-1,-338.43152583350616,51.60284270370378,190.0,202.46400000000008,135.96752583350607,29.0
-1,-760.4751072146355,84.67708618055558,247.0,194.49600000000012,565.9791072146354,30.0
-1,-547.1320175376891,97.4078154675926,268.0,208.32000000000025,338.8120175376888,28.0
-1,-364.3045834733041,40.736909523148206,160.0,188.06400000000005,176.240583473304,29.0
-1,-410.35098512526446,45.75627128703721,183.0,198.7200000000001,211.63098512526432,26.0
-1,-364.8061336093415,49.986318125000025,196.0,197.7600000000001,167.04613360934138,27.0
-1,-369.6702071812165,36.93683725000004,177.0,201.40800000000004,168.26220718121647,30.0
-1,-297.93960640065114,32.39398452777773,173.0,173.85600000000005,124.08360640065108,25.0
-1,-295.23341837852115,39.454594722222254,179.0,158.6880000000001,136.54541837852105,26.0
-1,-257.55772247636844,21.45168182407399,142.0,177.12,80.43772247636842,26.0
-1,-268.4838259568173,31.841550796296264,168.0,184.12800000000004,84.35582595681731,21.0
-1,-224.92043446740485,29.95831422222221,147.0,169.5360000000001,55.38443446740476,21.0
-1,-177.3642438385947,19.71796092592589,153.0,138.33600000000004,39.02824383859465,24.0
-1,-368.6557226342488,46.26305627314811,221.0,195.26400000000012,173.39172263424862,27.0
-1,-179.82065459444877,20.78145489814812,122.0,136.03200000000004,43.78865459444872,20.0
-1,-248.0293565812896,32.78316093981478,175.0,183.07200000000003,64.95735658128956,22.0
-1,-177.96768432928124,20.02948611111109,133.0,145.24800000000005,32.71968432928119,18.0
-1,-170.95937402929388,18.9022268842592,136.0,149.66400000000004,21.29537402929384,15.0
-1,-215.6908188567492,19.19429748611109,160.0,190.65600000000003,25.034818856749173,18.0
-1,-186.67278371042184,15.272520226851857,143.0,164.06400000000008,22.608783710421765,16.0
-1,-361.2676818463009,35.11255820833333,270.0,273.888,87.37968184630091,21.0
-1,-246.69875556425595,26.86002355555547,193.0,230.592,16.106755564255945,11.0
-1,-194.7764439722017,17.587857620370347,155.0,168.28799999999998,26.488443972201736,16.0
-1,-207.40480456124556,21.997141444444413,170.0,192.7680000000001,14.636804561245468,10.0
-1,-178.56969696964967,20.92194653240736,128.0,155.616,22.953696969649684,15.0
-1,-167.06032969711842,18.09669462962959,109.0,138.72000000000006,28.340329697118364,17.0
-1,-193.24311881100496,16.201654064814825,153.0,173.47200000000004,19.771118811004925,14.0
-1,-157.69010849528416,19.102614736111104,140.0,142.46400000000003,15.226108495284128,12.0
-1,-160.86238668758617,19.797442314814813,124.0,135.16800000000003,25.69438668758614,15.0
-1,-173.31922302659387,18.91293867129626,128.0,151.48800000000008,21.8312230265938,15.0
-1,-167.53771475124682,20.8823977083333,124.0,134.97600000000003,32.5617147512468,17.0
-1,-216.65826520698323,24.40382465740737,170.0,195.168,21.49026520698324,11.0
-1,-169.1388255389343,22.03896719444444,140.0,153.02399999999997,16.114825538934326,11.0
-1,-162.74426406715693,18.308154564814764,130.0,138.24000000000004,24.504264067156903,16.0
-1,-150.04581048293377,21.075013513888845,120.0,122.78400000000003,27.261810482933683,14.0
-1,-181.38102886986837,17.6149036898148,160.0,160.51200000000017,20.86902886986818,12.0
-1,-219.4795779568313,28.685893180555578,166.0,176.92800000000008,42.55157795683121,16.0
-1,-150.1274048713678,14.479881995370354,122.0,131.13600000000002,18.991404871367763,14.0
-1,-141.05870167234127,18.529728680555493,98.0,112.32000000000004,28.73870167234124,14.0
-1,-142.08813012686971,16.515326324074056,112.0,125.76000000000003,16.328130126869677,12.0
-1,-165.52388963994198,20.89483698148145,133.0,147.36000000000007,18.163889639941917,11.0
-1,-159.1076218137162,20.414895796296257,134.0,137.08800000000005,22.019621813716142,13.0
-1,-172.21975330412752,15.733504421296288,120.0,151.77600000000007,20.443753304127465,14.0
-1,-173.4215694901103,23.254155648148096,154.0,160.41600000000008,13.005569490110211,9.0
-1,-227.87121407465125,18.839497787037025,176.0,209.2800000000001,18.591214074651173,13.0
-1,-261.5408011287848,19.70001654629626,136.0,210.52800000000013,51.012801128784666,21.0
-1,-130.70946591597504,17.22962468055555,107.0,104.06400000000002,26.645465915975038,15.0
-1,-216.2073208017759,18.1161447222222,128.0,182.59200000000016,33.615320801775745,18.0
-1,-156.6164274583865,21.86615481481476,123.0,136.41600000000005,20.20042745838647,13.0
-1,-153.09254523217388,16.653152597222213,121.0,123.74400000000004,29.34854523217384,16.0
-1,-116.3890320034254,13.577582773148144,79.0,93.12000000000003,23.269032003425384,17.0
-1,-139.21373464702614,15.787677083333332,100.0,111.45600000000005,27.75773464702611,16.0
-1,-254.52415084410225,21.3291206481481,200.0,234.33600000000007,20.188150844102147,13.0
-1,-118.88449512735356,14.408711254629646,81.0,92.16000000000004,26.72449512735353,17.0
-1,-127.6482484649784,19.37081431481479,99.0,108.38400000000009,19.264248464978333,11.0
-1,-138.71261662820095,22.261527495370316,113.0,112.80000000000004,25.912616628200897,13.0
-1,-116.57813457546644,14.524017648148147,81.0,95.32800000000005,21.250134575466404,15.0
-1,-145.34780129206416,19.75080498148148,101.0,118.17600000000002,27.17180129206414,15.0
-1,-118.76431628077307,15.504663356481458,86.0,101.18400000000004,17.58031628077303,10.0
-1,-113.268102311993,14.230321060185185,80.0,93.88800000000003,19.380102311992957,14.0
-1,-144.44964129884266,19.353189745370354,99.0,115.00800000000008,29.44164129884259,14.0
-1,-169.34197828742518,18.14929849074072,116.0,145.24800000000005,24.09397828742512,17.0
-1,-134.9129543551548,18.52129561574071,95.0,109.63200000000008,25.28095435515472,13.0
-1,-119.86911761346238,13.69034583796296,79.0,93.02400000000004,26.84511761346233,17.0
-1,-140.02372376138345,18.3283956388888,102.0,112.89600000000004,27.127723761383404,17.0
-1,-308.20814675603947,19.068109199074023,154.0,246.04800000000012,62.1601467560393,21.0
-1,-125.1091223059646,17.018109986111078,81.0,99.64800000000004,25.46112230596457,15.0
-1,-113.21745184631538,16.01284112499999,85.0,90.43200000000006,22.78545184631533,14.0
-1,-123.16518509365328,18.41739139351847,96.0,101.28000000000004,21.88518509365325,15.0
-1,-185.8519114623054,16.855983074074025,94.0,145.82400000000007,40.02791146230534,16.0
-1,-131.74359084039344,13.844153601851833,73.0,101.08800000000004,30.655590840393376,17.0
-1,-135.24645096768114,20.093966624999958,72.0,94.94400000000005,40.302450967681125,19.0
-1,-110.96574058422162,17.473050851851806,78.0,89.56800000000005,21.39774058422157,16.0
-1,-112.77173348563792,14.974556439814815,68.0,74.20800000000004,38.56373348563789,17.0
-1,-115.11321609533532,18.132394074074018,67.0,86.97600000000006,28.137216095335276,17.0
-1,-125.90213285868003,15.764141925925916,64.0,86.40000000000005,39.50213285867999,19.0
-1,-122.79371369691223,14.895378856481456,76.0,93.79200000000004,29.001713696912223,19.0
-1,-85.08811276726684,13.233702958333328,55.0,64.51200000000001,20.57611276726681,13.0
-1,-100.67420133319544,14.20221892129628,55.0,71.61600000000003,29.0582013331954,17.0
-1,-103.99518163691266,17.72685422222219,63.0,71.32800000000003,32.66718163691264,17.0
-1,-109.55209780151446,18.2649116574074,66.0,84.38400000000003,25.16809780151443,15.0
-1,-176.57304821685017,14.497274310185164,84.0,111.45600000000006,65.11704821685011,25.0
-1,-110.97495600784984,17.67556398148147,65.0,77.66400000000003,33.31095600784982,15.0
-1,-136.317395554729,13.862996032407391,81.0,106.94400000000005,29.373395554728933,17.0
-1,-111.08006605828722,15.974426467592584,66.0,82.75200000000004,28.328066058287177,17.0
-1,-239.22345737137647,16.278264518518483,105.0,169.0560000000001,70.16745737137636,24.0
-1,-174.447818107229,19.241131990740683,84.0,124.51200000000009,49.93581810722893,24.0
-1,-106.65498450486636,11.775340129629614,49.0,69.12000000000003,37.53498450486633,19.0
-1,-197.2748943738606,18.31733635648144,97.0,146.11200000000008,51.16289437386053,22.0
-1,-112.33363252519422,16.67919845370368,62.0,76.41600000000004,35.91763252519418,16.0
-1,-103.97699171357284,16.698403453703694,62.0,75.36000000000003,28.6169917135728,16.0
-1,-102.02479293127004,15.231707652777777,54.0,66.62400000000004,35.40079293126999,16.0
-1,-231.66781794652587,15.9498841759259,101.0,181.24800000000013,50.41981794652575,20.0
-1,-102.51879667452282,15.878924421296276,63.0,75.36000000000004,27.158796674522776,14.0
-1,-102.51774516599484,13.853686712962949,45.0,57.88800000000002,44.62974516599484,22.0
-1,-104.9603945051502,14.625484527777772,55.0,66.62400000000004,38.33639450515015,23.0
-1,-126.8782924769652,13.831072101851843,56.0,64.70400000000002,62.17429247696519,24.0
-1,-111.97900225162972,15.54189362499999,68.0,81.12000000000003,30.85900225162968,16.0
-1,-113.2336853342059,16.02458157870369,55.0,68.92800000000004,44.30568533420586,20.0
-1,-141.49516435173211,15.191883328703687,64.0,91.48800000000004,50.00716435173207,26.0
-1,-98.82021150419948,12.167531129629635,53.0,63.648000000000025,35.17221150419945,20.0
-1,-91.0437715268732,12.937503175925915,39.0,55.10400000000002,35.93977152687317,18.0
-1,-97.0346481476246,16.19805114814813,50.0,53.08800000000003,43.946648147624565,19.0
-1,-115.50282709897849,14.664316060185175,51.0,67.77600000000002,47.72682709897845,23.0
-1,-119.18292465384874,15.271848180555551,51.0,64.12800000000003,55.05492465384871,22.0
-1,-92.2202560602413,10.750783652777756,43.0,53.47200000000002,38.74825606024127,20.0
-1,-103.51461120229844,13.588764226851834,52.0,64.70400000000002,38.81061120229842,24.0
-1,-107.31070020075497,15.112475652777755,52.0,69.98400000000002,37.32670020075494,18.0
-1,-138.08466346453253,16.390640537037,53.0,72.38400000000003,65.70066346453248,23.0
-1,-115.11436701824128,15.574091902777743,43.0,65.47200000000004,49.64236701824123,20.0
-1,-138.85588641605352,21.873392245370315,59.0,75.64800000000004,63.20788641605347,24.0
-1,-112.1603166097706,17.18563947685184,43.0,56.44800000000002,55.71231660977057,21.0
-1,-96.1549216865591,15.022243416666653,43.0,49.920000000000016,46.2349216865591,20.0
-1,-154.8972486456652,15.337892953703694,65.0,85.53600000000006,69.36124864566514,24.0
-1,-137.22850965280253,20.21954743518512,63.0,77.08800000000004,60.1405096528025,22.0
-1,-124.998045168298,19.077152814814767,81.0,98.68800000000006,26.31004516829795,14.0
-1,-88.96741484017222,15.4645528472222,49.0,60.57600000000003,28.3914148401722,18.0
-1,-120.14978909748494,16.67074684722218,67.0,88.41600000000004,31.7337890974849,15.0
-1,-148.91674562983712,16.43720898148144,71.0,109.72800000000004,39.18874562983708,19.0
-1,-168.74324005429025,22.29590967592589,74.0,105.02400000000009,63.71924005429016,24.0
-1,-161.12147157035776,16.235535055555513,69.0,109.44000000000008,51.68147157035767,20.0
-1,-91.75906683401465,10.073132245370372,38.0,49.44000000000002,42.31906683401464,21.0
-1,-188.6275365211624,18.022915745370327,87.0,116.64000000000009,71.9875365211623,25.0
-1,-118.04506688462244,17.198750462962924,56.0,72.67200000000003,45.3730668846224,17.0
-1,-164.6803947235394,14.734559819444428,76.0,115.77600000000008,48.904394723539305,24.0
-1,-98.69828930077244,17.01406876851848,45.0,55.39200000000002,43.30628930077241,21.0
-1,-104.58069215175406,14.807812097222213,42.0,52.12800000000003,52.45269215175404,24.0
-1,-98.6018631545388,9.981201111111124,35.0,50.20800000000001,48.39386315453878,25.0
-1,-106.54690787476903,14.76733413888887,52.0,62.49600000000002,44.050907874769,23.0
-1,-111.62922672985336,16.81189267592591,58.0,74.40000000000003,37.22922672985335,18.0
-1,-93.62523988985043,12.847799254629615,44.0,46.84800000000002,46.77723988985041,22.0
-1,-103.1290426578292,13.75976748148147,56.0,63.26400000000002,39.86504265782918,22.0
-1,-105.40570876148618,14.891601282407402,49.0,66.33600000000003,39.06970876148615,17.0
-1,-121.75184003767777,18.056316050925904,55.0,72.38400000000003,49.36784003767772,20.0
-1,-157.2870384726318,16.571805037037006,62.0,101.47200000000004,55.81503847263175,19.0
-1,-122.62103825300927,15.769745421296292,62.0,77.47200000000004,45.14903825300925,20.0
-1,-113.203591640982,16.678103847222193,54.0,61.824000000000034,51.37959164098198,21.0
-1,-98.95450091329364,16.73180078703702,48.0,56.06400000000003,42.89050091329359,16.0
-1,-112.6966070430898,17.28001964351847,51.0,66.81600000000002,45.8806070430898,19.0
-1,-167.73122200490113,23.59672524074065,92.0,124.80000000000008,42.931222004901045,21.0
-1,-117.97764040075626,15.708914791666649,64.0,79.00800000000004,38.96964040075622,19.0
-1,-101.58720819904998,16.815833657407392,47.0,61.34400000000002,40.24320819904996,19.0
-1,-106.96379430936648,15.71976857407404,54.0,71.52000000000002,35.44379430936646,20.0
-1,-137.16584723748556,14.203850092592589,43.0,56.25600000000002,80.90984723748554,26.0
-1,-126.0827017038002,11.798308990740733,57.0,71.71200000000003,54.370701703800165,24.0
-1,-126.09094228863034,16.124350324074044,55.0,75.93600000000004,50.15494228863031,22.0
-1,-122.26307397182129,18.909971907407357,62.0,75.26400000000004,46.99907397182124,21.0
-1,-89.38103707433736,14.126405481481488,40.0,52.51200000000002,36.869037074337335,21.0
-1,-95.17919098389528,17.078508865740748,56.0,58.75200000000003,36.42719098389525,21.0
-1,-171.7577912535856,19.982539439814705,74.0,108.00000000000009,63.75779125358552,23.0
-1,-96.19445655250254,19.125701499999963,46.0,54.048000000000016,42.14645655250252,17.0
-1,-121.48521052935048,14.56783857870368,62.0,80.25600000000003,41.229210529350446,21.0
-1,-124.40819406896637,17.51439157870365,52.0,67.29600000000003,57.112194068966325,23.0
-1,-89.41165566813774,11.434918731481474,46.0,55.58400000000002,33.82765566813772,20.0
-1,-119.37772814391676,15.821976898148137,59.0,67.00800000000002,52.36972814391673,21.0
-1,-113.05993551939892,14.186718842592578,58.0,78.52800000000003,34.53193551939889,19.0
-1,-120.39291774044511,16.80254393981478,59.0,75.45600000000005,44.93691774044508,19.0
-1,-83.78486578381134,17.353342041666643,41.0,50.01600000000002,33.76886578381133,19.0
-1,-104.35831172419358,14.943376958333316,60.0,70.65600000000003,33.70231172419355,17.0
-1,-97.86726428612972,12.403629111111098,40.0,52.800000000000026,45.06726428612969,21.0
-1,-112.2048056693672,14.527240106481448,42.0,64.03200000000002,48.17280566936717,21.0
-1,-127.0138936329652,18.76882377777773,66.0,81.31200000000004,45.701893632965145,19.0
-1,-141.70125434204562,16.569028976851857,69.0,86.59200000000004,55.10925434204558,18.0
-1,-99.232357268542,16.59775194907405,48.0,59.52000000000002,39.71235726854198,19.0
-1,-117.30712306499154,17.35059568981479,58.0,64.70400000000002,52.60312306499152,20.0
-1,-150.95035810201747,19.042485527777764,110.0,129.21600000000004,21.73435810201744,11.0
-1,-105.46081461565196,16.979164958333275,49.0,68.25600000000003,37.20481461565194,20.0
-1,-129.470583471285,16.323887546296287,59.0,76.32000000000004,53.15058347128499,19.0
-1,-97.61801894306603,15.230148611111098,58.0,65.37600000000003,32.24201894306599,18.0
-1,-103.62607971164589,11.801813384259248,50.0,68.83200000000002,34.79407971164584,19.0
-1,-127.2223389320352,18.50564221759253,61.0,80.25600000000004,46.96633893203514,24.0
-1,-106.90987258454216,12.85019417129629,56.0,73.82400000000003,33.08587258454214,19.0
-1,-100.65928641970794,16.54246962962961,56.0,62.97600000000002,37.68328641970792,21.0
-1,-103.53179058383988,18.75032697685178,54.0,64.41600000000003,39.11579058383987,20.0
-1,-119.99716735397293,18.495847185185127,67.0,67.39200000000004,52.60516735397289,19.0
-1,-112.46831426351504,15.082514509259264,46.0,48.38400000000002,64.08431426351501,25.0
-1,-114.91756082972506,20.36506887962959,53.0,53.95200000000003,60.96556082972504,19.0
-1,-102.00272762559608,13.038306314814802,61.0,75.55200000000002,26.45072762559604,14.0
-1,-114.63924116638404,15.129898444444418,51.0,53.85600000000002,60.78324116638401,24.0
-1,-127.30202927427264,17.069713143518452,64.0,81.02400000000004,46.27802927427258,22.0
-1,-106.6093968394342,14.876823800925903,59.0,76.60800000000003,30.001396839434182,20.0
-1,-116.60432925079326,14.998215638888874,60.0,68.35200000000003,48.25232925079322,21.0
-1,-104.85432179956892,14.927775041666663,78.0,77.18400000000003,27.6703217995689,17.0
-1,-132.47455759926902,19.98677629629623,69.0,93.02400000000006,39.45055759926895,19.0
-1,-109.86669316573968,16.236353425925913,52.0,61.05600000000003,48.81069316573965,23.0
-1,-105.66670649090486,16.619292898148107,47.0,56.83200000000002,48.83470649090484,21.0
-1,-121.27604795473964,14.895784800925922,66.0,61.24800000000004,60.02804795473962,26.0
-1,-111.09121652800016,18.79536058333331,69.0,80.83200000000004,30.25921652800013,18.0
-1,-100.84362673595874,17.861328333333304,49.0,54.04800000000002,46.79562673595871,20.0
-1,-113.75062703780029,18.977226578703696,55.0,66.91200000000003,46.83862703780024,20.0
-1,-99.63183389373722,14.69201473148146,52.0,57.02400000000004,42.6078338937372,21.0
-1,-93.62468169376211,16.700498513888842,48.0,58.56000000000002,35.0646816937621,17.0
-1,-90.63221407564528,13.97579407407406,60.0,71.04000000000002,19.59221407564525,13.0
-1,-108.04228104097872,14.847057990740744,47.0,58.08000000000002,49.96228104097869,23.0
-1,-126.92007586569338,21.44455119444437,59.0,71.32800000000002,55.59207586569337,19.0
-1,-120.3192281376171,16.743533152777754,76.0,83.61600000000004,36.70322813761705,22.0
-1,-100.477828321778,16.37284337037035,48.0,64.80000000000003,35.67782832177798,18.0
-1,-116.44584647566616,17.108667861111094,75.0,87.16800000000005,29.27784647566611,17.0
-1,-113.93353716967788,16.13402052314811,47.0,58.27200000000003,55.66153716967787,23.0
-1,-97.87674711629928,19.54310036111108,60.0,72.00000000000001,25.876747116299256,14.0
-1,-113.0989165128574,16.890754731481444,53.0,62.68800000000003,50.41091651285738,21.0
-1,-240.3751325047716,27.90015412037029,108.0,147.6480000000001,92.72713250477152,22.0
-1,-116.9489633789319,13.624311921296316,73.0,85.34400000000004,31.60496337893186,14.0
-1,-98.87077530836036,16.114405134259272,68.0,79.29600000000003,19.57477530836033,11.0
-1,-118.55016902343958,21.909572347222174,61.0,65.56800000000004,52.98216902343954,20.0
-1,-120.33835328715614,25.672853180555485,58.0,61.82400000000003,58.51435328715611,20.0
-1,-119.7795060540497,16.155614726851837,74.0,83.04000000000003,36.73950605404968,17.0
-1,-125.60611901149316,23.164823097222143,68.0,81.79200000000003,43.81411901149311,19.0
-1,-123.14638224714147,22.760393416666588,59.0,79.29600000000003,43.85038224714144,18.0
-1,-102.24775487459677,13.150120995370363,55.0,57.88800000000002,44.35975487459673,22.0
-1,-136.95190477536073,21.732266189814712,55.0,75.74400000000003,61.207904775360696,21.0
-1,-102.13530718125789,15.224953879629613,54.0,63.16800000000001,38.96730718125785,18.0
-1,-113.0818210771444,17.876153851851825,60.0,71.90400000000002,41.17782107714438,21.0
-1,-116.6129080367198,16.621022953703687,66.0,75.93600000000004,40.676908036719766,20.0
-1,-98.27126905025722,10.62321591203704,44.0,56.352000000000025,41.9192690502572,21.0
-1,-107.67570254719216,20.25090603240736,61.0,70.75200000000002,36.92370254719216,18.0
-1,-100.74397866366262,23.637844268518453,51.0,58.27200000000002,42.4719786636626,17.0
-1,-112.802602282796,16.31108287962961,57.0,70.46400000000003,42.33860228279596,23.0
-1,-144.79031275049695,14.934668518518505,62.0,98.88000000000004,45.91031275049689,19.0
-1,-112.07531217733086,13.371168939814815,56.0,75.07200000000003,37.00331217733082,19.0
-1,-99.07642779894098,17.1838577222222,43.0,48.28800000000002,50.78842779894097,21.0
-1,-97.85537006320342,18.85330862962959,60.0,64.03200000000002,33.8233700632034,17.0
-1,-105.21795489182138,19.44674928703699,55.0,62.88000000000002,42.33795489182136,19.0
-1,-94.29671725748578,22.008256648148137,64.0,66.04800000000003,28.24871725748575,14.0
-1,-95.95500754109987,12.932047328703696,50.0,60.96000000000002,34.995007541099866,20.0
-1,-96.03990914494788,18.68920568055557,65.0,73.92000000000002,22.11990914494785,11.0
-1,-107.5907138096086,14.374982374999975,46.0,64.60800000000003,42.98271380960856,22.0
-1,-100.97578149679303,17.920975902777766,51.0,57.120000000000026,43.85578149679301,21.0
-1,-138.03881064759406,23.565515620370327,55.0,49.344,88.69481064759405,21.0
-1,-94.81535254426556,17.215353416666645,50.0,57.408000000000015,37.40735254426554,19.0
-1,-101.44182371951746,19.100724851851844,48.0,43.87199999999999,57.56982371951747,20.0
-1,-117.6612041849936,18.9186841157407,71.0,91.00800000000004,26.65320418499356,15.0
-1,-104.16557734128044,11.710004268518514,59.0,69.60000000000002,34.565577341280424,17.0
-1,-110.66497666087103,18.905362435185115,66.0,73.44000000000004,37.224976660871,19.0
-1,-154.97915832373752,20.62607849999992,68.0,85.24800000000005,69.73115832373749,26.0
-1,-137.911328767141,14.167190328703692,55.0,74.49600000000004,63.41532876714098,24.0
-1,-109.1760901806404,14.602750763888878,48.0,65.08800000000002,44.0880901806404,22.0
-1,-100.1953527606056,14.676775768518525,62.0,71.23200000000004,28.96335276060556,14.0
-1,-106.9346766612844,15.043940365740726,49.0,57.60000000000003,49.334676661284384,23.0
-1,-128.4011689811217,21.9707195648148,73.0,80.92800000000004,47.47316898112166,19.0
-1,-89.41481944672799,16.346709074074077,65.0,69.02400000000003,20.390819446727956,12.0
-1,-102.92497602357815,20.74351810185182,66.0,75.26400000000002,27.66097602357813,16.0
-1,-88.28163391985265,18.954671300925888,47.0,46.46400000000001,41.81763391985263,20.0
-1,-82.7694028511662,13.931670226851862,51.0,51.55200000000002,31.217402851166177,18.0
-1,-90.59354668983092,13.766121972222228,49.0,53.28000000000002,37.31354668983089,21.0
-1,-96.57344484364648,14.790812916666653,54.0,66.91200000000003,29.66144484364645,16.0
-1,-116.09450592313326,9.62657081944445,53.0,70.36800000000004,45.72650592313322,25.0
-1,-119.617980819309,16.67455334259259,48.0,54.43200000000001,65.18598081930898,24.0
-1,-114.60959648506068,14.60588271759258,60.0,81.79200000000003,32.81759648506066,18.0
-1,-93.22438516003932,18.322571773148105,44.0,50.78400000000002,42.44038516003931,21.0
-1,-130.53703392108685,21.51747629166661,83.0,97.53600000000006,33.0010339210868,15.0
-1,-94.84244678831196,16.522319731481446,53.0,61.34400000000003,33.498446788311945,18.0
-1,-111.52725601940028,12.845797495370348,70.0,80.16000000000003,31.367256019400248,19.0
-1,-114.27005488779248,11.89384653240741,47.0,63.36000000000003,50.91005488779244,26.0
-1,-117.65095641252373,20.451140787037023,76.0,84.57600000000004,33.07495641252368,14.0
-1,-119.73295484362802,21.997979018518446,61.0,73.24800000000003,46.484954843628,19.0
-1,-138.89310718628587,24.63211343518517,64.0,73.82400000000004,65.06910718628582,24.0
-1,-112.57827967700288,17.921759685185144,70.0,73.63200000000003,38.94627967700284,22.0
-1,-115.52333105972993,19.58860583333329,64.0,67.48800000000004,48.03533105972986,21.0
-1,-97.68377306303807,12.396791504629627,48.0,59.32800000000002,38.35577306303804,22.0
-1,-78.1655558253114,15.209137064814817,43.0,50.01600000000002,28.149555825311385,17.0
-1,-128.15265623222422,23.561213185185117,93.0,92.54400000000004,35.60865623222416,17.0
-1,-94.75829424921938,17.3879979259259,50.0,48.576000000000015,46.18229424921935,22.0
-1,-117.76823758622253,22.177856296296248,83.0,89.95200000000004,27.81623758622248,15.0
-1,-134.47967006977228,17.577663041666643,76.0,89.66400000000004,44.815670069772224,19.0
-1,-99.24827355256404,23.687629004629567,51.0,58.27200000000003,40.97627355256401,19.0
-1,-112.9026356085748,16.453230777777744,60.0,71.13600000000002,41.76663560857478,21.0
-1,-126.94468382954496,15.44404707407405,68.0,96.57600000000004,30.368683829544903,15.0
-1,-112.75319495990976,19.42711348611112,54.0,60.48000000000002,52.27319495990973,19.0
-1,-115.69916961934608,20.234050004629573,64.0,85.63200000000005,30.067169619346014,16.0
-1,-109.6514313976837,17.777054694444384,57.0,68.54400000000003,41.10743139768366,23.0
-1,-91.78033449059808,17.68780180092592,69.0,63.55200000000003,28.228334490598044,12.0
-1,-99.67485189459089,18.59260221296294,61.0,72.09600000000003,27.578851894590866,14.0
-1,-95.28533519625664,13.972113004629628,53.0,62.78400000000002,32.50133519625663,16.0
-1,-99.161917693483,20.72991474999997,75.0,64.80000000000001,34.36191769348299,19.0
-1,-156.9985464471613,22.292782111111027,76.0,100.89600000000004,56.10254644716124,21.0
-1,-99.46044174585916,23.205654018518462,53.0,57.79200000000002,41.66844174585914,15.0
-1,-89.65607674731388,13.843171083333342,49.0,62.400000000000034,27.25607674731385,15.0
-1,-105.86142233807858,18.408449296296308,56.0,59.71200000000002,46.149422338078566,19.0
-1,-108.44797740387456,18.402744124999987,53.0,56.44800000000002,51.99997740387453,22.0
-1,-110.60526503623804,17.771347069444403,53.0,68.92800000000003,41.67726503623801,19.0
-1,-101.41408787947216,13.96703596296296,49.0,52.80000000000001,48.61408787947215,25.0
-1,-102.3475754137762,15.362999009259251,65.0,70.84800000000003,31.49957541377618,19.0
-1,-100.12624611785282,21.45738711111106,61.0,68.83200000000002,31.2942461178528,15.0
-1,-125.12462969982931,18.78693422222217,69.0,83.32800000000005,41.79662969982927,18.0
-1,-91.41142672599148,17.798024000000005,66.0,64.89600000000002,26.515426725991475,16.0
-1,-120.10492489614816,11.984653944444435,68.0,88.22400000000006,31.8809248961481,19.0
-1,-103.99828980775366,15.399293379629633,60.0,70.27200000000002,33.726289807753645,21.0
-1,-114.59643258814177,22.591308124999927,55.0,67.29600000000002,47.30043258814174,17.0
-1,-88.16546506619494,15.933294736111105,46.0,51.45600000000002,36.70946506619492,18.0
-1,-130.19958095979214,18.81987013425924,52.0,59.90400000000002,70.29558095979213,26.0
-1,-103.8632662605027,15.456540148148145,45.0,50.40000000000002,53.46326626050268,24.0
-1,-109.9679585374522,10.59613564351851,61.0,78.81600000000003,31.15195853745216,17.0
-1,-95.7407219489167,12.932596462962946,60.0,65.47200000000002,30.268721948916685,17.0
-1,-83.82530920202034,14.921380222222217,49.0,51.07200000000002,32.75330920202032,19.0
-1,-111.47231981909424,21.84714592592588,62.0,59.13600000000001,52.33631981909424,21.0
-1,-119.6841864733226,19.084188236111032,57.0,72.00000000000003,47.68418647332258,20.0
-1,-95.0894987466144,18.725441921296284,42.0,41.18400000000001,53.90549874661439,22.0
-1,-90.3476902482007,18.602983078703662,50.0,63.07200000000003,27.275690248200675,12.0
-1,-108.97170505949664,16.717026541666648,61.0,79.77600000000004,29.195705059496603,14.0
-1,-112.57905408965598,16.47207000462962,55.0,68.06400000000004,44.51505408965594,22.0
-1,-109.79054931491991,20.859784458333262,54.0,69.79200000000003,39.99854931491989,21.0
-1,-105.51989284316532,17.684646884259255,66.0,75.93600000000002,29.58389284316528,15.0
-1,-117.98597556219062,18.92164438888883,75.0,81.88800000000003,36.09797556219059,19.0
-1,-104.29138884721266,20.65643541666662,66.0,66.91200000000003,37.37938884721263,19.0
-1,-104.94461930155316,12.075464879629632,52.0,61.248000000000026,43.69661930155315,22.0
-1,-106.44997015230832,16.965160972222215,52.0,54.24000000000002,52.20997015230828,19.0
-1,-88.99760213167704,14.104678472222222,38.0,50.40000000000001,38.59760213167703,19.0
-1,-183.523654586347,21.944830898148084,76.0,102.72000000000006,80.80365458634695,22.0
-1,-99.24372659010236,18.08550076851848,52.0,68.35200000000003,30.891726590102326,15.0
-1,-108.6241798637623,19.226315379629614,50.0,59.616000000000014,49.00817986376228,22.0
-1,-92.16653885001236,12.14476260185184,63.0,72.48000000000003,19.68653885001234,13.0
-1,-113.20019827621472,17.878133884259206,62.0,75.16800000000003,38.03219827621469,19.0
-1,-100.74660064867834,19.17845021296293,46.0,57.98400000000002,42.76260064867831,17.0
-1,-119.97206481843614,19.14663760648142,61.0,73.63200000000003,46.340064818436105,19.0
-1,-97.54087640067488,14.062089555555538,55.0,64.51200000000001,33.028876400674875,20.0
-1,-102.94195787076686,15.067410023148147,45.0,52.89600000000002,50.04595787076684,21.0
-1,-143.60992831455684,19.821274273148106,66.0,88.41600000000007,55.19392831455677,25.0
-1,-131.8612332719202,18.161193995370308,54.0,76.12800000000004,55.73323327192018,21.0
-1,-108.90020268438349,18.10978260185179,64.0,76.70400000000005,32.19620268438342,18.0
-1,-130.78719879123773,18.499925787037,60.0,82.94400000000005,47.84319879123768,20.0
-1,-89.5565930837132,15.903901120370357,51.0,59.712000000000025,29.84459308371317,15.0
-1,-146.2352250303909,24.22036308333328,62.0,67.58400000000003,78.65122503039088,24.0
-1,-110.98850734544692,18.59910518055551,50.0,59.52000000000002,51.468507345446895,19.0
-1,-93.04720041881149,12.76801237037036,63.0,76.12800000000001,16.919200418811474,11.0
-1,-100.94009241818584,24.39611011111108,64.0,73.44000000000003,27.50009241818581,15.0
-1,-91.26201687881402,18.00867369907405,69.0,67.58400000000002,23.678016878814013,16.0
-1,-91.51713388805912,14.9960223148148,45.0,48.00000000000002,43.51713388805912,22.0
-1,-110.59467547181686,25.53700947685181,70.0,68.16000000000001,42.43467547181685,20.0
-1,-100.31404608556856,18.8536332592592,49.0,64.12800000000003,36.18604608556852,16.0
-1,-121.76889225889155,19.304291435185142,54.0,69.98400000000004,51.78489225889152,22.0
-1,-118.52508162845903,16.90978212037035,77.0,87.36000000000006,31.165081628458974,19.0
-1,-104.74947515386395,21.313372189814803,62.0,67.77600000000004,36.97347515386392,17.0
-1,-117.6507303516076,20.900219578703663,57.0,65.37600000000002,52.27473035160759,22.0
-1,-93.2195733489558,18.09571390740739,43.0,45.12000000000001,48.0995733489558,21.0
-1,-95.93706021432186,16.441438740740725,36.0,46.56000000000002,49.37706021432184,20.0
-1,-117.17298890599338,15.01773394907406,53.0,71.32800000000003,45.84498890599334,20.0
-1,-108.4658936553328,21.284247999999952,77.0,76.80000000000001,31.665893655332795,20.0
-1,-103.91434415114304,15.454393189814809,63.0,64.80000000000001,39.11434415114303,20.0
-1,-113.91094528705278,13.676534472222215,62.0,78.04800000000003,35.86294528705275,17.0
-1,-118.4438008629372,19.21231618055554,47.0,56.06400000000002,62.37980086293719,21.0
-1,-115.0025278405296,21.11191833796296,83.0,79.68000000000004,35.32252784052957,18.0
-1,-121.47175215951368,20.339370115740717,65.0,79.87200000000003,41.599752159513656,18.0
-1,-107.48390026296909,19.00066399074069,58.0,69.02400000000003,38.45990026296905,19.0
-1,-99.3747318419024,13.234203888888894,59.0,68.92800000000003,30.44673184190236,15.0
-1,-95.07032735126624,17.116690842592572,66.0,68.64000000000003,26.430327351266214,17.0
-1,-106.02127090532151,18.12045216203696,59.0,71.71200000000005,34.30927090532148,17.0
-1,-102.70154520905936,18.468310680555543,75.0,75.74400000000003,26.95754520905933,18.0
-1,-102.74758881002698,20.25907942129629,63.0,72.86400000000003,29.883588810026957,16.0
-1,-93.06020106462016,16.35905901851852,54.0,58.65600000000001,34.40420106462017,18.0
-1,-118.48519389199204,21.90158086111108,78.0,67.48800000000001,50.99719389199203,20.0
-1,-82.0976302251815,17.67457820370369,57.0,60.28800000000002,21.809630225181483,14.0
-1,-119.4651053670049,16.194247629629615,52.0,67.10400000000003,52.36110536700488,21.0
-1,-112.98930705974036,19.85847946759254,59.0,70.27200000000003,42.71730705974032,18.0
-1,-99.90917314519928,16.4357175787037,59.0,68.54400000000004,31.36517314519923,17.0
-1,-108.47139130495783,11.337889374999987,61.0,80.06400000000004,28.4073913049578,16.0
-1,-100.56211907921124,21.171078819444368,53.0,68.73600000000003,31.826119079211217,15.0
-1,-110.35272470447076,14.787294101851838,53.0,68.83200000000002,41.52072470447074,18.0
-1,-96.99717696801908,12.19708154629632,51.0,58.56000000000002,38.43717696801907,20.0
-1,-105.53787125794491,20.421489504629587,66.0,64.32000000000002,41.2178712579449,19.0
-1,-136.25912461139916,16.92134957407404,65.0,93.60000000000004,42.65912461139912,14.0
-1,-104.20254285076705,17.639929851851814,61.0,64.70400000000004,39.498542850767,19.0
-1,-113.4176835801195,16.586815467592576,58.0,70.94400000000003,42.47368358011948,19.0
-1,-90.31948291886336,13.75792102314814,49.0,61.53600000000001,28.783482918863346,16.0
-1,-115.86259554427863,31.222600606481443,71.0,61.536,54.32659554427865,17.0
-1,-106.62469931443324,21.368096226851787,55.0,44.92800000000002,61.69669931443322,22.0
-1,-93.40196899703648,20.071938379629643,49.0,60.00000000000003,33.40196899703645,17.0
-1,-105.09260650493094,20.41030586574067,64.0,80.83200000000004,24.260606504930905,13.0
-1,-88.23222855714579,14.665486699074073,42.0,46.176000000000016,42.05622855714578,20.0
-1,-123.20858830541616,23.8254722268518,64.0,65.47200000000004,57.73658830541612,18.0
-1,-88.3082646787872,17.021709370370363,64.0,63.93600000000004,24.372264678787168,14.0
-1,-109.49613262866046,22.43150217592592,78.0,75.55200000000005,33.94413262866041,15.0
-1,-93.4414125184029,18.221181597222223,76.0,75.55200000000004,17.88941251840287,12.0
-1,-123.0182385140344,15.021294638888891,59.0,58.46400000000001,64.5542385140344,23.0
-1,-125.93908018193687,23.40657169444439,57.0,62.88000000000002,63.059080181936864,22.0
-1,-96.8423852582274,17.937745041666638,48.0,52.60800000000002,44.23438525822738,19.0
-1,-87.89913918548471,15.780230763888888,49.0,57.02400000000002,30.87513918548469,20.0
-1,-146.8198305145736,22.54140797222218,49.0,64.70400000000002,82.11583051457359,24.0
-1,-121.99388454394396,14.79690706944442,60.0,71.61600000000003,50.37788454394393,20.0
-1,-161.98425829830342,22.310996384259177,68.0,92.35200000000006,69.63225829830337,23.0
-1,-100.49598079151008,19.51465274537032,47.0,53.47200000000002,47.02398079151007,22.0
-1,-104.992997585197,18.720625523148165,61.0,74.40000000000002,30.59299758519697,17.0
-1,-119.2260887026098,19.383492851851788,61.0,71.90400000000004,47.32208870260978,20.0
-1,-122.15699582804037,27.649785064814782,64.0,62.496000000000016,59.66099582804035,19.0
-1,-104.56222055596308,22.962300393518472,66.0,71.80800000000004,32.754220555963045,17.0
-1,-111.56241637167471,17.4202203518518,59.0,72.67200000000004,38.89041637167469,15.0
-1,-105.3654290918052,17.058109212962943,61.0,71.80800000000002,33.55742909180518,17.0
-1,-94.0397006678802,18.53530399074073,43.0,46.56000000000002,47.47970066788018,19.0
-1,-112.5720864619958,17.109184689814747,50.0,68.06400000000004,44.50808646199578,22.0
-1,-86.09198647429895,19.35698386574072,58.0,57.79200000000002,28.29998647429892,13.0
-1,-132.629819296842,23.78141578240736,59.0,67.68000000000004,64.94981929684195,23.0
-1,-126.89452320006568,28.90128594444442,59.0,57.024,69.8705232000657,20.0
-1,-103.46206586206176,17.329289124999985,53.0,60.864000000000026,42.59806586206174,20.0
-1,-116.33621083115275,21.61346975462956,74.0,78.81600000000005,37.52021083115271,20.0
-1,-108.97747325000437,25.88332718518515,60.0,63.936000000000014,45.04147325000434,17.0
-1,-125.78907235412774,23.97243837037028,73.0,79.20000000000003,46.58907235412771,18.0
-1,-101.73721791941703,19.61714560648143,58.0,70.75200000000002,30.98521791941701,13.0
-1,-123.37724802079948,20.131726430555464,48.0,59.13600000000003,64.24124802079943,22.0
-1,-96.76246363503606,17.189585287036987,61.0,68.92800000000004,27.834463635036023,15.0
-1,-91.16100751103932,21.198069421296264,52.0,55.20000000000002,35.961007511039305,17.0
-1,-105.51465722554642,21.36710407407398,53.0,61.44000000000004,44.07465722554637,20.0
-1,-86.51277641407898,18.50478356944443,58.0,58.56000000000002,27.95277641407896,17.0
-1,-90.0866868121492,14.18781087037038,56.0,70.27200000000003,19.814686812149176,14.0
-1,-102.8635479076647,15.302775120370365,58.0,68.73600000000003,34.127547907664656,19.0
-1,-101.59912810724856,21.951260921296228,61.0,67.96800000000002,33.631128107248536,19.0
-1,-110.67889940884744,18.605606898148093,64.0,74.40000000000005,36.27889940884738,21.0
-1,-96.99362066073454,18.107994458333334,73.0,64.992,32.00162066073453,15.0
-1,-103.6535120773962,14.51710184722221,58.0,70.36800000000002,33.28551207739616,17.0
-1,-86.72961540094411,13.033851796296297,64.0,65.47200000000002,21.25761540094409,13.0
-1,-79.78073280387135,15.546886259259267,53.0,52.512000000000015,27.26873280387133,19.0
-1,-132.0175561485745,20.88955608333325,62.0,80.06400000000004,51.953556148574464,20.0
-1,-99.75321336570208,19.110116435185148,73.0,76.99200000000002,22.761213365702066,14.0
-1,-105.3816274848962,16.57606009259257,58.0,61.15200000000003,44.22962748489618,23.0
-1,-87.99389018729276,20.32917120833328,42.0,44.25600000000001,43.73789018729276,18.0
-1,-112.2999598993807,17.609613634259244,50.0,62.11200000000003,50.18795989938067,19.0
-1,-108.47010587241223,14.946007851851835,64.0,74.30400000000003,34.1661058724122,17.0
-1,-103.02169637156572,15.477091101851846,60.0,61.53600000000003,41.4856963715657,19.0
-1,-98.42500883169214,22.129344967592505,46.0,50.30400000000002,48.12100883169212,20.0
-1,-106.06612259454032,21.68284312037034,51.0,57.50400000000002,48.56212259454032,19.0
-1,-105.74762263407943,16.126169245370352,46.0,57.50400000000001,48.24362263407942,21.0
-1,-109.09448008095568,18.1855558009259,55.0,66.14400000000002,42.950480080955664,20.0
-1,-115.31346001413036,22.622411587962866,85.0,75.84000000000003,39.473460014130325,17.0
-1,-122.36219856087754,18.14848554166666,56.0,62.97600000000002,59.38619856087752,23.0
-1,-95.58088299367397,21.530847759259224,52.0,56.06400000000002,39.516882993673946,17.0
-1,-105.89769192295864,22.312734384259205,55.0,66.81600000000003,39.08169192295862,15.0
-1,-118.44270980519306,17.75923767129629,50.0,56.25600000000003,62.18670980519303,23.0
-1,-109.59772129592577,15.657877106481472,64.0,66.528,43.06972129592577,22.0
-1,-103.22294380762952,19.33248481944438,57.0,67.20000000000003,36.0229438076295,18.0
-1,-113.34738928846978,15.83490890277774,56.0,78.04800000000003,35.299389288469754,19.0
-1,-128.6265736599289,21.598877902777705,80.0,86.30400000000003,42.32257365992887,18.0
-1,-122.3314817656223,19.76421632407397,53.0,67.87200000000003,54.45948176562228,23.0
-1,-106.52551424910352,14.60357469444443,65.0,65.76000000000003,40.76551424910348,22.0
-1,-125.6583194388238,20.3695192731481,56.0,66.04800000000003,59.61031943882378,20.0
-1,-102.33773537978216,21.01242992592588,48.0,59.52000000000002,42.81773537978213,17.0
-1,-90.77898138086898,14.775862564814812,45.0,54.81600000000002,35.96298138086896,17.0
-1,-92.36084439961904,11.840330657407405,47.0,61.82400000000003,30.536844399619035,17.0
-1,-109.43686863292032,16.79309268981478,50.0,71.61600000000003,37.82086863292028,21.0
-1,-122.96446460942978,19.927010499999977,64.0,71.71200000000003,51.25246460942975,19.0
-1,-94.55472482854918,13.816163518518495,55.0,72.19200000000002,22.36272482854917,15.0
-1,-95.4788571819199,15.92183434259259,59.0,67.87200000000003,27.60685718191988,17.0
-1,-111.34588992770244,22.48859136111109,70.0,81.60000000000004,29.7458899277024,15.0
-1,-86.43291225554114,16.330955037037043,42.0,36.38400000000001,50.048912255541126,21.0
-1,-90.49196267575354,13.243544870370371,54.0,71.61600000000003,18.875962675753517,14.0
-1,-99.78766786946372,16.631295888888896,63.0,69.02400000000004,30.76366786946369,19.0
-1,-101.4278085295949,17.673261287036983,59.0,71.52000000000001,29.90780852959488,18.0
-1,-124.76264210346132,20.929932925925883,69.0,76.60800000000003,48.15464210346129,17.0
-1,-101.6908131388281,18.727562263888885,55.0,48.86400000000002,52.826813138828086,22.0
-1,-100.10281423130756,18.05903693055553,51.0,65.47200000000002,34.630814231307525,18.0
-1,-93.69617334300298,16.404024458333318,54.0,72.28800000000003,21.408173343002957,12.0
-1,-97.1128453955966,15.711826379629656,45.0,56.25600000000002,40.85684539559657,16.0
-1,-134.01768847801884,20.227953749999955,56.0,65.85600000000002,68.16168847801883,24.0
-1,-125.65560010456215,13.552541902777772,48.0,60.00000000000003,65.65560010456213,26.0
-1,-133.69866377408243,23.371112171296254,75.0,69.02400000000003,64.6746637740824,20.0
-1,-92.42748137343602,20.94111362037032,56.0,60.19200000000002,32.235481373435995,18.0
-1,-110.01588920822644,17.046187587962933,57.0,63.36000000000003,46.655889208226405,24.0
-1,-67.3201940889031,12.52299010185186,45.0,51.16800000000002,16.152194088903073,10.0
-1,-103.15646881477544,15.754544208333307,51.0,67.87200000000003,35.28446881477543,16.0
-1,-95.08842674662344,17.827685370370354,55.0,60.096000000000025,34.992426746623416,16.0
-1,-120.24530711683066,18.33221264351847,59.0,68.06400000000004,52.181307116830624,23.0
-1,-95.82923983062332,13.65582704166665,55.0,60.00000000000003,35.829239830623294,20.0
-1,-89.01570663188078,22.83463640277772,54.0,55.008,34.00770663188077,12.0
-1,-110.62690520823932,18.99628750462959,62.0,74.49600000000002,36.13090520823929,17.0
-1,-92.63089319687036,17.515255037037033,42.0,54.33600000000001,38.294893196870326,18.0
-1,-108.10066786600386,14.470125722222209,61.0,68.35200000000002,39.74866786600384,23.0
-1,-98.02673891452866,17.13599704166663,45.0,49.248000000000026,48.778738914528645,20.0
-1,-92.73615608697736,17.737106805555538,56.0,63.26400000000003,29.472156086977336,17.0
-1,-104.16870454524292,17.43409641203701,50.0,63.45600000000002,40.7127045452429,19.0
-1,-125.56657103000228,24.76259156481477,59.0,58.94400000000002,66.62257103000226,21.0
-1,-75.35390916513494,11.0115841851852,39.0,38.400000000000006,36.95390916513493,21.0
-1,-107.13737540460446,17.506138046296243,58.0,69.12000000000003,38.01737540460443,21.0
-1,-96.49975114262392,20.112680615740736,55.0,69.98400000000002,26.5157511426239,14.0
-1,-102.58483739454286,18.949225513888884,59.0,59.90400000000003,42.68083739454283,20.0
-1,-82.87244946494863,13.875768143518554,44.0,53.472000000000016,29.40044946494861,20.0
-1,-119.68602225952812,20.40425968518513,67.0,75.26400000000002,44.422022259528106,21.0
-1,-99.67423337811888,19.43247443518515,66.0,63.07200000000002,36.60223337811887,17.0
-1,-115.1906533885053,22.43114554166658,55.0,64.80000000000003,50.39065338850528,18.0
-1,-113.9357320831839,19.43096396296292,51.0,59.23200000000004,54.703732083183866,17.0
-1,-135.93353439359612,26.46856854166661,63.0,64.992,70.94153439359611,20.0
-1,-102.25223656435612,17.809966731481474,47.0,57.88800000000003,44.36423656435608,22.0
-1,-111.1139200682047,17.02544223611109,70.0,75.16800000000003,35.94592006820467,20.0
-1,-94.12122920826738,10.692911296296316,42.0,56.06400000000002,38.05722920826736,20.0
-1,-115.33921000979244,14.98560331018517,49.0,58.36800000000002,56.97121000979243,26.0
-1,-104.16450468846703,18.16327569444436,48.0,62.20800000000002,41.95650468846702,22.0
-1,-95.16249836234324,19.881453703703663,47.0,47.04000000000001,48.122498362343215,22.0
-1,-93.04363076544098,16.219088083333325,51.0,62.49600000000003,30.547630765440942,13.0
-1,-111.97447164674657,12.956892379629611,42.0,54.04800000000002,57.92647164674655,28.0
-1,-75.57651191171152,14.194469194444432,39.0,46.84800000000001,28.72851191171151,16.0
-1,-107.22732847838802,20.523339759259198,55.0,69.69600000000003,37.531328478387984,20.0
-1,-97.298252150712,14.788392370370346,56.0,67.96800000000002,29.330252150711967,14.0
-1,-94.36645941713664,20.071174638888845,70.0,70.08000000000001,24.286459417136644,12.0
-1,-94.51587250187714,13.54465108796295,43.0,59.61600000000004,34.89987250187711,19.0
-1,-112.1540917444859,23.292239634259168,65.0,76.99200000000003,35.16209174448586,18.0
-1,-126.12951779652924,17.02271031944443,41.0,53.56800000000002,72.5615177965292,25.0
-1,-137.89787693820733,20.8212064166666,60.0,75.16800000000003,62.7298769382073,20.0
-1,-123.56232097705596,26.34133192129628,61.0,65.95200000000001,57.61032097705595,18.0
-1,-111.4102088727074,19.30981123148146,57.0,69.98400000000002,41.42620887270738,16.0
-1,-141.2863389562675,26.6411953194444,69.0,70.08000000000001,71.20633895626749,23.0
-1,-102.98302434498956,21.123190481481423,60.0,66.04800000000003,36.935024344989536,17.0
-1,-98.23200330688226,20.15859428703697,49.0,61.24800000000003,36.98400330688222,20.0
-1,-105.096477361318,19.34482496759255,78.0,79.48800000000004,25.60847736131797,13.0
-1,-117.26649434963036,21.91827297222216,55.0,62.68800000000002,54.57849434963035,21.0
-1,-71.3645015725238,13.691344486111118,44.0,44.92800000000001,26.43650157252379,17.0
-1,-96.4602881135348,20.330218504629556,47.0,52.320000000000014,44.14028811353478,19.0
-1,-107.47123407240906,18.11537424074072,57.0,71.80800000000004,35.663234072409026,18.0
-1,-114.01140608980036,18.755437171296272,50.0,59.80800000000002,54.20340608980032,20.0
-1,-93.30013913506554,16.724083958333306,59.0,57.696000000000026,35.6041391350655,21.0
-1,-90.70341425370792,20.399846023148125,61.0,62.78400000000003,27.91941425370789,16.0
-1,-84.57754773152055,13.542120467592598,43.0,55.20000000000002,29.37754773152053,16.0
-1,-102.88160940040277,20.89629116666665,48.0,53.280000000000015,49.60160940040274,21.0
-1,-116.89273364588723,14.809350819444424,55.0,78.04800000000003,38.8447336458872,20.0
-1,-123.81969403871445,19.066912629629595,54.0,59.42400000000004,64.39569403871441,23.0
-1,-89.20161486932102,17.32399002314813,42.0,49.15200000000002,40.04961486932099,21.0
-1,-94.29756770025251,19.220701412036973,61.0,68.25600000000001,26.0415677002525,17.0
-1,-117.1139240876822,22.045106898148056,64.0,69.69600000000004,47.41792408768217,19.0
-1,-84.2740417370178,15.21112721759261,35.0,48.00000000000001,36.27404173701778,20.0
-1,-97.37284702718672,16.715519004629616,48.0,60.76800000000002,36.60484702718668,20.0
-1,-125.04564961831794,19.344748578703623,57.0,77.66400000000003,47.38164961831791,21.0
-1,-88.74134766313915,24.28836780555553,54.0,40.224,48.51734766313915,19.0
-1,-112.24605315994926,17.057337958333306,77.0,82.36800000000002,29.87805315994923,14.0
-1,-94.67279658271605,20.548835523148124,67.0,67.00800000000002,27.664796582716026,17.0
-1,-95.21628675095091,17.882331925925893,54.0,66.24000000000004,28.97628675095088,16.0
-1,-83.23676862893237,14.217915407407393,58.0,51.26400000000002,31.972768628932357,16.0
-1,-88.47658663948931,15.811975273148134,50.0,60.00000000000003,28.47658663948928,15.0
-1,-102.3167928671648,18.300590833333327,52.0,65.66400000000002,36.65279286716479,18.0
-1,-107.98015027720916,13.695134513888878,51.0,66.04800000000002,41.932150277209146,23.0
-1,-93.9097918266819,19.99030913425917,49.0,53.280000000000015,40.62979182668188,19.0
-1,-102.04168328981498,12.574118337962952,56.0,71.90400000000002,30.13768328981497,19.0
-1,-99.58433596061438,15.887077722222193,47.0,62.49600000000003,37.08833596061435,20.0
-1,-101.8363014983008,14.996172171296289,55.0,63.93600000000004,37.90030149830078,18.0
-1,-103.24844789011944,20.093850666666626,46.0,48.67200000000001,54.57644789011943,20.0
-1,-101.6177399847584,11.487888666666676,43.0,54.04800000000002,47.56973998475837,20.0
-1,-107.60770010493836,17.45616438888883,48.0,63.36000000000003,44.247700104938325,16.0
-1,-153.88950456665714,19.69030111574071,62.0,75.16800000000002,78.72150456665713,26.0
-1,-160.17584560703523,24.39257778240734,73.0,102.91200000000006,57.26384560703517,21.0
-1,-96.29765544751336,17.52407211574074,50.0,52.416000000000025,43.88165544751333,21.0
-1,-113.11616791094534,18.469738731481417,48.0,62.30400000000002,50.812167910945305,23.0
-1,-96.51558403833336,17.348558254629612,44.0,52.320000000000014,44.19558403833335,21.0
-1,-110.47529879406578,19.70594321759252,56.0,63.74400000000003,46.73129879406575,21.0
-1,-113.05158108148407,20.458415074074036,52.0,67.00800000000004,46.04358108148403,17.0
-1,-104.39113819025653,16.165248912037057,46.0,47.32800000000001,57.06313819025652,21.0
-1,-118.90175165203333,18.52011651851846,47.0,57.12000000000002,61.781751652033286,22.0
-1,-106.00264150097055,19.598524064814782,51.0,53.08800000000002,52.91464150097053,21.0
-1,-82.3194926276064,18.267268638888865,43.0,47.04000000000001,35.27949262760639,17.0
-1,-90.867574482033,19.499867712962903,49.0,55.58400000000002,35.283574482032975,17.0
-1,-111.18818538933058,17.51538343518513,51.0,64.51200000000003,46.67618538933056,22.0
-1,-89.71628497673011,17.66818440740738,51.0,56.25600000000003,33.46028497673008,16.0
-1,-93.93999203599476,23.149015736111053,48.0,50.976000000000006,42.96399203599476,14.0
-1,-114.20434741192928,21.10058378240735,53.0,66.24000000000002,47.96434741192927,18.0
-1,-125.89559286667094,13.438143342592602,42.0,57.40800000000002,68.48759286667091,27.0
-1,-127.6132862493358,25.743813435185157,57.0,58.08000000000002,69.53328624933577,19.0
-1,-95.8655231378025,18.45632375925921,44.0,47.80800000000002,48.05752313780248,18.0
-1,-90.67534571625944,23.45422351851845,48.0,54.14400000000003,36.53134571625942,18.0
-1,-120.61586809246664,17.356297351851854,59.0,72.96000000000004,47.65586809246659,16.0
-1,-99.46422723751084,15.41185888425925,49.0,57.98400000000002,41.48022723751081,21.0
-1,-94.75222447620207,15.645233773148137,55.0,64.51200000000001,30.24022447620208,15.0
-1,-103.8127887914197,15.512081620370362,54.0,57.40800000000002,46.40478879141968,21.0
-1,-62.634997057517374,13.70371007407406,50.0,49.34400000000002,13.290997057517352,11.0
-1,-105.55817135585372,21.72414374537032,68.0,69.21600000000004,36.34217135585367,19.0
-1,-106.50830955272065,22.608531037036983,51.0,65.95200000000003,40.55630955272063,15.0
-1,-92.69972324751822,18.88846306944444,62.0,66.91200000000002,25.78772324751821,13.0
-1,-103.07548489732204,22.149020865740685,50.0,60.86400000000003,42.21148489732201,18.0
-1,-86.5309794252557,14.635742222222223,40.0,47.32800000000001,39.20297942525568,18.0
-1,-93.1971742874139,14.864984300925904,56.0,66.62400000000002,26.57317428741388,15.0
-1,-112.6446934491694,24.30577849537028,74.0,82.17600000000002,30.468693449169383,15.0
-1,-92.88133975816544,14.257755388888878,41.0,59.52000000000002,33.36133975816541,19.0
-1,-105.42874811822952,14.339067490740735,55.0,71.90400000000002,33.5247481182295,18.0
-1,-101.01182191559316,14.378473092592586,61.0,69.60000000000002,31.41182191559315,16.0
-1,-88.76944078628708,13.598676064814804,47.0,57.12000000000002,31.649440786287062,19.0
-1,-90.04362344996218,18.149245995370364,50.0,61.15200000000003,28.891623449962157,14.0
-1,-106.51348432589708,14.99299141666664,51.0,63.07200000000003,43.44148432589704,22.0
-1,-91.60804973872128,14.527930245370342,61.0,72.96000000000002,18.648049738721276,14.0
-1,-103.91202822422572,12.00870187499998,44.0,56.736000000000026,47.17602822422568,23.0
-1,-93.493068709843,17.515660643518476,51.0,52.608000000000025,40.885068709842976,20.0
-1,-102.29530946234986,13.782600523148156,49.0,57.600000000000016,44.69530946234985,23.0
-1,-86.03774080183734,15.24962175925924,42.0,46.75200000000002,39.28574080183733,22.0
-1,-116.22327289462194,18.1815498796296,62.0,62.11200000000004,54.11127289462191,20.0
-1,-101.04362625492443,16.348960004629614,53.0,68.44800000000002,32.59562625492441,18.0
-1,-109.02895293427832,19.838547740740683,55.0,65.56800000000003,43.46095293427828,18.0
-1,-124.73085566871949,19.60105528703696,69.0,81.31200000000003,43.41885566871945,20.0
-1,-96.2995687032646,16.92060037499995,52.0,66.72000000000004,29.57956870326457,18.0
-1,-134.44139546841177,15.552467064814811,54.0,69.12000000000003,65.32139546841172,23.0
-1,-98.74793988778502,16.960353314814796,48.0,52.89600000000002,45.851939887785,22.0
-1,-93.33433811506876,16.31168819907406,45.0,56.736000000000026,36.59833811506872,22.0
-1,-101.65473881817157,20.724895064814728,47.0,60.096000000000025,41.55873881817154,19.0
-1,-90.87805098530612,13.326701842592584,48.0,58.46400000000001,32.414050985306105,16.0
-1,-96.02512571373566,16.562311300925902,40.0,52.41600000000001,43.60912571373565,20.0
-1,-129.46810204014503,15.400833453703685,50.0,66.33600000000003,63.13210204014499,26.0
-1,-106.21648906089725,16.34560279166664,62.0,68.25600000000003,37.96048906089721,20.0
-1,-95.31007745716296,19.60520653240737,41.0,54.240000000000016,41.07007745716293,21.0
-1,-98.2239588399694,18.45646926388884,63.0,71.04000000000003,27.183958839969364,14.0
-1,-93.8058159442176,16.81099182407403,44.0,52.80000000000002,41.00581594421759,21.0
-1,-97.83148491454182,19.817249870370347,46.0,53.47200000000002,44.3594849145418,19.0
-1,-98.0585258894106,18.08533985648147,52.0,54.24000000000001,43.81852588941058,20.0
-1,-101.53218565889767,18.536308351851805,54.0,57.79200000000002,43.74018565889766,20.0
-1,-125.44438167870425,16.31423046759256,53.0,76.89600000000004,48.5483816787042,21.0
-1,-93.37077678347096,13.012835740740734,40.0,52.32000000000002,41.050776783470944,20.0
-1,-98.7124896501472,18.430928745370323,50.0,53.088000000000015,45.62448965014719,20.0
-1,-125.56196632966332,24.843186509259212,83.0,81.50400000000003,44.05796632966331,19.0
-1,-88.71037924251621,15.907551171296294,45.0,48.86400000000002,39.846379242516186,20.0
-1,-125.58688240303202,14.327693824074055,49.0,60.19200000000004,65.39488240303199,25.0
-1,-117.1845936913019,29.89184457870361,58.0,60.48000000000003,56.704593691301866,18.0
-1,-98.82689552527046,23.848995648148115,45.0,45.88800000000001,52.938895525270446,18.0
-1,-121.25855519764866,23.726092162036974,64.0,67.58400000000003,53.67455519764862,20.0
-1,-82.27082410062704,15.330474398148134,44.0,50.40000000000001,31.870824100627036,18.0
-1,-121.45660882795542,20.37135367129625,71.0,74.88000000000004,46.57660882795538,17.0
-1,-101.11667147632808,16.01574224074074,51.0,56.92800000000002,44.18867147632804,22.0
-1,-107.34620723268108,17.60750219444442,46.0,53.47200000000002,53.87420723268106,19.0
-1,-72.83828455216094,12.181936078703682,44.0,45.31200000000001,27.52628455216093,20.0
-1,-90.75134702035751,13.513685523148142,40.0,44.640000000000015,46.1113470203575,22.0
-1,-74.18184262543322,22.24929773148143,53.0,58.94400000000002,15.237842625433194,9.0
-1,-74.672490935044,14.47310283796295,45.0,46.94400000000002,27.728490935043983,17.0
-1,-137.9016061318243,19.185352476851804,67.0,98.78400000000003,39.11760613182425,17.0
-1,-121.64063014886574,16.704990138888835,54.0,68.44800000000002,53.19263014886572,22.0
-1,-138.550623199893,14.643512342592585,60.0,77.08800000000005,61.46262319989297,25.0
-1,-109.60976307493596,14.60363080555555,56.0,65.47200000000001,44.13776307493596,22.0
-1,-80.99238712428405,19.528779273148132,47.0,58.176000000000016,22.816387124284034,14.0
-1,-95.29815348875854,20.06700077314809,53.0,63.93600000000002,31.36215348875853,15.0
-1,-101.25343771279202,22.57503482870361,46.0,52.60800000000002,48.64543771279201,20.0
-1,-108.92419140670424,18.19693125462961,49.0,52.416000000000025,56.508191406704206,23.0
-1,-103.49188786259607,13.008554907407389,50.0,65.85600000000002,37.63588786259605,21.0
-1,-106.7649788072637,22.520943277777707,56.0,66.04800000000003,40.71697880726367,18.0
-1,-85.81523019609787,18.93510759259257,45.0,52.800000000000026,33.01523019609785,16.0
-1,-110.3533261224054,22.180614134259205,63.0,63.64800000000004,46.70532612240537,21.0
-1,-81.66658661976086,13.370352305555556,41.0,44.92800000000002,36.738586619760845,21.0
-1,-115.91800219330932,15.558284986111088,46.0,53.08800000000003,62.83000219330928,24.0
-1,-98.96136135586784,18.636558337962903,54.0,55.68000000000004,43.281361355867816,21.0
-1,-152.31563550924642,15.040897726851838,60.0,92.44800000000006,59.86763550924636,23.0
-1,-95.38840341733972,15.31586392592591,42.0,54.72000000000002,40.6684034173397,18.0
-1,-85.16052500764326,15.339383486111112,46.0,58.17600000000002,26.98452500764324,15.0
-1,-98.4348795879706,15.147937537037029,42.0,45.88800000000001,52.54687958797059,22.0
-1,-107.42812075274657,16.501463171296265,53.0,65.66400000000003,41.76412075274652,19.0
-1,-97.1089878456688,21.5028340879629,62.0,66.91200000000003,30.196987845668776,15.0
-1,-97.22298216772732,29.984961041666605,67.0,64.32000000000004,32.90298216772728,16.0
-1,-115.41768796415614,19.310162958333287,46.0,59.32800000000002,56.08968796415612,22.0
-1,-107.3060357892715,18.727232009259215,54.0,63.45600000000003,43.85003578927148,23.0
-1,-95.14056677459632,13.724087023148142,38.0,52.800000000000026,42.340566774596304,20.0
-1,-108.9813299764478,18.928114384259228,59.0,70.27200000000003,38.70932997644776,17.0
-1,-111.5810120535725,22.981102814814776,55.0,59.32800000000003,52.25301205357247,18.0
-1,-148.7007590807654,17.08976061111108,53.0,70.17600000000003,78.52475908076536,25.0
-1,-105.12143743038588,24.57480275462957,65.0,69.31200000000004,35.80943743038582,16.0
-1,-101.95619507903096,18.23317905092588,38.0,58.65600000000003,43.30019507903093,17.0
-1,-89.15945306182195,20.23015016203699,52.0,61.728000000000016,27.43145306182194,16.0
-1,-91.82494909762536,15.617788777777774,48.0,53.088000000000015,38.73694909762535,19.0
-1,-92.12230698082266,16.591782615740723,51.0,60.57600000000002,31.54630698082264,16.0
-1,-95.95412244304958,15.796475624999998,41.0,45.792000000000016,50.16212244304956,22.0
-1,-90.16688901073472,14.040168615740743,57.0,59.42400000000002,30.742889010734697,19.0
-1,-106.94158895316622,19.16593682407406,50.0,53.184000000000026,53.75758895316619,23.0
-1,-100.0659762971226,21.636547546296285,57.0,57.79200000000002,42.27397629712259,21.0
-1,-109.10234005095566,18.29309571759256,52.0,58.56000000000002,50.54234005095564,22.0
-1,-100.64404872093422,13.51468294444445,48.0,62.400000000000034,38.24404872093418,21.0
-1,-75.86978312639536,15.293654449074069,46.0,51.26400000000002,24.605783126395337,15.0
-1,-95.20032537653304,22.24464699999997,62.0,67.96800000000003,27.232325376532994,15.0
-1,-81.41187600887534,16.221047879629634,43.0,56.73600000000002,24.67587600887532,12.0
-1,-95.77926580062407,21.515740462962945,53.0,64.32000000000002,31.459265800624067,16.0
-1,-82.91005097724002,18.945344819444447,51.0,50.112000000000016,32.79805097724001,15.0
-1,-96.74714624005838,14.7488632361111,48.0,60.19200000000002,36.55514624005836,20.0
-1,-94.0413729723154,12.785470384259256,50.0,58.17600000000002,35.86537297231536,20.0
-1,-122.02953226077724,15.54996210648147,45.0,55.68000000000002,66.34953226077722,24.0
-1,-89.28668906436155,21.792525564814767,50.0,49.53600000000002,39.75068906436154,17.0
-1,-99.06047823664645,17.83252513888886,62.0,67.58400000000003,31.47647823664641,16.0
-1,-100.42762482228956,17.04089113888886,52.0,64.89600000000002,35.53162482228956,19.0
-1,-115.52836451449474,17.481222754629595,56.0,70.65600000000002,44.87236451449472,24.0
-1,-83.5917425823165,16.854733944444412,49.0,61.53600000000002,22.055742582316483,12.0
-1,-106.45289815975366,15.42606174074072,46.0,59.80800000000003,46.64489815975363,20.0
-1,-103.8468374526489,20.697320032407383,64.0,75.74400000000003,28.102837452648867,12.0
-1,-131.08007556223933,29.210562574074025,64.0,72.57600000000004,58.504075562239294,15.0
-1,-106.92797265006516,15.543081347222213,60.0,67.48800000000003,39.43997265006514,17.0
-1,-126.1657531918642,17.883251425925895,62.0,74.68800000000003,51.477753191864174,20.0
-1,-110.5972455757753,23.93894143518513,53.0,53.18400000000001,57.4132455757753,20.0
-1,-95.64849359981484,12.765499287037024,53.0,56.92800000000002,38.720493599814816,22.0
-1,-98.92245422287408,18.450725305555547,61.0,62.20800000000003,36.714454222874046,21.0
-1,-88.45326562817564,19.856819175925903,50.0,52.608,35.84526562817563,15.0
-1,-139.11713182709624,20.80791936574069,65.0,80.92800000000005,58.18913182709619,21.0
-1,-87.07263467525274,12.604878740740745,37.0,48.19200000000001,38.88063467525273,21.0
-1,-106.32028661941828,14.42760361111111,47.0,65.18400000000003,41.13628661941825,23.0
-1,-92.12669767936872,18.99157925925921,46.0,51.16800000000002,40.9586976793687,21.0
-1,-109.2850366252701,18.33578097685179,52.0,57.60000000000003,51.68503662527007,21.0
-1,-97.85373103127634,23.66899804166663,52.0,49.536000000000016,48.31773103127632,19.0
-1,-124.32555855866369,19.742876287036992,73.0,78.52800000000002,45.79755855866366,22.0
-1,-147.2819182736502,31.740490060185184,79.0,65.37599999999999,81.90591827365022,23.0
-1,-104.68517301392404,32.165513148148094,69.0,58.36800000000003,46.317173013924,16.0
-1,-110.0900761921842,20.58365381481477,61.0,74.59200000000003,35.498076192184165,18.0
-1,-141.90373065541445,24.571073777777716,78.0,91.68000000000004,50.22373065541441,19.0
-1,-89.19398587689997,14.513841537037012,44.0,57.02400000000003,32.169985876899936,18.0
-1,-103.78810609957384,18.35982408333328,47.0,53.952000000000034,49.8361060995738,20.0
-1,-95.84545079407866,17.61958503240739,56.0,56.64000000000002,39.20545079407864,18.0
-1,-122.19750380642054,19.724321541666587,73.0,75.55200000000002,46.64550380642052,20.0
-1,-110.81919523812924,19.39646939814812,60.0,71.80800000000002,39.01119523812923,20.0
-1,-82.54054789761051,13.145589699074067,49.0,50.97600000000001,31.56454789761049,18.0
-1,-84.74304407649046,14.367945254629625,48.0,48.48000000000002,36.263044076490445,21.0
-1,-120.98362631061735,22.150467523148112,67.0,69.12000000000002,51.86362631061734,22.0
-1,-87.1752499838936,11.877260157407404,54.0,59.23200000000002,27.943249983893576,17.0
-1,-102.13321412776014,19.364735273148117,57.0,60.096000000000025,42.03721412776012,19.0
-1,-71.20218606088704,21.147014444444444,55.0,55.48800000000002,15.71418606088702,10.0
-1,-99.15870389162976,13.453267430555552,62.0,62.11200000000003,37.04670389162974,21.0
-1,-85.57308324969073,20.256029754629623,57.0,61.72800000000003,23.84508324969069,13.0
-1,-93.78510414933136,29.3872104953703,61.0,64.12800000000003,29.657104149331342,15.0
-1,-95.5983280651338,21.03770725925918,55.0,64.12800000000003,31.47032806513378,15.0
-1,-99.80593498725476,16.369986476851803,53.0,64.51200000000003,35.29393498725475,20.0
-1,-102.1926674721166,20.233751652777705,50.0,68.44800000000002,33.74466747211658,20.0
-1,-90.90449602930526,21.95933165277772,56.0,62.016000000000034,28.888496029305237,14.0
-1,-97.1311745843294,14.917445324074093,57.0,57.31200000000002,39.81917458432938,22.0
-1,-89.98834667642905,20.91940044907403,51.0,61.53600000000002,28.452346676429016,14.0
-1,-98.62726280262932,24.957695310185148,61.0,68.92800000000003,29.699262802629317,13.0
-1,-113.33527547561552,17.901188138888866,54.0,63.55200000000003,49.783275475615504,20.0
-1,-130.3479763146649,21.353944078703627,57.0,68.16000000000003,62.18797631466487,22.0
-1,-81.74895187510106,17.44702248148148,44.0,51.45600000000002,30.292951875101032,15.0
-1,-93.9996588927639,14.93494356018517,51.0,62.40000000000001,31.599658892763895,17.0
-1,-104.81256537334268,13.205768115740748,57.0,62.20800000000003,42.60456537334265,22.0
-1,-103.79273766696906,16.27345996759259,54.0,55.58400000000002,48.20873766696904,23.0
-1,-104.90821525193098,19.44833250925921,60.0,72.76800000000001,32.14021525193097,17.0
-1,-101.29604780351642,18.380743726851826,62.0,70.08000000000004,31.216047803516386,16.0
-1,-106.16581627116835,20.679159796296275,64.0,62.400000000000034,43.76581627116832,17.0
-1,-114.0176710031556,12.71000659722223,34.0,44.92800000000001,69.08967100315559,28.0
-1,-105.55307213934196,20.10088693518513,52.0,63.36000000000002,42.19307213934194,20.0
-1,-92.65196668940048,14.816565236111083,50.0,61.92000000000003,30.73196668940044,17.0
-1,-109.28021867265636,17.333766361111056,50.0,59.61600000000003,49.66421867265634,21.0
-1,-97.16200152537746,20.14264968518515,62.0,65.18400000000003,31.97800152537743,17.0
-1,-93.21864788206312,18.113685666666637,55.0,64.12800000000003,29.090647882063102,15.0
-1,-95.12846590068716,20.487770745370323,49.0,52.51200000000002,42.616465900687125,17.0
-1,-84.13319131428133,15.51539963425924,52.0,53.472000000000016,30.661191314281325,19.0
-1,-112.00231228306338,20.32663885185177,51.0,67.29600000000003,44.70631228306334,23.0
-1,-106.93286943748365,25.190408449074013,55.0,55.48800000000003,51.444869437483625,21.0
-1,-88.94903716591672,17.338462902777753,41.0,52.80000000000001,36.14903716591671,18.0
-1,-101.61519748351624,15.22273629166666,62.0,71.80800000000002,29.80719748351622,18.0
-1,-95.74961514491328,14.855900041666654,45.0,61.82400000000003,33.92561514491327,17.0
-1,-83.78379267984272,13.140873050925936,33.0,35.61600000000001,48.16779267984271,24.0
-1,-104.85588739674098,15.780582097222217,55.0,57.31200000000002,47.54388739674096,25.0
-1,-107.7131411409679,23.088192467592545,57.0,57.504000000000026,50.20914114096787,19.0
-1,-92.9648792465186,19.42964155092587,60.0,57.88800000000002,35.076879246518565,16.0
-1,-74.71801318945319,16.87927093518518,52.0,54.52800000000003,20.190013189453165,13.0
-1,-83.29749701466717,18.455181550925893,50.0,54.62400000000002,28.67349701466716,16.0
-1,-98.07887506691236,22.38726461111106,66.0,64.12800000000003,33.95087506691234,16.0
-1,-102.14008591112062,20.16718053703699,54.0,56.44800000000003,45.69208591112059,18.0
-1,-78.29559320263039,17.137842143518515,46.0,56.25600000000002,22.03959320263036,15.0
-1,-91.07246304840628,15.893456064814789,44.0,53.376000000000026,37.69646304840626,19.0
-1,-81.45636989891293,12.259932708333311,36.0,53.472000000000016,27.984369898912902,18.0
-1,-94.09339883530166,18.732614990740736,44.0,47.90400000000001,46.18939883530165,18.0
-1,-95.10275394637796,16.192840509259234,51.0,70.84800000000003,24.254753946377942,16.0
-1,-96.7377864447288,20.66379192592588,48.0,51.84000000000003,44.89778644472878,19.0
-1,-94.2379355565662,17.762449055555546,43.0,50.304000000000016,43.93393555656619,20.0
-1,-76.17092000737706,9.700488986111118,34.0,44.92800000000001,31.242920007377048,20.0
-1,-101.14681623993582,21.008350597222147,49.0,58.17600000000002,42.970816239935786,17.0
-1,-92.68505386113785,18.365312736111047,44.0,52.89600000000002,39.78905386113782,19.0
-1,-136.82650275076952,22.053694995370293,55.0,67.77600000000002,69.05050275076951,25.0
-1,-75.1265452791044,18.625315888888903,45.0,40.608,34.5185452791044,16.0
-1,-84.45846535596883,16.99184414351852,47.0,55.776000000000025,28.682465355968805,14.0
-1,-119.764302974916,14.495461944444436,54.0,61.824000000000034,57.94030297491597,24.0
-1,-96.06114440414704,19.674124444444438,57.0,63.93600000000003,32.125144404146994,16.0
-1,-93.25031708544844,14.048742560185186,57.0,61.34400000000002,31.906317085448418,14.0
-1,-91.77926696217668,13.971618810185168,39.0,48.09600000000002,43.68326696217665,19.0
-1,-100.74581093631082,16.04129932870369,47.0,59.42400000000003,41.32181093631079,23.0
-1,-107.04114268597954,21.254602263888813,70.0,70.36800000000004,36.67314268597951,19.0
-1,-99.73832393322164,17.39649170833331,47.0,57.69600000000002,42.04232393322161,18.0
-1,-97.33580977082462,16.350749430555524,47.0,55.20000000000002,42.1358097708246,20.0
-1,-96.9878789437735,16.82719068055555,47.0,54.43200000000002,42.55587894377347,20.0
-1,-96.75378975520908,19.84368411111107,48.0,53.568000000000026,43.185789755209065,20.0
-1,-98.01731366002362,10.006524074074065,41.0,50.49600000000002,47.5213136600236,22.0
-1,-118.71409140862288,20.097371652777696,58.0,70.46400000000003,48.25009140862287,21.0
-1,-110.92688751638808,18.240213754629547,41.0,56.83200000000002,54.094887516388056,22.0
-1,-105.7443352216751,24.78138343518515,65.0,73.53600000000003,32.208335221675064,15.0
-1,-89.56272384538617,22.922228203703668,64.0,64.32000000000004,25.242723845386134,14.0
-1,-110.885537692214,23.80709606018511,64.0,64.99200000000002,45.89353769221399,18.0
-1,-128.5415528280437,19.60671660648136,51.0,70.27200000000003,58.26955282804369,22.0
-1,-90.86820236489882,22.066818925925904,48.0,54.24000000000002,36.62820236489879,18.0
-1,-106.80466345452857,16.755808467592555,48.0,54.52800000000002,52.27666345452854,23.0
-1,-88.60291080369383,16.600618365740697,48.0,48.67200000000001,39.93091080369382,21.0
-1,-107.176055661287,19.729174749999977,49.0,53.28000000000002,53.89605566128698,22.0
-1,-109.81162299676971,15.064390055555558,46.0,65.66400000000003,44.1476229967697,18.0
-1,-88.19749637062083,23.0443697592592,58.0,59.42400000000003,28.77349637062079,17.0
-1,-71.33990418037311,14.632685763888878,51.0,56.44800000000002,14.89190418037309,12.0
-1,-122.25734215916827,21.78977628240729,66.0,74.97600000000004,47.28134215916824,20.0
-1,-81.80486815828402,17.931149351851815,48.0,52.41600000000002,29.38886815828401,16.0
-1,-116.88589568995152,16.011799754629596,51.0,70.94400000000003,45.94189568995149,22.0
-1,-109.30632473416648,19.661927560185152,50.0,58.56000000000002,50.74632473416645,20.0
-1,-99.7354900491368,16.90386039351851,52.0,50.40000000000002,49.3354900491368,22.0
-1,-86.82682204426729,15.24012886574072,42.0,38.40000000000001,48.42682204426728,23.0
-1,-84.3587298537908,25.266594310185106,53.0,52.32000000000002,32.03872985379079,17.0
-1,-106.72191041438694,22.57165342592586,52.0,64.70400000000002,42.01791041438691,18.0
-1,-79.18690889689185,17.20587617592592,54.0,64.89600000000003,14.290908896891825,10.0
-1,-88.42490790126895,15.838063921296287,58.0,60.76800000000002,27.65690790126893,17.0
-1,-90.88463233050814,13.862181027777778,50.0,58.36800000000002,32.51663233050812,21.0
-1,-98.875963977323,21.7351508518518,51.0,49.63200000000002,49.24396397732298,19.0
-1,-101.02543755348484,14.193063199074064,46.0,48.288,52.73743755348483,24.0
-1,-102.48071455296896,14.995295981481473,46.0,51.55200000000002,50.92871455296893,26.0
-1,-93.56240568377224,15.278202708333335,44.0,50.01600000000001,43.54640568377225,21.0
-1,-98.21107756317812,21.33258826388882,48.0,51.84000000000002,46.37107756317809,20.0
-1,-101.01567622757136,24.50281755555548,56.0,57.312000000000026,43.703676227571336,20.0
-1,-116.53895051080728,16.71156390740738,43.0,58.17600000000002,58.36295051080725,25.0
-1,-87.04171077896102,19.086345907407377,48.0,55.68000000000002,31.361710778961,14.0
-1,-110.77519662524296,13.167683120370368,46.0,57.696000000000026,53.079196625242936,25.0
-1,-96.0956222659742,18.109263342592552,43.0,57.88800000000003,38.207622265974166,17.0
-1,-91.50243678443368,21.43343231018511,55.0,48.576000000000015,42.926436784433655,19.0
-1,-97.15221473819966,15.6129959074074,45.0,48.09600000000002,49.05621473819964,21.0
-1,-100.42577558276156,14.100517212962949,48.0,57.40800000000003,43.01777558276154,18.0
-1,-67.56607926127487,19.60672816203699,45.0,41.56800000000001,25.99807926127486,14.0
-1,-107.38726376364284,17.474315449074027,46.0,60.864000000000026,46.52326376364281,20.0
-1,-96.7349044306605,17.922279402777765,62.0,68.16000000000001,28.574904430660496,18.0
-1,-69.74396682993579,15.66947371296297,44.0,44.16000000000001,25.58396682993577,15.0
-1,-98.63351088456506,21.090597199074057,48.0,55.58400000000002,43.04951088456504,18.0
-1,-125.72236847558662,23.60979448148139,68.0,71.32800000000005,54.39436847558658,20.0
-1,-143.71145272362236,27.303651199073997,61.0,66.81600000000002,76.89545272362236,20.0
-1,-87.1227641928917,17.501821412037014,47.0,51.36000000000002,35.76276419289167,21.0
-1,-127.94610292929929,17.2463178472222,58.0,68.06400000000004,59.88210292929925,25.0
-1,-107.2215836803647,15.095082800925914,44.0,58.56000000000002,48.66158368036468,24.0
-1,-89.17853805719079,16.616175486111086,56.0,62.496000000000016,26.68253805719077,14.0
-1,-74.92942594106287,15.143983342592604,49.0,51.45600000000002,23.47342594106285,13.0
-1,-99.2359635805286,21.282703291666607,58.0,55.48800000000003,43.74796358052856,21.0
-1,-79.243221271251,19.42251449999999,50.0,51.16800000000002,28.075221271250975,14.0
-1,-67.79621114187267,12.752614513888885,38.0,46.272000000000006,21.524211141872662,12.0
-1,-115.08523250528398,21.656922944444343,62.0,69.79200000000003,45.29323250528395,20.0
-1,-88.85016565783656,17.014675356481444,49.0,58.176000000000016,30.67416565783653,18.0
-1,-124.08670425677744,16.795203796296256,58.0,70.84800000000004,53.2387042567774,25.0
-1,-68.94822426394659,14.039182337962965,42.0,40.51200000000001,28.436224263946578,17.0
-1,-105.11217563088952,16.316036624999988,53.0,56.92800000000002,48.1841756308895,23.0
-1,-84.7606632660054,13.657285689814808,41.0,44.83200000000001,39.92866326600539,22.0
-1,-108.61347706205724,17.868304106481425,48.0,54.04800000000002,54.56547706205721,24.0
-1,-100.3598667927202,14.000284699074076,56.0,62.208000000000034,38.15186679272018,19.0
-1,-96.49838078233162,20.54022937037033,46.0,48.76800000000002,47.7303807823316,20.0
-1,-127.27276392333704,19.92990548148141,53.0,75.45600000000003,51.81676392333701,21.0
-1,-82.40259828464028,17.679898819444432,52.0,63.07200000000003,19.33059828464024,10.0
-1,-87.60439079988589,13.829839759259247,46.0,50.40000000000003,37.20439079988587,19.0
-1,-101.42608570159828,15.356234412037036,48.0,51.648000000000025,49.77808570159826,24.0
-1,-106.43711182843862,15.67953237037034,38.0,55.29600000000002,51.1411118284386,23.0
-1,-86.04592262500927,16.680817726851842,46.0,46.368000000000016,39.677922625009245,18.0
-1,-100.63245667976804,19.047805064814742,43.0,54.91200000000002,45.720456679768034,19.0
-1,-89.16014236719552,18.489169203703675,60.0,58.17600000000002,30.9841423671955,16.0
-1,-76.01422058671211,16.627402773148155,41.0,36.0,40.01422058671211,21.0
-1,-95.17075859898162,16.773410351851847,40.0,41.95200000000001,53.218758598981616,22.0
-1,-94.95212840466031,17.622376930555497,40.0,54.33600000000002,40.61612840466032,19.0
-1,-116.93911206530302,16.725162624999985,43.0,54.24000000000002,62.69911206530299,24.0
-1,-99.08125682907207,22.53889084722213,44.0,48.67200000000002,50.40925682907207,18.0
-1,-88.13348391105,14.567852347222226,44.0,40.896000000000015,47.23748391104999,22.0
-1,-121.87417124587029,15.933345203703658,42.0,65.76000000000002,56.11417124587025,24.0
-1,-110.86601734371791,15.462762092592572,55.0,69.40800000000003,41.45801734371789,22.0
-1,-120.79588317674484,21.710220907407308,56.0,60.48000000000003,60.31588317674482,22.0
-1,-82.5224081995012,16.93090948611108,40.0,56.16000000000002,26.36240819950117,18.0
-1,-106.4487511922889,17.855695458333294,45.0,56.25600000000002,50.19275119228888,21.0
-1,-135.11589338857448,20.773707092592478,58.0,76.32000000000005,58.79589338857442,21.0
-1,-102.30569878312592,17.14231879166666,51.0,57.312000000000026,44.99369878312589,20.0
-1,-115.48595854733692,20.68235469907403,52.0,60.96000000000002,54.52595854733691,19.0
-1,-111.58989271415037,14.987812268518493,43.0,61.440000000000026,50.149892714150326,25.0
-1,-90.96734049588446,21.1292131018518,42.0,50.20800000000002,40.759340495884445,20.0
-1,-94.4825660212904,17.732144231481445,52.0,64.70400000000002,29.778566021290374,17.0
-1,-97.68583627050322,21.51958523148142,53.0,57.21600000000002,40.4698362705032,19.0
-1,-115.8888439990263,28.889872944444345,59.0,67.96800000000003,47.92084399902628,15.0
-1,-88.7109692050193,24.986342814814748,47.0,44.73600000000002,43.97496920501928,16.0
-1,-80.87999481715264,15.778573314814778,40.0,47.71200000000002,33.16799481715262,17.0
-1,-82.53842955720992,17.794862120370354,45.0,48.960000000000015,33.5784295572099,18.0
-1,-81.8983828079669,16.070953851851836,41.0,46.94400000000001,34.954382807966894,20.0
-1,-86.32053011018473,19.0828696018518,47.0,55.58400000000002,30.736530110184702,18.0
-1,-93.02126449895144,21.20484231944442,62.0,57.888000000000034,35.13326449895141,16.0
-1,-95.19615717360963,16.587554518518523,49.0,58.36800000000002,36.82815717360961,17.0
-1,-105.5098026949736,16.525284953703693,51.0,57.21600000000003,48.29380269497355,23.0
-1,-106.48447112159675,16.00672860185183,53.0,57.79200000000003,48.692471121596725,20.0
-1,-84.1685697812795,10.07204343055556,42.0,52.41600000000002,31.752569781279487,20.0
-1,-72.79321976007006,16.442728833333337,45.0,54.24000000000002,18.55321976007004,8.0
-1,-115.67800575161093,13.423624893518513,43.0,55.58400000000002,60.0940057516109,25.0
-1,-78.19683078055235,19.402584009259243,45.0,45.31200000000001,32.884830780552335,13.0
-1,-117.93715720876128,19.734592476851784,55.0,70.36800000000004,47.56915720876123,22.0
-1,-109.15434868882068,20.83161291203693,57.0,64.51200000000003,44.64234868882066,20.0
-1,-100.07209277055073,22.750833273148068,57.0,59.80800000000003,40.26409277055068,15.0
-1,-106.30595076056152,21.819622037036996,48.0,49.72800000000002,56.57795076056149,21.0
-1,-93.2215970688,21.56564022685181,54.0,58.36800000000003,34.85359706879998,15.0
-1,-90.58652128948602,19.212288972222208,41.0,52.70400000000002,37.88252128948599,16.0
-1,-100.46109272448852,22.07139159722212,55.0,61.53600000000003,38.925092724488486,18.0
-1,-110.83813902271883,16.768712564814788,42.0,52.12800000000003,58.710139022718806,23.0
-1,-113.79040812845624,21.253004694444417,56.0,61.15200000000003,52.63840812845623,19.0
-1,-101.79668064601888,21.661394666666613,54.0,45.888,55.90868064601889,21.0
-1,-102.69892221760348,16.994554009259247,53.0,63.16800000000004,39.53092221760345,18.0
-1,-111.19350137533496,15.85703799999998,42.0,52.32000000000002,58.873501375334925,24.0
-1,-110.85159709243192,12.960269800925907,49.0,59.90400000000003,50.9475970924319,22.0
-1,-71.65226916681917,15.667842009259235,40.0,43.58400000000001,28.068269166819164,14.0
-1,-96.3636351847181,17.59796907870366,42.0,56.73600000000002,39.62763518471809,18.0
-1,-91.6541610884518,12.975659773148136,38.0,48.960000000000015,42.69416108845178,21.0
-1,-100.06430856230448,17.827414828703667,48.0,63.16800000000003,36.89630856230446,16.0
-1,-107.53497915099078,22.45090726388881,55.0,58.17600000000002,49.35897915099075,20.0
-1,-106.2583783628925,19.760835356481437,55.0,63.55200000000003,42.70637836289248,21.0
-1,-96.1896495931762,15.577269611111085,52.0,57.120000000000026,39.069649593176166,19.0
-1,-102.50775323644842,20.282903453703643,42.0,50.20800000000002,52.2997532364484,19.0
-1,-94.95527866130192,17.104845462962942,39.0,43.20000000000001,51.7552786613019,19.0
-1,-108.3172086609662,19.71653694444437,52.0,60.86400000000002,47.45320866096617,21.0
-1,-77.08189149871143,18.789449953703656,46.0,50.01600000000002,27.06589149871141,16.0
-1,-107.4448021168173,15.26968885185184,46.0,60.480000000000025,46.96480211681728,20.0
-1,-97.5747956617001,15.857422754629624,44.0,53.85600000000002,43.71879566170007,21.0
-1,-98.71676043859654,20.11625968981478,57.0,55.68000000000002,43.03676043859652,19.0
-1,-86.17747590459575,21.895560226851785,45.0,47.136,39.04147590459575,18.0
-1,-99.2466244601426,14.651678148148129,48.0,60.57600000000002,38.67062446014258,21.0
-1,-130.8484191533639,21.00905639351844,58.0,73.63200000000003,57.21641915336385,19.0
-1,-107.74035551608304,16.502187569444423,53.0,62.30400000000004,45.43635551608299,23.0
-1,-105.28681554603122,15.881414120370344,49.0,58.46400000000003,46.8228155460312,23.0
-1,-99.9980081259256,19.320795111111053,57.0,62.97600000000002,37.022008125925566,16.0
-1,-100.16244046525316,13.31765236574077,36.0,39.84000000000001,60.322440465253145,23.0
-1,-99.32162139358192,22.62158391203696,49.0,50.88000000000002,48.4416213935819,21.0
-1,-130.94366822949385,15.73996046296295,64.0,88.80000000000004,42.143668229493805,22.0
-1,-88.32106025119346,15.26657148148148,43.0,51.93600000000002,36.38506025119344,21.0
-1,-99.95964861818382,22.78843778240736,49.0,50.88000000000002,49.0796486181838,18.0
-1,-115.59405075911286,16.33955371296293,50.0,53.184000000000026,62.41005075911284,23.0
-1,-89.61480729479415,14.47898004166665,44.0,52.41600000000002,37.19880729479413,21.0
-1,-93.93225571738434,15.731895495370344,45.0,56.928000000000026,37.00425571738431,21.0
-1,-109.30231815322465,17.575165097222186,59.0,69.12000000000003,40.18231815322461,18.0
-1,-92.18360450939716,14.608806842592584,46.0,51.45600000000002,40.727604509397146,21.0
-1,-100.14792122137804,16.70061798148145,45.0,55.39200000000002,44.75592122137802,21.0
-1,-102.0827284788587,20.70719893518516,54.0,55.39200000000002,46.69072847885868,21.0
-1,-84.36378831273319,16.504230259259227,44.0,44.256000000000014,40.10778831273317,20.0
-1,-91.67546056413988,18.87291628703701,51.0,55.48800000000004,36.18746056413984,19.0
-1,-112.0687076103535,15.188935629629617,43.0,55.00800000000002,57.06070761035348,25.0
-1,-136.71573003645275,21.04303919444437,61.0,79.68000000000004,57.03573003645272,21.0
-1,-100.3539258918446,23.92396809722213,56.0,60.86400000000003,39.48992589184456,17.0
-1,-108.32272360549284,18.034448888888868,44.0,50.11200000000002,58.21072360549283,23.0
-1,-89.89634565103802,14.203884675925927,33.0,43.87200000000001,46.024345651038,22.0
-1,-130.69274277216977,9.617860851851846,50.0,70.08000000000004,60.61274277216972,28.0
-1,-134.88417080846304,20.28820155092586,52.0,72.67200000000004,62.212170808463,21.0
-1,-89.66322839952277,21.79264746296291,48.0,45.408000000000015,44.25522839952275,20.0
-1,-91.25036319682506,19.57278410648143,66.0,60.57600000000002,30.67436319682504,16.0
-1,-80.25268165903483,18.62258346759252,40.0,41.376000000000005,38.87668165903482,20.0
-1,-90.45009880300576,13.72380924074074,46.0,58.08000000000003,32.37009880300575,19.0
-1,-84.4919249699699,15.310789134259258,37.0,38.4,46.0919249699699,20.0
-1,-102.69815175683196,20.98180632870366,49.0,64.70400000000002,37.99415175683193,15.0
-1,-92.33191941762988,18.03766166666663,49.0,63.45600000000002,28.87591941762985,17.0
-1,-101.12718928773997,15.009162592592594,47.0,52.89600000000002,48.23118928773994,21.0
-1,-130.6488066590203,23.641808412036927,71.0,87.55200000000005,43.09680665902025,17.0
-1,-83.3836713852111,14.183279476851885,43.0,54.91200000000002,28.47167138521109,18.0
-1,-104.73205134467966,21.59117189814805,47.0,64.12800000000003,40.60405134467963,18.0
-1,-115.6075297985069,15.288863203703691,46.0,55.39200000000003,60.21552979850687,24.0
-1,-127.87345653643044,23.293514069444328,59.0,70.46400000000004,57.40945653643039,22.0
-1,-91.23115395256346,18.294152226851786,45.0,57.69600000000002,33.535153952563434,19.0
-1,-113.0688620335869,16.380425421296284,57.0,64.99200000000003,48.07686203358686,22.0
-1,-86.4454808771429,18.29341455092591,48.0,58.84800000000001,27.59748087714288,14.0
-1,-100.2377200814366,15.439118995370343,51.0,59.712000000000025,40.525720081436575,22.0
-1,-79.80013365317146,10.268048199074077,29.0,36.672,43.12813365317146,25.0
-1,-143.1163799475109,26.621805782407307,74.0,78.04800000000002,65.06837994751086,23.0
-1,-76.17362904190213,19.860236861111076,41.0,40.8,35.37362904190212,17.0
-1,-73.83444996529241,14.53800961574073,42.0,43.39200000000002,30.44244996529239,17.0
-1,-104.33362505254138,15.396086768518508,42.0,59.42400000000002,44.90962505254136,23.0
-1,-98.7898857254959,18.893723231481392,45.0,55.58400000000002,43.20588572549588,18.0
-1,-77.2301367418147,10.108962125000003,35.0,46.75200000000001,30.47813674181469,18.0
-1,-105.0778010860975,17.73500368518516,48.0,56.54400000000002,48.53380108609748,19.0
-1,-93.9617453251765,19.174265703703657,47.0,56.73600000000002,37.22574532517648,20.0
-1,-79.56109773558416,20.23248809722222,45.0,45.79200000000002,33.769097735584126,15.0
-1,-113.54384999581964,13.441645402777766,45.0,66.33600000000003,47.20784999581962,23.0
-1,-96.8509608236682,16.68630735648148,44.0,56.448000000000015,40.40296082366819,20.0
-1,-136.9397731801053,18.257322935185115,54.0,71.90400000000004,65.03577318010527,23.0
-1,-92.35996440564654,14.53584418055554,52.0,62.30400000000002,30.05596440564651,17.0
-1,-127.53371670436565,22.90899080555545,62.0,78.72000000000004,48.81371670436559,18.0
-1,-100.97823103622022,19.637761365740683,44.0,47.04000000000001,53.93823103622021,21.0
-1,-111.90852094655132,13.364266953703703,45.0,61.82400000000002,50.0845209465513,24.0
-1,-139.98037772878664,20.976421097222097,62.0,80.25600000000003,59.72437772878661,20.0
-1,-79.54806997560449,12.15102088888889,46.0,48.28800000000001,31.26006997560448,18.0
-1,-108.61604386176587,20.702359319444376,50.0,60.096000000000025,48.520043861765856,19.0
-1,-78.56213493874458,18.509114370370373,42.0,48.67200000000002,29.890134938744563,14.0
-1,-89.66778438496956,12.281528861111116,51.0,62.20800000000002,27.459784384969552,15.0
-1,-101.03683117935547,18.789121393518464,65.0,75.74400000000003,25.29283117935545,13.0
-1,-97.35068089678396,24.615473717592515,52.0,56.64000000000003,40.710680896783934,19.0
-1,-84.46496115231812,22.06635494907402,46.0,49.24800000000001,35.216961152318106,17.0
-1,-78.16492530142551,14.763766819444443,36.0,44.06400000000001,34.100925301425505,18.0
-1,-83.02522034465186,19.587574912036978,56.0,50.59200000000002,32.43322034465184,17.0
-1,-97.20970399334344,17.313643828703686,54.0,57.60000000000002,39.60970399334342,20.0
-1,-92.21287705149577,13.42998527314816,40.0,49.82400000000001,42.38887705149573,21.0
-1,-91.03648094883717,12.272182967592586,45.0,42.912000000000006,48.124480948837146,23.0
-1,-93.89008480788522,15.5013132222222,48.0,58.65600000000001,35.2340848078852,17.0
-1,-107.28907598253888,17.426051157407343,52.0,60.76800000000003,46.52107598253887,19.0
-1,-111.09391259371873,19.49805504629625,56.0,59.32800000000002,51.765912593718696,21.0
-1,-87.63518609788002,17.21896306944441,49.0,56.92800000000002,30.70718609788,17.0
-1,-89.0501518815274,18.48665622685182,49.0,48.00000000000002,41.05015188152738,22.0
-1,-123.3986317023662,20.063488277777708,64.0,73.34400000000004,50.05463170236617,19.0
-1,-76.1249656666084,17.73318660185182,50.0,53.760000000000026,22.36496566660837,16.0
-1,-85.3779844634179,17.844675523148094,47.0,55.10400000000003,30.27398446341787,16.0
-1,-80.89474993574022,18.18762454629629,46.0,49.53600000000001,31.358749935740217,15.0
-1,-85.24216854316438,15.76065971296296,36.0,45.40800000000001,39.83416854316438,20.0
-1,-83.88468295056069,16.69693909259259,43.0,52.32000000000002,31.56468295056066,15.0
-1,-109.21542939943382,19.39154774999998,48.0,50.112000000000016,59.10342939943381,22.0
-1,-78.05718075771871,15.516237865740717,43.0,45.69600000000001,32.3611807577187,23.0
-1,-143.55955237885496,14.971244537037014,63.0,91.87200000000006,51.6875523788549,23.0
-1,-92.56973929970104,11.975090041666665,42.0,56.06400000000002,36.50573929970103,20.0
-1,-108.05907938184473,18.51665892592589,40.0,44.54400000000001,63.51507938184472,24.0
-1,-110.27678117535262,20.645425324074004,60.0,63.07200000000004,47.20478117535259,19.0
-1,-93.6878971278072,18.64627294444441,45.0,55.20000000000002,38.48789712780716,18.0
-1,-94.52818350403786,21.191823347222154,44.0,47.52000000000002,47.00818350403784,17.0
-1,-94.48390396616138,11.832244097222224,40.0,54.33600000000002,40.14790396616136,22.0
-1,-98.57507479021427,11.144801268518531,32.0,43.392,55.18307479021427,24.0
-1,-129.14606389280672,12.541807916666668,46.0,55.87200000000003,73.2740638928067,26.0
-1,-76.50071732167895,10.425534458333322,30.0,45.79200000000001,30.70871732167894,18.0
-1,-101.4338625931556,22.550424856481413,48.0,56.352000000000025,45.08186259315558,18.0
-1,-115.37931950372132,16.162561620370347,52.0,63.93600000000003,51.4433195037213,20.0
-1,-113.78193099324554,18.69251460185176,47.0,62.88000000000002,50.90193099324552,22.0
-1,-93.26442382577136,15.76488026388888,53.0,61.53600000000003,31.728423825771348,17.0
-1,-89.27900839885723,21.434313282407384,50.0,52.60800000000002,36.67100839885721,16.0
-1,-109.7513922790398,16.113816435185154,44.0,54.52800000000003,55.22339227903977,22.0
-1,-82.42226990350811,14.435061490740742,37.0,41.280000000000015,41.142269903508094,23.0
-1,-79.05263410383981,19.362034087962915,53.0,55.87200000000003,23.18063410383978,11.0
-1,-97.1281020639934,20.76192536574064,48.0,55.48800000000003,41.64010206399336,19.0
-1,-106.67063884024782,17.02417299537033,57.0,61.24800000000004,45.422638840247785,20.0
-1,-105.38754090713424,22.860693194444377,63.0,62.400000000000034,42.98754090713423,17.0
-1,-98.36521045682169,24.758020212962904,47.0,49.72800000000002,48.63721045682165,16.0
-1,-77.38609964816943,15.03614407407408,41.0,48.768000000000015,28.618099648169423,17.0
-1,-121.28879922028574,21.1483463055555,57.0,75.36000000000004,45.92879922028569,21.0
-1,-89.24608157536652,22.903898689814763,51.0,57.79200000000002,31.45408157536649,19.0
-1,-90.55568970643458,13.287667509259268,39.0,41.56800000000001,48.98768970643456,24.0
-1,-82.1647985577078,13.440531374999996,40.0,49.05600000000001,33.10879855770779,20.0
-1,-84.11948584401692,13.447231476851847,40.0,49.82400000000001,34.29548584401691,20.0
-1,-101.978697177651,15.091979189814804,48.0,55.10400000000002,46.874697177650965,24.0
-1,-95.0513224807453,17.139367777777753,43.0,50.68800000000002,44.36332248074528,20.0
-1,-92.29360624575082,20.632738620370304,55.0,56.73600000000003,35.55760624575079,18.0
-1,-88.14827936180913,14.730033712962989,33.0,44.92800000000002,43.22027936180911,20.0
-1,-88.63281676227449,23.060427856481464,48.0,56.64000000000002,31.99281676227446,14.0
-1,-101.9597567387782,15.994658157407406,42.0,43.296000000000014,58.66375673877818,24.0
-1,-88.31914193674763,19.394532370370356,54.0,59.04000000000002,29.279141936747607,15.0
-1,-98.41257885235936,13.04638279629628,48.0,62.49600000000002,35.91657885235934,21.0
-1,-111.00755174710172,16.47853056944441,41.0,43.29600000000001,67.71155174710172,26.0
-1,-80.56264112026821,13.862418597222227,32.0,36.48,44.08264112026821,22.0
-1,-151.32197315428925,22.907459731481413,61.0,84.48000000000005,66.84197315428919,22.0
-1,-140.9735080441255,14.906542902777767,54.0,72.67200000000004,68.30150804412547,21.0
-1,-120.08275912411632,23.52691244907401,68.0,67.00800000000004,53.07475912411627,18.0
-1,-79.0383492249519,18.41685659259256,38.0,40.22400000000001,38.81434922495189,17.0
-1,-81.79484352107538,13.918254027777758,33.0,40.032,41.762843521075375,24.0
-1,-98.7805856108507,15.999753550925924,45.0,48.28800000000002,50.49258561085068,19.0
-1,-74.00369415957869,15.955480689814792,46.0,52.32000000000002,21.683694159578668,14.0
-1,-119.55919912237052,16.77862945370367,48.0,62.88000000000003,56.6791991223705,19.0
-1,-90.17799409821816,19.39026213425923,41.0,45.02400000000001,45.15399409821816,18.0
-1,-97.0625866670348,18.41276346296294,57.0,58.94400000000002,38.11858666703476,18.0
-1,-82.91877950762449,19.03571889351843,46.0,56.06400000000003,26.854779507624468,16.0
-1,-93.75042851056595,19.81961375462959,41.0,51.552000000000014,42.19842851056596,18.0
-1,-82.46192044592254,20.62636441203701,47.0,48.48000000000002,33.98192044592252,14.0
-1,-123.51163065706046,18.53734086574068,50.0,59.52000000000002,63.99163065706044,23.0
-1,-76.00435758681375,13.909270175925917,46.0,51.07200000000002,24.932357586813733,14.0
-1,-108.1676177708334,13.330376912037002,55.0,62.88000000000003,45.28761777083338,20.0
-1,-109.46744354732688,12.576386175925911,46.0,65.37600000000002,44.09144354732684,23.0
-1,-81.97277921923113,22.367266337962945,42.0,41.47200000000001,40.50077921923112,17.0
-1,-99.41693171113704,15.743037365740724,47.0,51.74400000000002,47.67293171113703,22.0
-1,-111.84803829506858,27.301740064814712,57.0,63.26400000000003,48.58403829506855,16.0
-1,-118.49215747508087,14.866476249999987,47.0,63.93600000000003,54.55615747508085,22.0
-1,-95.87496615345384,17.080803643518497,43.0,48.09600000000001,47.77896615345382,21.0
-1,-69.34130305425585,13.790483194444448,33.0,37.92000000000001,31.421303054255837,14.0
-1,-74.36625126344275,13.389545759259242,40.0,47.90400000000002,26.46225126344273,16.0
-1,-86.0391727810271,11.35050668518519,39.0,51.16800000000001,34.871172781027084,19.0
-1,-87.97107290934915,24.86659340740734,42.0,40.22400000000001,47.74707290934913,16.0
-1,-80.92698737847238,16.82453155555552,49.0,57.21600000000002,23.710987378472357,10.0
-1,-123.28083594279154,21.278635504629584,66.0,76.41600000000004,46.8648359427915,20.0
-1,-123.81701874762122,18.581233912036986,51.0,57.312000000000026,66.5050187476212,24.0
-1,-92.0693655622102,11.94709077314816,42.0,47.32800000000001,44.74136556221019,24.0
-1,-124.12680852968876,14.3134683148148,54.0,70.08000000000004,54.04680852968872,23.0
-1,-90.14274861376346,12.879178074074057,42.0,53.472000000000016,36.67074861376344,21.0
-1,-105.31119742903128,18.457082027777687,53.0,63.55200000000003,41.75919742903125,19.0
-1,-88.59847753536656,11.883518333333338,33.0,47.90400000000001,40.69447753536655,22.0
-1,-87.47459132981606,21.598091708333307,54.0,51.93600000000002,35.53859132981604,15.0
-1,-124.69346453772332,18.598037092592563,46.0,59.04000000000003,65.65346453772328,20.0
-1,-96.20934062048438,18.30446866203696,33.0,39.456,56.75334062048438,21.0
-1,-156.08329614583195,22.23414725925917,69.0,101.76000000000006,54.3232961458319,22.0
-1,-144.239478850029,18.08594713425919,55.0,70.94400000000003,73.29547885002897,25.0
-1,-106.12813025925902,16.726945236111074,46.0,59.52000000000003,46.60813025925899,19.0
-1,-100.90848632552668,12.9702560925926,49.0,54.14400000000002,46.76448632552664,24.0
-1,-93.00585295623938,13.9946083009259,39.0,51.36000000000002,41.64585295623935,20.0
-1,-104.67608432747512,17.331189620370328,53.0,64.80000000000003,39.87608432747509,21.0
-1,-88.19861114766263,14.904078166666656,42.0,48.768000000000015,39.43061114766262,21.0
-1,-94.58398689177382,19.84846065277774,49.0,56.544000000000025,38.03998689177379,17.0
-1,-72.61979713887249,14.503869273148135,35.0,39.072,33.547797138872475,20.0
-1,-85.86059214227834,17.714804069444398,42.0,45.216000000000015,40.64459214227833,20.0
-1,-89.04664966833008,17.430125870370368,58.0,57.60000000000002,31.446649668330053,14.0
-1,-125.32325586792828,13.875821791666638,44.0,66.91200000000002,58.411255867928254,23.0
-1,-103.7928021066306,14.923184083333348,42.0,51.45600000000002,52.336802106630586,22.0
-1,-87.95711949538233,21.73421977314809,47.0,45.408000000000015,42.54911949538232,17.0
-1,-87.21070964905957,11.844052152777785,39.0,50.78400000000002,36.42670964905955,19.0
-1,-87.1652649200858,18.519406726851813,47.0,48.960000000000015,38.2052649200858,15.0
-1,-93.60131612163131,14.051827787037054,38.0,51.26400000000001,42.3373161216313,20.0
-1,-117.70931090337184,18.2453865694444,44.0,59.04000000000001,58.669310903371816,23.0
-1,-82.92871914102176,19.620882879629583,42.0,46.368000000000016,36.56071914102175,14.0
-1,-108.33963159097765,17.440376990740692,52.0,70.84800000000003,37.49163159097762,18.0
-1,-105.89669554413176,17.9443639583333,51.0,62.68800000000003,43.20869554413172,19.0
-1,-108.00735811910788,17.51633781944438,47.0,57.40800000000003,50.59935811910786,22.0
-1,-83.14576515906043,10.379961597222234,32.0,51.36000000000001,31.785765159060432,18.0
-1,-73.0686822757448,14.696929439814802,34.0,42.33600000000001,30.732682275744786,15.0
-1,-107.88911290469564,16.479550143518523,59.0,58.75200000000003,49.13711290469561,21.0
-1,-87.4095919631585,12.768377453703712,52.0,62.784000000000034,24.625591963158463,15.0
-1,-100.51873735557793,17.86803129166661,42.0,50.88000000000002,49.63873735557791,22.0
-1,-95.3135956424081,11.081475115740734,47.0,52.41600000000002,42.897595642408085,22.0
-1,-110.13501695218407,23.207679319444395,53.0,68.35200000000003,41.783016952184056,16.0
-1,-92.26071986832032,19.69307652314812,45.0,50.88000000000002,41.3807198683203,20.0
-1,-286.978633568617,15.638813861111077,130.0,237.40800000000016,49.570633568616834,19.0
-1,-101.12721419915066,17.3987196805555,44.0,48.000000000000014,53.12721419915064,20.0
-1,-168.5294590864338,16.04944413888885,75.0,108.67200000000008,59.85745908643375,24.0
-1,-123.48644010744766,17.854288833333264,54.0,73.15200000000004,50.33444010744762,21.0
-1,-133.19621726466735,17.503995574074008,58.0,84.19200000000005,49.0042172646673,20.0
-1,-88.219733172403,10.228229458333349,31.0,40.032,48.18773317240299,27.0
-1,-102.92449241968475,18.052534703703657,49.0,59.23200000000003,43.69249241968474,20.0
-1,-119.58624952648584,14.070807476851856,43.0,50.20800000000002,69.37824952648582,26.0
-1,-158.3138666899973,17.731674092592517,65.0,94.56000000000006,63.75386668999723,23.0
-1,-71.39018327140488,15.203555472222202,40.0,46.46400000000001,24.92618327140487,17.0
-1,-83.89646346091186,16.861313305555523,40.0,49.536000000000016,34.36046346091184,17.0
-1,-118.97886230399776,15.23147906944442,54.0,72.19200000000004,46.78686230399774,21.0
-1,-121.5872673832832,17.402825907407372,45.0,53.37600000000001,68.21126738328319,23.0
-1,-125.1834318005925,20.42374094907398,60.0,76.51200000000003,48.67143180059248,20.0
-1,-110.64986497035667,16.75360514814811,45.0,53.18400000000002,57.46586497035666,24.0
-1,-86.21182407709927,13.309559430555554,41.0,45.12000000000001,41.09182407709925,21.0
-1,-128.9112827488889,14.04682256481482,40.0,57.79200000000002,71.11928274888888,26.0
-1,-109.60071594485945,18.77470474537031,46.0,61.53600000000003,48.06471594485942,23.0
-1,-80.75538801730448,22.844068921296238,51.0,57.21600000000002,23.539388017304468,13.0
-1,-100.3526142619086,14.182981425925917,37.0,52.99200000000002,47.360614261908594,22.0
-1,-93.64610730298004,18.86746273611106,35.0,40.992,52.65410730298002,21.0
-1,-112.67610906711096,14.048825842592583,46.0,64.22400000000003,48.45210906711094,25.0
-1,-82.22603321539671,13.409924986111104,39.0,42.62400000000001,39.6020332153967,20.0
-1,-95.8767891829808,18.458283611111085,48.0,53.56800000000002,42.30878918298079,17.0
-1,-96.27604812132408,15.639685657407393,45.0,58.08000000000002,38.19604812132404,21.0
-1,-72.6321748727088,13.820803023148132,33.0,40.8,31.8321748727088,19.0
-1,-132.6347691616211,16.962539148148103,61.0,81.12000000000005,51.514769161621054,19.0
-1,-100.48471441198052,16.38508377314813,43.0,56.35200000000002,44.1327144119805,21.0
-1,-152.82471126477975,17.355266004629563,69.0,96.19200000000006,56.632711264779694,23.0
-1,-85.43201157195247,23.98477521759253,51.0,53.568000000000026,31.86401157195244,13.0
-1,-172.83649240636714,14.76265147685182,69.0,103.77600000000004,69.06049240636708,28.0
-1,-73.50395661785743,13.588910254629612,34.0,39.168000000000006,34.33595661785743,18.0
-1,-115.593735340167,22.880629314814747,50.0,64.12800000000003,51.46573534016698,18.0
-1,-98.69087202911108,11.768859449074066,43.0,50.97600000000002,47.71487202911108,26.0
-1,-128.69906445882555,15.69309349074072,41.0,57.79200000000002,70.90706445882556,24.0
-1,-103.2287559269069,15.812225300925904,43.0,55.77600000000002,47.45275592690689,23.0
-1,-77.19697880694996,12.75166871296295,41.0,48.960000000000015,28.23697880694994,17.0
-1,-106.50571506629912,25.123737078703627,66.0,64.32000000000002,42.185715066299096,17.0
-1,-80.73347319316042,15.079356592592566,37.0,41.568000000000005,39.16547319316041,16.0
-1,-98.2081153977781,17.134379523148137,45.0,53.18400000000002,45.02411539777808,18.0
-1,-119.4433887484042,14.717672180555548,49.0,62.68800000000004,56.75538874840416,23.0
-1,-96.38205343747616,17.382613013888857,48.0,53.28000000000002,43.102053437476144,20.0
-1,-106.01099322046,25.800022847222188,60.0,68.16000000000004,37.85099322045996,16.0
-1,-86.24531538644825,19.42916635648144,53.0,53.47200000000003,32.773315386448225,15.0
-1,-67.75630889695317,20.37745775925925,49.0,45.50400000000002,22.25230889695315,13.0
-1,-108.3040281804995,22.27580469907401,44.0,51.64800000000001,56.65602818049949,21.0
-1,-113.93650204683074,19.20838390277773,43.0,46.46400000000001,67.47250204683073,21.0
-1,-98.725418166558,18.42349152777772,45.0,55.58400000000002,43.14141816655797,17.0
-1,-81.63191044584812,12.29440487962965,31.0,38.592,43.03991044584812,22.0
-1,-89.90339483459573,14.790828935185168,47.0,53.28000000000002,36.62339483459572,21.0
-1,-103.11092038215403,16.83232313888886,42.0,53.76000000000002,49.350920382154015,24.0
-1,-98.29874508011982,17.156410995370326,50.0,67.96800000000003,30.33074508011978,18.0
-1,-97.44485888118687,15.794695504629615,45.0,55.48800000000003,41.95685888118685,23.0
-1,-140.7714470591604,21.28276412962953,67.0,85.44000000000005,55.33144705916035,21.0
-1,-82.76984718927685,12.077834717592584,40.0,53.95200000000003,28.81784718927681,15.0
-1,-99.48606614135969,13.985913361111106,43.0,59.61600000000002,39.87006614135966,20.0
-1,-149.84184161734484,17.051207800925873,64.0,81.98400000000004,67.8578416173448,24.0
-1,-111.76234900981268,20.57838328240734,60.0,63.74400000000004,48.01834900981264,21.0
-1,-97.05334145328368,15.392206365740726,54.0,60.96000000000003,36.093341453283664,20.0
-1,-87.20694280780472,22.27377996296292,52.0,59.42400000000003,27.78294280780469,13.0
-1,-130.93150133706715,18.96990967592584,59.0,74.68800000000005,56.24350133706709,23.0
-1,-121.99169138968632,19.428297949073983,59.0,63.26400000000003,58.72769138968627,23.0
-1,-120.9983890676798,18.889002814814766,63.0,80.44800000000004,40.550389067679774,20.0
-1,-95.18442814247383,14.164523652777785,44.0,43.296000000000014,51.88842814247382,24.0
-1,-89.48799590132214,10.51508254166668,44.0,50.59200000000002,38.89599590132211,20.0
-1,-101.60728085723468,17.137571319444415,56.0,61.63200000000003,39.97528085723465,19.0
-1,-95.2135690022772,19.30995065740739,54.0,65.95200000000003,29.261569002277188,14.0
-1,-106.3298449209172,16.330584689814792,45.0,58.94400000000002,47.385844920917165,21.0
-1,-82.70969760565212,20.73324529166659,50.0,53.376000000000026,29.333697605652095,17.0
-1,-107.2464692837963,20.64577255555551,63.0,67.20000000000002,40.04646928379628,21.0
-1,-97.43848751757568,18.09662558796292,45.0,56.64000000000003,40.79848751757564,21.0
-1,-103.64842183303004,14.773372120370372,47.0,50.68800000000002,52.960421833030026,22.0
-1,-93.22382126950174,19.078179287037,41.0,46.656000000000006,46.56782126950173,21.0
-1,-92.135785771326,19.61527200925924,51.0,55.58400000000002,36.55178577132597,18.0
-1,-78.43124440422515,14.683776685185178,40.0,42.72000000000001,35.71124440422514,14.0
-1,-102.0591584225281,11.186667393518514,46.0,57.02400000000002,45.035158422528085,23.0
-1,-95.95984780954495,14.62653061574074,44.0,50.304000000000016,45.65584780954493,23.0
-1,-81.1630864406925,16.8973542777778,41.0,48.000000000000014,33.163086440692474,17.0
-1,-100.7363480949832,17.83373507407401,39.0,52.41600000000002,48.32034809498316,22.0
-1,-114.93616892183496,20.64988491666659,50.0,76.03200000000004,38.90416892183491,18.0
-1,-75.8665658192685,14.897349708333328,45.0,45.600000000000016,30.26656581926848,18.0
-1,-126.90075965327608,15.264957254629625,52.0,52.608000000000025,74.29275965327606,25.0
-1,-106.23400844502768,23.709053032407365,55.0,59.712000000000025,46.52200844502765,18.0
-1,-76.023948610316,13.228580236111126,36.0,37.34400000000001,38.67994861031599,23.0
-1,-95.15834264880564,17.10535264351849,58.0,60.864000000000026,34.29434264880561,19.0
-1,-113.4914474765574,15.387984805555533,57.0,67.29600000000003,46.195447476557376,22.0
-1,-100.96234778587922,21.14064590277774,47.0,52.416000000000025,48.5463477858792,18.0
-1,-99.66501235185989,13.847682407407405,46.0,51.45600000000002,48.20901235185984,24.0
-1,-102.8280453170776,21.043753550925857,46.0,47.808000000000014,55.02004531707759,20.0
-1,-101.53701710009528,19.168705759259183,56.0,60.76800000000003,40.76901710009524,20.0
-1,-101.7399598541524,18.458398981481423,48.0,55.58400000000002,46.15595985415239,20.0
-1,-99.0782836585478,18.25674179629625,50.0,51.840000000000025,47.23828365854778,20.0
-1,-101.02084437848843,18.14094887499997,46.0,50.20800000000002,50.81284437848844,21.0
-1,-90.23768844599272,15.530305374999992,42.0,52.992000000000026,37.2456884459927,21.0
-1,-65.64558699110991,14.229785486111098,31.0,37.440000000000005,28.205586991109907,13.0
-1,-102.29415491942802,15.287903365740728,38.0,51.07200000000002,51.22215491942801,21.0
-1,-109.07347242153035,16.807050004629588,47.0,61.63200000000002,47.44147242153036,20.0
-1,-93.7140725543088,14.011719425925923,36.0,45.696000000000005,48.0180725543088,25.0
-1,-96.05626438799186,12.939585254629632,34.0,39.93600000000001,56.12026438799185,24.0
-1,-128.83187846176116,15.401471689814782,50.0,77.66400000000004,51.167878461761134,22.0
-1,-102.45451930201202,14.70272729166667,42.0,45.600000000000016,56.854519302012,23.0
-1,-95.6038876609405,15.772454152777762,44.0,55.10400000000002,40.49988766094047,19.0
-1,-112.82392186763258,14.349355578703674,42.0,59.712000000000025,53.11192186763255,21.0
-1,-93.08920859847248,15.166754467592584,46.0,50.01600000000001,43.07320859847248,21.0
-1,-86.85295555182574,21.054562814814783,46.0,46.176000000000016,40.676955551825735,18.0
-1,-97.65920280122066,14.213296092592593,35.0,41.85600000000001,55.80320280122064,26.0
-1,-104.4379761796084,18.140049333333277,50.0,57.40800000000002,47.02997617960837,24.0
-1,-78.49502946736803,13.923814810185185,38.0,40.51200000000001,37.98302946736802,18.0
-1,-125.60514688792536,19.749799148148096,54.0,71.52000000000004,54.08514688792533,19.0
-1,-110.13168326708175,15.019817671296286,45.0,59.712000000000025,50.419683267081744,20.0
-1,-114.5456968022105,24.70249584259251,59.0,65.76000000000003,48.78569680221046,18.0
-1,-92.79233306964196,26.96631518518512,51.0,46.46400000000001,46.32833306964196,17.0
-1,-108.13661560323716,18.358101444444404,46.0,50.01600000000003,58.120615603237134,22.0
-1,-77.59429488225447,10.624284518518516,31.0,46.75200000000001,30.842294882254468,19.0
-1,-96.86440092725395,16.35398918518516,41.0,48.19200000000002,48.672400927253946,21.0
-1,-78.48828201637663,14.754130527777784,45.0,54.52800000000003,23.9602820163766,15.0
-1,-104.36097965605136,12.506539074074071,46.0,58.656000000000034,45.70497965605132,18.0
-1,-104.05262971986792,20.13302946759253,57.0,68.64000000000003,35.4126297198679,16.0
-1,-82.78681638570002,10.89214225462964,41.0,49.15200000000002,33.6348163857,18.0
-1,-115.2362745395263,17.672160467592587,43.0,49.24800000000001,65.9882745395263,24.0
-1,-114.26829031334296,18.18436884259256,52.0,60.19200000000003,54.07629031334292,20.0
-1,-77.00431485926758,17.061018680555534,43.0,48.96000000000002,28.04431485926756,14.0
-1,-101.9136434413892,23.06919778240732,51.0,62.784000000000034,39.12964344138918,16.0
-1,-98.99473922699082,14.092758898148144,42.0,53.28000000000002,45.7147392269908,23.0
-1,-125.02748163307412,17.456580291666626,48.0,59.04000000000002,65.9874816330741,23.0
-1,-91.51966026861592,19.97842954629625,51.0,57.98400000000003,33.535660268615885,16.0
-1,-102.11057742299158,12.635237060185178,44.0,55.20000000000002,46.910577422991565,21.0
-1,-89.37503845353015,22.81309196759253,45.0,53.18400000000002,36.19103845353013,18.0
-1,-84.38912701603209,17.572169050925886,43.0,47.808000000000014,36.58112701603208,17.0
-1,-83.57443398122125,11.545690347222232,33.0,35.904,47.67043398122125,23.0
-1,-104.60144188207651,16.663288879629604,46.0,54.14400000000002,50.45744188207652,21.0
-1,-79.36885907908655,14.564582643518522,42.0,46.46400000000001,32.90485907908653,16.0
-1,-102.9433898290651,13.304167490740728,38.0,47.61600000000002,55.32738982906507,22.0
-1,-114.4060238165825,21.06309804166658,49.0,58.65600000000002,55.75002381658248,19.0
-1,-124.27842235840755,13.125131787037011,50.0,69.50400000000003,54.77442235840752,26.0
-1,-73.84544786493505,9.59903992129631,29.0,34.464,39.381447864935055,24.0
-1,-103.0650709698772,15.798351004629628,39.0,46.46400000000001,56.6010709698772,23.0
-1,-77.57405189855656,15.011740148148116,40.0,47.71200000000001,29.862051898556548,16.0
-1,-72.1434570077324,12.940077953703703,33.0,34.56,37.5834570077324,22.0
-1,-105.11230088226507,18.168513537037008,38.0,52.032000000000025,53.08030088226507,22.0
-1,-81.94245002423423,11.757024175925938,29.0,39.744,42.19845002423424,22.0
-1,-168.27179586728303,18.92185561574069,69.0,103.87200000000009,64.39979586728296,20.0
-1,-138.1219221489245,18.901436611111038,58.0,78.62400000000004,59.49792214892447,22.0
-1,-90.83364728562456,12.69464975925925,31.0,44.640000000000015,46.19364728562454,25.0
-1,-87.7871722503762,14.282807689814796,35.0,43.58400000000001,44.20317225037619,20.0
-1,-109.68472388133804,20.243724171296247,60.0,74.97600000000004,34.708723881337995,12.0
-1,-124.22217241853868,12.69039027777777,51.0,69.60000000000004,54.62217241853864,25.0
-1,-69.64354184162416,14.110468300925918,33.0,38.496,31.14754184162415,19.0
-1,-95.5917919999426,19.905205606481424,52.0,59.32800000000003,36.26379199994256,19.0
-1,-104.14531563866193,16.69496518055552,51.0,61.72800000000003,42.41731563866188,19.0
-1,-113.83073383221904,18.43362262499993,49.0,65.85600000000004,47.974733832219016,21.0
-1,-81.37003127061112,16.812064458333303,43.0,41.280000000000015,40.0900312706111,22.0
-1,-115.6566452299115,19.519687018518447,42.0,59.52000000000002,56.13664522991148,21.0
-1,-79.10477158601772,17.407872564814795,39.0,42.52800000000001,36.576771586017706,16.0
-1,-100.42674579280182,15.514813236111088,49.0,63.16800000000003,37.25874579280179,21.0
-1,-102.83749295843698,22.79415854166655,46.0,56.35200000000002,46.48549295843696,17.0
-1,-97.10688251819184,16.128985175925916,43.0,53.76000000000002,43.34688251819183,18.0
-1,-84.58726966061272,14.12930040277776,43.0,51.07200000000002,33.515269660612695,17.0
-1,-112.77125728082972,20.97457923148142,53.0,64.60800000000003,48.16325728082968,20.0
-1,-79.28931528205817,16.359541800925925,33.0,40.99200000000001,38.297315282058165,17.0
-1,-160.86799741628906,18.405116504629525,63.0,99.45600000000006,61.41199741628899,23.0
-1,-288.8691568406505,15.75771027314812,114.0,192.0960000000001,96.77315684065036,26.0
-1,-95.47415718936958,20.66829064351847,46.0,54.04800000000002,41.42615718936955,17.0
-1,-155.69766839397545,15.474309833333344,59.0,85.05600000000004,70.64166839397542,23.0
-1,-74.68428800570386,18.21207298611108,38.0,42.33600000000001,32.34828800570385,16.0
-1,-135.09846453695056,13.147042833333323,45.0,68.54400000000004,66.55446453695052,26.0
-1,-92.57140659796416,20.56663902777771,50.0,53.95200000000003,38.61940659796413,19.0
-1,-68.68596780720212,13.247338810185184,43.0,46.46400000000001,22.22196780720211,15.0
-1,-102.30977723557544,18.74667459722217,47.0,56.06400000000002,46.24577723557541,19.0
-1,-90.66475261686142,18.850781004629592,43.0,50.59200000000002,40.07275261686139,19.0
-1,-103.214928398585,16.943327953703662,46.0,53.85600000000002,49.35892839858496,18.0
-1,-122.15476203935756,18.461524921296224,54.0,69.12000000000003,53.03476203935753,24.0
-1,-98.6095359381676,16.949784171296283,40.0,48.384000000000015,50.225535938167575,19.0
-1,-105.94901545565514,16.944955800925893,51.0,53.37600000000002,52.57301545565512,24.0
-1,-134.47911424591766,22.969157953703597,59.0,79.68000000000004,54.79911424591762,20.0
-1,-88.21578702735223,21.907181287036963,42.0,50.49600000000001,37.71978702735223,17.0
-1,-115.61713895222351,15.106364453703684,40.0,49.152000000000015,66.46513895222351,25.0
-1,-90.70396820343122,23.36159465740737,49.0,53.95200000000003,36.75196820343119,13.0
-1,-92.55934583826232,15.83642038425926,35.0,46.46400000000001,46.095345838262304,21.0
-1,-88.82026204590744,14.28547718055556,45.0,55.77600000000002,33.04426204590743,17.0
-1,-101.14502805419518,15.594188569444425,42.0,51.36000000000002,49.78502805419516,19.0
-1,-76.99076263389608,14.22080768518518,31.0,40.32000000000001,36.67076263389607,20.0
-1,-134.21689311267414,28.853871050925825,74.0,79.48800000000004,54.728893112674086,18.0
-1,-100.46519361887172,14.953990189814794,34.0,46.08000000000001,54.385193618871696,24.0
-1,-165.26583350077215,27.69877130555542,86.0,118.46400000000008,46.80183350077205,21.0
-1,-91.2866638129958,16.144802393518518,48.0,53.664000000000016,37.6226638129958,20.0
-1,-93.3991554691188,18.95535635185181,46.0,51.45600000000002,41.94315546911877,20.0
-1,-87.4331703286884,13.347234203703705,42.0,48.86400000000002,38.56917032868839,22.0
-1,-90.21815622514768,20.4599669907407,52.0,46.56000000000002,43.65815622514765,19.0
-1,-85.85219165887048,18.78580382407403,47.0,56.64000000000003,29.21219165887045,16.0
-1,-92.9331349860282,20.565591675925887,49.0,55.29600000000002,37.637134986028165,18.0
-1,-124.71966666040944,21.29653660185176,68.0,88.41600000000004,36.3036666604094,16.0
-1,-105.08528031738516,24.41647868981469,55.0,63.16800000000003,41.91728031738513,18.0
-1,-107.51682304405202,15.830399541666637,55.0,69.12000000000003,38.39682304405199,20.0
-1,-102.4350967754342,10.58646487962963,36.0,43.488000000000014,58.9470967754342,25.0
-1,-113.96292202202608,19.532105671296204,54.0,70.65600000000003,43.30692202202604,22.0
-1,-83.5681389459296,16.381342180555542,43.0,54.14400000000002,29.424138945929585,15.0
-1,-94.65099055900708,16.030004555555553,44.0,56.54400000000002,38.10699055900707,16.0
-1,-84.15238216535931,17.98767988888885,52.0,55.296000000000014,28.856382165359296,17.0
-1,-104.74080380912368,24.33522871759256,60.0,70.36800000000004,34.37280380912365,14.0
-1,-107.08041291786802,16.394373888888854,55.0,69.12000000000003,37.960412917867984,20.0
-1,-86.2867209593599,17.742336249999973,53.0,59.52000000000002,26.76672095935988,15.0
-1,-87.9488227146323,18.38071601851847,38.0,46.84800000000001,41.10082271463229,19.0
-1,-92.28577562111371,16.254358398148124,45.0,63.07200000000003,29.21377562111368,16.0
-1,-100.45670803829223,14.63943403240738,43.0,53.184000000000026,47.272708038292215,20.0
-1,-92.55868333985714,16.413650870370375,53.0,60.09600000000003,32.462683339857115,17.0
-1,-99.31629890450802,17.66146201851848,39.0,43.58400000000001,55.732298904508,25.0
-1,-81.03403630814697,12.97294602314815,40.0,51.55200000000002,29.482036308146945,18.0
-1,-94.85007982589448,18.780929384259217,45.0,49.920000000000016,44.93007982589445,20.0
-1,-148.10140084656572,20.98173353240732,60.0,89.18400000000005,58.91740084656568,20.0
-1,-89.11067473274176,10.67886733796296,28.0,41.28000000000001,47.83067473274174,22.0
-1,-90.89851449931297,15.440115379629631,39.0,44.448000000000015,46.45051449931296,22.0
-1,-150.40744707887978,15.780529143518512,72.0,103.10400000000006,47.303447078879735,23.0
-1,-69.47437638879825,18.7066180787037,45.0,40.8,28.67437638879824,19.0
-1,-85.74952098616323,13.95960500925923,51.0,57.60000000000002,28.14952098616321,15.0
-1,-115.22894427333664,10.98130000925927,44.0,58.08000000000003,57.14894427333662,26.0
-1,-108.2550663285436,20.56971400925917,61.0,66.04800000000003,42.207066328543554,19.0
-1,-90.1315058960363,17.396958180555544,50.0,52.60800000000002,37.52350589603628,20.0
-1,-163.42583140286763,21.434388652777667,66.0,86.88000000000004,76.54583140286759,23.0
-1,-100.11361844484088,13.486784476851852,55.0,61.824000000000034,38.28961844484085,19.0
-1,-93.86966706183046,16.046855865740724,41.0,45.79200000000001,48.07766706183045,22.0
-1,-105.60502451559924,16.016954749999986,47.0,60.288000000000025,45.31702451559923,21.0
-1,-84.37347087308952,16.915213861111067,46.0,55.68000000000002,28.69347087308949,17.0
-1,-86.45818515926798,15.776788634259274,46.0,46.176000000000016,40.28218515926797,20.0
-1,-68.51567368275944,20.566757689814796,44.0,48.000000000000014,20.515673682759427,9.0
-1,-84.93810290161221,13.02408593981483,33.0,33.504000000000005,51.43410290161221,22.0
-1,-116.23973203878188,17.364736439814745,50.0,64.70400000000004,51.53573203878183,23.0
-1,-102.63313050085128,19.94800367592585,50.0,62.49600000000004,40.13713050085124,18.0
-1,-154.56407959783917,19.91361949999993,60.0,94.84800000000006,59.7160795978391,21.0
-1,-93.65851521258892,17.76128354166661,44.0,63.07200000000002,30.58651521258888,17.0
-1,-76.95472196299815,19.87699168055554,37.0,41.088000000000015,35.86672196299814,18.0
-1,-113.20139884363851,14.153418712962944,39.0,57.120000000000026,56.08139884363848,23.0
-1,-107.6668704354951,15.303280319444442,42.0,51.55200000000002,56.11487043549507,22.0
-1,-124.9032695777993,19.441361157407336,59.0,81.88800000000003,43.01526957779928,21.0
-1,-83.87971794840908,19.337877907407364,40.0,51.64800000000002,32.23171794840907,16.0
-1,-99.74044235093756,22.14591288425923,52.0,48.57600000000002,51.16444235093754,18.0
-1,-86.60433372543106,15.165409620370356,38.0,48.09600000000002,38.50833372543104,18.0
-1,-95.2668838180403,12.817498675925911,36.0,43.48800000000001,51.77888381804029,23.0
-1,-133.5559436333202,13.99362046296294,47.0,72.48000000000003,61.07594363332017,23.0
-1,-94.41312985903762,13.978055064814802,43.0,46.27200000000002,48.141129859037605,24.0
-1,-107.3064613647196,16.85792558796292,51.0,59.42400000000003,47.88246136471957,21.0
-1,-84.95334047243365,22.47740366666663,50.0,61.248000000000026,23.70534047243363,12.0
-1,-104.25917015598132,12.114466916666666,36.0,47.32800000000001,56.93117015598129,26.0
-1,-108.00412215121654,14.731209523148143,34.0,50.68800000000002,57.316122151216526,27.0
-1,-109.70367281707524,23.66777774999992,54.0,65.08800000000004,44.61567281707521,17.0
-1,-123.4023106445563,19.22704896296292,53.0,64.89600000000003,58.506310644556265,21.0
-1,-91.13734186923207,15.961169541666669,48.0,54.14400000000003,36.99334186923205,19.0
-1,-109.2708621779071,17.119475606481423,59.0,65.18400000000003,44.086862177907086,18.0
-1,-80.27312258899502,16.860684407407376,37.0,45.12000000000001,35.15312258899502,18.0
-1,-92.35008067771798,20.46789329629625,42.0,51.26400000000002,41.08608067771795,18.0
-1,-97.39084997790908,16.39171928240737,40.0,54.33600000000001,43.054849977909065,19.0
-1,-97.51709544312658,17.608206277777754,40.0,45.408000000000015,52.10909544312656,23.0
-1,-89.40363229029765,12.138545435185192,36.0,46.46400000000001,42.93963229029764,25.0
-1,-110.66591783156376,19.457840027777717,49.0,59.32800000000003,51.33791783156372,19.0
-1,-101.68638057209648,18.146333226851823,40.0,47.616000000000014,54.07038057209646,21.0
-1,-79.86185907557925,14.464006777777774,37.0,43.48800000000002,36.37385907557923,16.0
-1,-103.99331749913728,14.855318351851842,40.0,50.40000000000002,53.59331749913727,22.0
-1,-98.71694056329908,20.312184592592526,49.0,51.93600000000002,46.78094056329907,20.0
-1,-99.47730404164636,19.428311504629548,44.0,53.08800000000002,46.38930404164633,21.0
-1,-115.26021792454496,21.270463453703663,45.0,50.01600000000001,65.24421792454493,20.0
-1,-89.17073129818147,14.429056490740724,36.0,50.304000000000016,38.866731298181456,20.0
-1,-87.77550267574904,15.486256949074065,53.0,57.79200000000002,29.983502675749016,18.0
-1,-125.56662110572393,15.428849740740723,44.0,57.40800000000003,68.1586211057239,24.0
-1,-113.94948977816536,18.67232729629624,56.0,60.19200000000003,53.75748977816533,22.0
-1,-78.53617308304536,14.59331795370369,33.0,39.36000000000001,39.17617308304534,20.0
-1,-92.8850713753434,15.70880757407406,37.0,42.24000000000001,50.645071375343385,22.0
-1,-72.70531563992978,16.67237172222221,32.0,36.864,35.84131563992977,19.0
-1,-85.98373392938689,11.10207527314816,34.0,50.78400000000002,35.199733929386866,20.0
-1,-90.52993084452687,15.821358995370352,37.0,46.65600000000002,43.87393084452685,21.0
-1,-102.51918774402444,14.264659379629622,46.0,53.95200000000002,48.56718774402442,24.0
-1,-87.34715372658427,14.545632171296306,39.0,40.80000000000001,46.547153726584256,22.0
-1,-102.5265908872024,21.203997120370293,52.0,65.08800000000002,37.43859088720237,18.0
-1,-110.2070564015263,20.965416953703645,56.0,64.22400000000003,45.98305640152628,18.0
-1,-105.474839760135,15.231182231481467,48.0,67.10400000000003,38.37083976013498,18.0
-1,-108.96985377689644,13.982966249999986,37.0,44.44800000000001,64.52185377689642,25.0
-1,-121.28994929088267,14.30173001388888,49.0,59.80800000000003,61.481949290882646,24.0
-1,-84.84125728060141,17.988655824074016,39.0,47.71200000000001,37.1292572806014,19.0
-1,-117.1780812259965,18.69997082407402,51.0,66.52800000000003,50.65008122599647,20.0
-1,-89.0463930975641,16.878753819444402,37.0,46.176000000000016,42.87039309756409,22.0
-1,-105.75927703668884,14.730693319444423,51.0,64.51200000000003,41.247277036688814,23.0
-1,-118.7158507065266,18.673905726851835,45.0,52.99200000000002,65.72385070652659,22.0
-1,-129.5071310317954,15.76559769907405,43.0,60.48000000000002,69.02713103179539,26.0
-1,-98.57453553941994,14.570671643518494,44.0,46.176000000000016,52.39853553941993,22.0
-1,-113.043425765211,13.571641499999997,40.0,53.95200000000002,59.09142576521098,26.0
-1,-79.56997108419135,15.926485277777765,48.0,50.40000000000002,29.169971084191328,15.0
-1,-109.1136603875118,17.055717064814754,46.0,60.480000000000025,48.63366038751176,20.0
-1,-84.71740588766886,18.27747405092587,38.0,45.88800000000002,38.829405887668834,21.0
-1,-94.88913878290134,14.224265166666678,41.0,45.88800000000001,49.00113878290132,20.0
-1,-122.3070429434181,15.000273615740731,63.0,67.29600000000003,55.01104294341806,24.0
-1,-120.11096076071658,20.65295556944435,58.0,66.52800000000003,53.58296076071655,20.0
-1,-99.55142774967167,20.48078176388884,45.0,51.64800000000002,47.90342774967168,17.0
-1,-117.09086418576418,15.300524416666654,45.0,51.84000000000002,65.25086418576416,23.0
-1,-131.97240907728164,19.448017421296207,67.0,79.39200000000004,52.58040907728161,22.0
-1,-99.5695583648804,12.913703143518507,37.0,47.52000000000002,52.04955836488038,25.0
-1,-144.30734203614412,11.775467046296304,48.0,65.18400000000003,79.1233420361441,26.0
-1,-87.65235352343426,13.276766249999987,43.0,51.55200000000002,36.10035352343424,20.0
-1,-116.51384427474952,20.8782338194444,49.0,56.25600000000002,60.25784427474951,20.0
-1,-96.20323307363172,13.638273652777777,56.0,47.71200000000002,48.491233073631705,26.0
-1,-95.03036820705282,14.010443069444433,48.0,53.08800000000002,41.94236820705279,20.0
-1,-116.06580582556184,15.998718254629598,50.0,74.88000000000004,41.18580582556181,20.0
-1,-78.99135524601917,17.94875862962961,40.0,45.792000000000016,33.19935524601915,17.0
-1,-102.72652370096664,16.659675837962933,43.0,56.06400000000003,46.66252370096661,21.0
-1,-89.97117980888714,20.94186894907401,44.0,50.97600000000002,38.99517980888712,19.0
-1,-98.96415899757189,14.231985138888884,44.0,54.62400000000002,44.34015899757185,22.0
-1,-86.77747877993107,14.778144328703693,35.0,40.60800000000001,46.16947877993107,24.0
-1,-81.99255749922395,18.83261074537037,41.0,50.01600000000002,31.976557499223937,16.0
-1,-105.706162225662,20.214484870370285,47.0,63.64800000000004,42.05816222566197,18.0
-1,-107.07530552271234,19.130580337962897,44.0,57.21600000000002,49.85930552271232,19.0
-1,-135.50714265203203,16.262799273148087,61.0,84.00000000000004,51.50714265203199,23.0
-1,-77.6160808830728,18.72626133333331,46.0,54.048000000000016,23.568080883072778,12.0
-1,-87.3454773553841,13.271259532407406,41.0,45.88800000000001,41.457477355384086,20.0
-1,-87.61690136610389,13.609295981481496,40.0,48.09600000000002,39.52090136610388,22.0
-1,-101.46160717231088,16.3712866111111,43.0,50.78400000000002,50.67760717231086,22.0
-1,-63.990695932399184,15.09733112962962,39.0,40.80000000000001,23.190695932399173,13.0
-1,-67.65531999658755,14.911478824074075,43.0,46.46400000000001,21.19131999658753,12.0
-1,-105.30683356717496,15.128425912037024,45.0,54.52800000000003,50.778833567174914,23.0
-1,-93.1540677701308,19.651277879629603,47.0,52.70400000000002,40.45006777013079,16.0
-1,-84.33986499388666,18.90580334259258,41.0,49.920000000000016,34.41986499388665,15.0
-1,-100.85178881082834,14.385391157407415,43.0,55.87200000000002,44.979788810828325,21.0
-1,-94.80420888880866,17.558522708333296,42.0,54.432000000000016,40.37220888880865,20.0
-1,-78.19158175579375,20.65977595833328,42.0,45.69600000000001,32.495581755793744,15.0
-1,-89.84160260862393,17.581517615740687,44.0,51.93600000000002,37.9056026086239,19.0
-1,-82.2973404597067,15.259563046296282,41.0,53.47200000000002,28.82534045970668,15.0
-1,-94.54075263057491,15.710669712962956,51.0,61.05600000000002,33.4847526305749,17.0
-1,-74.22986798140873,9.307470629629632,39.0,47.808000000000014,26.42186798140872,19.0
-1,-110.8270059594185,17.730270782407356,46.0,59.61600000000003,51.21100595941847,22.0
-1,-95.7627866659056,13.51808830092593,47.0,56.54400000000003,39.218786665905576,20.0
-1,-68.54553547952486,18.04454946296293,35.0,43.68000000000001,24.86553547952486,12.0
-1,-77.72107332988205,18.43432038888888,45.0,42.52800000000001,35.19307332988203,19.0
-1,-90.20047404118988,16.090665694444418,42.0,55.20000000000002,35.00047404118987,18.0
-1,-70.38788344013938,13.97966083796296,40.0,47.90400000000002,22.48388344013935,15.0
-1,-110.68260164757665,17.804473041666625,50.0,60.76800000000003,49.9146016475766,20.0
-1,-86.74306496144428,9.050049194444451,37.0,42.14400000000001,44.59906496144426,24.0
-1,-75.52818544101738,12.276770518518518,39.0,49.82400000000001,25.70418544101737,16.0
-1,-79.23952299166581,13.414214754629617,40.0,49.44000000000001,29.799522991665803,17.0
-1,-115.90914022893028,19.95846755092585,48.0,65.56800000000003,50.34114022893025,20.0
-1,-119.38436927769948,15.77419811574072,44.0,58.08000000000003,61.30436927769946,25.0
-1,-104.24259023586936,16.10578879166663,40.0,51.93600000000002,52.306590235869336,24.0
-1,-82.72394097520774,16.052389152777746,39.0,51.45600000000002,31.26794097520773,17.0
-1,-96.87949618201895,13.54326850462962,34.0,45.98400000000001,50.89549618201895,24.0
-1,-134.40860236430723,13.61712343055554,46.0,72.67200000000003,61.73660236430721,22.0
-1,-87.93463779838709,19.88305559259257,55.0,58.27200000000003,29.662637798387056,18.0
-1,-89.58027543754733,17.43273545370367,37.0,42.81600000000001,46.76427543754732,22.0
-1,-101.4600253697276,14.48562345370368,48.0,55.39200000000002,46.06802536972758,21.0
-1,-115.02969637506418,11.282121402777786,33.0,44.73600000000002,70.29369637506416,27.0
-1,-125.8276784480253,18.78538595370364,53.0,71.42400000000004,54.40367844802526,20.0
-1,-98.61005498895548,15.231221648148145,39.0,47.808000000000014,50.80205498895546,21.0
-1,-78.46714490669616,17.193835527777768,43.0,48.096000000000025,30.371144906696134,18.0
-1,-77.38693608351599,16.93074987037033,45.0,47.23200000000002,30.154936083515977,20.0
-1,-90.10240229067,13.527393967592577,46.0,58.36800000000002,31.73440229066996,16.0
-1,-100.91899855513708,16.55018829629623,38.0,56.064000000000014,44.85499855513705,23.0
-1,-137.46581200343127,19.05653049999993,47.0,64.41600000000003,73.04981200343126,25.0
-1,-121.72668041513992,18.6376843379629,41.0,57.50400000000002,64.2226804151399,25.0
-1,-88.56003993427848,16.216297041666653,39.0,54.04800000000003,34.512039934278455,20.0
-1,-95.34032791259432,17.300257671296247,44.0,51.93600000000002,43.404327912594304,18.0
-1,-82.99432489138866,11.313254643518526,36.0,46.75200000000002,36.24232489138865,21.0
-1,-90.55862360859474,15.410059587962955,37.0,42.62400000000002,47.93462360859473,22.0
-1,-82.24606020255064,15.014650699074084,37.0,51.360000000000014,30.88606020255063,19.0
-1,-78.23740451276709,12.182781782407408,32.0,37.72800000000001,40.50940451276708,20.0
-1,-97.17191059189568,16.87807012037033,56.0,56.928000000000026,40.243910591895656,23.0
-1,-91.85001664226483,17.083843643518502,45.0,52.60800000000002,39.24201664226484,19.0
-1,-87.67540510905297,19.592051819444404,45.0,53.568000000000026,34.107405109052955,18.0
-1,-131.73154074935923,19.203865212962896,56.0,84.67200000000005,47.05954074935919,23.0
-1,-88.78532111731168,12.788313912037053,33.0,41.08800000000001,47.69732111731168,23.0
-1,-131.95313390665365,21.548178555555488,57.0,75.07200000000003,56.8811339066536,19.0
-1,-80.71262375797797,16.73418524074071,44.0,54.72000000000002,25.992623757977945,14.0
-1,-82.29394785773302,20.12014837962961,44.0,42.43200000000001,39.86194785773301,19.0
-1,-101.09830615357563,18.694006930555496,46.0,56.64000000000003,44.458306153575606,19.0
-1,-94.55322311356224,14.401301361111129,41.0,50.112000000000016,44.44122311356221,22.0
-1,-100.0570967402659,19.450691652777746,41.0,49.44000000000002,50.617096740265886,18.0
-1,-71.53804505673529,17.572642949074034,38.0,44.73600000000002,26.802045056735267,15.0
-1,-100.51515760329508,13.399770180555535,55.0,72.96000000000002,27.55515760329504,16.0
-1,-92.8944121661868,17.552496416666596,39.0,51.64800000000002,41.2464121661868,19.0
-1,-82.50825678623039,14.749804773148137,39.0,51.64800000000002,30.860256786230376,17.0
-1,-93.87900190163164,12.178664486111106,31.0,45.69600000000001,48.18300190163165,23.0
-1,-91.04183976274884,15.772927166666635,38.0,51.84000000000001,39.20183976274884,18.0
-1,-124.40898170426884,12.345205500000004,47.0,55.58400000000002,68.82498170426882,27.0
-1,-85.50729413620014,17.816520166666596,44.0,48.38400000000001,37.12329413620014,19.0
-1,-110.15635888466495,13.54671531018518,44.0,56.25600000000002,53.90035888466495,26.0
-1,-108.85830647849276,23.47818289814806,41.0,50.68800000000002,58.170306478492726,18.0
-1,-137.70375177263173,20.731621240740647,55.0,76.70400000000004,60.99975177263171,21.0
-1,-106.505518633813,12.59649548148149,41.0,56.064000000000014,50.44151863381298,24.0
-1,-76.08961800370743,15.555896263888885,34.0,37.44000000000001,38.64961800370742,19.0
-1,-209.3585542532913,17.90289591203698,91.0,153.79200000000012,55.56655425329121,18.0
-1,-85.09367488134482,14.57594952777777,34.0,39.93600000000001,45.15767488134482,18.0
-1,-100.36335385955935,17.45862830092593,42.0,52.128000000000014,48.23535385955935,19.0
-1,-84.40955871034238,16.83169331481477,39.0,45.69600000000001,38.71355871034237,21.0
-1,-121.91819236707244,20.06469205092586,45.0,66.62400000000002,55.294192367072405,21.0
-1,-128.5867325128507,15.979685638888878,49.0,66.52800000000003,62.05873251285065,25.0
-1,-98.18545359939094,17.677947583333314,42.0,57.88800000000002,40.29745359939091,20.0
-1,-107.70041917082672,20.50749111574066,47.0,66.52800000000003,41.17241917082671,15.0
-1,-58.23709688342504,15.723025097222209,32.0,37.344,20.89309688342504,11.0
-1,-77.63384160823645,15.23242430555554,40.0,41.088,36.54584160823645,21.0
-1,-94.4078531128506,15.741683787037024,42.0,59.13600000000002,35.271853112850586,17.0
-1,-95.98736677893814,17.379279509259227,42.0,58.27200000000002,37.715366778938126,17.0
-1,-110.35496733745276,12.738995722222231,35.0,45.888000000000005,64.46696733745274,27.0
-1,-105.38865152983384,15.62174012499999,51.0,62.592000000000034,42.7966515298338,22.0
-1,-99.15750978239096,12.475999754629632,41.0,55.48800000000003,43.66950978239092,22.0
-1,-105.23594473374516,20.57327593518512,56.0,64.03200000000004,41.20394473374512,19.0
-1,-89.45847864096504,16.14933894907403,37.0,50.01600000000002,39.44247864096502,18.0
-1,-85.1209293896245,18.785364624999943,35.0,41.664000000000016,43.45692938962448,18.0
-1,-86.42869078614639,16.495643023148148,39.0,47.23200000000001,39.19669078614638,20.0
-1,-104.13771230730951,16.809232560185166,51.0,63.45600000000003,40.68171230730948,20.0
-1,-91.90047960767424,13.208342138888874,39.0,59.32800000000003,32.572479607674204,17.0
-1,-89.05631652846937,14.944910689814812,35.0,46.75200000000001,42.30431652846936,19.0
-1,-88.61213977165774,16.939744990740706,46.0,53.37600000000002,35.23613977165772,18.0
-1,-93.71722861381406,14.415116217592614,44.0,47.90400000000001,45.81322861381405,22.0
-1,-74.73671912416084,14.84346135648147,35.0,44.16000000000001,30.57671912416083,19.0
-1,-68.90276063795777,14.99970464814812,35.0,38.30400000000001,30.598760637957763,19.0
-1,-85.52990365430279,16.896271055555527,41.0,50.78400000000002,34.745903654302765,17.0
-1,-94.34516575262846,11.97915009259258,29.0,40.12800000000001,54.21716575262845,24.0
-1,-86.62374569992375,14.543754532407403,42.0,53.664000000000016,32.95974569992374,17.0
-1,-99.633254713439,18.59416291666661,42.0,57.79200000000002,41.84125471343897,18.0
-1,-85.32641091622673,14.40690522222222,39.0,49.05600000000002,36.27041091622672,19.0
-1,-95.05469431689592,17.805107458333293,40.0,50.97600000000001,44.07869431689591,16.0
-1,-85.78886691681393,17.526140666666628,45.0,52.032000000000025,33.75686691681391,15.0
-1,-109.56587566724208,22.713455101851785,54.0,63.55200000000003,46.01387566724203,19.0
-1,-90.68722451218062,12.464065078703705,34.0,46.17600000000001,44.51122451218062,25.0
-1,-103.552938031689,17.08238646296294,38.0,49.44000000000002,54.11293803168898,19.0
-1,-100.17082985525548,20.55247393518509,46.0,54.81600000000002,45.35482985525547,20.0
-1,-90.7204971863938,15.869600782407392,46.0,50.20800000000003,40.51249718639379,18.0
-1,-95.5223218368978,21.55154347222217,41.0,45.50400000000001,50.01832183689778,18.0
-1,-91.43882160288668,17.35012924999999,46.0,54.24000000000002,37.19882160288666,20.0
-1,-98.50298907215688,17.1676687546296,50.0,61.05600000000002,37.44698907215685,16.0
-1,-88.93063495405102,18.894421092592573,45.0,52.70400000000002,36.22663495405099,18.0
-1,-91.61000609051132,13.607073277777776,39.0,42.528000000000006,49.08200609051132,25.0
-1,-118.17910964799296,16.007320208333294,39.0,56.06400000000002,62.11510964799293,24.0
-1,-84.92906740838814,15.343586055555564,41.0,45.600000000000016,39.32906740838811,20.0
-1,-68.35970197593868,16.48424471759257,39.0,44.16000000000001,24.199701975938662,18.0
-1,-77.62651357953186,17.73675696296298,35.0,39.64800000000001,37.97851357953185,17.0
-1,-101.64658568218834,22.81847894444442,47.0,50.11200000000002,51.53458568218833,18.0
-1,-84.7664193319579,12.823141537037028,34.0,43.29600000000001,41.4704193319579,21.0
-1,-114.36556377356294,17.69697632870364,46.0,55.10400000000002,59.261563773562926,22.0
-1,-76.01611010832866,13.721992291666648,37.0,47.23200000000002,28.78411010832864,16.0
-1,-78.50192542724798,12.423509962962946,37.0,49.344000000000015,29.15792542724796,18.0
-1,-94.84094037017984,14.090713944444438,30.0,38.304,56.53694037017984,23.0
-1,-81.99825495122627,19.514884180555523,53.0,48.76800000000002,33.23025495122625,19.0
-1,-89.0709625266175,17.66655675925921,47.0,57.60000000000001,31.470962526617495,18.0
-1,-70.48916516777768,9.20510969444444,33.0,40.320000000000014,30.16916516777767,21.0
-1,-95.134142461758,12.573509416666642,36.0,43.29600000000001,51.838142461758,25.0
-1,-112.70446127485438,12.722919638888902,42.0,54.33600000000003,58.368461274854354,24.0
-1,-101.76085514545164,19.409344208333287,52.0,62.592000000000034,39.16885514545161,16.0
-1,-63.56922892070644,8.751656666666669,25.0,35.712,27.85722892070643,18.0
-1,-109.5696559958292,13.365457004629612,51.0,74.20800000000004,35.361655995829175,20.0
-1,-104.07738708639393,18.57911743981477,42.0,49.63200000000002,54.44538708639389,21.0
-1,-92.1790539083361,9.439167319444447,35.0,46.94400000000002,45.23505390833608,24.0
-1,-108.30735109407183,21.49941015740734,50.0,56.25600000000002,52.051351094071805,20.0
-1,-92.23770290701864,12.882667597222214,34.0,45.88800000000001,46.349702907018624,23.0
-1,-91.65760101197009,16.360712828703665,41.0,50.59200000000002,41.06560101197008,15.0
-1,-85.4412672002365,11.683154337962968,33.0,45.31200000000001,40.12926720023648,20.0
-1,-116.4169533724114,16.403112976851798,42.0,51.936000000000014,64.48095337241138,21.0
-1,-130.65196787478874,16.671858574074005,52.0,80.92800000000004,49.72396787478871,21.0
-1,-77.36736659395956,13.242106907407418,35.0,46.75200000000002,30.61536659395955,18.0
-1,-147.7726953254749,19.911667912036915,61.0,76.80000000000004,70.97269532547486,24.0
-1,-72.67266895395345,12.37702635648147,30.0,39.36000000000001,33.31266895395344,16.0
-1,-95.65631464872976,17.39598513888886,37.0,47.13600000000001,48.52031464872974,19.0
-1,-85.72591747130278,15.370673564814789,35.0,40.03200000000001,45.69391747130277,20.0
-1,-88.15345532399394,21.260010018518447,42.0,43.58400000000001,44.56945532399392,20.0
-1,-63.473359577287056,15.610584902777772,37.0,37.728,25.74535957728705,15.0
-1,-96.996915053486,12.9223179722222,35.0,46.84800000000001,50.14891505348597,25.0
-1,-106.81410593839448,15.07338315277779,43.0,51.36000000000003,55.45410593839445,23.0
-1,-111.54929481364856,15.410920037037032,40.0,53.760000000000026,57.78929481364855,22.0
-1,-93.88470901915603,11.55609801851852,33.0,41.376000000000005,52.50870901915604,22.0
-1,-138.28558832811876,17.98757694907403,58.0,87.26400000000005,51.02158832811872,22.0
-1,-86.13105885991682,13.058106074074075,34.0,49.344000000000015,36.7870588599168,21.0
-1,-87.87426705502605,16.18311043981477,42.0,54.43200000000003,33.44226705502602,18.0
-1,-67.14603619571017,18.039430694444405,35.0,37.92000000000001,29.22603619571015,17.0
-1,-98.45164475524722,13.864264296296277,38.0,47.32800000000001,51.123644755247206,23.0
-1,-97.36133666345012,12.975893087962962,33.0,45.21600000000001,52.14533666345012,24.0
-1,-122.2324604026447,18.142266662036967,44.0,63.07200000000002,59.16046040264468,24.0
-1,-78.03916826866211,15.54601958796294,36.0,40.608,37.431168268662105,18.0
-1,-85.72772351834402,19.890673337962884,43.0,50.59200000000002,35.13572351834401,18.0
-1,-119.0748659298583,21.65322111111099,64.0,77.95200000000004,41.12286592985826,19.0
-1,-77.7302756609211,15.843442490740742,33.0,39.26400000000001,38.466275660921085,20.0
-1,-94.86326193052798,15.675230282407414,43.0,46.94400000000001,47.91926193052798,22.0
-1,-100.74510063174594,16.164005749999973,41.0,52.224000000000025,48.52110063174592,22.0
-1,-67.78681431742596,15.546370749999992,36.0,43.58400000000001,24.20281431742596,13.0
-1,-82.69584103487108,13.010542939814798,37.0,49.53600000000001,33.15984103487108,20.0
-1,-92.3629188051954,12.820091675925926,26.0,34.56,57.80291880519539,26.0
-1,-104.61691132522029,15.394050620370354,47.0,55.00800000000001,49.60891132522029,22.0
-1,-112.28022714110328,14.65982188888888,43.0,51.07200000000002,61.20822714110325,25.0
-1,-103.71783488696484,9.590985416666664,35.0,47.23200000000002,56.48583488696482,25.0
-1,-79.071432552647,9.589395379629654,24.0,31.68,47.39143255264699,21.0
-1,-116.97014701621816,21.04365256018512,44.0,47.04000000000001,69.93014701621814,22.0
-1,-81.33416055216928,14.076124203703678,32.0,40.8,40.53416055216928,20.0
-1,-68.92220964937698,8.932801912037043,27.0,38.976000000000006,29.94620964937698,19.0
-1,-117.64798151405624,17.56066773148142,40.0,52.60800000000002,65.03998151405622,25.0
-1,-113.79849513449236,18.924703736111027,45.0,63.45600000000003,50.34249513449232,22.0
-1,-78.75046365624087,14.473722472222212,37.0,47.04000000000002,31.710463656240847,18.0
-1,-88.32243256949282,12.985953587962957,36.0,49.344000000000015,38.9784325694928,20.0
-1,-81.56884542358631,15.32193094907405,28.0,40.12800000000001,41.4408454235863,22.0
-1,-112.82192432130137,17.868478194444393,50.0,59.52000000000003,53.30192432130132,23.0
-1,-107.48050913840169,14.434348282407408,42.0,55.39200000000003,52.08850913840166,23.0
-1,-87.10319710125805,13.067898763888875,35.0,43.96800000000001,43.13519710125804,23.0
-1,-70.34427809742347,17.09164938888888,39.0,41.56800000000002,28.776278097423454,15.0
-1,-86.09074540191791,19.41030610648148,42.0,46.94400000000002,39.1467454019179,15.0
-1,-114.37942651740296,16.70919895833331,36.0,47.424000000000014,66.95542651740293,24.0
-1,-92.40117593886885,17.80843490740736,41.0,55.10400000000002,37.29717593886883,16.0
-1,-79.58279450206871,16.638842393518523,37.0,43.58400000000001,35.998794502068705,19.0
-1,-99.20413350314338,22.512336249999947,44.0,52.03200000000002,47.17213350314336,16.0
-1,-126.50347822327646,23.680957523148034,56.0,68.35200000000003,58.15147822327643,20.0
-1,-77.78552784803607,16.73865046296296,36.0,43.20000000000002,34.58552784803605,18.0
-1,-98.54531542376463,16.15640416666665,49.0,53.28000000000003,45.26531542376462,21.0
-1,-107.26089161035831,17.06577368518515,46.0,58.36800000000002,48.89289161035831,21.0
-1,-94.77645151815594,17.192042583333286,39.0,42.43200000000001,52.344451518155935,22.0
-1,-104.1284419378046,18.095597879629604,45.0,63.45600000000002,40.67244193780457,18.0
-1,-91.28616941762972,14.240388925925906,42.0,52.70400000000002,38.582169417629686,21.0
-1,-97.42469073226508,18.93990262037035,43.0,52.128000000000014,45.29669073226508,19.0
-1,-84.91303507644852,11.195962708333337,45.0,52.12800000000002,32.78503507644851,20.0
-1,-86.59829064682722,17.004418324074063,39.0,46.56000000000002,40.0382906468272,18.0
-1,-92.37884070616764,19.930170930555512,45.0,49.920000000000016,42.458840706167614,19.0
-1,-125.13000609969458,20.96834513425918,45.0,63.55200000000003,61.57800609969456,21.0
-1,-81.72826628111554,15.328750643518502,35.0,45.984000000000016,35.744266281115515,19.0
-1,-111.2553112495186,14.43123185185184,43.0,58.46400000000003,52.791311249518586,24.0
-1,-100.17304349327524,17.139785018518474,47.0,56.54400000000002,43.629043493275205,22.0
-1,-87.62787335471327,12.6722447037037,42.0,51.74400000000002,35.88387335471326,21.0
-1,-147.23471510083948,17.40893362037032,63.0,89.76000000000005,57.47471510083942,21.0
-1,-82.72170489970577,16.31824776388886,32.0,42.62400000000001,40.09770489970576,19.0
-1,-101.39500042466943,20.677435189814727,48.0,59.52000000000003,41.87500042466941,19.0
-1,-132.9975027688614,15.19338610648149,46.0,66.33600000000003,66.66150276886137,25.0
-1,-103.61931394934584,20.89128671759248,45.0,55.20000000000002,48.41931394934581,19.0
-1,-89.73169986942068,12.75550730555554,42.0,51.45600000000002,38.275699869420656,22.0
-1,-95.94871624235432,16.70643867592589,41.0,49.82400000000001,46.12471624235432,20.0
-1,-100.2020344760937,11.837045625000007,41.0,56.54400000000002,43.65803447609369,24.0
-1,-93.36463059791312,17.60408050925921,36.0,46.75200000000002,46.61263059791311,22.0
-1,-97.96672151241094,13.099124365740742,33.0,44.832000000000015,53.13472151241092,24.0
-1,-84.91064823050945,10.593971870370382,35.0,46.56000000000001,38.35064823050945,21.0
-1,-109.67719648100932,22.19562811111101,54.0,67.87200000000003,41.8051964810093,19.0
-1,-88.9953112346533,13.778172837962977,34.0,35.904,53.0913112346533,24.0
-1,-97.15756687598105,17.449443453703687,46.0,59.90400000000002,37.25356687598102,14.0
-1,-95.11090333298888,15.901664787037005,40.0,60.19200000000003,34.91890333298885,16.0
-1,-72.04383115987022,13.079065365740744,30.0,37.344,34.69983115987022,18.0
-1,-118.92997969880392,19.726971699074,49.0,62.49600000000002,56.4339796988039,22.0
-1,-77.6739424192395,19.04457019907405,38.0,43.296000000000014,34.37794241923949,18.0
-1,-87.30994688021688,21.118255060185124,47.0,53.85600000000002,33.45394688021686,16.0
-1,-96.61737085106826,14.445657592592584,39.0,47.71200000000002,48.90537085106824,21.0
-1,-61.15402908261197,7.728865518518523,23.0,31.104,30.050029082611967,18.0
-1,-81.30991902720802,16.545175986111104,47.0,58.94400000000003,22.365919027208,13.0
-1,-74.64995718553399,22.53074992592593,41.0,43.58400000000002,31.065957185533986,13.0
-1,-82.30321486981754,17.210404124999958,40.0,50.40000000000002,31.90321486981752,19.0
-1,-90.36079986987022,15.564263861111115,42.0,54.24000000000002,36.1207998698702,19.0
-1,-114.05043288525766,18.427007259259195,50.0,64.60800000000003,49.44243288525763,22.0
-1,-72.5787157864089,15.815321384259274,36.0,48.38400000000001,24.194715786408903,14.0
-1,-88.52268939540107,14.869656314814808,43.0,55.29600000000002,33.22668939540105,19.0
-1,-115.54311192623712,23.34579988888884,54.0,54.04800000000001,61.49511192623712,21.0
-1,-225.18234152297023,19.87745137962954,90.0,151.9680000000001,73.21434152297014,23.0
-1,-122.67988826008391,17.21098548148142,52.0,65.56800000000004,57.11188826008387,23.0
-1,-93.38902723023853,14.279742643518542,42.0,47.61600000000002,45.7730272302385,19.0
-1,-90.35970951558956,16.8029539583333,41.0,51.64800000000002,38.71170951558956,18.0
-1,-120.46066821371996,13.851499412037024,37.0,52.320000000000014,68.14066821371996,26.0
-1,-83.316866781573,17.655150958333273,40.0,50.112000000000016,33.20486678157298,16.0
-1,-98.48442041616542,22.839086180555537,44.0,45.98400000000001,52.50042041616541,21.0
-1,-97.92654054084562,16.146370611111067,46.0,51.45600000000002,46.47054054084561,20.0
-1,-98.61057255168282,19.407224879629545,40.0,48.768000000000015,49.8425725516828,18.0
-1,-109.37335676325998,15.601878597222225,38.0,54.33600000000003,55.03735676325996,22.0
-1,-124.34639075506968,16.537820518518487,40.0,51.936000000000014,72.41039075506967,25.0
-1,-85.36715654515655,12.794688606481497,40.0,53.47200000000002,31.895156545156524,18.0
-1,-115.57631317105788,16.13307935648146,43.0,50.68800000000002,64.88831317105787,25.0
-1,-93.99815852747751,17.41381215277773,48.0,54.81600000000002,39.18215852747751,20.0
-1,-122.66396644554123,15.998909722222209,39.0,55.10400000000002,67.55996644554122,25.0
-1,-104.07764894116237,17.53891005092588,45.0,54.24000000000002,49.83764894116233,20.0
-1,-83.57148939793689,15.09467223148148,39.0,42.91200000000001,40.65948939793687,21.0
-1,-82.0412159982404,14.441644055555534,45.0,53.47200000000003,28.56921599824038,14.0
-1,-92.6950688239128,15.460976023148126,44.0,52.51200000000002,40.18306882391277,22.0
-1,-78.98147999386173,20.03465706018512,40.0,45.024000000000015,33.95747999386171,17.0
-1,-74.92530249831239,16.931125314814807,43.0,47.71200000000002,27.21330249831237,16.0
-1,-123.82207085892952,13.350328981481484,52.0,63.64800000000003,60.1740708589295,25.0
-1,-102.12400149329966,16.120105365740695,44.0,55.10400000000002,47.02000149329963,24.0
-1,-88.76041190624312,14.753782907407404,48.0,61.056000000000026,27.704411906243088,15.0
-1,-89.63374634008835,17.288492490740722,47.0,48.192000000000014,41.44174634008833,18.0
-1,-82.47956408196148,13.28282566666665,41.0,47.90400000000002,34.57556408196146,20.0
-1,-80.88471151850099,19.994996064814785,42.0,44.832000000000015,36.05271151850098,17.0
-1,-85.4569240002643,12.729160402777794,53.0,61.056000000000026,24.400924000264272,17.0
-1,-91.65608640909792,21.690720768518503,51.0,52.99200000000002,38.6640864090979,16.0
-1,-133.41981366304003,17.074254731481442,47.0,59.13600000000003,74.28381366304,25.0
-1,-89.48020388382334,16.750721763888848,45.0,57.504000000000026,31.97620388382331,16.0
-1,-94.14062313087511,13.9032788888889,38.0,41.66400000000001,52.47662313087511,23.0
-1,-65.64184434248374,11.993668949074078,31.0,41.184000000000005,24.457844342483728,13.0
-1,-102.3992894571434,17.067483717592566,35.0,41.568000000000005,60.83128945714339,20.0
-1,-89.75362247166481,15.462787157407394,40.0,53.856000000000016,35.8976224716648,18.0
-1,-101.59998191574375,17.883630560185118,45.0,52.608000000000025,48.99198191574375,22.0
-1,-93.95144138317664,16.189599541666645,38.0,52.800000000000026,41.15144138317662,21.0
-1,-92.8830528470652,15.195968564814809,45.0,48.28800000000002,44.59505284706518,21.0
-1,-93.39025089268668,17.818511773148117,45.0,45.88800000000002,47.50225089268665,20.0
-1,-80.69447780416368,14.219040851851856,36.0,44.54400000000002,36.15047780416367,22.0
-1,-109.38124415854044,18.94365446296293,42.0,55.10400000000003,54.27724415854043,21.0
-1,-109.71559790561258,12.591810300925914,51.0,63.45600000000003,46.25959790561255,24.0
-1,-62.0714767118394,15.70051362962962,33.0,37.24800000000001,24.823476711839383,14.0
-1,-82.29908692035251,16.81007130555552,47.0,54.336000000000034,27.963086920352477,16.0
-1,-112.94874509743192,12.308889944444452,39.0,61.15200000000003,51.79674509743189,25.0
-1,-102.1872814160821,12.617177527777764,41.0,57.21600000000002,44.971281416082086,24.0
-1,-85.19869350295681,15.169498050925888,31.0,40.416,44.7826935029568,21.0
-1,-87.13788642759613,17.080306583333282,46.0,55.680000000000014,31.45788642759612,16.0
-1,-75.21957808478126,15.236923166666642,43.0,51.55200000000002,23.66757808478124,13.0
-1,-75.62512113012926,15.853027374999996,35.0,42.81600000000002,32.80912113012924,17.0
-1,-99.07200066077824,20.579834527777734,52.0,56.73600000000003,42.3360006607782,18.0
-1,-100.62510660252032,18.878469999999936,42.0,52.89600000000002,47.7291066025203,19.0
-1,-104.1062827959697,18.95635154629624,44.0,59.904000000000025,44.20228279596968,21.0
-1,-93.98819292496364,15.974835541666662,47.0,57.02400000000003,36.9641929249636,19.0
-1,-132.11250628997985,16.20466151851848,53.0,69.31200000000004,62.800506289979815,25.0
-1,-90.1783236509205,13.767234365740755,44.0,54.33600000000002,35.842323650920484,19.0
-1,-104.67876889888186,22.07564714351846,58.0,64.32000000000002,40.35876889888184,15.0
-1,-94.0932327662276,15.861213384259246,47.0,54.91200000000003,39.181232766227566,18.0
-1,-99.30762017657172,15.617816694444436,44.0,51.16800000000002,48.1396201765717,26.0
-1,-86.99158043821413,17.426895310185152,47.0,54.81600000000002,32.17558043821411,17.0
-1,-127.68098760853314,17.866613347222163,47.0,60.864000000000026,66.81698760853311,22.0
-1,-82.98796063247951,12.786254625,38.0,43.68000000000001,39.30796063247952,23.0
-1,-69.65869190820318,13.373687458333327,36.0,40.70400000000001,28.95469190820317,18.0
-1,-113.20725802061808,20.470917615740657,52.0,69.21600000000004,43.99125802061803,21.0
-1,-81.97093034442032,16.55056202777776,40.0,48.86400000000002,33.106930344420306,22.0
-1,-89.4850332061577,16.28270889814814,40.0,45.60000000000001,43.885033206157686,19.0
-1,-86.31992844147396,12.20351043981482,36.0,45.88800000000001,40.43192844147394,21.0
-1,-96.56313004531845,13.447920388888882,38.0,47.328,49.23513004531844,24.0
-1,-132.1088136218079,17.082186532407366,53.0,66.33600000000004,65.77281362180787,23.0
-1,-96.18497333331638,15.093184351851852,42.0,45.50400000000002,50.68097333331636,24.0
-1,-100.24161025717667,14.35323371296296,36.0,50.78400000000002,49.45761025717668,24.0
-1,-94.10819960563646,15.343761425925914,48.0,53.95200000000002,40.15619960563643,22.0
-1,-104.90221999850716,18.62354843981476,49.0,58.84800000000003,46.05421999850712,20.0
-1,-102.60077269890776,22.455087305555487,44.0,50.01600000000002,52.58477269890772,17.0
-1,-92.3493820656771,13.025373319444434,41.0,54.91200000000002,37.43738206567709,21.0
-1,-89.36767221257645,26.71164958796288,55.0,59.52000000000003,29.847672212576427,15.0
-1,-99.65443431452384,15.06627876388887,45.0,65.08800000000002,34.56643431452384,18.0
-1,-65.86986334362057,15.740952254629615,34.0,40.032,25.83786334362056,16.0
-1,-86.25426651905197,17.15244304166669,40.0,42.04800000000001,44.20626651905196,22.0
-1,-76.03530179577152,17.612058421296283,41.0,50.11200000000001,25.9233017957715,14.0
-1,-94.7263127811006,17.34447349074072,40.0,48.96000000000001,45.76631278110058,24.0
-1,-97.61728924687212,16.593556439814794,44.0,55.96800000000001,41.64928924687212,21.0
-1,-89.74844449593115,15.390793555555556,43.0,45.69600000000002,44.05244449593113,23.0
-1,-95.13279657793896,14.80320127777778,41.0,52.51200000000002,42.62079657793893,22.0
-1,-103.50843522450566,14.807750902777787,44.0,50.49600000000002,53.01243522450565,24.0
-1,-111.73209150990556,16.84879354629627,48.0,59.32800000000003,52.40409150990553,22.0
-1,-80.46303206639082,18.53667070370367,33.0,41.280000000000015,39.18303206639081,20.0
-1,-103.67053136331508,17.086786027777702,44.0,56.44800000000002,47.22253136331508,23.0
-1,-99.20528083001038,12.346816638888876,32.0,41.568000000000005,57.637280830010376,25.0
-1,-83.15579333657456,15.9500271898148,37.0,46.08000000000001,37.07579333657456,17.0
-1,-85.85702462845597,14.689983328703685,39.0,42.91200000000001,42.94502462845596,21.0
-1,-81.9278217914647,10.406184009259285,33.0,34.08,47.847821791464696,23.0
-1,-103.47756814401524,19.9375816064814,54.0,65.18400000000003,38.29356814401522,19.0
-1,-122.46140671235278,18.71893474999993,48.0,64.41600000000003,58.045406712352765,22.0
-1,-139.8284143818097,18.816568671296263,70.0,84.76800000000006,55.06041438180961,21.0
-1,-81.88186548011113,14.769499254629636,37.0,38.97600000000001,42.90586548011112,22.0
-1,-90.91670938305252,13.381737865740726,38.0,51.744000000000014,39.17270938305251,21.0
-1,-98.47990044493238,21.174421606481427,45.0,60.96000000000002,37.51990044493237,16.0
-1,-96.48046745860906,16.523231412037,46.0,50.01600000000002,46.46446745860904,22.0
-1,-87.09350995369388,17.027082958333324,37.0,48.09600000000002,38.99750995369387,19.0
-1,-117.8720059962868,22.45426853703697,51.0,64.99200000000003,52.88000599628675,18.0
-1,-83.45293066385219,11.167307398148145,38.0,50.20800000000001,33.24493066385217,18.0
-1,-107.95718887250564,19.390011111111058,51.0,61.44000000000003,46.51718887250562,19.0
-1,-83.81100335090844,18.679324652777755,39.0,47.61600000000002,36.19500335090842,17.0
-1,-90.8382872860746,14.11478376388887,40.0,53.37600000000002,37.46228728607458,22.0
-1,-91.73781472173852,25.008768361111063,53.0,55.872000000000014,35.8658147217385,16.0
-1,-101.38607415850228,11.40571506944444,37.0,49.92000000000002,51.466074158502266,24.0
-1,-84.17408602413629,27.900508870370334,52.0,58.94400000000003,25.230086024136256,11.0
-1,-85.45219154980887,11.715856254629635,38.0,50.97600000000001,34.47619154980887,21.0
-1,-99.9078411522658,15.754504157407418,45.0,47.808000000000014,52.09984115226579,23.0
-1,-93.6857021818187,13.300414347222228,42.0,54.240000000000016,39.44570218181868,21.0
-1,-82.68596965881248,21.57125373611105,40.0,44.92800000000002,37.75796965881246,15.0
-1,-99.15928891963895,17.489932412036996,42.0,54.72000000000002,44.439288919638926,21.0
-1,-92.8827544162917,16.01514276388888,35.0,45.88800000000001,46.99475441629169,23.0
-1,-111.30352550692515,14.887871740740742,46.0,58.36800000000002,52.93552550692514,24.0
-1,-89.62997079741456,21.2649036018518,43.0,52.512000000000015,37.11797079741454,16.0
-1,-76.9676286289635,11.098996430555536,38.0,52.704000000000015,24.263628628963477,16.0
-1,-80.10169011868467,13.017485055555548,38.0,46.84800000000001,33.25369011868466,19.0
-1,-88.8219856296851,17.367888606481426,38.0,52.99200000000002,35.82998562968508,19.0
-1,-99.06342753133602,12.952130638888883,41.0,51.840000000000025,47.22342753133599,23.0
-1,-80.52475837063415,22.37306196296292,51.0,50.97600000000002,29.54875837063412,15.0
-1,-81.85514023231556,11.649666898148151,36.0,42.62400000000001,39.23114023231555,21.0
-1,-73.83349858314341,14.801285277777794,32.0,43.39200000000002,30.441498583143392,19.0
-1,-81.17952283850038,16.453008898148113,45.0,50.49600000000002,30.683522838500352,12.0
-1,-89.20062493164733,17.834429652777754,49.0,51.26400000000002,37.93662493164732,19.0
-1,-92.96563195493768,15.319271583333345,32.0,40.89600000000001,52.06963195493768,22.0
-1,-90.8340489601342,14.356759513888894,38.0,44.54400000000002,46.29004896013419,24.0
-1,-90.20156567472834,19.96809993518516,48.0,52.128000000000014,38.07356567472833,16.0
-1,-87.04989320205857,17.741314194444424,42.0,49.92000000000002,37.12989320205854,17.0
-1,-80.98996362304723,12.646966310185183,27.0,34.08,46.90996362304723,24.0
-1,-87.22279295645431,13.329535055555557,41.0,50.78400000000002,36.43879295645429,20.0
-1,-94.68386170487338,23.629934787036976,53.0,61.92000000000004,32.763861704873335,16.0
-1,-118.5493832015666,21.66124957870362,56.0,71.23200000000003,47.317383201566585,21.0
-1,-85.89800383326047,10.634167018518529,30.0,40.32000000000001,45.57800383326047,22.0
-1,-122.96356096058926,15.077319189814782,51.0,73.92000000000004,49.043560960589225,22.0
-1,-96.63460829599327,19.159912092592528,46.0,53.18400000000002,43.45060829599327,16.0
-1,-91.92028413348018,15.683127287037026,35.0,48.67200000000001,43.24828413348017,20.0
-1,-108.65636401444269,17.02958749999996,42.0,54.52800000000002,54.12836401444265,22.0
-1,-120.2518824539514,23.51024423148141,61.0,72.28800000000004,47.96388245395137,18.0
-1,-61.90117806329148,25.79024971296295,47.0,45.696000000000026,16.20517806329146,7.0
-1,-91.63721356128292,16.99665508333333,43.0,45.60000000000001,46.03721356128291,20.0
-1,-95.47308415355982,14.75842684722218,33.0,45.40800000000001,50.06508415355982,25.0
-1,-91.513240186035,9.721036949074088,31.0,36.192,55.321240186035,26.0
-1,-94.53243145681016,13.20510454629628,35.0,46.08000000000001,48.45243145681016,25.0
-1,-99.44373293638267,11.254911115740754,35.0,40.22400000000001,59.21973293638268,23.0
-1,-121.89859987360242,17.64811931944438,54.0,65.56800000000004,56.33059987360237,22.0
-1,-91.33891657700882,15.53023574999998,35.0,40.032,51.30691657700881,22.0
-1,-88.81897890615008,17.53747028240741,39.0,43.10400000000002,45.71497890615005,19.0
-1,-85.3466449603275,15.613353722222206,41.0,46.46400000000002,38.88264496032748,21.0
-1,-83.97409292365413,12.83695383796296,30.0,36.672,47.30209292365412,22.0
-1,-96.67870099579444,21.119141106481397,53.0,58.65600000000003,38.0227009957944,20.0
-1,-90.6577826097847,17.796214138888857,50.0,51.55200000000002,39.10578260978468,19.0
-1,-105.94679261962946,19.96609940740736,48.0,68.06400000000004,37.88279261962944,19.0
-1,-123.40926812673176,14.137123134259268,41.0,54.14400000000002,69.26526812673174,25.0
-1,-119.53615467535772,16.449332768518495,50.0,67.68000000000004,51.856154675357686,25.0
-1,-115.23519097448067,20.118315763888823,54.0,61.53600000000003,53.69919097448065,21.0
-1,-80.48849657721502,19.739280009259268,42.0,40.60800000000001,39.88049657721501,19.0
-1,-104.40717243622085,15.639204379629613,45.0,51.16800000000002,53.239172436220805,24.0
-1,-113.78809770217632,19.047796518518453,46.0,56.25600000000003,57.53209770217628,22.0
-1,-98.1046718283324,16.255659907407388,38.0,53.37600000000002,44.72867182833236,22.0
-1,-111.09668320796548,13.537489828703686,46.0,68.64000000000003,42.45668320796543,25.0
-1,-103.72084456119408,22.081000546296256,47.0,53.08800000000002,50.63284456119404,18.0
-1,-107.43928478332614,17.890912902777714,46.0,55.48800000000003,51.95128478332612,24.0
-1,-74.88978415885035,14.855517337962947,37.0,46.27200000000001,28.61778415885034,15.0
-1,-97.11392913754996,19.728238236111054,39.0,47.616000000000014,49.49792913754996,19.0
-1,-86.80413088112839,14.994364291666656,44.0,55.68000000000003,31.12413088112836,17.0
-1,-107.62548206153473,14.491618430555544,42.0,54.52800000000003,53.0974820615347,24.0
-1,-78.08151744969783,16.636154759259245,46.0,44.73600000000001,33.34551744969782,18.0
-1,-81.86513726341389,18.143572708333338,42.0,43.96800000000002,37.89713726341387,18.0
-1,-91.10174184034685,15.575681439814812,38.0,43.00800000000001,48.09374184034683,23.0
-1,-103.3185380999246,11.803263791666662,38.0,48.192000000000014,55.1265380999246,27.0
-1,-101.33941095918482,17.687275162037036,48.0,50.88000000000002,50.45941095918479,22.0
-1,-84.34955813078187,9.127275430555562,31.0,45.792000000000016,38.55755813078186,21.0
-1,-102.78535151801309,15.939219111111113,48.0,60.672000000000025,42.11335151801306,19.0
-1,-83.74628838461072,15.44363873611109,36.0,43.77600000000001,39.970288384610704,22.0
-1,-120.77604719568764,18.397101587962908,52.0,63.55200000000004,57.22404719568762,22.0
-1,-118.64899819211271,13.622796879629629,46.0,64.99200000000003,53.65699819211269,24.0
-1,-94.09610358977316,25.655853194444408,58.0,63.84000000000004,30.25610358977312,15.0
-1,-111.076123902985,17.251972555555522,46.0,50.112000000000016,60.96412390298498,23.0
-1,-109.90832419236138,18.57265096296292,47.0,55.10400000000001,54.80432419236136,23.0
-1,-108.56505269167164,20.62873427314809,52.0,60.672000000000025,47.89305269167163,20.0
-1,-112.93226392641996,21.179669259259217,47.0,54.62400000000002,58.30826392641993,20.0
-1,-92.85192699819709,17.706911449074052,42.0,47.13600000000002,45.715926998197055,19.0
-1,-111.79289829688884,20.73228169444436,48.0,60.288000000000025,51.504898296888825,21.0
-1,-112.1979895514506,17.81674465740735,41.0,49.152000000000015,63.04598955145059,22.0
-1,-94.57706021285506,14.0739505,47.0,48.86400000000002,45.71306021285505,24.0
-1,-94.07052255444324,18.258169805555493,51.0,51.07200000000002,42.99852255444323,22.0
-1,-141.19961740798357,18.571830467592516,66.0,86.30400000000006,54.89561740798351,23.0
-1,-93.24597590736042,19.910592925925865,46.0,53.376000000000026,39.8699759073604,21.0
-1,-80.98841270183267,15.546070763888888,32.0,34.272000000000006,46.71641270183267,22.0
-1,-111.3012512063376,14.84430078703704,43.0,57.88800000000003,53.41325120633757,24.0
-1,-81.34181185803286,14.248740490740742,37.0,45.50400000000001,35.83781185803285,22.0
-1,-113.37449247834738,16.434812837962916,55.0,63.55200000000003,49.82249247834735,22.0
-1,-87.07125506426286,16.37590313888887,41.0,47.90400000000002,39.16725506426284,20.0
-1,-199.610883686108,18.83189437499996,74.0,110.11200000000008,89.4988836861079,26.0
-1,-71.99320010746001,11.594373555555547,36.0,44.44800000000001,27.54520010746001,16.0
-1,-79.31132068777865,12.47197790277778,40.0,45.69600000000002,33.61532068777863,21.0
-1,-106.49860485222354,24.39276358796287,48.0,55.29600000000002,51.20260485222352,19.0
-1,-89.69593265749903,19.969332819444432,40.0,41.856000000000016,47.83993265749901,19.0
-1,-89.27296148659804,15.707709865740712,41.0,51.07200000000002,38.20096148659801,21.0
-1,-85.70546102433359,13.361979555555546,40.0,49.44000000000002,36.26546102433357,17.0
-1,-119.06893973299204,16.30324014351848,48.0,61.440000000000026,57.62893973299202,24.0
-1,-64.02636052141511,11.660095421296296,38.0,41.76000000000002,22.2663605214151,18.0
-1,-69.08634630809503,12.08473901851852,32.0,34.75200000000001,34.33434630809502,19.0
-1,-175.55982590394834,23.707961134259165,79.0,110.97600000000008,64.58382590394827,20.0
-1,-124.22215788549248,14.814055847222225,42.0,53.28000000000002,70.94215788549248,24.0
-1,-76.61474588484165,16.622194291666663,40.0,46.84800000000001,29.76674588484164,17.0
-1,-69.87749955158715,8.977768064814825,33.0,40.608,29.269499551587145,20.0
-1,-71.89252851927318,10.335562472222236,31.0,37.440000000000005,34.45252851927319,24.0
-1,-125.58971559494526,15.380451046296276,52.0,73.34400000000004,52.24571559494522,23.0
-1,-80.17209396156846,19.591499212962912,41.0,46.84800000000002,33.32409396156845,18.0
-1,-117.65904755905072,19.397613972222118,50.0,69.98400000000002,47.67504755905069,19.0
-1,-100.91766800909711,12.44271289814815,39.0,46.46400000000001,54.45366800909711,25.0
-1,-93.301468256839,14.323171902777784,42.0,48.28800000000002,45.01346825683898,23.0
-1,-70.57668863851765,13.357955148148145,43.0,49.344000000000015,21.23268863851764,16.0
-1,-68.49941930138829,16.913622773148106,34.0,41.28000000000001,27.219419301388285,14.0
-1,-76.89836173207024,14.565317754629614,29.0,37.152,39.74636173207024,21.0
-1,-87.28158165005553,20.10479730555553,52.0,57.88800000000002,29.393581650055506,15.0
-1,-93.48634591560972,13.352631249999993,35.0,42.72000000000001,50.766345915609705,23.0
-1,-87.69352607609999,13.487413134259263,42.0,44.448000000000015,43.24552607609997,23.0
-1,-108.79477308087236,13.60190136574074,59.0,71.52000000000004,37.27477308087232,20.0
-1,-87.64229083704674,17.66337490740738,40.0,45.12000000000001,42.52229083704674,21.0
-1,-112.93682183868135,17.547801925925867,46.0,62.68800000000002,50.248821838681344,24.0
-1,-90.4648999457578,16.14524543055555,36.0,48.28800000000002,42.176899945757775,18.0
-1,-104.13903331912158,19.14392139814809,44.0,54.62400000000002,49.51503331912156,19.0
-1,-101.36572414317394,11.877685152777772,43.0,59.80800000000003,41.5577241431739,23.0
-1,-79.6881676373951,16.231536087962947,35.0,46.65600000000001,33.032167637395084,17.0
-1,-99.41625922824934,19.928488953703667,41.0,54.81600000000002,44.60025922824932,19.0
-1,-74.6815096240708,9.702815208333332,29.0,36.096,38.5855096240708,19.0
-1,-71.2835240826806,12.965698101851856,30.0,34.36800000000001,36.91552408268059,20.0
-1,-107.64486764658442,16.09148626851849,40.0,51.07200000000002,56.5728676465844,24.0
-1,-104.1616553276076,18.605156439814788,58.0,59.52000000000002,44.641655327607566,20.0
-1,-89.88004335520866,19.745930412036977,38.0,43.488000000000014,46.39204335520864,21.0
-1,-125.79716343813124,19.549457310185115,59.0,74.30400000000004,51.493163438131205,24.0
-1,-104.27857913751686,15.142708486111092,34.0,41.28000000000001,62.99857913751684,24.0
-1,-91.6758371819612,17.535805129629566,41.0,47.90400000000002,43.77183718196117,21.0
-1,-95.09337025972448,16.23597364351849,41.0,49.05600000000002,46.03737025972445,21.0
-1,-93.22582610509409,13.495969356481472,38.0,45.31200000000001,47.91382610509407,24.0
-1,-91.19781224731294,12.217214013888876,32.0,43.104000000000006,48.09381224731293,23.0
-1,-72.72055216377073,20.61416878240739,40.0,41.37600000000001,31.34455216377072,17.0
-1,-86.78932197166976,23.464280717592548,56.0,53.47200000000003,33.317321971669735,18.0
-1,-112.07931985063772,13.647337800925918,47.0,65.28000000000003,46.799319850637694,18.0
-1,-111.91605257098747,13.143820902777772,49.0,66.62400000000004,45.29205257098744,21.0
-1,-81.90393021802782,16.865029564814797,36.0,44.64000000000001,37.26393021802781,21.0
-1,-117.47823009234467,16.91591820370365,47.0,56.928000000000026,60.55023009234467,23.0
-1,-107.21546553904088,19.268172865740706,45.0,56.160000000000025,51.05546553904086,21.0
-1,-100.85903055764814,15.945103092592586,38.0,45.02400000000001,55.83503055764813,24.0
-1,-83.0116700353837,12.706099842592597,38.0,48.480000000000025,34.53167003538367,21.0
-1,-142.6814593080715,17.198674120370292,51.0,68.16000000000003,74.52145930807147,26.0
-1,-91.44541460972464,19.477847166666635,48.0,52.032000000000025,39.41341460972463,19.0
-1,-113.35421124176916,15.307472486111104,44.0,55.39200000000002,57.96221124176915,22.0
-1,-84.60753007732143,17.10361671759257,40.0,47.80800000000002,36.79953007732141,20.0
-1,-81.12856691164048,11.934703050925926,41.0,54.72000000000002,26.408566911640456,13.0
-1,-88.60839351560347,21.47871967129627,48.0,56.640000000000015,31.968393515603456,16.0
-1,-76.15045682729502,13.79495688888887,38.0,43.77600000000001,32.374456827295,19.0
-1,-81.35306932879593,15.981091513888876,38.0,53.18400000000002,28.1690693287959,17.0
-1,-90.4864111161988,14.124653777777768,38.0,46.08000000000001,44.4064111161988,22.0
-1,-85.39023589935749,17.346352171296267,38.0,42.81600000000002,42.57423589935748,17.0
-1,-84.0790325788395,17.12075873611108,43.0,51.45600000000002,32.623032578839485,18.0
-1,-75.05910479274604,12.970382069444431,35.0,38.016,37.04310479274605,22.0
-1,-72.86840469943962,17.288105458333344,36.0,42.52800000000001,30.34040469943961,14.0
-1,-94.17675004919484,21.82351207870366,47.0,49.53600000000002,44.64075004919483,18.0
-1,-108.4687016268202,21.15977937499991,53.0,63.74400000000004,44.72470162682016,17.0
-1,-95.80116702645918,19.805777736111065,53.0,61.24800000000003,34.55316702645914,17.0
-1,-111.8256497379098,17.512022273148094,49.0,64.80000000000003,47.02564973790976,19.0
-1,-76.30330562913042,15.971356898148136,42.0,48.67200000000002,27.63130562913041,12.0
-1,-95.45983707290095,17.797715152777716,45.0,58.94400000000002,36.515837072900936,19.0
-1,-91.48410780891248,16.827727972222196,42.0,51.07200000000002,40.41210780891246,20.0
-1,-81.27708257218707,16.742432476851835,40.0,52.22400000000002,29.05308257218705,16.0
-1,-79.57343487365782,14.496511398148142,29.0,37.056,42.51743487365781,20.0
-1,-90.5744932364306,15.006403962962942,42.0,54.62400000000002,35.950493236430574,16.0
-1,-85.55611644884328,12.223049481481487,32.0,37.34400000000001,48.21211644884327,24.0
-1,-96.56765942793118,12.495681921296296,39.0,45.50400000000001,51.06365942793116,24.0
-1,-76.40221127982025,12.138764476851856,45.0,51.36000000000003,25.04221127982023,19.0
-1,-80.45921729162637,17.20507578240737,37.0,45.12000000000001,35.33921729162637,17.0
-1,-66.48242039916153,11.548270421296277,31.0,41.47200000000001,25.010420399161525,14.0
-1,-93.87996887018384,14.71479636574074,37.0,44.256000000000014,49.62396887018382,20.0
-1,-128.26878616932197,16.964774004629557,60.0,72.67200000000004,55.59678616932194,25.0
-1,-82.1831652276573,11.738753504629615,38.0,53.184000000000026,28.99916522765728,20.0
-1,-79.38411665096794,11.66704131018519,38.0,45.50400000000002,33.88011665096791,21.0
-1,-103.924134511338,11.224341074074056,34.0,49.536000000000016,54.38813451133797,26.0
-1,-88.3479169007166,18.399561541666635,33.0,39.072,49.2759169007166,21.0
-1,-71.36372541376147,14.17317088888888,34.0,38.11200000000001,33.25172541376147,21.0
-1,-141.6179941423285,16.333532736111074,50.0,75.84000000000003,65.77799414232848,24.0
-1,-92.72991802725277,19.93673293518513,44.0,47.616000000000014,45.11391802725274,20.0
-1,-109.5302982098786,14.338455189814804,42.0,62.88000000000003,46.65029820987856,19.0
-1,-105.78311444991164,17.74960872222215,43.0,53.95200000000003,51.83111444991162,24.0
-1,-129.44891348718454,16.675225513888833,50.0,71.52000000000004,57.92891348718452,21.0
-1,-139.59290702157352,17.79528490740734,42.0,59.04000000000003,80.5529070215735,23.0
-1,-92.78047852946254,15.206139486111104,43.0,59.04000000000002,33.74047852946252,17.0
-1,-80.81880838701781,14.045582152777763,33.0,44.83200000000001,35.986808387017795,19.0
-1,-89.96066075104596,13.802733023148145,43.0,55.20000000000002,34.76066075104595,19.0
-1,-93.38830568412396,13.842567486111104,41.0,44.92800000000001,48.46030568412395,21.0
-1,-88.6946316695893,17.412790699074073,46.0,56.928000000000026,31.766631669589277,16.0
-1,-79.4754124838272,13.920357958333316,43.0,45.50400000000002,33.97141248382718,17.0
-1,-102.80394036926288,17.477327222222197,45.0,53.37600000000002,49.42794036926285,23.0
-1,-137.01248014100324,13.295472152777773,51.0,63.26400000000004,73.7484801410032,27.0
-1,-117.21638537229514,13.558442828703708,47.0,60.86400000000003,56.3523853722951,24.0
-1,-128.8203413714354,14.189535365740731,57.0,67.20000000000003,61.62034137143536,26.0
-1,-94.00223817897798,9.729286629629636,31.0,37.824000000000005,56.17823817897797,27.0
-1,-106.46983300139418,18.07618025925921,51.0,66.43200000000003,40.03783300139415,17.0
-1,-98.45362586112638,16.355101861111088,40.0,48.000000000000014,50.45362586112637,24.0
-1,-88.33383018207074,10.146594800925936,32.0,40.70400000000001,47.629830182070734,24.0
-1,-108.22794070585978,17.745024064814768,44.0,52.99200000000002,55.23594070585976,23.0
-1,-82.05406024958302,15.146715249999996,38.0,42.33600000000001,39.718060249583,19.0
-1,-112.28237329424375,14.545811620370385,45.0,54.72000000000002,57.56237329424373,25.0
-1,-149.7975003183205,16.537221976851814,51.0,79.68000000000005,70.11750031832044,25.0
-1,-120.12205772339745,18.174022925925847,57.0,69.88800000000003,50.23405772339741,18.0
-1,-75.02768847693744,12.812389212962955,43.0,46.08000000000001,28.947688476937422,17.0
-1,-84.23963397887277,14.52152059722223,38.0,42.528000000000006,41.71163397887276,21.0
-1,-99.74246465793556,14.38927560648146,42.0,48.192000000000014,51.55046465793554,24.0
-1,-90.94619469215372,13.547544578703684,39.0,51.936000000000014,39.010194692153696,21.0
-1,-104.4604559587728,17.012011611111063,50.0,62.88000000000003,41.58045595877276,19.0
-1,-92.89259180277467,20.97379273148145,50.0,56.832000000000015,36.060591802774674,16.0
-1,-104.2940865684682,14.276503874999998,46.0,59.42400000000003,44.87008656846817,24.0
-1,-107.98576786873603,13.302914541666643,45.0,54.52800000000002,53.45776786873603,24.0
-1,-78.8859071099171,13.020260356481502,34.0,44.64000000000001,34.24590710991709,18.0
-1,-88.96203885015875,13.775869865740738,45.0,61.34400000000003,27.618038850158715,17.0
-1,-81.17637845905406,21.90026523148144,50.0,51.45600000000002,29.720378459054047,14.0
-1,-89.18960264678691,9.911242027777783,31.0,47.616000000000014,41.573602646786895,23.0
-1,-95.21060181866238,17.565996106481442,47.0,56.06400000000004,39.146601818662354,19.0
-1,-91.98300994588742,16.61501912499999,48.0,49.24800000000002,42.7350099458874,20.0
-1,-83.14669416198296,15.860711351851831,38.0,47.23200000000001,35.91469416198296,18.0
-1,-86.37000719048271,14.712135703703694,35.0,46.75200000000002,39.618007190482686,21.0
-1,-92.92082926580116,15.253409175925892,40.0,49.344000000000015,43.57682926580115,18.0
-1,-107.18075699106272,15.14498156944444,47.0,55.10400000000003,52.07675699106268,21.0
-1,-89.22968240931793,16.133671930555575,37.0,41.37600000000001,47.85368240931792,22.0
-1,-94.99285324594952,17.4405026898148,43.0,57.21600000000002,37.77685324594951,17.0
-1,-73.85558100118737,8.780887773148152,43.0,51.36000000000003,22.495581001187357,14.0
-1,-93.0521367437226,20.56361454629625,47.0,61.53600000000003,31.516136743722576,12.0
-1,-160.45682377085538,21.175395907407346,82.0,112.51200000000009,47.94482377085529,20.0
-1,-86.32843856875309,14.723610597222216,43.0,44.54400000000002,41.78443856875308,22.0
-1,-99.03811777841288,17.09436456018514,44.0,52.70400000000002,46.334117778412846,22.0
-1,-85.32974416855285,16.282618958333316,43.0,52.896000000000015,32.43374416855284,17.0
-1,-101.43111689795752,21.58361860185181,48.0,49.72800000000002,51.7031168979575,18.0
-1,-94.6849095511301,15.37703527314817,37.0,49.15200000000001,45.532909551130096,21.0
-1,-94.97577426949692,18.20807795833332,38.0,43.104,51.87177426949693,22.0
-1,-74.97343438554765,15.216396490740712,29.0,39.36000000000001,35.61343438554764,18.0
-1,-112.83525185692356,17.292833305555508,49.0,64.12800000000003,48.707251856923534,19.0
-1,-91.44174346665224,17.0220681851852,39.0,48.960000000000015,42.48174346665221,19.0
-1,-64.04377619108314,16.091361847222224,34.0,37.05600000000001,26.987776191083128,14.0
-1,-121.71865790265988,15.4590795833333,50.0,67.77600000000002,53.942657902659846,22.0
-1,-80.80370687877365,17.270456393518515,48.0,47.71200000000002,33.091706878773635,19.0
-1,-78.89219892110306,17.338641694444423,44.0,44.064000000000014,34.828198921103045,19.0
-1,-120.24484616992244,17.524074564814768,46.0,58.17600000000002,62.0688461699224,24.0
-1,-126.4494727168817,18.59219529629624,54.0,72.09600000000003,54.35347271688168,20.0
-1,-89.5168101032333,15.07785703703704,37.0,40.99200000000001,48.52481010323329,22.0
-1,-123.79000780316704,15.41242454166666,50.0,64.51200000000003,59.27800780316701,24.0
-1,-95.09827957854095,19.10992617129626,40.0,44.44800000000001,50.65027957854095,21.0
-1,-107.72691279957289,15.59227779629628,49.0,63.45600000000003,44.27091279957285,23.0
-1,-87.69924919497906,16.51197681944443,40.0,51.84000000000002,35.85924919497904,19.0
-1,-82.29528407585013,15.943792717592556,43.0,49.53600000000002,32.75928407585011,15.0
-1,-117.23089928936562,16.853674333333284,47.0,59.61600000000003,57.6148992893656,21.0
-1,-78.94270659698061,10.97734799999999,39.0,46.08000000000001,32.8627065969806,22.0
-1,-77.37296634482459,20.498503930555486,45.0,54.62400000000003,22.748966344824552,13.0
-1,-85.23616102796151,17.245464953703678,39.0,50.68800000000002,34.5481610279615,20.0
-1,-88.1434481501991,13.57484166203702,47.0,53.568000000000026,34.57544815019908,22.0
-1,-75.25477816888458,11.132276689814812,30.0,41.28000000000001,33.974778168884576,20.0
-1,-86.68987664971255,19.336887009259215,53.0,66.24000000000002,20.44987664971252,13.0
-1,-79.88793173538487,13.915137555555557,46.0,57.69600000000002,22.19193173538485,13.0
